timestamp_sec,odom_linear_x,odom_angular_z,cmd_linear_x,cmd_angular_z,scan_min,scan_mean,scan_std,scan_front_min,scan_left_min,scan_right_min,traj_cross_track_error,traj_heading_error,traj_goal_distance
1776515298.2307887,nan,nan,nan,nan,nan,nan,nan,nan,nan,nan,nan,nan,nan
1776515298.3379054,nan,nan,nan,nan,nan,nan,nan,nan,nan,nan,nan,nan,nan
1776515298.443979,nan,nan,nan,nan,nan,nan,nan,nan,nan,nan,nan,nan,nan
1776515298.5562484,nan,nan,nan,nan,nan,nan,nan,nan,nan,nan,nan,nan,nan
1776515298.671399,nan,nan,nan,nan,nan,nan,nan,nan,nan,nan,nan,nan,nan
1776515298.780954,nan,nan,nan,nan,nan,nan,nan,nan,nan,nan,nan,nan,nan
1776515298.8975935,nan,nan,nan,nan,nan,nan,nan,nan,nan,nan,nan,nan,nan
1776515299.049122,nan,nan,nan,nan,nan,nan,nan,nan,nan,nan,nan,nan,nan
1776515299.174629,nan,nan,nan,nan,nan,nan,nan,nan,nan,nan,nan,nan,nan
1776515299.2894533,nan,nan,nan,nan,nan,nan,nan,nan,nan,nan,nan,nan,nan
1776515299.4006412,nan,nan,nan,nan,nan,nan,nan,nan,nan,nan,nan,nan,nan
1776515299.5118062,nan,nan,nan,nan,nan,nan,nan,nan,nan,nan,nan,nan,nan
1776515299.6257935,nan,nan,nan,nan,nan,nan,nan,nan,nan,nan,nan,nan,nan
1776515299.7372813,nan,nan,nan,nan,nan,nan,nan,nan,nan,nan,nan,nan,nan
1776515299.843099,nan,nan,nan,nan,nan,nan,nan,nan,nan,nan,nan,nan,nan
1776515299.967926,nan,nan,nan,nan,nan,nan,nan,nan,nan,nan,nan,nan,nan
1776515300.1166773,0.7952372315615421,0.34495697271787934,nan,nan,nan,nan,nan,nan,nan,nan,nan,nan,nan
1776515300.3120039,0.7898268562777593,0.33990417476989954,nan,nan,0.920753002166748,2.645566782832256,2.5111800937537345,1.6268415451049805,0.920753002166748,1.484660029411316,nan,nan,nan
1776515300.44475,0.7874197052784123,0.3413636588317972,nan,nan,0.9297037124633789,2.640213361666447,2.5156990793027307,1.620559811592102,0.9297037124633789,1.4728622436523438,nan,nan,nan
1776515300.567879,0.7928589873855331,0.36622778262466343,nan,nan,0.9363134503364563,2.6270979812143027,2.4974715527068003,1.611220359802246,0.9363134503364563,1.4602171182632446,nan,nan,nan
1776515301.0310917,0.7934157160810854,0.3695844634640701,0.8,0.4923804496171447,0.9588001370429993,2.619043576287297,2.501492588895323,1.611922264099121,0.9588001370429993,1.4467403888702393,nan,nan,nan
1776515301.1533303,0.7935453291825614,0.375914469760892,0.8,0.41782222909828703,0.9598336219787598,2.6067271983039038,2.4884143554861446,1.6161308288574219,0.9598336219787598,1.427457571029663,nan,nan,nan
1776515301.264948,0.7938992099668385,0.4172277855342311,0.8,0.36007775783868556,0.969840943813324,2.605714902571238,2.497132566753082,1.6278297901153564,0.969840943813324,1.4319761991500854,nan,nan,nan
1776515301.3834517,0.7904306758964165,0.3946310347611642,0.8,0.4233342525878079,0.9889317154884338,2.602766133314145,2.49585308205004,1.622797966003418,0.9889317154884338,1.4114866256713867,nan,nan,nan
1776515301.49478,0.79157714522749,0.31810369977007497,0.8,0.3866481637921959,1.0013208389282227,2.600072196520224,2.498965245182762,1.6324483156204224,1.0013208389282227,1.4079219102859497,nan,nan,nan
1776515301.6189685,0.795537591699199,0.33456039866701487,0.8,0.35554325328976955,1.0018129348754883,2.598744195661095,2.4975966115571797,1.6386170387268066,1.0018129348754883,1.403037428855896,nan,nan,nan
1776515301.7296731,0.7966160034398825,0.3364397182005553,0.8,0.3494167838646609,1.0018129348754883,2.598744195661095,2.4975966115571797,1.6386170387268066,1.0018129348754883,1.403037428855896,nan,nan,nan
1776515301.8349931,0.7965973526157418,0.3057872469713421,0.8,0.30057642213588376,1.0097885131835938,2.597950971314027,2.49166196916885,1.6385586261749268,1.0097885131835938,1.3776216506958008,nan,nan,nan
1776515301.946053,0.7946573424461179,0.25624545778780816,0.8,0.2664227562074102,1.0097885131835938,2.597950971314027,2.49166196916885,1.6385586261749268,1.0097885131835938,1.3776216506958008,nan,nan,nan
1776515302.06374,0.7881214071127414,0.25055646821423483,0.8,0.2535328722905324,1.0261644124984741,2.602990005217031,2.495563395226176,1.6255463361740112,1.0261644124984741,1.3786343336105347,nan,nan,nan
1776515302.1746557,0.7921400677342918,0.23169258202676157,0.8,0.28408564603527925,1.0314284563064575,2.596496674112431,2.4796395510547162,1.6271060705184937,1.0314284563064575,1.3690975904464722,nan,nan,nan
1776515302.2888997,0.7957667864517094,0.20952357460690524,0.8,0.2577502507359124,1.0314284563064575,2.596496674112431,2.4796395510547162,1.6271060705184937,1.0314284563064575,1.3690975904464722,nan,nan,nan
1776515302.4098735,0.7963883487202177,0.2320428911184025,0.8,0.2239267263835625,1.039962887763977,2.6021084419342237,2.485308543344619,1.641304850578308,1.039962887763977,1.3689789772033691,nan,nan,nan
1776515302.5219283,0.7967584927083716,0.20853531492300106,0.8,0.20569576699985456,1.0348448753356934,2.609666527144673,2.4918150886998474,1.6460506916046143,1.0348448753356934,1.3541172742843628,nan,nan,nan
1776515302.6381714,0.7941897289136468,0.15566374702292324,0.8,0.240986664027195,1.0461822748184204,2.6099394416500306,2.4885899114672787,1.6471725702285767,1.0461822748184204,1.3546806573867798,nan,nan,nan
1776515302.75202,0.7978415418927066,0.18052121582737218,0.8,0.20790751094458323,1.055355191230774,2.612456928349335,2.4796932603295416,1.6551936864852905,1.055355191230774,1.3499449491500854,nan,nan,nan
1776515302.8666723,0.7960620335627352,0.1782432875538969,0.8,0.17921585284949065,1.0626381635665894,2.6179345541812005,2.4766849176899655,1.631621241569519,1.0626381635665894,1.3431318998336792,nan,nan,nan
1776515302.9756737,0.7968780220247708,0.15399646803159203,0.8,0.19536694976262978,1.0626381635665894,2.6179345541812005,2.4766849176899655,1.631621241569519,1.0626381635665894,1.3431318998336792,nan,nan,nan
1776515303.0914252,0.798436759225446,0.12391415079098407,0.8,0.17860699150924395,1.0683743953704834,2.6199962090387263,2.4694544572747352,1.6525118350982666,1.0683743953704834,1.3308299779891968,nan,nan,nan
1776515303.2126775,0.7906001010892357,0.11964460973385627,0.8,0.16436247320771,1.0715306997299194,2.6337729968151264,2.486334549337483,1.649767518043518,1.0715306997299194,1.3270705938339233,nan,nan,nan
1776515303.33093,0.796776308370501,0.12304431805743342,0.8,0.19503524731934632,1.0715306997299194,2.6337729968151264,2.486334549337483,1.649767518043518,1.0715306997299194,1.3270705938339233,nan,nan,nan
1776515303.4436011,0.7972415103994569,0.14547774523909682,0.8,0.16134170257353578,1.0798370838165283,2.6411444888304607,2.4837633342521603,1.6372966766357422,1.0798370838165283,1.328157901763916,nan,nan,nan
1776515303.5543127,0.8017747445142989,0.09540152631035267,0.8,0.13847555914026016,1.084782361984253,2.6442735127891024,2.4718527720415078,1.631014347076416,1.084782361984253,1.3175729513168335,nan,nan,nan
1776515303.6807501,0.8000954288908866,0.007057632181596135,0.8,0.13101824059073475,1.0952457189559937,2.6522164356918054,2.474639414350893,1.6337611675262451,1.0952457189559937,1.2996503114700317,nan,nan,nan
1776515303.7946239,0.7800569963139365,-0.0712930514850129,0.8,0.1789255563444462,1.1046639680862427,2.655936487949523,2.459559473878557,1.6393680572509766,1.1046639680862427,1.303015112876892,nan,nan,nan
1776515303.9419436,0.8045182029829092,0.08514974144252427,0.8,0.14735722634284834,1.1093069314956665,2.655163770577733,2.4464819523279147,1.6274210214614868,1.1093069314956665,1.2886691093444824,nan,nan,nan
1776515304.0549867,0.8006190048027998,0.08684111341404314,0.8,0.1738612945129242,1.1057095527648926,2.6611445917231853,2.4467081617420177,1.6218167543411255,1.1057095527648926,1.2910048961639404,nan,nan,nan
1776515304.184213,0.8016572768979097,0.07333035781136334,0.8,0.16877217491299576,1.1224565505981445,2.665318724956918,2.440041412319235,1.615549921989441,1.1224565505981445,1.2875429391860962,nan,nan,nan
1776515304.2995605,0.7938251716857397,0.012823334093623148,0.8,0.1619862577658297,1.1224565505981445,2.665318724956918,2.440041412319235,1.615549921989441,1.1224565505981445,1.2875429391860962,nan,nan,nan
1776515304.416585,0.7860107988845622,0.015632076789385645,0.8,0.1608222059785181,1.1236728429794312,2.665952065937173,2.423459231167479,1.6208529472351074,1.1236728429794312,1.273913860321045,0.09433152655074908,0.21865207736282855,13.434139690319839
1776515304.4683309,0.7927170154689124,0.057272166788949794,0.8,0.15513486039878882,1.1337212324142456,2.668121071351446,2.412621111121888,1.613980770111084,1.1337212324142456,1.2778311967849731,0.08281727130002912,0.18219127527402065,13.302297793793961
1776515304.5100324,0.7975816890202739,0.10710502000808911,0.8,0.15173599299761717,1.132364273071289,2.6724063406158223,2.4023862209048343,1.6059116125106812,1.132364273071289,1.2689388990402222,0.08470517535090646,0.16399311252188187,13.213471426602341
1776515304.5590932,0.7991693470249323,0.10191350037299733,0.8,0.1497579316333868,1.132364273071289,2.6724063406158223,2.4023862209048343,1.6059116125106812,1.132364273071289,1.2689388990402222,0.10598694891921226,0.10317570856610353,12.801165995296124
1776515304.6100326,0.7991693470249323,0.10191350037299733,0.8,0.14324593059479057,1.132364273071289,2.6724063406158223,2.4023862209048343,1.6059116125106812,1.132364273071289,1.2689388990402222,0.10932088761309477,0.03922858054066375,12.711098854770876
1776515304.6619954,0.7995745238765872,0.09558846261796844,0.8,0.14324593059479057,1.1410610675811768,2.6727283339496015,2.3831597478201316,1.6174399852752686,1.1410610675811768,1.2621142864227295,0.11139077255610977,0.037167809501056887,12.695960654253414
1776515304.7091348,0.7997525270794297,0.08982132699168698,0.8,0.13467755049306077,1.1410610675811768,2.6727283339496015,2.3831597478201316,1.6174399852752686,1.1410610675811768,1.2621142864227295,0.10964964668588537,0.03519671560283841,12.680811076342799
1776515304.7601163,0.7999578015266104,0.08677296250786165,0.8,0.13467755049306077,1.1410610675811768,2.6727283339496015,2.3831597478201316,1.6174399852752686,1.1410610675811768,1.2621142864227295,0.10796236789851468,0.03325200866612907,12.665652303025674
1776515304.8097143,0.7997980333463951,0.06482851802958314,0.8,0.129118258758543,1.1354502439498901,2.6789247111850707,2.379876662810885,1.604649543762207,1.1354502439498901,1.2557578086853027,0.10650255969468328,0.03154151484893178,12.650484150199881
1776515304.859009,0.7948469155174184,0.0005724817290487662,0.8,0.1319179670450547,1.1354502439498901,2.6789247111850707,2.379876662810885,1.604649543762207,1.1354502439498901,1.2557578086853027,0.10563019342641403,0.030508056227605135,12.635362476650275
1776515304.909312,0.786135404849674,-0.06916970840353591,0.7992450245989041,0.13246821496389583,1.1510343551635742,2.684592418600077,2.3721458172976284,1.5943846702575684,1.1510343551635742,1.2541701793670654,0.1063621166425057,0.03141364588259679,12.62031870074068
1776515304.9590008,0.7794087956114236,-0.040986561628595104,0.7935830324582623,0.12976447654942155,1.1510343551635742,2.684592418600077,2.3721458172976284,1.5943846702575684,1.1510343551635742,1.2541701793670654,0.10698975453230944,0.03218660287381456,12.605568756117021
1776515305.0110147,0.7883482685766563,0.00358152522629973,0.7935830324582623,0.12976447654942155,1.1510343551635742,2.684592418600077,2.3721458172976284,1.5943846702575684,1.1510343551635742,1.2541701793670654,0.11035531894965259,0.03234496877778448,12.590716157453311
1776515305.0600283,0.7915498961543843,0.09178967758087891,0.8,0.13921985165270914,1.1510343551635742,2.684592418600077,2.3721458172976284,1.5943846702575684,1.1510343551635742,1.2541701793670654,0.10926799124945796,0.031089157396492567,12.575759815692418
1776515305.1139972,0.7915498961543843,0.09178967758087891,0.8,0.1445621137148277,1.1490145921707153,2.6903056134568883,2.3540994208583883,1.5985500812530518,1.1490145921707153,1.2556008100509644,0.10926799124945796,0.031089157396492567,12.575759815692418
1776515305.1592095,0.7997413388371132,0.09152389062129801,0.8,0.13808676962167227,1.1490145921707153,2.6903056134568883,2.3540994208583883,1.5985500812530518,1.1490145921707153,1.2556008100509644,0.1057291767607973,0.026931158063710492,12.545462635658565
1776515305.2102196,0.7997423388000515,0.08583701606545595,0.8,0.13256831223881224,1.1534066200256348,2.697603088964697,2.35256807531168,1.5928467512130737,1.1534066200256348,1.2406554222106934,0.1057291767607973,0.026931158063710492,12.545462635658565
1776515305.2589693,0.7997408520134087,0.07808615329930955,0.7983624561472573,0.11851129219121394,1.1534066200256348,2.697603088964697,2.35256807531168,1.5928467512130737,1.1534066200256348,1.2406554222106934,0.10271089813517228,0.02324155546753562,12.515092888331116
1776515305.3089259,0.7953191930749343,0.045874610037526437,0.7978373572565073,0.11371617725266195,1.1534066200256348,2.697603088964697,2.35256807531168,1.5928467512130737,1.1534066200256348,1.2406554222106934,0.10374118073642358,0.021798253167092385,12.499941548695245
1776515305.358991,0.7953191930749343,0.045874610037526437,0.7941402632104045,0.11643875214105918,1.1678575277328491,2.700049143053667,2.328486596821613,1.595770001411438,1.1678575277328491,1.2272672653198242,0.10374118073642358,0.021798253167092385,12.499941548695245
1776515305.4274514,0.7914247199412678,-0.04791338000789773,0.781795299810111,0.10437724540406912,1.1678575277328491,2.700049143053667,2.328486596821613,1.595770001411438,1.1678575277328491,1.2272672653198242,0.10340439256732595,0.021427350721797633,12.484886498720238
1776515305.4591155,0.7828644376981991,-0.0918374198189923,0.781795299810111,0.10437724540406912,1.1678575277328491,2.700049143053667,2.328486596821613,1.595770001411438,1.1678575277328491,1.2272672653198242,0.1047630598632526,0.023015700356527835,12.469886719123728
1776515305.5131145,0.7260214235510771,0.07943218542512155,0.7750901038426495,0.1094563226987624,1.164089560508728,2.706293077517394,2.319729132507289,1.5938334465026855,1.164089560508728,1.23109769821167,0.10645471849480717,0.02238003780322559,12.447205577057137
1776515305.5611856,0.7260214235510771,0.07943218542512155,0.7437695026681178,0.12684350540566652,1.164089560508728,2.706293077517394,2.319729132507289,1.5938334465026855,1.164089560508728,1.23109769821167,0.10645471849480717,0.02238003780322559,12.447205577057137
1776515305.6176362,0.7507575532468058,0.0489353329347236,0.7585451017489634,0.12273334643952488,1.164089560508728,2.706293077517394,2.319729132507289,1.5938334465026855,1.164089560508728,1.23109769821167,0.10544987617435611,0.02116802086466288,12.433133101864712
1776515305.6651113,0.7613740727835459,0.2716933013757703,0.7708762458071274,0.11238020541661245,1.1741658449172974,2.7124156864785576,2.308563954938625,1.5916718244552612,1.1741658449172974,1.237466812133789,0.10263728204014608,0.017658810518015905,12.418831144935398
1776515305.7127016,0.7649093701475533,0.1476540758191175,0.7730858082773602,0.10888074200393401,1.1741658449172974,2.7124156864785576,2.308563954938625,1.5916718244552612,1.1741658449172974,1.237466812133789,0.10088563126693686,0.01374817626278288,12.404326922729439
1776515305.7640145,0.7707329991028611,0.08230309651562706,0.7730858082773602,0.10888074200393401,1.1741658449172974,2.7124156864785576,2.308563954938625,1.5916718244552612,1.1741658449172974,1.237466812133789,0.09916381866357293,0.011780220079244647,12.38965539228723
1776515305.810251,0.7732598976779069,0.08283377008788022,0.7747279313281933,0.10315487950932362,1.17221999168396,2.7238904091078964,2.3107131907187775,1.6807465553283691,1.17221999168396,1.2262823581695557,0.09757103385261295,0.009923127621122657,12.374939660106362
1776515305.8606594,0.7728067061525742,0.06914854268600139,0.7826855924189235,0.06136201467843849,1.17221999168396,2.7238904091078964,2.3107131907187775,1.6807465553283691,1.17221999168396,1.2262823581695557,0.09612641909004402,0.008206121596003646,12.360209384646375
1776515305.9089453,0.7783859540303946,0.025446880354576925,0.7817161914991113,0.05664148299155081,1.1811989545822144,2.733461636619144,2.303155768787905,1.8231251239776611,1.1811989545822144,1.220591425895691,0.09513626834263067,0.0070137589122907795,12.345350521006603
1776515305.9622543,0.7763652120324102,-0.051941524423913796,0.8,-0.004209891940303634,1.1811989545822144,2.733461636619144,2.303155768787905,1.8231251239776611,1.1811989545822144,1.220591425895691,0.09515453435866689,0.007043990268742889,12.330532624086189
1776515306.0091472,0.7825028679850816,-0.012374766203429612,0.8,-0.0037901938620224784,1.1811989545822144,2.733461636619144,2.303155768787905,1.8231251239776611,1.1811989545822144,1.220591425895691,0.0964740223745014,0.007728606700064783,12.315670386645849
1776515306.0647826,0.7889374266176112,-0.03623209701226641,0.8,8.558140126968539e-05,1.18035089969635,2.741761106787513,2.2967293722329916,1.896992802619934,1.18035089969635,1.211534023284912,0.09668316604916935,0.007960125360839038,12.300711747733827
1776515306.113663,0.7999151785419125,-0.021045322541579512,0.8,-0.02660023660315075,1.18035089969635,2.741761106787513,2.2967293722329916,1.896992802619934,1.18035089969635,1.211534023284912,0.09694162666202152,0.00825000149669558,12.285543308835518
1776515306.1600819,0.7998993297167832,-0.010120536648711511,0.8,-0.0262365250343862,1.185353398323059,2.7479765396444584,2.2739453174454956,2.0074076652526855,1.185353398323059,1.212104320526123,0.09702649328632484,0.008349737596079904,12.27031108911581
1776515306.2090492,0.8001487317471129,-0.031021296515404355,0.8,-0.05988682142370283,1.185353398323059,2.7479765396444584,2.2739453174454956,2.0074076652526855,1.185353398323059,1.212104320526123,0.09734321742869861,0.008728961551198733,12.255074511309209
1776515306.2609844,0.8009643326701557,-0.06878586378311126,0.8,-0.05867467545638641,1.185353398323059,2.7479765396444584,2.2739453174454956,2.0074076652526855,1.185353398323059,1.212104320526123,0.09809521486400205,0.009645462645517522,12.239840023189371
1776515306.3089893,0.8009643326701557,-0.06878586378311126,0.8,-0.05596798578748102,1.1895140409469604,2.7588436287051543,2.265410640097298,2.0713605880737305,1.1895140409469604,1.2106518745422363,0.09809521486400205,0.009645462645517522,12.239840023189371
1776515306.3597808,0.8003023508416602,-0.06335718251037106,0.8,-0.07486173845942196,1.1895140409469604,2.7588436287051543,2.265410640097298,2.0713605880737305,1.1895140409469604,1.2106518745422363,0.10077647074481641,0.011560848031467008,12.20937424472127
1776515306.4096627,0.7956557496138208,-0.0991466969968166,0.8,-0.06890950488950531,1.1895140409469604,2.7588436287051543,2.265410640097298,2.0713605880737305,1.1895140409469604,1.2106518745422363,0.10192442967049894,0.012877531384016955,12.194198629779239
1776515306.4631693,0.7956557496138208,-0.0991466969968166,0.8,-0.06470694270847235,1.1918649673461914,2.7734735104687007,2.2690750937781936,2.0441956520080566,1.1918649673461914,1.2074408531188965,0.10192442967049894,0.012877531384016955,12.194198629779239
1776515306.5099428,0.7955222195384272,-0.11840243274733482,0.8,-0.05064217908259938,1.1918649673461914,2.7734735104687007,2.2690750937781936,2.0441956520080566,1.1918649673461914,1.2074408531188965,0.10366004609936422,0.014903688089221268,12.179101317270188
1776515306.5594852,0.7973060605728255,-0.10789910160587902,0.8,-0.05064217908259938,1.1918649673461914,2.7734735104687007,2.2690750937781936,2.0441956520080566,1.1918649673461914,1.2074408531188965,0.10366004609936422,0.014903688089221268,12.179101317270188
1776515306.6109207,0.7924327898605312,-0.1054806317413082,0.8,-0.044889884420062476,1.201459288597107,2.790182803208689,2.2690157652132497,1.9968875646591187,1.2147319316864014,1.201459288597107,0.10692228405509904,0.01881897229714241,12.148926374851682
1776515306.6590106,0.7922438128347151,-0.1058560028776267,0.8,-0.03918267270494333,1.201459288597107,2.790182803208689,2.2690157652132497,1.9968875646591187,1.2147319316864014,1.201459288597107,0.10845188079928453,0.020708987292463593,12.133912439540971
1776515306.7116876,0.7908461014747358,-0.10999964310037312,0.8,-0.03388873191318184,1.201459288597107,2.790182803208689,2.2690157652132497,1.9968875646591187,1.2147319316864014,1.201459288597107,0.1122329651841889,0.022626740390061406,12.118915710808492
1776515306.7599328,0.7889410998031134,-0.11150054723489103,0.8,-0.014159656827435085,1.196292757987976,2.799437126442859,2.252619192707456,2.0007164478302,1.209244966506958,1.196292757987976,0.11406511430579222,0.024722792639481433,12.103979468642478
1776515306.8091743,0.7914895979773264,-0.08551783894437301,0.8,-0.007845136771070738,1.196292757987976,2.799437126442859,2.252619192707456,2.0007164478302,1.209244966506958,1.196292757987976,0.11552839116277885,0.026425065982238816,12.089038529188887
1776515306.8596258,0.7944794517087451,-0.060396810532977074,0.8,-0.0029793225462182715,1.1835445165634155,2.8185666153322866,2.2595592233603075,1.9651813507080078,1.2327603101730347,1.1835445165634155,0.11659173206835405,0.027687204980090974,12.074044624184108
1776515306.912125,0.7951900366866466,-0.053783252585207816,0.8,-0.007006567267832969,1.1835445165634155,2.8185666153322866,2.2595592233603075,1.9651813507080078,1.2327603101730347,1.1835445165634155,0.1173546461549389,0.028609933491986234,12.059031060776482
1776515306.9589581,0.7963284727953228,-0.03958560461476028,0.8,-0.005248310408271367,1.1745249032974243,2.8374103927479974,2.262864019724081,1.936500072479248,1.228487491607666,1.1745249032974243,0.11786785814425851,0.029221606457428384,12.043995152314082
1776515307.0100105,0.7973936577336754,-0.08626884200840558,0.8,0.006035256047946136,1.1745249032974243,2.8374103927479974,2.262864019724081,1.936500072479248,1.228487491607666,1.1745249032974243,0.12176145811435263,-0.09759660389578259,12.028971204496674
1776515307.0610387,0.797475178264547,-0.08770721433011772,0.8,-0.03418608334785214,1.1745249032974243,2.8374103927479974,2.262864019724081,1.936500072479248,1.228487491607666,1.1745249032974243,0.12313208048599764,-0.09603890291651163,12.013896688462369
1776515307.1120226,0.7931035094507878,-0.0822110480601114,0.8,-0.029493053435277472,1.1813229322433472,2.8580791345908616,2.2790542653704136,1.9266794919967651,1.2393970489501953,1.1813229322433472,0.12427194913781142,-0.09471762917774221,11.998930974216597
1776515307.1589272,0.7921817614861887,-0.08638606883539837,0.8,-0.0268261780967938,1.1813229322433472,2.8580791345908616,2.2790542653704136,1.9266794919967651,1.2393970489501953,1.1813229322433472,0.1254986293544954,-0.09327170569985244,11.984003937439335
1776515307.2106745,0.7919902699414358,-0.08604265878065501,0.8,-0.022552860112647455,1.1813229322433472,2.8580791345908616,2.2790542653704136,1.9266794919967651,1.2393970489501953,1.1813229322433472,0.12672403698315693,-0.09179890321028406,11.969090855485847
1776515307.2600174,0.7917886563722598,-0.08368747531167937,0.8,-0.018309076034077554,1.1772255897521973,2.880691574085211,2.2881774201348146,1.9122905731201172,1.2592828273773193,1.1772255897521973,0.12794492747866684,-0.0903006274287319,11.954196821857192
1776515307.313249,0.7943133472771374,-0.06548383543863008,0.8,-0.023966091583734472,1.1772255897521973,2.880691574085211,2.2881774201348146,1.9122905731201172,1.2592828273773193,1.1772255897521973,0.12900758977324736,-0.0889679979701131,11.93929031685039
1776515307.363994,0.7998401100818594,-0.024391613859510882,0.8,-0.16781132728559534,1.1772255897521973,2.880691574085211,2.2881774201348146,1.9122905731201172,1.2592828273773193,1.1772255897521973,0.12094383796792879,-0.393418832890561,11.924309143648923
1776515307.4130187,0.7995626738652651,-0.02729635854267192,0.8,-0.18949742272772585,1.1723755598068237,2.9113220527809487,2.3126002799982874,1.8998770713806152,1.2883418798446655,1.1723755598068237,0.12124398003290057,-0.3930627468094104,11.909286125574488
1776515307.4589124,0.8008783530351273,-0.0758927098401769,0.8,-0.18836751932797519,1.163652777671814,2.9340704238381683,2.3438356034162466,1.8739947080612183,1.3053075075149536,1.163652777671814,0.12202039162125672,-0.3921385751158727,11.894187393823282
1776515307.5146756,0.7881146081489594,-0.08781544635179292,0.8,-0.200359856724189,1.163652777671814,2.9340704238381683,2.3438356034162466,1.8739947080612183,1.3053075075149536,1.163652777671814,0.12355963988292679,-0.39028441854387813,11.879236444252573
1776515307.5628293,0.7889232789344323,-0.0874275175178997,0.8,-0.19457680185646992,1.163652777671814,2.9340704238381683,2.3438356034162466,1.8739947080612183,1.3053075075149536,1.163652777671814,0.12476306375858529,-0.38881213518657154,11.864521866545793
1776515307.6105444,0.802517191567693,-0.08014869039541428,0.8,-0.19043385519989964,1.163652777671814,2.9340704238381683,2.3438356034162466,1.8739947080612183,1.3053075075149536,1.163652777671814,0.12592138585558976,-0.3873689414164798,11.84965430455495
1776515307.6621532,0.8092537779998057,-0.07541618048524824,0.8,-0.21892140811550753,1.1604359149932861,2.9831425631961594,2.4258220736166334,1.8660597801208496,1.323813557624817,1.1604359149932861,0.08936585889495974,-0.38598127768423024,11.834561949942488
1776515307.7139885,0.8130215132459154,-0.07136053882540215,0.8,-0.32401906861002916,1.1604359149932861,2.9831425631961594,2.4258220736166334,1.8660597801208496,1.323813557624817,1.1604359149932861,0.09054506590435887,-0.3846143928830658,11.819377017297402
1776515307.759684,0.8130215132459154,-0.07136053882540215,0.8,-0.3201000576769807,1.1538444757461548,3.029962273464503,2.5280584943758058,1.8249012231826782,1.3353010416030884,1.1538444757461548,0.09054506590435887,-0.3846143928830658,11.819377017297402
1776515307.8131242,0.812800241716635,-0.07030865152422122,0.8,-0.34135080591450284,1.1538444757461548,3.029962273464503,2.5280584943758058,1.8249012231826782,1.3353010416030884,1.1538444757461548,0.0916452314431059,-0.3833119417402798,11.804187767890452
1776515307.8630068,0.8217581317775317,-0.08259123710561489,0.8,-0.3372884201281078,1.1538444757461548,3.029962273464503,2.5280584943758058,1.8249012231826782,1.3353010416030884,1.1538444757461548,0.09290332717448707,-0.38179356230695694,11.788864993445316
1776515307.909983,0.8224706846197349,-0.08995738749021825,0.8,-0.3328042640421168,1.1530828475952148,3.100108014445521,2.7315742732560535,1.81533944606781,1.3575646877288818,1.1530828475952148,0.09419925622520017,-0.3802029192148659,11.77350984640933
1776515307.9637413,0.8192555799307232,-0.10512826683399099,0.8,-0.40655144676717636,1.1530828475952148,3.100108014445521,2.7315742732560535,1.81533944606781,1.3575646877288818,1.1530828475952148,0.05871024223063495,-0.37837644675331095,11.758215674897897
1776515308.0102856,0.8143953382271876,-0.11465667833373952,0.8,-0.5079884650007124,1.1530828475952148,3.100108014445521,2.7315742732560535,1.81533944606781,1.3575646877288818,1.1530828475952148,0.06035435235284295,-0.3764858894203492,11.742961805122857
1776515308.063797,0.7622153660625209,-0.051117169568818725,0.8,-0.5021737787492828,1.140169382095337,3.169778326724438,2.913895713739486,1.7995848655700684,1.3806345462799072,1.140169382095337,0.06165972046231041,-0.37495999555978654,11.728391754857572
1776515308.1123888,0.7622153660625209,-0.051117169568818725,0.781908699623137,-0.5676217511966805,1.140169382095337,3.169778326724438,2.913895713739486,1.7995848655700684,1.3806345462799072,1.140169382095337,0.06165972046231041,-0.37495999555978654,11.728391754857572
1776515308.1634533,0.7712005457568255,-0.006603842138867992,0.7821245942533376,-0.5663090314054567,1.140169382095337,3.169778326724438,2.913895713739486,1.7995848655700684,1.3806345462799072,1.140169382095337,0.06209528960357602,-0.3744520958414167,11.700114432545298
1776515308.2090025,0.7712005457568255,-0.006603842138867992,0.788570224576172,-0.5663916339201686,1.1318989992141724,3.232504785116021,3.0708111143169856,1.7859463691711426,1.4132379293441772,1.1318989992141724,0.06209528960357602,-0.3744520958414167,11.700114432545298
1776515308.2603066,0.8070085630144325,-0.015735334659502664,0.8,-0.6361577768710576,1.1318989992141724,3.232504785116021,3.0708111143169856,1.7859463691711426,1.4132379293441772,1.1318989992141724,0.06207991242083302,-0.37446861491746986,11.68547928870001
1776515308.3091156,0.835344113803655,-0.05031944528778375,0.8,-0.7409547100195868,1.126562237739563,3.2754092259499674,3.1794811117427475,1.7606364488601685,1.4246045351028442,1.126562237739563,0.025981643490519873,-0.37392119030424176,11.670097933738191
1776515308.3599923,0.8469962317305035,-0.07977038772715912,0.8,-0.7707845755989166,1.126562237739563,3.2754092259499674,3.1794811117427475,1.7606364488601685,1.4246045351028442,1.126562237739563,0.027107429544870942,-0.37263116642222205,11.654400154376349
1776515308.4104333,0.8621312552760585,-0.08954373373925308,0.8,-0.76675666774818,1.126562237739563,3.2754092259499674,3.1794811117427475,1.7606364488601685,1.4246045351028442,1.126562237739563,0.028426600998560342,-0.37108509918607135,11.638415664180837
1776515308.4626732,0.8659952270849868,-0.0801881559680205,0.8,-0.76675666774818,1.1154075860977173,3.3008259373831597,3.2371321061424103,1.7421969175338745,1.4480090141296387,1.1154075860977173,0.029714629525134012,-0.3695448392644016,11.62237465000961
1776515308.509025,0.8678614862027462,-0.07608132241909658,0.8,-0.7955648566623744,1.1154075860977173,3.3008259373831597,3.2371321061424103,1.7421969175338745,1.4480090141296387,1.1154075860977173,0.030875309929896566,-0.36814574184347426,11.606328664954543
1776515308.5591593,0.867702884967271,-0.07384815873475756,0.8,-0.7916125743350545,1.1154075860977173,3.3008259373831597,3.2371321061424103,1.7421969175338745,1.4480090141296387,1.1154075860977173,-0.003838344407753491,-0.366718475268915,11.590247083761104
1776515308.6144903,0.8649065509025339,-0.08282862144908099,0.8,-0.9171843250328199,1.1140321493148804,3.2968668728157065,3.244186662388979,1.7216130495071411,1.4877352714538574,1.1140321493148804,-0.0027822017053031334,-0.36552250581688206,11.574256626805493
1776515308.6646466,0.8766193974951081,-0.06642043486777977,0.8,-0.9138764763874333,1.1140321493148804,3.2968668728157065,3.244186662388979,1.7216130495071411,1.4877352714538574,1.1140321493148804,-0.0016425111891924526,-0.3641958996333223,11.55818706884078
1776515308.7090857,0.882947906086126,-0.06931194225888625,0.8,-0.9099378182435621,1.1055587530136108,3.2923828940166575,3.243222751928233,1.698056936264038,1.4967730045318604,1.1055587530136108,-0.0005916775689143172,-0.36295049287112224,11.541917294234617
1776515308.761262,0.881507747357006,-0.07849469970285203,0.8,-0.9104729159482124,1.1055587530136108,3.2923828940166575,3.243222751928233,1.698056936264038,1.4967730045318604,1.1055587530136108,0.00048335752925587894,-0.361646769650576,11.525632968193893
1776515308.8100145,0.881507747357006,-0.07849469970285203,0.8,-0.906655702863615,1.1055587530136108,3.2923828940166575,3.243222751928233,1.698056936264038,1.4967730045318604,1.1055587530136108,0.00048335752925587894,-0.361646769650576,11.525632968193893
1776515308.8591657,0.8800052451920267,-0.08559617817801882,0.8,-0.906655702863615,1.1055587530136108,3.2923828940166575,3.243222751928233,1.698056936264038,1.4967730045318604,1.1055587530136108,-0.03353654216287706,-0.3601345102973337,11.50940170614828
1776515308.9136608,0.8808321178069609,-0.07543303603485493,0.8,-1.0040540195225707,1.0955257415771484,3.284532445983463,3.2393911338687706,1.6703027486801147,1.5304958820343018,1.0955257415771484,-0.032256305025374354,-0.3586828360096906,11.493198428003101
1776515308.9590209,0.8894389364828498,-0.08082754852397875,0.8,-1.0209086923048947,1.0955257415771484,3.284532445983463,3.2393911338687706,1.6703027486801147,1.5304958820343018,1.0955257415771484,-0.031036701198177155,-0.35727122175378295,11.476838965039109
1776515309.0121553,0.8910071375883782,-0.07587561800099102,0.8,-1.016997511401637,1.094123125076294,3.279129574521618,3.2386626600258652,1.6565096378326416,1.5424445867538452,1.094123125076294,-0.0299200147183261,-0.35595341485385323,11.460455533462028
1776515309.0591702,0.8802831438185724,-0.0737990375429578,0.8,-1.0187982530173216,1.094123125076294,3.279129574521618,3.2386626600258652,1.6565096378326416,1.5424445867538452,1.094123125076294,-0.028919587626975482,-0.35474844651049486,11.444180149884943
1776515309.1090252,0.8802831438185724,-0.0737990375429578,0.8,-1.0149315558025842,1.094123125076294,3.279129574521618,3.2386626600258652,1.6565096378326416,1.5424445867538452,1.094123125076294,-0.028919587626975482,-0.35474844651049486,11.444180149884943
1776515309.1591394,0.8840140284151679,-0.060265476951127966,0.8,-1.0119348729589261,1.094123125076294,3.279129574521618,3.2386626600258652,1.6565096378326416,1.5424445867538452,1.094123125076294,-0.02801845140212446,-0.3536401951520581,11.428026401864903
1776515309.2184386,0.8840140284151679,-0.060265476951127966,0.8,-1.0119348729589261,1.0831983089447021,3.273018788894385,3.241253717411953,1.6322340965270996,1.5508685111999512,1.0831983089447021,-0.02801845140212446,-0.3536401951520581,11.428026401864903
1776515309.2599533,0.8926756048671909,-0.06460427963856853,0.8,-1.01844210911085,1.0831983089447021,3.273018788894385,3.241253717411953,1.6322340965270996,1.5508685111999512,1.0831983089447021,-0.0617411120497532,-0.3526222084351599,11.411735090955618
1776515309.3090005,0.8926756048671909,-0.06460427963856853,0.8,-1.1155528333249345,1.0831983089447021,3.273018788894385,3.241253717411953,1.6322340965270996,1.5508685111999512,1.0831983089447021,-0.0617411120497532,-0.3526222084351599,11.411735090955618
1776515309.3630214,0.8935117211440069,-0.061973275846574895,0.8,-1.1155528333249345,1.0831983089447021,3.273018788894385,3.241253717411953,1.6322340965270996,1.5508685111999512,1.0831983089447021,-0.06085442550945458,-0.35160606423700214,11.395347882469874
1776515309.4094005,0.8890490816206399,-0.07215610711533578,0.8,-1.112504741946105,1.0831983089447021,3.273018788894385,3.241253717411953,1.6322340965270996,1.5508685111999512,1.0831983089447021,-0.059879165640364926,-0.3504617030954966,11.379032881034151
1776515309.463048,0.9044558076964413,-0.05753827062220541,0.8,-1.075902720105733,1.0841667652130127,3.2640954189891622,3.2363202992942655,1.5966225862503052,1.5239726305007935,1.0841667652130127,-0.05882840572373073,-0.3492061236420267,11.362550010416667
1776515309.5089326,0.8976832436749077,-0.09044228050712987,0.8,-1.0728315169296998,1.0841667652130127,3.2640954189891622,3.2363202992942655,1.5966225862503052,1.5239726305007935,1.0841667652130127,-0.05777170814921338,-0.347904893220633,11.346090734827758
1776515309.5607042,0.8963898053809221,-0.07607358935348124,0.8,-1.068820813886437,1.0624308586120605,3.2542388637676822,3.2282470471646296,1.5825005769729614,1.5177372694015503,1.0624308586120605,-0.09036685769335107,-0.3462120406724596,11.329721410735065
1776515309.6099806,0.8963898053809221,-0.07607358935348124,0.8,-1.1650885983110033,1.0624308586120605,3.2542388637676822,3.2282470471646296,1.5825005769729614,1.5177372694015503,1.0624308586120605,-0.09036685769335107,-0.3462120406724596,11.329721410735065
1776515309.6594408,0.8967182956835578,-0.08047706725356246,0.8,-1.1650885983110033,1.0624308586120605,3.2542388637676822,3.2282470471646296,1.5825005769729614,1.5177372694015503,1.0624308586120605,-0.08915956366457974,-0.34482571160213027,11.313345736279693
1776515309.7152762,0.8864776734565363,-0.07719270155975287,0.8,-1.1609297941369405,1.0624308586120605,3.2542388637676822,3.2282470471646296,1.5825005769729614,1.5177372694015503,1.0624308586120605,-0.08803056142330085,-0.3435235815310941,11.297117558675101
1776515309.759348,0.8864776734565363,-0.07719270155975287,0.8,-1.1266941445568777,1.0712579488754272,3.2495245899346887,3.236773759855317,1.5649060010910034,1.487054705619812,1.0712579488754272,-0.08803056142330085,-0.3435235815310941,11.297117558675101
1776515309.8128142,0.8945644096200676,-0.0703166180305531,0.8,-1.123363323654369,1.0712579488754272,3.2495245899346887,3.236773759855317,1.5649060010910034,1.487054705619812,1.0712579488754272,-0.08698457109690036,-0.3422784306038541,11.280932712824573
1776515309.8595624,0.9040300459914751,-0.0666557975946405,0.8,-1.123363323654369,1.0712579488754272,3.2495245899346887,3.236773759855317,1.5649060010910034,1.487054705619812,1.0712579488754272,-0.08601805172901027,-0.34110414568163533,11.264531444261054
1776515309.9090164,0.9037569774948121,-0.06702122264408143,0.8,-1.0997193877033138,1.0754823684692383,3.2388303019623312,3.2333037423396593,1.5458720922470093,1.4702732563018799,1.0754823684692383,-0.11843458014871949,-0.3399536437830937,11.248088312403219
1776515309.9590313,0.9049840224682968,-0.06036359328097575,0.8,-1.1927059797531472,1.0754823684692383,3.2388303019623312,3.2333037423396593,1.5458720922470093,1.4702732563018799,1.0754823684692383,-0.11749076642093374,-0.33888619473930753,11.231637079691506
1776515310.013787,0.9123140300407893,-0.06020059125669748,0.8,-1.1894951083721872,1.0721668004989624,3.2263649270889605,3.2259828804431,1.5248160362243652,1.4608858823776245,1.0721668004989624,-0.11653052508541477,-0.3377721702551625,11.215079552682797
1776515310.061732,0.9116279418660644,-0.06740490130066226,0.8,-1.1741155513461496,1.0721668004989624,3.2263649270889605,3.2259828804431,1.5248160362243652,1.4608858823776245,1.0721668004989624,-0.11562070512500998,-0.3366818272455968,11.198515413888812
1776515310.1090345,0.9116279418660644,-0.06740490130066226,0.8,-1.170891777823858,1.0721668004989624,3.2263649270889605,3.2259828804431,1.5248160362243652,1.4608858823776245,1.0721668004989624,-0.11562070512500998,-0.3366818272455968,11.198515413888812
1776515310.159492,0.9079255487086029,-0.06158761003931071,0.8,-1.167425999199117,1.0721668004989624,3.2263649270889605,3.2259828804431,1.5248160362243652,1.4608858823776245,1.0721668004989624,-0.11466478822407417,-0.3355122326363829,11.182012888589334
1776515310.2090902,0.9079255487086029,-0.06158761003931071,0.8,-1.167425999199117,1.0577391386032104,3.2123920003315787,3.2234817495919845,1.4972106218338013,1.432026982307434,1.0577391386032104,-0.11466478822407417,-0.3355122326363829,11.182012888589334
1776515310.2590225,0.8944404668134605,-0.048378916696323375,0.7776623378324709,-1.1444588801378552,1.0577391386032104,3.2123920003315787,3.2234817495919845,1.4972106218338013,1.432026982307434,1.0577391386032104,-0.11392700785918211,-0.3345984532193135,11.16566863771358
1776515310.3088732,0.8906149551316865,-0.0450670789055855,0.7698089469410273,-1.1440203876540398,1.0577391386032104,3.2123920003315787,3.2234817495919845,1.4972106218338013,1.432026982307434,1.0577391386032104,-0.14529491632697977,-0.3329247004939947,11.133647751463316
1776515310.3616674,0.8906149551316865,-0.0450670789055855,0.7722546849498073,-1.201695172815552,1.086746335029602,3.205453480756691,3.231405970610055,1.4826327562332153,1.4133021831512451,1.086746335029602,-0.14529491632697977,-0.3329247004939947,11.133647751463316
1776515310.4109893,0.8785916908483195,-0.04203989623281252,0.7645028823525302,-1.1991136625034446,1.086746335029602,3.205453480756691,3.231405970610055,1.4826327562332153,1.4133021831512451,1.086746335029602,-0.14468539632053268,-0.33220742083985644,11.117739407169863
1776515310.463937,0.8876463104881475,-0.037287054984936736,0.7645028823525302,-1.1991136625034446,1.086746335029602,3.205453480756691,3.231405970610055,1.4826327562332153,1.4133021831512451,1.086746335029602,-0.14417324868298093,-0.331594483646382,11.101723551982865
1776515310.5109923,0.8794048475552804,-0.03378074139183455,0.770295291675035,-1.1976118391233856,1.0893402099609375,3.1928824530388886,3.2344413141476838,1.4613841772079468,1.3821320533752441,1.0893402099609375,-0.1436843558949525,-0.33099434145083845,11.085826979772559
1776515310.559126,0.8794048475552804,-0.03378074139183455,0.7520892187833126,-1.1675398053142705,1.0893402099609375,3.1928824530388886,3.2344413141476838,1.4613841772079468,1.3821320533752441,1.0893402099609375,-0.1436843558949525,-0.33099434145083845,11.085826979772559
1776515310.6092963,0.886208055923762,-0.03381471214109366,0.7520892187833126,-1.1675398053142705,1.0893402099609375,3.1928824530388886,3.2344413141476838,1.4613841772079468,1.3821320533752441,1.0893402099609375,-0.14327784148571948,-0.33048306564540875,11.069842233670817
1776515310.659323,0.8614907426620312,-0.03536628283234308,0.7562999803473769,-1.1662928108751989,1.0893402099609375,3.1928824530388886,3.2344413141476838,1.4613841772079468,1.3821320533752441,1.0893402099609375,-0.17552484426251663,-0.3302610449299604,11.054169692793934
1776515310.7109668,0.8614907426620312,-0.03536628283234308,0.7360000413941316,-1.2582868818128277,1.0960685014724731,3.1761543658130376,3.234298765968478,1.4537701606750488,1.3682775497436523,1.0960685014724731,-0.17552484426251663,-0.3302610449299604,11.054169692793934
1776515310.764023,0.8742129711729075,-0.0051764965291384475,0.7339719425032732,-1.2451587358954828,1.0960685014724731,3.1761543658130376,3.234298765968478,1.4537701606750488,1.3682775497436523,1.0960685014724731,-0.17531838746462897,-0.33001771817522235,11.038464350053768
1776515310.808967,0.8672840029600921,-0.010121370730538959,0.7427699860454219,-1.2448826667319226,1.0960685014724731,3.1761543658130376,3.234298765968478,1.4537701606750488,1.3682775497436523,1.0960685014724731,-0.1753277850932019,-0.33004074241047654,11.022773484041247
1776515310.8591263,0.8672840029600921,-0.010121370730538959,0.7380124387393243,-1.2445536723612802,1.0960685014724731,3.1761543658130376,3.234298765968478,1.4537701606750488,1.3682775497436523,1.0960685014724731,-0.1753277850932019,-0.33004074241047654,11.022773484041247
1776515310.910945,0.856746808787128,-0.013980348029948474,0.7380124387393243,-1.2445536723612802,1.0906214714050293,3.1629358653554642,3.2299502421034876,1.4279297590255737,1.3475031852722168,1.0906214714050293,-0.1752764010479833,-0.32998171407683236,11.007315329922692
1776515310.9599855,0.856746808787128,-0.013980348029948474,0.7184093457432618,-1.2241252538682073,1.0906214714050293,3.1629358653554642,3.2299502421034876,1.4279297590255737,1.3475031852722168,1.0906214714050293,-0.1752764010479833,-0.32998171407683236,11.007315329922692
1776515311.009124,0.8611423802507966,0.0006602300040923164,0.7184093457432618,-1.2241252538682073,1.0906214714050293,3.1629358653554642,3.2299502421034876,1.4279297590255737,1.3475031852722168,1.0906214714050293,-0.17555606443840086,-0.3303297243832108,10.991819622194612
1776515311.0625067,0.8611423802507966,0.0006602300040923164,0.7214102348243463,-1.2251605253271718,1.0906214714050293,3.1629358653554642,3.2299502421034876,1.4279297590255737,1.3475031852722168,1.0906214714050293,-0.17555606443840086,-0.3303297243832108,10.991819622194612
1776515311.1118631,0.83565860056676,0.009162603924212104,0.7008542951388966,-1.3185055609010985,1.1030842065811157,3.1488806801080482,3.231490944940235,1.4013211727142334,1.3278323411941528,1.1030842065811157,-0.2082060852182834,-0.33056976187818804,10.976634261957651
1776515311.1610084,0.8263930382965646,0.026575073612325775,0.6893166393799561,-1.2919135850868777,1.1030842065811157,3.1488806801080482,3.231490944940235,1.4013211727142334,1.3278323411941528,1.1030842065811157,-0.208701490329594,-0.33113485558784367,10.961716810825848
1776515311.2100148,0.8390193197968816,0.04974929230251182,0.6893166393799561,-1.2919135850868777,1.1030842065811157,3.1488806801080482,3.231490944940235,1.4013211727142334,1.3278323411941528,1.1030842065811157,-0.20950530601843906,-0.3320767037651877,10.94669886140003
1776515311.259639,0.8288003017788816,0.06138983765332693,0.697775016268991,-1.295020819070908,1.1238535642623901,3.135134385207756,3.230484368404988,1.379884123802185,1.2992974519729614,1.1238535642623901,-0.20998556265997917,-0.3332506083504333,10.929023284580587
1776515311.3091633,0.8368248572668674,0.06616491010176946,0.6857153185582997,-1.2577902270518981,1.1238535642623901,3.135134385207756,3.230484368404988,1.379884123802185,1.2992974519729614,1.1238535642623901,-0.21023522095584896,-0.3346690449900315,10.908952166882973
1776515311.3592286,0.8368248572668674,0.06616491010176946,0.6907590402568928,-1.2592500973807592,1.1238535642623901,3.135134385207756,3.230484368404988,1.379884123802185,1.2992974519729614,1.1238535642623901,-0.21023522095584896,-0.3346690449900315,10.908952166882973
1776515311.4136212,0.8140497279631066,0.0706870986929464,0.6760052361614999,-1.262064072240594,1.1410759687423706,3.124399031454716,3.2289183384564852,1.3617814779281616,1.2874276638031006,1.1410759687423706,-0.21131475842296138,-0.33615375860199015,10.893661452023045
1776515311.4659913,0.8140497279631066,0.0706870986929464,0.6757129222921586,-1.2381071078476324,1.1410759687423706,3.124399031454716,3.2289183384564852,1.3617814779281616,1.2874276638031006,1.1410759687423706,-0.21131475842296138,-0.33615375860199015,10.893661452023045
1776515311.5125577,0.8197321382792819,0.05799645910457564,0.6744030441134587,-1.3373177850750184,1.1410759687423706,3.124399031454716,3.2289183384564852,1.3617814779281616,1.2874276638031006,1.1410759687423706,-0.245471485645135,-0.3375013447047305,10.878843366307553
1776515311.5622492,0.8003148422612013,0.05286367269036329,0.661540883552474,-1.3403084931356362,1.1410759687423706,3.124399031454716,3.2289183384564852,1.3617814779281616,1.2874276638031006,1.1410759687423706,-0.2465973515164679,-0.3388412211881282,10.864255006998807
1776515311.6090114,0.7998523091383054,0.06597997381589998,0.6613198347561849,-1.3439584825884374,1.148887038230896,3.1128655644504146,3.228405539616858,1.3343160152435303,1.2623536586761475,1.148887038230896,-0.24770400934654246,-0.34016512208105965,10.849860281146467
1776515311.664212,0.8036877257004807,0.06267512652210395,0.6512717208325149,-1.313315957391319,1.148887038230896,3.1128655644504146,3.228405539616858,1.3343160152435303,1.2623536586761475,1.148887038230896,-0.24875960963518318,-0.34145452636569285,10.835379151041964
1776515311.7294955,0.8025944490384495,0.061751719721681184,0.6533704315883867,-1.3169188261653906,1.148887038230896,3.1128655644504146,3.228405539616858,1.3343160152435303,1.2623536586761475,1.148887038230896,-0.24977431548500467,-0.3427240826595874,10.820869685933923
1776515311.7599819,0.8025944490384495,0.061751719721681184,0.6523784896167751,-1.320224952351607,1.168274998664856,3.103786610101352,3.23669626976379,1.3050049543380737,1.2435908317565918,1.168274998664856,-0.24977431548500467,-0.3427240826595874,10.820869685933923
1776515311.812045,0.7869633835648934,0.04585800383941278,0.6376043652409144,-1.2919475040509427,1.168274998664856,3.103786610101352,3.23669626976379,1.3050049543380737,1.2435908317565918,1.168274998664856,-0.2508027643457741,-0.34403619777908356,10.806565983876808
1776515311.8611279,0.79084210656278,0.06892028191031564,0.6376043652409144,-1.2919475040509427,1.168274998664856,3.103786610101352,3.23669626976379,1.3050049543380737,1.2435908317565918,1.168274998664856,-0.25171627194888013,-0.3452214911252045,10.7923002935195
1776515311.9181747,0.773698663115962,0.0668419342949585,0.6404547496642676,-1.2951628764829413,1.182513952255249,3.0860143850293014,3.227268076512863,1.2761189937591553,1.2324458360671997,1.182513952255249,-0.28671673619802807,-0.3465905396421304,10.778271430731836
1776515311.9660788,0.7789972429430002,0.065685608924446,0.6225518656612732,-1.3692156345439215,1.182513952255249,3.0860143850293014,3.227268076512863,1.2761189937591553,1.2324458360671997,1.182513952255249,-0.2878197944523755,-0.347920099443503,10.764218830166614
1776515312.0100448,0.7606381933123305,0.058725974309546,0.6256457920115011,-1.373032051867162,1.182513952255249,3.0860143850293014,3.227268076512863,1.2761189937591553,1.2324458360671997,1.182513952255249,-0.28877706502361283,-0.3490934032556835,10.750368540420736
1776515312.065112,0.7606381933123305,0.058725974309546,0.6134389421177832,-1.3755068139705924,1.182513952255249,3.0860143850293014,3.227268076512863,1.2761189937591553,1.2324458360671997,1.182513952255249,-0.28877706502361283,-0.3490934032556835,10.750368540420736
1776515312.1095033,0.7579743019080701,0.05708519474999162,0.6092230084584813,-1.3481342019144642,1.1968715190887451,3.074817954446297,3.226054810996086,1.2673370838165283,1.2085219621658325,1.1968715190887451,-0.2897193776130137,-0.3502704253869762,10.736559983269206
1776515312.159126,0.726971730943629,0.06835869460226626,0.6072202849601777,-1.3511406673087003,1.1968715190887451,3.074817954446297,3.226054810996086,1.2673370838165283,1.2085219621658325,1.1968715190887451,-0.29070190238799104,-0.35153154240260176,10.723175016575386
1776515312.208913,0.7154764162980933,0.09080234158581336,0.5874027540779327,-1.3533185389246079,1.186783790588379,3.0669094561207193,3.2351657052626677,1.2447868585586548,1.186783790588379,1.2161893844604492,-0.29202291208347053,-0.3532505253094581,10.710097237941842
1776515312.2589693,0.7012101858071293,0.08551821624766151,0.5841619890125946,-1.3253817268424837,1.186783790588379,3.0669094561207193,3.2351657052626677,1.2447868585586548,1.186783790588379,1.2161893844604492,-0.29334193909536266,-0.354999828024971,10.697277269425271
1776515312.3148944,0.6947241081353683,0.08141180969644701,0.5746042846445065,-1.3292922778193197,1.186783790588379,3.0669094561207193,3.2351657052626677,1.2447868585586548,1.186783790588379,1.2161893844604492,-0.3294760893141467,-0.35665122950774075,10.684640419119383
1776515312.358996,0.6954161285554972,0.07448844071545323,0.565500314997302,-1.43393461988846,1.170264482498169,3.056855700834276,3.229713344271773,1.2217848300933838,1.170264482498169,1.2295989990234375,-0.3307521142903677,-0.35820972304059895,10.672043511149273
1776515312.4089928,0.7059716135288204,0.06189719841426081,0.5692251053696417,-1.4084409530855413,1.170264482498169,3.056855700834276,3.229713344271773,1.2217848300933838,1.170264482498169,1.2295989990234375,-0.3318731163731135,-0.3596032375191892,10.659355926619375
1776515312.45892,0.7054014029334221,-0.006304324026123207,0.5753976372566938,-1.4125053172294697,1.1504290103912354,3.040608514799882,3.220565672389789,1.2179393768310547,1.1504290103912354,1.2476657629013062,-0.3324969032425029,-0.36037188376449425,10.646540905243219
1776515312.5101454,0.7059696508795233,0.024365282440427766,0.5832625075552235,-1.3860354375508868,1.1504290103912354,3.040608514799882,3.220565672389789,1.2179393768310547,1.1504290103912354,1.2476657629013062,-0.33301003978393373,-0.3609956255659179,10.633720695748158
1776515312.5593016,0.704428050046749,0.011344727130764945,0.5842480997978157,-1.387776009618927,1.1504290103912354,3.040608514799882,3.220565672389789,1.2179393768310547,1.1504290103912354,1.2476657629013062,-0.33325994113970503,-0.3612590263855379,10.620920430166358
1776515312.6089616,0.7017533971285083,-0.06615137342452825,0.5827364405249863,-1.3884320889612027,1.1352285146713257,3.0324198472951984,3.2288559850484524,1.1813281774520874,1.1352285146713257,1.2525732517242432,-0.3331916318354228,-0.36108592233182646,10.608129978669599
1776515312.6590304,0.7017533971285083,-0.06615137342452825,0.575210915714493,-1.3645133187194984,1.1352285146713257,3.0324198472951984,3.2288559850484524,1.1813281774520874,1.1352285146713257,1.2525732517242432,-0.3331916318354228,-0.36108592233182646,10.608129978669599
1776515312.7093525,0.7004383936256007,0.022446059933670166,0.575210915714493,-1.3645133187194984,1.1352285146713257,3.0324198472951984,3.2288559850484524,1.1813281774520874,1.1352285146713257,1.2525732517242432,-0.368799785882743,-0.38748346431359615,10.595368320278439
1776515312.759117,0.7004383936256007,0.022446059933670166,0.5726795488889412,-1.478114592454026,1.1352285146713257,3.0324198472951984,3.2288559850484524,1.1813281774520874,1.1352285146713257,1.2525732517242432,-0.368799785882743,-0.38748346431359615,10.595368320278439
1776515312.8107514,0.6980594071475617,-0.038043928262100284,0.5819875766250476,-1.4432539604799524,1.1162617206573486,3.0157105309559613,3.2267569805149496,1.1645185947418213,1.1162617206573486,1.277453064918518,-0.36866827992958895,-0.3872873065408363,10.582668063123494
1776515312.8601158,0.6967460925670493,0.015190593551692758,0.5819875766250476,-1.4432539604799524,1.1162617206573486,3.0157105309559613,3.2267569805149496,1.1645185947418213,1.1162617206573486,1.277453064918518,-0.36844785706120764,-0.3870090172969037,10.570044142435759
1776515312.917394,0.6946300273308214,-0.013227575256960049,0.5824438255774833,-1.4424971460029279,1.1162617206573486,3.0157105309559613,3.2267569805149496,1.1645185947418213,1.1162617206573486,1.277453064918518,-0.36824816344021494,-0.3867346581360292,10.557469403678327
1776515312.9615185,0.6919900474646173,-0.006383860897971384,0.5953813659602755,-1.4108348840710652,1.1011570692062378,3.0026707675697404,3.224239210397012,1.1554582118988037,1.1011570692062378,1.304518699645996,-0.36815666466161767,-0.3865826085907036,10.544871551263318
1776515313.0130546,0.6893810845589289,-0.01860936407826242,0.5937326479043413,-1.4103452689696994,1.1011570692062378,3.0026707675697404,3.224239210397012,1.1554582118988037,1.1011570692062378,1.304518699645996,-0.36790309521583087,-0.38618557337204673,10.532275525534159
1776515313.0607982,0.6893810845589289,-0.01860936407826242,0.5937326479043413,-1.4103452689696994,1.1011570692062378,3.0026707675697404,3.224239210397012,1.1554582118988037,1.1011570692062378,1.304518699645996,-0.36790309521583087,-0.38618557337204673,10.532275525534159
1776515313.109038,0.683437289461294,-0.020214979703289705,0.5916076340341703,-1.4092443786421112,1.1011570692062378,3.0026707675697404,3.224239210397012,1.1554582118988037,1.1011570692062378,1.304518699645996,-0.3676665832330207,-0.3857516268684753,10.51986120011323
1776515313.1650088,0.683437289461294,-0.020214979703289705,0.5869281064318306,-1.375429848618293,1.0721012353897095,2.991346270149224,3.232208517962655,1.1280263662338257,1.0721012353897095,1.3133537769317627,-0.3676665832330207,-0.3857516268684753,10.51986120011323
1776515313.209212,0.6775272907690145,-0.013341603299480228,0.5869281064318306,-1.375429848618293,1.0721012353897095,2.991346270149224,3.232208517962655,1.1280263662338257,1.0721012353897095,1.3133537769317627,-0.3673791556315278,-0.38523447385292253,10.507557923165981
1776515313.2590084,0.6789402696597362,-0.029291831344815434,0.5832030536271299,-1.3741113325980647,1.0721012353897095,2.991346270149224,3.232208517962655,1.1280263662338257,1.0721012353897095,1.3133537769317627,-0.4046834000794831,-0.518763958841696,10.495355916279713
1776515313.3090935,0.6697918372379524,0.0002992938564646398,0.5946234355194007,-1.5,1.070827841758728,2.9720171890691076,3.2223099920461706,1.109745740890503,1.070827841758728,1.3345365524291992,-0.4045716123287821,-0.5185818620496643,10.483117018478318
1776515313.3591387,0.6673849466449708,-0.015035580035167084,0.5894182467702798,-1.5,1.070827841758728,2.9720171890691076,3.2223099920461706,1.109745740890503,1.070827841758728,1.3345365524291992,-0.4043685974211598,-0.5182721819726085,10.470988918578021
1776515313.4113736,0.6501943422371029,-0.00441854083837263,0.587340874781995,-1.5,1.05181086063385,2.9598726905351653,3.2275532411981978,1.1071208715438843,1.05181086063385,1.3497428894042969,-0.4042985467567595,-0.5181353548919243,10.45905318429955
1776515313.4621243,0.6440136763734465,0.006985437846723903,0.5850923001276459,-1.4918507735974535,1.05181086063385,2.9598726905351653,3.2275532411981978,1.1071208715438843,1.05181086063385,1.3497428894042969,-0.4043741204284128,-0.5182140323409085,10.447365631722398
1776515313.5089898,0.6298347083303595,0.008462721839875498,0.5812917560549455,-1.4918277714063581,1.05181086063385,2.9598726905351653,3.2275532411981978,1.1071208715438843,1.05181086063385,1.3497428894042969,-0.4045441464423536,-0.5184211039183035,10.435926227471047
1776515313.558983,0.6245328752729755,0.015177045669726658,0.5813428841688743,-1.4476672607319299,1.0340989828109741,2.949161396877949,3.224776864381681,1.0680817365646362,1.0340989828109741,1.37649405002594,-0.4047635594443759,-0.518687887411194,10.424684759467874
1776515313.609003,0.6057265263192142,0.01906380780218449,0.5779718322344966,-1.4481594027556448,1.0340989828109741,2.949161396877949,3.224776864381681,1.0680817365646362,1.0340989828109741,1.37649405002594,-0.4050448896251053,-0.5190195744813003,10.413590419083514
1776515313.6590538,0.6074219031623963,0.02994917275323908,0.5670786621429516,-1.4495958620030724,1.0116087198257446,2.935409666100219,3.221270319085737,1.0694760084152222,1.0116087198257446,1.3839398622512817,-0.40540779445743436,-0.5194325980524372,10.40258175271883
1776515313.7090054,0.5830568240140372,0.04320521274312017,0.5712072960564345,-1.4296953811207436,1.0116087198257446,2.935409666100219,3.221270319085737,1.0694760084152222,1.0116087198257446,1.3839398622512817,-0.45543152375778906,-0.5197933148900937,10.391810142363603
1776515313.7589092,0.5705341015259068,-0.00033747043917160114,0.5492734160670026,-1.5,1.0116087198257446,2.935409666100219,3.221270319085737,1.0694760084152222,1.0116087198257446,1.3839398622512817,-0.4558943397021392,-0.520264844841069,10.381426656917474
1776515313.8090465,0.5705341015259068,-0.00033747043917160114,0.5399132264969851,-1.5,1.0116087198257446,2.935409666100219,3.221270319085737,1.0694760084152222,1.0116087198257446,1.3839398622512817,-0.4558943397021392,-0.520264844841069,10.381426656917474
1776515313.8631754,0.5521029351892282,-0.02700860083776992,0.5370483894679631,-1.5,0.9981831312179565,2.9214449712901507,3.2220854351863952,1.051624059677124,0.9981831312179565,1.4040542840957642,-0.45585267215355896,-0.5200033553677402,10.371229492983112
1776515313.9157007,0.5195709326224219,-0.0021117081805434976,0.5167204997977655,-1.5,0.9981831312179565,2.9214449712901507,3.2220854351863952,1.051624059677124,0.9981831312179565,1.4040542840957642,-0.45610128220885005,-0.5200773826156808,10.361521120077908
1776515313.963639,0.5195709326224219,-0.0021117081805434976,0.5167204997977655,-1.5,0.9981831312179565,2.9214449712901507,3.2220854351863952,1.051624059677124,0.9981831312179565,1.4040542840957642,-0.45610128220885005,-0.5200773826156808,10.361521120077908
1776515314.016619,0.46865136012954606,0.009969027617692456,0.48425906895950366,-1.5,0.9981831312179565,2.9214449712901507,3.2220854351863952,1.051624059677124,0.9981831312179565,1.4040542840957642,-0.4565024618843839,-0.5203632466212659,10.35251520213679
1776515314.0675921,0.421611513146848,0.00023705993962378185,0.485085764416213,-1.5,0.9860939383506775,2.912364309083302,3.2256128311242853,1.0388203859329224,0.9860939383506775,1.408966302871704,-0.45673975579501447,-0.5204848808909589,10.3444276983787
1776515314.1096835,0.3398164187801748,-0.014282685013955413,0.45455457311078584,-1.5,0.9860939383506775,2.912364309083302,3.2256128311242853,1.0388203859329224,0.9860939383506775,1.408966302871704,-0.45683158605511587,-0.520322645333134,10.337406945762341
1776515314.1614914,0.28573229287974933,0.0021204345745290346,0.40164362201241754,-1.5,0.9782863259315491,2.9034138330698673,3.217995450008743,1.0293747186660767,0.9782863259315491,1.4188857078552246,-0.45680085924322344,-0.5201402432314878,10.331715930291777
1776515314.213468,0.28573229287974933,0.0021204345745290346,0.3720066530631684,-1.5,0.9782863259315491,2.9034138330698673,3.217995450008743,1.0293747186660767,0.9782863259315491,1.4188857078552246,-0.45680085924322344,-0.5201402432314878,10.331715930291777
1776515314.261717,0.13300850096064643,-0.019670208248510804,0.32104814844187757,-1.5,0.9782863259315491,2.9034138330698673,3.217995450008743,1.0293747186660767,0.9782863259315491,1.4188857078552246,-0.4580994257980511,-0.5220350810568877,10.3242041380263
1776515314.3099842,0.13300850096064643,-0.019670208248510804,0.32104814844187757,-1.5,0.9671205878257751,2.8999412069708854,3.2233403855923903,1.0328106880187988,0.9671205878257751,1.4313774108886719,-0.4580994257980511,-0.5220350810568877,10.3242041380263
1776515314.3596022,0.0688425361526452,-0.004466404072155987,0.28101541546521186,-1.4952831815759127,0.9671205878257751,2.8999412069708854,3.2233403855923903,1.0328106880187988,0.9671205878257751,1.4313774108886719,-0.45799164491087246,-0.5217557339291188,10.322412727460959
1776515314.4095478,0.01645066939428243,-0.016791909349060004,0.20637686631251442,-1.4901801968534114,0.9671205878257751,2.8999412069708854,3.2233403855923903,1.0328106880187988,0.9671205878257751,1.4313774108886719,-0.45785078341613017,-0.5215151533357454,10.321638330702958
1776515314.4596713,0.002900485843239181,-0.020411368288183598,0.20637686631251442,-1.4901801968534114,0.9716909527778625,2.895343706135834,3.213596543320186,1.0230638980865479,0.9716909527778625,1.4323455095291138,-0.45766682101338285,-0.5211630198614053,10.321597380062416
1776515314.509793,0.002900485843239181,-0.020411368288183598,0.19740476043909883,-1.4857657708584657,0.9716909527778625,2.895343706135834,3.213596543320186,1.0230638980865479,0.9716909527778625,1.4323455095291138,-0.45766682101338285,-0.5211630198614053,10.321597380062416
1776515314.567558,0.034290002590802365,-0.19762174842187377,0.19740476043909883,-1.4857657708584657,0.9716909527778625,2.895343706135834,3.213596543320186,1.0230638980865479,0.9716909527778625,1.4323455095291138,-0.4567115633363308,-0.5196906183792529,10.321382013420669
1776515314.6094613,0.07414382338495572,-0.3418103279015363,0.21285983039310813,-1.4831118855033703,0.9716909527778625,2.895343706135834,3.213596543320186,1.0230638980865479,0.9716909527778625,1.4323455095291138,-0.45311548218345177,-0.5143709397783756,10.320419591620949
1776515314.6632469,0.07414382338495572,-0.3418103279015363,0.2348507352716297,-1.4716440921955334,0.97530597448349,2.8864650632583024,3.2181884007657136,1.0187052488327026,0.97530597448349,1.421528697013855,-0.45311548218345177,-0.5143709397783756,10.320419591620949
1776515314.7095478,0.19432400182040985,-0.7510321997574173,0.2958572794411196,-1.4609686089607878,0.97530597448349,2.8864650632583024,3.2181884007657136,1.0187052488327026,0.97530597448349,1.421528697013855,-0.4455750390770273,-0.5034210319378076,10.318002583124928
1776515314.7596645,0.3069965641279432,-0.993035343691877,0.36269161896410884,-1.4200079048768153,0.97530597448349,2.8864650632583024,3.2181884007657136,1.0187052488327026,0.97530597448349,1.421528697013855,-0.43277557364896196,-0.4851480996299257,10.31330773633308
1776515314.8106337,0.2534486436025897,-0.9648553285741148,0.348502200763131,-1.3672300679532805,0.968361496925354,2.8189421580634,3.1755099753492457,1.0426961183547974,0.968361496925354,1.4327017068862915,-0.41929522043142553,-0.465643822627108,10.308388646230616
1776515314.859685,0.3398303802692631,-0.8973144084142377,0.4067485079025118,-1.326867134054551,0.968361496925354,2.8189421580634,3.1755099753492457,1.0426961183547974,0.968361496925354,1.4327017068862915,-0.406720953504634,-0.4477680674630583,10.303248200250955
1776515314.9161754,0.2981081508227773,-0.8560019050555845,0.4067485079025118,-1.326867134054551,0.968361496925354,2.8189421580634,3.1755099753492457,1.0426961183547974,0.968361496925354,1.4327017068862915,-0.3940461036012141,-0.42998173765655723,10.297803460362028
1776515314.959643,0.2981081508227773,-0.8560019050555845,0.3822016853397707,-1.281611154573167,0.9743642807006836,2.712188891466848,3.0215210430983666,1.0544283390045166,0.9743642807006836,1.4350786209106445,-0.3940461036012141,-0.42998173765655723,10.297803460362028
1776515315.0098906,0.2395790900107543,-0.6641583908363419,0.36524125954623055,-1.2174952439193811,0.9743642807006836,2.712188891466848,3.0215210430983666,1.0544283390045166,0.9743642807006836,1.4350786209106445,-0.38342671882662704,-0.41456864033667606,10.29335674679299
1776515315.0595047,0.14083481248531243,-0.5094460773342298,0.36524125954623055,-1.2174952439193811,0.9743642807006836,2.712188891466848,3.0215210430983666,1.0544283390045166,0.9743642807006836,1.4350786209106445,-0.37640219459162766,-0.40314860204577063,10.289691848946639
1776515315.111021,0.09591233491826025,-0.2263200034276746,0.3066464318315957,-1.1893824573258671,0.9682978391647339,2.6180526533687036,2.79995692373564,1.0657026767730713,0.9682978391647339,1.4340214729309082,-0.3723908510010916,-0.3954441844714407,10.286778712826113
1776515315.1656704,0.07043563453458072,-0.06495883722312687,0.28118708994934605,-1.1100904111423286,0.9682978391647339,2.6180526533687036,2.79995692373564,1.0657026767730713,0.9682978391647339,1.4340214729309082,-0.37215484135094323,-0.3931483265404083,10.284572661973844
1776515315.210614,0.047422212445272546,-0.25564064177088863,0.26129680136242944,-1.1055802690419116,0.9599083065986633,2.5865188217295416,2.7211330602782313,1.0555002689361572,0.9599083065986633,1.431175947189331,-0.3715168465564622,-0.3897468124371381,10.282613747876566
1776515315.26016,0.06262531666381456,-0.10399929428275119,0.25907978275573146,-1.0748589660256958,0.9599083065986633,2.5865188217295416,2.7211330602782313,1.0555002689361572,0.9599083065986633,1.431175947189331,-0.3704726362313042,-0.385761120655051,10.28074685561827
1776515315.309905,0.05311583815635683,-0.18543551740320535,0.2645836866256182,-1.0676479445003415,0.9599083065986633,2.5865188217295416,2.7211330602782313,1.0555002689361572,0.9599083065986633,1.431175947189331,-0.36987119402752283,-0.38285759912440903,10.278983276205189
1776515315.3595119,0.08577411435521475,0.013629892353116404,0.2645836866256182,-1.0676479445003415,0.9616607427597046,2.566264543237783,2.67284318406471,1.0658602714538574,0.9616607427597046,1.4363888502120972,-0.4074771461144995,-0.3820728650941063,10.277240373437895
1776515315.409571,0.08210743480515569,-0.07190470691179827,0.29253064110923566,-1.1657101943905301,0.9616607427597046,2.566264543237783,2.67284318406471,1.0658602714538574,0.9616607427597046,1.4363888502120972,-0.40776603083874063,-0.3813665822178894,10.275379756852903
1776515315.4623523,0.08210743480515569,-0.07190470691179827,0.28781125647534017,-1.1659117053771917,0.9616607427597046,2.566264543237783,2.67284318406471,1.0658602714538574,0.9616607427597046,1.4363888502120972,-0.40776603083874063,-0.3813665822178894,10.275379756852903
1776515315.5213315,0.1768805008054802,0.09675573943782634,0.35290015070524416,-1.1743214375979556,0.9616607427597046,2.566264543237783,2.67284318406471,1.0658602714538574,0.9616607427597046,1.4363888502120972,-0.4091612141579327,-0.3828816029894728,10.273054113602825
1776515315.5595527,0.26208848107951255,0.01929430083753639,0.35290015070524416,-1.1743214375979556,0.950223982334137,2.568521457232335,2.692148739229473,1.05189049243927,0.950223982334137,1.4461266994476318,-0.41027738534308683,-0.38426276862854114,10.269404776267937
1776515315.6267204,0.3868865590116403,-0.1850774978655932,0.4078464707955992,-1.1673231975298841,0.950223982334137,2.568521457232335,2.692148739229473,1.05189049243927,0.950223982334137,1.4461266994476318,-0.4091397830542066,-0.3828028373902625,10.26396670227067
1776515315.6615422,0.4038075818983005,-0.28855209480035754,0.4824042152603357,-1.1673849684125108,0.9556168913841248,2.5384013980875184,2.6144650855998006,1.0500186681747437,0.9556168913841248,1.45382821559906,-0.4052534775458984,-0.3779001019983903,10.257234146663128
1776515315.7095418,0.39520854109851666,-0.4925718605568342,0.4978365406555715,-1.1306224454215994,0.9556168913841248,2.5384013980875184,2.6144650855998006,1.0500186681747437,0.9556168913841248,1.45382821559906,-0.39903508271935434,-0.3698972905654838,10.250532258619593
1776515315.759659,0.3614477517867535,-0.8697568406491241,0.4873715672408213,-1.108583035220133,0.9556168913841248,2.5384013980875184,2.6144650855998006,1.0500186681747437,0.9556168913841248,1.45382821559906,-0.3887502763822848,-0.35658913495966776,10.24415296718344
1776515315.8111835,0.33272710815318085,-1.1300324318572348,0.46765917978248317,-0.9474909553727405,0.948018491268158,2.410883482245799,2.218495632216371,1.0631842613220215,0.948018491268158,1.458343505859375,-0.37259663746904165,-0.33569591520048436,10.238459528160488
1776515315.8599892,0.37006140406014676,-1.135659356248531,0.44373676645988136,-0.890682218880312,0.948018491268158,2.410883482245799,2.218495632216371,1.0631842613220215,0.948018491268158,1.458343505859375,-0.3546121455397533,-0.3125160307062919,10.232857638448976
1776515315.9135454,0.36987909289416876,-1.1340191086754208,0.470640493242652,-0.7711058227074419,0.9461345672607422,2.291848429974089,1.8667624544793513,1.0961867570877075,0.9461345672607422,1.4524571895599365,-0.33718077308191213,-0.2900293267993958,10.2270592006041
1776515315.965799,0.3656778100230126,-1.0653603594077563,0.47937762100438275,-0.6805615280662389,0.9461345672607422,2.291848429974089,1.8667624544793513,1.0961867570877075,0.9461345672607422,1.4524571895599365,-0.3204897162361518,-0.26853768946616613,10.22146052027786
1776515316.0131369,0.3656778100230126,-1.0653603594077563,0.48002874798069517,-0.6236080229332799,0.9461345672607422,2.291848429974089,1.8667624544793513,1.0961867570877075,0.9461345672607422,1.4524571895599365,-0.3204897162361518,-0.26853768946616613,10.22146052027786
1776515316.0614636,0.3805055275999874,-1.0703183480774365,0.49086187210947385,-0.5686715917831333,0.9461345672607422,2.291848429974089,1.8667624544793513,1.0961867570877075,0.9461345672607422,1.4524571895599365,-0.3042470397661624,-0.24757739624784753,10.215869909226772
1776515316.1109066,0.3888976481989547,-1.059563443318443,0.49333512107697575,-0.5869275233760901,0.9459264278411865,2.27340852050843,1.8522596075535378,1.132524013519287,0.9459264278411865,1.443002700805664,-0.2879639587438676,-0.22653110728753345,10.210181140770487
1776515316.1595223,0.39784038568323193,-1.0565224509054711,0.5077281429603474,-0.47683894876960276,0.9459264278411865,2.27340852050843,1.8522596075535378,1.132524013519287,0.9459264278411865,1.443002700805664,-0.27182480798393804,-0.2056267026576696,10.20448580327986
1776515316.2096648,0.40295482829356327,-1.0400330674294573,0.5128756069411013,-0.4226155288045922,0.9519758820533752,2.2779859521122137,1.8502677727607382,1.1856633424758911,0.9519758820533752,1.454796314239502,-0.25589434444809966,-0.18493406796196515,10.198798378930656
1776515316.26271,0.41180479354262106,-0.9992961542936111,0.5292486965213017,-0.4370495590057154,0.9519758820533752,2.2779859521122137,1.8502677727607382,1.1856633424758911,0.9519758820533752,1.454796314239502,-0.2393843313310593,-0.1445476568296863,10.187597744449986
1776515316.3104448,0.43093533240879345,-0.995684532615469,0.5368860241654952,-0.3732881879926542,0.9522228240966797,2.292542495295254,1.849108182748466,1.231830358505249,0.9522228240966797,1.4457851648330688,-0.22216814206373153,-0.12450870405402789,10.181966855258882
1776515316.3597353,0.43093533240879345,-0.995684532615469,0.5512441744994172,-0.33515440762705684,0.9522228240966797,2.292542495295254,1.849108182748466,1.231830358505249,0.9522228240966797,1.4457851648330688,-0.22216814206373153,-0.12450870405402789,10.181966855258882
1776515316.4126146,0.4297923999766895,-1.0046888697840282,0.551849013562682,-0.27838037825133616,0.9522228240966797,2.292542495295254,1.849108182748466,1.231830358505249,0.9522228240966797,1.4457851648330688,-0.20531409328198763,-0.1047937045259345,10.176371600910256
1776515316.4595354,0.4471234622434454,-0.9692413704461048,0.551849013562682,-0.27838037825133616,0.9476572275161743,2.3138925406692428,1.8520988007020354,1.2803947925567627,0.9476572275161743,1.4427142143249512,-0.18831251206706742,-0.08480394237872557,10.170840719581532
1776515316.5105278,0.44214773063395174,-1.0163168406695258,0.5686219864439224,-0.23406002365508072,0.9476572275161743,2.3138925406692428,1.8520988007020354,1.2803947925567627,0.9476572275161743,1.4427142143249512,-0.1720184446735454,-0.06552634853535227,10.165318256733382
1776515316.5591862,0.45800213628597797,-0.9459690076158646,0.5656913045825639,-0.1788544556630448,0.9609656929969788,2.3489015779486415,1.8731596258440713,1.3365683555603027,0.9609656929969788,1.4426991939544678,-0.15554738754152853,-0.045912772222501785,10.159943791948207
1776515316.6105275,0.45101549412589803,-0.9990198693290305,0.5817367720223857,-0.10076252618088588,0.9609656929969788,2.3489015779486415,1.8731596258440713,1.3365683555603027,0.9609656929969788,1.4426991939544678,-0.13975992457679204,-0.026949819681771958,10.154590006736125
1776515316.6602392,0.4550432534144573,-0.9028193706273073,0.587350213266173,-0.049649458142386166,0.9609656929969788,2.3489015779486415,1.8731596258440713,1.3365683555603027,0.9609656929969788,1.4426991939544678,-0.10988057415725222,0.009351468336324886,10.144399749720618
1776515316.7126884,0.4550432534144573,-0.9028193706273073,0.5896494592885055,-4.044703478303657e-05,0.9685746431350708,2.3948911773066737,1.915151177602457,1.408126950263977,0.9685746431350708,1.4233015775680542,-0.10988057415725222,0.009351468336324886,10.144399749720618
1776515316.7595584,0.46240192297124316,-0.8778644975810048,0.5856659231197444,-0.049797237368988945,0.9685746431350708,2.3948911773066737,1.915151177602457,1.408126950263977,0.9685746431350708,1.4233015775680542,-0.09577525765982836,0.026696929479426645,10.139471171553732
1776515316.8101604,0.4661522450629185,-0.8589958811344535,0.5923439543341438,-0.0023098863504185663,0.9751448631286621,2.443775714325971,1.9621949652923019,1.499576210975647,0.9751448631286621,1.4270254373550415,-0.08209094453475363,0.04368594357853328,10.134614914180073
1776515316.8593297,0.4738301651237829,-0.8433629246426688,0.6098192490379091,0.0018092231364031652,0.9751448631286621,2.443775714325971,1.9621949652923019,1.499576210975647,0.9751448631286621,1.4270254373550415,-0.06267070648297185,0.06045489447030861,10.129839019170898
1776515316.9132037,0.4762465594181128,-0.8281012599306972,0.6205132078242744,0.11316331899570298,0.9751448631286621,2.443775714325971,1.9621949652923019,1.499576210975647,0.9751448631286621,1.4270254373550415,-0.048065838455178644,0.0768772947663307,10.125155835469462
1776515316.9638736,0.4918214592168718,-0.8277702801472313,0.6205132078242744,0.11316331899570298,0.9821292757987976,2.49912980344977,2.024629269970083,1.5844123363494873,0.9821292757987976,1.4165143966674805,-0.03356153873006246,0.09334965516958549,10.120490962295353
1776515317.0089161,0.49133010726924703,-0.8195485631332947,0.6348520865245312,0.10744903856835,0.9821292757987976,2.49912980344977,2.024629269970083,1.5844123363494873,0.9821292757987976,1.4165143966674805,-0.019432884505405867,0.10956646388831248,10.115943343072672
1776515317.0614142,0.49133010726924703,-0.8195485631332947,0.6360909465232109,0.154861373771012,0.9821292757987976,2.49912980344977,2.024629269970083,1.5844123363494873,0.9821292757987976,1.4165143966674805,-0.019432884505405867,0.10956646388831248,10.115943343072672
1776515317.1116457,0.5059466008217731,-0.8209366869592886,0.6467425066700508,0.20154916180849447,0.9821292757987976,2.49912980344977,2.024629269970083,1.5844123363494873,0.9821292757987976,1.4165143966674805,-0.005387749131275155,0.12586623309827044,10.111434995890018
1776515317.1595583,0.5041216542188605,-0.8078852314560239,0.6467425066700508,0.20154916180849447,0.9924947619438171,2.551624048814853,2.0822164777480503,1.682237148284912,0.9924947619438171,1.4123767614364624,0.00826612297470658,0.14189817834431978,10.10707424032091
1776515317.212628,0.5122153554818615,-0.7989891059658656,0.6569619341443388,0.1917954960741407,0.9924947619438171,2.551624048814853,2.0822164777480503,1.682237148284912,0.9924947619438171,1.4123767614364624,0.02161649217244277,0.1577634337281557,10.102811656662036
1776515317.2613337,0.5148809303064328,-0.7894436326682654,0.6636325049458195,0.2365081260690465,0.9924947619438171,2.551624048814853,2.0822164777480503,1.682237148284912,0.9924947619438171,1.4123767614364624,0.03465194645783831,0.17345258145318787,10.098681168720818
1776515317.312714,0.5326825441783497,-0.7721930477945784,0.6649248092562817,0.2547457229819451,0.9937825798988342,2.608198487185197,2.147230990025629,1.7146011590957642,0.9937825798988342,1.4097299575805664,0.04736369653140954,0.1889413981846596,10.094612695659414
1776515317.3634229,0.5364320096821503,-0.783853365254222,0.6779702678042964,0.2970940930535927,0.9937825798988342,2.608198487185197,2.147230990025629,1.7146011590957642,0.9937825798988342,1.4097299575805664,0.05986185553977663,0.20438987553185528,10.090641247981017
1776515317.4092634,0.5338879726242195,-0.7619481782700482,0.6812099994540683,0.33937876572307035,1.0169098377227783,2.6658077335931107,2.217939071825856,1.6668870449066162,1.0169098377227783,1.3887327909469604,0.0937737467515442,0.21960668397989158,10.086828106093467
1776515317.4636042,0.5392803236799825,-0.739511643906156,0.6596121417631409,0.4160643453326673,1.0169098377227783,2.6658077335931107,2.217939071825856,1.6668870449066162,1.0169098377227783,1.3887327909469604,0.10670684871812508,0.23426194215584628,10.0831639000947
1776515317.5094926,0.528533460040748,-0.708607563544719,0.6649008241148958,0.45914051454875116,1.0169098377227783,2.6658077335931107,2.217939071825856,1.6668870449066162,1.0169098377227783,1.3887327909469604,0.11892458895763935,0.2482954183521583,10.079681484330765
1776515317.5595198,0.523881427468828,-0.6706573062671333,0.64368418152381,0.4968525711790672,1.0189547538757324,2.7176652337311595,2.2809368739445883,1.627740502357483,1.0189547538757324,1.3814654350280762,0.13047243780026613,0.26174719287357584,10.076391551674782
1776515317.616769,0.5158766894934255,-0.631922334714462,0.6428078678895768,0.5357600968295204,1.0189547538757324,2.7176652337311595,2.2809368739445883,1.627740502357483,1.0189547538757324,1.3814654350280762,0.14122491928647862,0.27445110230072234,10.07327479433334
1776515317.659886,0.5091907554279951,-0.5961951636454336,0.6397229883769311,0.5721841244164325,1.0189547538757324,2.7176652337311595,2.2809368739445883,1.627740502357483,1.0189547538757324,1.3814654350280762,0.15128825040309807,0.2865113421575566,10.070336950881202
1776515317.7136478,0.5091907554279951,-0.5961951636454336,0.6198473557902462,0.5897076252323254,1.0321985483169556,2.775462299888604,2.362262660924977,1.582322359085083,1.0321985483169556,1.3725788593292236,0.15128825040309807,0.2865113421575566,10.070336950881202
1776515317.7591543,0.5027429298486725,-0.5277759931995838,0.6217156398566454,0.6212222453986741,1.0321985483169556,2.775462299888604,2.362262660924977,1.582322359085083,1.0321985483169556,1.3725788593292236,0.16928241314775705,0.3085449760115344,10.06487611236969
1776515317.8094497,0.5027429298486725,-0.5277759931995838,0.6192091180496377,0.6507229302730374,1.0439374446868896,2.8224178440145162,2.4307909642004337,1.547549843788147,1.0439374446868896,1.3563576936721802,0.16928241314775705,0.3085449760115344,10.06487611236969
1776515317.859527,0.5035329295353075,-0.5046365335168791,0.5999841218783752,0.6288122774905991,1.0439374446868896,2.8224178440145162,2.4307909642004337,1.547549843788147,1.0439374446868896,1.3563576936721802,0.1773393029941,0.31863090064653354,10.062336512142306
1776515317.9097705,0.49702662252049135,-0.47941343466102854,0.6018469445010171,0.6561085525100661,1.0439374446868896,2.8224178440145162,2.4307909642004337,1.547549843788147,1.0439374446868896,1.3563576936721802,0.184804164367239,0.3281145924973128,10.059921220783059
1776515317.959592,0.49766901528186996,-0.43050100581846007,0.5990303756993353,0.6817056630172372,1.0455085039138794,2.869921674891603,2.504786630922178,1.5109174251556396,1.0455085039138794,1.3470183610916138,0.22472622438839385,0.33694541898608343,10.057631448780981
1776515318.0102055,0.4954478735079113,-0.45740136782233565,0.589360382073529,0.7896705930438584,1.0455085039138794,2.869921674891603,2.504786630922178,1.5109174251556396,1.0455085039138794,1.3470183610916138,0.23220294611090947,0.3456527188739623,10.05540940707721
1776515318.0614433,0.4881237331699649,-0.3917163495131017,0.5879211426900429,0.8149540731550918,1.0455085039138794,2.869921674891603,2.504786630922178,1.5109174251556396,1.0455085039138794,1.3470183610916138,0.2389622570218245,0.3536104396297104,10.053330026805444
1776515318.1096988,0.4881237331699649,-0.3917163495131017,0.5856186449256079,0.8378251654453829,1.0668002367019653,2.9048333434899796,2.560564579160053,1.481034755706787,1.0668002367019653,1.3380975723266602,0.2389622570218245,0.3536104396297104,10.053330026805444
1776515318.1603124,0.4713654165450338,-0.3677716159777662,0.564556013409733,0.835145452990735,1.0668002367019653,2.9048333434899796,2.560564579160053,1.481034755706787,1.0668002367019653,1.3380975723266602,0.2452144980110908,0.3610891960488616,10.051359294364612
1776515318.2097168,0.45015750855741077,-0.35409942970981684,0.5518389776233937,0.8544825877072714,1.0668002367019653,2.9048333434899796,2.560564579160053,1.481034755706787,1.0668002367019653,1.3380975723266602,0.25071836933972835,0.3677537117919609,10.049570639004465
1776515318.259542,0.44036647548486973,-0.3047549811487739,0.5518389776233937,0.8544825877072714,1.0751235485076904,2.938413671714966,2.6162839562631532,1.4525648355484009,1.0751235485076904,1.3223530054092407,0.2556569361753441,0.3738258787168236,10.047889915661905
1776515318.3155122,0.4287237677432296,-0.27568575370131126,0.530581128276291,0.8518683581372375,1.0751235485076904,2.938413671714966,2.6162839562631532,1.4525648355484009,1.0751235485076904,1.3223530054092407,0.25997907785844676,0.37920987696372177,10.046298842342864
1776515318.365438,0.4134472483961185,-0.24178075068787586,0.5242907931831161,0.8668940258662543,1.0751235485076904,2.938413671714966,2.6162839562631532,1.4525648355484009,1.0751235485076904,1.3223530054092407,0.26382908135446653,0.3840650669346015,10.044813380768174
1776515318.4115355,0.4108709880166811,-0.20975080680168365,0.5157554566406253,0.8804593160027552,1.0891685485839844,2.9578679634618275,2.6525209507625593,1.440819263458252,1.0891685485839844,1.3097243309020996,0.2671354739141881,0.38828501097145174,10.043387602823385
1776515318.459535,0.4110695155843112,-0.18970817814315094,0.5053114735643529,0.8676915117019348,1.0891685485839844,2.9578679634618275,2.6525209507625593,1.440819263458252,1.0891685485839844,1.3097243309020996,0.27007655543590925,0.39208412588106445,10.042000742114139
1776515318.5095575,0.39887241544429713,-0.16095227399182152,0.5062355179876998,0.8776825582005561,1.0956467390060425,2.9742803842683947,2.684217603882806,1.424005150794983,1.0956467390060425,1.300403356552124,0.27253759906462094,0.3953011917090372,10.040681340804234
1776515318.5596714,0.40393497160331826,-0.13304373663560648,0.49009268106325965,0.8733187097102807,1.0956467390060425,2.9742803842683947,2.684217603882806,1.424005150794983,1.0956467390060425,1.300403356552124,0.274674196627135,0.3981282581255109,10.039386728674717
1776515318.6105454,0.4056669609431869,-0.11627412524770989,0.4942681807898295,0.8803990920216529,1.0956467390060425,2.9742803842683947,2.684217603882806,1.424005150794983,1.0956467390060425,1.300403356552124,0.31542045372783545,0.40048349394455474,10.038107262108477
1776515318.6595302,0.3915930797861592,-0.10198348417132141,0.5008084397416881,0.9989576332112537,1.10148024559021,2.9758385302952104,2.6868123669968864,1.412970781326294,1.10148024559021,1.3022119998931885,0.31706207376549245,0.4024602856910938,10.036887309157644
1776515318.7095048,0.39690488396298135,-0.08059447506285759,0.49231505261204256,1.0049781402012623,1.10148024559021,2.9758385302952104,2.6868123669968864,1.412970781326294,1.10148024559021,1.3022119998931885,0.31841439933463256,0.40411535437409196,10.035672615985014
1776515318.761896,0.38010488168197415,-0.0967633098426673,0.4964075337469891,1.0093235312788806,1.1087557077407837,2.9754881799276176,2.6867391628175907,1.3969019651412964,1.1087557077407837,1.2853357791900635,0.31960222389482396,0.40557472299744046,10.034522839028908
1776515318.8096967,0.3898374635664557,-0.07334859206032186,0.47298519513757387,1.0029992989944108,1.1087557077407837,2.9754881799276176,2.6867391628175907,1.3969019651412964,1.1087557077407837,1.2853357791900635,0.3207390627892088,0.4069838736438989,10.03338206053887
1776515318.8602579,0.37110604270970393,-0.0613841426282846,0.4799448948565198,1.006459429910286,1.1087557077407837,2.9754881799276176,2.6867391628175907,1.3969019651412964,1.1087557077407837,1.2853357791900635,0.32161239484436366,0.4080728868565,10.032282862870412
1776515318.9116957,0.3830997752791955,-0.05246695443549214,0.4659795204631113,1.0041923577200755,1.1070924997329712,2.9736290859139483,2.690908651164779,1.4013441801071167,1.1070924997329712,1.28000807762146,0.32238487316947817,0.40904273836435423,10.031205050538809
1776515318.9598432,0.3828154342133306,-0.07558442386248596,0.4739659433135228,1.0063748595188953,1.1070924997329712,2.9736290859139483,2.690908651164779,1.4013441801071167,1.1070924997329712,1.28000807762146,0.32327402320153154,0.4101819382863021,10.03011393789319
1776515319.0249367,0.39420324375468996,-0.058605431307475794,0.4732360375292103,1.0094770342510158,1.126712441444397,2.978051623296782,2.7037456515228793,1.3829739093780518,1.126712441444397,1.281540870666504,0.32411401662724637,0.4112599774028747,10.029033687324555
1776515319.0596414,0.4137516092944576,-0.07551735500698455,0.48074212500529445,1.0005788224595706,1.126712441444397,2.978051623296782,2.7037456515228793,1.3829739093780518,1.126712441444397,1.281540870666504,0.32497096023188254,0.41236463868056505,10.02792159905372
1776515319.1104815,0.40233646581039606,0.014883711818595186,0.49288584755249276,1.0028511733849026,1.1389065980911255,2.9734650614303533,2.7045288698862584,1.3770239353179932,1.1389065980911255,1.263702392578125,0.3255821867034496,0.4131745803838319,10.026808922729037
1776515319.1593528,0.41171087649921123,0.23930706381041966,0.47798120724003024,0.984670837742658,1.1389065980911255,2.9734650614303533,2.7045288698862584,1.3770239353179932,1.1389065980911255,1.263702392578125,0.32332866510691527,0.4101713800749056,10.02569231517869
1776515319.2106774,0.41210700233589104,0.20821139829481833,0.48977404099676924,0.9760884604290776,1.1389065980911255,2.9734650614303533,2.7045288698862584,1.3770239353179932,1.1389065980911255,1.263702392578125,0.3197746643507,0.40541706117855014,10.02451795745019
1776515319.2596498,0.44854957490527886,0.47270845300480924,0.48885231857604716,0.9639615128950682,1.141493797302246,2.940267130360352,2.6720378324476477,1.3622033596038818,1.141493797302246,1.2611761093139648,0.3537341145715174,0.3987368920870603,10.023312915760773
1776515319.3096528,0.4842515905042851,0.7753484602537934,0.5237313992939167,1.0634584058525878,1.141493797302246,2.940267130360352,2.6720378324476477,1.3622033596038818,1.141493797302246,1.2611761093139648,0.3419750992147643,0.3845015108109435,10.021775641598902
1776515319.3598156,0.5086014281348662,0.7436248538937265,0.5535626507499771,1.0217449709443593,1.141493797302246,2.940267130360352,2.6720378324476477,1.3622033596038818,1.141493797302246,1.2611761093139648,0.3297743288530576,0.36959833058350733,10.020090943273331
1776515319.418676,0.5154535203057844,0.686305375540994,0.5747340638830952,0.9842515213721609,1.147138237953186,2.8429448205381496,2.5287440309893707,1.397871494293213,1.147138237953186,1.247379183769226,0.31837259586012184,0.35556186721804384,10.018239724457455
1776515319.4597034,0.5259697997322659,0.6257056490749618,0.5805915685433761,0.9105001573427719,1.147138237953186,2.8429448205381496,2.5287440309893707,1.397871494293213,1.147138237953186,1.247379183769226,0.3081082294154941,0.3428314632554802,10.0162191546109
1776515319.5121694,0.5416536007558487,0.5839037165336942,0.5886087408300593,0.8783148155919986,1.1500576734542847,2.7691217397342225,2.4269201231845012,1.4075374603271484,1.1500576734542847,1.2514002323150635,0.29876045699453857,0.3311474910219335,10.014033896618487
1776515319.5672717,0.5661834221925436,0.6233822439647697,0.6162512871951792,0.864161055080323,1.1500576734542847,2.7691217397342225,2.4269201231845012,1.4075374603271484,1.1500576734542847,1.2514002323150635,0.2896322622133367,0.31962599406551817,10.011645418649191
1776515319.6096518,0.5867477716070222,0.6291340693985474,0.6162512871951792,0.864161055080323,1.1500576734542847,2.7691217397342225,2.4269201231845012,1.4075374603271484,1.1500576734542847,1.2514002323150635,0.27994724632908063,0.30728374278781156,10.00902644992681
1776515319.662103,0.606566154877384,0.6268692674177269,0.6286388945882428,0.8304510595990708,1.1495006084442139,2.6994648918192437,2.3349185482299917,1.4245548248291016,1.1495006084442139,1.2529332637786865,0.2702987466077734,0.29485276332376853,10.006178653980495
1776515319.7095761,0.6256422946927931,0.605607797705292,0.6511331655968813,0.810334978782297,1.1495006084442139,2.6994648918192437,2.3349185482299917,1.4245548248291016,1.1495006084442139,1.2529332637786865,0.2607535897322663,0.28241513842956,10.003114820522516
1776515319.7606523,0.6364739331195485,0.670484606474949,0.6618597692889134,0.7771095465099458,1.1622546911239624,2.6294822593621916,2.2436704869539605,1.4481700658798218,1.1622546911239624,1.240642786026001,0.2775664897128688,0.2694707835602672,9.999840383206648
1776515319.8128445,0.6459587389329544,0.6642357863260671,0.6779921175108652,0.8110919740125564,1.1622546911239624,2.6294822593621916,2.2436704869539605,1.4481700658798218,1.1622546911239624,1.240642786026001,0.26628176954262683,0.25612742251386345,9.996370662171762
1776515319.8595624,0.6640468490119901,0.6783686111617503,0.6827665609516635,0.7727867368910575,1.1622546911239624,2.6294822593621916,2.2436704869539605,1.4481700658798218,1.1622546911239624,1.240642786026001,0.2548880178880458,0.24250131378880568,9.992657329320673
1776515319.9094713,0.6682022946592717,0.664701623663373,0.6935914661906284,0.7336981091028667,1.1606371402740479,2.5601121418791495,2.1567374361569236,1.466906189918518,1.1606371402740479,1.2341746091842651,0.24396011411307095,0.22927356482360484,9.98876273404767
1776515319.9588978,0.6682022946592717,0.664701623663373,0.7009184911011085,0.7032102320308617,1.1606371402740479,2.5601121418791495,2.1567374361569236,1.466906189918518,1.1606371402740479,1.2341746091842651,0.24396011411307095,0.22927356482360484,9.98876273404767
1776515320.0094898,0.6662405981222824,0.595811290560202,0.6967962645926336,0.6682810479074366,1.1606371402740479,2.5601121418791495,2.1567374361569236,1.466906189918518,1.1606371402740479,1.2341746091842651,0.2239393578437164,0.20460769364624354,9.980533194427803
1776515320.059533,0.6662405981222824,0.595811290560202,0.7001789695449099,0.629734500803439,1.1621744632720947,2.5020431344096687,2.086240304546721,1.4955065250396729,1.1621744632720947,1.223343014717102,0.2239393578437164,0.20460769364624354,9.980533194427803
1776515320.1105492,0.6736485276753188,0.5810993934287875,0.7001789695449099,0.629734500803439,1.1621744632720947,2.5020431344096687,2.086240304546721,1.4955065250396729,1.1621744632720947,1.223343014717102,0.2147678424781433,0.19308787198550426,9.97618898188902
1776515320.15967,0.6797804642013093,0.5584849274939327,0.7036102592841356,0.5983712390013247,1.1621744632720947,2.5020431344096687,2.086240304546721,1.4955065250396729,1.1621744632720947,1.223343014717102,0.2059779671500008,0.18190172226196966,9.971662181246682
1776515320.209535,0.6864733577166153,0.5497229218405552,0.7060505456543525,0.5683107883389544,1.175580620765686,2.4488144012428235,2.0196565585985033,1.517662525177002,1.175580620765686,1.2296034097671509,0.21450521785263965,0.1709316158074503,9.966975017051261
1776515320.2612262,0.6893398403809704,0.5241167447024352,0.7260511776001649,0.5864492459054251,1.175580620765686,2.4488144012428235,2.0196565585985033,1.517662525177002,1.175580620765686,1.2296034097671509,0.20542590534137245,0.16037195303165364,9.962147432034184
1776515320.3095398,0.710670499021536,0.5718887955398895,0.7262590949690612,0.5559341453496942,1.1765397787094116,2.40269401468247,1.9686252572961833,1.5424060821533203,1.1765397787094116,1.2267807722091675,0.19594416962255537,0.14918834478337228,9.957064148485674
1776515320.3595133,0.7091215584857083,0.5281101338102732,0.747715504565501,0.519861118961475,1.1765397787094116,2.40269401468247,1.9686252572961833,1.5424060821533203,1.1765397787094116,1.2267807722091675,0.18699746823398167,0.13849377722733758,9.951841839390175
1776515320.4095335,0.7260324561580896,0.5414695462254585,0.7446237421137842,0.48987698080232134,1.1765397787094116,2.40269401468247,1.9686252572961833,1.5424060821533203,1.1765397787094116,1.2267807722091675,0.17813627710503804,0.12774294342278375,9.946385873444548
1776515320.4596674,0.728517582090144,0.5007619298846337,0.7549025675391993,0.45932462480282177,1.1720895767211914,2.353010887133645,1.9045289684945177,1.5730408430099487,1.1720895767211914,1.220804214477539,0.1698989656030451,0.11759443564888217,9.940792275882906
1776515320.5097353,0.7330669419565042,0.4827827182803499,0.7606515071405616,0.4322194053661551,1.1720895767211914,2.353010887133645,1.9045289684945177,1.5730408430099487,1.1720895767211914,1.220804214477539,0.16219562086640651,0.10794040507300923,9.935033131511378
1776515320.5595498,0.731045797065124,0.4437637782415097,0.7622856282623592,0.40597286845437797,1.1720895767211914,2.353010887133645,1.9045289684945177,1.5730408430099487,1.1720895767211914,1.220804214477539,0.1650828783553544,0.09903966078721765,9.929162444673906
1776515320.6099753,0.731045797065124,0.4437637782415097,0.7605107739409082,0.4108864741091154,1.1783223152160645,2.316675226408282,1.8658873258292068,1.6035548448562622,1.1783223152160645,1.228593349456787,0.1650828783553544,0.09903966078721765,9.929162444673906
1776515320.661511,0.7340135259915512,0.4413237443669613,0.7761404848596762,0.38062865766217313,1.1783223152160645,2.316675226408282,1.8658873258292068,1.6035548448562622,1.1783223152160645,1.228593349456787,0.15752290317471077,0.09038956276020432,9.92318497853287
1776515320.709598,0.7536600140013758,0.45980503249763616,0.7782914524898477,0.3557889335042459,1.1790342330932617,2.284552995415334,1.829803038848215,1.631724238395691,1.1790342330932617,1.2173042297363281,0.14249133335488293,0.07276870192312118,9.910764141364343
1776515320.759532,0.7536600140013758,0.45980503249763616,0.7889427879264309,0.31711962704026786,1.1790342330932617,2.284552995415334,1.829803038848215,1.631724238395691,1.1790342330932617,1.2173042297363281,0.14249133335488293,0.07276870192312118,9.910764141364343
1776515320.8106897,0.7562888480030151,0.4112821578616349,0.7889427879264309,0.31711962704026786,1.1790342330932617,2.284552995415334,1.829803038848215,1.631724238395691,1.1790342330932617,1.2173042297363281,0.13533640235851194,0.06416610018423241,9.904296787049915
1776515320.8594263,0.7676153126026783,0.4099849839059564,0.7885619189663043,0.2930293432866434,1.1701723337173462,2.270827098757332,1.8137221771726173,1.665506362915039,1.1701723337173462,1.224650263786316,0.12862765587708333,0.05595965734104186,9.897659011328424
1776515320.909712,0.7667862297687811,0.3799647620568507,0.8,0.272190806507324,1.1701723337173462,2.270827098757332,1.8137221771726173,1.665506362915039,1.1701723337173462,1.224650263786316,0.12244501388815099,0.0482645627949192,9.890927671324112
1776515320.9612367,0.78191096765448,0.3955403661440263,0.8,0.2513581807161349,1.1701723337173462,2.270827098757332,1.8137221771726173,1.665506362915039,1.1701723337173462,1.224650263786316,0.12030031485432788,0.04042789293424043,9.883990774397978
1776515321.0094075,0.7907890062613375,0.36590291382100565,0.8,0.24144729983270896,1.1670490503311157,2.273339252026405,1.8242827292888923,1.7037736177444458,1.1670490503311157,1.2274912595748901,0.11377875494911313,0.03296345050920879,9.8769277146498
1776515321.0614436,0.7872320836182457,0.3186015836160888,0.8,0.2063173678186472,1.1670490503311157,2.273339252026405,1.8242827292888923,1.7037736177444458,1.1670490503311157,1.2274912595748901,0.10793409644000587,0.02617455536847485,9.869732611811182
1776515321.109681,0.7872320836182457,0.3186015836160888,0.8,0.18697046535093223,1.1670490503311157,2.273339252026405,1.8242827292888923,1.7037736177444458,1.1670490503311157,1.2274912595748901,0.10793409644000587,0.02617455536847485,9.869732611811182
1776515321.1605153,0.7765382276153072,0.27481190364854907,0.8,0.18697046535093223,1.1670490503311157,2.273339252026405,1.8242827292888923,1.7037736177444458,1.1670490503311157,1.2274912595748901,0.1031136361384404,0.020481914094545473,9.862547250298478
1776515321.2156813,0.775394743935779,0.27386271545985,0.8,0.15542222400112407,1.1749186515808105,2.270854115486145,1.8189693546314083,1.7208071947097778,1.1749186515808105,1.2199995517730713,0.09863267587679281,0.015104395572403229,9.85534285754595
1776515321.262679,0.7774587700243444,0.26912872110172853,0.8,0.14039095015574252,1.1749186515808105,2.270854115486145,1.8189693546314083,1.7208071947097778,1.1749186515808105,1.2199995517730713,0.09430218409628391,0.009824309743320492,9.848075522991312
1776515321.3111079,0.7823906768629859,0.2681836485038938,0.8,0.11253050957406366,1.1736104488372803,2.2717208710122616,1.8222555850923892,1.7131682634353638,1.1736104488372803,1.2299197912216187,0.0905189573139506,0.004534036310317013,9.840736741545843
1776515321.3595283,0.7821963204309025,0.23953545965420325,0.8,0.1074454275578765,1.1736104488372803,2.2717208710122616,1.8222555850923892,1.7131682634353638,1.1736104488372803,1.2299197912216187,0.08617778992467123,-0.00037344881047435274,9.833331019115258
1776515321.4094183,0.7855933064969259,0.21870252470342083,0.8,0.09437125339464954,1.172203779220581,2.2700318017566126,1.8190530067701862,1.6727513074874878,1.172203779220581,1.2287213802337646,0.08228642548168241,-0.004844766165543413,9.825869283964169
1776515321.46391,0.7930740844083458,0.20721676845136067,0.8,0.11022761510574289,1.172203779220581,2.2700318017566126,1.8190530067701862,1.6727513074874878,1.172203779220581,1.2287213802337646,0.07871878002131377,-0.00903902915818694,9.818309378758057
1776515321.5135128,0.7930740844083458,0.20721676845136067,0.8,0.09803344180478823,1.172203779220581,2.2700318017566126,1.8190530067701862,1.6727513074874878,1.172203779220581,1.2287213802337646,0.07871878002131377,-0.00903902915818694,9.818309378758057
1776515321.5625002,0.798370586983424,0.17556235723165736,0.8,0.09803344180478823,1.172203779220581,2.2700318017566126,1.8190530067701862,1.6727513074874878,1.172203779220581,1.2287213802337646,0.0755691152738836,-0.012799073383756798,9.8106452933418
1776515321.6107392,0.7954058010596309,0.14990320066588847,0.8,0.08734866970762188,1.1671080589294434,2.2647095051879247,1.8065449575319774,1.6641387939453125,1.1671080589294434,1.2302762269973755,0.07304042398641875,-0.015862482295551317,9.802934108638729
1776515321.662255,0.7921358768349387,0.1223093910913219,0.8,0.09061843007477283,1.1671080589294434,2.2647095051879247,1.8065449575319774,1.6641387939453125,1.1671080589294434,1.2302762269973755,0.07097099587721145,-0.018404125553562023,9.795239816893297
1776515321.7096162,0.7881167354270111,0.11358809886463002,0.8,0.08384431329610506,1.1658748388290405,2.2677658772049516,1.8132024340301536,1.6416761875152588,1.1658748388290405,1.2311395406723022,0.0671768991557263,-0.02056938994391605,9.787564840280737
1776515321.7595284,0.7883982692148277,0.11963622799433395,0.8,0.07336320842566926,1.1658748388290405,2.2677658772049516,1.8132024340301536,1.6416761875152588,1.1658748388290405,1.2311395406723022,0.06513939128069501,-0.022874826955340377,9.779893073330738
1776515321.8095872,0.7915547911712784,0.13143949867944743,0.8,0.06609090384163054,1.1658748388290405,2.2677658772049516,1.8132024340301536,1.6416761875152588,1.1658748388290405,1.2311395406723022,0.06299728443125527,-0.02533381338184948,9.772179392401602
1776515321.8601532,0.7927203244482627,0.12158823425024659,0.8,0.058993971652486266,1.166458010673523,2.2642672954059995,1.805749062552101,1.6515321731567383,1.166458010673523,1.2374136447906494,0.060879201741723676,-0.02783240260149422,9.764449580412325
1776515321.9151924,0.7939343834236932,0.10956501947061051,0.8,0.06108377851048756,1.166458010673523,2.2642672954059995,1.805749062552101,1.6515321731567383,1.166458010673523,1.2374136447906494,0.0589783230782604,-0.030122266556753208,9.756694336253236
1776515321.9602184,0.7947561548353876,0.1013200738310865,0.8,0.05470230958233478,1.166458010673523,2.2642672954059995,1.805749062552101,1.6515321731567383,1.166458010673523,1.2374136447906494,0.05729426423190401,-0.032190378629193495,9.748918777614218
1776515322.0094323,0.7996666276385911,0.09884346301209523,0.8,0.04904221256194853,1.1637911796569824,2.2660367698387125,1.810909152037939,1.6280196905136108,1.1637911796569824,1.2353770732879639,0.05228932808830539,-0.03419099829918987,9.741126011554433
1776515322.0822423,0.8011033538926278,0.0719517865824124,0.8,0.04143131049372842,1.1637911796569824,2.2660367698387125,1.810909152037939,1.6280196905136108,1.1637911796569824,1.2353770732879639,0.05228932808830539,-0.03419099829918987,9.741126011554433
1776515322.1140628,0.8011033538926278,0.0719517865824124,0.8,0.04144324825893117,1.1637911796569824,2.2660367698387125,1.810909152037939,1.6280196905136108,1.1637911796569824,1.2353770732879639,0.05087985746212906,-0.03579117522890207,9.733277739666685
1776515322.159769,0.7972662848846999,0.04878390300670067,0.8,0.03677668578318685,1.164177417755127,2.265415160111208,1.8102606487784823,1.6259536743164062,1.164177417755127,1.2429053783416748,0.04986498254267177,-0.03695372043575723,9.725435409128757
1776515322.213327,0.793410363073626,0.034507691648652306,0.8,0.039145778133346076,1.164177417755127,2.265415160111208,1.8102606487784823,1.6259536743164062,1.164177417755127,1.2429053783416748,0.04916919376889986,-0.037735483980938456,9.717618938583051
1776515322.2598298,0.7927207542567176,0.04921624071439845,0.8,0.03704346944040768,1.164177417755127,2.265415160111208,1.8102606487784823,1.6259536743164062,1.164177417755127,1.2429053783416748,0.048488543352559116,-0.03852182789971559,9.70984076014442
1776515322.3172693,0.7928849411467742,0.05846355086162169,0.8,0.03480146764330436,1.1545413732528687,2.2622472066552852,1.8035908798493232,1.6171966791152954,1.1545413732528687,1.2376031875610352,0.04759795777567019,-0.039581698425999956,9.702070648763392
1776515322.3637595,0.7928849411467742,0.05846355086162169,0.8,0.040765075941355394,1.1545413732528687,2.2622472066552852,1.8035908798493232,1.6171966791152954,1.1545413732528687,1.2376031875610352,0.04759795777567019,-0.039581698425999956,9.702070648763392
1776515322.4095354,0.7953519634376746,0.06669055010265676,0.8,0.0253643028103043,1.1545413732528687,2.2622472066552852,1.8035908798493232,1.6171966791152954,1.1545413732528687,1.2376031875610352,0.04246176472830751,-0.04086160590473448,9.694280938633062
1776515322.4597096,0.7966143408073222,0.06789220654933147,0.8,0.021252074864446163,1.1584348678588867,2.261764130473247,1.8007962702325537,1.6141691207885742,1.1584348678588867,1.2387725114822388,0.04123086182763738,-0.04224751571658031,9.686492299522245
1776515322.5096679,0.7972215105084289,0.053810564551957075,0.8,0.017683385871881008,1.1584348678588867,2.261764130473247,1.8007962702325537,1.6141691207885742,1.1584348678588867,1.2387725114822388,0.04020741292478672,-0.043427333541594226,9.678708314636996
1776515322.5610788,0.798815151232883,0.04562675456067321,0.8,0.017683385871881008,1.1584348678588867,2.261764130473247,1.8007962702325537,1.6141691207885742,1.1584348678588867,1.2387725114822388,0.03940145999427344,-0.04438501665186939,9.670923957097136
1776515322.6095278,0.8014195749224647,0.035879357768518395,0.8,0.023888674072881366,1.1548305749893188,2.265742802377325,1.8106373869938637,1.6008269786834717,1.1548305749893188,1.2448621988296509,0.03879093331509842,-0.045118385436635544,9.663119994359347
1776515322.6614144,0.8013892775645741,0.04092859313503182,0.8,0.021810692447599395,1.1548305749893188,2.265742802377325,1.8106373869938637,1.6008269786834717,1.1548305749893188,1.2448621988296509,0.0382515628951868,-0.045775682347437285,9.655311033950431
1776515322.7096298,0.7966184261576472,0.025028674709746013,0.8,0.020028399966490973,1.1548305749893188,2.265742802377325,1.8106373869938637,1.6008269786834717,1.1548305749893188,1.2448621988296509,0.03776592066515433,-0.046364884118520966,9.64752999679579
1776515322.7601671,0.7966184261576472,0.025028674709746013,0.8,0.01864731175247311,1.1589279174804688,2.262405992657029,1.8021511412287838,1.5991168022155762,1.1589279174804688,1.2406176328659058,0.03776592066515433,-0.046364884118520966,9.64752999679579
1776515322.809845,0.7941004301377304,0.0159210569871898,0.8,0.01570895468667846,1.1589279174804688,2.262405992657029,1.8021511412287838,1.5991168022155762,1.1589279174804688,1.2406176328659058,0.03284543436165341,-0.04664779654522244,9.639780237240947
1776515322.859605,0.7939148114765264,0.02978142688774774,0.7977215286378649,0.0015552627115947848,1.1589279174804688,2.262405992657029,1.8021511412287838,1.5991168022155762,1.1589279174804688,1.2406176328659058,0.032459892968484616,-0.0470594771472132,9.632059840305798
1776515322.9096632,0.795645586177112,0.04625238905295702,0.8,0.027930022418301892,1.1570130586624146,2.264257649599017,1.8078178562663674,1.5921931266784668,1.1570130586624146,1.2492696046829224,0.03184241659116119,-0.04775015936009669,9.624348923001294
1776515322.9590178,0.7945197705266734,0.037332351723605044,0.8,0.02587816994012007,1.1570130586624146,2.264257649599017,1.8078178562663674,1.5921931266784668,1.1570130586624146,1.2492696046829224,0.03119940288652462,-0.04850501437388105,9.616658359073627
1776515323.0109496,0.7984756086745255,0.04264738260071784,0.8,0.023783723116239608,1.1570130586624146,2.264257649599017,1.8078178562663674,1.5921931266784668,1.1570130586624146,1.2492696046829224,0.030500522948699427,-0.049349340746913106,9.608944838509569
1776515323.060174,0.7993910697262376,0.035803211032275385,0.8,0.02550840479947966,1.1560622453689575,2.2671152084211195,1.8155334382785588,1.5873749256134033,1.1560622453689575,1.2553002834320068,0.02989428350790413,-0.0501036241195964,9.601239143027158
1776515323.1106493,0.8004393528307824,0.033432753546862905,0.8,0.02344261239366327,1.1560622453689575,2.2671152084211195,1.8155334382785588,1.5873749256134033,1.1560622453689575,1.2553002834320068,0.024330306946093394,2.918590681984055,9.593536250620089
1776515323.160185,0.8010407941249563,0.03624879018691901,0.8,0.02174781507284418,1.153896689414978,2.2626330628646514,1.807453206589623,1.5757101774215698,1.153896689414978,1.2490918636322021,0.023810874133792764,2.9179941334384205,9.585834012728048
1776515323.2227583,0.8010407941249563,0.03624879018691901,0.8,-0.017934333927304646,1.153896689414978,2.2626330628646514,1.807453206589623,1.5757101774215698,1.153896689414978,1.2490918636322021,0.023810874133792764,2.9179941334384205,9.585834012728048
1776515323.2595208,0.8007374815167481,0.034261286331606376,0.8,-0.017934333927304646,1.153896689414978,2.2626330628646514,1.807453206589623,1.5757101774215698,1.153896689414978,1.2490918636322021,0.02329522348533447,2.9173975273907593,9.578136169709717
1776515323.3136938,0.7949880793774475,0.014822698328192028,0.8,-0.019631561131955882,1.153896689414978,2.2626330628646514,1.807453206589623,1.5757101774215698,1.153896689414978,1.2490918636322021,0.022946947008909035,2.9169988567184113,9.57048057283578
1776515323.3646672,0.7949880793774475,0.014822698328192028,0.8,-0.02051865992815044,1.1504957675933838,2.2650492274022347,1.8121834701991721,1.5821305513381958,1.1504957675933838,1.2559272050857544,0.022946947008909035,2.9169988567184113,9.57048057283578
1776515323.41527,0.7939769458008482,0.004833820447235588,0.8,-0.01692149882091304,1.1504957675933838,2.2650492274022347,1.8121834701991721,1.5821305513381958,1.1504957675933838,1.2559272050857544,0.02285889096808283,2.9169302248743247,9.562849144929423
1776515323.463711,0.7930077567503301,0.013028288471857554,0.8,-0.017080786220082023,1.1504957675933838,2.2650492274022347,1.8121834701991721,1.5821305513381958,1.1504957675933838,1.2559272050857544,0.022725231124589046,2.916799111363462,9.555247961441596
1776515323.5094905,0.796824858702133,0.007900422005651216,0.8,-0.017475824645116794,1.14346444606781,2.266206686084299,1.8159037656684711,1.5719913244247437,1.14346444606781,1.2497395277023315,0.03298039738830785,-0.1474330816647988,9.547648809229601
1776515323.5602112,0.7989918814735592,0.005407554068122857,0.8,-0.014929621782618335,1.14346444606781,2.266206686084299,1.8159037656684711,1.5719913244247437,1.14346444606781,1.2497395277023315,0.018201343749246424,-0.14753190567369207,9.54005003574313
1776515323.609876,0.7989918814735592,0.005407554068122857,0.7995129150441204,-0.05764787241486405,1.14346444606781,2.266206686084299,1.8159037656684711,1.5719913244247437,1.14346444606781,1.2497395277023315,0.018201343749246424,-0.14753190567369207,9.54005003574313
1776515323.6618233,0.7989918814735592,0.005407554068122857,0.7995129150441204,-0.05764787241486405,1.14346444606781,2.266206686084299,1.8159037656684711,1.5719913244247437,1.14346444606781,1.2497395277023315,0.018201343749246424,-0.14753190567369207,9.54005003574313
1776515323.7715714,0.7989918814735592,0.005407554068122857,0.7995129150441204,-0.05764787241486405,1.14346444606781,2.266206686084299,1.8159037656684711,1.5719913244247437,1.14346444606781,1.2497395277023315,0.018201343749246424,-0.14753190567369207,9.54005003574313
1776515323.818013,0.7989918814735592,0.005407554068122857,0.7995129150441204,-0.05764787241486405,1.14346444606781,2.266206686084299,1.8159037656684711,1.5719913244247437,1.14346444606781,1.2497395277023315,0.018201343749246424,-0.14753190567369207,9.54005003574313
1776515323.861697,0.7972689375341702,-0.013773222919374934,0.7995129150441204,-0.05764787241486405,1.14346444606781,2.266206686084299,1.8159037656684711,1.5719913244247437,1.14346444606781,1.2497395277023315,0.018408904869847587,-0.1472928004483971,9.524924938701254
1776515323.9095736,0.7992188909540267,-0.025682410530808684,0.8,-0.04845110867187366,1.1401879787445068,2.2638504640798014,1.8118255059010524,1.5710331201553345,1.1401879787445068,1.2564201354980469,0.018858858582727955,-0.1467603476235228,9.517389954835714
1776515323.9596305,0.8012266535776252,-0.025776814126030483,0.8,-0.04692612930012641,1.1428203582763672,2.2642077929878766,1.8135015847824068,1.5649415254592896,1.1428203582763672,1.2552706003189087,0.019383808585706708,-0.14612450298187107,9.509858056439306
1776515324.0095756,0.8004026231319017,-0.02514541022834243,0.8,-0.04630299264778304,1.1428203582763672,2.2642077929878766,1.8135015847824068,1.5649415254592896,1.1428203582763672,1.2552706003189087,0.019892048516193223,-0.14550271383373392,9.502359174887655
1776515324.0599606,0.7981980472726958,-0.02447550669843058,0.8,-0.04450406973140006,1.1453282833099365,2.2681327107656233,1.8226367400345984,1.5650525093078613,1.1453282833099365,1.255582332611084,0.020418240832810464,-0.14481854164418984,9.49489268860546
1776515324.110919,0.8022420170796691,-0.03628393449209705,0.8,-0.04688714497861465,1.1453282833099365,2.2681327107656233,1.8226367400345984,1.5650525093078613,1.1453282833099365,1.255582332611084,0.006659857739095498,-0.14403623621842038,9.487452980611813
1776515324.159528,0.7979046948911536,-0.01651388058652848,0.7985128142728436,-0.08403493414588131,1.1453282833099365,2.2681327107656233,1.8226367400345984,1.5650525093078613,1.1453282833099365,1.255582332611084,0.007302132427544988,-0.14330069817366187,9.480057739543529
1776515324.2137456,0.796118542852828,0.007303957088474218,0.7985128142728436,-0.08403493414588131,1.1366158723831177,2.2652415226831355,1.817637302085232,1.5803587436676025,1.1366158723831177,1.2613368034362793,0.007488922532826514,-0.14308065320519603,9.47272502360873
1776515324.2596846,0.796118542852828,0.007303957088474218,0.8,-0.07716416028823828,1.1366158723831177,2.2652415226831355,1.817637302085232,1.5803587436676025,1.1366158723831177,1.2613368034362793,0.007488922532826514,-0.14308065320519603,9.47272502360873
1776515324.30996,0.8003554054224903,-0.044812053824965156,0.8,-0.07711153505861282,1.1366158723831177,2.2652415226831355,1.817637302085232,1.5803587436676025,1.1366158723831177,1.2613368034362793,0.00881207227746364,-0.14147312723687816,9.458094721047214
1776515324.3657415,0.8007109434902333,-0.04491871116144499,0.8,-0.07262009397244498,1.1453572511672974,2.2692243051573042,1.8254277820119897,1.5790153741836548,1.1453572511672974,1.2613223791122437,0.009658225331455605,-0.14042838655651108,9.45081318399921
1776515324.409426,0.8010448530239901,-0.040511821568322386,0.8,-0.07802105882113411,1.1453572511672974,2.2692243051573042,1.8254277820119897,1.5790153741836548,1.1453572511672974,1.2613223791122437,-0.003446762328145059,-0.13943219621501574,9.443565245938629
1776515324.460619,0.8010448530239901,-0.040511821568322386,0.8,-0.11541462120550289,1.1453572511672974,2.2692243051573042,1.8254277820119897,1.5790153741836548,1.1453572511672974,1.2613223791122437,-0.003446762328145059,-0.13943219621501574,9.443565245938629
1776515324.5116403,0.8055621681378927,-0.04790965462045992,0.8,-0.11232361751323183,1.1334987878799438,2.2712132285635964,1.8314566608334082,1.560556411743164,1.1334987878799438,1.2694557905197144,-0.0015239892792912046,-0.1372339684070631,9.429153751211329
1776515324.5635636,0.7999795456402137,-0.09327515950741268,0.8,-0.08951675807004333,1.1334987878799438,2.2712132285635964,1.8314566608334082,1.560556411743164,1.1334987878799438,1.2694557905197144,-0.00025765793772331014,-0.13572313455810991,9.421992864846727
1776515324.6106837,0.7988988282077346,-0.07304300615953288,0.8,-0.08489186693421552,1.142690658569336,2.2720420095900713,1.834189509132558,1.5782098770141602,1.142690658569336,1.264991283416748,0.0012607083155294352,-0.13388832041956233,9.41491327597082
1776515324.6594613,0.7945346660189032,-0.04382532956288526,0.8,-0.09708585090943067,1.142690658569336,2.2720420095900713,1.834189509132558,1.5782098770141602,1.142690658569336,1.264991283416748,0.0023153178764644677,-0.13259216087520664,9.40790935039601
1776515324.710023,0.7945346660189032,-0.04382532956288526,0.8,-0.09337948382143546,1.142690658569336,2.2720420095900713,1.834189509132558,1.5782098770141602,1.142690658569336,1.264991283416748,0.0023153178764644677,-0.13259216087520664,9.40790935039601
1776515324.7594903,0.7946520700106663,-0.029137693749504073,0.8,-0.09337948382143546,1.1256427764892578,2.274230726332051,1.838940889605533,1.589394450187683,1.1256427764892578,1.270714282989502,-0.01025778449686765,-0.1318680068132072,9.400965722922253
1776515324.8097749,0.7946520700106663,-0.029137693749504073,0.8,-0.11771667475090208,1.1256427764892578,2.274230726332051,1.838940889605533,1.589394450187683,1.1256427764892578,1.270714282989502,-0.01025778449686765,-0.1318680068132072,9.400965722922253
1776515324.8597822,0.7992627433357903,-0.06569537261891695,0.8,-0.11771667475090208,1.1256427764892578,2.274230726332051,1.838940889605533,1.589394450187683,1.1256427764892578,1.270714282989502,-0.009307610896538199,-0.13078341625724488,9.394012393909925
1776515324.9112937,0.8001176296121312,-0.08299438375388063,0.8,-0.11456406789912071,1.1256427764892578,2.274230726332051,1.838940889605533,1.589394450187683,1.1256427764892578,1.270714282989502,-0.007863035564449256,-0.12911235382258263,9.3870919661516
1776515324.963663,0.8007912651527509,-0.07914266226977798,0.8,-0.10965702883531792,1.1388139724731445,2.2748380275262274,1.8410452839487588,1.5856832265853882,1.1388139724731445,1.2694272994995117,-0.006467115905606752,-0.1274699549076883,9.380208523305424
1776515325.0095782,0.8010985518005257,-0.07354526161612016,0.8,-0.11531557721265934,1.1388139724731445,2.2748380275262274,1.8410452839487588,1.5856832265853882,1.1388139724731445,1.2694272994995117,-0.0051874562949859315,-0.12593562779539003,9.373367279942242
1776515325.059669,0.8014436716621082,-0.07850855524559185,0.8,-0.11097505261566648,1.1388139724731445,2.2748380275262274,1.8410452839487588,1.5856832265853882,1.1388139724731445,1.2694272994995117,-0.0038797781541672627,-0.12433593292554007,9.366567967354104
1776515325.1135457,0.8010906714952498,-0.07860786277935489,0.8,-0.10166467461306411,1.129554033279419,2.282004003388037,1.8587091678511853,1.5843336582183838,1.129554033279419,1.2726815938949585,-0.0038797781541672627,-0.12433593292554007,9.366567967354104
1776515325.1618528,0.8010906714952498,-0.07860786277935489,0.8,-0.13263728017482623,1.129554033279419,2.282004003388037,1.8587091678511853,1.5843336582183838,1.129554033279419,1.2726815938949585,-0.014853235264131515,-0.12275813223904691,9.359819740765339
1776515325.2095768,0.7998844865343049,-0.08269986995706367,0.8,-0.13263728017482623,1.129554033279419,2.282004003388037,1.8587091678511853,1.5843336582183838,1.129554033279419,1.2726815938949585,-0.013384422508107396,-0.12109828148581647,9.353123980623774
1776515325.2595391,0.7993429021609963,-0.0916692467580205,0.8,-0.127623821475157,1.1306254863739014,2.281245726550982,1.8569035197054309,1.602530598640442,1.1306254863739014,1.276853322982788,-0.011790041605109769,-0.11925819415010397,9.346471240707185
1776515325.3096762,0.7993429021609963,-0.0916692467580205,0.8,-0.12639641851398764,1.1306254863739014,2.281245726550982,1.8569035197054309,1.602530598640442,1.1306254863739014,1.276853322982788,-0.011790041605109769,-0.11925819415010397,9.346471240707185
1776515325.3816123,0.7988992144979935,-0.08150857752871694,0.8,-0.12639641851398764,1.1306254863739014,2.281245726550982,1.8569035197054309,1.602530598640442,1.1306254863739014,1.276853322982788,-0.010379919751028921,-0.11759865141460957,9.339875756354894
1776515325.413527,0.796825252911318,-0.07977398443835385,0.8,-0.12161392676456334,1.1277947425842285,2.2874850513315335,1.8706217101782996,1.5980223417282104,1.1277947425842285,1.2678651809692383,-0.008998963671775384,-0.11593644379779905,9.33332935061877
1776515325.4604597,0.7959938017702267,-0.07329203989442841,0.8,-0.12264929211041214,1.1277947425842285,2.2874850513315335,1.8706217101782996,1.5980223417282104,1.1277947425842285,1.2678651809692383,-0.007715042038046821,-0.11437084680185378,9.326849221931768
1776515325.5126517,0.7959938017702267,-0.07329203989442841,0.8,-0.11824759196291168,1.1277947425842285,2.2874850513315335,1.8706217101782996,1.5980223417282104,1.1277947425842285,1.2678651809692383,-0.007715042038046821,-0.11437084680185378,9.326849221931768
1776515325.5599434,0.7946469395891461,-0.05013202731821158,0.8,-0.11824759196291168,1.1277947425842285,2.2874850513315335,1.8706217101782996,1.5980223417282104,1.1277947425842285,1.2678651809692383,-0.017863060464848146,-0.11297206555917078,9.320415648781703
1776515325.6105077,0.7946469395891461,-0.05013202731821158,0.7994275868075538,-0.14693189748468477,1.1144059896469116,2.2884426532687137,1.874202817836119,1.6135802268981934,1.1144059896469116,1.2643033266067505,-0.017863060464848146,-0.11297206555917078,9.320415648781703
1776515325.6595163,0.7842744631592001,0.02359728743084482,0.7955156721765297,-0.14421670455262958,1.1144059896469116,2.2884426532687137,1.874202817836119,1.6135802268981934,1.1144059896469116,1.2643033266067505,-0.017631048235274505,-0.11270846347259061,9.307769995085577
1776515325.7095113,0.7842744631592001,0.02359728743084482,0.7935911883573894,-0.14464373401460284,1.1144059896469116,2.2884426532687137,1.874202817836119,1.6135802268981934,1.1144059896469116,1.2643033266067505,-0.017631048235274505,-0.11270846347259061,9.307769995085577
1776515325.7607012,0.7750604138321654,0.08359863462392651,0.7906307039532532,-0.14513823426381817,1.1225160360336304,2.295965517703082,1.8911545663565161,1.6137199401855469,1.1225160360336304,1.2725813388824463,-0.018704543573701438,-0.11396619253261697,9.295337951859066
1776515325.8102643,0.7603215364428414,0.12675012375302974,0.794488003605527,-0.1534880414028672,1.1225160360336304,2.295965517703082,1.8911545663565161,1.6137199401855469,1.1225160360336304,1.2725813388824463,-0.02018530418039849,-0.11575168979370287,9.289226928431203
1776515325.8642123,0.7563509020761108,0.15585593612502632,0.7805342300105786,-0.15491104725739185,1.1299792528152466,2.2948804780578964,1.8906874058409868,1.5848294496536255,1.1299792528152466,1.2702281475067139,-0.02230612544695887,-0.11834866867148203,9.283165392390915
1776515325.909596,0.7637011302457501,0.223725879240654,0.7784939463485386,-0.16197544120013485,1.1299792528152466,2.2948804780578964,1.8906874058409868,1.5848294496536255,1.1299792528152466,1.2702281475067139,-0.03718397234142845,-0.12176382469779046,9.277081931246116
1776515325.9656188,0.7621006081716913,0.2689011260728388,0.7830979415904546,-0.20668997344556678,1.1299792528152466,2.2948804780578964,1.8906874058409868,1.5848294496536255,1.1299792528152466,1.2702281475067139,-0.041246056443553,-0.12637700282259,9.270937310239994
1776515326.0099978,0.7621006081716913,0.2689011260728388,0.7828091926542431,-0.22030036456622654,1.1271616220474243,2.303424523121554,1.9107433447780067,1.5719586610794067,1.1271616220474243,1.2783889770507812,-0.041246056443553,-0.12637700282259,9.270937310239994
1776515326.0760825,0.7444162552671775,0.27653826320643493,0.7847004768579734,-0.21359170443580877,1.1271616220474243,2.303424523121554,1.9107433447780067,1.5719586610794067,1.1271616220474243,1.2783889770507812,-0.045549621042728416,-0.13134862474157982,9.26486380923855
1776515326.1102881,0.7444162552671775,0.27653826320643493,0.7730781151297677,-0.22738277550890423,1.1271616220474243,2.303424523121554,1.9107433447780067,1.5719586610794067,1.1271616220474243,1.2783889770507812,-0.045549621042728416,-0.13134862474157982,9.26486380923855
1776515326.161724,0.7364100080764012,0.27457505913845154,0.7730781151297677,-0.22738277550890423,1.1271616220474243,2.303424523121554,1.9107433447780067,1.5719586610794067,1.1271616220474243,1.2783889770507812,-0.050025268601192524,-0.1366107429497156,9.258839643450195
1776515326.2096486,0.7364100080764012,0.27457505913845154,0.767387943940632,-0.24211223590652492,1.1271616220474243,2.303424523121554,1.9107433447780067,1.5719586610794067,1.1271616220474243,1.2783889770507812,-0.050025268601192524,-0.1366107429497156,9.258839643450195
1776515326.2634337,0.7418760616062832,0.10990604127753785,0.7655379742905836,-0.2269767332781894,1.113391399383545,2.302755623146078,1.9089854720628208,1.5640127658843994,1.113391399383545,1.279969573020935,-0.053080540417760974,-0.14025268452775053,9.252769940628458
1776515326.309805,0.751534370833213,0.013074441067381298,0.7642664825932804,-0.23704496783406442,1.113391399383545,2.302755623146078,1.9089854720628208,1.5640127658843994,1.113391399383545,1.279969573020935,-0.05365169963927524,-0.14094604181160408,9.246602740775966
1776515326.3676956,0.7767091716050336,-0.08071833419172508,0.7677375479966821,-0.23905123323620903,1.113391399383545,2.302755623146078,1.9089854720628208,1.5640127658843994,1.113391399383545,1.279969573020935,-0.06680906091828126,-0.13995237577450476,9.240303747304598
1776515326.4091973,0.7790560218559596,-0.07879539016257461,0.7795349489285787,-0.2772596722906679,1.1239327192306519,2.3088585185739974,1.922334035889994,1.5387592315673828,1.1239327192306519,1.2872422933578491,-0.06680906091828126,-0.13995237577450476,9.240303747304598
1776515326.476105,0.7722192377466252,-0.1158050731743144,0.7820275311139233,-0.2693433926243344,1.1239327192306519,2.3088585185739974,1.922334035889994,1.5387592315673828,1.1239327192306519,1.2872422933578491,-0.0633860882633612,-0.13606390077405928,9.22764125039355
1776515326.509683,0.7722192377466252,-0.1158050731743144,0.7767486461988962,-0.26323241508323036,1.1239327192306519,2.3088585185739974,1.922334035889994,1.5387592315673828,1.1239327192306519,1.2872422933578491,-0.0633860882633612,-0.13606390077405928,9.22764125039355
1776515326.5616844,0.7650614446899352,-0.10445606517150322,0.7767486461988962,-0.26323241508323036,1.1239327192306519,2.3088585185739974,1.922334035889994,1.5387592315673828,1.1239327192306519,1.2872422933578491,-0.06116121417802911,-0.1335100471511776,9.22151783293014
1776515326.619945,0.7700297702047824,-0.15412075576033502,0.772611598675954,-0.25550031657023536,1.1175674200057983,2.3125682471528526,1.9319581245677122,1.568170428276062,1.1175674200057983,1.2789052724838257,-0.0591609964868077,-0.13113303423343192,9.215406148626842
1776515326.6590085,0.7690181299050625,-0.20723567340222995,0.7735338007516511,-0.2628447950103614,1.1175674200057983,2.3125682471528526,1.9319581245677122,1.568170428276062,1.1175674200057983,1.2789052724838257,-0.05628525301347756,-0.12765746210208612,9.209345014344288
1776515326.7095742,0.777048725108167,-0.20894328088996802,0.7716700351661875,-0.2529270786540128,1.1170836687088013,2.3205335000176657,1.9481092529829707,1.5790756940841675,1.1170836687088013,1.2791324853897095,-0.05628525301347756,-0.12765746210208612,9.209345014344288
1776515326.7595341,0.777048725108167,-0.20894328088996802,0.778326672520299,-0.24934222038467752,1.1170836687088013,2.3205335000176657,1.9481092529829707,1.5790756940841675,1.1170836687088013,1.2791324853897095,-0.05288948280721445,-0.12347708413283565,9.20333954736677
1776515326.8136835,0.7746010367658825,-0.20118980068666326,0.778326672520299,-0.24934222038467752,1.1170836687088013,2.3205335000176657,1.9481092529829707,1.5790756940841675,1.1170836687088013,1.2791324853897095,-0.061600223520530795,-0.11945580338747447,9.197392486868681
1776515326.859706,0.7804756275608471,-0.19387160942425102,0.7756387095424412,-0.27273799905377283,1.1153064966201782,2.323699158281226,1.9575457951943163,1.5809611082077026,1.1153064966201782,1.2664361000061035,-0.05825327111132239,-0.11565793551396925,9.191482533039906
1776515326.9107673,0.7771150981711975,-0.20149535887299333,0.7719723258605762,-0.27224244816990756,1.1153064966201782,2.323699158281226,1.9575457951943163,1.5809611082077026,1.1153064966201782,1.2664361000061035,-0.05482371870404823,-0.11169675199864704,9.185676046089457
1776515326.9625275,0.7765690521441143,-0.20323316393500318,0.7698824193629785,-0.26055334658259094,1.1153064966201782,2.323699158281226,1.9575457951943163,1.5809611082077026,1.1153064966201782,1.2664361000061035,-0.05143037341623152,-0.10770593888884028,9.179950198263416
1776515327.010609,0.7710979047866393,-0.2043893606984482,0.7697492417047579,-0.24907160263436223,1.1160162687301636,2.336690132756899,1.9820828155338188,1.5947316884994507,1.1160162687301636,1.281150221824646,-0.04814797565096185,-0.10377245647380973,9.174340284052011
1776515327.06014,0.7710979047866393,-0.2043893606984482,0.7768649920188128,-0.23981259105997293,1.1160162687301636,2.336690132756899,1.9820828155338188,1.5947316884994507,1.1160162687301636,1.281150221824646,-0.04814797565096185,-0.10377245647380973,9.174340284052011
1776515327.1096847,0.7692302776051656,-0.22147436333495543,0.7768649920188128,-0.23981259105997293,1.1160162687301636,2.336690132756899,1.9820828155338188,1.5947316884994507,1.1160162687301636,1.281150221824646,-0.04480518242794196,-0.0996826066164444,9.168811743451224
1776515327.159899,0.7692302776051656,-0.22147436333495543,0.7754668525681033,-0.2283544751758897,1.1160162687301636,2.336690132756899,1.9820828155338188,1.5947316884994507,1.1160162687301636,1.281150221824646,-0.04480518242794196,-0.0996826066164444,9.168811743451224
1776515327.2105358,0.7630281617086684,-0.2896327982108945,0.768755300634291,-0.2413609104203321,1.1184896230697632,2.346036933617499,2.002140731124719,1.6242189407348633,1.1184896230697632,1.2792516946792603,-0.05017180605334148,-0.09461015879090195,9.163407649283922
1776515327.2609062,0.7630281617086684,-0.2896327982108945,0.7721656957972426,-0.2606685993789723,1.1184896230697632,2.346036933617499,2.002140731124719,1.6242189407348633,1.1184896230697632,1.2792516946792603,-0.05017180605334148,-0.09461015879090195,9.163407649283922
1776515327.3096802,0.757435930351119,-0.3022194615148956,0.7721656957972426,-0.2606685993789723,1.1184896230697632,2.346036933617499,2.002140731124719,1.6242189407348633,1.1184896230697632,1.2792516946792603,-0.04510897215184889,-0.08891692287471076,9.158159542603896
1776515327.3691647,0.7597134393607232,-0.29517449901760395,0.7686835899543278,-0.24347243128010188,1.1184896230697632,2.346036933617499,2.002140731124719,1.6242189407348633,1.1184896230697632,1.2792516946792603,-0.04001337015360856,-0.0830888117053229,9.153018397864495
1776515327.415693,0.7723802479486893,-0.21364333149385156,0.7707724390506016,-0.22645474574819896,1.1214686632156372,2.3504595953926346,2.0108030495823535,1.649491310119629,1.1214686632156372,1.2792932987213135,-0.03574216036485561,-0.07812213462364592,9.14792262321839
1776515327.4597058,0.7723802479486893,-0.21364333149385156,0.7857399029664501,-0.22644734652407206,1.1214686632156372,2.3504595953926346,2.0108030495823535,1.649491310119629,1.1214686632156372,1.2792932987213135,-0.03574216036485561,-0.07812213462364592,9.14792262321839
1776515327.509535,0.7719908831668042,-0.1692789543455162,0.7869100406121322,-0.21639384959630442,1.1214686632156372,2.3504595953926346,2.0108030495823535,1.649491310119629,1.1214686632156372,1.2792932987213135,-0.03274117410161592,-0.07456646695890656,9.142867597828646
1776515327.560576,0.7997404442950141,-0.1959431102024896,0.7869100406121322,-0.21639384959630442,1.1214686632156372,2.3504595953926346,2.0108030495823535,1.649491310119629,1.1214686632156372,1.2792932987213135,-0.0297944152843857,-0.07100839532763203,9.137743551971859
1776515327.6096647,0.7997404442950141,-0.1959431102024896,0.8,-0.22192624803540717,1.1258761882781982,2.3629027077933356,2.0348787801188926,1.6528788805007935,1.1258761882781982,1.273577332496643,-0.0297944152843857,-0.07100839532763203,9.137743551971859
1776515327.6599271,0.7900635084547165,-0.17315068640220288,0.7953147476048071,-0.21185418083382918,1.1258761882781982,2.3629027077933356,2.0348787801188926,1.6528788805007935,1.1258761882781982,1.273577332496643,-0.02691693880025353,-0.06747024520108535,9.132726393870488
1776515327.7096312,0.800691423461327,-0.1665820648202581,0.7953147476048071,-0.21185418083382918,1.1258761882781982,2.3629027077933356,2.0348787801188926,1.6528788805007935,1.1258761882781982,1.273577332496643,-0.03086058887514448,0.17060972901227303,9.127723423645682
1776515327.7596595,0.7990166052786739,-0.18956466149822648,0.7971519476604536,-0.14855711490219925,1.1283841133117676,2.3755971291460005,2.0608552230813673,1.6827058792114258,1.1283841133117676,1.2701830863952637,-0.027833420832482858,0.17405014854077702,9.122808327603591
1776515327.809909,0.8021982461993428,-0.16352198305335452,0.7957039582095724,-0.13827160012807588,1.1283841133117676,2.3755971291460005,2.0608552230813673,1.6827058792114258,1.1283841133117676,1.2701830863952637,-0.024910990519026066,0.17744443487729836,9.117938076450894
1776515327.8595247,0.7878929000830885,-0.16336425856473963,0.798668880753456,-0.1285962520439835,1.127239465713501,2.3816546368224,2.07423552252381,1.7063372135162354,1.127239465713501,1.269799828529358,-0.022439804246181305,0.18035462707422448,9.113205984524415
1776515327.9107635,0.7849691405488439,-0.2062834872432678,0.7929056942508951,-0.13135126880997516,1.127239465713501,2.3816546368224,2.07423552252381,1.7063372135162354,1.127239465713501,1.269799828529358,-0.019458522097868414,0.1839374623545054,9.108585221235284
1776515327.9608252,0.7799866173074222,-0.2084504952805842,0.7901169598331261,-0.12105070963570735,1.127239465713501,2.3816546368224,2.07423552252381,1.7063372135162354,1.127239465713501,1.269799828529358,-0.016374746882896696,0.1877099086590651,9.104077858162343
1776515328.0094469,0.7769978144569571,-0.20085746659780926,0.7871088596194086,-0.11040020844766502,1.1318707466125488,2.3935395411933382,2.0972090883382646,1.718201994895935,1.1318707466125488,1.2668675184249878,0.005530762177165527,0.27606303140763444,9.099670891096306
1776515328.0608647,0.7881522778531448,-0.13596281569447716,0.7854076269537044,-0.026816076020803437,1.1318707466125488,2.3935395411933382,2.0972090883382646,1.718201994895935,1.1318707466125488,1.2668675184249878,0.008403418621083902,0.2793094142618792,9.095338209917761
1776515328.1102538,0.800513620472809,-0.1101066547222524,0.7945263637176905,-0.01772439968758202,1.1318707466125488,2.3935395411933382,2.0972090883382646,1.718201994895935,1.1318707466125488,1.2668675184249878,0.010385374471857944,0.28159448761084505,9.090955066774379
1776515328.1705348,0.800513620472809,-0.1101066547222524,0.8,-0.011545958440133008,1.1395121812820435,2.410885641577065,2.1304688199240225,1.7269471883773804,1.1395121812820435,1.2672415971755981,0.010385374471857944,0.28159448761084505,9.090955066774379
1776515328.2096007,0.8004427186611514,-0.056923313854423285,0.8,-0.028889763664215307,1.1395121812820435,2.410885641577065,2.1304688199240225,1.7269471883773804,1.1395121812820435,1.2672415971755981,0.011484314327393663,0.28288319308460874,9.086614089624245
1776515328.2737234,0.8024340410958213,-0.03726728153381079,0.8,-0.025286240994311066,1.1395121812820435,2.410885641577065,2.1304688199240225,1.7269471883773804,1.1395121812820435,1.2672415971755981,0.011969989135204862,0.28346610030649605,9.082309728244036
1776515328.3104827,0.802736117999883,-0.05313506337167944,0.8,-0.023735241116129513,1.145840048789978,2.41989698220358,2.150159779345631,1.7063589096069336,1.145840048789978,1.25667142868042,0.012550769543544282,0.28417721849656224,9.07804550841001
1776515328.361488,0.8032026371849089,-0.09388492117513378,0.7973251790878139,-0.03141520893092811,1.145840048789978,2.41989698220358,2.150159779345631,1.7063589096069336,1.145840048789978,1.25667142868042,0.041774021608512346,0.2855092553235008,9.073802709113812
1776515328.40971,0.7868616695682044,-0.12018994311185544,0.8,0.053584559068564214,1.145840048789978,2.41989698220358,2.150159779345631,1.7063589096069336,1.145840048789978,1.25667142868042,0.04347187189926888,0.2874350577511908,9.069674716626118
1776515328.4617085,0.777744980868219,-0.13507852488482605,0.7889991887103248,0.054498041338121375,1.1432359218597412,2.4411528400532303,2.190299670889998,1.7051596641540527,1.1432359218597412,1.2600661516189575,0.04544400162697754,0.289705277624463,9.065679937753023
1776515328.5133462,0.7677157264176174,-0.12514056040012952,0.7829043085174175,0.06150238815765548,1.1432359218597412,2.4411528400532303,2.190299670889998,1.7051596641540527,1.1432359218597412,1.2600661516189575,0.04727721758235898,0.29185799859401773,9.061791342086783
1776515328.5595315,0.7663393001706608,-0.09135372778083613,0.7768754778008817,0.06803141633196313,1.143808364868164,2.453076672708404,2.2121763474428606,1.6802797317504883,1.143808364868164,1.2466200590133667,0.04892491185027337,0.2938266525258409,9.057985009292006
1776515328.610937,0.7758754977288624,0.033753180573186235,0.7634787065968647,0.06788172692620381,1.143808364868164,2.453076672708404,2.2121763474428606,1.6802797317504883,1.143808364868164,1.2466200590133667,0.04929365525934304,0.2942579380186828,9.054205233229695
1776515328.6596093,0.7699251993308643,0.006538782426037175,0.7729309337862099,0.06851242385337239,1.146986722946167,2.466735998973264,2.2398370999665174,1.6803661584854126,1.146986722946167,1.2569595575332642,0.07791391477445408,0.29384380060077964,9.050427878598287
1776515328.7095141,0.7718926050980486,0.04996645073356083,0.7777279833648989,0.14836209042671905,1.146986722946167,2.466735998973264,2.2398370999665174,1.6803661584854126,1.146986722946167,1.2569595575332642,0.07707850210185307,0.2929002746915122,9.04666592841334
1776515328.7606297,0.7750262268773151,0.06233200399226592,0.7800248125504691,0.14541971026831985,1.146986722946167,2.466735998973264,2.2398370999665174,1.6803661584854126,1.146986722946167,1.2569595575332642,0.07587406061306862,0.2915148432372849,9.042899248101726
1776515328.8095288,0.7750262268773151,0.06233200399226592,0.7822019034267481,0.14126369295018718,1.146986722946167,2.466735998973264,2.2398370999665174,1.6803661584854126,1.146986722946167,1.2569595575332642,0.07587406061306862,0.2915148432372849,9.042899248101726
1776515328.8616836,0.7810550345939395,0.08711329232734981,0.7822019034267481,0.14126369295018718,1.1505306959152222,2.4720032854724217,2.248948437046838,1.6928702592849731,1.1505306959152222,1.2431358098983765,0.07432408382254252,0.289705501778487,9.039100967810487
1776515328.9138777,0.78138801410049,0.08742989724014975,0.780060205942024,0.11715978027560278,1.1505306959152222,2.4720032854724217,2.248948437046838,1.6928702592849731,1.1505306959152222,1.2431358098983765,0.07283251672316687,0.2879348596797481,9.03528965092641
1776515328.9682677,0.7724782692983398,0.029653406541526914,0.7800927125333791,0.11214684324922222,1.1505306959152222,2.4720032854724217,2.248948437046838,1.6928702592849731,1.1505306959152222,1.2431358098983765,0.07170406122788275,0.2865725736326733,9.031508421066942
1776515329.0100217,0.7673145871729428,-0.0218375758837113,0.7726827454469687,0.10881479678361917,1.1534342765808105,2.4705869594621612,2.2450160990185677,1.687404990196228,1.1534342765808105,1.2469865083694458,0.07160278191527061,0.2864485861181058,9.027777713079796
1776515329.062956,0.7669598518361412,0.034782792177786966,0.7697887687507595,0.11224237689306418,1.1534342765808105,2.4705869594621612,2.2450160990185677,1.687404990196228,1.1534342765808105,1.2469865083694458,0.09952253898856667,0.28606911160655896,9.024093620181546
1776515329.11088,0.7681631638228761,0.08290941568477588,0.7747043559882514,0.19257944552229136,1.1586779356002808,2.4718153024579945,2.2460675252214397,1.6892377138137817,1.1586779356002808,1.2410426139831543,0.09820043218042734,0.2845558283924013,9.020405635124243
1776515329.1594458,0.7694670803222762,0.07357611272557081,0.7736734328890486,0.17924527502781806,1.1586779356002808,2.4718153024579945,2.2460675252214397,1.6892377138137817,1.1586779356002808,1.2410426139831543,0.09685403868560255,0.2829885769072081,9.016710711613845
1776515329.2103908,0.7789916038750719,0.12903166142898834,0.7740844902636719,0.17472140431855226,1.1586779356002808,2.4718153024579945,2.2460675252214397,1.6892377138137817,1.1586779356002808,1.2410426139831543,0.09476257518991019,0.2805120042403244,9.012971608887788
1776515329.2605915,0.7789916038750719,0.12903166142898834,0.7814262895922203,0.1672310521338162,1.1586779356002808,2.4718153024579945,2.2460675252214397,1.6892377138137817,1.1586779356002808,1.2410426139831543,0.09476257518991019,0.2805120042403244,9.012971608887788
1776515329.310723,0.7739652823867591,0.12138620754432566,0.7826700450286388,0.18080337670044688,1.1508302688598633,2.467490130061909,2.2349002398953055,1.6849689483642578,1.1508302688598633,1.245161533355713,0.09278620874359067,0.27812595976998394,9.009236443273851
1776515329.3595605,0.7814460541593378,0.10806515427825439,0.7790095900982175,0.17435019021228298,1.1508302688598633,2.467490130061909,2.2349002398953055,1.6849689483642578,1.1508302688598633,1.245161533355713,0.09091680603566005,0.27582789909032535,9.005457174443762
1776515329.4101775,0.7784114303109053,0.11502648860240781,0.7832241373981755,0.16780850774482758,1.1558679342269897,2.4677820750456183,2.234402557534872,1.7021557092666626,1.1558679342269897,1.2458467483520508,0.1161053505832764,0.27354526901561305,9.00167358046862
1776515329.4599867,0.7810579544343317,0.09297318589318282,0.7886544584965773,0.23023301051254816,1.1558679342269897,2.4677820750456183,2.234402557534872,1.7021557092666626,1.1558679342269897,1.2458467483520508,0.11416602892295652,0.2713418028836098,8.997870984513403
1776515329.5103061,0.7663509949190195,0.06275863068813334,0.7895248001801715,0.22372138686810472,1.1558679342269897,2.4677820750456183,2.234402557534872,1.7021557092666626,1.1558679342269897,1.2458467483520508,0.11285018096568258,0.2698273076281294,8.994090503683307
1776515329.5596347,0.7709666528100175,0.030710318389907072,0.7776513905131994,0.2241252574246077,1.150046467781067,2.462684393921569,2.221584068948725,1.7070791721343994,1.150046467781067,1.2425644397735596,0.11191873517437373,0.26872558733109425,8.990361548143298
1776515329.609506,0.7611727570719963,0.0893147886792667,0.7796176231854509,0.22092399938873283,1.150046467781067,2.462684393921569,2.221584068948725,1.7070791721343994,1.150046467781067,1.2425644397735596,0.11108706948342115,0.2677183221315572,8.986655503278905
1776515329.6604018,0.7755157940085323,0.17020982200265172,0.7747857049599852,0.21835047506333746,1.1573715209960938,2.461187225596757,2.2171571994277737,1.7086575031280518,1.1573715209960938,1.2337065935134888,0.10897043577971782,0.26512741767420867,8.982918123882323
1776515329.7127056,0.7744299201559032,0.14763129170507136,0.7815910912854572,0.19971693209414235,1.1573715209960938,2.461187225596757,2.2171571994277737,1.7086575031280518,1.1573715209960938,1.2337065935134888,0.10630549484457899,0.2618156624202211,8.97914824250036
1776515329.7608466,0.7814540633079974,0.13725633537284185,0.7799922874754851,0.19079397985918156,1.1573715209960938,2.461187225596757,2.2171571994277737,1.7086575031280518,1.1573715209960938,1.2337065935134888,0.12964333983403653,0.2589366540106197,8.975325480079919
1776515329.816155,0.7797474656587163,0.13143559141609165,0.7903229296624112,0.2562850799937401,1.1548813581466675,2.4591358838315145,2.2109583798717085,1.722672462463379,1.1548813581466675,1.2349488735198975,0.12736548268414158,0.2563148035085598,8.971488211575213
1776515329.8598685,0.7832797675615892,0.21009311958564192,0.78880501081075,0.24874350146042062,1.1548813581466675,2.4591358838315145,2.2109583798717085,1.722672462463379,1.1548813581466675,1.2349488735198975,0.12410064895960948,0.2524890936365597,8.967603173359915
1776515329.9096746,0.7894015130184394,0.14813561749526136,0.7928105350553869,0.2374774946469878,1.1482524871826172,2.457503603742037,2.207068832810591,1.724100112915039,1.1482524871826172,1.2465718984603882,0.12127315706683917,0.24912263297830733,8.96366254700952
1776515329.9615345,0.789118518686494,0.13445788708553227,0.8,0.24128967332921247,1.1482524871826172,2.457503603742037,2.207068832810591,1.724100112915039,1.1482524871826172,1.2465718984603882,0.11875173028652494,0.24606765780001993,8.959690064265908
1776515330.0113373,0.789118518686494,0.13445788708553227,0.8,0.2328372668236268,1.1482524871826172,2.457503603742037,2.207068832810591,1.724100112915039,1.1482524871826172,1.2465718984603882,0.11875173028652494,0.24606765780001993,8.959690064265908
1776515330.0599792,0.7866556961467221,0.06313051486968603,0.8,0.2328372668236268,1.1482524871826172,2.457503603742037,2.207068832810591,1.724100112915039,1.1482524871826172,1.2465718984603882,0.11733309858054797,0.2443116393715054,8.95572367764374
1776515330.1109242,0.7866556961467221,0.06313051486968603,0.797057782112923,0.22831022406571494,1.163948655128479,2.4573660729440907,2.2061717163253145,1.725695013999939,1.163948655128479,1.2408632040023804,0.11733309858054797,0.2443116393715054,8.95572367764374
1776515330.162538,0.7853947457607892,0.07158547607966594,0.7955238188574286,0.21208378211015325,1.163948655128479,2.4573660729440907,2.2061717163253145,1.725695013999939,1.163948655128479,1.2408632040023804,0.14030955453616484,0.24596831073680075,8.951777132186677
1776515330.2095466,0.7902188912472369,0.13363040033389806,0.7978599667283214,0.2791290353481426,1.163948655128479,2.4573660729440907,2.2061717163253145,1.725695013999939,1.163948655128479,1.2408632040023804,0.13847862126177776,0.24386701797254506,8.947826797272917
1776515330.2595444,0.7925486464618062,0.1556084830464149,0.8,0.2726972789390207,1.158018946647644,2.4544947137444466,2.196576501714612,1.7524771690368652,1.158018946647644,1.239829659461975,0.135762653765658,0.24070485614048803,8.943827772400574
1776515330.3127344,0.7925486464618062,0.1556084830464149,0.8,0.26056422517261113,1.158018946647644,2.4544947137444466,2.196576501714612,1.7524771690368652,1.158018946647644,1.239829659461975,0.135762653765658,0.24070485614048803,8.943827772400574
1776515330.3611016,0.7991294100080807,0.17920566895613624,0.8,0.2604600868498319,1.158018946647644,2.4544947137444466,2.196576501714612,1.7524771690368652,1.158018946647644,1.239829659461975,0.12859626018985476,0.2321305755400001,8.935705149651655
1776515330.422786,0.7991294100080807,0.17920566895613624,0.8,0.23615282817682817,1.1646147966384888,2.4546697337135575,2.197191449670314,1.7782657146453857,1.1646147966384888,1.2386895418167114,0.12859626018985476,0.2321305755400001,8.935705149651655
1776515330.4594917,0.7995909853734988,0.16212574212714173,0.8,0.21077588397726232,1.1646147966384888,2.4546697337135575,2.197191449670314,1.7782657146453857,1.1646147966384888,1.2386895418167114,0.14560192010855413,0.23269055984187673,8.927703175588068
1776515330.5124915,0.7958926541372827,0.11987320766731552,0.8,0.2700719002915027,1.1646147966384888,2.4546697337135575,2.197191449670314,1.7782657146453857,1.1646147966384888,1.2386895418167114,0.144688481616964,0.23192089379417982,8.926633060495833
1776515330.559967,0.7874617715043579,0.08747960548651959,0.8,0.267360729945925,1.1571414470672607,2.452668566046546,2.190368568957033,1.798182487487793,1.1571414470672607,1.239272952079773,0.1437330150215776,0.23100357842696193,8.924527628947871
1776515330.6095018,0.7824989748567308,0.013949752749545758,0.8,0.26564972584430846,1.1571414470672607,2.452668566046546,2.190368568957033,1.798182487487793,1.1571414470672607,1.239272952079773,0.1437330150215776,0.23100357842696193,8.924527628947871
1776515330.6600869,0.7824989748567308,0.013949752749545758,0.8,0.2633048382695082,1.1651843786239624,2.450261462958845,2.1834925430685037,1.8050893545150757,1.1651843786239624,1.2273845672607422,0.14291997230204762,0.23007952658772443,8.92041479686365
1776515330.711673,0.7800723817599419,0.050531230353136995,0.7963775185574763,0.24773294797230527,1.1651843786239624,2.450261462958845,2.1834925430685037,1.8050893545150757,1.1651843786239624,1.2273845672607422,0.14198732871277758,0.22897050833366642,8.912340415472721
1776515330.7634387,0.7918306190466765,0.1925068777164088,0.7999160831969562,0.24563241029743968,1.1651843786239624,2.450261462958845,2.1834925430685037,1.8050893545150757,1.1651843786239624,1.2273845672607422,0.13986757941226546,0.22638212889017675,8.90827130814165
1776515330.810753,0.7918306190466765,0.1925068777164088,0.8,0.25621335025428127,1.155076503753662,2.449902389139957,2.180140841631982,1.8125184774398804,1.155076503753662,1.245783805847168,0.13986757941226546,0.22638212889017675,8.90827130814165
1776515330.860695,0.7992106278102447,0.16517421451564016,0.8,0.25621335025428127,1.155076503753662,2.449902389139957,2.180140841631982,1.8125184774398804,1.155076503753662,1.245783805847168,0.13679843358298513,0.22259213307428408,8.904111126302139
1776515330.9097462,0.7995544399189166,0.17376358684280088,0.8,0.24564045482440736,1.155076503753662,2.449902389139957,2.180140841631982,1.8125184774398804,1.155076503753662,1.245783805847168,0.15577519869099765,0.21910691994297085,8.899916033017908
1776515330.9597158,0.7995544399189166,0.17376358684280088,0.8,0.29899163166611076,1.155076503753662,2.449902389139957,2.180140841631982,1.8125184774398804,1.155076503753662,1.245783805847168,0.15577519869099765,0.21910691994297085,8.899916033017908
1776515331.0137732,0.7993929052307996,0.16623224953920981,0.8,0.29899163166611076,1.155118465423584,2.444628459231706,2.1666519660430614,1.8077901601791382,1.155118465423584,1.2378240823745728,0.15285497880876492,0.2157659881383027,8.895691806922962
1776515331.059877,0.7999001339259197,0.20783183540362238,0.8,0.28954378964381283,1.155118465423584,2.444628459231706,2.1666519660430614,1.8077901601791382,1.155118465423584,1.2378240823745728,0.14937280150184962,0.21171268957995357,8.891433894180407
1776515331.1151934,0.7958755232422687,0.1764057853440829,0.8,0.2777555208407415,1.155118465423584,2.444628459231706,2.1666519660430614,1.8077901601791382,1.155118465423584,1.2378240823745728,0.1461100978035875,0.20784416835921407,8.887150790758986
1776515331.1606755,0.7958755232422687,0.1764057853440829,0.8,0.2670097625861282,1.1484342813491821,2.4450793116319853,2.1646697778210626,1.8556363582611084,1.1484342813491821,1.2442271709442139,0.1461100978035875,0.20784416835921407,8.887150790758986
1776515331.213531,0.7933130026707731,0.1477227155687716,0.8,0.25133151492447947,1.1484342813491821,2.4450793116319853,2.1646697778210626,1.8556363582611084,1.1484342813491821,1.2442271709442139,0.14353832092269087,0.20473508616869282,8.882864150115228
1776515331.2614036,0.7984776102104952,0.1592680345608304,0.8,0.24293854219640348,1.150879979133606,2.4429119458141204,2.158674496167223,1.880966067314148,1.150879979133606,1.244233250617981,0.14111502076187188,0.20174841459297246,8.878554223730244
1776515331.3088512,0.7935994637633396,0.21388950679661392,0.8,0.22432113374002094,1.150879979133606,2.4429119458141204,2.158674496167223,1.880966067314148,1.150879979133606,1.244233250617981,0.15384244316783663,0.19350139767548283,8.869863631961195
1776515331.3629434,0.795984209654382,0.17516007275220183,0.8,0.2670435055727913,1.150879979133606,2.4429119458141204,2.158674496167223,1.880966067314148,1.150879979133606,1.244233250617981,0.15064975431850205,0.189807864556621,8.865450408296002
1776515331.4389539,0.7952206796362818,0.21602699152324933,0.8,0.2563602255879681,1.1482534408569336,2.440577653466718,2.1498099629511116,1.8891454935073853,1.1482534408569336,1.2415781021118164,0.1471031183303578,0.1856301760187851,8.861006968493607
1776515331.4802768,0.7952206796362818,0.21602699152324933,0.8,0.2563602255879681,1.1482534408569336,2.440577653466718,2.1498099629511116,1.8891454935073853,1.1482534408569336,1.2415781021118164,0.1471031183303578,0.1856301760187851,8.861006968493607
1776515331.5332587,0.7952206796362818,0.21602699152324933,0.8,0.2563602255879681,1.1482534408569336,2.440577653466718,2.1498099629511116,1.8891454935073853,1.1482534408569336,1.2415781021118164,0.1471031183303578,0.1856301760187851,8.861006968493607
1776515331.5595856,0.7952206796362818,0.21602699152324933,0.8,0.24448864605267456,1.1482534408569336,2.440577653466718,2.1498099629511116,1.8891454935073853,1.1482534408569336,1.2415781021118164,0.1471031183303578,0.1856301760187851,8.861006968493607
1776515331.6185856,0.7956231341387485,0.20386553307753302,0.8,0.2330572936443462,1.1482534408569336,2.440577653466718,2.1498099629511116,1.8891454935073853,1.1482534408569336,1.2415781021118164,0.14370250616621041,0.18155174464025173,8.856523827529466
1776515331.673449,0.799119793196573,0.16519192468933083,0.8,0.2330572936443462,1.1401172876358032,2.4403746815107135,2.148885261249859,1.9243742227554321,1.1401172876358032,1.2520325183868408,0.14074624900749083,0.17794210433375904,8.851992268300355
1776515331.7097728,0.798370608327336,0.15384947123918014,0.8,0.2330572936443462,1.1401172876358032,2.4403746815107135,2.148885261249859,1.9243742227554321,1.1401172876358032,1.2520325183868408,0.1381981850961345,0.17476954572519296,8.847431005285804
1776515331.7625785,0.7942426413582167,0.1251776735803855,0.8,0.21516178818908896,1.1401172876358032,2.4403746815107135,2.148885261249859,1.9243742227554321,1.1401172876358032,1.2520325183868408,0.15314633654665846,0.17201412825643211,8.842867730372939
1776515331.810875,0.7951478416669124,0.11412115962351817,0.8,0.2574318308458473,1.145056128501892,2.4385478778860286,2.141189938317049,1.9380968809127808,1.145056128501892,1.26144540309906,0.15113699253892982,0.1697047506490005,8.838301408688082
1776515331.8607318,0.7951478416669124,0.11412115962351817,0.8,0.25058267472502804,1.145056128501892,2.4385478778860286,2.141189938317049,1.9380968809127808,1.145056128501892,1.26144540309906,0.15113699253892982,0.1697047506490005,8.838301408688082
1776515331.9156003,0.8019619909468747,0.14693987665686392,0.8,0.24284160465440657,1.145056128501892,2.4385478778860286,2.141189938317049,1.9380968809127808,1.145056128501892,1.26144540309906,0.14892166657326794,0.16710775738849373,8.833710280570278
1776515331.959644,0.7907958636255285,0.17110401223421012,0.8,0.24284160465440657,1.1361310482025146,2.4358669067289296,2.133469775522102,1.9195036888122559,1.1361310482025146,1.2639702558517456,0.1462780487761422,0.16396140095538106,8.829097259563982
1776515332.0197198,0.7959184246152242,0.18482605820755116,0.8,0.25196947122713115,1.1361310482025146,2.4358669067289296,2.133469775522102,1.9195036888122559,1.1361310482025146,1.2639702558517456,0.14336287966327266,0.16042108434705002,8.824478242681765
1776515332.1285481,0.7959184246152242,0.18482605820755116,0.8,0.25196947122713115,1.1361310482025146,2.4358669067289296,2.133469775522102,1.9195036888122559,1.1361310482025146,1.2639702558517456,0.14336287966327266,0.16042108434705002,8.824478242681765
1776515332.1648254,0.7972675178188083,0.18728536599535262,0.8,0.24189938867894065,1.126880407333374,2.4350177387084044,2.1306618366064267,1.9080754518508911,1.126880407333374,1.2706705331802368,0.14027039072768654,0.15659661130524763,8.819819512940262
1776515332.215285,0.7972675178188083,0.18728536599535262,0.8,0.2817744159422617,1.126880407333374,2.4350177387084044,2.1306618366064267,1.9080754518508911,1.126880407333374,1.2706705331802368,0.1524752131089254,0.15279518763963798,8.81512668642071
1776515332.2595305,0.7998097229235361,0.16716276191935692,0.8,0.2817744159422617,1.126880407333374,2.4350177387084044,2.1306618366064267,1.9080754518508911,1.126880407333374,1.2706705331802368,0.1494799585869507,0.14937965982806897,8.810386155970596
1776515332.3095715,0.7998822558361989,0.1944868860717762,0.8,0.27172702550545186,1.119052767753601,2.4348373043658444,2.128332274358952,1.8877242803573608,1.119052767753601,1.263196349143982,0.14612025370973136,0.14547807127865173,8.805616308713809
1776515332.3596795,0.7952350841399806,0.1567398145243412,0.8,0.26980650334785466,1.119052767753601,2.4348373043658444,2.128332274358952,1.8877242803573608,1.119052767753601,1.263196349143982,0.14314622097246965,0.14196061322746015,8.800830572803081
1776515332.4107544,0.7952350841399806,0.1567398145243412,0.8,0.26007740459405393,1.119052767753601,2.4348373043658444,2.128332274358952,1.8877242803573608,1.119052767753601,1.263196349143982,0.14314622097246965,0.14196061322746015,8.800830572803081
1776515332.4596882,0.7923041597026587,0.13557114571489035,0.8,0.26007740459405393,1.119052767753601,2.4348373043658444,2.128332274358952,1.8877242803573608,1.119052767753601,1.263196349143982,0.1407623609421396,0.1390878598657891,8.79604848167188
1776515332.5145092,0.7940390704650483,0.13813895254528094,0.8,0.2522139416251931,1.1234735250473022,2.433407388717129,2.1223862644095286,1.8699767589569092,1.1234735250473022,1.279774785041809,0.13859340568021059,0.1364242235318515,8.791252008310192
1776515332.5609953,0.7940390704650483,0.13813895254528094,0.8,0.26075023027029987,1.1234735250473022,2.433407388717129,2.1223862644095286,1.8699767589569092,1.1234735250473022,1.279774785041809,0.13859340568021059,0.1364242235318515,8.791252008310192
1776515332.6108985,0.801610840211806,0.16202909097511664,0.8,0.2521359494698478,1.1234735250473022,2.433407388717129,2.1223862644095286,1.8699767589569092,1.1234735250473022,1.279774785041809,0.1361434322574811,0.13335666197590046,8.786407294017112
1776515332.6595123,0.793314247391123,0.18391027740714067,0.8,0.29292516167463023,1.1179758310317993,2.431677632481825,2.1163674341765377,1.8511983156204224,1.1179758310317993,1.2784894704818726,0.1464510451952956,0.1299710097679343,8.781532165893701
1776515332.7102897,0.795286387972697,0.2374067452500737,0.8,0.28182271737887665,1.1179758310317993,2.431677632481825,2.1163674341765377,1.8511983156204224,1.1179758310317993,1.2784894704818726,0.1392364164881217,0.12157575368668827,8.771743213646092
1776515332.7595513,0.7953145282391405,0.2237149030906766,0.8,0.26855300248481695,1.1158676147460938,2.4291862118144922,2.1080621356634954,1.8200417757034302,1.1158676147460938,1.2857486009597778,0.13549097223664755,0.11709878175072119,8.76678482012685
1776515332.8199985,0.7995541232744947,0.183249456156776,0.8,0.27634114262516923,1.1158676147460938,2.4291862118144922,2.1080621356634954,1.8200417757034302,1.1158676147460938,1.2857486009597778,0.13218417860897985,0.11307623992964949,8.761769829633465
1776515332.8596072,0.7996160482444318,0.19120100428124961,0.8,0.26513647373312876,1.1158676147460938,2.4291862118144922,2.1080621356634954,1.8200417757034302,1.1158676147460938,1.2857486009597778,0.129138645946125,0.10929741952227076,8.756714977681172
1776515332.9144409,0.7996160482444318,0.19120100428124961,0.8,0.2548207324298395,1.1066310405731201,2.426626166847434,2.0974069088005036,1.80811607837677,1.1066310405731201,1.2956163883209229,0.129138645946125,0.10929741952227076,8.756714977681172
1776515332.9599123,0.7970501429004566,0.16162448030189192,0.8,0.2762923208143752,1.1066310405731201,2.426626166847434,2.0974069088005036,1.80811607837677,1.1066310405731201,1.2956163883209229,0.13693188452696325,0.10579739887986464,8.751636359894508
1776515333.0106199,0.7959492691401338,0.15120611409398735,0.8,0.2975572181362059,1.1066310405731201,2.426626166847434,2.0974069088005036,1.80811607837677,1.1066310405731201,1.2956163883209229,0.13425257509767685,0.10273281656460792,8.74654995668136
1776515333.059528,0.7959492691401338,0.15120611409398735,0.8,0.2886742881215616,1.1051946878433228,2.4252495884785046,2.092318826105016,1.792885184288025,1.1051946878433228,1.3021862506866455,0.13425257509767685,0.10273281656460792,8.74654995668136
1776515333.1151357,0.7963712156703685,0.18379146216449305,0.8,0.29136699901094,1.1051946878433228,2.4252495884785046,2.092318826105016,1.792885184288025,1.1051946878433228,1.3021862506866455,0.13131691021621328,0.09931363981899533,8.741448472252108
1776515333.1615982,0.8009508735978985,0.1912766064377954,0.8,0.29136699901094,1.1051946878433228,2.4252495884785046,2.092318826105016,1.792885184288025,1.1051946878433228,1.3021862506866455,0.12811242889708732,0.0955148947376118,8.736286045096799
1776515333.2120094,0.795440264219764,0.20576549735920352,0.8,0.28042482930987794,1.1051946878433228,2.4252495884785046,2.092318826105016,1.792885184288025,1.1051946878433228,1.3021862506866455,0.12496699667791542,0.09171717820537645,8.73108911733083
1776515333.2595222,0.79468776937137,0.24124958380695788,0.8,0.29119445888769424,1.0968366861343384,2.424622402601392,2.090181822022736,1.765705943107605,1.0968366861343384,1.3084417581558228,0.12138864372709113,0.08731647924795963,8.725897843907054
1776515333.3146296,0.7946561600621542,0.23382767589791148,0.8,0.2790528532129725,1.0968366861343384,2.424622402601392,2.090181822022736,1.765705943107605,1.0968366861343384,1.3084417581558228,0.12587726954676576,0.08259687050607614,8.720657043015443
1776515333.3616486,0.7946561600621542,0.23382767589791148,0.8,0.2901412994242638,1.0968366861343384,2.424622402601392,2.090181822022736,1.765705943107605,1.0968366861343384,1.3084417581558228,0.12587726954676576,0.08259687050607614,8.720657043015443
1776515333.4093332,0.7949320774329116,0.22902732857639807,0.8,0.28913259425707616,1.0882047414779663,2.4227284262513367,2.0829413630266993,1.7695684432983398,1.0882047414779663,1.3155021667480469,0.12190418673627562,0.07809116712998837,8.715370788778904
1776515333.4599257,0.7985058414267926,0.19302107959423928,0.8,0.2757926032015796,1.0882047414779663,2.4227284262513367,2.0829413630266993,1.7695684432983398,1.0882047414779663,1.3155021667480469,0.11426450921314187,0.0691993311340218,8.7046660861866
1776515333.5106826,0.7985058414267926,0.19302107959423928,0.8,0.26348459888887055,1.0821195840835571,2.4205267800984838,2.075006014297942,1.7490394115447998,1.0821195840835571,1.3247737884521484,0.11426450921314187,0.0691993311340218,8.7046660861866
1776515333.5605814,0.7964763477138126,0.17048911478721093,0.8,0.27448383242161595,1.0821195840835571,2.4205267800984838,2.075006014297942,1.7490394115447998,1.0821195840835571,1.3247737884521484,0.1113045085441616,0.06565337730911983,8.699250977903947
1776515333.6097662,0.798192071040125,0.1743064413540457,0.8,0.27448383242161595,1.0821195840835571,2.4205267800984838,2.075006014297942,1.7490394115447998,1.0821195840835571,1.3247737884521484,0.10851858223319735,0.062253136406099335,8.693807696990836
1776515333.6624904,0.7998721602690894,0.18745453566495232,0.8,0.2650248415104737,1.0760304927825928,2.4202933498933072,2.0709169080404815,1.740919589996338,1.0760304927825928,1.3365505933761597,0.10555595038901518,0.058568683880348776,8.688326367104677
1776515333.7096012,0.8004044041228765,0.1793452657586167,0.8,0.27188686214695423,1.0760304927825928,2.4202933498933072,2.0709169080404815,1.740919589996338,1.0760304927825928,1.3365505933761597,0.10819645161728975,0.054951956746649516,8.682809266062746
1776515333.7589982,0.7987405866250139,0.1814721459567735,0.8,0.27807329791679314,1.0760304927825928,2.4202933498933072,2.0709169080404815,1.740919589996338,1.0760304927825928,1.3365505933761597,0.10509527373212232,0.05140090124953883,8.677256880144915
1776515333.8111808,0.7987405866250139,0.1814721459567735,0.8,0.2677683869875947,1.0593208074569702,2.4195744155403864,2.0688748515843294,1.731330394744873,1.0593208074569702,1.3414055109024048,0.10509527373212232,0.05140090124953883,8.677256880144915
1776515333.8614323,0.7940796973033387,0.2212606386806607,0.8,0.2766128069355697,1.0593208074569702,2.4195744155403864,2.0688748515843294,1.731330394744873,1.0593208074569702,1.3414055109024048,0.10166188416700847,0.04739309731894864,8.671723561435266
1776515333.9094775,0.7953069055622701,0.21318829327431518,0.8,0.2642923630218858,1.0606597661972046,2.41713085348798,2.0599516550352774,1.7056790590286255,1.0606597661972046,1.3530373573303223,0.09800148726729177,0.043050282999530065,8.666139592765697
1776515333.9625528,0.7954484720887612,0.2094455721916931,0.8,0.2711526261467096,1.0606597661972046,2.41713085348798,2.0599516550352774,1.7056790590286255,1.0606597661972046,1.3530373573303223,0.09445286123374418,0.03875560443515408,8.6605206528944
1776515334.0105586,0.7980288115471706,0.18598172954271747,0.8,0.2711526261467096,1.0606597661972046,2.41713085348798,2.0599516550352774,1.7056790590286255,1.0606597661972046,1.3530373573303223,0.09125049593787149,0.03480852043708332,8.654861730179624
1776515334.060555,0.7984120884147206,0.17725425433889658,0.8,0.2603037382255555,1.0606597661972046,2.41713085348798,2.0599516550352774,1.7056790590286255,1.0606597661972046,1.3530373573303223,0.09150648107995582,0.031205285258374266,8.649158532054473
1776515334.1095545,0.7975250477086824,0.1678197403552613,0.8,0.26926887097691343,1.049059510231018,2.4159084877187076,2.0582395830587075,1.6961684226989746,1.049059510231018,1.3482255935668945,0.08853464489674721,0.027824707794193826,8.643431728546895
1776515334.1595144,0.7991059535428641,0.1814578886568649,0.8,0.25940733167101315,1.049059510231018,2.4159084877187076,2.0582395830587075,1.6961684226989746,1.049059510231018,1.3482255935668945,0.08549157582301438,0.024300516311851983,8.637677076130421
1776515334.217097,0.79959909892483,0.17699486443361548,0.8,0.2491394892480524,1.0412285327911377,2.4120135967870424,2.0453646454701793,1.6768900156021118,1.0412285327911377,1.366624355316162,0.08248302436510353,0.020753231672088784,8.631882299245202
1776515334.2595322,0.8001310161695284,0.17041586802127903,0.8,0.26826835018180945,1.0412285327911377,2.4120135967870424,2.0453646454701793,1.6768900156021118,1.0412285327911377,1.366624355316162,0.0796278470135787,0.01732436456073616,8.626058706683178
1776515334.3098652,0.8001310161695284,0.17041586802127903,0.8,0.25866713207806336,1.0412285327911377,2.4120135967870424,2.0453646454701793,1.6768900156021118,1.0412285327911377,1.366624355316162,0.0796278470135787,0.01732436456073616,8.626058706683178
1776515334.364838,0.8006485003232685,0.17399306690235752,0.8,0.24918832548596587,1.0310957431793213,2.410499941409461,2.040910641394612,1.6705518960952759,1.0310957431793213,1.3780454397201538,0.07682336612158004,0.01389349333442462,8.620195136282817
1776515334.4095378,0.7971438696557608,0.16729317662116994,0.8,0.26823986145489953,1.0310957431793213,2.410499941409461,2.040910641394612,1.6705518960952759,1.0310957431793213,1.3780454397201538,0.07508720601728258,0.010415522563204285,8.614347973872732
1776515334.4619317,0.7964507479720099,0.15690662884506754,0.8,0.26199317690160473,1.0310957431793213,2.410499941409461,2.040910641394612,1.6705518960952759,1.0310957431793213,1.3780454397201538,0.07221922155184243,0.007173508226425138,8.608476597823767
1776515334.5250978,0.7938962364067225,0.14049839563043487,0.8,0.2524841021163775,1.0329372882843018,2.409218115899212,2.03662993749746,1.654405117034912,1.0329372882843018,1.3929088115692139,0.06960321025340069,0.004173627635539814,8.602582618484881
1776515334.5595233,0.7938962364067225,0.14049839563043487,0.8,0.25948541645183243,1.0329372882843018,2.409218115899212,2.03662993749746,1.654405117034912,1.0329372882843018,1.3929088115692139,0.06960321025340069,0.004173627635539814,8.602582618484881
1776515334.6158717,0.7930069299481448,0.12808231583913812,0.8,0.25948541645183243,1.0329372882843018,2.409218115899212,2.03662993749746,1.654405117034912,1.0329372882843018,1.3929088115692139,0.06721893092616546,0.0014020120510934153,8.596662428845061
1776515334.6596642,0.7920441577615721,0.12674890445628534,0.8,0.25161365457630264,1.0165245532989502,2.4064377030214703,2.0285869891401918,1.642791509628296,1.0165245532989502,1.397070288658142,0.06506902434190603,-0.0011553655455851936,8.59076221493743
1776515334.709502,0.7953495795175884,0.14852391511507398,0.8,0.26651698933534573,1.0165245532989502,2.4064377030214703,2.0285869891401918,1.642791509628296,1.0165245532989502,1.397070288658142,0.06277806852837749,-0.003942196776841572,8.584846066446866
1776515334.7608373,0.7955914428027989,0.1289234724280692,0.8,0.25864060907029385,1.0165245532989502,2.4064377030214703,2.0285869891401918,1.642791509628296,1.0165245532989502,1.397070288658142,0.0606097996707217,-0.006630972561423573,8.578903798065534
1776515334.8127372,0.8055344043633318,0.12345291161411774,0.8,0.2513651880768818,1.0198993682861328,2.4036705582148494,2.021983436371476,1.6219887733459473,1.0198993682861328,1.401016116142273,0.05769565676126377,-0.009157844548323787,8.572908656722628
1776515334.8595347,0.8088034478612286,0.1120609772577661,0.8,0.2510464566546894,1.0198993682861328,2.4036705582148494,2.021983436371476,1.6219887733459473,1.0198993682861328,1.401016116142273,0.05564705504725202,-0.011494927781142417,8.566843221264026
1776515334.9118478,0.8088034478612286,0.1120609772577661,0.8,0.24413303926290814,1.0198993682861328,2.4036705582148494,2.021983436371476,1.6219887733459473,1.0198993682861328,1.401016116142273,0.05564705504725202,-0.011494927781142417,8.566843221264026
1776515334.959674,0.8072587581441263,0.11658610767078893,0.8,0.23767953754218762,1.0097681283950806,2.402208302552561,2.021864097911849,1.6167755126953125,1.0097681283950806,1.4225842952728271,0.053700645731855325,-0.01375745712901548,8.560762186255719
1776515335.0115225,0.8028760840839648,0.10060296885655177,0.8,0.2613927280211643,1.0097681283950806,2.402208302552561,2.021864097911849,1.6167755126953125,1.0097681283950806,1.4225842952728271,0.051673727798815516,-0.016180355738207572,8.554757447459394
1776515335.0594006,0.8011672654285527,0.06193532393839573,0.8,0.2547906362672152,1.0097681283950806,2.402208302552561,2.021864097911849,1.6167755126953125,1.0097681283950806,1.4225842952728271,0.05005180165013845,-0.018141867231057096,8.548730467493751
1776515335.1104896,0.7950394537490185,0.08753231956078979,0.8,0.24950336448921767,1.0097681283950806,2.402208302552561,2.021864097911849,1.6167755126953125,1.0097681283950806,1.4225842952728271,0.0486848440527137,-0.019796218654153375,8.542666228589239
1776515335.1618202,0.7850498833932993,0.066894224758869,0.8,0.25417461764458715,1.0181634426116943,2.4013540277207595,2.019339661037928,1.589591145515442,1.0181634426116943,1.4300482273101807,0.04538529098504092,-0.021260186994626437,8.536730809542474
1776515335.20994,0.7850498833932993,0.066894224758869,0.8,0.2445003732548487,1.0181634426116943,2.4013540277207595,2.019339661037928,1.589591145515442,1.0181634426116943,1.4300482273101807,0.04538529098504092,-0.021260186994626437,8.536730809542474
1776515335.260551,0.7827252250175666,0.05892701628824092,0.8,0.2407985027186601,1.0192703008651733,2.398877204732692,2.014738650165058,1.5750792026519775,1.0192703008651733,1.4340335130691528,0.044239061448153566,-0.02257453330208567,8.530838906896738
1776515335.3095489,0.7859516839387722,0.05639889936599302,0.8,0.24555285762591744,1.0192703008651733,2.398877204732692,2.014738650165058,1.5750792026519775,1.0192703008651733,1.4340335130691528,0.043226981165560605,-0.0237489336038076,8.524940907082405
1776515335.3664877,0.7958503023241817,0.058696897268295724,0.8,0.2420162505292806,1.0192703008651733,2.398877204732692,2.014738650165058,1.5750792026519775,1.0192703008651733,1.4340335130691528,0.04227111500385501,-0.024875990900375983,8.519010477325532
1776515335.4104984,0.8131693454922928,0.07133448060876663,0.8,0.2420162505292806,1.020188570022583,2.396491542224196,2.008927251715726,1.5777462720870972,1.020188570022583,1.4464833736419678,0.041176105362376036,-0.02619188412779211,8.512963647987347
1776515335.4625404,0.8127752170045787,0.08244842985958815,0.8,0.24589015872209025,1.020188570022583,2.396491542224196,2.008927251715726,1.5777462720870972,1.020188570022583,1.4464833736419678,0.039963196121679326,-0.027671471684649132,8.506863629802393
1776515335.5105245,0.8077327033342231,0.11264671217026696,0.8,0.24181612701882976,1.020188570022583,2.396491542224196,2.008927251715726,1.5777462720870972,1.020188570022583,1.4464833736419678,0.03536253020654735,-0.029705354066426756,8.500792393995217
1776515335.5596378,0.8020738967414388,0.1079826068414414,0.8,0.22785899426988238,1.0178248882293701,2.391189135962565,1.996282899491523,1.5500686168670654,1.0178248882293701,1.437779188156128,0.0332169242536052,-0.03214636968747188,8.494790919903393
1776515335.611208,0.7895311166729143,0.09611518674368957,0.8,0.23063504090429432,1.0178248882293701,2.391189135962565,1.996282899491523,1.5500686168670654,1.0178248882293701,1.437779188156128,0.03131317400211433,-0.03433595941652924,8.488812669371313
1776515335.66466,0.7893096669755718,0.08950443057560803,0.8,0.2247650359478926,1.0178248882293701,2.391189135962565,1.996282899491523,1.5500686168670654,1.0178248882293701,1.437779188156128,0.02978088460713988,-0.036102015326502465,8.482848176687753
1776515335.7115078,0.7893096669755718,0.08950443057560803,0.8,0.2041129953679766,1.0317435264587402,2.3895283045314395,1.9948654603592908,1.5459226369857788,1.0317435264587402,1.4280548095703125,0.02978088460713988,-0.036102015326502465,8.482848176687753
1776515335.7625313,0.7926391473911949,0.09841603417360369,0.8,0.1989023958744423,1.0317435264587402,2.3895283045314395,1.9948654603592908,1.5459226369857788,1.0317435264587402,1.4280548095703125,0.02826229578700401,-0.03788986478322784,8.476886736674684
1776515335.8105528,0.7922234666364611,0.08794184938077002,0.8,0.1989023958744423,1.0317435264587402,2.3895283045314395,1.9948654603592908,1.5459226369857788,1.0317435264587402,1.4280548095703125,0.026762255552525333,-0.039719049356990666,8.470925219779
1776515335.8666286,0.7953419443397785,0.08372662384180611,0.8,0.1838784668591906,1.0283892154693604,2.3878918440666164,1.9933292956522892,1.5340967178344727,1.0283892154693604,1.4021247625350952,0.021235659082729196,-0.04143944843781454,8.464959510920083
1776515335.9097462,0.8045865526015616,0.08152120127077256,0.8,0.16716512713442125,1.0283892154693604,2.3878918440666164,1.9933292956522892,1.5340967178344727,1.0283892154693604,1.4021247625350952,0.019748757293768078,-0.04311393630495004,8.458942109303091
1776515335.9626746,0.8067374345200586,0.07618459725319057,0.8,0.16190740547203578,1.0412404537200928,2.3821252037484153,1.9790934689312338,1.5075111389160156,1.0412404537200928,1.3939820528030396,0.018345135180573645,-0.04471698280123049,8.452882797802916
1776515336.011575,0.8055969779683669,0.07684688795946532,0.8,0.15554920593531557,1.0412404537200928,2.3821252037484153,1.9790934689312338,1.5075111389160156,1.0412404537200928,1.3939820528030396,0.017073399487166026,-0.04619881894345558,8.44682644240897
1776515336.0831208,0.8050249857916922,0.0756915926209109,0.8,0.14699045125268773,1.0412404537200928,2.3821252037484153,1.9790934689312338,1.5075111389160156,1.0412404537200928,1.3939820528030396,0.015758844156520853,-0.047757934816765144,8.44078034317802
1776515336.1104243,0.7998165687881665,0.07002239199752346,0.8,0.1299144962283672,1.0416815280914307,2.3791559494611403,1.9746011329776374,1.5014574527740479,1.0416815280914307,1.3701388835906982,0.01445278121691565,-0.049349865168599995,8.434781132155333
1776515336.168608,0.7904764281834894,0.0492695925151988,0.8,0.1299144962283672,1.0416815280914307,2.3791559494611403,1.9746011329776374,1.5014574527740479,1.0416815280914307,1.3701388835906982,0.013454218943118441,-0.0505756486489051,8.428812328420479
1776515336.209659,0.7926550571267014,0.053366992959944216,0.8,0.12695606817458138,1.0427309274673462,2.379512699856789,1.97811136834619,1.4730145931243896,1.0427309274673462,1.361554503440857,0.007617082914010892,-0.05141709820680077,8.422858123419639
1776515336.2634397,0.792130734561529,0.037801250380132996,0.8,0.11236027798454526,1.0427309274673462,2.379512699856789,1.97811136834619,1.4730145931243896,1.0427309274673462,1.361554503440857,0.0068550836214297944,-0.05229287985701852,8.416936849533707
1776515336.3095362,0.7948881915340068,0.04274796435236066,0.8,0.10989977291274326,1.0427309274673462,2.379512699856789,1.97811136834619,1.4730145931243896,1.0427309274673462,1.361554503440857,0.006238774515230479,-0.05301207839633474,8.411028508148352
1776515336.362004,0.7975366886228149,0.03206319038348266,0.8,0.10775798981712767,1.0607001781463623,2.3752662802492437,1.969428933584931,1.4775389432907104,1.0607001781463623,1.350473403930664,0.005619293811699302,-0.0537501458143105,8.405114794908329
1776515336.4095101,0.8036835521649783,0.029187956660026774,0.8,0.08500159058059704,1.0607001781463623,2.3752662802492437,1.969428933584931,1.4775389432907104,1.0607001781463623,1.350473403930664,0.005103768079306251,-0.05437340270450222,8.399180833880566
1776515336.4606366,0.8032736521589376,0.03217787557070337,0.8,0.08308728425499609,1.0607001781463623,2.3752662802492437,1.969428933584931,1.4775389432907104,1.0607001781463623,1.350473403930664,0.004611661816311105,-0.054972741079910424,8.393240041666703
1776515336.511673,0.8032341226664057,0.03515705227014385,0.7981689073882374,0.06388323951215572,1.0826438665390015,2.3706081758264475,1.9608087845334379,1.4513338804244995,1.0826438665390015,1.331896424293518,-0.0014815555470819725,0.1103426149876178,8.387318958687606
1776515336.5600734,0.7995021980412673,0.04359090949137776,0.7926150757015403,0.11363773208830721,1.0826438665390015,2.3706081758264475,1.9608087845334379,1.4513338804244995,1.0826438665390015,1.331896424293518,-0.0021069512396534595,0.10963808691110313,8.381433828821633
1776515336.6089754,0.8196654893862694,0.04645073724927305,0.7903182890473028,0.11169911075178487,1.0806965827941895,2.3697916176669804,1.9629316133851609,1.4365156888961792,1.0806965827941895,1.3173210620880127,-0.00313532134271529,0.10844273060740375,8.37548002947534
1776515336.660665,0.8196654893862694,0.04645073724927305,0.7915676017330805,0.10384015949466818,1.0806965827941895,2.3697916176669804,1.9629316133851609,1.4365156888961792,1.0806965827941895,1.3173210620880127,-0.00313532134271529,0.10844273060740375,8.37548002947534
1776515336.7096553,0.7916139396288789,0.03817400646273105,0.7732568567503049,0.1034556198787609,1.0806965827941895,2.3697916176669804,1.9629316133851609,1.4365156888961792,1.0806965827941895,1.3173210620880127,-0.00356478926605025,0.10793635786852783,8.369598848962964
1776515336.7594492,0.7852377118773355,0.0355584241550946,0.7732568567503049,0.1034556198787609,1.1047507524490356,2.3647910623391617,1.9542734824568242,1.416724681854248,1.1047507524490356,1.3002241849899292,-0.004229947476734816,0.10714097180283488,8.363863162458085
1776515336.809683,0.7636162652982618,0.00975923429392062,0.7581149418894518,0.08083007962865728,1.1047507524490356,2.3647910623391617,1.9542734824568242,1.416724681854248,1.1047507524490356,1.3002241849899292,-0.004712047328802975,0.10654625663017075,8.35824511083884
1776515336.8595219,0.7636162652982618,0.00975923429392062,0.7434550237914275,0.08006742815447837,1.1047507524490356,2.3647910623391617,1.9542734824568242,1.416724681854248,1.1047507524490356,1.3002241849899292,-0.004712047328802975,0.10654625663017075,8.35824511083884
1776515336.9095058,0.7486110918227045,-0.0155599218402495,0.682808612928728,0.8357676206894346,1.1047507524490356,2.3647910623391617,1.9542734824568242,1.416724681854248,1.1047507524490356,1.3002241849899292,0.0039279816083144375,1.8998373709305851,8.352785294180283
1776515336.9595106,0.7448448424232798,-0.044280524989176034,0.7068159863783713,0.944167044108135,1.1125925779342651,2.3628323474049457,1.9518628460642864,1.4124189615249634,1.1125925779342651,1.2867788076400757,0.00444512400054143,1.9004324544550943,8.347407563166307
1776515337.0095506,0.7522954323626587,-0.0690851883584956,0.6956455692413083,0.9331307067146984,1.1125925779342651,2.3628323474049457,1.9518628460642864,1.4124189615249634,1.1125925779342651,1.2867788076400757,0.005438410447305746,1.9015970865400984,8.342049962193165
1776515337.0605593,0.7712691715770884,-0.08115026100314723,0.699785911040208,0.9361914512834004,1.1319637298583984,2.3609383602477574,1.9517054314496667,1.3830453157424927,1.1319637298583984,1.2638866901397705,0.006731570609215649,1.9031394505073316,8.336639244116279
1776515337.1095495,0.800596061711861,-0.07230346447602257,0.6948966099849537,0.9199565301022503,1.1319637298583984,2.3609383602477574,1.9517054314496667,1.3830453157424927,1.1319637298583984,1.2638866901397705,0.008009367384804955,1.9046916025485585,8.33110013576035
1776515337.1675427,0.7990867159833798,-0.06066935964454688,0.7494558207739419,0.8115510436898137,1.1319637298583984,2.3609383602477574,1.9517054314496667,1.3830453157424927,1.1319637298583984,1.2638866901397705,0.24609366181862888,0.6419168092777177,8.325502135066381
1776515337.2096167,0.7990867159833798,-0.06066935964454688,0.7566887808047678,0.9882906058463051,1.1319637298583984,2.3609383602477574,1.9517054314496667,1.3830453157424927,1.1319637298583984,1.2638866901397705,0.24609366181862888,0.6419168092777177,8.325502135066381
1776515337.2613213,0.8132980776737734,-0.017967498121769607,0.7566887808047678,0.9882906058463051,1.1537169218063354,2.3553426366068497,1.941223666047061,1.372088074684143,1.1537169218063354,1.2596989870071411,0.24664998823333648,0.6425709701080562,8.319902039102082
1776515337.3095238,0.8149129033244099,0.011049170849043796,0.7653338740319249,0.9765823299819913,1.1537169218063354,2.3553426366068497,1.941223666047061,1.372088074684143,1.1537169218063354,1.2596989870071411,0.24651136423125983,0.6423960394032621,8.314271477758052
1776515337.362882,0.7986465604915157,0.014376061557527674,0.7670664101573776,0.9760232365549067,1.1537169218063354,2.3553426366068497,1.941223666047061,1.372088074684143,1.1537169218063354,1.2596989870071411,0.24629032245090382,0.6421258206058738,8.308745543183305
1776515337.4103246,0.7986465604915157,0.014376061557527674,0.7566442340681573,0.9758858197560586,1.1646414995193481,2.352575568552926,1.9389781811266873,1.3585476875305176,1.1646414995193481,1.240645408630371,0.24629032245090382,0.6421258206058738,8.308745543183305
1776515337.459679,0.7828948362532633,0.014154924828436551,0.7338944268583161,0.9597899285688363,1.1646414995193481,2.352575568552926,1.9389781811266873,1.3585476875305176,1.1646414995193481,1.240645408630371,0.2460681777302063,0.6418449190491611,8.30334846477601
1776515337.5095778,0.7720783944385949,0.015006741404591295,0.7338944268583161,0.9597899285688363,1.1646414995193481,2.352575568552926,1.9389781811266873,1.3585476875305176,1.1646414995193481,1.240645408630371,0.2458557302729075,0.6415674764496151,8.29806569447337
1776515337.5613086,0.7692721385155321,0.010537435309623483,0.726903086114583,0.9594839006793127,1.1855599880218506,2.350034111633442,1.9382039149024215,1.3273504972457886,1.1855599880218506,1.2273054122924805,0.30549297463421166,0.6413184034890154,8.292851300913549
1776515337.611613,0.7692721385155321,0.010537435309623483,0.7217883911607877,1.1176835775506015,1.1855599880218506,2.350034111633442,1.9382039149024215,1.3273504972457886,1.1855599880218506,1.2273054122924805,0.30549297463421166,0.6413184034890154,8.292851300913549
1776515337.663817,0.7805012468335478,0.009280601490114655,0.7217883911607877,1.1176835775506015,1.1855599880218506,2.350034111633442,1.9382039149024215,1.3273504972457886,1.1855599880218506,1.2273054122924805,0.30532839605736806,0.6411163556668673,8.28763271919455
1776515337.708875,0.7977463074534761,0.02261064116269724,0.728874714716907,1.116763556873861,1.1855599880218506,2.350034111633442,1.9382039149024215,1.3273504972457886,1.1855599880218506,1.2273054122924805,0.3051014081466632,0.6408329941406301,8.282335698475777
1776515337.7621858,0.7977463074534761,0.02261064116269724,0.7402004012655272,1.1153816479249472,1.1891512870788574,2.3449465754294594,1.9275157388204567,1.318656086921692,1.1891512870788574,1.2058972120285034,0.3051014081466632,0.6408329941406301,8.282335698475777
1776515337.8096447,0.8332620838446264,0.04936898946598392,0.7496546111584322,1.1008935542053497,1.1891512870788574,2.3449465754294594,1.9275157388204567,1.318656086921692,1.1891512870788574,1.2058972120285034,0.3044332085876222,0.6399975428391528,8.276865017561441
1776515337.8596275,0.8318533634449657,0.10557297126651613,0.7500722597486075,1.0965858373811619,1.1891512870788574,2.3449465754294594,1.9275157388204567,1.318656086921692,1.1891512870788574,1.2058972120285034,0.30318093859789036,0.638403049066233,8.271277114559698
1776515337.9095175,0.8380952463893501,0.1355624564537449,0.7449604814757064,1.0807125138817821,1.1918154954910278,2.3402177396469046,1.9247020519219538,1.2970566749572754,1.2086275815963745,1.1918154954910278,0.30104152549294344,0.6356086764405069,8.265669444000304
1776515337.9635706,0.8301776367096466,0.13497583313041941,0.749497706296653,1.0731441815044032,1.1918154954910278,2.3402177396469046,1.9247020519219538,1.2970566749572754,1.2086275815963745,1.1918154954910278,0.35811389053635073,0.6328441527519241,8.260078345483242
1776515338.012652,0.8318655148664129,0.13638062881832674,0.7519022667569965,1.2370733705055064,1.177707314491272,2.3396302663430806,1.926586340448134,1.3007383346557617,1.223121166229248,1.177707314491272,0.35589393427585014,0.6301144148933142,8.254499281629375
1776515338.059541,0.8314128191148206,0.1700433020079707,0.7541738354661806,1.208001002416196,1.177707314491272,2.3396302663430806,1.926586340448134,1.3007383346557617,1.223121166229248,1.177707314491272,0.3534671043490123,0.6270705496555737,8.248892686972939
1776515338.1106462,0.8393837494412553,0.19491692323302662,0.7599015787890555,1.1887735237369692,1.177707314491272,2.3396302663430806,1.926586340448134,1.3007383346557617,1.223121166229248,1.177707314491272,0.3503407885497259,0.6230676808265451,8.243250110745533
1776515338.159659,0.8413150075555877,0.2039487522574941,0.7587960090043882,1.1654714265992543,1.1610281467437744,2.333101310518249,1.9154665097726207,1.284767746925354,1.2379549741744995,1.1610281467437744,0.3472480715572154,0.6190323174697026,8.237530000779595
1776515338.2109687,0.8470896070823746,0.2114074201843242,0.7623366943534101,1.1545277041927624,1.1610281467437744,2.333101310518249,1.9154665097726207,1.284767746925354,1.2379549741744995,1.1610281467437744,0.3441083187437535,0.6148649672075536,8.231732163525614
1776515338.2613466,0.8418421181490162,0.21939564733756078,0.7588244878235383,1.1437394677425194,1.1452407836914062,2.3306928776018494,1.9167503639990593,1.2704991102218628,1.2599867582321167,1.1452407836914062,0.34091054687580274,0.610526733561782,8.225918896993756
1776515338.3113818,0.8464164298833211,0.21144515375723225,0.7695455344031339,1.2756446287083607,1.1452407836914062,2.3306928776018494,1.9167503639990593,1.2704991102218628,1.2599867582321167,1.1452407836914062,0.3947861337664113,0.6062283511305239,8.220051584957726
1776515338.3599908,0.8381185044647155,0.20149684332658466,0.7695455344031339,1.2756446287083607,1.1405855417251587,2.324547154940906,1.9080547055107568,1.2629635334014893,1.2628687620162964,1.1405855417251587,0.39153743638215704,0.6021093911480321,8.214174035621273
1776515338.4118087,0.8269773336287488,0.18118230039624467,0.754360451191864,1.2548792062890222,1.1405855417251587,2.324547154940906,1.9080547055107568,1.2629635334014893,1.2628687620162964,1.1405855417251587,0.3885650758493622,0.5982544788234277,8.208342540348237
1776515338.4627154,0.8172324403731593,0.17802230469165897,0.754360451191864,1.2548792062890222,1.1405855417251587,2.324547154940906,1.9080547055107568,1.2629635334014893,1.2628687620162964,1.1405855417251587,0.38587555750698604,0.5947064769799022,8.202547852874067
1776515338.5096266,0.818160097372331,0.16024348957192627,0.7477115889006005,1.246066448472123,1.1405855417251587,2.324547154940906,1.9080547055107568,1.2629635334014893,1.2628687620162964,1.1405855417251587,0.383415699207331,0.5913950478879845,8.196761401903782
1776515338.5596902,0.8295711862759911,0.15675013930150716,0.7475350063931857,1.2376660436882112,1.1275224685668945,2.3199381255971185,1.904704690547574,1.2578539848327637,1.2805196046829224,1.1275224685668945,0.38110321293474336,0.5882158905908236,8.190909940102793
1776515338.6096425,0.8295711862759911,0.15675013930150716,0.7563710717113362,1.210373525420072,1.1275224685668945,2.3199381255971185,1.904704690547574,1.2578539848327637,1.2805196046829224,1.1275224685668945,0.38110321293474336,0.5882158905908236,8.190909940102793
1776515338.6596274,0.8513919175645567,0.13789328321235314,0.7563710717113362,1.210373525420072,1.1049742698669434,2.315299501582277,1.8996626837293786,1.2473663091659546,1.2896589040756226,1.1049742698669434,0.43417574869167225,0.5851778962294619,8.184896667367603
1776515338.7097404,0.8621255677218777,0.16262639893013642,0.7784777913213483,1.336859350113846,1.1049742698669434,2.315299501582277,1.8996626837293786,1.2473663091659546,1.2896589040756226,1.1049742698669434,0.4317170443591538,0.5820206518547973,8.178739306544168
1776515338.7616203,0.8513790741004083,0.15589625103579768,0.7784777913213483,1.336859350113846,1.1049742698669434,2.315299501582277,1.8996626837293786,1.2473663091659546,1.2896589040756226,1.1049742698669434,0.42921345745394707,0.5787408991866505,8.172620941001346
1776515338.8171751,0.8825249570719691,0.17469803557572736,0.7711043208429804,1.3287388430830145,1.1049742698669434,2.315299501582277,1.8996626837293786,1.2473663091659546,1.2896589040756226,1.1049742698669434,0.42669346042705253,0.5753710384715485,8.166313893357996
1776515338.8594947,0.8667309336321073,0.18998641407849715,0.7891169409920263,1.3105113937837651,1.0935699939727783,2.3112809306267343,1.8957262286453418,1.2301326990127563,1.300915002822876,1.0935699939727783,0.4239564596024399,0.5716315554049788,8.159993348856274
1776515338.9095297,0.8667309336321073,0.18998641407849715,0.7790780289400008,1.3016598471872558,1.0935699939727783,2.3112809306267343,1.8957262286453418,1.2301326990127563,1.300915002822876,1.0935699939727783,0.4239564596024399,0.5716315554049788,8.159993348856274
1776515338.9595633,0.84925169542082,0.1784971026596394,0.7790780289400008,1.3016598471872558,1.0935699939727783,2.3112809306267343,1.8957262286453418,1.2301326990127563,1.300915002822876,1.0935699939727783,0.4213610981248413,0.5680086987905846,8.153774965086447
1776515339.013,0.8346302343009145,0.1648875372037353,0.767258717759477,1.2933870904397828,1.0798097848892212,2.307138698835488,1.893111458732403,1.2287483215332031,1.320444107055664,1.0798097848892212,0.4189630216727005,0.5645834746989284,8.147640964989016
1776515339.0595663,0.8241315843552797,0.15535840557461708,0.7602031554528696,1.2633701303804061,1.0798097848892212,2.307138698835488,1.893111458732403,1.2287483215332031,1.320444107055664,1.0798097848892212,0.4700106398584019,0.5613896948810132,8.141579871147087
1776515339.1096537,0.8261463091609149,0.14916128947429738,0.7599312280931824,1.4098512312127442,1.0798097848892212,2.307138698835488,1.893111458732403,1.2287483215332031,1.320444107055664,1.0798097848892212,0.46771394673847666,0.5583463314542199,8.13553107474698
1776515339.1627002,0.8425147534821629,0.15431293560646991,0.7605056419806193,1.3910256867011936,1.0692992210388184,2.3015955328169406,1.8886595656063108,1.2173268795013428,1.3327034711837769,1.0692992210388184,0.4654943076254938,0.555343575629057,8.12939681955019
1776515339.2096071,0.8425147534821629,0.15431293560646991,0.7708575646124312,1.3828412591660522,1.0692992210388184,2.3015955328169406,1.8886595656063108,1.2173268795013428,1.3327034711837769,1.0692992210388184,0.4654943076254938,0.555343575629057,8.12939681955019
1776515339.26153,0.8726601606856694,0.17681036352360976,0.7904851782390394,1.3734289411227136,1.0692992210388184,2.3015955328169406,1.8886595656063108,1.2173268795013428,1.3327034711837769,1.0692992210388184,0.46308010515873116,0.5520096469111494,8.123057838870487
1776515339.311769,0.881035052843483,0.21277757897588925,0.796073365337788,1.347231059834205,1.0551612377166748,2.2971691066307893,1.8865407987631466,1.2080178260803223,1.3471457958221436,1.0551612377166748,0.46027898913523146,0.5480683636857225,8.116511261421945
1776515339.359675,0.8904522980383289,0.25664335467357724,0.796073365337788,1.347231059834205,1.0551612377166748,2.2971691066307893,1.8865407987631466,1.2080178260803223,1.3471457958221436,1.0551612377166748,0.4567316875100203,0.5429537348199092,8.109868993460383
1776515339.4097102,0.8862972121126375,0.3254058071750374,0.8,1.3345153068423703,1.0551612377166748,2.2971691066307893,1.8865407987631466,1.2080178260803223,1.3471457958221436,1.0551612377166748,0.4527719596167946,0.5371052282122313,8.103176894101015
1776515339.4605274,0.8862972121126375,0.3254058071750374,0.8,1.3207368687859677,1.0448802709579468,2.2940332674517,1.8864694941856681,1.2031978368759155,1.3535953760147095,1.0448802709579468,0.4527719596167946,0.5371052282122313,8.103176894101015
1776515339.510723,0.8538094729476677,0.33459430459137424,0.8,1.349793444259475,1.0448802709579468,2.2940332674517,1.8864694941856681,1.2031978368759155,1.3535953760147095,1.0448802709579468,0.4936955654767437,0.2985618117408928,8.08986600826371
1776515339.5668492,0.8538094729476677,0.33459430459137424,0.791621079327044,1.3329269710629865,1.0448802709579468,2.2940332674517,1.8864694941856681,1.2031978368759155,1.3535953760147095,1.0448802709579468,0.4936955654767437,0.2985618117408928,8.08986600826371
1776515339.6104026,0.8425722386636199,0.311578778113217,0.7833002148207977,1.3173429159454892,1.030612826347351,2.289018841610255,1.8816874417508445,1.2114789485931396,1.3690462112426758,1.030612826347351,0.4890349186887533,0.2920977286694285,8.08327519465546
1776515339.6614497,0.8460140460777409,0.29220511791667286,0.7862522371886185,1.2948080461561768,1.030612826347351,2.289018841610255,1.8816874417508445,1.2114789485931396,1.3690462112426758,1.030612826347351,0.48478817836250193,0.2860908390365382,8.076648254691548
1776515339.7098298,0.8701410412066268,0.2823135747500923,0.7874775371590664,1.2800722276216296,1.030612826347351,2.289018841610255,1.8816874417508445,1.2114789485931396,1.3690462112426758,1.030612826347351,0.48078242268328014,0.28031020543462476,8.069854071005464
1776515339.7596104,0.8703338892726583,0.29773194232341127,0.8,1.265364137980037,1.0342938899993896,2.281602011688543,1.8732085419828763,1.2016282081604004,1.374045491218567,1.0342938899993896,0.47681805567283414,0.2744854467687974,8.062868088575186
1776515339.809539,0.8936615630241534,0.3215047530791826,0.8,1.2552013725974454,1.0342938899993896,2.281602011688543,1.8732085419828763,1.2016282081604004,1.374045491218567,1.0342938899993896,0.4726348377708215,0.26819089787163336,8.055651173577218
1776515339.859474,0.8736748294466031,0.34483738127751185,0.8,1.2397240538637848,1.0342938899993896,2.281602011688543,1.8732085419828763,1.2016282081604004,1.374045491218567,1.0342938899993896,0.4939165936783837,0.10287814859894838,8.048457891712763
1776515339.9095926,0.8578023772225711,0.32621316325114563,0.8,1.2120312731670482,1.0168201923370361,2.276106585296186,1.8667716967967731,1.2071423530578613,1.3888537883758545,1.0168201923370361,0.4889072370897756,0.09601709551158576,8.041329298316962
1776515339.9595578,0.8537585533824897,0.30967657218546873,0.8,1.1954379533698232,1.0168201923370361,2.276106585296186,1.8667716967967731,1.2071423530578613,1.3888537883758545,1.0168201923370361,0.4844106191004201,0.08973770999209722,8.034208436956208
1776515340.0106146,0.864024845146924,0.3125700204916235,0.8,1.180133980624385,1.0114450454711914,2.2738043063222864,1.8701001734265237,1.2081526517868042,1.3973851203918457,1.0114450454711914,0.48007037933110985,0.08354745311301515,8.027006666761537
1776515340.0595431,0.8725428348679003,0.305860672100202,0.8,1.1530094202173706,1.0114450454711914,2.2738043063222864,1.8701001734265237,1.2081526517868042,1.3973851203918457,1.0114450454711914,0.47586017693128935,0.07742280997774213,8.019614477074827
1776515340.1133394,0.8725428348679003,0.305860672100202,0.8,1.1381252204953962,1.0114450454711914,2.2738043063222864,1.8701001734265237,1.2081526517868042,1.3973851203918457,1.0114450454711914,0.47586017693128935,0.07742280997774213,8.019614477074827
1776515340.1615632,0.8694355671932648,0.2994116296654179,0.8,1.1381252204953962,1.0012303590774536,2.267837796467085,1.8627473819881415,1.2073173522949219,1.398006796836853,1.0012303590774536,0.4717154289736325,0.07126308390276856,8.012178329978964
1776515340.209496,0.8700709493988451,0.2876515973813943,0.8,1.1187345126748678,1.0012303590774536,2.267837796467085,1.8627473819881415,1.2073173522949219,1.398006796836853,1.0012303590774536,0.4678484734360123,0.0653930639303244,8.004673866544577
1776515340.260584,0.8707686253800234,0.2765069869835313,0.8,1.1052389004554835,1.0012303590774536,2.267837796467085,1.8627473819881415,1.2073173522949219,1.398006796836853,1.0012303590774536,0.47019145595982603,0.059758222566410946,7.997106299661047
1776515340.3094976,0.8701059706180281,0.26920054326041293,0.8,1.109760051973757,0.990835428237915,2.265108897606605,1.8613386778155967,1.2120342254638672,1.4142123460769653,0.990835428237915,0.4662209695585665,0.054312691020914045,7.989479338329688
1776515340.3646362,0.8582449315485599,0.24999038365693926,0.8,1.0760459568123644,0.990835428237915,2.265108897606605,1.8613386778155967,1.2120342254638672,1.4142123460769653,0.990835428237915,0.4624974750559457,0.049094420733044375,7.981840412569027
1776515340.4126358,0.8582449315485599,0.24999038365693926,0.8,1.0636945435856986,0.990835428237915,2.265108897606605,1.8613386778155967,1.2120342254638672,1.4142123460769653,0.990835428237915,0.4624974750559457,0.049094420733044375,7.981840412569027
1776515340.463878,0.8310165381466978,0.2195856722896041,0.7913501015517544,1.0526761521062706,0.9795856475830078,2.258752118592787,1.8485265577989178,1.2123839855194092,1.4104359149932861,0.9795856475830078,0.456028287690147,0.039751346151143535,7.966849089074884
1776515340.5111718,0.8329910436445884,0.20952929969031495,0.7795175455283514,1.0413967226919256,0.9795856475830078,2.258752118592787,1.8485265577989178,1.2123839855194092,1.4104359149932861,0.9795856475830078,0.45316301318105195,0.03547295429056574,7.9593897027450495
1776515340.5685072,0.8482742122594861,0.20307589405511625,0.7801735948349416,1.0313882271477,0.9681575298309326,2.2577046901401165,1.8501531981044061,1.2161991596221924,1.4265626668930054,0.9681575298309326,0.4536027986719485,0.03135660446095681,7.951815640789861
1776515340.6095014,0.8656545150321157,0.1888913017935711,0.7929389042034696,1.009372332132283,0.9681575298309326,2.2577046901401165,1.8501531981044061,1.2161991596221924,1.4265626668930054,0.9681575298309326,0.4506639958090204,0.027384712750014972,7.944029066190407
1776515340.6625159,0.8671645057250701,0.18923862731732027,0.8,0.9987380884681638,0.9681575298309326,2.2577046901401165,1.8501531981044061,1.2161991596221924,1.4265626668930054,0.9681575298309326,0.44797744728734135,0.023683948162136398,7.936135825799992
1776515340.7211158,0.8671645057250701,0.18923862731732027,0.8,0.9921108891195957,0.9772922992706299,2.2527719989184645,1.8390103552656503,1.2248730659484863,1.4305073022842407,0.9772922992706299,0.44797744728734135,0.023683948162136398,7.936135825799992
1776515340.7603269,0.8691285937557034,0.18889868710910226,0.8,0.9821425892615248,0.9772922992706299,2.2527719989184645,1.8390103552656503,1.2248730659484863,1.4305073022842407,0.9772922992706299,0.4451022302483084,0.01962221866873523,7.928209981599614
1776515340.809421,0.8701748377167117,0.17846034122607893,0.8,0.9733683136946515,0.9672020673751831,2.2510070858676605,1.8370651802573457,1.2203224897384644,1.4378811120986938,0.9672020673751831,0.4425643264586455,0.0159621763260111,7.92023546501135
1776515340.8596501,0.8528033118147785,0.1609721291755871,0.8,0.9637122314463346,0.9672020673751831,2.2510070858676605,1.8370651802573457,1.2203224897384644,1.4378811120986938,0.9672020673751831,0.4402772447891091,0.012584962505107489,7.912317232217238
1776515340.9095156,0.8404352912646595,0.15238592156790792,0.7983059501096776,0.9564510886083243,0.9672020673751831,2.2510070858676605,1.8370651802573457,1.2203224897384644,1.4378811120986938,0.9672020673751831,0.4391709936680484,0.009478057532454509,7.9045129495555955
1776515340.9595335,0.8248999884313819,0.13557334068147794,0.7900020042988443,0.9525079123287049,0.964245617389679,2.247216150729773,1.831018321830799,1.216252326965332,1.4478174448013306,0.964245617389679,0.43702738555082044,0.006602220540779163,7.89683124438509
1776515341.0095186,0.8179517027195354,0.11291444350069592,0.7764246001868197,0.933692853458623,0.964245617389679,2.247216150729773,1.831018321830799,1.216252326965332,1.4478174448013306,0.964245617389679,0.4352197825744233,0.004128153371510901,7.889248731272965
1776515341.0595417,0.8245303105759427,0.09472922253512753,0.7764246001868197,0.933692853458623,0.964245617389679,2.247216150729773,1.831018321830799,1.216252326965332,1.4478174448013306,0.964245617389679,0.4337544011718476,0.002078259449926373,7.881660547982772
1776515341.1192245,0.8457387557518912,0.09270253613058746,0.7778969824140618,0.9307582306712548,0.9628096222877502,2.2461218796429208,1.8300577866816874,1.2199369668960571,1.4418121576309204,0.9628096222877502,0.4324748772557345,0.00024626450373241293,7.873941105474551
1776515341.1596973,0.855658036421765,0.09898103452808647,0.7912298711170394,0.9256187703977661,0.9628096222877502,2.2461218796429208,1.8300577866816874,1.2199369668960571,1.4418121576309204,0.9628096222877502,0.43116739540536014,-0.0016561294828322803,7.866029537844858
1776515341.209536,0.8554083512298806,0.10938764553153973,0.7975458116720343,0.9207549235140501,0.9628096222877502,2.2461218796429208,1.8300577866816874,1.2199369668960571,1.4418121576309204,0.9628096222877502,0.4294023488775388,-0.003738335132802778,7.8581077695978125
1776515341.262534,0.8554083512298806,0.10938764553153973,0.7987736629359573,0.9067191282391563,0.9555568099021912,2.2402268095660496,1.8192438708172038,1.2172222137451172,1.4518280029296875,0.9555568099021912,0.4294023488775388,-0.003738335132802778,7.8581077695978125
1776515341.3095462,0.8816047312843607,0.12042023558268965,0.8,0.8989393374620445,0.9555568099021912,2.2402268095660496,1.8192438708172038,1.2172222137451172,1.4518280029296875,0.9555568099021912,0.42739717600818433,-0.006403712313991228,7.85004264443179
1776515341.3595622,0.8070467292483038,0.2721376988885835,0.8,0.8989393374620445,0.9555568099021912,2.2402268095660496,1.8192438708172038,1.2172222137451172,1.4518280029296875,0.9555568099021912,0.42438507549261917,-0.010563556940045044,7.84227330614359
1776515341.41039,0.7380170756780575,0.39643936555958476,0.771487001088171,0.8909103494775121,0.9444904327392578,2.2375197375846283,1.8111900379234236,1.2189942598342896,1.4515594244003296,0.9444904327392578,0.4188853944404718,-0.018081987627204643,7.835150108207723
1776515341.4596636,0.7335112777583711,-0.1485510104369331,0.7265257356697368,0.8693222475026423,0.9444904327392578,2.2375197375846283,1.8111900379234236,1.2189942598342896,1.4515594244003296,0.9444904327392578,0.4175228818520749,-0.019932154441523242,7.828222811801016
1776515341.5095272,0.7294103743895552,-0.0905228070160164,0.7088437753873623,0.8661260022358452,0.9476649761199951,2.2369260715181136,1.8133395323844068,1.2140077352523804,1.4561787843704224,0.9476649761199951,0.41922618192022043,-0.017383444593040975,7.82131780248769
1776515341.5596325,0.7178830107722087,-0.19038228566261517,0.7099779481265702,0.8715745339147023,0.9476649761199951,2.2369260715181136,1.8133395323844068,1.2140077352523804,1.4561787843704224,0.9476649761199951,0.41955143314184623,-0.014744019371167844,7.814577006432096
1776515341.6094403,0.7033674165638293,-0.09427681264011002,0.6998050511518511,0.8742802585316823,0.9476649761199951,2.2369260715181136,1.8133395323844068,1.2140077352523804,1.4561787843704224,0.9476649761199951,0.4212059750262731,-0.012615117660467717,7.808015452793188
1776515341.6594946,0.7033674165638293,-0.09427681264011002,0.6931532329889347,0.8802595498411097,0.9375582337379456,2.2335369160173117,1.8085406951229006,1.2153769731521606,1.4614708423614502,0.9375582337379456,0.4212059750262731,-0.012615117660467717,7.808015452793188
1776515341.7096312,0.6950835874994049,-0.10699741040082181,0.6866695124473302,0.8760545247442224,0.9375582337379456,2.2335369160173117,1.8085406951229006,1.2153769731521606,1.4614708423614502,0.9375582337379456,0.4226777066642545,-0.010688275332837699,7.801580387541562
1776515341.759943,0.6772687870553056,-0.13932648109280982,0.6866695124473302,0.8760545247442224,0.9375582337379456,2.2335369160173117,1.8085406951229006,1.2153769731521606,1.4614708423614502,0.9375582337379456,0.4241937841600955,-0.00865377555743746,7.795351284417446
1776515341.8097897,0.6559094725985972,-0.10471096977534684,0.6744539071168293,0.8820133920856781,0.9375582337379456,2.2335369160173117,1.8085406951229006,1.2153769731521606,1.4614708423614502,0.9375582337379456,0.42594646561501204,-0.006292862391822668,7.789375157069309
1776515341.859704,0.6254490902183355,-0.053802988546709465,0.6601695369779708,0.8924417487259135,0.9369706511497498,2.230917509014578,1.8051362516472926,1.2106871604919434,1.4591867923736572,0.9369706511497498,0.42708793474821716,-0.004849646573140937,7.783728212821036
1776515341.9095888,0.5820012871543797,-0.037968698046270684,0.6420518673548625,0.8973305366167316,0.9369706511497498,2.230917509014578,1.8051362516472926,1.2106871604919434,1.4591867923736572,0.9369706511497498,0.42794942287718585,-0.003892028096006167,7.778508617691754
1776515341.9632084,0.5820012871543797,-0.037968698046270684,0.6146538442049947,0.9017569437768197,0.9338924288749695,2.2277362247951378,1.800490131327864,1.1942808628082275,1.4750019311904907,0.9338924288749695,0.42794942287718585,-0.003892028096006167,7.778508617691754
1776515342.0131392,0.537925718276855,-0.025455087011738164,0.5862599951147094,0.9397633110154884,0.9338924288749695,2.2277362247951378,1.800490131327864,1.1942808628082275,1.4750019311904907,0.9338924288749695,0.42831215543287104,0.0989718561692727,7.773781626838157
1776515342.0691385,0.4862174745783136,-0.0019185440462512427,0.5862599951147094,0.9397633110154884,0.9338924288749695,2.2277362247951378,1.800490131327864,1.1942808628082275,1.4750019311904907,0.9338924288749695,0.42878171124129677,0.09911845060443128,7.7696185400599616
1776515342.1106892,0.4862174745783136,-0.0019185440462512427,0.5537581793817055,0.9429979984923431,0.9338924288749695,2.2277362247951378,1.800490131327864,1.1942808628082275,1.4750019311904907,0.9338924288749695,0.42878171124129677,0.09911845060443128,7.7696185400599616
1776515342.159658,0.39790522944862433,0.04879978477271438,0.4984889325506955,0.9458562015498652,0.9245572090148926,2.2241289373022,1.7943136646564848,1.1838092803955078,1.4764043092727661,0.9245572090148926,0.42878437017865023,0.09860664129814206,7.7660741344124204
1776515342.211505,0.3383420682666396,-0.22914390592349396,0.4943389227244366,0.9443656266276143,0.9245572090148926,2.2241289373022,1.7943136646564848,1.1838092803955078,1.4764043092727661,0.9245572090148926,0.4292898969636353,0.09901867087046992,7.762951777924567
1776515342.2594552,0.28708969871583523,0.08575573802361462,0.4487425327918436,0.9487948150788984,0.9245572090148926,2.2241289373022,1.7943136646564848,1.1838092803955078,1.4764043092727661,0.9245572090148926,0.4307073175130669,0.10095625571171102,7.760185007203358
1776515342.309661,0.28708969871583523,0.08575573802361462,0.4244208973307013,0.9547835290634127,0.9245572090148926,2.2241289373022,1.7943136646564848,1.1838092803955078,1.4764043092727661,0.9245572090148926,0.4307073175130669,0.10095625571171102,7.760185007203358
1776515342.3643968,0.22487010181468045,0.07183804644288624,0.3770952148277473,0.9643724726008316,0.9222648739814758,2.2237177286624465,1.7955291654491625,1.1578898429870605,1.4716510772705078,0.9222648739814758,0.42966050847819637,0.09942934030338313,7.758067337707522
1776515342.4096487,0.15375313161049364,0.032262224121700475,0.3303658704423129,0.9643390743226522,0.9222648739814758,2.2237177286624465,1.7955291654491625,1.1578898429870605,1.4716510772705078,0.9222648739814758,0.42888205564257537,0.09837224707152867,7.756475253695892
1776515342.4595444,0.0657108544165718,0.035960526127437144,0.3303658704423129,0.9643390743226522,0.9253668785095215,2.2249850872266523,1.797954320018111,1.1764860153198242,1.4781001806259155,0.9253668785095215,0.42862255011894534,0.09806125875944519,7.755594848594697
1776515342.509312,0.01562442743003718,0.026759238415056234,0.2806113607989114,0.9563950140192906,0.9253668785095215,2.2249850872266523,1.797954320018111,1.1764860153198242,1.4781001806259155,0.9253668785095215,0.4281099014026094,0.0973091373648402,7.755269773590111
1776515342.5595312,0.0018183841961811739,0.003967168652850751,0.24821468234714839,0.956421831424875,0.9253668785095215,2.2249850872266523,1.797954320018111,1.1764860153198242,1.4781001806259155,0.9253668785095215,0.42795251853118943,0.09694871060343749,7.755375193155669
1776515342.608847,0.015073593241507996,-0.12306033937045997,0.23874711063558182,0.9563668114571474,0.9253668785095215,2.2249850872266523,1.797954320018111,1.1764860153198242,1.4781001806259155,0.9253668785095215,0.4285505998378337,0.09783883997280993,7.755298310114621
1776515342.6616664,0.015073593241507996,-0.12306033937045997,0.2350693192005642,0.9604335606255519,0.9135177731513977,2.2240236187069424,1.7969773106536704,1.175491452217102,1.4658606052398682,0.9135177731513977,0.4285505998378337,0.09783883997280993,7.755298310114621
1776515342.7097492,0.048205915812460906,-0.3494460510922866,0.23727926703785576,0.9682061269003217,0.9135177731513977,2.2240236187069424,1.7969773106536704,1.175491452217102,1.4658606052398682,0.9135177731513977,0.4347510322035041,0.10667627094629142,7.754548595803194
1776515342.760635,0.06929155954522236,-0.43734994601211363,0.2507952117014809,0.9812827026203336,0.9201436638832092,2.2240646832194404,1.7986760919008273,1.1682894229888916,1.4836431741714478,0.9201436638832092,0.4403729564261627,0.11481427889337478,7.75378536836102
1776515342.8095393,0.06929155954522236,-0.43734994601211363,0.2703312691264133,0.9933401635873669,0.9201436638832092,2.2240646832194404,1.7986760919008273,1.1682894229888916,1.4836431741714478,0.9201436638832092,0.4403729564261627,0.11481427889337478,7.75378536836102
1776515342.859514,0.1282683777549109,-0.6774531352287824,0.2703312691264133,0.9933401635873669,0.9201436638832092,2.2240646832194404,1.7986760919008273,1.1682894229888916,1.4836431741714478,0.9201436638832092,0.44805994865781784,0.12572653873922857,7.752775873856339
1776515342.911111,0.13018135276731774,-0.66400621755537,0.302386341534319,1.0184358027096359,0.9201436638832092,2.2240646832194404,1.7986760919008273,1.1682894229888916,1.4836431741714478,0.9201436638832092,0.45756936643518675,0.13912479947967873,7.751602513801555
1776515342.960669,0.13018135276731774,-0.66400621755537,0.2971792510657538,1.0558961376758274,0.9121771454811096,2.2225515168094723,1.8017543968637912,1.1361955404281616,1.484475016593933,0.9121771454811096,0.45756936643518675,0.13912479947967873,7.751602513801555
1776515343.0096624,0.1334029470163497,-0.6136087705969774,0.2971792510657538,1.0558961376758274,0.9121771454811096,2.2225515168094723,1.8017543968637912,1.1361955404281616,1.484475016593933,0.9121771454811096,0.46661215090467517,0.15228940829741022,7.750430802574642
1776515343.063037,0.101275154102666,-0.5403164623970526,0.29799648513416804,1.115284107115063,0.9132339954376221,2.2196674194741757,1.8015184408115377,1.1062142848968506,1.4937876462936401,0.9132339954376221,0.4820530258699218,0.17489566333425396,7.7485887322848335
1776515343.1108422,0.1139717715488235,-0.4978211605224663,0.28328028973333413,1.146059398968493,0.9132339954376221,2.2196674194741757,1.8015184408115377,1.1062142848968506,1.4937876462936401,0.9132339954376221,0.4889932280579319,0.18512275840525927,7.747794498652839
1776515343.1600635,0.11464507518986182,-0.43328600357296415,0.2931623045747631,1.1697073438323602,0.9133393168449402,2.2184134285610986,1.8019811436453592,1.0904563665390015,1.497076392173767,0.9133393168449402,0.4948264375145343,0.19403034956874343,7.746970044401573
1776515343.2110994,0.10322101195326965,-0.40720976915551005,0.2945950728400555,1.1929297764136004,0.9133393168449402,2.2184134285610986,1.8019811436453592,1.0904563665390015,1.497076392173767,0.9133393168449402,0.5002525579815436,0.20225633296751727,7.7462412200705355
1776515343.261117,0.09738229494713002,-0.29242839430602396,0.2884380735445544,1.21229243333936,0.9133393168449402,2.2184134285610986,1.8019811436453592,1.0904563665390015,1.497076392173767,0.9133393168449402,0.5051247727525364,0.20960077242879527,7.745556691384622
1776515343.310274,0.09738229494713002,-0.29242839430602396,0.288188299792704,1.2292889592651415,0.9038845300674438,2.2159303089846736,1.7981710613659492,1.0771836042404175,1.4972145557403564,0.9038845300674438,0.5051247727525364,0.20960077242879527,7.745556691384622
1776515343.360518,0.10940927087541646,-0.2019869893308011,0.2829444354336723,1.2290435147787089,0.9038845300674438,2.2159303089846736,1.7981710613659492,1.0771836042404175,1.4972145557403564,0.9038845300674438,0.5086706168498363,0.21500993526863726,7.7448074721566345
1776515343.413654,0.13635641300055282,-0.06446028042441426,0.29337436532527944,1.2408432849714601,0.9038845300674438,2.2159303089846736,1.7981710613659492,1.0771836042404175,1.4972145557403564,0.9038845300674438,0.5109157294920194,0.21840534725414212,7.744021818501303
1776515343.459774,0.13635641300055282,-0.06446028042441426,0.3145139219909725,1.2474253650748093,0.9038845300674438,2.2159303089846736,1.7981710613659492,1.0771836042404175,1.4972145557403564,0.9038845300674438,0.5109157294920194,0.21840534725414212,7.744021818501303
1776515343.509526,0.11393869546202172,0.07861218730230218,0.3145139219909725,1.2474253650748093,0.9037442207336426,2.2158965221386504,1.8013785977485575,1.076514720916748,1.4949954748153687,0.9037442207336426,0.5110507922504696,0.21858720598668324,7.743209977703415
1776515343.5598156,0.10470804413271977,0.40353920740305904,0.30305578425750357,1.2489160251450242,0.9037442207336426,2.2158965221386504,1.8013785977485575,1.076514720916748,1.4949954748153687,0.9037442207336426,0.5080655428433527,0.21386523944965866,7.7424899777975345
1776515343.6102498,0.2832974492368663,0.7270682195736773,0.30557256762919727,1.2379472311934578,0.906697690486908,2.2156450235656187,1.7988129620969016,1.0776580572128296,1.5005522966384888,0.906697690486908,0.4990686110781258,0.19982847228315465,7.741095503746702
1776515343.6595435,0.24713841746601223,0.5330066716970473,0.4312026885991397,1.1973835871100902,0.906697690486908,2.2156450235656187,1.7988129620969016,1.0776580572128296,1.5005522966384888,0.906697690486908,0.49017036260590235,0.18631373705267978,7.739007928920414
1776515343.7096424,0.19008126373985254,0.31588426481980886,0.4020303155997573,1.1679594517237302,0.906697690486908,2.2156450235656187,1.7988129620969016,1.0776580572128296,1.5005522966384888,0.906697690486908,0.48579544516838336,0.18128568112605697,7.7434344896142955
1776515343.761844,0.1464700140320448,0.22695444544648435,0.3592727012612388,1.1558031624857315,0.8969588279724121,2.215340234580468,1.8004960182975982,1.0900561809539795,1.4951032400131226,0.8969588279724121,0.4830384623069189,0.1760329929359197,7.7428908002335195
1776515343.810883,0.07373315887486839,0.033271761507456435,0.27375933000722885,1.1432146813996464,0.8969588279724121,2.215340234580468,1.8004960182975982,1.0900561809539795,1.4951032400131226,0.8969588279724121,0.48321828915061604,0.17461900760242924,7.743170051126876
1776515343.8595502,0.03920840524586402,0.27166986549753025,0.27375933000722885,1.1432146813996464,0.8969588279724121,2.215340234580468,1.8004960182975982,1.0900561809539795,1.4951032400131226,0.8969588279724121,0.48296317927581034,0.17147941887006904,7.744437260818515
1776515343.9104784,0.04048425311817691,0.17714074905612545,0.2599860595360336,1.137021398572847,0.8951783776283264,2.2133595049656947,1.7968040490017216,1.094840168952942,1.4990960359573364,0.8951783776283264,0.48161435327891117,0.16618633542399106,7.746192732756636
1776515343.9615397,0.030019532729969975,0.18143045521660878,0.25826908357977,1.1311379908162098,0.8951783776283264,2.2133595049656947,1.7968040490017216,1.094840168952942,1.4990960359573364,0.8951783776283264,0.48108347477102337,0.16295549871557982,7.7474163222897205
1776515344.0094068,0.02517140985127909,0.10739043175202966,0.25171433042600405,1.1286456271752567,0.8939307928085327,2.2126168992980335,1.795146133064267,1.0902131795883179,1.5034599304199219,0.8939307928085327,0.4806099048056769,0.16024190755617088,7.748440739532801
1776515344.059426,0.01637457639871296,0.07304183723885023,0.2471542395854675,1.1246869468049276,0.8939307928085327,2.2126168992980335,1.795146133064267,1.0902131795883179,1.5034599304199219,0.8939307928085327,0.48033621954853023,0.1584827996933607,7.749112905260248
1776515344.1191213,0.01637457639871296,0.07304183723885023,0.24061929749534086,1.1235711977589626,0.8939307928085327,2.2126168992980335,1.795146133064267,1.0902131795883179,1.5034599304199219,0.8939307928085327,0.48033621954853023,0.1584827996933607,7.749112905260248
1776515344.1645052,0.0059025782282502975,0.046605982153738706,0.24061929749534086,1.1235711977589626,0.8939307928085327,2.2126168992980335,1.795146133064267,1.0902131795883179,1.5034599304199219,0.8939307928085327,0.48012707815866007,0.1573654772485566,7.749526721192684
1776515344.213239,0.004841527184629644,0.006143474351482776,0.2365591342841558,1.1160500454024729,0.8956407308578491,2.214074674025385,1.8016421558666493,1.1036045551300049,1.5047558546066284,0.8956407308578491,0.480068910998647,0.157029321262466,7.749647864171643
1776515344.2594833,0.014742828254521695,0.0709658829002953,0.23479948935601377,1.1158775359256328,0.8956407308578491,2.214074674025385,1.8016421558666493,1.1036045551300049,1.5047558546066284,0.8956407308578491,0.47947824770047953,0.1560614985284913,7.749604123664604
1776515344.3088243,0.04839124531771575,0.22211700297171275,0.2428302271915213,1.1132728028503427,0.8956407308578491,2.214074674025385,1.8016421558666493,1.1036045551300049,1.5047558546066284,0.8956407308578491,0.47753439021291877,0.15294583828484645,7.7494855406529775
1776515344.3597918,0.06529160588681053,0.25109151138318053,0.26977773320247345,1.1044578463338262,0.8971671462059021,2.214413616692546,1.800366096620918,1.0998412370681763,1.5092068910598755,0.8971671462059021,0.47753439021291877,0.15294583828484645,7.7494855406529775
1776515344.4114215,0.05236942568642655,0.13463237638968295,0.28110402876727436,1.0925320120291335,0.8971671462059021,2.214413616692546,1.800366096620918,1.0998412370681763,1.5092068910598755,0.8971671462059021,0.4719797928162356,0.14418958473994414,7.74886367418885
1776515344.4598873,0.09605156192624649,0.3682564343563621,0.2695014420029212,1.0849279942116072,0.8890891075134277,2.212925931350927,1.7962757870927977,1.1129757165908813,1.5078744888305664,0.8890891075134277,0.46797458801095615,0.137776634794038,7.748364409501509
1776515344.5113668,0.1765507198332729,0.499540195933703,0.3024545461989491,1.0610424253945485,0.8890891075134277,2.212925931350927,1.7962757870927977,1.1129757165908813,1.5078744888305664,0.8890891075134277,0.4623321527196774,0.12904928708990765,7.7474115743102745
1776515344.5717506,0.28494097718976824,0.8126206870275922,0.3570608488805521,1.0380254524076826,0.8890891075134277,2.212925931350927,1.7962757870927977,1.1129757165908813,1.5078744888305664,0.8890891075134277,0.4518701479039475,0.1138101445785851,7.744988577567887
1776515344.609506,0.28494097718976824,0.8126206870275922,0.43394668513833823,0.9970323149858152,0.8945017457008362,2.2170414647826653,1.7986876969739893,1.1412395238876343,1.510502576828003,0.8945017457008362,0.4518701479039475,0.1138101445785851,7.744988577567887
1776515344.6635685,0.3055365044162665,0.7975469616394294,0.452959684409009,0.9491863131079786,0.8945017457008362,2.2170414647826653,1.7986876969739893,1.1412395238876343,1.510502576828003,0.8945017457008362,0.4408824814121104,0.09754290020243403,7.742591006370713
1776515344.709498,0.21822330830783362,0.6806013433063662,0.452959684409009,0.9491863131079786,0.8945017457008362,2.2170414647826653,1.7986876969739893,1.1412395238876343,1.510502576828003,0.8945017457008362,0.4306937623112619,0.08233392346210378,7.74044589499678
1776515344.7595718,0.19859134012108584,0.5471484112381596,0.39294490703226187,0.9169936184518152,0.9007322192192078,2.218754332061171,1.7902963090498047,1.1883244514465332,1.502539038658142,0.9007322192192078,0.42921510230442717,0.16082451706480794,7.7384119706112315
1776515344.809407,0.15115043540886,0.43890588078722986,0.3810448748882194,0.9418095041079023,0.9007322192192078,2.218754332061171,1.7902963090498047,1.1883244514465332,1.502539038658142,0.9007322192192078,0.42214031802142277,0.15138268579117775,7.737081811072682
1776515344.8596122,0.07495979674018124,0.2281741574816207,0.3470699971254292,0.9195027998299605,0.8951770067214966,2.2194849752255,1.7858596036427028,1.1835196018218994,1.5030332803726196,0.8951770067214966,0.41811544500592956,0.1448744141929322,7.736998710606989
1776515344.909394,0.0359433994542794,0.07793590931837434,0.2894939267963732,0.9082730845165053,0.8951770067214966,2.2194849752255,1.7858596036427028,1.1835196018218994,1.5030332803726196,0.8951770067214966,0.4171304687783698,0.14177005609401921,7.737818403069233
1776515344.9595,0.04207322563980595,0.04144949834527142,0.2604360355774312,0.9059074764477659,0.8951770067214966,2.2194849752255,1.7858596036427028,1.1835196018218994,1.5030332803726196,0.8951770067214966,0.4182117766464768,0.14202513809287087,7.738158051103919
1776515345.009384,0.057157982380323775,-0.06811702610460714,0.2635264975124939,0.9089969832153267,0.8898712396621704,2.2207238491104224,1.7889696993828426,1.188299536705017,1.4980800151824951,0.8898712396621704,0.41979322617648307,0.1432397423313319,7.738208725313805
1776515345.0595841,0.08202195647538894,-0.201113126445668,0.26744650928658165,0.9114989186518048,0.8898712396621704,2.2207238491104224,1.7889696993828426,1.188299536705017,1.4980800151824951,0.8898712396621704,0.4219758453715924,0.1455298088994267,7.737943573734835
1776515345.1093512,0.12918593002733353,-0.3091015098817336,0.28003959795445243,0.91815775499349,0.8987279534339905,2.2178892096251275,1.7875514659116656,1.194261908531189,1.5104310512542725,0.8987279534339905,0.4257065867439476,0.15036934310119207,7.736970532059763
1776515345.1595497,0.16381579638409804,-0.21131622527981705,0.3168518023701414,0.923578501152821,0.8987279534339905,2.2178892096251275,1.7875514659116656,1.194261908531189,1.5104310512542725,0.8987279534339905,0.43077732061067275,0.15695412726274258,7.735643776809737
1776515345.2095275,0.23246472808805946,-0.18757276737486436,0.3421241555529612,0.9394376890060381,0.8987279534339905,2.2178892096251275,1.7875514659116656,1.194261908531189,1.5104310512542725,0.8987279534339905,0.4335511713897724,0.16059157705116028,7.7338102593357645
1776515345.259517,0.31367994409044964,-0.12859513156048005,0.4335891727848754,0.9507653354600347,0.8868798017501831,2.216247747553156,1.7891166607975144,1.1746339797973633,1.5102944374084473,0.8868798017501831,0.4360050789351533,0.1638281003447678,7.731338189296745
1776515345.3151624,0.41698402045792576,0.012460440974076408,0.4335891727848754,0.9507653354600347,0.8868798017501831,2.216247747553156,1.7891166607975144,1.1746339797973633,1.5102944374084473,0.8868798017501831,0.4369245109603782,0.16503661785679238,7.728040132717996
1776515345.3594162,0.4222107656027789,0.18054947878237382,0.5036207162359313,0.9499121710979801,0.8981854915618896,2.2136004863791063,1.783424109066664,1.170823335647583,1.5156141519546509,0.8981854915618896,0.43547767252692726,0.16311479570153053,7.724119855185683
1776515345.4094987,0.41459021902887894,0.3820955494699299,0.5167745766908706,0.9503998433312598,0.8981854915618896,2.2136004863791063,1.783424109066664,1.170823335647583,1.5156141519546509,0.8981854915618896,0.4310869373637345,0.1571383117362717,7.72025066864777
1776515345.4619346,0.4101504570619382,0.545913625626598,0.5176732684482935,0.9102180104763783,0.8981854915618896,2.2136004863791063,1.783424109066664,1.170823335647583,1.5156141519546509,0.8981854915618896,0.42391935531893893,0.14728855477307,7.716436876502732
1776515345.5093904,0.4082406360343708,0.6931153926954977,0.518011205527415,0.9005738757647513,0.8912122845649719,2.2158854162108557,1.7809480552243244,1.19431734085083,1.5132304430007935,0.8912122845649719,0.4147293002106358,0.1346149409079248,7.712532934047865
1776515345.561525,0.4127070990225016,0.7940536457657956,0.5198403111433967,0.8686363114271892,0.8912122845649719,2.2158854162108557,1.7809480552243244,1.19431734085083,1.5132304430007935,0.8912122845649719,0.4032845197624324,0.11879026222938632,7.708556252322193
1776515345.6093662,0.42730081385599983,0.8126107337985498,0.5243116927102512,0.8287893811263436,0.8956205248832703,2.2201342418941494,1.7732284959371976,1.2366195917129517,1.5036516189575195,0.8956205248832703,0.39150629330476167,0.10244345654459774,7.704373152672405
1776515345.6594112,0.4271351343725106,0.8138693244863728,0.5373721292808745,0.7858541419816644,0.8956205248832703,2.2201342418941494,1.7732284959371976,1.2366195917129517,1.5036516189575195,0.8956205248832703,0.37971007088482467,0.08606312806497879,7.700020787952828
1776515345.7121336,0.43505769925434606,0.7275720272281656,0.5361721120823953,0.7451690323178911,0.8956205248832703,2.2201342418941494,1.7732284959371976,1.2366195917129517,1.5036516189575195,0.8956205248832703,0.3688755055349877,0.07093687984646874,7.695564593959141
1776515345.7616777,0.45732823605738687,0.646841454063423,0.5463509158163867,0.6950916147379953,0.8997098803520203,2.227540437928181,1.772748845273163,1.2817022800445557,1.5045112371444702,0.8997098803520203,0.36505060497799047,0.057507873160228096,7.690863014992634
1776515345.8137934,0.49319779380348044,0.5535366022182131,0.5582921149019052,0.6780102845314445,0.8997098803520203,2.227540437928181,1.772748845273163,1.2817022800445557,1.5045112371444702,0.8997098803520203,0.355539648615038,0.04574540894614332,7.685748887697801
1776515345.859452,0.5326769355807619,0.49084852255500977,0.5778145732320843,0.6447420152759971,0.8997098803520203,2.227540437928181,1.772748845273163,1.2817022800445557,1.5045112371444702,0.8997098803520203,0.34744984430879844,0.035664487484844465,7.68011951078675
1776515345.909386,0.5618122931902452,0.5209590444850957,0.6044836018975925,0.6137775822393616,0.9038737416267395,2.232901468583547,1.767809412154911,1.3283158540725708,1.4922372102737427,0.9038737416267395,0.33993226352371075,0.026203966667938727,7.674023940148664
1776515345.9602773,0.5834350372290725,0.5535537510743355,0.6231772187786735,0.5871570697190156,0.9038737416267395,2.232901468583547,1.767809412154911,1.3283158540725708,1.4922372102737427,0.9038737416267395,0.33182965248424756,0.015897565377807343,7.667531121638996
1776515346.0166793,0.6044613833779442,0.5480712569589942,0.6370653272520586,0.5587687120859224,0.9029439091682434,2.2355039835417303,1.7577738216414407,1.3795702457427979,1.4975988864898682,0.9029439091682434,0.3234600429751967,0.005151407699467425,7.660687379595046
1776515346.0615282,0.6208652324535581,0.5183111843921289,0.6594206855843338,0.5107757603852222,0.9029439091682434,2.2355039835417303,1.7577738216414407,1.3795702457427979,1.4975988864898682,0.9029439091682434,0.3155555546461684,-0.005112289689876648,7.653546935691325
1776515346.110394,0.6400831079457298,0.5114523766745411,0.668312088629113,0.48331410217424586,0.9029439091682434,2.2355039835417303,1.7577738216414407,1.3795702457427979,1.4975988864898682,0.9029439091682434,0.3079283310060725,-0.015139161179878347,7.646096617376716
1776515346.1654816,0.6541056908660151,0.46473969519752006,0.6796459425146206,0.45659688701234,0.9157010912895203,2.2407532653579216,1.7536838909391015,1.4276926517486572,1.4847477674484253,0.9157010912895203,0.301047715193233,-0.02430503285926383,7.638394446401445
1776515346.2215848,0.6680971352099683,0.4248827049724378,0.693572409100418,0.43521019618552387,0.9157010912895203,2.2407532653579216,1.7536838909391015,1.4276926517486572,1.4847477674484253,0.9157010912895203,0.2914973855330811,-0.03279568988160575,7.630445123474325
1776515346.2670803,0.6680971352099683,0.4248827049724378,0.7003713686864403,0.40383528977321725,0.9157010912895203,2.2407532653579216,1.7536838909391015,1.4276926517486572,1.4847477674484253,0.9157010912895203,0.2914973855330811,-0.03279568988160575,7.630445123474325
1776515346.309506,0.6781962533722674,0.3537628871822288,0.7087641713980342,0.3948057970371336,0.9250764846801758,2.251244817697594,1.7638880467627354,1.4650182723999023,1.4845296144485474,0.9250764846801758,0.2855149409508282,-0.04001788477782536,7.622297836333955
1776515346.3654282,0.6915977634053725,0.2696864512431814,0.7126606827784255,0.37445951408267464,0.9250764846801758,2.251244817697594,1.7638880467627354,1.4650182723999023,1.4845296144485474,0.9250764846801758,0.28074689049962487,-0.04585736555783748,7.613979191433883
1776515346.4093943,0.6902023742099639,0.2739666463290335,0.7184444578237749,0.3580950905496227,0.9250764846801758,2.251244817697594,1.7638880467627354,1.4650182723999023,1.4845296144485474,0.9250764846801758,0.2765771455314414,-0.051047776018585345,7.60559946913148
1776515346.4595673,0.6902023742099639,0.2739666463290335,0.7171688273894284,0.34404294914033234,0.9194727540016174,2.2589356153238493,1.776341325621505,1.5020545721054077,1.477410078048706,0.9194727540016174,0.2765771455314414,-0.051047776018585345,7.60559946913148
1776515346.5204976,0.7152416357340753,0.25450366131490926,0.7223333140999068,0.31470286188838736,0.9194727540016174,2.2589356153238493,1.776341325621505,1.5020545721054077,1.477410078048706,0.9194727540016174,0.26834757033342177,-0.061498032321568474,7.588422269265956
1776515346.559524,0.7152416357340753,0.25450366131490926,0.7326947658383869,0.30065949046269186,0.9194727540016174,2.2589356153238493,1.776341325621505,1.5020545721054077,1.477410078048706,0.9194727540016174,0.26834757033342177,-0.061498032321568474,7.588422269265956
1776515346.6097684,0.7233552859577682,0.22296357477577103,0.7424255946430632,0.28421400819948484,0.9300715923309326,2.2697304228077764,1.7923158353852047,1.5414230823516846,1.4681068658828735,0.9300715923309326,0.26489153623247674,-0.06599853702740732,7.579515749885952
1776515346.6625204,0.7309274882675412,0.2485094464233976,0.7466033656261496,0.2514967199970758,0.9300715923309326,2.2697304228077764,1.7923158353852047,1.5414230823516846,1.4681068658828735,0.9300715923309326,0.25430861314454273,-0.07066926905340443,7.570478119389866
1776515346.7095082,0.744068689655754,0.20270798926771197,0.7533495029578618,0.2393112504063679,0.9354087710380554,2.270655235904549,1.783083101424313,1.5809531211853027,1.4690710306167603,0.9354087710380554,0.2507817038955729,-0.07486051057451726,7.561244581855602
1776515346.7633753,0.7496577496596971,0.19005180660154677,0.7648166699797734,0.221231506416877,0.9354087710380554,2.270655235904549,1.783083101424313,1.5809531211853027,1.4690710306167603,0.9354087710380554,0.247861473296751,-0.07839259366244311,7.551906865925105
1776515346.811503,0.7570807999079492,0.17725206100590768,0.7648166699797734,0.221231506416877,0.9354087710380554,2.270655235904549,1.783083101424313,1.5809531211853027,1.4690710306167603,0.9354087710380554,0.24511485438908104,-0.08178034970058246,7.542459184690409
1776515346.8613656,0.754707069103022,0.17412511245625484,0.7688580517081727,0.21175344686589243,0.9446220993995667,2.2603088807001033,1.7502995082486494,1.5890159606933594,1.4596701860427856,0.9446220993995667,0.24234272259224532,-0.08526076595308196,7.532999601089825
1776515346.914524,0.764766854815051,0.10822804951824068,0.768389798094774,0.22209206712235374,0.9446220993995667,2.2603088807001033,1.7502995082486494,1.5890159606933594,1.4596701860427856,0.9446220993995667,0.24057677342131611,-0.08752854972639307,7.523399601343584
1776515346.9622562,0.7643327237335036,0.10374818556507687,0.7727945124794897,0.21593233576027743,0.9446220993995667,2.2603088807001033,1.7502995082486494,1.5890159606933594,1.4596701860427856,0.9446220993995667,0.23010599196748205,-0.08952346360036534,7.513818838328394
1776515347.011566,0.762904307988542,0.12680667886198932,0.7735510576105703,0.1904820743307696,0.9459003806114197,2.250281079569754,1.720475867516322,1.6224884986877441,1.4487532377243042,0.9459003806114197,0.2283218759963626,-0.09161825334801982,7.5042324906783895
1776515347.0635574,0.7686825388351202,0.16217348214956095,0.7729666990550532,0.1845413289535446,0.9459003806114197,2.250281079569754,1.720475867516322,1.6224884986877441,1.4487532377243042,0.9459003806114197,0.22578867827880078,-0.0946325324441401,7.494584460256969
1776515347.1102917,0.7734252727850364,0.15186494192481162,0.7772580656123516,0.17577815597526916,0.9471952319145203,2.2437131950747182,1.6948813061284886,1.6549055576324463,1.4422338008880615,0.9471952319145203,0.2231410350947688,-0.09783201601314434,7.484864903865931
1776515347.1596932,0.7779460562073406,0.13463238300019298,0.7833829741552919,0.16864522940458015,0.9471952319145203,2.2437131950747182,1.6948813061284886,1.6549055576324463,1.4422338008880615,0.9471952319145203,0.2209197413584288,-0.10057028632874548,7.475056452509886
1776515347.2093787,0.7831006198314557,0.12628536247144184,0.7854916201418004,0.16106442429760703,0.9471952319145203,2.2437131950747182,1.6948813061284886,1.6549055576324463,1.4422338008880615,0.9471952319145203,0.2189522571399699,-0.10304227661143539,7.465143968368715
1776515347.2623982,0.788053632929751,0.12155974781864085,0.7882687128306934,0.15428179454273583,0.9660618305206299,2.243142263024742,1.6871967575821323,1.6765294075012207,1.4449723958969116,0.9660618305206299,0.21714879587902536,-0.10535423081498863,7.455179299488585
1776515347.3096824,0.7920702848886256,0.12004234756235785,0.8,0.15257204101384492,0.9660618305206299,2.243142263024742,1.6871967575821323,1.6765294075012207,1.4449723958969116,0.9660618305206299,0.20469949002005056,-0.10759250083612104,7.445163584109398
1776515347.3595507,0.7799877325021789,0.13039697981505008,0.8,0.11565530044282375,0.946326494216919,2.24163422349644,1.6792313887564898,1.701127529144287,1.4329566955566406,0.946326494216919,0.20245275243447136,-0.11024860055917696,7.435263585813182
1776515347.4093919,0.7918909794741467,0.06521085106815784,0.788026240788138,0.09886649080210937,0.946326494216919,2.24163422349644,1.6792313887564898,1.701127529144287,1.4329566955566406,0.946326494216919,0.20132398488964187,-0.111612494390541,7.425237604271815
1776515347.4595306,0.7918909794741467,0.06521085106815784,0.7936840934167245,0.09484929821190279,0.946326494216919,2.24163422349644,1.6792313887564898,1.701127529144287,1.4329566955566406,0.946326494216919,0.20132398488964187,-0.111612494390541,7.425237604271815
1776515347.5093942,0.7897530481295159,0.05089177193044697,0.7917307653250558,0.0921074279483998,0.946326494216919,2.24163422349644,1.6792313887564898,1.701127529144287,1.4329566955566406,0.946326494216919,0.20046139737141672,-0.11266841069639788,7.41524383969133
1776515347.5595164,0.7934254713644302,0.06514363252251629,0.8,0.10929894888795531,0.9734379053115845,2.24109820190345,1.6732861600675348,1.7178521156311035,1.4269176721572876,0.9734379053115845,0.19964288581194883,-0.11368917792513611,7.405210819859978
1776515347.6100276,0.7960763719871454,0.11845679658654854,0.8,0.10642415033747124,0.9734379053115845,2.24109820190345,1.6732861600675348,1.7178521156311035,1.4269176721572876,0.9734379053115845,0.19964288581194883,-0.11368917792513611,7.405210819859978
1776515347.6614115,0.7960763719871454,0.11845679658654854,0.8,0.10105917970501127,0.9734379053115845,2.24109820190345,1.6732861600675348,1.7178521156311035,1.4269176721572876,0.9734379053115845,0.19811114521231138,-0.11563411851012784,7.395156611655683
1776515347.70976,0.7982962783143246,0.10222457968753225,0.8,0.10105917970501127,0.9815030694007874,2.238535889423522,1.6626555853447942,1.7518125772476196,1.4196608066558838,0.9815030694007874,0.18469865637007393,-0.1177754430177761,7.385057376793285
1776515347.7603838,0.8014204424371532,0.0855857110697466,0.8,0.06282871037519172,0.9815030694007874,2.238535889423522,1.6626555853447942,1.7518125772476196,1.4196608066558838,0.9815030694007874,0.18323191454013738,-0.1194860302250339,7.374914966845933
1776515347.8094077,0.79998646724643,0.05237906601888283,0.8,0.05789499630551867,0.9815030694007874,2.238535889423522,1.6626555853447942,1.7518125772476196,1.4196608066558838,0.9815030694007874,0.1822924895133241,-0.12060103936208133,7.364763448588771
1776515347.8595092,0.8026555148039429,0.05056684215507723,0.8,0.05492763682182336,0.9893314838409424,2.2375022256738273,1.6567197856733094,1.7492406368255615,1.4141221046447754,0.9893314838409424,0.18156049671257202,-0.12148944981090881,7.354608664947034
1776515347.9144163,0.8026555148039429,0.05056684215507723,0.8,0.06426614350344624,0.9893314838409424,2.2375022256738273,1.6567197856733094,1.7492406368255615,1.4141221046447754,0.9893314838409424,0.18156049671257202,-0.12148944981090881,7.354608664947034
1776515347.9593923,0.8033305550926545,0.052296814533687994,0.8,0.0620434864445865,0.9893314838409424,2.2375022256738273,1.6567197856733094,1.7492406368255615,1.4141221046447754,0.9893314838409424,0.18089324689579228,-0.1223180843059345,7.344456378840998
1776515348.0093398,0.7998088614924015,0.02703830600710753,0.8,0.0620434864445865,0.9932552576065063,2.2348786364210413,1.64933284879543,1.7361654043197632,1.4058520793914795,0.9932552576065063,0.18040514840297528,-0.12294298757852573,7.3343494999034915
1776515348.064505,0.7990520677668437,0.01635166973979149,0.8,0.07606085283102153,0.9932552576065063,2.2348786364210413,1.64933284879543,1.7361654043197632,1.4058520793914795,0.9932552576065063,0.16789718801784193,-0.12322985073425419,7.3242819476225725
1776515348.1095083,0.7990520677668437,0.01635166973979149,0.8,0.03996172565195452,0.9932552576065063,2.2348786364210413,1.64933284879543,1.7361654043197632,1.4058520793914795,0.9932552576065063,0.16789718801784193,-0.12322985073425419,7.3242819476225725
1776515348.1653621,0.7990555193229383,0.021313942038067097,0.8,0.03920026848696717,0.9932552576065063,2.2348786364210413,1.64933284879543,1.7361654043197632,1.4058520793914795,0.9932552576065063,0.1676541670360912,-0.12351540615680923,7.314245069721506
1776515348.209528,0.8003319237460751,0.030881266773546884,0.7973208612207827,0.06236128797778501,0.9980906844139099,2.231111930267994,1.639340288424217,1.7161048650741577,1.3907326459884644,0.9980906844139099,0.16732445394704748,-0.12390429029717498,7.304185685123621
1776515348.2618105,0.79604475956219,0.06350036934525932,0.7973208612207827,0.06236128797778501,0.9980906844139099,2.231111930267994,1.639340288424217,1.7161048650741577,1.3907326459884644,0.9980906844139099,0.16653717183582212,-0.12485118328465472,7.294181940171697
1776515348.3294024,0.7969881439923275,0.06059289867933704,0.7955623549180838,0.05634345987571385,1.0129749774932861,2.2292259717627214,1.632782995817092,1.698371410369873,1.3753422498703003,1.0129749774932861,0.16548969098603777,-0.1261321684449368,7.284197016048792
1776515348.359379,0.79729232179947,0.06036412281119455,0.7918626619028478,0.0853153681281533,1.0129749774932861,2.2292259717627214,1.632782995817092,1.698371410369873,1.3753422498703003,1.0129749774932861,0.16466606856646454,-0.12716519373202573,7.274192113078526
1776515348.412865,0.7925069192255865,0.11316363199946276,0.7918559773837041,0.08257499693767693,1.0129749774932861,2.2292259717627214,1.632782995817092,1.698371410369873,1.3753422498703003,1.0129749774932861,0.1511724034274894,-0.12808215496255249,7.264196340706366
1776515348.4625034,0.7925069192255865,0.11316363199946276,0.7883427126088333,0.04336828112318383,1.0129749774932861,2.2292259717627214,1.632782995817092,1.698371410369873,1.3753422498703003,1.0129749774932861,0.1511724034274894,-0.12808215496255249,7.264196340706366
1776515348.510266,0.7968778962161377,0.09970848966312162,0.7974376660726638,0.04515346295307146,1.0246707201004028,2.224708442440968,1.6184068059758452,1.7136049270629883,1.381150484085083,1.0246707201004028,0.14973232155536959,-0.129747099983896,7.254224038862187
1776515348.5631006,0.7968778962161377,0.09970848966312162,0.7996211124439131,0.04026210953891757,1.0246707201004028,2.224708442440968,1.6184068059758452,1.7136049270629883,1.381150484085083,1.0246707201004028,0.14973232155536959,-0.129747099983896,7.254224038862187
1776515348.609428,0.7970623648022482,0.09893088950794364,0.7996211124439131,0.04026210953891757,1.0246707201004028,2.224708442440968,1.6184068059758452,1.7136049270629883,1.381150484085083,1.0246707201004028,0.1484357874015001,-0.13127925423052644,7.244240029587876
1776515348.6623862,0.8012493713478968,0.07935564367991998,0.7994755828729985,0.03595894118263562,1.0269598960876465,2.223038307281692,1.6134422386019431,1.6821329593658447,1.373017430305481,1.0269598960876465,0.14745236441349963,-0.13245329480944357,7.234189775878923
1776515348.7133908,0.7989024809344001,0.05010362990122387,0.7938116928505909,0.052944943424597324,1.0269598960876465,2.223038307281692,1.6134422386019431,1.6821329593658447,1.373017430305481,1.0269598960876465,0.14693459045139923,-0.13307972462017936,7.224146771695606
1776515348.7615235,0.7937837592525185,0.04194684484645939,0.7913570445752727,0.05141612110494066,1.0269598960876465,2.223038307281692,1.6134422386019431,1.6821329593658447,1.373017430305481,1.0269598960876465,0.14651099802396633,-0.13360720600499765,7.2142089488640275
1776515348.809507,0.7937837592525185,0.04194684484645939,0.7877012830981285,0.050248096798805514,1.0269598960876465,2.223038307281692,1.6134422386019431,1.6821329593658447,1.373017430305481,1.0269598960876465,0.14651099802396633,-0.13360720600499765,7.2142089488640275
1776515348.862509,0.7803629083452371,0.11118786677000235,0.7877012830981285,0.050248096798805514,1.0374785661697388,2.220037067079853,1.604982645497882,1.6685301065444946,1.3650473356246948,1.0374785661697388,0.13220901154092646,-0.20129040271234377,7.204372329372532
1776515348.9095163,0.7803629083452371,0.11118786677000235,0.779341481015319,0.0015821789019877242,1.0374785661697388,2.220037067079853,1.604982645497882,1.6685301065444946,1.3650473356246948,1.0374785661697388,0.13220901154092646,-0.20129040271234377,7.204372329372532
1776515348.9658792,0.7720790292101544,0.15220956908902702,0.779341481015319,0.0015821789019877242,1.0374785661697388,2.220037067079853,1.604982645497882,1.6685301065444946,1.3650473356246948,1.0374785661697388,0.1299637503137107,-0.20384129311528765,7.194691126732963
1776515349.0100582,0.7887897713467497,0.06590918206367866,0.7747957115780897,-0.005672064694932782,1.0374785661697388,2.220037067079853,1.604982645497882,1.6685301065444946,1.3650473356246948,1.0374785661697388,0.1283210957205625,-0.20575032453625053,7.184908460216223
1776515349.0595376,0.7862770319705693,0.031298629286460974,0.7829207089197695,-0.01151817372960634,1.0383356809616089,2.2183055967009806,1.5958309035332696,1.6727168560028076,1.3613194227218628,1.0383356809616089,0.12767992685197083,-0.20651711511541493,7.175087447587614
1776515349.113745,0.7862770319705693,0.031298629286460974,0.7797918995792847,-0.008651337710342155,1.0383356809616089,2.2183055967009806,1.5958309035332696,1.6727168560028076,1.3613194227218628,1.0383356809616089,0.12767992685197083,-0.20651711511541493,7.175087447587614
1776515349.1594937,0.7858917353803775,0.013145261806833284,0.7789277788141599,-0.009116590857552287,1.0383356809616089,2.2183055967009806,1.5958309035332696,1.6727168560028076,1.3613194227218628,1.0383356809616089,0.12750673956206582,-0.2067339576128846,7.165285645966487
1776515349.2093987,0.7815852855468027,0.0023719223834154034,0.7718927893015901,0.009266445879564073,1.0413798093795776,2.217308230801493,1.5948392286806599,1.6547961235046387,1.3479030132293701,1.0413798093795776,0.1274535060375731,-0.2068020871029076,7.155552925278886
1776515349.2595057,0.7811127826643582,0.0024149483651042134,0.7679680862470529,-0.0825908132018251,1.0413798093795776,2.217308230801493,1.5948392286806599,1.6547961235046387,1.3479030132293701,1.0413798093795776,0.10705154092398189,-0.28813835647877556,7.145857456441154
1776515349.3093832,0.7730195928138587,0.005376670417059633,0.7627393858617691,-0.0825480739920813,1.060192346572876,2.212223857448236,1.5830071662223544,1.6366424560546875,1.3456875085830688,1.060192346572876,0.10696134474003632,-0.2882463933764425,7.136274319557737
1776515349.3594277,0.776858662193301,-0.08733680087931739,0.7656302959230475,-0.05525792596624529,1.060192346572876,2.212223857448236,1.5830071662223544,1.6366424560546875,1.3456875085830688,1.060192346572876,0.10815380505515038,-0.2868572671190483,7.126666723810958
1776515349.413551,0.7639576479813242,-0.07188312044244502,0.7577948319893636,-0.05026163886824389,1.060192346572876,2.212223857448236,1.5830071662223544,1.6366424560546875,1.3456875085830688,1.060192346572876,0.10949120729257289,-0.2852664335000929,7.117241121205984
1776515349.4623642,0.7632754478186529,-0.059397982695917194,0.7577948319893636,-0.05026163886824389,1.0721356868743896,2.2065493286372777,1.573010518667046,1.635611891746521,1.3382717370986938,1.0721356868743896,0.11063404854115011,-0.28388467980313964,7.107875801453671
1776515349.5114496,0.7576247503605416,-0.02099844279246959,0.7562123023191115,-0.028567220051317205,1.0721356868743896,2.2065493286372777,1.573010518667046,1.635611891746521,1.3382717370986938,1.0721356868743896,0.08359854153740337,-0.28280380615182804,7.089397476575143
1776515349.5593927,0.7556053614084179,-0.02819988433723483,0.7529208958628134,-0.1080811114189052,1.0721354484558105,2.2038576289749496,1.5678940611385608,1.6319248676300049,1.331822395324707,1.0721354484558105,0.08392177818676338,-0.2824343775151538,7.080210578066792
1776515349.614393,0.7604048364632159,-0.11619676259960732,0.7484934449018792,-0.09947961240976982,1.0721354484558105,2.2038576289749496,1.5678940611385608,1.6319248676300049,1.331822395324707,1.0721354484558105,0.08568375651913573,-0.2803882420199509,7.0710095733090235
1776515349.6594987,0.749795675889944,-0.05841243269114204,0.7492786451816252,-0.09346285167503526,1.0826737880706787,2.1999751639299983,1.5592821097132852,1.625442385673523,1.3225443363189697,1.0826737880706787,0.08672375173855373,-0.27916154325635884,7.061953518110952
1776515349.7095096,0.7457630433246767,-0.10060473248781547,0.7432998347521179,-0.07164921896306037,1.0826737880706787,2.1999751639299983,1.5592821097132852,1.625442385673523,1.3225443363189697,1.0826737880706787,0.08807075230467776,-0.2775542365509474,7.052977990107471
1776515349.7593923,0.7346183255925809,-0.1187435246658008,0.739611293758755,-0.06680272692924347,1.0826737880706787,2.1999751639299983,1.5592821097132852,1.625442385673523,1.3225443363189697,1.0826737880706787,0.08943875574368321,-0.2758810101616406,7.044129057133588
1776515349.8093913,0.7235411732141451,-0.16978999021164598,0.7257026019940691,-0.03623813362822695,1.0916105508804321,2.1970351454728627,1.555403362681698,1.6096779108047485,1.3042564392089844,1.0916105508804321,0.0916274198271192,-0.2731570079768441,7.035473607757263
1776515349.8698292,0.7151587518468915,-0.2145242561212553,0.7173442070917054,-0.02823736315242173,1.0916105508804321,2.1970351454728627,1.555403362681698,1.6096779108047485,1.3042564392089844,1.0916105508804321,0.06783581054993804,-0.26955780910168975,7.026976041617989
1776515349.9096076,0.7049782686147089,-0.24460083908294145,0.7074531500492562,-0.09498143005520737,1.086119532585144,2.194204447006981,1.5534562229828637,1.6180572509765625,1.3098945617675781,1.086119532585144,0.07158056175253352,-0.2652596411193509,7.018650793841124
1776515349.959513,0.6841657166650009,-0.24148201704940594,0.7024195042403537,-0.09244847806973394,1.086119532585144,2.194204447006981,1.5534562229828637,1.6180572509765625,1.3098945617675781,1.086119532585144,0.07561579287429454,-0.2605538143551764,7.010545295319022
1776515350.0108962,0.6781302019958557,-0.28074251728095956,0.6894630556447958,-0.07809433953034797,1.086119532585144,2.194204447006981,1.5534562229828637,1.6180572509765625,1.3098945617675781,1.086119532585144,0.0798584303123997,-0.2555087396364985,7.002709566184595
1776515350.0601292,0.6594834098191696,-0.2533722116906412,0.6890388790620249,-0.04971519667727001,1.1011444330215454,2.186567158857834,1.5438426760066994,1.640062689781189,1.29535710811615,1.1011444330215454,0.08384688829183012,-0.2506916165168065,6.995112635133342
1776515350.1118271,0.6555736564599727,-0.28247920414434513,0.6781162507936647,-0.03558859238518575,1.1011444330215454,2.186567158857834,1.5438426760066994,1.640062689781189,1.29535710811615,1.1011444330215454,0.08806179407358877,-0.24551287589830895,6.987667264728657
1776515350.1616807,0.6516419947280391,-0.2409892823998276,0.6751481469809345,-0.02105567949383025,1.0986967086791992,2.183668037678333,1.542436901451048,1.6204802989959717,1.3019771575927734,1.0986967086791992,0.0682032400407599,-0.24055993753769056,6.980369808029721
1776515350.209522,0.6562952425810964,-0.20291861074260525,0.6695929333768382,-0.07564315562342336,1.0986967086791992,2.183668037678333,1.542436901451048,1.6204802989959717,1.3019771575927734,1.0986967086791992,0.07192700398324997,-0.2363479681645782,6.973098466896234
1776515350.259398,0.6598931546592575,-0.18612992245101584,0.6738764432583819,-0.0633865081325099,1.0986967086791992,2.183668037678333,1.542436901451048,1.6204802989959717,1.3019771575927734,1.0986967086791992,0.07495408479402876,-0.232870810509405,6.965831434455602
1776515350.3093903,0.6511860870767707,-0.2634150080848683,0.6841719157907693,-0.062064860565338165,1.1027084589004517,2.1804502877121608,1.5383599604217437,1.653265118598938,1.3019847869873047,1.1027084589004517,0.07867530080472707,-0.22852856472974042,6.958655306091479
1776515350.360541,0.645155779300145,-0.3437025068561711,0.6768020283821794,-0.04901466377180111,1.1027084589004517,2.1804502877121608,1.5383599604217437,1.653265118598938,1.3019847869873047,1.1027084589004517,0.08366273595792728,-0.22261178221219458,6.951636277529621
1776515350.4103162,0.6422530916850182,-0.41054120171033226,0.6711900085960651,-0.03175821634312431,1.1032311916351318,2.1734047293332193,1.5302464918059087,1.664734125137329,1.2989031076431274,1.1032311916351318,0.0898642271107789,-0.21512570829780592,6.944737939007909
1776515350.4593875,0.6422530916850182,-0.41054120171033226,0.6697639091184769,-0.010714606045548608,1.1032311916351318,2.1734047293332193,1.5302464918059087,1.664734125137329,1.2989031076431274,1.1032311916351318,0.0898642271107789,-0.21512570829780592,6.944737939007909
1776515350.5093827,0.6383627802971037,-0.38909732310088047,0.6683834714871446,0.011199820390093845,1.1032311916351318,2.1734047293332193,1.5302464918059087,1.664734125137329,1.2989031076431274,1.1032311916351318,0.09629914109526161,-0.20724957653942522,6.938017155771282
1776515350.559393,0.6393539157486722,-0.38846039591623427,0.6695304302423981,0.031578558106363536,1.1032311916351318,2.1734047293332193,1.5302464918059087,1.664734125137329,1.2989031076431274,1.1032311916351318,0.10230222873695027,-0.19977471590242962,6.931368787452814
1776515350.6113327,0.6245645179969072,-0.2893725420395773,0.6711679024776737,0.03352412777115585,1.1070178747177124,2.1693661098233203,1.527036140811342,1.6892167329788208,1.287588119506836,1.1070178747177124,0.08824572417764492,-0.1932711623841467,6.924966762493645
1776515350.661995,0.6451692678283518,-0.17905835081279325,0.6622374791033396,-0.0040618707400352505,1.1070178747177124,2.1693661098233203,1.527036140811342,1.6892167329788208,1.287588119506836,1.1070178747177124,0.09236091515889405,-0.1885713403937319,6.918547203879385
1776515350.7096992,0.6451692678283518,-0.17905835081279325,0.6787254848744926,0.008777785942017169,1.1070178747177124,2.1693661098233203,1.527036140811342,1.6892167329788208,1.287588119506836,1.1070178747177124,0.09236091515889405,-0.1885713403937319,6.918547203879385
1776515350.7596076,0.6565572974576909,-0.06483882980304018,0.6891639717623628,0.0136150991983649,1.1131994724273682,2.166999617403685,1.524034080973577,1.7094889879226685,1.2942390441894531,1.1131994724273682,0.09398892502480888,-0.1866819880487009,6.9119977032921
1776515350.8094113,0.6722205108958413,-0.03764881715519327,0.6975475651626186,0.005737053739649667,1.1131994724273682,2.166999617403685,1.524034080973577,1.7094889879226685,1.2942390441894531,1.1131994724273682,0.09466672334539933,-0.18588140830905242,6.905305909930517
1776515350.8594959,0.6920731516787535,-0.04275924355799197,0.7083015929991427,0.0074413792048408645,1.1131994724273682,2.166999617403685,1.524034080973577,1.7094889879226685,1.2942390441894531,1.1131994724273682,0.09526359337279183,-0.18516597811869318,6.898461115086659
1776515350.911452,0.6920731516787535,-0.04275924355799197,0.720866144864611,0.008804827741533211,1.1139461994171143,2.1638181253674955,1.5176827768253383,1.7082301378250122,1.2831394672393799,1.1139461994171143,0.09526359337279183,-0.18516597811869318,6.898461115086659
1776515350.9605038,0.7076757288842734,-0.005280958389972453,0.7278800715453589,0.019816761918139386,1.1139461994171143,2.1638181253674955,1.5176827768253383,1.7082301378250122,1.2831394672393799,1.1139461994171143,0.09553274918047,-0.18483860592042556,6.891482039187138
1776515351.009431,0.7194173621540259,-0.05268526994786845,0.7355443136147607,0.019176449721229116,1.1139461994171143,2.1638181253674955,1.5176827768253383,1.7082301378250122,1.2831394672393799,1.1139461994171143,0.0774539933190338,-0.18449398199709705,6.877293610846914
1776515351.0634043,0.7223892916242167,-0.0977275991822154,0.7286293297754262,-0.024905021724446696,1.1139190196990967,2.162032310109134,1.5138902187123413,1.6916853189468384,1.282456398010254,1.1139190196990967,0.07885641274136851,-0.18289415375635054,6.870237007730222
1776515351.1115692,0.7223892916242167,-0.0977275991822154,0.7293837584579647,-0.020158097458508023,1.1139190196990967,2.162032310109134,1.5138902187123413,1.6916853189468384,1.282456398010254,1.1139190196990967,0.07885641274136851,-0.18289415375635054,6.870237007730222
1776515351.162591,0.7169461502160012,-0.08722607459751366,0.726258329619018,-0.014326426046082225,1.1139190196990967,2.162032310109134,1.5138902187123413,1.6916853189468384,1.282456398010254,1.1139190196990967,0.08052824096672628,-0.18095567108887717,6.863277731268885
1776515351.2095137,0.7296034886471016,-0.09593111662278873,0.7301073807664967,-0.010929315815002144,1.1213831901550293,2.1602541017488237,1.5095959005280797,1.69759202003479,1.2828130722045898,1.1213831901550293,0.0820646778059485,-0.17913858952905776,6.856298370999916
1776515351.2635179,0.7218096035230643,-0.034136357052876765,0.7347341026717413,-0.002394600954405357,1.1213831901550293,2.1602541017488237,1.5095959005280797,1.69759202003479,1.2828130722045898,1.1213831901550293,0.08312118374916777,-0.17787375548239864,6.849372424433591
1776515351.3143642,0.7299823557400003,-0.01029340667421573,0.7347341026717413,-0.002394600954405357,1.130041480064392,2.155944819366568,1.501220140984871,1.707381010055542,1.2789183855056763,1.130041480064392,0.08342593449532343,-0.1775028250417502,6.842426817238392
1776515351.3603024,0.7299823557400003,-0.01029340667421573,0.7440952998638288,0.0051104739146751454,1.130041480064392,2.155944819366568,1.501220140984871,1.707381010055542,1.2789183855056763,1.130041480064392,0.08342593449532343,-0.1775028250417502,6.842426817238392
1776515351.4094403,0.738257547661375,-0.007043999297219462,0.7448363860821882,-0.0457599450594047,1.130041480064392,2.155944819366568,1.501220140984871,1.707381010055542,1.2789183855056763,1.130041480064392,0.06594970082031265,-0.17729895677272106,6.828473055321423
1776515351.4614737,0.738257547661375,-0.007043999297219462,0.7470259138105888,-0.045458209040100395,1.1260415315628052,2.152540389417389,1.4948338865223396,1.6904096603393555,1.2736647129058838,1.1260415315628052,0.06594970082031265,-0.17729895677272106,6.828473055321423
1776515351.510411,0.7452056637067739,-0.033568470731472004,0.7410271711427605,-0.03627910285449043,1.1260415315628052,2.152540389417389,1.4948338865223396,1.6904096603393555,1.2736647129058838,1.1260415315628052,0.06645815688855616,-0.17671447149155683,6.821457871298716
1776515351.5596557,0.747055812767564,-0.039836176279060956,0.7447380595784978,-0.034711741250333494,1.1260415315628052,2.152540389417389,1.4948338865223396,1.6904096603393555,1.2736647129058838,1.1260415315628052,0.06707475139693986,-0.17599032550454474,6.814451541240669
1776515351.60985,0.739782714540273,-0.0369280196351463,0.7457340795171027,-0.03264101502188002,1.1317754983901978,2.1494498250663114,1.4881609302358008,1.6905910968780518,1.271995186805725,1.1317754983901978,0.06776482730255007,-0.17516702195695466,6.807544777252327
1776515351.6709874,0.7390672112067342,-0.07394127662442228,0.742749872389866,-0.023523878744000554,1.1317754983901978,2.1494498250663114,1.4881609302358008,1.6905910968780518,1.271995186805725,1.1317754983901978,0.06851982212157742,-0.1742509338413034,6.800664904496989
1776515351.7126896,0.7365027162835074,-0.12745160685421172,0.7412927055828193,-0.020812433448909512,1.1317754983901978,2.1494498250663114,1.4881609302358008,1.6905910968780518,1.271995186805725,1.1317754983901978,0.07011503956214488,-0.1722840936828563,6.793862682701456
1776515351.7603426,0.7345268988608049,-0.1599263301248921,0.7382898464147235,-0.015143660774555867,1.1298283338546753,2.1497678921026395,1.4893739933936863,1.7024592161178589,1.2664945125579834,1.1298283338546753,0.05551701936414988,-0.16944137874469517,6.787159386526778
1776515351.8096027,0.7343179538361109,-0.12709401967887263,0.7333299401354545,-0.05781674837496309,1.1298283338546753,2.1497678921026395,1.4893739933936863,1.7024592161178589,1.2664945125579834,1.1298283338546753,0.05805460826513803,-0.16656064869497733,6.780470880547627
1776515351.863507,0.7334956376213286,-0.05020818395850773,0.7342465189663054,-0.049343834828839084,1.1298283338546753,2.1497678921026395,1.4893739933936863,1.7024592161178589,1.2664945125579834,1.1298283338546753,0.05929782084105795,-0.16513201862128296,6.773936561562733
1776515351.909678,0.7343105897618813,-0.03630311234014107,0.7358229166876867,-0.04528095823239528,1.132799744606018,2.146200984413154,1.4824389770320567,1.6903374195098877,1.2613095045089722,1.132799744606018,0.05993167802304189,-0.16438654676664732,6.767383062131806
1776515351.964398,0.73593686444575,-0.034105877540530564,0.7339711823346983,-0.031331584067359,1.132799744606018,2.146200984413154,1.4824389770320567,1.6903374195098877,1.2613095045089722,1.132799744606018,0.06048938119086217,-0.1637193857190103,6.760849691643002
1776515352.0145116,0.7340628195212222,-0.024814690379895255,0.7350497489444566,-0.02946916315957973,1.1398036479949951,2.1430484254971134,1.4757858341276424,1.7165193557739258,1.2695850133895874,1.1398036479949951,0.060888125479303445,-0.1632331929969339,6.754364089190626
1776515352.0625458,0.7351079719812422,-0.024754735390037655,0.7443706660543316,-0.037549855310737706,1.1398036479949951,2.1430484254971134,1.4757858341276424,1.7165193557739258,1.2695850133895874,1.1398036479949951,0.06126808829095709,-0.1627597031717779,6.747900112394397
1776515352.11045,0.7349379149729828,-0.026999752822064304,0.7450026455061871,-0.036254001253403556,1.1444940567016602,2.143309765232591,1.4737118899704607,1.6964468955993652,1.2526366710662842,1.1444940567016602,0.04557366656324713,-0.16218455180496277,6.741470276781682
1776515352.1638906,0.739911999453729,-0.0674218879667548,0.7407079960281363,-0.058142719703706575,1.1444940567016602,2.143309765232591,1.4737118899704607,1.6964468955993652,1.2526366710662842,1.1444940567016602,0.0467404815426512,-0.16083382467173984,6.72857388419809
1776515352.2104063,0.7371103393079382,-0.1024753588244776,0.7363714688109522,-0.05385815613655082,1.1444940567016602,2.143309765232591,1.4737118899704607,1.6964468955993652,1.2526366710662842,1.1444940567016602,0.04816654475011167,-0.15914874575264487,6.722234516178264
1776515352.2610087,0.7371103393079382,-0.1024753588244776,0.7337019601932083,-0.04883042501843696,1.1376745700836182,2.1372638511834157,1.4637525294504852,1.711992621421814,1.2652727365493774,1.1376745700836182,0.04816654475011167,-0.15914874575264487,6.722234516178264
1776515352.3094046,0.7446128110454624,-0.09848522057584239,0.7443851937250412,-0.06068316595456799,1.1376745700836182,2.1372638511834157,1.4637525294504852,1.711992621421814,1.2652727365493774,1.1376745700836182,0.04970324486114225,-0.15730093511029353,6.715920636401113
1776515352.3597927,0.727591611027266,-0.08298795697082166,0.7339752164631654,-0.05451297962819021,1.1376745700836182,2.1372638511834157,1.4637525294504852,1.711992621421814,1.2652727365493774,1.1376745700836182,0.051344312655781654,-0.1552877874019718,6.709679806972092
1776515352.4095156,0.7502191325621098,-0.08191256915854483,0.729521917790935,-0.050820641809335154,1.134505271911621,2.1379625293306463,1.465298115073894,1.7195178270339966,1.253239631652832,1.134505271911621,0.037560558215757045,-0.15342120940092668,6.703493772321161
1776515352.4595666,0.7361162246010586,-0.043545608586775336,0.7421202113905481,-0.09061461638951246,1.134505271911621,2.1379625293306463,1.465298115073894,1.7195178270339966,1.253239631652832,1.134505271911621,0.03884555769962744,-0.15197424979200708,6.6973389028453
1776515352.5095289,0.742904012279236,-0.07419638648125094,0.7341633099438345,-0.08586130486917593,1.1396493911743164,2.1356546453146006,1.462088808781056,1.7081429958343506,1.259238600730896,1.1396493911743164,0.039935108786060936,-0.15071718187845573,6.691211170033458
1776515352.5604057,0.7430403773459572,-0.07690574455067818,0.7400721024722591,-0.07873568741063769,1.1396493911743164,2.1356546453146006,1.462088808781056,1.7081429958343506,1.259238600730896,1.1396493911743164,0.04115229944755333,-0.1492925500866108,6.685121811784267
1776515352.613378,0.7350919735378025,-0.0655219298162181,0.7401343623035467,-0.07459958886220483,1.1396493911743164,2.1356546453146006,1.462088808781056,1.7081429958343506,1.259238600730896,1.1396493911743164,0.04236046992736747,-0.1478553749473619,6.679140322518918
1776515352.6595027,0.7406894758401575,-0.059951674595351966,0.735391948665787,-0.07022954236099901,1.145838975906372,2.1331800544405293,1.4577024674517942,1.7102116346359253,1.2458550930023193,1.145838975906372,0.04333436931716078,-0.14667273549801302,6.673161948160919
1776515352.7095277,0.7323596922922297,-0.09519377943697059,0.7367485397247362,-0.05316632508181604,1.145838975906372,2.1331800544405293,1.4577024674517942,1.7102116346359253,1.2458550930023193,1.145838975906372,0.04444887187992813,-0.14529430209597416,6.667272838013191
1776515352.7604463,0.7259561211543027,-0.16316740216877845,0.7305041726066819,-0.04896789224480311,1.145838975906372,2.1331800544405293,1.4577024674517942,1.7102116346359253,1.2458550930023193,1.145838975906372,0.03217403458381013,-0.14283264170480403,6.661484099989994
1776515352.8143919,0.721047923572432,-0.20813191602696035,0.7228332905063449,-0.08296767477547012,1.1553939580917358,2.1280120812997456,1.4476066785258204,1.7300986051559448,1.2500816583633423,1.1553939580917358,0.03541038690050474,-0.13915748180593385,6.655818390237253
1776515352.859515,0.7242862008983776,-0.20343896477254855,0.7274846661788837,-0.07366720465866056,1.1553939580917358,2.1280120812997456,1.4476066785258204,1.7300986051559448,1.2500816583633423,1.1553939580917358,0.038957810491349276,-0.1350631596857883,6.6502151045448334
1776515352.9113786,0.71600378209126,-0.1489659139384145,0.729967696320169,-0.0618497068480309,1.1501556634902954,2.1261167342082756,1.4446158307171304,1.7230463027954102,1.2420657873153687,1.1501556634902954,0.04165035088099095,-0.13190958958589638,6.64476981319071
1776515352.960399,0.7299275097290571,-0.04432609182963355,0.7204191284026829,-0.04669806793576567,1.1501556634902954,2.1261167342082756,1.4446158307171304,1.7230463027954102,1.2420657873153687,1.1501556634902954,0.04318332401806446,-0.13008781054212665,6.63930492103561
1776515353.0113912,0.730189156040277,-0.045746937691522396,0.7323614954784394,-0.03983363263932427,1.1462606191635132,2.1242109454416984,1.4409538233203116,1.7107880115509033,1.2520108222961426,1.1462606191635132,0.0438846313221507,-0.12923058968055945,6.63383573958561
1776515353.061526,0.7190729040176652,-0.04078629653740637,0.7258897432772133,-0.04139756868296146,1.1462606191635132,2.1242109454416984,1.4409538233203116,1.7107880115509033,1.2520108222961426,1.1462606191635132,0.04456260515003946,-0.12839194023960016,6.628487273090005
1776515353.11039,0.7322020805855629,-0.025649857676696274,0.7330128507279557,-0.07730409741661748,1.1484739780426025,2.1232835256204243,1.439472435745876,1.7041678428649902,1.260736346244812,1.1484739780426025,0.032212842787280316,-0.1278822875154082,6.623084362632589
1776515353.1594183,0.7384696547799966,-0.0574043180756001,0.7321170994625043,-0.07737047838583358,1.1484739780426025,2.1232835256204243,1.439472435745876,1.7041678428649902,1.260736346244812,1.1484739780426025,0.03357728610007821,-0.1263093719180312,6.612378327926248
1776515353.2131438,0.7305526880897326,-0.09490595872107452,0.7392362501809386,-0.07507114238105106,1.1484739780426025,2.1232835256204243,1.439472435745876,1.7041678428649902,1.260736346244812,1.1484739780426025,0.03471488191455424,-0.12496664527275508,6.6070862842765425
1776515353.262604,0.7307623763077966,-0.1664768038524696,0.7329508697528715,-0.06367723972909478,1.1526647806167603,2.1219869483741314,1.435441536351534,1.7054736614227295,1.2555134296417236,1.1526647806167603,0.037005163015287,-0.12221578875155165,6.6018500823072
1776515353.309374,0.7325649871904584,-0.18631801385896066,0.7313295673434016,-0.05575025998323191,1.1526647806167603,2.1219869483741314,1.435441536351534,1.7054736614227295,1.2555134296417236,1.1526647806167603,0.03981914111370011,-0.11878148829177931,6.5967037901508245
1776515353.3595304,0.7325649871904584,-0.18631801385896066,0.7321639082782028,-0.04621260592975851,1.1526647806167603,2.1219869483741314,1.435441536351534,1.7054736614227295,1.2555134296417236,1.1526647806167603,0.03981914111370011,-0.11878148829177931,6.5967037901508245
1776515353.4093986,0.7202106384980399,-0.14757104259758658,0.7217976240502001,-0.06152651662773051,1.1558401584625244,2.1228076040910198,1.4380181559005374,1.6802884340286255,1.2583556175231934,1.1558401584625244,0.031032110859460615,-0.11539606586577966,6.59162389541434
1776515353.4607887,0.7285360916299836,-0.07384009624904787,0.7217976240502001,-0.06152651662773051,1.1558401584625244,2.1228076040910198,1.4380181559005374,1.6802884340286255,1.2583556175231934,1.1558401584625244,0.03289812965467759,-0.11330571908506132,6.586689414522169
1776515353.5093155,0.7286450998397143,-0.055644262758797074,0.7292338840364182,-0.055726718019097204,1.1558401584625244,2.1228076040910198,1.4380181559005374,1.6802884340286255,1.2583556175231934,1.1558401584625244,0.03389551499268201,-0.11216303860231935,6.581745298167541
1776515353.563374,0.7286450998397143,-0.055644262758797074,0.7298308542120101,-0.052395815828473996,1.1408002376556396,2.1188396269474508,1.4316160954322552,1.6774789094924927,1.2542963027954102,1.1408002376556396,0.03389551499268201,-0.11216303860231935,6.581745298167541
1776515353.609572,0.7294534648331954,-0.040926829032604535,0.7239074475162115,-0.05384689629523795,1.1408002376556396,2.1188396269474508,1.4316160954322552,1.6774789094924927,1.2542963027954102,1.1408002376556396,0.03460622740490632,-0.11133666976904139,6.576838324763363
1776515353.6595633,0.7301555953671081,-0.03990306167041435,0.7243905945520983,-0.05166399221996018,1.1408002376556396,2.1188396269474508,1.4316160954322552,1.6774789094924927,1.2542963027954102,1.1408002376556396,0.035252687820237494,-0.11057177830885528,6.571965914846984
1776515353.709513,0.7244682317417915,-0.04079981205059122,0.7207314489052321,-0.04911194433407237,1.15149986743927,2.117430929890614,1.4286038269953223,1.6758428812026978,1.2495402097702026,1.15149986743927,0.03593792712602112,-0.1097454772794969,6.567169430243159
1776515353.7606008,0.7244682317417915,-0.04079981205059122,0.7224348608178923,-0.0376181384953585,1.15149986743927,2.117430929890614,1.4286038269953223,1.6758428812026978,1.2495402097702026,1.15149986743927,0.03593792712602112,-0.1097454772794969,6.567169430243159
1776515353.8122935,0.7246060381168641,-0.04697630403260126,0.7223709022627844,-0.035146097513111374,1.15149986743927,2.117430929890614,1.4286038269953223,1.6758428812026978,1.2495402097702026,1.15149986743927,0.036655521629038235,-0.10886394215276413,6.5624099081462255
1776515353.8645468,0.7220829463917368,-0.033362018498120295,0.7196967966825588,-0.06446555651616659,1.1538490056991577,2.1161434090214675,1.425724045761043,1.665503740310669,1.242099404335022,1.1538490056991577,0.026374558269643245,-0.10821227870513545,6.557702147216803
1776515353.9095142,0.7188822955327252,-0.06828072239543417,0.7159930010822819,-0.05300760970050289,1.1538490056991577,2.1161434090214675,1.425724045761043,1.665503740310669,1.242099404335022,1.1538490056991577,0.02721271192329,-0.10726290021087809,6.553047452860216
1776515353.9597144,0.710893910351593,-0.11023454608302351,0.7130351452622192,-0.04997383604955988,1.1538490056991577,2.1161434090214675,1.425724045761043,1.665503740310669,1.242099404335022,1.1538490056991577,0.02872434884890107,-0.10553236377258435,6.548486682762616
1776515354.0093994,0.710893910351593,-0.11023454608302351,0.7068874518316927,-0.044491177734430315,1.1538490056991577,2.1161434090214675,1.425724045761043,1.665503740310669,1.242099404335022,1.1538490056991577,0.02872434884890107,-0.10553236377258435,6.548486682762616
1776515354.0603988,0.7140189910838067,-0.13546593629754097,0.7068874518316927,-0.044491177734430315,1.1490817070007324,2.1160478569863574,1.4271811195534383,1.630010962486267,1.2509803771972656,1.1490817070007324,0.03079505128836385,-0.10311765019349173,6.543990363770137
1776515354.1113987,0.6973977299688254,-0.10838064955787342,0.70408490262816,-0.03462889965349494,1.1490817070007324,2.1160478569863574,1.4271811195534383,1.630010962486267,1.2509803771972656,1.1490817070007324,0.03295852090268864,-0.10055250069304456,6.539578211538053
1776515354.1596296,0.6965233067830102,-0.0812212588798099,0.6943154856335095,-0.02678005645254844,1.1490817070007324,2.1160478569863574,1.4271811195534383,1.630010962486267,1.2509803771972656,1.1490817070007324,0.034572921431576364,-0.0986077976445896,6.5353038252560305
1776515354.2139301,0.7194852048370476,-0.06399181690841915,0.6945878104323344,-0.02133217280280658,1.1535930633544922,2.115225401551055,1.4264035329452178,1.655131220817566,1.2469110488891602,1.1535930633544922,0.034572921431576364,-0.0986077976445896,6.5353038252560305
1776515354.2594612,0.6997610358878789,-0.044218073322993046,0.7141592300737447,-0.025492994762102733,1.1535930633544922,2.115225401551055,1.4264035329452178,1.655131220817566,1.2469110488891602,1.1535930633544922,0.027258952021192606,-0.09582962938878892,6.526773850929502
1776515354.3093784,0.7145074132616729,-0.012189042369166056,0.7009087976990244,-0.0447569952520703,1.1517786979675293,2.114164100324082,1.4232271144167798,1.614832878112793,1.2548848390579224,1.1517786979675293,0.027639260792846232,-0.09540087783932111,6.522528646785392
1776515354.3593798,0.7145074132616729,-0.012189042369166056,0.7067840304119256,-0.035365005580850095,1.1517786979675293,2.114164100324082,1.4232271144167798,1.614832878112793,1.2548848390579224,1.1517786979675293,0.027639260792846232,-0.09540087783932111,6.522528646785392
1776515354.4112897,0.7013345991885443,-0.03804585898732518,0.6976504621323866,-0.03310996464145638,1.1517786979675293,2.114164100324082,1.4232271144167798,1.614832878112793,1.2548848390579224,1.1517786979675293,0.028145017463916067,-0.09482166192341485,6.518382890562959
1776515354.4685502,0.7066354418831772,-0.03651067628078422,0.6976504621323866,-0.03310996464145638,1.1517786979675293,2.114164100324082,1.4232271144167798,1.614832878112793,1.2548848390579224,1.1517786979675293,0.028651038308114107,-0.0942292409630271,6.51424378461394
1776515354.5105846,0.6971678244156121,-0.03200093369269899,0.7010897892088914,-0.03157306642419319,1.1539008617401123,2.1114864544555285,1.4183779810118369,1.6325148344039917,1.250610589981079,1.1539008617401123,0.029275107568314696,-0.093489563488028,6.510193475800342
1776515354.5595121,0.695918060598197,-0.04932495690783653,0.6975181113052175,-0.029925931926556543,1.1539008617401123,2.1114864544555285,1.4183779810118369,1.6325148344039917,1.250610589981079,1.1539008617401123,0.02984901781443461,-0.09279368108653152,6.506186141461128
1776515354.6095061,0.6933543576795662,-0.08691885553920056,0.696261762104705,-0.027873527371204132,1.1539008617401123,2.1114864544555285,1.4183779810118369,1.6325148344039917,1.250610589981079,1.1539008617401123,0.03101068071319879,-0.09137074141601581,6.502239081469347
1776515354.659381,0.6957926852641994,-0.1287608895447992,0.6936776417394451,-0.02373442916084939,1.1488555669784546,2.108579285049968,1.4139717494544193,1.6100507974624634,1.2534914016723633,1.1488555669784546,0.023791408683812743,-0.0892589028034389,6.498346395319606
1776515354.7095435,0.6810168464396282,-0.07161717743703909,0.6888591203243754,-0.03972796432945025,1.1488555669784546,2.108579285049968,1.4139717494544193,1.6100507974624634,1.2534914016723633,1.1488555669784546,0.025794631298071635,-0.08700842088542116,6.494516438067463
1776515354.7597992,0.693437193998449,-0.02564805362347789,0.6902998609707414,-0.03037441148230191,1.149519443511963,2.1093704752300098,1.4150299072159453,1.6034365892410278,1.25563645362854,1.149519443511963,0.026619407151171726,-0.08607126343805088,6.490759598860544
1776515354.8100946,0.6888906310175303,-0.03291374083635601,0.687033031405741,-0.027440677951271003,1.149519443511963,2.1093704752300098,1.4150299072159453,1.6034365892410278,1.25563645362854,1.149519443511963,0.02712199865986098,-0.08548506236483866,6.487031218106396
1776515354.8597198,0.6903671438995753,-0.02439138739807434,0.6882030237886448,-0.026140328810518393,1.149519443511963,2.1093704752300098,1.4150299072159453,1.6034365892410278,1.25563645362854,1.149519443511963,0.027522271204513726,-0.08501175375148073,6.483331446832643
1776515354.9095306,0.687228274206447,-0.02450413248732043,0.684400068465355,-0.0160073658631609,1.1510881185531616,2.1078415703266224,1.4133104710235669,1.5969141721725464,1.2467652559280396,1.1510881185531616,0.027898078241054558,-0.08456052063708569,6.479681613811321
1776515354.9615161,0.6885304310870556,-0.026824239055818544,0.6823788900917891,-0.01460180575956685,1.1510881185531616,2.1078415703266224,1.4133104710235669,1.5969141721725464,1.2467652559280396,1.1510881185531616,0.02825435627277187,-0.0841230550946731,6.476056708439286
1776515355.009387,0.6845026193676713,-0.01656757000222217,0.6831430591822183,-0.013411812599721296,1.1472944021224976,2.1077927221973995,1.4124287566695453,1.6039397716522217,1.251585841178894,1.1472944021224976,0.02016801112940647,-0.08377389196972573,6.472485264337547
1776515355.0643735,0.6817612193453577,-0.02169784545805002,0.679535688771947,-0.04354005335462002,1.1472944021224976,2.1077927221973995,1.4124287566695453,1.6039397716522217,1.251585841178894,1.1472944021224976,0.02043881534365022,-0.08346865394259934,6.468956327527762
1776515355.1093056,0.6822530453612259,-0.017462260575618935,0.679535688771947,-0.04354005335462002,1.1472944021224976,2.1077927221973995,1.4124287566695453,1.6039397716522217,1.251585841178894,1.1472944021224976,0.020658034079307275,-0.0832154781939225,6.465453712603041
1776515355.1593962,0.6792762570151651,-0.041015389976223296,0.6799447313888615,-0.04280800533742682,1.1442819833755493,2.10707269466993,1.4123530801631294,1.5973306894302368,1.2552143335342407,1.1442819833755493,0.02118147631201056,-0.0826061924564167,6.462000169088956
1776515355.2110796,0.6791447735491916,-0.03042373490971631,0.676727532980927,-0.043114457760639435,1.1442819833755493,2.10707269466993,1.4123530801631294,1.5973306894302368,1.2552143335342407,1.1442819833755493,0.021772793854313743,-0.08191167448631687,6.458584697078557
1776515355.2596488,0.6738787208330276,-0.013457679849260697,0.6769443589236366,-0.041121978830894884,1.1460983753204346,2.105821178865918,1.4111103467410742,1.5840767621994019,1.2569072246551514,1.1460983753204346,0.02208132021103576,-0.08154621823115277,6.45522920410645
1776515355.3094258,0.6762122654436188,-0.026527011659487922,0.6731531502019946,-0.03502259720713494,1.1460983753204346,2.105821178865918,1.4111103467410742,1.5840767621994019,1.2569072246551514,1.1460983753204346,0.022390382296756245,-0.08116962652908732,6.451900033089012
1776515355.3675323,0.6733569714495984,-0.021950984057979607,0.6742896484677741,-0.034007230796936294,1.1460983753204346,2.105821178865918,1.4111103467410742,1.5840767621994019,1.2569072246551514,1.1460983753204346,0.022764682484619186,-0.08070525553758634,6.448612280423786
1776515355.4130816,0.6741454364689602,-0.020690183618902038,0.6725793851605111,-0.03262428270400272,1.1513179540634155,2.105074596559417,1.4099224662446945,1.5703016519546509,1.2436184883117676,1.1513179540634155,0.015060359569497028,-0.08030520532020574,6.445351982323997
1776515355.4592848,0.6722232890432753,-0.01776599361487966,0.6664937728374237,-0.03645313651081572,1.1513179540634155,2.105074596559417,1.4099224662446945,1.5703016519546509,1.2436184883117676,1.1513179540634155,0.015362977567001612,-0.07996012605131836,6.442131595638895
1776515355.5103555,0.6658800875303922,-0.017077952667298942,0.6653321733011728,-0.03535555949483246,1.1513179540634155,2.105074596559417,1.4099224662446945,1.5703016519546509,1.2436184883117676,1.1513179540634155,0.015643357251721557,-0.07963613096264677,6.4389696704684765
1776515355.5594995,0.6658800875303922,-0.017077952667298942,0.661275590949789,-0.03416798882731725,1.1392230987548828,2.1035693682089214,1.4075367742763099,1.5766383409500122,1.240746259689331,1.1392230987548828,0.015643357251721557,-0.07963613096264677,6.4389696704684765
1776515355.6109972,0.6667114758038254,-0.015698629408728428,0.6577925998741512,-0.04049108576253854,1.1392230987548828,2.1035693682089214,1.4075367742763099,1.5766383409500122,1.240746259689331,1.1392230987548828,0.015887590439065735,-0.07935346553610906,6.435844170861123
1776515355.6602855,0.6629760306813435,-0.014036164760022991,0.6554263231016091,-0.03967447517430084,1.1392230987548828,2.1035693682089214,1.4075367742763099,1.5766383409500122,1.240746259689331,1.1392230987548828,0.01608594312124839,-0.07912334771151608,6.432762804313573
1776515355.7096698,0.6599508140315308,-0.01633560083390626,0.6634085909741416,-0.046876180432469466,1.147769808769226,2.104065962570007,1.4080628333423246,1.5647224187850952,1.264697790145874,1.147769808769226,0.016282551410762236,-0.07888513205251219,6.429717813357339
1776515355.7594075,0.6575270376661171,-0.013295120621532512,0.6619151680441766,-0.04628417110800645,1.147769808769226,2.104065962570007,1.4080628333423246,1.5647224187850952,1.264697790145874,1.147769808769226,0.01642764908595823,-0.07870487844251767,6.4267096023604955
1776515355.8109205,0.6609517549896813,-0.010852505667815671,0.6619151680441766,-0.04628417110800645,1.1453620195388794,2.1032743151820887,1.408166506949865,1.5592111349105835,1.246946096420288,1.1453620195388794,0.008794370782115202,-0.07844643785104799,6.423710532728284
1776515355.8593512,0.6580142023207946,-0.00876820316601558,0.6546882827012203,-0.05502116006018376,1.1453620195388794,2.1032743151820887,1.408166506949865,1.5592111349105835,1.246946096420288,1.1453620195388794,0.00891755306053732,-0.07831308951509691,6.420760435775099
1776515355.9095263,0.6580142023207946,-0.00876820316601558,0.6528391341786516,-0.05449129908342357,1.1453620195388794,2.1032743151820887,1.408166506949865,1.5592111349105835,1.246946096420288,1.1453620195388794,0.00891755306053732,-0.07831308951509691,6.420760435775099
1776515355.9595015,0.6469803388225445,0.004874604653528236,0.6528391341786516,-0.05449129908342357,1.1453620195388794,2.1032743151820887,1.408166506949865,1.5592111349105835,1.246946096420288,1.1453620195388794,0.008940703931795468,-0.07829969925779845,6.417888688789535
1776515356.0093608,0.6506521288593393,-0.020471727209777295,0.6461015946936731,-0.054037556452652846,1.1473053693771362,2.103058803423371,1.4080115651825462,1.557644248008728,1.2589547634124756,1.1473053693771362,0.008960976285676103,-0.07827212088066887,6.415035533532537
1776515356.059513,0.6506521288593393,-0.020471727209777295,0.65275763575204,-0.06103747537279419,1.1473053693771362,2.103058803423371,1.4080115651825462,1.557644248008728,1.2589547634124756,1.1473053693771362,0.008960976285676103,-0.07827212088066887,6.415035533532537
1776515356.114565,0.6420137178976756,-0.005062654097191312,0.65275763575204,-0.06103747537279419,1.1473053693771362,2.103058803423371,1.4080115651825462,1.557644248008728,1.2589547634124756,1.1473053693771362,0.009119748549261064,-0.07808289507500848,6.412228119606739
1776515356.1620536,0.6420137178976756,-0.005062654097191312,0.6476161340520222,-0.060210833926913176,1.1473053693771362,2.103058803423371,1.4080115651825462,1.557644248008728,1.2589547634124756,1.1473053693771362,0.009119748549261064,-0.07808289507500848,6.412228119606739
1776515356.2096364,0.6472443839276139,-0.0042536555899461955,0.652049224719144,-0.05751351995297391,1.1486461162567139,2.102527909318569,1.4076224957705537,1.5508480072021484,1.251671314239502,1.1486461162567139,0.010826267454643573,-0.07482583058924763,6.4074786465117395
1776515356.2593648,0.6545853294547401,-0.004394730164286188,0.6476428921036239,-0.04545247697823962,1.1486461162567139,2.102527909318569,1.4076224957705537,1.5508480072021484,1.251671314239502,1.1486461162567139,0.011072042341137261,-0.07436421851847214,6.40484585461827
1776515356.3135376,0.651259782558302,-0.005841518408053398,0.6523321560152188,-0.044799141239556195,1.1486461162567139,2.102527909318569,1.4076224957705537,1.5508480072021484,1.251671314239502,1.1486461162567139,0.01112169554103612,-0.07430727370683499,6.402139252414301
1776515356.360501,0.6558088646207325,-0.007912291672571733,0.6485890993997822,-0.049157485947908086,1.1427587270736694,2.1020632306256855,1.4083487367929917,1.5473244190216064,1.254304051399231,1.1427587270736694,0.00379749880436675,-0.07419689015237041,6.399440689278245
1776515356.4096727,0.653011738136335,-0.0046734265225227304,0.6504544157528822,-0.07039228535304262,1.1427587270736694,2.1020632306256855,1.4083487367929917,1.5473244190216064,1.254304051399231,1.1427587270736694,0.00387291007631535,-0.07411427517426195,6.396780168140998
1776515356.464417,0.653011738136335,-0.0046734265225227304,0.6487247558779088,-0.07003066010978373,1.1487329006195068,2.101740701897733,1.408782219820904,1.5440412759780884,1.2601850032806396,1.1487329006195068,0.00387291007631535,-0.07411427517426195,6.396780168140998
1776515356.5096571,0.65636318456724,-0.008286305959843346,0.6545514443469983,-0.06948493591656096,1.1487329006195068,2.101740701897733,1.408782219820904,1.5440412759780884,1.2601850032806396,1.1487329006195068,0.003962716380159492,-0.07400989076228198,6.3941286334989265
1776515356.5596902,0.6479648068526415,0.004511728923214558,0.6494946153025699,-0.0687106191480486,1.1487329006195068,2.101740701897733,1.408782219820904,1.5440412759780884,1.2601850032806396,1.1487329006195068,0.00410619387423633,-0.0738313384849465,6.391527826044248
1776515356.6093996,0.6469086893977902,0.005282894885136437,0.6488002066065425,-0.06896524711011845,1.1408885717391968,2.1062938794286907,1.4157133884653972,1.5298137664794922,1.2566437721252441,1.1408885717391968,0.004016610135650106,-0.07395235581285803,6.388974798164057
1776515356.6614013,0.6393806572920633,0.0184308694004741,0.6418736075888326,-0.06756495124104925,1.1408885717391968,2.1062938794286907,1.4157133884653972,1.5298137664794922,1.2566437721252441,1.1408885717391968,0.0038274154155307494,-0.07421139198682958,6.386487209026868
1776515356.7093625,0.6419177444940329,0.00815423280933785,0.638660436596406,-0.06856214983537495,1.1422605514526367,2.1061418568172683,1.4166028201587997,1.5245280265808105,1.260243535041809,1.1422605514526367,0.003664752418069378,-0.07441132102851561,6.383995708129221
1776515356.7605267,0.6345955558990654,0.011705813210218697,0.6340222915350869,-0.0907617700327703,1.1422605514526367,2.1061418568172683,1.4166028201587997,1.5245280265808105,1.260243535041809,1.1422605514526367,-0.004002169558907365,-0.07466788870575264,6.3815487938951945
1776515356.8095517,0.6296320063203453,0.011052632348545493,0.6323346451251051,-0.09138286106478699,1.1422605514526367,2.1061418568172683,1.4166028201587997,1.5245280265808105,1.260243535041809,1.1422605514526367,-0.004220391424662462,-0.07491150947573105,6.379134014455773
1776515356.8643978,0.6296320063203453,0.011052632348545493,0.6327537666389167,-0.09063737491372614,1.1455035209655762,2.1024281826425106,1.4120015925140248,1.537937879562378,1.255618691444397,1.1455035209655762,-0.004433490932576611,-0.07515158957392165,6.3767499988972105
1776515356.909443,0.6409727135162645,0.00787779654604443,0.6380601786583964,-0.0916759397497608,1.1455035209655762,2.1024281826425106,1.4120015925140248,1.537937879562378,1.255618691444397,1.1455035209655762,-0.004848089357004204,-0.07563059275181366,6.371985299437696
1776515356.9635231,0.6409727135162645,0.00787779654604443,0.6398407618297541,-0.09239436139367674,1.1455035209655762,2.1024281826425106,1.4120015925140248,1.537937879562378,1.255618691444397,1.1455035209655762,-0.004848089357004204,-0.07563059275181366,6.371985299437696
1776515357.010946,0.6461203561130233,-0.0020278299959579265,0.6381714464259262,-0.09834692934800526,1.1398307085037231,2.1066864831485095,1.419384168798802,1.5210280418395996,1.2649517059326172,1.1398307085037231,-0.00489267185204173,-0.07569043302350853,6.369613270108359
1776515357.0625658,0.6461203561130233,-0.0020278299959579265,0.641173581547146,-0.09864444716944282,1.1398307085037231,2.1066864831485095,1.419384168798802,1.5210280418395996,1.2649517059326172,1.1398307085037231,-0.00489267185204173,-0.07569043302350853,6.369613270108359
1776515357.1105268,0.6511796813416281,-7.35518622040638e-06,0.6423850720539562,-0.09852206834766053,1.1398307085037231,2.1066864831485095,1.419384168798802,1.5210280418395996,1.2649517059326172,1.1398307085037231,-0.004815806618622187,-0.07560646049072306,6.364918847181985
1776515357.1624067,0.6404937709304773,-0.015294778001491467,0.6395282380488044,-0.09481890684761912,1.135528564453125,2.106445240599485,1.4190740705023193,1.5284761190414429,1.2526143789291382,1.135528564453125,-0.012114737682314303,-0.07531101490805087,6.362604531765485
1776515357.2143066,0.6404937709304773,-0.015294778001491467,0.6312780188969249,-0.1153328160640964,1.135528564453125,2.106445240599485,1.4190740705023193,1.5284761190414429,1.2526143789291382,1.135528564453125,-0.012114737682314303,-0.07531101490805087,6.362604531765485
1776515357.2594068,0.6275331239902082,0.008550948559078883,0.6235818473187613,-0.11498719163149002,1.135528564453125,2.106445240599485,1.4190740705023193,1.5284761190414429,1.2526143789291382,1.135528564453125,-0.012136180348966352,-0.07534628621552458,6.360383327327177
1776515357.3105874,0.6395621207183863,0.02289958200877975,0.6235818473187613,-0.11498719163149002,1.1426196098327637,2.1057583809340032,1.419878269482837,1.5209622383117676,1.263466238975525,1.1426196098327637,-0.01257519878365318,-0.07589784117549903,6.358221151900482
1776515357.3595135,0.6657946079252864,-0.007574300163144579,0.6370235454216839,-0.11822640016806757,1.1426196098327637,2.1057583809340032,1.419878269482837,1.5209622383117676,1.263466238975525,1.1426196098327637,-0.012897215929549233,-0.07627259820807675,6.355962295707863
1776515357.4113288,0.6657946079252864,-0.007574300163144579,0.6529626444581441,-0.12015837502248966,1.1426196098327637,2.1057583809340032,1.419878269482837,1.5209622383117676,1.263466238975525,1.1426196098327637,-0.012897215929549233,-0.07627259820807675,6.355962295707863
1776515357.4614024,0.645918510482528,-0.0005461405232626357,0.6529626444581441,-0.12015837502248966,1.1447739601135254,2.105618446100431,1.4201335337985626,1.5163439512252808,1.249050498008728,1.1447739601135254,-0.012519301975600972,-0.07582175096620414,6.353729762157507
1776515357.5103314,0.6428693095695746,-0.005771483077170444,0.6348940897424526,-0.10473115389129539,1.1447739601135254,2.105618446100431,1.4201335337985626,1.5163439512252808,1.249050498008728,1.1447739601135254,-0.012445741454885056,-0.0757321200542167,6.3515626634308004
1776515357.562393,0.6342904815607479,-0.005970258757118303,0.6327816505641273,-0.10434644777698204,1.1447739601135254,2.105618446100431,1.4201335337985626,1.5163439512252808,1.249050498008728,1.1447739601135254,-0.01236291157398059,-0.07563029016260792,6.3494440723636405
1776515357.6093993,0.6342904815607479,-0.005970258757118303,0.6272611879907902,-0.10374467499346907,1.1447739601135254,2.105618446100431,1.4201335337985626,1.5163439512252808,1.249050498008728,1.1447739601135254,-0.01236291157398059,-0.07563029016260792,6.3494440723636405
1776515357.660723,0.6391153459629721,-0.005796780149218696,0.6300623721759997,-0.11792512411149564,1.137582778930664,2.1051460769196333,1.4199268100333602,1.5078097581863403,1.2665506601333618,1.137582778930664,-0.01226957098807771,-0.07551328530974372,6.3473501210413605
1776515357.7115824,0.6357734383088514,-0.005993549129325203,0.6331436818804652,-0.1177666057346905,1.137582778930664,2.1051460769196333,1.4199268100333602,1.5078097581863403,1.2665506601333618,1.137582778930664,-0.019725924848595033,0.1973448591425634,6.345288674675445
1776515357.7625036,0.6357734383088514,-0.005993549129325203,0.6221711845084892,-0.028061903302815328,1.137582778930664,2.1051460769196333,1.4199268100333602,1.5078097581863403,1.2665506601333618,1.137582778930664,-0.019725924848595033,0.1973448591425634,6.345288674675445
1776515357.8093898,0.6438283943223996,-0.006964833606639572,0.6221711845084892,-0.028061903302815328,1.137582778930664,2.1051460769196333,1.4199268100333602,1.5078097581863403,1.2665506601333618,1.137582778930664,-0.019601148214509423,0.19748481181479938,6.343230765997058
1776515357.859506,0.6438283943223996,-0.006964833606639572,0.62729593968346,-0.027916223538913404,1.137582778930664,2.1051460769196333,1.4199268100333602,1.5078097581863403,1.2665506601333618,1.137582778930664,-0.019601148214509423,0.19748481181479938,6.343230765997058
1776515357.9095144,0.6438283943223996,-0.006964833606639572,0.618959889644177,-0.010145414123458013,1.140694260597229,2.1084194227460356,1.4269102174844714,1.5031566619873047,1.24468195438385,1.140694260597229,-0.019601148214509423,0.19748481181479938,6.343230765997058
1776515357.9615111,0.6232033269724606,0.003381841271460165,0.618959889644177,-0.010145414123458013,1.140694260597229,2.1084194227460356,1.4269102174844714,1.5031566619873047,1.24468195438385,1.140694260597229,-0.019763723294302205,0.19729017127857063,6.341243466266344
1776515358.0143874,0.6232033269724606,0.003381841271460165,0.6059789925608648,-0.009968129423619854,1.140694260597229,2.1084194227460356,1.4269102174844714,1.5031566619873047,1.24468195438385,1.140694260597229,-0.019763723294302205,0.19729017127857063,6.341243466266344
1776515358.0593765,0.6199688197308947,0.0031741994215630258,0.6038832808562813,-0.009644621454518582,1.1395502090454102,2.108855836706841,1.428296589633527,1.4934269189834595,1.2607390880584717,1.1395502090454102,-0.019706016213038052,0.19735838204370854,6.339302646806584
1776515358.1100237,0.6107494409197831,0.026910716309381934,0.6026585655751007,-0.018711431578149335,1.1395502090454102,2.108855836706841,1.428296589633527,1.4934269189834595,1.2607390880584717,1.1395502090454102,-0.020175811837519125,0.1968042520180488,6.337398481883332
1776515358.1592605,0.6001090959694906,0.03350129770562242,0.5958875409199101,-0.021227906170690675,1.1395502090454102,2.108855836706841,1.428296589633527,1.4934269189834595,1.2607390880584717,1.1395502090454102,-0.02056922330094796,0.19633927280999175,6.335546687085928
1776515358.2094924,0.5932092622692302,0.0466726369231189,0.5917312956311253,-0.023318439253726647,1.1363089084625244,2.110613439614634,1.4319894283528916,1.4841166734695435,1.2620017528533936,1.1363089084625244,-0.021253471997329465,0.1954963375881269,6.333745536935473
1776515358.2695732,0.5871437028042928,0.048808637028481296,0.5854361584118002,-0.02619844858751577,1.1363089084625244,2.110613439614634,1.4319894283528916,1.4841166734695435,1.2620017528533936,1.1363089084625244,-0.022019074442256648,0.19455476593401655,6.3319649722050775
1776515358.3149564,0.5844029003647386,0.043036754586193326,0.5854361584118002,-0.02619844858751577,1.1363089084625244,2.110613439614634,1.4319894283528916,1.4841166734695435,1.2620017528533936,1.1363089084625244,-0.003990923828823267,0.4348993591213727,6.3302052559621655
1776515358.367508,0.57946046046251,0.03978939756106703,0.5758030253168104,0.13317995683370631,1.1412097215652466,2.1123988853352254,1.4359159806670305,1.4765055179595947,1.2614690065383911,1.1412097215652466,-0.002969016480856068,0.437572700381975,6.328553935655922
1776515358.4093792,0.597795374547905,0.04764761339560659,0.5759888385896618,0.13087119778204118,1.1412097215652466,2.1123988853352254,1.4359159806670305,1.4765055179595947,1.2614690065383911,1.1412097215652466,-0.004599020137909637,0.43569775338933686,6.325138044451814
1776515358.4593744,0.597795374547905,0.04764761339560659,0.5875645123136646,0.12706159249931254,1.1377772092819214,2.1103208380424787,1.433936350633483,1.477260947227478,1.261030912399292,1.1377772092819214,-0.004599020137909637,0.43569775338933686,6.325138044451814
1776515358.5119703,0.5902922610397998,0.028423160829092443,0.5865718240364121,0.12524107191671072,1.1377772092819214,2.1103208380424787,1.433936350633483,1.477260947227478,1.261030912399292,1.1377772092819214,-0.005261561898791067,0.43492445022161325,6.323440132562245
1776515358.562388,0.5940097223142559,0.01981290732804709,0.5811638667065223,0.12333858887131766,1.1377772092819214,2.1103208380424787,1.433936350633483,1.477260947227478,1.261030912399292,1.1377772092819214,-0.0056786312335889155,0.43443595693538656,6.321737946758136
1776515358.614365,0.5961610895045618,0.017139289394443962,0.5832553661058074,0.1218348997156325,1.1340233087539673,2.1113268980596156,1.4360575217369993,1.4638476371765137,1.2557417154312134,1.1340233087539673,-0.005966314865134881,0.4340971374819422,6.320042190679861
1776515358.6593897,0.5961610895045618,0.017139289394443962,0.5788230793733297,0.126693316487519,1.1340233087539673,2.1113268980596156,1.4360575217369993,1.4638476371765137,1.2557417154312134,1.1340233087539673,-0.005966314865134881,0.4340971374819422,6.320042190679861
1776515358.7103953,0.5910785604259998,0.016389530357782445,0.5788230793733297,0.126693316487519,1.1340233087539673,2.1113268980596156,1.4360575217369993,1.4638476371765137,1.2557417154312134,1.1340233087539673,-0.006201641621575743,0.43381140018229297,6.3183782350024424
1776515358.76239,0.5910785604259998,0.016389530357782445,0.575503420222439,0.1260923107069134,1.1340233087539673,2.1113268980596156,1.4360575217369993,1.4638476371765137,1.2557417154312134,1.1340233087539673,-0.006201641621575743,0.43381140018229297,6.3183782350024424
1776515358.8095036,0.588496613678038,0.006598514306797741,0.5735571351150925,0.12585892845340962,1.1327364444732666,2.115548934129297,1.4448339228670082,1.4632292985916138,1.2597174644470215,1.1327364444732666,-0.006308026196091027,0.4336820455337241,6.316740559276515
1776515358.8593743,0.5821845771801164,0.0015115206934907324,0.5741847590472102,0.12005724082396224,1.1327364444732666,2.115548934129297,1.4448339228670082,1.4632292985916138,1.2597174644470215,1.1327364444732666,0.03564365731242769,0.43360289398880886,6.31513693930491
1776515358.9106672,0.5794119867666122,0.0033612823836560966,0.5737452600809886,0.2416550646910523,1.1327364444732666,2.115548934129297,1.4448339228670082,1.4632292985916138,1.2597174644470215,1.1327364444732666,0.03569971578384329,0.4336668654398978,6.313567939242178
1776515358.9594562,0.5794119867666122,0.0033612823836560966,0.5737452600809886,0.2416550646910523,1.1218757629394531,2.115043199029264,1.4453118938440344,1.441224455833435,1.263357400894165,1.1218757629394531,0.03569971578384329,0.4336668654398978,6.313567939242178
1776515359.0105047,0.5835603427520583,0.0006861147599460875,0.5702695758590872,0.23978110965289584,1.1218757629394531,2.115043199029264,1.4453118938440344,1.441224455833435,1.263357400894165,1.1218757629394531,0.03567117128579639,0.4336344389480207,6.312017151078172
1776515359.0594873,0.5816210434866766,-0.026824730913809477,0.5682735366780096,0.23997790245276823,1.1218757629394531,2.115043199029264,1.4453118938440344,1.441224455833435,1.263357400894165,1.1218757629394531,0.03568603582704033,0.43365771159557565,6.310477367433555
1776515359.1130989,0.5821824125881679,0.00604023572520467,0.5682735366780096,0.23997790245276823,1.1218757629394531,2.115043199029264,1.4453118938440344,1.441224455833435,1.263357400894165,1.1218757629394531,0.03595408612780637,0.43399642753638634,6.308951677984952
1776515359.1596048,0.5800193913960647,-0.006446982407729868,0.5695205587351654,0.24080249723390096,1.1258432865142822,2.119181341423578,1.4525688567423125,1.430554986000061,1.2665632963180542,1.1258432865142822,0.03606183038930763,0.4341341681510437,6.30746311289045
1776515359.2100513,0.576559704858759,-0.04171029794910504,0.5681882513971365,0.24351686632019592,1.1258432865142822,2.119181341423578,1.4525688567423125,1.430554986000061,1.2665632963180542,1.1258432865142822,0.03610188191229455,0.4341640220314768,6.3060248868176885
1776515359.261363,0.5746371361886109,0.009223663382538319,0.5650145748251644,0.24386088630785213,1.1159480810165405,2.1181237311632297,1.4536538826200822,1.4283394813537598,1.2607983350753784,1.1159480810165405,0.03624995241157311,0.43429623331890677,6.304643062688723
1776515359.3094943,0.5746371361886109,0.009223663382538319,0.5593234354997496,0.24255599147677423,1.1159480810165405,2.1181237311632297,1.4536538826200822,1.4283394813537598,1.2607983350753784,1.1159480810165405,0.03624995241157311,0.43429623331890677,6.304643062688723
1776515359.360412,0.5700311999287608,0.09921177089481496,0.5593234354997496,0.24255599147677423,1.1159480810165405,2.1181237311632297,1.4536538826200822,1.4283394813537598,1.2607983350753784,1.1159480810165405,0.07808223334493358,0.4339494404470113,6.303307531292259
1776515359.4104147,0.5761362713965944,0.01743676888358557,0.5659499626752429,0.36243041393222414,1.1113097667694092,2.1186813328907954,1.4552232625676647,1.4098793268203735,1.271068811416626,1.1113097667694092,0.07789107470786866,0.43365075588112395,6.302005968831975
1776515359.4595118,0.5848488791393998,-0.01851263460352393,0.5650774812565047,0.35831595559973267,1.1113097667694092,2.1186813328907954,1.4552232625676647,1.4098793268203735,1.271068811416626,1.1113097667694092,0.07806176530700898,0.433866783843896,6.30059739880728
1776515359.5164037,0.5820197446621175,0.07812636768285562,0.5696989337836643,0.3586795151262371,1.1113097667694092,2.1186813328907954,1.4552232625676647,1.4098793268203735,1.271068811416626,1.1113097667694092,0.07818602264715704,0.4340423007248967,6.299206682774426
1776515359.5624065,0.5807041007113274,-0.07623164090739766,0.5704673619600396,0.3589928000094855,1.1223902702331543,2.1223997210706416,1.4617290211359657,1.3995007276535034,1.2628331184387207,1.1223902702331543,0.07817510242631642,0.4340106800097014,6.297879363216378
1776515359.6096237,0.5795703498216696,0.009375602977255534,0.5640411586468537,0.37444975158586413,1.1223902702331543,2.1223997210706416,1.4617290211359657,1.3995007276535034,1.2628331184387207,1.1223902702331543,0.07786942981523473,0.4335952943263989,6.2965992045389
1776515359.665574,0.5774166682329397,-0.015502190464249936,0.5655627795906674,0.3732461569551756,1.1223902702331543,2.1223997210706416,1.4617290211359657,1.3995007276535034,1.2628331184387207,1.1223902702331543,0.07767968420229393,0.43333597393861073,6.295326314990717
1776515359.7131314,0.5766849557917144,0.0033439523073762363,0.5634842266430866,0.3727369643838301,1.116119384765625,2.122189138246619,1.4632469581592522,1.401540994644165,1.26237952709198,1.116119384765625,0.0779576812605767,0.43368205283111305,6.294057882401535
1776515359.7616446,0.5766849557917144,0.0033439523073762363,0.5616135052111795,0.3687596277094521,1.116119384765625,2.122189138246619,1.4632469581592522,1.401540994644165,1.26237952709198,1.116119384765625,0.0779576812605767,0.43368205283111305,6.294057882401535
1776515359.811304,0.5735665617001771,0.004998981720421774,0.5616135052111795,0.3687596277094521,1.116119384765625,2.122189138246619,1.4632469581592522,1.401540994644165,1.26237952709198,1.116119384765625,0.11995321150149207,0.4336500974204879,6.292822953325755
1776515359.859588,0.5729782673499637,-0.00777438979565791,0.5651503542932935,0.49007763805673565,1.1111162900924683,2.1255509961434362,1.469509564804864,1.3946113586425781,1.268146276473999,1.1111162900924683,0.12025062841893475,0.43399168913240044,6.291611867898785
1776515359.913506,0.5654424567453279,-0.0057346699727180315,0.5634468828329167,0.4847769641904968,1.1111162900924683,2.1255509961434362,1.469509564804864,1.3946113586425781,1.268146276473999,1.1111162900924683,0.12041578828543709,0.43417187293820625,6.290440883944927
1776515359.9593978,0.5553912814041692,-0.00977221058046137,0.5586744614571784,0.4855993315220515,1.1111162900924683,2.1255509961434362,1.469509564804864,1.3946113586425781,1.268146276473999,1.1111162900924683,0.12080221339995165,0.4346243364813093,6.289295713704358
1776515360.010818,0.5568258187084489,-0.00804984475374474,0.544059106972004,0.5065780168060979,1.1153429746627808,2.1283686213974153,1.475581995999013,1.3825443983078003,1.2491419315338135,1.1153429746627808,0.12094747049350238,0.4347741609742995,6.288195300946079
1776515360.0593674,0.564056589178783,0.0015447922555902277,0.5450264761718002,0.5070104582930307,1.1153429746627808,2.1283686213974153,1.475581995999013,1.3825443983078003,1.2491419315338135,1.1153429746627808,0.12100020750306129,0.43478541288029465,6.287138381231612
1776515360.1106436,0.5639902207821199,0.009790324875501202,0.5499117846649136,0.5068936019590788,1.1140767335891724,2.1267059432699327,1.4760419944781336,1.3648289442062378,1.2674314975738525,1.1140767335891724,0.12100482782452024,0.4347569398759498,6.286083745428097
1776515360.1613863,0.5591539626422223,0.014202466536365433,0.5538291388980264,0.4985968821259211,1.1140767335891724,2.1267059432699327,1.4760419944781336,1.3648289442062378,1.2674314975738525,1.1140767335891724,0.12086355869014051,0.43454551452348295,6.285054390786884
1776515360.2112625,0.5591539626422223,0.014202466536365433,0.5508231137527675,0.49827237845459316,1.1140767335891724,2.1267059432699327,1.4760419944781336,1.3648289442062378,1.2674314975738525,1.1140767335891724,0.12086355869014051,0.43454551452348295,6.285054390786884
1776515360.2594707,0.5472991870060231,0.026811799667608778,0.5490529006594006,0.6196072317910513,1.1015522480010986,2.1323324219150526,1.4852601570343158,1.3591821193695068,1.2697430849075317,1.1015522480010986,0.1627916685105108,0.43433356127762546,6.284045826294783
1776515360.3096714,0.5354444169138625,0.0038315929473408104,0.544132450222011,0.6100886679939939,1.1015522480010986,2.1323324219150526,1.4852601570343158,1.3591821193695068,1.2697430849075317,1.1015522480010986,0.16266008394340065,0.43417906338742995,6.283057322070135
1776515360.3726058,0.5213198047146964,0.024325544449911876,0.5358951009001868,0.6101301222656035,1.1015522480010986,2.1323324219150526,1.4852601570343158,1.3591821193695068,1.2697430849075317,1.1015522480010986,0.16227225488290567,0.4336941506239752,6.282137959222417
1776515360.411411,0.49918374372191504,0.0234729357442013,0.5273433298784101,0.6092757755639883,1.0947608947753906,2.133438582887923,1.4892597226514697,1.354478120803833,1.2657874822616577,1.0947608947753906,0.16191681733773206,0.4332487590908757,6.28125769330418
1776515360.4595506,0.4799576141799882,0.022870895847318173,0.5083863550349008,0.6080337846350815,1.0947608947753906,2.133438582887923,1.4892597226514697,1.354478120803833,1.2657874822616577,1.0947608947753906,0.16156153664110567,0.43281182029335463,6.280410772413697
1776515360.5133111,0.4667104389382472,0.020117841824153895,0.4960040381604023,0.6075242526353347,1.0947608947753906,2.133438582887923,1.4892597226514697,1.354478120803833,1.2657874822616577,1.0947608947753906,0.16121427897838683,0.43239487347155775,6.279590363303128
1776515360.565563,0.4527883320837545,0.02085239313828875,0.48739691416179354,0.6068373523310149,1.1069673299789429,2.1346916158810245,1.492657194940218,1.3499794006347656,1.2679036855697632,1.1069673299789429,0.16094750175285538,0.4320840871031509,6.278797306969855
1776515360.6093564,0.4527883320837545,0.02085239313828875,0.4826230695471978,0.6130806906140174,1.1069673299789429,2.1346916158810245,1.492657194940218,1.3499794006347656,1.2679036855697632,1.1069673299789429,0.16094750175285538,0.4320840871031509,6.278797306969855
1776515360.6624398,0.41311720884595593,0.022101434982738182,0.4709708367134363,0.6181359357063029,1.1069673299789429,2.1346916158810245,1.492657194940218,1.3499794006347656,1.2679036855697632,1.1069673299789429,0.1667083690220669,0.43418235628896445,6.28299614164209
1776515360.7126062,0.37135228202715925,0.02209210632484846,0.44984045560574726,0.6295136358321727,1.0939350128173828,2.1363626194706016,1.497683433856364,1.3412691354751587,1.262521505355835,1.0939350128173828,0.16729001140360195,0.4341403102369949,6.283190160674307
1776515360.760408,0.37135228202715925,0.02209210632484846,0.4231523134257038,0.6326657476067876,1.0939350128173828,2.1363626194706016,1.497683433856364,1.3412691354751587,1.262521505355835,1.0939350128173828,0.16729001140360195,0.4341403102369949,6.283190160674307
1776515360.8114247,0.3374591974797066,0.06444979666909197,0.4231523134257038,0.6326657476067876,1.1003894805908203,2.1385588816864196,1.5008393833277371,1.33406400680542,1.2624027729034424,1.1003894805908203,0.16645528571057175,0.43295233390955234,6.282729329339271
1776515360.8593023,0.3432813652045837,0.2071994824106687,0.4032145442977326,0.6369160676725507,1.1003894805908203,2.1385588816864196,1.5008393833277371,1.33406400680542,1.2624027729034424,1.1003894805908203,0.16492821889377277,0.43074850270452514,6.282432109364005
1776515360.9154067,0.3200080218516178,0.2761527178052169,0.41062648784679034,0.6310693976629023,1.1003894805908203,2.1385588816864196,1.5008393833277371,1.33406400680542,1.2624027729034424,1.1003894805908203,0.16181081691149288,0.4262537115366872,6.282362330528267
1776515360.9643779,0.2704282110896941,0.31335835584639726,0.397275415966851,0.6209108736604019,1.1016713380813599,2.14076847416951,1.504724920473418,1.344711422920227,1.267524003982544,1.1016713380813599,0.15818451013883972,0.42094002517342377,6.282455653594018
1776515361.0098581,0.2526525576429403,0.1837150890953596,0.3701974415237006,0.6021730352872271,1.1016713380813599,2.14076847416951,1.504724920473418,1.344711422920227,1.267524003982544,1.1016713380813599,0.15398379734073156,0.41497566421634074,6.282487133404508
1776515361.0596564,0.22341379215190668,0.2916155257018888,0.3549554985961433,0.5885594113529375,1.1016713380813599,2.14076847416951,1.504724920473418,1.344711422920227,1.267524003982544,1.1016713380813599,0.15108258667075028,0.4110469738613093,6.282220265168737
1776515361.1093946,0.17736207399323559,0.253692356488861,0.33883339731285433,0.5793781733860643,1.09465491771698,2.1420285593680384,1.5053360618894023,1.3449687957763672,1.2590588331222534,1.09465491771698,0.18624550409669743,0.40532850137294185,6.282022829468767
1776515361.1593628,0.10521859072121284,0.21034057372906878,0.30731277142601054,0.6821229456425258,1.09465491771698,2.1420285593680384,1.5053360618894023,1.3449687957763672,1.2590588331222534,1.09465491771698,0.18195685418913093,0.4002879329786345,6.281828107443041
1776515361.210113,0.03375204678287711,0.219916320511854,0.2594949291785368,0.6703719946836683,1.0981464385986328,2.1437520279474107,1.5073548872245686,1.3642833232879639,1.2587107419967651,1.0981464385986328,0.17854099063170226,0.395960730828749,6.28202313255438
1776515361.260382,-0.003583583187200967,0.0984999953437426,0.217824849113608,0.6562900547155572,1.0981464385986328,2.1437520279474107,1.5073548872245686,1.3642833232879639,1.2587107419967651,1.0981464385986328,0.17600688126576114,0.39221402874251443,6.282746952119588
1776515361.3229144,0.0015468562526093018,-0.015315971153006574,0.19042987926507793,0.6490643561144911,1.0981464385986328,2.1437520279474107,1.5073548872245686,1.3642833232879639,1.2587107419967651,1.0981464385986328,0.17600688126576114,0.39221402874251443,6.282746952119588
1776515361.3644943,-6.944067200531225e-05,-0.0005425171128285294,0.1906303018380413,0.6475724103965315,1.095048189163208,2.1439050259576917,1.5062979654771171,1.3679217100143433,1.266716718673706,1.095048189163208,0.17575988117194863,0.39183722725186604,6.282826824889155
1776515361.4098828,0.00032822089318798733,4.961479672615755e-05,0.19257518884928015,0.6396378257609003,1.095048189163208,2.1439050259576917,1.5062979654771171,1.3679217100143433,1.266716718673706,1.095048189163208,0.17566714157545305,0.3917297758917651,6.282828149179726
1776515361.4625266,0.00028573127012923035,-0.00036844424843795494,0.1928368442716697,0.6393107908730636,1.095048189163208,2.1439050259576917,1.5062979654771171,1.3679217100143433,1.266716718673706,1.095048189163208,0.17571873137392113,0.39178958235061206,6.2828269902553116
1776515361.5094686,0.00028573127012923035,-0.00036844424843795494,0.19280345609607877,0.63948655739912,1.096767783164978,2.143341799558698,1.5063242419794098,1.380070686340332,1.26246178150177,1.096767783164978,0.17571873137392113,0.39178958235061206,6.2828269902553116
1776515361.5594063,0.00010533328424648668,0.000816765692038023,0.1938427887695437,0.6390338114289504,1.096767783164978,2.143341799558698,1.5063242419794098,1.380070686340332,1.26246178150177,1.096767783164978,0.17570157954004212,0.39176957167072557,6.282827027032204
1776515361.6135645,0.00015266756473705553,-0.0003717186671908476,0.19384140264551228,0.6390381139672703,1.096767783164978,2.143341799558698,1.5063242419794098,1.380070686340332,1.26246178150177,1.096767783164978,0.17570252927740104,0.3917706866729805,6.282826669825888
1776515361.6595278,0.0001088747819421425,0.00027747107551377736,0.1906580319150707,0.6452074805912249,1.0966341495513916,2.143789688488822,1.5066105113057193,1.3702787160873413,1.2588043212890625,1.0966341495513916,0.17570301918152215,0.3917712235456345,6.282826367853701
1776515361.7095273,0.00012683119989045696,6.859130750994161e-06,0.19066204766419334,0.6451990317903773,1.0966341495513916,2.143789688488822,1.5066105113057193,1.3702787160873413,1.2588043212890625,1.0966341495513916,0.17570050347833843,0.3917683143521774,6.2828261068231015
1776515361.7625067,0.00013292871387241435,-7.910358332037478e-05,0.19066204766419334,0.6451990317903773,1.0984687805175781,2.1431268005873956,1.505909444594109,1.359169840812683,1.2663593292236328,1.0984687805175781,0.1757020566238936,0.3917701434222856,6.2828257367496665
1776515361.8095183,0.00013486102190412268,-0.00013505981400779903,0.19235009537643336,0.6449634061741374,1.0984687805175781,2.1431268005873956,1.505909444594109,1.359169840812683,1.2663593292236328,1.0984687805175781,0.1757040288944881,0.391772482914882,6.28282534108382
1776515361.868711,0.00015582572179285937,-0.0003822899116257357,0.1923500228699883,0.6449701166969599,1.0984687805175781,2.1431268005873956,1.505909444594109,1.359169840812683,1.2663593292236328,1.0984687805175781,0.17570873112996072,0.39177804698373186,6.2828248327798235
1776515361.9154372,-0.0016324530471007142,0.009801867779036922,0.1923572927710074,0.6449857907089379,1.099529504776001,2.1435925637429563,1.5068205095044125,1.3705614805221558,1.263806939125061,1.099529504776001,0.17570266116886596,0.39176989141658475,6.282825886554345
1776515361.9625015,0.00016226397039522083,-0.003951833004934927,0.19278589750327796,0.6431390464028752,1.099529504776001,2.1435925637429563,1.5068205095044125,1.3705614805221558,1.263806939125061,1.099529504776001,0.1756573233854129,0.3917180522009954,6.282826138051483
1776515362.0125477,-0.00022825807518403715,0.00649570689327695,0.19356356034656186,0.6429553262498353,1.0981197357177734,2.143448101272195,1.506337548272771,1.363016963005066,1.2677407264709473,1.0981197357177734,0.17567670109016637,0.39174029420413115,6.282825907401301
1776515362.0855386,0.0008227437108947503,-0.00730312409359442,0.19363395454702476,0.6422822641788255,1.0981197357177734,2.143448101272195,1.506337548272771,1.363016963005066,1.2677407264709473,1.0981197357177734,0.17571473312247182,0.3917859800736288,6.2828231187900005
1776515362.1094372,0.0005660586737045434,-0.0043064778679516,0.19363395454702476,0.6422822641788255,1.0981197357177734,2.143448101272195,1.506337548272771,1.363016963005066,1.2677407264709473,1.0981197357177734,0.17567889959340932,0.39174378701704055,6.282824545016164
1776515362.1594424,0.0005660586737045434,-0.0043064778679516,0.19354618139477606,0.6421637659190613,1.0985137224197388,2.143450959869053,1.5068266422219525,1.3646641969680786,1.258483648300171,1.0985137224197388,0.17567889959340932,0.39174378701704055,6.282824545016164
1776515362.2099988,0.0006054081192007303,-0.0010808061169944535,0.19055466490155998,0.6484648916931732,1.0985137224197388,2.143450959869053,1.5068266422219525,1.3646641969680786,1.258483648300171,1.0985137224197388,0.17570029385516278,0.39176891025627203,6.2828237487414125
1776515362.2602959,0.0006054081192007303,-0.0010808061169944535,0.19055466490155998,0.6484648916931732,1.0985137224197388,2.143450959869053,1.5068266422219525,1.3646641969680786,1.258483648300171,1.0985137224197388,0.17570029385516278,0.39176891025627203,6.2828237487414125
1776515362.3095183,0.00015331879663973925,-0.0012580447043746383,0.19026334827611188,0.648592221325377,1.0985137224197388,2.143450959869053,1.5068266422219525,1.3646641969680786,1.258483648300171,1.0985137224197388,0.17573318471783306,0.39180776194871614,6.282821980708525
1776515362.3597589,-0.0009955266937871604,0.0015105970890599016,0.19026334827611188,0.648592221325377,1.0985137224197388,2.143450959869053,1.5068266422219525,1.3646641969680786,1.258483648300171,1.0985137224197388,0.17573940334145866,0.39181510496412153,6.2828219769219
1776515362.409604,-0.0009955266937871604,0.0015105970890599016,0.19267912540039445,0.6471415166891636,1.1018478870391846,2.143516147500602,1.5054421508295732,1.3735384941101074,1.259669303894043,1.1018478870391846,0.17573940334145866,0.39181510496412153,6.2828219769219
1776515362.4601405,0.0009077083721090216,-0.028451726646378052,0.193110474467731,0.6476389149117854,1.1018478870391846,2.143516147500602,1.5054421508295732,1.3735384941101074,1.259669303894043,1.1018478870391846,0.17588474585952324,0.3919999475687721,6.282803091983837
1776515362.509492,0.08888030809464016,-0.2870020120464311,0.2428633877807666,0.6551835729733704,1.1018478870391846,2.143516147500602,1.5054421508295732,1.3735384941101074,1.259669303894043,1.1018478870391846,0.1788824797872569,0.3954996815295332,6.282647320377751
1776515362.5593715,0.07372950884658774,-0.2724950709522867,0.22660520944251583,0.672548838479807,1.0906065702438354,2.1420678800173536,1.5055822378971175,1.3593777418136597,1.256220817565918,1.0906065702438354,0.18380764399561422,0.4011253053062682,6.282495497868406
1776515362.6115706,0.09973756161393112,-0.2869320903272947,0.22660520944251583,0.672548838479807,1.0906065702438354,2.1420678800173536,1.5055822378971175,1.3593777418136597,1.256220817565918,1.0906065702438354,0.18928566392667284,0.4074306837013423,6.282303144944535
1776515362.6593258,0.10858116473281089,-0.29103183523372406,0.2434226340320097,0.6900340562409264,1.0906065702438354,2.1420678800173536,1.5055822378971175,1.3593777418136597,1.256220817565918,1.0906065702438354,0.19452246494432784,0.41362595517559103,6.281997159894154
1776515362.7095363,0.10858116473281089,-0.29103183523372406,0.24948606996247846,0.7073676983634734,1.0906065702438354,2.1420678800173536,1.5055822378971175,1.3593777418136597,1.256220817565918,1.0906065702438354,0.19452246494432784,0.41362595517559103,6.281997159894154
1776515362.760402,0.10858116473281089,-0.29103183523372406,0.24948606996247846,0.7073676983634734,1.0941307544708252,2.1407387889611513,1.5069030200597184,1.3362623453140259,1.264384150505066,1.0941307544708252,0.19452246494432784,0.41362595517559103,6.281997159894154
1776515362.8104155,0.12168314947974485,-0.3415783062901786,0.25766754719593066,0.7298593312953805,1.0941307544708252,2.1407387889611513,1.5069030200597184,1.3362623453140259,1.264384150505066,1.0941307544708252,0.20018410766863196,0.42022669887998354,6.281794948407139
1776515362.8597462,0.12159792025535712,-0.35536053464267015,0.257819489768915,0.7498448721357631,1.0941307544708252,2.1407387889611513,1.5069030200597184,1.3362623453140259,1.264384150505066,1.0941307544708252,0.20611427698732862,0.4271823314890342,6.281589572929184
1776515362.9124017,0.11988385482723779,-0.39253971670215226,0.257819489768915,0.7498448721357631,1.0904499292373657,2.1420881931259057,1.5101844887725624,1.3274050951004028,1.254930853843689,1.0904499292373657,0.21297182381484528,0.4351824071368349,6.281437012632021
1776515362.9594638,0.09582010347386541,-0.3345148821314818,0.24990073208082147,0.7800059075598252,1.0904499292373657,2.1420881931259057,1.5101844887725624,1.3274050951004028,1.254930853843689,1.0904499292373657,0.21928878519639786,0.442602685367647,6.281298443391791
1776515363.009426,0.08196318007273748,-0.30776790162026574,0.2366447512960721,0.8019841256673876,1.0904499292373657,2.1420881931259057,1.5101844887725624,1.3274050951004028,1.254930853843689,1.0904499292373657,0.22508274286876861,0.4494432708517435,6.281188697600205
1776515363.0624394,0.045434421933896296,-0.17811545186276895,0.22904164850973474,0.8219255610535415,1.088840365409851,2.14177081057807,1.514079648393447,1.2961511611938477,1.2625855207443237,1.088840365409851,0.22943319164008094,0.45454658911038504,6.281161267177332
1776515363.1104198,0.045434421933896296,-0.17811545186276895,0.20668330768010956,0.8408073474323512,1.088840365409851,2.14177081057807,1.514079648393447,1.2961511611938477,1.2625855207443237,1.088840365409851,0.22943319164008094,0.45454658911038504,6.281161267177332
1776515363.162464,-0.009958179039468305,-0.08367827138185696,0.20668330768010956,0.8408073474323512,1.088840365409851,2.14177081057807,1.514079648393447,1.2961511611938477,1.2625855207443237,1.088840365409851,0.23129172883601912,0.45673364667605165,6.281167027280488
1776515363.2132592,-0.009958179039468305,-0.08367827138185696,0.17389028761220832,0.8488184902176614,1.088840365409851,2.14177081057807,1.514079648393447,1.2961511611938477,1.2625855207443237,1.088840365409851,0.23129172883601912,0.45673364667605165,6.281167027280488
1776515363.2603955,-0.037783969201608,0.007567883212245167,0.17498857731269513,0.8265734167174115,1.072882890701294,2.1408525317162965,1.5126571200790793,1.3022270202636719,1.276912808418274,1.072882890701294,0.23419293129608104,0.46037637242178386,6.281042907144682
1776515363.3095183,-0.026929193157727068,0.04031631479747598,0.15987143420857733,0.8372105644075761,1.072882890701294,2.1408525317162965,1.5126571200790793,1.3022270202636719,1.276912808418274,1.072882890701294,0.23341367058754076,0.45954859136696324,6.280991217737935
1776515363.3593748,-0.011481842562941717,0.045494730966772035,0.16762592803365825,0.8341599251658688,1.0840044021606445,2.1394187615603677,1.5103449590707927,1.298380732536316,1.2663764953613281,1.0840044021606445,0.23221833283998458,0.458131404623627,6.281007470228833
1776515363.4093924,0.002221765265847006,-0.001321898656975477,0.18436829000580207,0.845892061920472,1.0840044021606445,2.1394187615603677,1.5103449590707927,1.298380732536316,1.2663764953613281,1.0840044021606445,0.2322718808899326,0.45819325361692226,6.281008668934938
1776515363.460375,0.0001580278281097831,-0.0012616788403674952,0.18436829000580207,0.845892061920472,1.0840044021606445,2.1394187615603677,1.5103449590707927,1.298380732536316,1.2663764953613281,1.0840044021606445,0.2322694104521931,0.4581911850077649,6.281008978506967
1776515363.5093768,0.0001248948749746112,0.00031102946898458965,0.18304696846968382,0.8459576540509126,1.0942946672439575,2.1391422043896515,1.5098205366941384,1.3009021282196045,1.270067811012268,1.0942946672439575,0.23226719424273196,0.4581884421316048,6.281008958298062
1776515363.5595071,0.00014099985136319232,0.0004295361830592805,0.1884800072703119,0.8488108610375862,1.0942946672439575,2.1391422043896515,1.5098205366941384,1.3009021282196045,1.270067811012268,1.0942946672439575,0.23226156678311227,0.4581814782821395,6.2810090729882155
1776515363.6144085,0.0018105807808927962,0.006578002241089105,0.1884929645209765,0.848790928015593,1.0942946672439575,2.1391422043896515,1.5098205366941384,1.3009021282196045,1.270067811012268,1.0942946672439575,0.23222810345919914,0.4581354920222347,6.281013806896907
1776515363.6595151,-0.004336490472678876,-0.010359471233710976,0.18972457816463423,0.848601492075144,1.093414545059204,2.1398850323203313,1.5105682960941413,1.3056179285049438,1.2631819248199463,1.093414545059204,0.23218887422165305,0.4580812637632408,6.281017934550681
1776515363.718809,0.007971066625620605,-0.06422865419699333,0.1831218016493805,0.85139953473922,1.093414545059204,2.1398850323203313,1.5105682960941413,1.3056179285049438,1.2631819248199463,1.093414545059204,0.23214481690395097,0.4580000016846289,6.281036870069791
1776515363.7621458,-0.0014578783095278722,0.035647295144168256,0.18956474233719922,0.8509262823043425,1.093414545059204,2.1398850323203313,1.5105682960941413,1.3056179285049438,1.2631819248199463,1.093414545059204,0.23242824087060757,0.4583310419754555,6.281047697965029
1776515363.8093796,-0.0014578783095278722,0.035647295144168256,0.18498364752148858,0.8418132576413176,1.0835466384887695,2.1398606429377933,1.5104214715855298,1.3049432039260864,1.2691482305526733,1.0835466384887695,0.23242824087060757,0.4583310419754555,6.281047697965029
1776515363.8595705,0.043091356705619414,0.07041398931803579,0.21437845768743127,0.8369491986205737,1.0835466384887695,2.1398606429377933,1.5104214715855298,1.3049432039260864,1.2691482305526733,1.0835466384887695,0.2314916673750797,0.4571336100027277,6.281094888365681
1776515363.9093497,-0.0002105723979639354,0.007439286177786171,0.21437845768743127,0.8369491986205737,1.0919678211212158,2.1409634272331006,1.512883591758003,1.307356357574463,1.2653831243515015,1.0919678211212158,0.23102506807976422,0.456486921108654,6.281145521190023
1776515363.959416,0.028747020614205778,0.10264994594932803,0.18669163436784444,0.8434405198348469,1.0919678211212158,2.1409634272331006,1.512883591758003,1.307356357574463,1.2653831243515015,1.0919678211212158,0.2301407074121122,0.4553144395704624,6.281244380380895
1776515364.0124004,0.12531263585722016,0.36569150134727363,0.20771819119963764,0.8391516776978841,1.0919678211212158,2.1409634272331006,1.512883591758003,1.307356357574463,1.2653831243515015,1.0919678211212158,0.22546899233664375,0.4495981829706203,6.2812902275392055
1776515364.060172,0.2005903556462219,0.6493663537320745,0.27620095574827974,0.8192720135294795,1.093900442123413,2.1415259409127247,1.5107391856116867,1.3173494338989258,1.2611057758331299,1.093900442123413,0.21662424222902713,0.43913958021130395,6.281018434153707
1776515364.1094966,0.1730165773888124,0.47073540083908066,0.33179052156415634,0.7877599712667581,1.093900442123413,2.1415259409127247,1.5107391856116867,1.3173494338989258,1.2611057758331299,1.093900442123413,0.2075979219714765,0.42820986154278856,6.280889222095
1776515364.1709888,0.24306368718636762,0.6314371583920626,0.3084655827509206,0.758662443416267,1.093900442123413,2.1415259409127247,1.5107391856116867,1.3173494338989258,1.2611057758331299,1.093900442123413,0.19740738733699276,0.41606281284740665,6.280482805240885
1776515364.213557,0.19547391115647889,0.5574275387258953,0.3566687631933363,0.7214260100799389,1.0900121927261353,2.142466812305821,1.5100579220327026,1.3367434740066528,1.2683085203170776,1.0900121927261353,0.18799062514162676,0.4045740818716927,6.280247778269392
1776515364.2591298,0.19547391115647889,0.5574275387258953,0.3278669322024609,0.6771747180397498,1.0900121927261353,2.142466812305821,1.5100579220327026,1.3367434740066528,1.2683085203170776,1.0900121927261353,0.18799062514162676,0.4045740818716927,6.280247778269392
1776515364.3203053,0.23600874457938867,0.5025624299348852,0.35155114684963573,0.6469624154581499,1.0900121927261353,2.142466812305821,1.5100579220327026,1.3367434740066528,1.2683085203170776,1.0900121927261353,0.179444799086804,0.39418590845606377,6.279892231727205
1776515364.3613782,0.21888797897701243,0.48138759194225095,0.342050695514063,0.6055205179306162,1.0857493877410889,2.146099302859134,1.5114072188088081,1.3670375347137451,1.2673406600952148,1.0857493877410889,0.17069617819933441,0.38377734259626667,6.279243195368039
1776515364.4105036,0.11175386634009629,0.05098305955991499,0.30131838626236945,0.5884163593864216,1.0857493877410889,2.146099302859134,1.5114072188088081,1.3670375347137451,1.2673406600952148,1.0857493877410889,0.16298070761755595,0.37350167137045187,6.279210316634309
1776515364.4613168,0.11175386634009629,0.05098305955991499,0.261149752123653,0.5839060283277098,1.0971823930740356,2.1493089601576716,1.5155725750203228,1.3723726272583008,1.2628167867660522,1.0971823930740356,0.16298070761755595,0.37350167137045187,6.279210316634309
1776515364.5106423,0.07629407627832675,0.03486356418328881,0.2408993425377096,0.594553547587843,1.0971823930740356,2.1493089601576716,1.5155725750203228,1.3723726272583008,1.2628167867660522,1.0971823930740356,0.16363356195707696,0.3731308594030274,6.279942406980638
1776515364.5624444,0.04039039327945178,0.09961128259992731,0.2213104743116196,0.5931330938082939,1.0971823930740356,2.1493089601576716,1.5155725750203228,1.3723726272583008,1.2628167867660522,1.0971823930740356,0.16135916659788785,0.3666254363472744,6.282756417269872
1776515364.612398,0.04039039327945178,0.09961128259992731,0.2195427032134929,0.5864510908332168,1.0959891080856323,2.151217924015705,1.5178644155318273,1.3665571212768555,1.2602267265319824,1.0959891080856323,0.16135916659788785,0.3666254363472744,6.282756417269872
1776515364.6593835,0.02464777173805772,0.12946833791332854,0.21694859095415164,0.5893204230907144,1.0959891080856323,2.151217924015705,1.5178644155318273,1.3665571212768555,1.2602267265319824,1.0959891080856323,0.16032392087572966,0.3639404050793255,6.283834159330961
1776515364.7104847,0.02464777173805772,0.12946833791332854,0.2076120492565387,0.5857238426155447,1.0959891080856323,2.151217924015705,1.5178644155318273,1.3665571212768555,1.2602267265319824,1.0959891080856323,0.16032392087572966,0.3639404050793255,6.283834159330961
1776515364.7594805,0.019264821161777548,0.07519339574979444,0.20268209277050078,0.583386526031041,1.0959891080856323,2.151217924015705,1.5178644155318273,1.3665571212768555,1.2602267265319824,1.0959891080856323,0.15965808685007454,0.3621464707991139,6.284570479598812
1776515364.813589,0.019264821161777548,0.07519339574979444,0.20268209277050078,0.583386526031041,1.0900349617004395,2.1517328709832615,1.5185492178936988,1.377773642539978,1.268825888633728,1.0900349617004395,0.15965808685007454,0.3621464707991139,6.284570479598812
1776515364.8595202,0.01205838354947074,0.045832599928073446,0.200357231498906,0.5676028647997469,1.0900349617004395,2.1517328709832615,1.5185492178936988,1.377773642539978,1.268825888633728,1.0900349617004395,0.15917625660181134,0.360890066556266,6.2850729291351515
1776515364.9094613,-0.007336737933868576,0.05562598260881793,0.19529841884070415,0.5670079016006843,1.0900349617004395,2.1517328709832615,1.5185492178936988,1.377773642539978,1.268825888633728,1.0900349617004395,0.15895152675401386,0.36027882144295825,6.28532318673433
1776515364.9714007,0.017409274521956144,-0.0262451421570764,0.18961592172111,0.5680489747090036,1.0921118259429932,2.148837023372456,1.5139197465673675,1.3769075870513916,1.2704311609268188,1.0921118259429932,0.15880747953786944,0.3598655161812044,6.285491491106459
1776515365.0188076,-0.0034154748486863846,0.09346377623329051,0.2032940230670992,0.5675832439653998,1.0921118259429932,2.148837023372456,1.5139197465673675,1.3769075870513916,1.2704311609268188,1.0921118259429932,0.15849414889301044,0.3591226013289719,6.2857670789292035
1776515365.0604033,0.03510838566534183,-0.06733036467572177,0.19313485112833742,0.5668367208642973,1.0923690795898438,2.150159270646504,1.5161135905659713,1.3796491622924805,1.2633050680160522,1.0923690795898438,0.15849414889301044,0.3591226013289719,6.2857670789292035
1776515365.1113899,0.045285599908097114,0.06955798687416467,0.211229453273125,0.5689104722555496,1.0923690795898438,2.150159270646504,1.5161135905659713,1.3796491622924805,1.2633050680160522,1.0923690795898438,0.15938048262478494,0.3597738415510773,6.285951260786906
1776515365.1625352,0.06423069514889615,0.0051444077693195535,0.22152319501109818,0.5718381019928838,1.0923690795898438,2.150159270646504,1.5161135905659713,1.3796491622924805,1.2633050680160522,1.0923690795898438,0.16039644455551194,0.36088285124974506,6.285894394671453
1776515365.2093868,0.056824979278150625,0.012054778911122568,0.23204190070287667,0.5746973318862595,1.094808578491211,2.1501264247929575,1.5172833636398513,1.3744945526123047,1.2716686725616455,1.094808578491211,0.16106163601952672,0.36129402240689457,6.286061125471303
1776515365.2593167,0.048365344597628944,0.07933665338159948,0.230744744229097,0.5738405604479997,1.094808578491211,2.1501264247929575,1.5172833636398513,1.3744945526123047,1.2716686725616455,1.094808578491211,0.16095188123891652,0.3604170746881065,6.286517351847977
1776515365.309011,0.048365344597628944,0.07933665338159948,0.22713986957601653,0.5733075194655938,1.094808578491211,2.1501264247929575,1.5172833636398513,1.3744945526123047,1.2716686725616455,1.094808578491211,0.16095188123891652,0.3604170746881065,6.286517351847977
1776515365.363584,0.04346272134185515,0.14128176971552434,0.22205835005723817,0.568394987982979,1.086554765701294,2.15136866388665,1.5199615783932958,1.384974479675293,1.2652558088302612,1.086554765701294,0.16010693350480776,0.35814795479583494,6.287385911583678
1776515365.411356,0.1434957539419513,-0.10994029946692215,0.2794574120021661,0.5628828719790995,1.086554765701294,2.15136866388665,1.5199615783932958,1.384974479675293,1.2652558088302612,1.086554765701294,0.16041738680906376,0.3580089388504782,6.2875509756916825
1776515365.4595468,0.27969487448757857,-0.12083038242871884,0.36664349400474916,0.5648190866358827,1.0834519863128662,2.1502056604838833,1.5197771223681038,1.3738410472869873,1.2487609386444092,1.0834519863128662,0.1624195034235068,0.360446547092072,6.286994626238592
1776515365.5133617,0.3240627677389478,-0.11098445568035738,0.3575194732091428,0.57883900495615,1.0834519863128662,2.1502056604838833,1.5197771223681038,1.3738410472869873,1.2487609386444092,1.0834519863128662,0.16432029282765498,0.36290844372958514,6.286029652557751
1776515365.5593603,0.322219261351478,0.03643620085068102,0.38638615505006213,0.5837264931727624,1.0834519863128662,2.1502056604838833,1.5197771223681038,1.3738410472869873,1.2487609386444092,1.0834519863128662,0.16441269799007457,0.3630266778432712,6.285147217910426
1776515365.609521,0.3242693767224088,0.16127318624710685,0.3891489491859337,0.5837664252039605,1.0879563093185425,2.1542320873426353,1.524789009993321,1.357395887374878,1.2696658372879028,1.0879563093185425,0.16241611961732771,0.3605092928180529,6.284266082322439
1776515365.6635327,0.32386397551459273,0.3156552258442832,0.4079358670256057,0.6549167303119618,1.0879563093185425,2.1542320873426353,1.524789009993321,1.357395887374878,1.2696658372879028,1.0879563093185425,0.19300124086257087,0.35518172187033703,6.283361943195284
1776515365.7094367,0.3358107633826573,0.446256402874396,0.4079358670256057,0.6549167303119618,1.0879563093185425,2.1542320873426353,1.524789009993321,1.357395887374878,1.2696658372879028,1.0879563093185425,0.18588189774547925,0.34704822098504384,6.282415807061
1776515365.7594376,0.3485397724715855,0.3233603067109766,0.4158227581685693,0.6318583075818258,1.0855107307434082,2.154171849598386,1.5231523317280307,1.378965139389038,1.2556012868881226,1.0855107307434082,0.17938758161063023,0.3395631361548302,6.281401290541548
1776515365.8095264,0.3463209147280165,0.2192664437989499,0.4200429068299486,0.6099070255401414,1.0855107307434082,2.154171849598386,1.5231523317280307,1.378965139389038,1.2556012868881226,1.0855107307434082,0.1746859614120269,0.33410356653422685,6.280341148513575
1776515365.8628147,0.3299647963656437,0.14664675822730272,0.4094964291132559,0.5841651255540478,1.0885565280914307,2.1591857272535426,1.5280589112168483,1.396384358406067,1.2636538743972778,1.0885565280914307,0.17159849534564003,0.33049946338938285,6.279279206345068
1776515365.9095004,0.3194332930584861,0.027190288807711297,0.4091826346941834,0.573793325604016,1.0885565280914307,2.1591857272535426,1.5280589112168483,1.396384358406067,1.2636538743972778,1.0885565280914307,0.1700259409213679,0.32865622613261825,6.2782473992312875
1776515365.961418,0.31287681058005523,-0.08810525395890481,0.399070087981934,0.5691679821610124,1.0885565280914307,2.1591857272535426,1.5280589112168483,1.396384358406067,1.2636538743972778,1.0885565280914307,0.17044273472371957,0.3291504761442901,6.27724940506125
1776515366.0094998,0.31287681058005523,-0.08810525395890481,0.3918106824615354,0.5710843659836398,1.0917519330978394,2.160486662420931,1.530414832708209,1.390051007270813,1.2519642114639282,1.0917519330978394,0.17044273472371957,0.3291504761442901,6.27724940506125
1776515366.0620918,0.3123364822644905,-0.18337614272390665,0.38724901610567286,0.5833481173440263,1.0917519330978394,2.160486662420931,1.530414832708209,1.390051007270813,1.2519642114639282,1.0917519330978394,0.17277744006584672,0.3319389277994248,6.276270026349621
1776515366.1134176,0.3133982017956859,-0.17055214324397866,0.38456725243647205,0.5914722997893285,1.0917519330978394,2.160486662420931,1.530414832708209,1.390051007270813,1.2519642114639282,1.0917519330978394,0.17558984348647216,0.335314063479872,6.27532768886965
1776515366.160445,0.3255181785244103,-0.04210960366859997,0.3858518052717891,0.600902446256607,1.0903786420822144,2.15988568428156,1.5313855659151308,1.3745445013046265,1.2552053928375244,1.0903786420822144,0.1772007911481953,0.3372571790049292,6.27439329233845
1776515366.2094088,0.3425453188389906,0.13534325045441198,0.3954168609743047,0.6075375012125788,1.0903786420822144,2.15988568428156,1.5313855659151308,1.3745445013046265,1.2552053928375244,1.0903786420822144,0.1761887163004745,0.3360115314022803,6.273418377664172
1776515366.2625654,0.39087851566936593,0.3333627881416112,0.4109711715835066,0.6030901855910031,1.0903786420822144,2.15988568428156,1.5313855659151308,1.3745445013046265,1.2552053928375244,1.0903786420822144,0.17265537023484828,0.33164546213320834,6.272322738951292
1776515366.3123784,0.39087851566936593,0.3333627881416112,0.4468979591109632,0.5889293653671587,1.0860276222229004,2.1630290779771904,1.5347195921993761,1.383270502090454,1.2466912269592285,1.0860276222229004,0.17265537023484828,0.33164546213320834,6.272322738951292
1776515366.3633928,0.3993146096409176,0.4932761300816,0.45226969247470916,0.5630270643074311,1.0860276222229004,2.1630290779771904,1.5347195921993761,1.383270502090454,1.2466912269592285,1.0860276222229004,0.16525692081801974,0.32247892990601246,6.271079427603882
1776515366.4146442,0.4197065676413484,0.47355558896781413,0.45226969247470916,0.5630270643074311,1.0860276222229004,2.1630290779771904,1.5347195921993761,1.383270502090454,1.2466912269592285,1.0860276222229004,0.15719367853494703,0.31239690044817037,6.269721171129124
1776515366.4623792,0.4197065676413484,0.47355558896781413,0.46402754256371714,0.5349758884791728,1.0899531841278076,2.167066780093861,1.5353394557586328,1.406701683998108,1.2507452964782715,1.0899531841278076,0.15719367853494703,0.31239690044817037,6.269721171129124
1776515366.5094404,0.4401518183505669,0.47114334867798197,0.48270298800608713,0.4996281786419307,1.0899531841278076,2.167066780093861,1.5353394557586328,1.406701683998108,1.2507452964782715,1.0899531841278076,0.1494678251585162,0.30264330666365497,6.268229290462518
1776515366.5598302,0.4544250822914211,0.4324100528504409,0.48270298800608713,0.4996281786419307,1.0899531841278076,2.167066780093861,1.5353394557586328,1.406701683998108,1.2507452964782715,1.0899531841278076,0.17108506063491574,0.29334425348409665,6.266613801401594
1776515366.6116018,0.4720858812795655,0.41287201822706343,0.49389540245413943,0.5578299994102935,1.0899531841278076,2.167066780093861,1.5353394557586328,1.406701683998108,1.2507452964782715,1.0899531841278076,0.16334479365974292,0.284474582254256,6.2648678678782
1776515366.6634214,0.483502082320482,0.43783226780990436,0.5024833222333481,0.542830420062878,1.0982444286346436,2.173063741030239,1.539063045925871,1.4197115898132324,1.2355509996414185,1.0982444286346436,0.15547504413839874,0.27537242265337236,6.262993604096563
1776515366.7107396,0.49269633543550184,0.4416541965789677,0.5096756788185668,0.5159556713468083,1.0982444286346436,2.173063741030239,1.539063045925871,1.4197115898132324,1.2355509996414185,1.0982444286346436,0.14788347295482318,0.2665259947430073,6.261009617390366
1776515366.7601318,0.48967556419213965,0.41282884645980933,0.5149060111346215,0.49011779446561315,1.095296025276184,2.178690226733078,1.5411926850617026,1.424849510192871,1.2359325885772705,1.095296025276184,0.1406863200365796,0.2580628268561119,6.258957279634761
1776515366.8093314,0.49071529174933287,0.3888161716819884,0.5107807915560488,0.46265255008539957,1.095296025276184,2.178690226733078,1.5411926850617026,1.424849510192871,1.2359325885772705,1.095296025276184,0.1340635481521779,0.25020583015405484,6.256834318799635
1776515366.860171,0.4814796704409594,0.2877404841275168,0.5101367531246066,0.4403715007248355,1.095296025276184,2.178690226733078,1.5411926850617026,1.424849510192871,1.2359325885772705,1.095296025276184,0.1285192684339117,0.2435907937019739,6.254655205301597
1776515366.9115267,0.503174334127768,0.22785668051417157,0.5052857029201276,0.42734224286905725,1.106775164604187,2.1831584788383323,1.5422767113447255,1.4478310346603394,1.2281209230422974,1.106775164604187,0.12431115642192891,0.2385016709093679,6.25243553307022
1776515366.9634066,0.49787779992264247,0.24042807804546856,0.5171555138620827,0.4125050650887161,1.106775164604187,2.1831584788383323,1.5422767113447255,1.4478310346603394,1.2281209230422974,1.106775164604187,0.12065760858369295,0.23398454508828836,6.250178821515053
1776515367.0094986,0.502606101783415,0.3039450307801755,0.513721589004694,0.4002953073467934,1.102510690689087,2.1857032882847465,1.5426890538243363,1.4443806409835815,1.221553087234497,1.102510690689087,0.11644461489237024,0.22874043676115408,6.247871307477981
1776515367.0599947,0.48794017826466146,0.3504891753759327,0.5131221864369232,0.3895867863504447,1.102510690689087,2.1857032882847465,1.5426890538243363,1.4443806409835815,1.221553087234497,1.102510690689087,0.13339116740244755,0.22231643825091052,6.245558737047598
1776515367.1094472,0.49895965714220547,0.37118271055114094,0.5073468979547088,0.4363155339556577,1.107856273651123,2.194114660466853,1.549074391181171,1.472478985786438,1.217544674873352,1.107856273651123,0.12709345949369216,0.21518418871709621,6.24319291616296
1776515367.1615028,0.5105092778524309,0.3067378948510168,0.5184716883532208,0.4103842862141476,1.107856273651123,2.194114660466853,1.549074391181171,1.472478985786438,1.217544674873352,1.107856273651123,0.12148928514624885,0.20876881777828826,6.24070827776345
1776515367.209507,0.5107891254580713,0.33750635095680287,0.5240173487737058,0.3732776665971592,1.107856273651123,2.194114660466853,1.549074391181171,1.472478985786438,1.217544674873352,1.107856273651123,0.11612543042429779,0.2025609727017741,6.238166849287043
1776515367.2605834,0.5237690733690508,0.3378102318630178,0.5282119111316095,0.3702690393621564,1.114621877670288,2.1957649800867864,1.547544093934941,1.4851056337356567,1.1970945596694946,1.114621877670288,0.11074666949939183,0.19626319686947824,6.23551709386662
1776515367.3125362,0.5272764895578341,0.2771042264226155,0.5282119111316095,0.3702690393621564,1.114621877670288,2.1957649800867864,1.547544093934941,1.4851056337356567,1.1970945596694946,1.114621877670288,0.10594353916542004,0.19058603849072997,6.23277979258402
1776515367.362643,0.5298439452361434,0.2745625220833803,0.5283361080199915,0.3541300171492632,1.1066046953201294,2.204438206666493,1.5543968071950427,1.4859538078308105,1.1929848194122314,1.1066046953201294,0.1016605069366312,0.18545708114366544,6.230007118085217
1776515367.4155,0.529857941831392,0.26184008680933996,0.5242888079893725,0.3368388514392938,1.1066046953201294,2.204438206666493,1.5543968071950427,1.4859538078308105,1.1929848194122314,1.1066046953201294,0.0975565874417646,0.18047080744297506,6.227203342105257
1776515367.4626446,0.5265882271598721,0.2539210977753218,0.5235294465634869,0.32301166901645856,1.1066046953201294,2.204438206666493,1.5543968071950427,1.4859538078308105,1.1929848194122314,1.1066046953201294,0.09356031417773164,0.17556642576320614,6.224373597841332
1776515367.5095725,0.5254585888930607,0.23900812894623522,0.5208055467974608,0.30963469603554744,1.1119908094406128,2.20657697405449,1.5529446048236917,1.5020586252212524,1.1895443201065063,1.1119908094406128,0.08990038441897186,0.1710145733267865,6.221525049465408
1776515367.5594103,0.5206109516109233,0.2223346350401861,0.5222752284836221,0.29834619313169664,1.1119908094406128,2.20657697405449,1.5529446048236917,1.5020586252212524,1.1895443201065063,1.1119908094406128,0.10308698493024632,0.16672420234237795,6.218665310290031
1776515367.6095815,0.5206109516109233,0.2223346350401861,0.5205400409300399,0.33489270982486785,1.1119908094406128,2.20657697405449,1.5529446048236917,1.5020586252212524,1.1895443201065063,1.1119908094406128,0.10308698493024632,0.16672420234237795,6.218665310290031
1776515367.6594214,0.5216826312323926,0.20951813715460876,0.5205062084786602,0.3232313619185314,1.1118483543395996,2.210774100455391,1.5559965944598253,1.5005159378051758,1.1871384382247925,1.1118483543395996,0.09959983757887636,0.16277593464824236,6.215783293733801
1776515367.7095716,0.5203243848469657,0.23773648007848452,0.5187881401218057,0.32531529503863116,1.1118483543395996,2.210774100455391,1.5559965944598253,1.5005159378051758,1.1871384382247925,1.1118483543395996,0.09576693112481394,0.15838622755619725,6.21288380128405
1776515367.7594116,0.5199896069675773,0.23147061896824545,0.5182624300988513,0.312466612084232,1.1118483543395996,2.210774100455391,1.5559965944598253,1.5005159378051758,1.1871384382247925,1.1118483543395996,0.09202035450596974,0.1540470109544514,6.209952979774535
1776515367.8164103,0.5144795681441126,0.24885763631454197,0.5174791534255008,0.2999324355804417,1.1158117055892944,2.2155808685666205,1.5596913446983944,1.5077166557312012,1.1730732917785645,1.1158117055892944,0.08821387365009692,0.14958381978474966,6.207013813206786
1776515367.8610394,0.509264456410703,0.2649288730814044,0.5106841891301671,0.2971758782081778,1.1158117055892944,2.2155808685666205,1.5596913446983944,1.5077166557312012,1.1730732917785645,1.1158117055892944,0.0840393958477213,0.1446373931887941,6.2040755550159
1776515367.9114578,0.502187300315285,0.2700280252107663,0.5073321721263724,0.28328121064789147,1.1158117055892944,2.2155808685666205,1.5596913446983944,1.5077166557312012,1.1730732917785645,1.1158117055892944,0.07957539601300595,0.13928468280257222,6.2011611016082
1776515367.9634018,0.5026716441335717,0.23905641847633258,0.5040059200554438,0.25788723783405976,1.1118981838226318,2.2241026586564354,1.5656132372442757,1.5220693349838257,1.1768009662628174,1.1118981838226318,0.07545108467863593,0.13428660633410672,6.198218825779356
1776515368.0124269,0.5037224443853372,0.19344584343506785,0.5030555869785586,0.24402345538117803,1.1118981838226318,2.2241026586564354,1.5656132372442757,1.5220693349838257,1.1768009662628174,1.1118981838226318,0.07202412854050955,0.13008670370312314,6.195242003080323
1776515368.0595043,0.5040274983257702,0.17889955467066201,0.5021445857392755,0.23251191414665376,1.1169449090957642,2.2288313301264635,1.5687407313776671,1.5212348699569702,1.1643019914627075,1.1169449090957642,0.06914485978772456,0.126512777438737,6.192230378677172
1776515368.111027,0.5025208042641709,0.16750124174792907,0.49790834079866875,0.23531157330869004,1.1169449090957642,2.2288313301264635,1.5687407313776671,1.5212348699569702,1.1643019914627075,1.1169449090957642,0.07586881990985578,-0.1308381895734534,6.186165543882757
1776515368.1593387,0.4962743159938577,0.15129509455037274,0.5048271343160925,0.15006211386498364,1.1224867105484009,2.23158079611825,1.568560174076809,1.5281407833099365,1.1488343477249146,1.1224867105484009,0.0731651268196557,-0.1339319712127517,6.183148445158757
1776515368.213373,0.4962743159938577,0.15129509455037274,0.49690003173110275,0.15423995670026025,1.1224867105484009,2.23158079611825,1.568560174076809,1.5281407833099365,1.1488343477249146,1.1224867105484009,0.0731651268196557,-0.1339319712127517,6.183148445158757
1776515368.2615871,0.5151951014135412,0.07278877321080275,0.5067486580015288,0.14897395198596142,1.1224867105484009,2.23158079611825,1.568560174076809,1.5281407833099365,1.1488343477249146,1.1224867105484009,0.07173613278433966,-0.13558107115825413,6.1800270870719185
1776515368.3098183,0.49518111444673435,0.11175915969017754,0.5067486580015288,0.14897395198596142,1.127142310142517,2.234881044426635,1.5716928082331942,1.5536612272262573,1.1414235830307007,1.127142310142517,0.06969240712706992,-0.13798475032937407,6.176992548964438
1776515368.3663955,0.50333051048843,0.07906665505356948,0.5016724325552481,0.13588725648954605,1.127142310142517,2.234881044426635,1.5716928082331942,1.5536612272262573,1.1414235830307007,1.127142310142517,0.0681324100580617,-0.13982781649138365,6.173910261790721
1776515368.4103892,0.505232154055396,0.09032760667217841,0.5031926332319603,0.13579285017943132,1.1202912330627441,2.2368001521019667,1.5725928645827805,1.5318422317504883,1.1369106769561768,1.1202912330627441,0.06658286854589446,-0.1416866036481912,6.170819385576376
1776515368.4616606,0.5016368433488851,0.08831476954773691,0.49494972394272185,0.13773811018172988,1.1202912330627441,2.2368001521019667,1.5725928645827805,1.5318422317504883,1.1369106769561768,1.1202912330627441,0.06499867302273044,-0.14360766561478977,6.167741123684945
1776515368.5094333,0.5016368433488851,0.08831476954773691,0.4924029509783555,0.13253738161046508,1.1202912330627441,2.2368001521019667,1.5725928645827805,1.5318422317504883,1.1369106769561768,1.1202912330627441,0.06499867302273044,-0.14360766561478977,6.167741123684945
1776515368.5593836,0.4949078355188856,0.0886129177004764,0.4924029509783555,0.13253738161046508,1.1202912330627441,2.2368001521019667,1.5725928645827805,1.5318422317504883,1.1369106769561768,1.1202912330627441,0.06342043948461229,-0.1455447019650603,6.164698975975837
1776515368.6094124,0.4949078355188856,0.0886129177004764,0.4879112757022309,0.12745360072631545,1.1202912330627441,2.2368001521019667,1.5725928645827805,1.5318422317504883,1.1369106769561768,1.1202912330627441,0.06342043948461229,-0.1455447019650603,6.164698975975837
1776515368.6637774,0.49295918696585606,0.0717437482427591,0.4879112757022309,0.12745360072631545,1.1219992637634277,2.2428533920637443,1.5798506789459281,1.5447725057601929,1.1263102293014526,1.1219992637634277,0.06199671727010342,-0.14731547046899607,6.161668400309841
1776515368.7094018,0.491283770841533,0.06043993800337815,0.4841673782722269,0.1255498226180355,1.1219992637634277,2.2428533920637443,1.5798506789459281,1.5447725057601929,1.1263102293014526,1.1219992637634277,0.04610277558065268,-0.19516635220717188,6.158649269753486
1776515368.761042,0.491283770841533,0.06043993800337815,0.48204437160294156,0.06029848414653116,1.1219992637634277,2.2428533920637443,1.5798506789459281,1.5447725057601929,1.1263102293014526,1.1219992637634277,0.04610277558065268,-0.19516635220717188,6.158649269753486
1776515368.8095,0.4895405737540344,0.04409686882858217,0.4804896907046968,0.060399185040083334,1.1219992637634277,2.2428533920637443,1.5798506789459281,1.5447725057601929,1.1263102293014526,1.1219992637634277,0.04506337370218522,-0.19633955803438502,6.155641705573871
1776515368.8653944,0.4809403344631959,0.04398011106696626,0.48457400038482645,0.06974618092443244,1.1161810159683228,2.2478950831980535,1.5844167519920611,1.5482587814331055,1.1161810159683228,1.1324840784072876,0.044392944860645156,-0.19709975636479565,6.152672289082039
1776515368.9103878,0.48279331262720954,0.0567709241129904,0.47895802741353866,0.06782913111270306,1.1161810159683228,2.2478950831980535,1.5844167519920611,1.5482587814331055,1.1161810159683228,1.1324840784072876,0.04324297621783202,-0.1984294370978104,6.149713774588918
1776515368.9604719,0.477873319807237,0.048318774719409895,0.4803407286578715,0.06389230175833409,1.1161810159683228,2.2478950831980535,1.5844167519920611,1.5482587814331055,1.1161810159683228,1.1324840784072876,0.04223598050694166,-0.19960696096836178,6.146784610714461
1776515369.0134802,0.477873319807237,0.048318774719409895,0.4816334656242438,0.06681070267045977,1.1107165813446045,2.2431228178502454,1.5784529500389735,1.5565340518951416,1.1107165813446045,1.1381536722183228,0.04223598050694166,-0.19960696096836178,6.146784610714461
1776515369.0625124,0.4791354784687555,0.04344006582349456,0.4816334656242438,0.06681070267045977,1.1107165813446045,2.2431228178502454,1.5784529500389735,1.5565340518951416,1.1107165813446045,1.1381536722183228,0.04133357019962619,-0.2006727230992595,6.143850649355425
1776515369.1093926,0.4798879559477321,0.04111169286611524,0.48218972286486017,0.06375837037001454,1.1107165813446045,2.2431228178502454,1.5784529500389735,1.5565340518951416,1.1107165813446045,1.1381536722183228,0.040480962850438396,-0.2016904775861093,6.140912588295403
1776515369.1594396,0.4790542917827767,0.022485154449416823,0.48249268672278833,0.060881567500141606,1.1079038381576538,2.2431960429007205,1.5765420770368566,1.5478742122650146,1.1079038381576538,1.1285269260406494,0.03986403510760239,-0.20243330294166,6.1379819565018225
1776515369.2162855,0.47218729360460904,-0.034397900426926496,0.4735752962874409,0.058614237049221446,1.1079038381576538,2.2431960429007205,1.5765420770368566,1.5478742122650146,1.1079038381576538,1.1285269260406494,0.03971682342790761,-0.20261084990069106,6.135079882129418
1776515369.265738,0.4609940676485534,-0.0560563571109893,0.46760340801444933,0.058515774694439304,1.1079038381576538,2.2431960429007205,1.5765420770368566,1.5478742122650146,1.1079038381576538,1.1285269260406494,0.03971682342790761,-0.20261084990069106,6.135079882129418
1776515369.3093393,0.4609940676485534,-0.0560563571109893,0.4628180390311768,0.06290663244804112,1.105636715888977,2.240043660207108,1.572880721080318,1.554105520248413,1.105636715888977,1.1314436197280884,0.040269844486595374,-0.20193131728201968,6.132279306134935
1776515369.3636045,0.45406577230386896,-0.06298583995308657,0.4556192417985334,0.008270539273864314,1.105636715888977,2.240043660207108,1.572880721080318,1.554105520248413,1.105636715888977,1.1314436197280884,0.021103090668928737,-0.20093863780812243,6.129539778586218
1776515369.4135466,0.45034276417100216,-0.06824602110922717,0.4531542492509517,0.01159658603772365,1.1027960777282715,2.2380130914049388,1.570358886667703,1.5299594402313232,1.1027960777282715,1.1338214874267578,0.02204850322716051,-0.19987349484745226,6.126853559140509
1776515369.4606953,0.4474446126443579,-0.13773165867970155,0.44679187971393297,0.03030132685192269,1.1027960777282715,2.2380130914049388,1.570358886667703,1.5299594402313232,1.1027960777282715,1.1338214874267578,0.023648721989808885,-0.19804417738765062,6.124201685169657
1776515369.5246902,0.4462431080259208,-0.2019494613545732,0.44679187971393297,0.03030132685192269,1.1027960777282715,2.2380130914049388,1.570358886667703,1.5299594402313232,1.1027960777282715,1.1338214874267578,0.026368709321167916,-0.19491623999928437,6.121599256413664
1776515369.5621932,0.44512455233829223,-0.2143494654446894,0.4437946923465692,0.05118505854581007,1.0940274000167847,2.2337579520955115,1.567810591276944,1.5187561511993408,1.0940274000167847,1.1393351554870605,0.0297815269109743,-0.1909602591455542,6.1190612354069245
1776515369.6138682,0.46882432073188246,-0.1520738253758921,0.44482400311787185,0.06566863679977496,1.0940274000167847,2.2337579520955115,1.567810591276944,1.5187561511993408,1.0940274000167847,1.1393351554870605,0.032652316839808515,-0.18760136885578876,6.116495726390201
1776515369.659544,0.47235383693085736,-0.14983673445919926,0.4619302909836054,0.07434684112239914,1.0940274000167847,2.2337579520955115,1.567810591276944,1.5187561511993408,1.0940274000167847,1.1393351554870605,0.034917123771782355,-0.18490052405740526,6.113868274434375
1776515369.71156,0.4737687136936006,-0.1631480044605609,0.4644409291781618,0.08187006734965838,1.0894362926483154,2.2296521245716456,1.565049963516424,1.4963507652282715,1.0894362926483154,1.134681224822998,0.03731842237722688,-0.18201632191242906,6.111280825671004
1776515369.759299,0.48232371548441066,-0.08753653614525828,0.45846248030461667,0.09869912563619208,1.0894362926483154,2.2296521245716456,1.565049963516424,1.4963507652282715,1.0894362926483154,1.134681224822998,0.039122479237156504,-0.1798213855483864,6.108666129550365
1776515369.810541,0.48232371548441066,-0.08753653614525828,0.4661122430965139,0.10433431117551914,1.0894362926483154,2.2296521245716456,1.565049963516424,1.4963507652282715,1.0894362926483154,1.134681224822998,0.039122479237156504,-0.1798213855483864,6.108666129550365
1776515369.85951,0.4599189386809174,0.04071496438150672,0.4661122430965139,0.10433431117551914,1.0929267406463623,2.2252028206782026,1.5581116762306828,1.4903271198272705,1.0929267406463623,1.144376277923584,0.039377845331699746,-0.179502265896263,6.1061571773085275
1776515369.911922,0.45686867728370434,0.09366140188202446,0.4609329833950675,0.11318210947665563,1.0929267406463623,2.2252028206782026,1.5581116762306828,1.4903271198272705,1.0929267406463623,1.144376277923584,0.03821806001580763,-0.180927481067846,6.103705831791859
1776515369.9643905,0.4641560721527189,0.08015200184364586,0.46025535996320033,0.10925528487589528,1.0929267406463623,2.2252028206782026,1.5581116762306828,1.4903271198272705,1.0929267406463623,1.144376277923584,0.018379218226427907,0.40516763708191983,6.101247173688339
1776515370.01361,0.4641560721527189,0.08015200184364586,0.44512957560203126,0.29040658394054414,1.0794847011566162,2.2262489785759896,1.5589487581084676,1.4935535192489624,1.0794847011566162,1.1455916166305542,0.018379218226427907,0.40516763708191983,6.101247173688339
1776515370.0646813,0.45848821602770673,0.07799437512104995,0.4409760298574399,0.29570879372718417,1.0794847011566162,2.2262489785759896,1.5589487581084676,1.4935535192489624,1.0794847011566162,1.1455916166305542,0.016911800944542976,0.40350868310194477,6.098796245268941
1776515370.1244967,0.44763946876669564,0.19602442490921765,0.43688501025145166,0.28666017086430845,1.0794847011566162,2.2262489785759896,1.5589487581084676,1.4935535192489624,1.0794847011566162,1.1455916166305542,0.01417455805945822,0.40037951332977917,6.096395664247263
1776515370.159338,0.44293479768625443,0.22435536001095807,0.43688501025145166,0.28666017086430845,1.083527684211731,2.2259217032009975,1.5553667616482871,1.49114191532135,1.083527684211731,1.147274374961853,0.010479609824943448,0.3961254716149126,6.093999361104199
1776515370.216664,0.42990257158788187,0.15414013559257336,0.4352573981966149,0.2745171452403791,1.083527684211731,2.2259217032009975,1.5553667616482871,1.49114191532135,1.083527684211731,1.147274374961853,0.007312161726105382,0.3924337271103522,6.09162845684941
1776515370.259512,0.42644524837736686,0.1497575091188309,0.4246883888179679,0.2645182932165004,1.083527684211731,2.2259217032009975,1.5553667616482871,1.49114191532135,1.083527684211731,1.147274374961853,0.004912832493769115,0.3896047552921237,6.089296147902309
1776515370.3147595,0.4270834805617783,0.16546939817633616,0.42209454564934457,0.2565907140595519,1.0631040334701538,2.2255609419255427,1.5507983630554374,1.4931362867355347,1.0631040334701538,1.152596354484558,0.002238880413819422,0.3864202546015293,6.086938829811207
1776515370.365741,0.4208608230872086,0.16594945918365622,0.4239550548880523,0.2678173746918105,1.0631040334701538,2.2255609419255427,1.5507983630554374,1.4931362867355347,1.0631040334701538,1.152596354484558,-0.0005412966691087928,0.3830794380182738,6.084600752581962
1776515370.4133842,0.42036419141317605,0.17744864892578888,0.41968372285304356,0.2586694966015214,1.0631040334701538,2.2255609419255427,1.5507983630554374,1.4931362867355347,1.0631040334701538,1.152596354484558,-0.0034804522654360848,0.3795122219955236,6.082239448569679
1776515370.4615011,0.41891871103216216,0.1794180196869151,0.4180475059025759,0.23755012767471537,1.0743857622146606,2.2247111523846144,1.547668750023298,1.4943257570266724,1.0743857622146606,1.148077130317688,-0.002770101495822852,0.38288072087539005,6.0840502068465865
1776515370.5094118,0.41882421487763305,0.17942551516201374,0.41719152561960504,0.24100665625873047,1.0743857622146606,2.2247111523846144,1.547668750023298,1.4943257570266724,1.0743857622146606,1.148077130317688,-0.0058129874301806606,0.3792110127095809,6.081693002832876
1776515370.5607328,0.4162252243281717,0.16516367018797112,0.4168099232215894,0.23074896038951903,1.0710505247116089,2.2245131416744264,1.5443564350682992,1.5006552934646606,1.0710505247116089,1.1529680490493774,-0.008613731756453136,0.3757975977184894,6.079332465933582
1776515370.6140301,0.41602031730765215,0.15995122985907198,0.4181429349774083,0.22613875326696484,1.0710505247116089,2.2245131416744264,1.5443564350682992,1.5006552934646606,1.0710505247116089,1.1529680490493774,-0.011248797736364613,0.37255270937582374,6.076959504076061
1776515370.663519,0.41738180417659804,0.15538976917710687,0.4175919404666182,0.21724747311942572,1.0710505247116089,2.2245131416744264,1.5443564350682992,1.5006552934646606,1.0710505247116089,1.1529680490493774,0.021696214554426163,0.4267418389658285,6.074562577065341
1776515370.7103946,0.41822531808504027,0.14183757025818877,0.4210789457085081,0.3343805594348134,1.0572428703308105,2.224309075441105,1.5404750084563388,1.5053086280822754,1.0572428703308105,1.1534745693206787,0.018935809354536814,0.4236328801483211,6.0721511662450744
1776515370.7642417,0.43187423909670386,0.21392907082969614,0.42047934995009495,0.33594072356021515,1.0572428703308105,2.224309075441105,1.5404750084563388,1.5053086280822754,1.0572428703308105,1.1534745693206787,0.015537056471291721,0.4197637088840317,6.069640568386478
1776515370.8095672,0.4205978209841334,0.22947006997674793,0.4307927689194595,0.32391527825608,1.0536283254623413,2.225356934910897,1.5380698806166244,1.5122060775756836,1.0536283254623413,1.148728370666504,0.01171751166115198,0.41538038957481704,6.067142749602894
1776515370.85931,0.43112771947537304,0.28175496496100827,0.42123070289499165,0.30980442216055604,1.0536283254623413,2.225356934910897,1.5380698806166244,1.5122060775756836,1.0536283254623413,1.148728370666504,0.007225294050563769,0.41016371653319106,6.064610374404497
1776515370.9096804,0.4152612582220432,0.2599404903213959,0.42891000545558444,0.2942323252944086,1.0536283254623413,2.225356934910897,1.5380698806166244,1.5122060775756836,1.0536283254623413,1.148728370666504,0.0026725146347834627,0.40483736341754684,6.062083324856532
1776515370.9599986,0.4219218827272884,0.24784458278157953,0.41768347460844246,0.27955779762326316,1.0464774370193481,2.2261670365805544,1.5345837834390161,1.526504635810852,1.0464774370193481,1.16020667552948,-0.0017092712645882524,0.3996529408377639,6.059519161166621
1776515371.00941,0.4048998392222922,0.25672136650420624,0.429721326162813,0.2740431038589013,1.0464774370193481,2.2261670365805544,1.5345837834390161,1.526504635810852,1.0464774370193481,1.16020667552948,-0.006008972481999997,0.3945137198922346,6.056985086379292
1776515371.065509,0.4071498653742524,0.21955430863209277,0.4186033913883769,0.26014437804329515,1.0497595071792603,2.226501522408273,1.5308369157706614,1.5247228145599365,1.0497595071792603,1.158294916152954,-0.009954711087949708,0.3897537486958238,6.054453969620899
1776515371.1114962,0.4095122616957591,0.1845364054795965,0.41737323185298203,0.2451841038192879,1.0497595071792603,2.226501522408273,1.5308369157706614,1.5247228145599365,1.0497595071792603,1.158294916152954,-0.013260112201301633,0.385725714204479,6.051885331112239
1776515371.1607938,0.4095775301016256,0.1632773022299474,0.4176021613686217,0.23401886431993518,1.0442180633544922,2.2275501886635993,1.5276620841454664,1.530357003211975,1.0442180633544922,1.1555110216140747,-0.016016770035603423,0.3823318077417699,6.049282618068112
1776515371.2094955,0.4083889321466206,0.1536930911136374,0.41519711408792825,0.2266062917006162,1.0442180633544922,2.2275501886635993,1.5276620841454664,1.530357003211975,1.0442180633544922,1.1555110216140747,-0.018552654882733277,0.3791780462963048,6.046675581452317
1776515371.2595232,0.4079014134332233,0.15200691168258762,0.41390629029737636,0.2180853916625961,1.0442180633544922,2.2275501886635993,1.5276620841454664,1.530357003211975,1.0442180633544922,1.1555110216140747,0.01575161125419633,0.3761267045830631,6.04405974206445
1776515371.3145714,0.407998886820663,0.15790775873136412,0.4181021097173462,0.31589740126356824,1.0442180633544922,2.2275501886635993,1.5276620841454664,1.530357003211975,1.0442180633544922,1.1555110216140747,0.013024360202337437,0.373029274304414,6.041431619619146
1776515371.359443,0.4086224219658942,0.21412450965187377,0.41493128961189363,0.2992228704987596,1.047398567199707,2.2270141098920555,1.5234175214027534,1.5356687307357788,1.047398567199707,1.148522138595581,0.009764512987641694,0.3692898252050475,6.038796265713749
1776515371.4093974,0.4086224219658942,0.21412450965187377,0.4164847081417208,0.28815457719944015,1.047398567199707,2.2270141098920555,1.5234175214027534,1.5356687307357788,1.047398567199707,1.148522138595581,0.009764512987641694,0.3692898252050475,6.038796265713749
1776515371.4594429,0.4091195679167288,0.24601215878514526,0.41722065840916356,0.27419908935805853,1.0339128971099854,2.2263545562116005,1.5179266621355012,1.5537325143814087,1.0339128971099854,1.1574795246124268,0.005629903488036714,0.36450820975407405,6.0361199208226655
1776515371.5093994,0.41144983715453004,0.22643210847896023,0.42486447619588863,0.27269622160022794,1.0339128971099854,2.2263545562116005,1.5179266621355012,1.5537325143814087,1.0339128971099854,1.1574795246124268,0.001702235197956814,0.3599211560601535,6.033399550362921
1776515371.5593958,0.4119870997456518,0.2214487302025815,0.42467737127765226,0.2600443118022517,1.0339128971099854,2.2263545562116005,1.5179266621355012,1.5537325143814087,1.0339128971099854,1.1574795246124268,-0.0020592974802366437,0.3554857589071909,6.030651986269852
1776515371.6095517,0.42038767414334344,0.21445971908778785,0.42467737127765226,0.2600443118022517,1.0353500843048096,2.2282495568131653,1.5175245175201135,1.5559742450714111,1.0353500843048096,1.1572526693344116,-0.005761443819718659,0.3510778467579132,6.027832974828764
1776515371.6606617,0.42038767414334344,0.21445971908778785,0.42961842154618635,0.2458229771808198,1.0353500843048096,2.2282495568131653,1.5175245175201135,1.5559742450714111,1.0353500843048096,1.1572526693344116,-0.005761443819718659,0.3510778467579132,6.027832974828764
1776515371.7097335,0.4200579212810901,0.20645870909241404,0.4288287632761316,0.23430985908881666,1.0353500843048096,2.2282495568131653,1.5175245175201135,1.5559742450714111,1.0353500843048096,1.1572526693344116,-0.00918625550288743,0.34695712354362374,6.024981577216758
1776515371.7599857,0.43024982537292517,0.17227010757627767,0.4288287632761316,0.23430985908881666,1.0318015813827515,2.230146404441918,1.5146988774718202,1.5678383111953735,1.0318015813827515,1.1644686460494995,-0.012461382153818534,0.34298196712762186,6.022068763573453
1776515371.809619,0.42769862045146756,0.1647132313298877,0.43986345818325334,0.22769545793027554,1.0318015813827515,2.230146404441918,1.5146988774718202,1.5678383111953735,1.0318015813827515,1.1644686460494995,-0.01510240247434086,0.3397326800587003,6.019125362332119
1776515371.859467,0.42423457878573795,0.21195065455950893,0.4377386075735876,0.21887838309491106,1.0318015813827515,2.230146404441918,1.5146988774718202,1.5678383111953735,1.0318015813827515,1.1644686460494995,-0.01824269463041528,0.3358348216915197,6.016171751142701
1776515371.9109302,0.4246014520826195,0.2243625336088638,0.4364483932269104,0.20825994652184107,1.0234402418136597,2.228606356392295,1.5084112869776005,1.5737833976745605,1.0234402418136597,1.1637542247772217,0.010753938886310044,0.33139583055062505,6.013194325374993
1776515371.9606218,0.4208188853628641,0.24164759403780006,0.4406147175245426,0.29599056661761247,1.0234402418136597,2.228606356392295,1.5084112869776005,1.5737833976745605,1.0234402418136597,1.1637542247772217,0.006567647921898456,0.3266593895520109,6.010222265279373
1776515372.0109951,0.4077948309244883,0.19805845717868412,0.4382053591113464,0.2820935054806092,1.0234402418136597,2.228606356392295,1.5084112869776005,1.5737833976745605,1.0234402418136597,1.1637542247772217,0.002522804194980577,0.322040180321732,6.007270196460039
1776515372.0618596,0.4077948309244883,0.19805845717868412,0.4282590532336197,0.26912556272975335,1.0166999101638794,2.231480559742528,1.5074265776988995,1.5837377309799194,1.0166999101638794,1.160591959953308,0.002522804194980577,0.322040180321732,6.007270196460039
1776515372.110381,0.39737431451172806,0.16208311302323275,0.41888594179620187,0.2598838362295409,1.0166999101638794,2.231480559742528,1.5074265776988995,1.5837377309799194,1.0166999101638794,1.160591959953308,-0.0005429319442274427,0.3185040343713783,6.004390347509272
1776515372.1594331,0.38881607739247753,0.13397741880129188,0.41888594179620187,0.2598838362295409,1.0166999101638794,2.231480559742528,1.5074265776988995,1.5837377309799194,1.0166999101638794,1.160591959953308,-0.003064688120431258,0.31556713793362334,6.001568711888146
1776515372.2094781,0.38264589386196957,0.11069168613975593,0.4123691990102829,0.2518002469517965,1.0166999101638794,2.231480559742528,1.5074265776988995,1.5837377309799194,1.0166999101638794,1.160591959953308,-0.005128318285274103,0.31314176579677255,5.998789086226716
1776515372.2596228,0.38264589386196957,0.11069168613975593,0.40755787514891423,0.24515033512838524,1.0140806436538696,2.2312017386980787,1.5027125722716201,1.5881530046463013,1.0140806436538696,1.1714156866073608,-0.005128318285274103,0.31314176579677255,5.998789086226716
1776515372.3153324,0.378496734648089,0.09271896099392564,0.41462122854901773,0.2544482958853111,1.0140806436538696,2.2312017386980787,1.5027125722716201,1.5881530046463013,1.0140806436538696,1.1714156866073608,-0.0068260891384908096,0.3111282042418828,5.996038974564837
1776515372.3605256,0.37606813242702036,0.08042296621299595,0.41128390616042043,0.24893718049570415,1.0140806436538696,2.2312017386980787,1.5027125722716201,1.5881530046463013,1.0140806436538696,1.1714156866073608,-0.008257371383775636,0.3094151691833096,5.993307730062984
1776515372.4110794,0.3753453190172178,0.07413295835312361,0.40922778881010125,0.24424267914005215,1.0037953853607178,2.2304360241276813,1.5001676938606152,1.5920172929763794,1.0037953853607178,1.1722954511642456,-0.009524194791939389,0.3078849795625981,5.99058511645975
1776515372.4594543,0.3753453190172178,0.07413295835312361,0.40855688859297795,0.24795715336427582,1.0037953853607178,2.2304360241276813,1.5001676938606152,1.5920172929763794,1.0037953853607178,1.1722954511642456,-0.009524194791939389,0.3078849795625981,5.99058511645975
1776515372.5116048,0.3761807497172117,0.07016369332744615,0.40855688859297795,0.24795715336427582,1.0037953853607178,2.2304360241276813,1.5001676938606152,1.5920172929763794,1.0037953853607178,1.1722954511642456,-0.010690018708175653,0.30646421117144895,5.98785659806129
1776515372.560978,0.3814630499334404,0.0671072579787432,0.4088420512435865,0.24401167868208765,1.0037953853607178,2.2304360241276813,1.5001676938606152,1.5920172929763794,1.0037953853607178,1.1722954511642456,-0.011809590868261666,0.30508737694240506,5.985102994951502
1776515372.611389,0.3889635046484325,0.06287451565183837,0.412006204866332,0.24005678984324502,1.006643533706665,2.229173831097182,1.496597959221518,1.6104499101638794,1.006643533706665,1.173567771911621,-0.011809590868261666,0.30508737694240506,5.985102994951502
1776515372.6633916,0.3944706207218782,0.06750306660339929,0.42089863008859896,0.2292209821801151,1.006643533706665,2.229173831097182,1.496597959221518,1.6104499101638794,1.006643533706665,1.173567771911621,0.015928568821498013,0.3025226450787184,5.979445570045564
1776515372.712722,0.4031904667923682,0.06603121312062724,0.4283281636339955,0.31160714917136656,1.0039896965026855,2.227006176023104,1.4923283922259387,1.6039750576019287,1.0039896965026855,1.1684479713439941,0.014749549852376032,0.30119106531527695,5.976539075484708
1776515372.7623687,0.40321536650079826,0.046913792183577496,0.42934952652748937,0.3095129083713741,1.0039896965026855,2.227006176023104,1.4923283922259387,1.6039750576019287,1.0039896965026855,1.1684479713439941,0.013716238400931557,0.3000146090831083,5.973607663808346
1776515372.8094451,0.4072169301443286,0.07029752961766288,0.42871773607029984,0.3061153405449628,1.0039896965026855,2.227006176023104,1.4923283922259387,1.6039750576019287,1.0039896965026855,1.1684479713439941,0.012844885464727618,0.2990052729220949,5.970670725590364
1776515372.8595319,0.4072169301443286,0.07029752961766288,0.43613732929522797,0.3085701811758688,1.0057573318481445,2.2242967189185383,1.4872878610675615,1.6013007164001465,1.0057573318481445,1.1755443811416626,0.012844885464727618,0.2990052729220949,5.970670725590364
1776515372.909548,0.4295758285181459,0.22651314311552756,0.43613732929522797,0.3085701811758688,1.0057573318481445,2.2242967189185383,1.4872878610675615,1.6013007164001465,1.0057573318481445,1.1755443811416626,0.010038551941044027,0.2957375791232627,5.967587894588536
1776515372.9600332,0.43085359076286045,0.25180305929730806,0.4543384813808,0.29799449749032536,1.0057573318481445,2.2242967189185383,1.4872878610675615,1.6013007164001465,1.0057573318481445,1.1755443811416626,0.005866135128930194,0.2908493459208803,5.964421128395606
1776515373.0096097,0.4458514354127061,0.19010331086826554,0.45539049716153246,0.28387743752889893,1.0011337995529175,2.227148690122239,1.4859448864673184,1.6125128269195557,1.0011337995529175,1.177663803100586,0.001922052504239491,0.28618564643928057,5.961177758571666
1776515373.0676005,0.45047344213958673,0.1781357302890826,0.46523277288736875,0.27231662588832584,1.0011337995529175,2.227148690122239,1.4859448864673184,1.6125128269195557,1.0011337995529175,1.177663803100586,-0.0010912729018920375,0.2825595581150355,5.957824775178774
1776515373.110062,0.436777422070557,0.2016153266231842,0.46754446152364604,0.2620284755633487,1.0011337995529175,2.227148690122239,1.4859448864673184,1.6125128269195557,1.0011337995529175,1.177663803100586,-0.004266446445456151,0.27872494846816454,5.954492829212503
1776515373.159384,0.436777422070557,0.2016153266231842,0.461201268052187,0.2540648139826284,0.9969324469566345,2.2284579909476387,1.4830574065545314,1.6224172115325928,0.9969324469566345,1.1795544624328613,-0.004266446445456151,0.27872494846816454,5.954492829212503
1776515373.2124398,0.43355613129389386,0.1930412768935919,0.461201268052187,0.2540648139826284,0.9969324469566345,2.2284579909476387,1.4830574065545314,1.6224172115325928,0.9969324469566345,1.1795544624328613,-0.00760316582919468,0.27463623741875987,5.951226278111266
1776515373.2623844,0.44007870237909974,0.16794500793464828,0.45854881935519587,0.24292643477417808,0.9969324469566345,2.2284579909476387,1.4830574065545314,1.6224172115325928,0.9969324469566345,1.1795544624328613,-0.01061388533747809,0.2709113242014194,5.94791774118226
1776515373.3113017,0.44893667299861345,0.14972820522149713,0.461730888194255,0.23256826791851526,0.9995693564414978,2.2290621693215913,1.4809588522774157,1.6341862678527832,0.9995693564414978,1.1646819114685059,0.01336293955950929,0.2678035726858734,5.944520004567418
1776515373.3603814,0.44893667299861345,0.14972820522149713,0.4631046984625842,0.2850305862341881,0.9995693564414978,2.2290621693215913,1.4809588522774157,1.6341862678527832,0.9995693564414978,1.1646819114685059,0.01336293955950929,0.2678035726858734,5.944520004567418
1776515373.4155946,0.44780483602160676,0.14098212040191438,0.4631046984625842,0.2850305862341881,0.9995693564414978,2.2290621693215913,1.4809588522774157,1.6341862678527832,0.9995693564414978,1.1646819114685059,0.010604051916014934,0.2646916941292652,5.941091170500023
1776515373.4674711,0.4504735314016553,0.16089441642351793,0.4637060575522942,0.2681740756116481,0.9960504174232483,2.2282410169177096,1.4757275254904987,1.634316086769104,0.9960504174232483,1.1879619359970093,0.007985651272273409,0.2646246442033574,5.93864414992464
1776515373.5095916,0.4559657694624025,0.21075583164392742,0.47768246775253376,0.2880328133635158,0.9960504174232483,2.2282410169177096,1.4757275254904987,1.634316086769104,0.9960504174232483,1.1879619359970093,0.0046095368332165765,0.2639971640917703,5.936127136535807
1776515373.5623505,0.45855020718562095,0.22013346708163833,0.48353277311326137,0.2647579025672856,0.995317816734314,2.2284862438800928,1.4688523551040982,1.646660327911377,0.995317816734314,1.1784837245941162,0.0006407311291179996,0.26048344400167656,5.932861008826199
1776515373.610518,0.464502806318261,0.24233369385259515,0.4795073754141793,0.2572269913279974,0.995317816734314,2.2284862438800928,1.4688523551040982,1.646660327911377,0.995317816734314,1.1784837245941162,-0.003477982112160216,0.25575590631065725,5.929259553578388
1776515373.6594179,0.48120173421896917,0.19813377701583143,0.49256251470972257,0.22954479104648703,0.995317816734314,2.2284862438800928,1.4688523551040982,1.646660327911377,0.995317816734314,1.1784837245941162,-0.007397047699705395,0.25121271404989776,5.925528850990833
1776515373.714428,0.4786901095050404,0.1771698678719518,0.4900413942776626,0.21914008580925629,0.9830787181854248,2.2302888422294638,1.4662608964449693,1.6353694200515747,0.9830787181854248,1.190803050994873,-0.010538657071052393,0.2475250216788355,5.921754434772582
1776515373.7598622,0.4939586810542971,0.1888234270048194,0.5041560458347882,0.24174117617078647,0.9830787181854248,2.2302888422294638,1.4662608964449693,1.6353694200515747,0.9830787181854248,1.190803050994873,-0.013810282250135919,0.24364379486782084,5.9178684770828855
1776515373.812026,0.4903072822657209,0.15598622995033345,0.5037929845303006,0.23074414043559466,0.9803594946861267,2.2296681444364825,1.4621358106459594,1.6524584293365479,0.9803594946861267,1.1946308612823486,-0.016732587696135448,0.24013369261581508,5.91395235713027
1776515373.8654687,0.5115561859016788,0.18988961965073636,0.5052129906310736,0.220936703790585,0.9803594946861267,2.2296681444364825,1.4621358106459594,1.6524584293365479,0.9803594946861267,1.1946308612823486,-0.019422896490479957,0.23686070508280888,5.909907960232528
1776515373.9093812,0.5040221505213881,0.15361442789526814,0.5194329666873936,0.21102761216513577,0.9803594946861267,2.2296681444364825,1.4621358106459594,1.6524584293365479,0.9803594946861267,1.1946308612823486,-0.022352616317678986,0.23325601635013504,5.905842442497048
1776515373.9597082,0.5056377525810097,0.04418321266820163,0.5133050826623669,0.20148566428242895,0.9817773699760437,2.230758697208048,1.4592424017965535,1.6615245342254639,0.9817773699760437,1.2058765888214111,-0.0007546275750254794,0.23156785074367603,5.901739394196709
1776515374.0096357,0.503672967557445,0.03041074586539301,0.5226682767233775,0.2677502876014253,0.9817773699760437,2.230758697208048,1.4592424017965535,1.6615245342254639,0.9817773699760437,1.2058765888214111,-0.0015776594666001564,0.230636419971048,5.897697109745692
1776515374.0616527,0.5007403908527762,0.030889404216833314,0.5209118677459357,0.26512545174049507,0.9817773699760437,2.230758697208048,1.4592424017965535,1.6615245342254639,0.9817773699760437,1.2058765888214111,-0.002323919282907705,0.22978629505375636,5.893663121204515
1776515374.1090405,0.5007403908527762,0.030889404216833314,0.5189244715109801,0.2627563020887995,0.9803685545921326,2.228559053903592,1.4562479551303609,1.6459180116653442,0.9803685545921326,1.2021880149841309,-0.002323919282907705,0.22978629505375636,5.893663121204515
1776515374.1598592,0.5003295242834452,0.05161576433047466,0.5141979354579624,0.26474898150089443,0.9803685545921326,2.228559053903592,1.4562479551303609,1.6459180116653442,0.9803685545921326,1.2021880149841309,-0.003206063888593569,0.22877135405386828,5.88965824553687
1776515374.2128322,0.5027485853765705,0.11898145077224664,0.5173560290215163,0.2594195377831834,0.9803685545921326,2.228559053903592,1.4562479551303609,1.6459180116653442,0.9803685545921326,1.2021880149841309,-0.004727078574929544,0.22699923238207287,5.885654304242361
1776515374.263714,0.5069867051868732,0.16565644248319544,0.5210367656188465,0.25096816401130556,0.9739899039268494,2.2279252613947196,1.4513169033509272,1.64811372756958,0.9739899039268494,1.2110470533370972,-0.007168320109340931,0.22412244283408855,5.8816120885267384
1776515374.3111064,0.5136800421786825,0.19666769821245395,0.5261379087045482,0.26269178680306127,0.9739899039268494,2.2279252613947196,1.4513169033509272,1.64811372756958,0.9739899039268494,1.2110470533370972,-0.010408368468202034,0.22026098503255642,5.877485281707433
1776515374.3627548,0.5175580809492496,0.18651538858193834,0.5327464637949083,0.24041654001711749,0.9694721698760986,2.2282315607869325,1.448294072444357,1.6577168703079224,0.9694721698760986,1.2172117233276367,-0.01365950068528371,0.2163390324505713,5.873295209862044
1776515374.4098294,0.5227167683876496,0.19566409278994304,0.5375804443663937,0.2457136833582465,0.9694721698760986,2.2282315607869325,1.448294072444357,1.6577168703079224,0.9694721698760986,1.2172117233276367,-0.016964431117571233,0.21230091646699312,5.869043199708476
1776515374.459707,0.5275589561670581,0.11515032920052534,0.5407643682974342,0.2343533541053015,0.9694721698760986,2.2282315607869325,1.448294072444357,1.6577168703079224,0.9694721698760986,1.2172117233276367,-0.019233755980175793,0.2094969680004789,5.864729751649449
1776515374.5097852,0.5357112444304201,0.19083806895153016,0.5414451341169353,0.22670727994587123,0.9703860282897949,2.2276756115030296,1.4419516737825777,1.6625841856002808,0.9703860282897949,1.2233190536499023,-0.0016030692112780076,0.2059549040669214,5.860350896856876
1776515374.5610201,0.5414414063261214,0.1487756629268211,0.557582938363724,0.2695843677195388,0.9703860282897949,2.2276756115030296,1.4419516737825777,1.6625841856002808,0.9703860282897949,1.2233190536499023,-0.007321049475227048,0.19944982791364185,5.851425548069113
1776515374.6093886,0.5529610383648169,0.210367567121711,0.5575493060035549,0.260342731147864,0.977958083152771,2.2267143546597588,1.4356709665483267,1.6662992238998413,0.977958083152771,1.2282028198242188,-0.007321049475227048,0.19944982791364185,5.851425548069113
1776515374.6620867,0.5546457885828836,0.14931483321938116,0.5706446229288024,0.2466763357170091,0.977958083152771,2.2267143546597588,1.4356709665483267,1.6662992238998413,0.977958083152771,1.2282028198242188,-0.013835062762628858,0.19185966938068255,5.8422232107236916
1776515374.7093196,0.5478662929157712,0.05430683079598331,0.5697289929967453,0.2361910980532984,0.977958083152771,2.2267143546597588,1.4356709665483267,1.6662992238998413,0.977958083152771,1.2282028198242188,-0.013835062762628858,0.19185966938068255,5.8422232107236916
1776515374.7627175,0.5478662929157712,0.05430683079598331,0.5626266777986293,0.23111117326629008,0.9671047925949097,2.2266467075784595,1.4328403435587906,1.685819149017334,0.9671047925949097,1.2279406785964966,-0.015488965677620037,0.18988741780321572,5.837613086698486
1776515374.8098302,0.5526499303833614,0.026731472790723253,0.5645544723575621,0.23329603251180864,0.9671047925949097,2.2266467075784595,1.4328403435587906,1.685819149017334,0.9671047925949097,1.2279406785964966,-0.016182613559513837,0.18904712158209125,5.833009798461355
1776515374.8596277,0.556658633506851,0.04565988041954243,0.566761524583945,0.2308769953588644,0.9671047925949097,2.2266467075784595,1.4328403435587906,1.685819149017334,0.9671047925949097,1.2279406785964966,-0.016977068894928782,0.1880734109128085,5.828397063838304
1776515374.9090564,0.556658633506851,0.04565988041954243,0.5697071555323161,0.2280310302497785,0.9677683115005493,2.2243379246405603,1.4282544244911737,1.662020206451416,0.9677683115005493,1.2357999086380005,-0.016977068894928782,0.1880734109128085,5.828397063838304
1776515374.9597545,0.549415019894664,0.07521780245268742,0.5667260173258682,0.23876136989296623,0.9677683115005493,2.2243379246405603,1.4282544244911737,1.662020206451416,0.9677683115005493,1.2357999086380005,-0.018169378732182273,0.1866022653724123,5.8237765471001435
1776515375.0118427,0.5439919719843022,0.02903252356349119,0.5667260173258682,0.23876136989296623,0.9677683115005493,2.2243379246405603,1.4282544244911737,1.662020206451416,0.9677683115005493,1.2357999086380005,-0.0005710096111428697,0.061532201513067375,5.819258335477694
1776515375.0676956,0.5439919719843022,0.02903252356349119,0.5678541821588612,0.23896831779064953,0.9677683115005493,2.2243379246405603,1.4282544244911737,1.662020206451416,0.9677683115005493,1.2357999086380005,-0.0005710096111428697,0.061532201513067375,5.819258335477694
1776515375.109658,0.5550739720306529,0.09352595647169121,0.5678541821588612,0.23896831779064953,0.9652963280677795,2.2226576065156993,1.4248856416308753,1.6462563276290894,0.9652963280677795,1.228172779083252,-0.0017763500911086028,0.06015659567856779,5.814696034448804
1776515375.1599374,0.5645096324728224,0.17639595282360637,0.5689732381020896,0.23791740420022692,0.9652963280677795,2.2226576065156993,1.4248856416308753,1.6462563276290894,0.9652963280677795,1.228172779083252,-0.004579591323016274,0.056942598058874694,5.810024493825098
1776515375.209804,0.565817741357027,0.17189732511447675,0.5769087976967479,0.22801736468752157,0.9652963280677795,2.2226576065156993,1.4248856416308753,1.6462563276290894,0.9652963280677795,1.228172779083252,-0.00770889441332806,0.0533080789953827,5.80530484000149
1776515375.2620168,0.576894027893634,0.14939469728119914,0.5772655231152722,0.2175010839964519,0.9591400027275085,2.2222154331802773,1.4189770907833152,1.6758737564086914,0.9591400027275085,1.2398505210876465,-0.00770889441332806,0.0533080789953827,5.80530484000149
1776515375.3109906,0.5771870822206503,0.14147886852746167,0.5949355611139572,0.21134145828747405,0.9591400027275085,2.2222154331802773,1.4189770907833152,1.6758737564086914,0.9591400027275085,1.2398505210876465,-0.013124977665300963,0.046896061222473695,5.795635525595162
1776515375.3598726,0.5844386143309434,0.18037866986329976,0.5946086799506064,0.20281510599103741,0.9591400027275085,2.2222154331802773,1.4189770907833152,1.6758737564086914,0.9591400027275085,1.2398505210876465,-0.01616786080999999,0.043209620255153625,5.790715990376164
1776515375.4100356,0.5934221887266777,0.12151294325310234,0.5950203223561418,0.1756530322511311,0.9682539105415344,2.2203008214926743,1.4125360274006484,1.6850509643554688,0.9682539105415344,1.227553129196167,-0.01859319281655486,0.04023634558453548,5.785694252402943
1776515375.4657137,0.590687147922816,0.08235226005701354,0.5989109017921965,0.1672936910390892,0.9682539105415344,2.2203008214926743,1.4125360274006484,1.6850509643554688,0.9682539105415344,1.227553129196167,-0.016709801544707414,-0.094683768258087,5.7806650613681265
1776515375.5135312,0.5839533413481665,0.004756871642916675,0.6001664218431992,0.11802174132943012,0.9635414481163025,2.220149495334784,1.4107503745614762,1.680341362953186,0.9635414481163025,1.2377663850784302,-0.01749447338323773,-0.09556974661419959,5.775689854279508
1776515375.563683,0.5868141097398192,-0.02473834265097857,0.5985911142683443,0.12861955858702429,0.9635414481163025,2.220149495334784,1.4107503745614762,1.680341362953186,0.9635414481163025,1.2377663850784302,-0.017438049278298562,-0.09550719386060103,5.7707337259315805
1776515375.6237211,0.5864357782395546,-0.006701339450583954,0.5995826882552926,0.1288086918898036,0.9635414481163025,2.220149495334784,1.4107503745614762,1.680341362953186,0.9635414481163025,1.2377663850784302,-0.017451952917818037,-0.09552764060872543,5.76580481032201
1776515375.6598372,0.5864357782395546,-0.006701339450583954,0.599764036573803,0.1287647424075605,0.9591853022575378,2.212689956176292,1.3998497458017019,1.6799201965332031,0.9591853022575378,1.2356340885162354,-0.017451952917818037,-0.09552764060872543,5.76580481032201
1776515375.7120907,0.579556965157877,-0.023523385012348432,0.5986208700250775,0.13324050082863526,0.9591853022575378,2.212689956176292,1.3998497458017019,1.6799201965332031,0.9591853022575378,1.2356340885162354,-0.01733535343044057,-0.09538844354417109,5.760927759166702
1776515375.7593608,0.5714695944289312,-0.029677731459314648,0.5937160688846524,0.13395204405120692,0.9591853022575378,2.212689956176292,1.3998497458017019,1.6799201965332031,0.9591853022575378,1.2356340885162354,-0.01716336176522365,-0.09518873023336039,5.756144598818265
1776515375.8126302,0.5717735903451725,-0.07897381355530014,0.5901087312397955,0.13498767728213532,0.9647787809371948,2.210048668699944,1.3969069148412332,1.6743991374969482,0.9647787809371948,1.2386049032211304,-0.01639577008471582,-0.09426639180568608,5.751404706097258
1776515375.859759,0.5779147150523762,-0.020512046624604423,0.5945010275806438,0.13924943072575074,0.9647787809371948,2.210048668699944,1.3969069148412332,1.6743991374969482,0.9647787809371948,1.2386049032211304,-0.015845728034277806,-0.09360194844823777,5.746666692489796
1776515375.9118726,0.5808722171772941,0.04025093570172675,0.5979495072634152,0.13839601607844232,0.9720249176025391,2.2059802125715526,1.3914286839936783,1.6689815521240234,0.9720249176025391,1.240647554397583,-0.01603342704637406,-0.09383587182432462,5.741925119165192
1776515375.970209,0.5858663492965047,0.04875119323598389,0.5994820078052691,0.1372052409936196,0.9720249176025391,2.2059802125715526,1.3914286839936783,1.6689815521240234,0.9720249176025391,1.240647554397583,-0.02637252342438101,-0.09491970927010152,5.737132276848794
1776515376.0097897,0.59550444503424,0.1073866474085974,0.6090514375202245,0.10059202548111335,0.9674693942070007,2.2022855093807783,1.3842762119527205,1.6722067594528198,0.9674693942070007,1.2419242858886719,-0.028079690192359175,-0.09685197290341097,5.73227719902982
1776515376.0626552,0.5969318114681863,0.09820233463714563,0.6106159559251791,0.0987887921638371,0.9674693942070007,2.2022855093807783,1.3842762119527205,1.6722067594528198,0.9674693942070007,1.2419242858886719,-0.03011978063731846,-0.09918687997762299,5.727393049253242
1776515376.1097217,0.6006197227320633,0.11265985153233636,0.6125361940491557,0.09087111516596191,0.9674693942070007,2.2022855093807783,1.3842762119527205,1.6722067594528198,0.9674693942070007,1.2419242858886719,-0.03470764605372911,-0.10454726471917142,5.71753061800878
1776515376.1589072,0.6102532461101055,0.08037972921653433,0.6128033831957733,0.08326515010243885,0.9691402912139893,2.200979155153174,1.3777526512334808,1.6567753553390503,0.9691402912139893,1.249193787574768,-0.03655806992356436,-0.10675032900852799,5.712572903184988
1776515376.2136335,0.6102532461101055,0.08037972921653433,0.6199090924640523,0.08809432650229786,0.9691402912139893,2.200979155153174,1.3777526512334808,1.6567753553390503,0.9691402912139893,1.249193787574768,-0.03655806992356436,-0.10675032900852799,5.712572903184988
1776515376.2597382,0.6126185025620142,0.044182128779627065,0.6202908470291778,0.08440183961065854,0.9833084344863892,2.1986372717875886,1.3733988014779333,1.6804618835449219,0.9833084344863892,1.2423479557037354,-0.03766099847849819,-0.10808607098035761,5.707534025358816
1776515376.3106966,0.6184382211415985,0.027912437892305058,0.6250464738212873,0.05880802859264363,0.9833084344863892,2.1986372717875886,1.3733988014779333,1.6804618835449219,0.9833084344863892,1.2423479557037354,-0.03836553141134896,-0.10896268709520829,5.7024761306198695
1776515376.3597388,0.6233368640573451,0.04485483177028241,0.6257442335667665,0.024455440742783607,0.9833084344863892,2.1986372717875886,1.3733988014779333,1.6804618835449219,0.9833084344863892,1.2423479557037354,-0.0511445430108054,-0.11109848889461982,5.692333609387239
1776515376.410254,0.6233368640573451,0.04485483177028241,0.6269069599595452,0.020907289617631997,0.9820838570594788,2.19611875890693,1.3667087746718576,1.6592063903808594,0.9820838570594788,1.2495514154434204,-0.0511445430108054,-0.11109848889461982,5.692333609387239
1776515376.4598277,0.6231528511971267,0.027284219401142663,0.6277432539173179,0.036309739981857464,0.9820838570594788,2.19611875890693,1.3667087746718576,1.6592063903808594,0.9820838570594788,1.2495514154434204,-0.05200723562519949,-0.11208276824441077,5.687267200594985
1776515376.509841,0.6233021752001968,0.038915605004668924,0.6270108214470862,0.033501186167088665,0.9820838570594788,2.19611875890693,1.3667087746718576,1.6592063903808594,0.9820838570594788,1.2495514154434204,-0.05265870158700797,-0.1128381264058611,5.682195669066804
1776515376.5594306,0.6233021752001968,0.038915605004668924,0.6272947260041684,0.03131496038568063,0.9784787893295288,2.191446895405278,1.3600232169564233,1.6673816442489624,0.9784787893295288,1.240822672843933,-0.05265870158700797,-0.1128381264058611,5.682195669066804
1776515376.611052,0.6260312661761719,0.03339955685725914,0.6248214182101162,0.0236041998824984,0.9784787893295288,2.191446895405278,1.3600232169564233,1.6673816442489624,0.9784787893295288,1.240822672843933,-0.05358763887429363,-0.11392805801742012,5.677139014317446
1776515376.659947,0.6273187650733062,0.01845643172661542,0.6248214182101162,0.0236041998824984,0.9784787893295288,2.191446895405278,1.3600232169564233,1.6673816442489624,0.9784787893295288,1.240822672843933,-0.054158745616772586,-0.11461319374678436,5.672071546617216
1776515376.709734,0.6244516886375363,0.01293440469490512,0.6251320534064599,0.02170033955308373,0.9893699288368225,2.1873073030356234,1.352176498007779,1.6719419956207275,0.9893699288368225,1.256264090538025,-0.054600816946173136,-0.11515229124418969,5.667038728789736
1776515376.7600002,0.6244519662709686,0.00980765014566374,0.63480360827594,0.023863374467917947,0.9893699288368225,2.1873073030356234,1.352176498007779,1.6719419956207275,0.9893699288368225,1.256264090538025,-0.0542406261125003,-0.11426162343408874,5.663929977963684
1776515376.8097208,0.6232625832453672,-0.002607948242720907,0.63480360827594,0.023863374467917947,0.9893699288368225,2.1873073030356234,1.352176498007779,1.6719419956207275,0.9893699288368225,1.256264090538025,-0.05349740534216868,-0.11266858432126636,5.661632340781112
1776515376.860718,0.6232625832453672,-0.002607948242720907,0.6337338304691725,0.026744452946389857,0.9893699288368225,2.1873073030356234,1.352176498007779,1.6719419956207275,0.9893699288368225,1.256264090538025,-0.05349740534216868,-0.11266858432126636,5.661632340781112
1776515376.9148326,0.6085363989415947,-0.006086205095163681,0.6337338304691725,0.026744452946389857,0.9931284189224243,2.1847140147220636,1.3475137248368783,1.6556544303894043,0.9931284189224243,1.253143310546875,-0.06496541991462501,0.4893092148726197,5.656869836973306
1776515376.9602318,0.6085363989415947,-0.006086205095163681,0.6013078825599655,0.24141432996023077,0.9931284189224243,2.1847140147220636,1.3475137248368783,1.6556544303894043,0.9931284189224243,1.253143310546875,-0.06496541991462501,0.4893092148726197,5.656869836973306
1776515377.0097227,0.6156497668903759,-0.02376857184693625,0.6053494040387496,0.2416767057497105,0.9931284189224243,2.1847140147220636,1.3475137248368783,1.6556544303894043,0.9931284189224243,1.253143310546875,-0.06483471537020413,0.48946813159908065,5.652020178005337
1776515377.06235,0.6079020871083111,-0.02466733486308497,0.6003231121637599,0.24265541612840985,1.0043635368347168,2.180914847747139,1.3419807796162295,1.6399210691452026,1.0043635368347168,1.257775902748108,-0.06463544024273365,0.48969435251961,5.647213477826445
1776515377.109915,0.608296067828317,0.0025175022812281185,0.6020864802681728,0.24393011948190424,1.0043635368347168,2.180914847747139,1.3419807796162295,1.6399210691452026,1.0043635368347168,1.257775902748108,-0.06453825506247707,0.48979930817725525,5.642474496136804
1776515377.1597052,0.617695768593124,0.04598404711635952,0.6100805854219898,0.2413162730372545,1.0043635368347168,2.180914847747139,1.3419807796162295,1.6399210691452026,1.0043635368347168,1.257775902748108,-0.06527692877283531,0.48893062880573535,5.6376778897374304
1776515377.2097082,0.6175030588382395,0.10735345053721428,0.6075423303545467,0.24085484768777995,1.0000388622283936,2.176771087518563,1.3349093190691663,1.6406136751174927,1.0000388622283936,1.255011796951294,-0.06791010213793819,0.4857616796068014,5.628080601746553
1776515377.261998,0.6114246274410552,0.12869960972267852,0.6095469874932182,0.23532132403745393,1.0000388622283936,2.176771087518563,1.3349093190691663,1.6406136751174927,1.0000388622283936,1.255011796951294,-0.06991407585697695,0.4833004181723002,5.623315016323416
1776515377.3137846,0.6114246274410552,0.12869960972267852,0.6059746968217665,0.22873420058309174,1.0161609649658203,2.177276301009031,1.3314330714073457,1.6346102952957153,1.0161609649658203,1.263931393623352,-0.06991407585697695,0.4833004181723002,5.623315016323416
1776515377.36285,0.6100376512561883,0.14981865290076066,0.6120590753189138,0.22575072356635437,1.0161609649658203,2.177276301009031,1.3314330714073457,1.6346102952957153,1.0161609649658203,1.263931393623352,-0.027812000666251335,0.5947313309673827,5.618548342679229
1776515377.4099228,0.6104384006082362,0.1563567625126441,0.6140894597653426,0.38280417874935985,1.0161609649658203,2.177276301009031,1.3314330714073457,1.6346102952957153,1.0161609649658203,1.263931393623352,-0.030757658534536436,0.5913656165860902,5.613773184385802
1776515377.4597285,0.610221917888422,0.15638163163109542,0.6090965214308386,0.3752888874855437,1.0162403583526611,2.1737033241220804,1.3227175776551954,1.6254780292510986,1.0162403583526611,1.2587254047393799,-0.03368716045963116,0.5879713082177787,5.608984476822901
1776515377.512722,0.6138520082167894,0.2235839403999819,0.6128168114308449,0.3630092033458936,1.0162403583526611,2.1737033241220804,1.3227175776551954,1.6254780292510986,1.0162403583526611,1.2587254047393799,-0.037261504583265215,0.5837764187775578,5.604133922494595
1776515377.5597346,0.6131977650333619,0.2538845279380332,0.6132085394133715,0.36296130018949746,1.0254751443862915,2.1761209375873745,1.3206841993318683,1.629677653312683,1.0254751443862915,1.2633625268936157,-0.041312452626558194,0.5789527706730364,5.599263241381644
1776515377.6098282,0.6025576208353355,0.23932125595545573,0.6093287567937632,0.33227108484980394,1.0254751443862915,2.1761209375873745,1.3206841993318683,1.629677653312683,1.0254751443862915,1.2633625268936157,-0.04523178802847605,0.5742388069531285,5.594413144765201
1776515377.6604636,0.6004127532221939,0.23674667947255396,0.6074644858093488,0.3195890307549546,1.0254751443862915,2.1761209375873745,1.3206841993318683,1.629677653312683,1.0254751443862915,1.2633625268936157,-0.04901600113480453,0.5696339242494873,5.589571875284385
1776515377.7119534,0.5999771268565375,0.2395782297227151,0.6190752280617151,0.45985210926616643,1.0313541889190674,2.176670142062608,1.3152662311475012,1.6378164291381836,1.0313541889190674,1.268847107887268,0.000808236594427747,0.5650342997757767,5.584716801905253
1776515377.7600892,0.6014068836688709,0.2550954776437738,0.6199337387044584,0.44564048295102576,1.0313541889190674,2.176670142062608,1.3152662311475012,1.6378164291381836,1.0313541889190674,1.268847107887268,-0.003417916807938015,0.5602230671155497,5.579834752003387
1776515377.8178756,0.60735889456854,0.291171403907975,0.6199337387044584,0.44564048295102576,1.0313541889190674,2.176670142062608,1.3152662311475012,1.6378164291381836,1.0313541889190674,1.268847107887268,-0.008010712184647828,0.5549100308133306,5.5748966023170325
1776515377.8597474,0.6165239731145987,0.33324518056292596,0.6273116267882416,0.4376698213287542,1.0284627676010132,2.1759755962100105,1.3074176450886643,1.6398706436157227,1.0284627676010132,1.2740001678466797,-0.013215249788291528,0.548794270490278,5.569850379286222
1776515377.9098456,0.6135786280622528,0.36653730035794524,0.6337458544499248,0.4197654457969944,1.0284627676010132,2.1759755962100105,1.3074176450886643,1.6398706436157227,1.0284627676010132,1.2740001678466797,-0.019077867469426912,0.5417977004423475,5.564735536913986
1776515377.9598694,0.6322422238107974,0.34697461375043964,0.6321215138015067,0.4000566404521094,1.030676245689392,2.1806767210708955,1.3059766007673204,1.6534438133239746,1.030676245689392,1.2679942846298218,-0.02487602890466234,0.5347680923716349,5.55946886618123
1776515378.0127199,0.6381884144332061,0.332064087433823,0.641130767454107,0.37090813580997717,1.030676245689392,2.1806767210708955,1.3059766007673204,1.6534438133239746,1.030676245689392,1.2679942846298218,-0.0301884830691585,0.5282229584189297,5.554061659737659
1776515378.059623,0.6419499932271433,0.3629041656301615,0.6439706434663387,0.3527689014269074,1.034576654434204,2.187695813995065,1.309834694649662,1.6549428701400757,1.034576654434204,1.2745648622512817,0.014139812598541301,0.5213665460308461,5.54856736582736
1776515378.1097157,0.6425376058044783,0.3778515414672142,0.6570432348518621,0.4787421355335823,1.034576654434204,2.187695813995065,1.309834694649662,1.6549428701400757,1.034576654434204,1.2745648622512817,0.007856747812389875,0.5141579760441091,5.543016164851352
1776515378.1624439,0.6381286069951968,0.36990865869816103,0.6571380392116961,0.4576533681171892,1.034576654434204,2.187695813995065,1.309834694649662,1.6549428701400757,1.034576654434204,1.2745648622512817,0.001543444535810734,0.5068173136944651,5.537406996823577
1776515378.2098348,0.636751765525512,0.35201416942218433,0.6534169127892682,0.43665623311220125,1.0540685653686523,2.2094100471120757,1.3672877320796981,1.6848573684692383,1.0540685653686523,1.2825994491577148,-0.004413411741315876,0.49982631113076526,5.531742390308765
1776515378.2635128,0.6419307622773198,0.33525254187682935,0.6621890695794055,0.3794083680344847,1.0540685653686523,2.2094100471120757,1.3672877320796981,1.6848573684692383,1.0540685653686523,1.2825994491577148,-0.010006242043448355,0.4931683568393255,5.5260145334930835
1776515378.314037,0.652375053037589,0.3189930768005647,0.6644504233355861,0.3604478559058258,1.0540685653686523,2.2094100471120757,1.3672877320796981,1.6848573684692383,1.0540685653686523,1.2825994491577148,-0.015193729603398931,0.48689707085480904,5.52016476006387
1776515378.3601403,0.652375053037589,0.3189930768005647,0.6701404209974531,0.34262633751635246,1.0540685653686523,2.2094100471120757,1.3672877320796981,1.6848573684692383,1.0540685653686523,1.2825994491577148,-0.015193729603398931,0.48689707085480904,5.52016476006387
1776515378.4117765,0.6656417729456747,0.24549146776125588,0.6677040720223658,0.32834318696065246,1.0406298637390137,2.2303326603001077,1.4361582650842026,1.6915208101272583,1.0406298637390137,1.2808650732040405,-0.01929773543408747,0.48183582373769673,5.51412672216978
1776515378.461958,0.6690527702029881,0.22495106138465815,0.6737759460412339,0.3141767821817625,1.0406298637390137,2.2303326603001077,1.4361582650842026,1.6915208101272583,1.0406298637390137,1.2808650732040405,0.02314788820489272,0.47743026553028867,5.508025359247814
1776515378.509612,0.6747031689991086,0.2176582701751808,0.6810308731760301,0.43486524101567514,1.0554615259170532,2.237646355329014,1.4569509148661088,1.681423306465149,1.0554615259170532,1.2844669818878174,0.01931065858765313,0.4730290454973385,5.5018472832026415
1776515378.562462,0.6747031689991086,0.2176582701751808,0.6856798866183536,0.4102695336670955,1.0554615259170532,2.237646355329014,1.4569509148661088,1.681423306465149,1.0554615259170532,1.2844669818878174,0.01931065858765313,0.4730290454973385,5.5018472832026415
1776515378.609809,0.6802548354265961,0.29891373853682573,0.6909019970839442,0.39484814463658924,1.0554615259170532,2.237646355329014,1.4569509148661088,1.681423306465149,1.0554615259170532,1.2844669818878174,0.014827682755734206,0.46778507501969324,5.495556129911759
1776515378.6624599,0.6804962066895489,0.36053020959193344,0.6909019970839442,0.39484814463658924,1.0554615259170532,2.237646355329014,1.4569509148661088,1.681423306465149,1.0554615259170532,1.2844669818878174,0.008882527881491575,0.46075669226218974,5.489236587691157
1776515378.709822,0.6914758098908327,0.2992754571055705,0.7039097120185185,0.33511551973634146,1.0653793811798096,2.256599618923212,1.5158823462328732,1.7191373109817505,1.0653793811798096,1.2843682765960693,0.003572556307374908,0.45437288606694737,5.4828037634241165
1776515378.7598665,0.6927391333026071,0.2880110355169678,0.7033155517239984,0.3018140221852807,1.0653793811798096,2.256599618923212,1.5158823462328732,1.7191373109817505,1.0653793811798096,1.2843682765960693,-0.00098964043211075,0.4487810183439167,5.476284666392972
1776515378.8094077,0.6980091712273437,0.19613035596648873,0.7094405247091201,0.4135254620311388,1.0774568319320679,2.2700580313291736,1.5523049393760242,1.7219808101654053,1.0774568319320679,1.2850728034973145,0.03833018036597158,0.4442284312663416,5.4696370724460985
1776515378.8647866,0.6896206890075645,0.1585285596021664,0.708723002528036,0.39312797720667403,1.0774568319320679,2.2700580313291736,1.5523049393760242,1.7219808101654053,1.0774568319320679,1.2850728034973145,0.032708260254321,0.4377792976574886,5.456446625578669
1776515378.9126155,0.6886916019449993,0.14123155087563802,0.703727182201825,0.3746039838534385,1.0811569690704346,2.2734785757055995,1.5649329415498316,1.7409403324127197,1.0811569690704346,1.2910081148147583,0.030365354486570406,0.4350271839452382,5.449867144446409
1776515378.9627645,0.68539032804757,0.13243123721461286,0.7095445173903578,0.35699941120666057,1.0811569690704346,2.2734785757055995,1.5649329415498316,1.7409403324127197,1.0811569690704346,1.2910081148147583,0.028184492782253656,0.43242473658809555,5.4433211657769345
1776515379.010791,0.68539032804757,0.13243123721461286,0.7069052343514763,0.34982802799795804,1.0811569690704346,2.2734785757055995,1.5649329415498316,1.7409403324127197,1.0811569690704346,1.2910081148147583,0.028184492782253656,0.43242473658809555,5.4433211657769345
1776515379.063835,0.6930852007958757,0.12219307239850524,0.7100802605382187,0.3236388032221765,1.096744179725647,2.2759518575933,1.5771971402100258,1.742310643196106,1.096744179725647,1.2858811616897583,0.026428460412386445,0.43029245634156643,5.4367272538124
1776515379.1098776,0.7036314012396087,0.20461479792565007,0.7100802605382187,0.3236388032221765,1.096744179725647,2.2759518575933,1.5771971402100258,1.742310643196106,1.096744179725647,1.2858811616897583,0.02384019773154611,0.42709788273457927,5.4300661133281265
1776515379.1604552,0.7122077976296949,0.22209857700733743,0.7187198997764717,0.31434206245270185,1.096744179725647,2.2759518575933,1.5771971402100258,1.742310643196106,1.096744179725647,1.2858811616897583,0.06148877856762236,0.42285023512917075,5.423255742928323
1776515379.2128255,0.706716809939628,0.25197420149056776,0.7381927180166471,0.4089086892984046,1.1037720441818237,2.286263684008984,1.6109677243438472,1.7516703605651855,1.1037720441818237,1.2966949939727783,0.05745947149747854,0.4182464906078227,5.4164274389194045
1776515379.263971,0.7268788682756104,0.3364365098468204,0.7349970278717,0.3955763202943372,1.1037720441818237,2.286263684008984,1.6109677243438472,1.7516703605651855,1.1037720441818237,1.2966949939727783,0.052476338668197064,0.41244752339718427,5.409511034225157
1776515379.3098586,0.7268788682756104,0.3364365098468204,0.7496119698665463,0.37796019255130364,1.1037720441818237,2.286263684008984,1.6109677243438472,1.7516703605651855,1.1037720441818237,1.2966949939727783,0.052476338668197064,0.41244752339718427,5.409511034225157
1776515379.3641536,0.7381887976523732,0.32114174289800373,0.7558360764264783,0.35924921089365414,1.1037720441818237,2.286263684008984,1.6109677243438472,1.7516703605651855,1.1037720441818237,1.2966949939727783,0.047013923148757575,0.4060000916374742,5.402335754819398
1776515379.4128323,0.7381887976523732,0.32114174289800373,0.7558360764264783,0.35924921089365414,1.111409068107605,2.2969352237390877,1.6386376042598283,1.7475497722625732,1.111409068107605,1.2994788885116577,0.047013923148757575,0.4060000916374742,5.402335754819398
1776515379.4679387,0.7490342817538054,0.2585045663356146,0.7569644196195627,0.3487187502301199,1.111409068107605,2.2969352237390877,1.6386376042598283,1.7475497722625732,1.111409068107605,1.2994788885116577,0.04260630880678351,0.4007018448025643,5.395020510420704
1776515379.5096843,0.7523456967220893,0.22670981603164725,0.7625604046714258,0.3212499239533687,1.1153665781021118,2.2867337682531677,1.6047055429814296,1.7430846691131592,1.1153665781021118,1.3085092306137085,0.03894174951188267,0.396210708660256,5.387621209266365
1776515379.560703,0.7534133785389084,0.21725311965169422,0.7682968118350807,0.3362144661249447,1.1153665781021118,2.2867337682531677,1.6047055429814296,1.7430846691131592,1.1153665781021118,1.3085092306137085,0.07381093252323034,0.39204660704881555,5.380188970100909
1776515379.610841,0.7614906728194929,0.20885740566754726,0.7733309350742709,0.4351993748132461,1.1153665781021118,2.2867337682531677,1.6047055429814296,1.7430846691131592,1.1153665781021118,1.3085092306137085,0.07039848485233963,0.38816533580061297,5.372671785027352
1776515379.6628723,0.7694293612429042,0.230093300508897,0.7778589938352939,0.4235517316607737,1.1256637573242188,2.2768897510699713,1.5721585025324119,1.7666743993759155,1.1256637573242188,1.3126425743103027,0.06683228763833884,0.3840425942598549,5.365064362311281
1776515379.7096403,0.757702992004651,0.3309332482019409,0.7912789830767337,0.40743097509390586,1.1256637573242188,2.2768897510699713,1.5721585025324119,1.7666743993759155,1.1256637573242188,1.3126425743103027,0.06182481366974746,0.37814344879516626,5.3575056421776726
1776515379.7637498,0.7758929269276136,0.33016627414043476,0.7858868042520069,0.39080856690050614,1.1256637573242188,2.2768897510699713,1.5721585025324119,1.7666743993759155,1.1256637573242188,1.3126425743103027,0.05649488809006001,0.3717572843447292,5.349729740145549
1776515379.8098767,0.7904675152663946,0.2676130375655404,0.796917817031441,0.3722291207710874,1.1376497745513916,2.273714995075441,1.5554190258068183,1.7613279819488525,1.1376497745513916,1.3152140378952026,0.05183041395070609,0.3660706570123322,5.341782040041083
1776515379.8616793,0.792139538872313,0.3115222869583397,0.8,0.3560749275979314,1.1376497745513916,2.273714995075441,1.5554190258068183,1.7613279819488525,1.1376497745513916,1.3152140378952026,0.08240174398875272,0.36025030341973374,5.333723790051358
1776515379.9096794,0.7995456674082236,0.29180658362625006,0.8,0.4418373915367139,1.1376497745513916,2.273714995075441,1.5554190258068183,1.7613279819488525,1.1376497745513916,1.3152140378952026,0.07706811014743972,0.35421085354008786,5.325602425263201
1776515379.9627109,0.7912836138294966,0.2934673123339078,0.8,0.423820472605152,1.145317554473877,2.2623154694674525,1.519328982280195,1.7656642198562622,1.145317554473877,1.3193751573562622,0.07222132108383078,0.3486124471361849,5.317450170785569
1776515380.0098386,0.7927257501631759,0.2555239676715591,0.8,0.41408645914623066,1.145317554473877,2.2623154694674525,1.519328982280195,1.7656642198562622,1.145317554473877,1.3193751573562622,0.06780298678269378,0.3434323213624908,5.309289751999201
1776515380.0637114,0.7949339904584038,0.24865112920963622,0.8,0.3993174630739474,1.1643764972686768,2.251378419992551,1.484835408428145,1.7874301671981812,1.1643764972686768,1.332623839378357,0.0638341371539648,0.33867888692796466,5.301077116392968
1776515380.1128247,0.8005730569911959,0.27151826562755665,0.8,0.3824211694746792,1.1643764972686768,2.251378419992551,1.484835408428145,1.7874301671981812,1.1643764972686768,1.332623839378357,0.059776035342750194,0.33373187664896586,5.292793106661394
1776515380.1598344,0.801393853780216,0.2656514727802883,0.8,0.3684947610793873,1.1643764972686768,2.251378419992551,1.484835408428145,1.7874301671981812,1.1643764972686768,1.332623839378357,0.08783958376536205,0.32851538679484626,5.284434377548242
1776515380.209798,0.801393853780216,0.2656514727802883,0.8,0.4600944068510349,1.1620965003967285,2.243514601110199,1.4542518678312224,1.7849957942962646,1.1620965003967285,1.3330721855163574,0.08783958376536205,0.32851538679484626,5.284434377548242
1776515380.2607555,0.8019375816156754,0.2554106727001509,0.8,0.44526152620282033,1.1620965003967285,2.243514601110199,1.4542518678312224,1.7849957942962646,1.1620965003967285,1.3330721855163574,0.08338960797066819,0.3234799540364188,5.276037165315235
1776515380.310816,0.8038919611957186,0.3090688671773406,0.8,0.427475027735096,1.177106261253357,2.2338423457661785,1.42171878181288,1.792606234550476,1.177106261253357,1.3398078680038452,0.07290267440590656,0.3112929058826508,5.259091301650184
1776515380.363715,0.7988242249293919,0.31214971149355186,0.8,0.4100113882544116,1.177106261253357,2.2338423457661785,1.42171878181288,1.792606234550476,1.177106261253357,1.3398078680038452,0.06781500998776119,0.30521899864404456,5.250568225902897
1776515380.4138272,0.7886741592044648,0.2877319369172216,0.8,0.39308502403807954,1.177106261253357,2.2338423457661785,1.42171878181288,1.792606234550476,1.177106261253357,1.3398078680038452,0.06298178364402954,0.29935745844580275,5.242072851014123
1776515380.459802,0.7886741592044648,0.2877319369172216,0.8,0.3772255425913548,1.1870825290679932,2.231950565469585,1.4107977946964652,1.804207682609558,1.1870825290679932,1.3479266166687012,0.06298178364402954,0.29935745844580275,5.242072851014123
1776515380.5097797,0.7875016184495535,0.2807389663074993,0.8,0.35900645293957745,1.1870825290679932,2.231950565469585,1.4107977946964652,1.804207682609558,1.1870825290679932,1.3479266166687012,0.05843244067512959,0.2937358961386136,5.2335971208571985
1776515380.5648375,0.7902043752469459,0.2829191205952605,0.8,0.35900645293957745,1.1870825290679932,2.231950565469585,1.4107977946964652,1.804207682609558,1.1870825290679932,1.3479266166687012,0.0824269595170784,0.28816363081588237,5.225065446036741
1776515380.612708,0.7945199478156305,0.30321535145135825,0.8,0.42595127934937593,1.201555848121643,2.222468159686185,1.3792030221279052,1.8275716304779053,1.201555848121643,1.3488565683364868,0.07737078339620412,0.28237853311194927,5.216448076470299
1776515380.6600823,0.7945199478156305,0.30321535145135825,0.8,0.3994413975505723,1.201555848121643,2.222468159686185,1.3792030221279052,1.8275716304779053,1.201555848121643,1.3488565683364868,0.07737078339620412,0.28237853311194927,5.216448076470299
1776515380.7103775,0.7968797278467554,0.32725252800781135,0.8,0.380791174473593,1.201555848121643,2.222468159686185,1.3792030221279052,1.8275716304779053,1.201555848121643,1.3488565683364868,0.07184798263323322,0.2759253050124988,5.207759326721792
1776515380.7618845,0.7939304657887987,0.31725828824982866,0.8,0.3624450191546863,1.207959532737732,2.2220393380668844,1.3699906576441407,1.849808931350708,1.207959532737732,1.350780963897705,0.06102428444384009,0.26294018328901503,5.190249019911544
1776515380.8147254,0.7939304657887987,0.31725828824982866,0.8,0.33609509968026485,1.207959532737732,2.2220393380668844,1.3699906576441407,1.849808931350708,1.207959532737732,1.350780963897705,0.06102428444384009,0.26294018328901503,5.190249019911544
1776515380.8628232,0.7975367863985727,0.32420595748491265,0.8,0.33609509968026485,1.207959532737732,2.2220393380668844,1.3699906576441407,1.849808931350708,1.207959532737732,1.350780963897705,0.05588670150324743,0.2565947600603262,5.181395602894577
1776515380.9117236,0.8021649350128902,0.3215126236576174,0.8,0.37297461534682425,1.2077274322509766,2.2186360408816483,1.356826558358621,1.8638215065002441,1.2077274322509766,1.3520102500915527,0.07563295333885542,0.2502528394179393,5.172463013402483
1776515380.9596646,0.7896541004306108,0.26997071851015203,0.8,0.3732734743496223,1.2077274322509766,2.2186360408816483,1.356826558358621,1.8638215065002441,1.2077274322509766,1.3520102500915527,0.0654604153028214,0.23852611298583049,5.154554398350005
1776515381.009879,0.7896541004306108,0.26997071851015203,0.8,0.33952779744476,1.206423282623291,2.2167822434657376,1.3471787511717066,1.8807600736618042,1.206423282623291,1.3654770851135254,0.0654604153028214,0.23852611298583049,5.154554398350005
1776515381.0600548,0.7942168276613855,0.2841301668871729,0.8,0.3302976400341351,1.206423282623291,2.2167822434657376,1.3471787511717066,1.8807600736618042,1.206423282623291,1.3654770851135254,0.055963700222881274,0.22719232391397215,5.1365211546941145
1776515381.1098146,0.7944212357951075,0.276965142402522,0.8,0.3143792962923406,1.2253342866897583,2.2150886056601835,1.3371245546105763,1.8872520923614502,1.2253342866897583,1.359965443611145,0.05140207476486186,0.22158876980480602,5.127427215686405
1776515381.1596444,0.7947425017119049,0.26272368067554885,0.8,0.2817286029332733,1.2253342866897583,2.2150886056601835,1.3371245546105763,1.8872520923614502,1.2253342866897583,1.359965443611145,0.06858102020697482,0.21623201290983185,5.1182940103199694
1776515381.2178319,0.7947425017119049,0.26272368067554885,0.8,0.3292165822130735,1.2253342866897583,2.2150886056601835,1.3371245546105763,1.8872520923614502,1.2253342866897583,1.359965443611145,0.06858102020697482,0.21623201290983185,5.1182940103199694
1776515381.259779,0.7956850498635737,0.23727958984892591,0.8,0.31477926304074105,1.2260518074035645,2.2074705129635763,1.3105585824829489,1.8978818655014038,1.2260518074035645,1.377158284187317,0.06424356749883017,0.21130463680535216,5.1091200244230635
1776515381.3110774,0.7966868156352945,0.26124183692835024,0.8,0.32996785793519745,1.2260518074035645,2.2074705129635763,1.3105585824829489,1.8978818655014038,1.2260518074035645,1.377158284187317,0.05977859792448072,0.20613583888718945,5.099899638392278
1776515381.3607123,0.7966868156352945,0.26124183692835024,0.8,0.31494617329257774,1.2260518074035645,2.2074705129635763,1.3105585824829489,1.8978818655014038,1.2260518074035645,1.377158284187317,0.05977859792448072,0.20613583888718945,5.099899638392278
1776515381.4097593,0.7947034303547316,0.27419446078207416,0.8,0.2995047290181658,1.2260518074035645,2.2074705129635763,1.3105585824829489,1.8978818655014038,1.2260518074035645,1.377158284187317,0.055159896356931734,0.2006999327331953,5.090648635056854
1776515381.4623787,0.7952040173874132,0.26742914092708703,0.8,0.2995047290181658,1.2313687801361084,2.1982270832088235,1.2812555387756384,1.8932920694351196,1.2313687801361084,1.3838142156600952,0.0505627219487705,0.19518056068459266,5.08136968132211
1776515381.5097473,0.7952040173874132,0.26742914092708703,0.8,0.2949073506979639,1.2313687801361084,2.1982270832088235,1.2812555387756384,1.8932920694351196,1.2313687801361084,1.3838142156600952,0.0505627219487705,0.19518056068459266,5.08136968132211
1776515381.5596852,0.787139908761108,0.23528232095758614,0.8,0.2974074706915546,1.2313687801361084,2.1982270832088235,1.2812555387756384,1.8932920694351196,1.2313687801361084,1.3838142156600952,0.06651230555922806,0.24277735856795357,5.064824264749463
1776515381.6097214,0.7939180365399078,0.203591088529622,0.8,0.3607985539107922,1.2369084358215332,2.1946168504965513,1.2712096544082068,1.9036110639572144,1.2369084358215332,1.3756903409957886,0.06225428268792088,0.23795314188275296,5.0555208306006305
1776515381.675725,0.7897836051432392,0.23059802211577696,0.8,0.33595606458484095,1.2369084358215332,2.1946168504965513,1.2712096544082068,1.9036110639572144,1.2369084358215332,1.3756903409957886,0.05813179048984543,0.23320844275898955,5.046220780411185
1776515381.7097063,0.7934519585830511,0.22676653376592543,0.8,0.3222723941163398,1.2369084358215332,2.1946168504965513,1.2712096544082068,1.9036110639572144,1.2369084358215332,1.3756903409957886,0.05396729848817061,0.22833205873277218,5.0368534966306155
1776515381.7627063,0.7960934241401771,0.23817863820133453,0.8,0.32658899580227624,1.2399061918258667,2.1872411271579613,1.244732825513196,1.9001625776290894,1.2399061918258667,1.3925820589065552,0.04966589513190804,0.22320799562761073,5.0274195932381485
1776515381.810698,0.7962946327986412,0.24130769581657582,0.8,0.3120300425919942,1.2399061918258667,2.1872411271579613,1.244732825513196,1.9001625776290894,1.2399061918258667,1.3925820589065552,0.04548644824584798,0.21813055772737977,5.017943308878712
1776515381.859859,0.799378916927426,0.20549882475197648,0.8,0.3074928593886696,1.2482942342758179,2.179574957718792,1.218529400711923,1.890165090560913,1.2482942342758179,1.399078607559204,0.0418380665247272,0.21361284447391293,5.008398693722529
1776515381.910056,0.7997364025818489,0.20545519488881198,0.8,0.2951616522445658,1.2482942342758179,2.179574957718792,1.218529400711923,1.890165090560913,1.2482942342758179,1.399078607559204,0.05926339899314012,0.5525901345221815,4.998843265465056
1776515381.9624658,0.7997364025818489,0.20545519488881198,0.8,0.4835228114980652,1.2482942342758179,2.179574957718792,1.218529400711923,1.890165090560913,1.2482942342758179,1.399078607559204,0.05926339899314012,0.5525901345221815,4.998843265465056
1776515382.0126958,0.7980301849476377,0.17708935034781983,0.8,0.4835228114980652,1.2423171997070312,2.170910118356223,1.1906246626144474,1.913756251335144,1.2423171997070312,1.3986519575119019,0.05569612582324694,0.5485141201681047,4.9892460428135434
1776515382.0598414,0.7980301849476377,0.17708935034781983,0.8,0.47602606309382733,1.2423171997070312,2.170910118356223,1.1906246626144474,1.913756251335144,1.2423171997070312,1.3986519575119019,0.05569612582324694,0.5485141201681047,4.9892460428135434
1776515382.1109633,0.7861021508365754,0.19307141636261443,0.8,0.47602606309382733,1.2423171997070312,2.170910118356223,1.1906246626144474,1.913756251335144,1.2423171997070312,1.3986519575119019,0.05207541012541325,0.5442137463902508,4.979803408073952
1776515382.1608343,0.7734791962327853,0.13837503610179702,0.8,0.46427687208900886,1.2423171997070312,2.170910118356223,1.1906246626144474,1.913756251335144,1.2423171997070312,1.3986519575119019,0.04910240191657332,0.5406623752373838,4.970423317969121
1776515382.20981,0.7734791962327853,0.13837503610179702,0.8,0.45489280422624073,1.2423171997070312,2.170910118356223,1.1906246626144474,1.913756251335144,1.2423171997070312,1.3986519575119019,0.04910240191657332,0.5406623752373838,4.970423317969121
1776515382.2607415,0.763651229107015,0.10287336844391512,0.8,0.45489280422624073,1.2483820915222168,2.1611782112792066,1.1618325569499743,1.9067364931106567,1.2483820915222168,1.4059101343154907,0.046812995038634814,0.5378906982995171,4.961202280194728
1776515382.3098667,0.763651229107015,0.10287336844391512,0.8,0.45890461232457136,1.2483820915222168,2.1611782112792066,1.1618325569499743,1.9067364931106567,1.2483820915222168,1.4059101343154907,0.046812995038634814,0.5378906982995171,4.961202280194728
1776515382.359731,0.7599863765585582,0.045445540845691815,0.8,0.45890461232457136,1.2483820915222168,2.1611782112792066,1.1618325569499743,1.9067364931106567,1.2483820915222168,1.4059101343154907,0.04530496087490887,0.5360338350344607,4.951998699032509
1776515382.415372,0.7526300231091622,-0.0114062339288663,0.8,0.45412420920264185,1.2553465366363525,2.1405020505603436,1.093939629518347,1.9072184562683105,1.2553465366363525,1.4265493154525757,0.09569673839323498,0.5352638233493638,4.942882728486791
1776515382.4599104,0.7482124409829397,-0.055905874477358605,0.8,0.6286013183655287,1.2553465366363525,2.1405020505603436,1.093939629518347,1.9072184562683105,1.2553465366363525,1.4265493154525757,0.09596684551860316,0.5355737568630383,4.933864113802648
1776515382.5097425,0.7338032203558315,0.0007135223208825147,0.8,0.629830733341654,1.2553465366363525,2.1405020505603436,1.093939629518347,1.9072184562683105,1.2553465366363525,1.4265493154525757,0.09575366671907577,0.5353223122142508,4.925049376116531
1776515382.5596979,0.7348579051898304,-0.021177812345284416,0.8,0.6295542757356477,1.2622044086456299,2.1297890508097703,1.0636028709034486,1.8894219398498535,1.2622044086456299,1.4344831705093384,0.09583570512073518,0.5354186885717789,4.916273805496188
1776515382.609714,0.7348579051898304,-0.021177812345284416,0.8,0.6452694351883217,1.2622044086456299,2.1297890508097703,1.0636028709034486,1.8894219398498535,1.2622044086456299,1.4344831705093384,0.09583570512073518,0.5354186885717789,4.916273805496188
1776515382.659893,0.7309427499279951,-0.034778922680748704,0.8,0.6465773019759826,1.2622044086456299,2.1297890508097703,1.0636028709034486,1.8894219398498535,1.2622044086456299,1.4344831705093384,0.09615385096956094,0.5358081773717391,4.907546551975971
1776515382.7127147,0.7325546359427498,-0.03033710106322437,0.8,0.6465773019759826,1.26259183883667,2.1283774287694035,1.058076812285233,1.8886181116104126,1.26259183883667,1.4307407140731812,0.09650298387813311,0.5362383629167662,4.8988837214010115
1776515382.7637734,0.7372085911473619,-0.01761454429360532,0.8,0.6470297551591686,1.26259183883667,2.1283774287694035,1.058076812285233,1.8886181116104126,1.26259183883667,1.4307407140731812,0.14787404783642027,0.53654954034607,4.890222774514466
1776515382.809764,0.7632233539008981,0.042047703325738234,0.8,0.7928318853598906,1.26259183883667,2.1283774287694035,1.058076812285233,1.8886181116104126,1.26259183883667,1.4307407140731812,0.147442850426778,0.5360358325524486,4.881439524351847
1776515382.8590808,0.7639053262432142,0.16564638248384775,0.8,0.7928318853598906,1.270725131034851,2.129340336677876,1.0574178494233144,1.8861135244369507,1.270725131034851,1.432984709739685,0.14533102490133123,0.5335541605488812,4.8723837523794495
1776515382.912746,0.7340280433747532,0.20462582788431555,0.8,0.7820391009509777,1.270725131034851,2.129340336677876,1.0574178494233144,1.8861135244369507,1.270725131034851,1.432984709739685,0.14141649167969403,0.528884651054969,4.863646188124207
1776515382.9598916,0.7457291020025719,0.2087528452039525,0.8,0.7698737534867326,1.2726969718933105,2.1282633388626917,1.0519491396265093,1.8753018379211426,1.2726969718933105,1.4408918619155884,0.1380832138208654,0.5248114043678476,4.854913864850751
1776515383.0511088,0.7678830803622895,0.4353578565906564,0.8,0.767684483339097,1.2726969718933105,2.1282633388626917,1.0519491396265093,1.8753018379211426,1.2726969718933105,1.4408918619155884,0.132485045862617,0.5178491720225207,4.84591605964837
1776515383.1816711,0.7678830803622895,0.4353578565906564,0.8,0.767684483339097,1.2726969718933105,2.1282633388626917,1.0519491396265093,1.8753018379211426,1.2726969718933105,1.4408918619155884,0.132485045862617,0.5178491720225207,4.84591605964837
1776515383.214943,0.7678830803622895,0.4353578565906564,0.8,0.767684483339097,1.2726969718933105,2.1282633388626917,1.0519491396265093,1.8753018379211426,1.2726969718933105,1.4408918619155884,0.132485045862617,0.5178491720225207,4.84591605964837
1776515383.2873995,0.7865691001977679,0.6183524798894247,0.8,0.7474281454164727,1.2726969718933105,2.1282633388626917,1.0519491396265093,1.8753018379211426,1.2726969718933105,1.4408918619155884,0.1718836096920081,0.5063686078834502,4.836530588700553
1776515383.3159795,0.7865691001977679,0.6183524798894247,0.8,0.7463303302581054,1.2726969718933105,2.1282633388626917,1.0519491396265093,1.8753018379211426,1.2726969718933105,1.4408918619155884,0.1718836096920081,0.5063686078834502,4.836530588700553
1776515383.369142,0.7865691001977679,0.6183524798894247,0.8,0.7463303302581054,1.2726969718933105,2.1282633388626917,1.0519491396265093,1.8753018379211426,1.2726969718933105,1.4408918619155884,0.1718836096920081,0.5063686078834502,4.836530588700553
1776515383.4096746,0.7794809686164065,0.5597940781126917,0.8,0.8554390379221948,1.2726969718933105,2.1282633388626917,1.0519491396265093,1.8753018379211426,1.2726969718933105,1.4408918619155884,0.16164030119265335,0.49454345011852374,4.82706074198603
1776515383.4628568,0.7794809686164065,0.5597940781126917,0.8,0.832589177585563,1.2612777948379517,2.125208189044144,1.0432829161936517,1.8906108140945435,1.2612777948379517,1.4488238096237183,0.16164030119265335,0.49454345011852374,4.82706074198603
1776515383.515725,0.7821303263585074,0.46460896337105906,0.8,0.832589177585563,1.2612777948379517,2.125208189044144,1.0432829161936517,1.8906108140945435,1.2612777948379517,1.4488238096237183,0.15285757818064966,0.48423551902946205,4.817492146637596
1776515383.560716,0.7820811713198296,0.42088271770899854,0.8,0.8032361958355565,1.2649699449539185,2.1243955588362815,1.0381098870608103,1.9061176776885986,1.2649699449539185,1.4498388767242432,0.14530735133046396,0.4752152621663188,4.807878393184556
1776515383.6144736,0.8177506659389386,0.42434279174626827,0.8,0.7470981300318501,1.2649699449539185,2.1243955588362815,1.0381098870608103,1.9061176776885986,1.2649699449539185,1.4498388767242432,0.13091126773729683,0.45756996377132597,4.787853430650415
1776515383.659482,0.8177506659389386,0.42434279174626827,0.8,0.7219751010885499,1.2649699449539185,2.1243955588362815,1.0381098870608103,1.9061176776885986,1.2649699449539185,1.4498388767242432,0.13091126773729683,0.45756996377132597,4.787853430650415
1776515383.7140815,0.8233141013570293,0.34885260562675385,0.8,0.8202104543977039,1.266983985900879,2.123598168229307,1.0335726375903473,1.9232114553451538,1.266983985900879,1.4500811100006104,0.1681520220104813,0.44971804025352435,4.777525789118875
1776515383.758943,0.8259989164575496,0.3123374636506141,0.8,0.8202104543977039,1.266983985900879,2.123598168229307,1.0335726375903473,1.9232114553451538,1.266983985900879,1.4500811100006104,0.16225278816921393,0.4429242909805482,4.767071179293666
1776515383.809649,0.8355569312328338,0.3604206421680137,0.8,0.8004778493486711,1.2647868394851685,2.119701544958392,1.0262160476128905,1.8943829536437988,1.2647868394851685,1.4528554677963257,0.15589835263141705,0.43547169598190205,4.756408969331563
1776515383.8596928,0.8278384981431149,0.35891601590456257,0.8,0.7946357151829921,1.2647868394851685,2.119701544958392,1.0262160476128905,1.8943829536437988,1.2647868394851685,1.4528554677963257,0.15110015527448334,0.435174982951815,4.7556833953941275
1776515383.9098043,0.8161891076829296,0.3305854496199734,0.8,0.7809496082686335,1.2647868394851685,2.119701544958392,1.0262160476128905,1.8943829536437988,1.2647868394851685,1.4528554677963257,0.144870998657458,0.4277766049033558,4.745093489421229
1776515383.9590003,0.7979405271920239,0.2642403376646993,0.8,0.7605121771542281,1.255866527557373,2.1248040312864953,1.0357581602087034,1.8243138790130615,1.255866527557373,1.461383581161499,0.1399649815702645,0.42183411997549025,4.7346824775517815
1776515384.0100005,0.7979405271920239,0.2642403376646993,0.8,0.7805323718997557,1.255866527557373,2.1248040312864953,1.0357581602087034,1.8243138790130615,1.255866527557373,1.461383581161499,0.1399649815702645,0.42183411997549025,4.7346824775517815
1776515384.060054,0.7882270073137839,0.28742124884713494,0.8,0.7655990940090758,1.255866527557373,2.1248040312864953,1.0357581602087034,1.8243138790130615,1.255866527557373,1.461383581161499,0.13545199297771804,0.4162610505901594,4.724421015138238
1776515384.10972,0.8000992875536574,0.35967145874821893,0.8,0.8616784575965607,1.2598731517791748,2.123299149867013,1.0307917309105314,1.7970244884490967,1.2598731517791748,1.4768118858337402,0.16987712200709817,0.40948048129649384,4.714108657709657
1776515384.1612744,0.8165637023647864,0.4072605537587106,0.8,0.8802477691637096,1.2598731517791748,2.123299149867013,1.0307917309105314,1.7970244884490967,1.2598731517791748,1.4768118858337402,0.16262868642028241,0.4011819355425652,4.703468753248719
1776515384.2118554,0.8330868363655388,0.41358280483373316,0.8,0.8553194618562338,1.2598731517791748,2.123299149867013,1.0307917309105314,1.7970244884490967,1.2598731517791748,1.4768118858337402,0.15504469950247243,0.39234443442633404,4.6925418406427335
1776515384.2608223,0.8330868363655388,0.41358280483373316,0.8,0.82930010488754,1.2513372898101807,2.131775450309485,1.0520945630422558,1.7622140645980835,1.2513372898101807,1.4807943105697632,0.15504469950247243,0.39234443442633404,4.6925418406427335
1776515384.3096945,0.8350017708193426,0.34282177266770697,0.8,0.8235777640823214,1.2513372898101807,2.131775450309485,1.0520945630422558,1.7622140645980835,1.2513372898101807,1.4807943105697632,0.14857653321056538,0.3846704212251224,4.681515439780298
1776515384.359773,0.840462295650446,0.28173113683660583,0.8,0.8235777640823214,1.2513372898101807,2.131775450309485,1.0520945630422558,1.7622140645980835,1.2513372898101807,1.4807943105697632,0.1431957898625636,0.3781662255888194,4.670355791664651
1776515384.4098988,0.840462295650446,0.28173113683660583,0.8,0.8054230580258261,1.2513372898101807,2.131775450309485,1.0520945630422558,1.7622140645980835,1.2513372898101807,1.4807943105697632,0.1431957898625636,0.3781662255888194,4.670355791664651
1776515384.4628413,0.8443158251205427,0.24915582755967677,0.8,0.7901079870506046,1.2377878427505493,2.1311699856661956,1.0489041290831578,1.7254676818847656,1.2377878427505493,1.4955627918243408,0.1386707662824851,0.37259191295732585,4.659081273942848
1776515384.5097566,0.8315827615159026,0.23304331843370288,0.8,0.8248550401719397,1.2377878427505493,2.1311699856661956,1.0489041290831578,1.7254676818847656,1.2377878427505493,1.4955627918243408,0.1704854746799374,0.36742715464159326,4.6478285267579365
1776515384.559723,0.8135282963670252,0.2380405186356449,0.8,0.9014158550156264,1.2377878427505493,2.1311699856661956,1.0489041290831578,1.7254676818847656,1.2377878427505493,1.4955627918243408,0.16617950091649722,0.3624801475726762,4.636768886693456
1776515384.6188533,0.8025409507718172,0.2631440394922284,0.8,0.8985235018921107,1.23661208152771,2.1274640820403543,1.0399241121024974,1.7052441835403442,1.23661208152771,1.497351884841919,0.16163021149953735,0.3571675573804982,4.625887354352074
1776515384.6628454,0.8129624272814789,0.35206914027863273,0.8,0.8800216276409237,1.23661208152771,2.1274640820403543,1.0399241121024974,1.7052441835403442,1.23661208152771,1.497351884841919,0.1562919715733603,0.35081542425578593,4.614981661567
1776515384.7096996,0.8274529130652027,0.4259665570149324,0.8,0.8557088303001957,1.2310091257095337,2.130768316195697,1.0482929301617245,1.6508381366729736,1.2310091257095337,1.5045855045318604,0.14927785267109245,0.34233668606759204,4.603762766661197
1776515384.7605755,0.8284559976963197,0.4043436310679377,0.8,0.8823012556666318,1.2310091257095337,2.130768316195697,1.0482929301617245,1.6508381366729736,1.2310091257095337,1.5045855045318604,0.14233141952280068,0.3337828436810888,4.5924289775534834
1776515384.8132348,0.8318127500255517,0.38376746040273196,0.8,0.8588604178274434,1.2310091257095337,2.130768316195697,1.0482929301617245,1.6508381366729736,1.2310091257095337,1.5045855045318604,0.13580616037056978,0.32559001393385545,4.5809874815013565
1776515384.8709886,0.8223587198504404,0.43785495676382463,0.8,0.8366964379621311,1.2331843376159668,2.138117756367171,1.065164266719819,1.6202985048294067,1.2331843376159668,1.51404869556427,0.16052981480210074,0.31729333737596455,4.5695229382336295
1776515384.9106824,0.8223587198504404,0.43785495676382463,0.8,0.9160330288780929,1.2331843376159668,2.138117756367171,1.065164266719819,1.6202985048294067,1.2331843376159668,1.51404869556427,0.16052981480210074,0.31729333737596455,4.5695229382336295
1776515384.959781,0.8202091074326407,0.40804130627913093,0.8,0.8918237516411959,1.2331843376159668,2.138117756367171,1.065164266719819,1.6202985048294067,1.2331843376159668,1.51404869556427,0.15325592325265977,0.3088474730575814,4.558056338485744
1776515385.0137324,0.8063398895401457,0.4734802839411162,0.8,0.8918237516411959,1.2205537557601929,2.1407663794604854,1.0695181468372743,1.5929844379425049,1.2205537557601929,1.5291928052902222,0.14597110470425362,0.3002050069473059,4.546638057380025
1776515385.0657427,0.77169063001653,0.5382189247339341,0.8,0.8964536020016228,1.2205537557601929,2.1407663794604854,1.0695181468372743,1.5929844379425049,1.2205537557601929,1.5291928052902222,0.1375704137060971,0.29009739895689246,4.53554045125793
1776515385.1105006,0.77169063001653,0.5382189247339341,0.8,0.8692512430766277,1.2205537557601929,2.1407663794604854,1.0695181468372743,1.5929844379425049,1.2205537557601929,1.5291928052902222,0.1375704137060971,0.29009739895689246,4.53554045125793
1776515385.1596158,0.764650448963368,0.5498105746680166,0.8,0.8692512430766277,1.2205537557601929,2.1407663794604854,1.0695181468372743,1.5929844379425049,1.2205537557601929,1.5291928052902222,0.12849986640622482,0.2790171176539624,4.524697035796922
1776515385.2102904,0.764650448963368,0.5498105746680166,0.8,0.8388565980298192,1.2205537557601929,2.1407663794604854,1.0695181468372743,1.5929844379425049,1.2205537557601929,1.5291928052902222,0.12849986640622482,0.2790171176539624,4.524697035796922
1776515385.2648494,0.764650448963368,0.5498105746680166,0.8,0.8388565980298192,1.2205537557601929,2.1407663794604854,1.0695181468372743,1.5929844379425049,1.2205537557601929,1.5291928052902222,0.12849986640622482,0.2790171176539624,4.524697035796922
1776515385.31373,0.7708493687172197,0.5420723596853303,0.8,0.8388565980298192,1.2151745557785034,2.151553884134813,1.089652196894869,1.5354065895080566,1.2151745557785034,1.544011116027832,0.11956433373327142,0.2678869633147922,4.513620832294575
1776515385.3599055,0.7738145066273403,0.5512494469058357,0.8,0.8383206200743643,1.2151745557785034,2.151553884134813,1.089652196894869,1.5354065895080566,1.2151745557785034,1.544011116027832,0.13631286089880412,0.25690945590437253,4.502413414454248
1776515385.413407,0.785293967486485,0.6709200755149113,0.8,0.8821423396069986,1.2151745557785034,2.151553884134813,1.089652196894869,1.5354065895080566,1.2151745557785034,1.544011116027832,0.12570264076232207,0.244725006094908,4.491029557762233
1776515385.4598365,0.7863825903849088,0.666942428877549,0.8,-0.25065219884912426,1.2015173435211182,2.1661569390663056,1.117791359799677,1.4871779680252075,1.2015173435211182,1.5519939661026,0.113914969160159,0.23099193964261766,4.479429093286402
1776515385.5107954,0.7863825903849088,0.666942428877549,0.8,-0.2864466806647471,1.2015173435211182,2.1661569390663056,1.117791359799677,1.4871779680252075,1.2015173435211182,1.5519939661026,0.113914969160159,0.23099193964261766,4.479429093286402
1776515385.559721,0.788258299195258,0.5785619749427204,0.8,-0.23530435426607393,1.2015173435211182,2.1661569390663056,1.117791359799677,1.4871779680252075,1.2015173435211182,1.5519939661026,0.10347576851660914,0.21862014629933757,4.467715918115369
1776515385.611721,0.7854303240687236,0.46167724008313965,0.8,-0.23007372735104653,1.1880605220794678,2.177989585326845,1.139639992725829,1.437756896018982,1.1880605220794678,1.5688754320144653,0.0946909934912995,0.20803055905715317,4.455907190350988
1776515385.659773,0.7794885991329423,0.35422747272926836,0.8,-0.23007372735104653,1.1880605220794678,2.177989585326845,1.139639992725829,1.437756896018982,1.1880605220794678,1.5688754320144653,0.08788773825365068,0.19968092129824733,4.444065590483328
1776515385.7098117,0.7794885991329423,0.35422747272926836,0.8,-0.25226600740273464,1.1880605220794678,2.177989585326845,1.139639992725829,1.437756896018982,1.1880605220794678,1.5688754320144653,0.08788773825365068,0.19968092129824733,4.444065590483328
1776515385.759832,0.7700564386084404,0.2863108584463384,0.8,-0.25226600740273464,1.1740187406539917,2.1802616649816478,1.143662567451402,1.4046319723129272,1.1740187406539917,1.5744017362594604,0.10208015401181919,0.14695583511882493,4.432366195895301
1776515385.8093576,0.7700564386084404,0.2863108584463384,0.8,-0.2428346824273656,1.1740187406539917,2.1802616649816478,1.143662567451402,1.4046319723129272,1.1740187406539917,1.5744017362594604,0.10208015401181919,0.14695583511882493,4.432366195895301
1776515385.8600385,0.7589149641447097,0.24147374134574642,0.8,-0.2558385509582954,1.1740187406539917,2.1802616649816478,1.143662567451402,1.4046319723129272,1.1740187406539917,1.5744017362594604,0.0975062908460613,0.1417741384723057,4.420765205873916
1776515385.9127262,0.7486008205754454,0.1906498722074452,0.8,-0.19324127627247167,1.1740187406539917,2.1802616649816478,1.143662567451402,1.4046319723129272,1.1740187406539917,1.5744017362594604,0.09384602287134822,0.13755979228230286,4.4093094581031
1776515385.960068,0.7503881875119068,0.1689440005394088,0.8,-0.19324127627247167,1.167496681213379,2.1725120520172685,1.132531174901973,1.3814165592193604,1.167496681213379,1.585214614868164,0.09071025408139644,0.13388766726681456,4.397866938460782
1776515386.0104191,0.7576301009761822,0.16089246244685532,0.8,-0.18044376283012975,1.167496681213379,2.1725120520172685,1.132531174901973,1.3814165592193604,1.167496681213379,1.585214614868164,0.09375862838073382,0.13561881849128388,4.395370077936109
1776515386.060755,0.7612579199532266,0.14291668147827083,0.8,-0.17127418803527011,1.167496681213379,2.1725120520172685,1.132531174901973,1.3814165592193604,1.167496681213379,1.585214614868164,0.09670725675102554,0.13764996256037598,4.392447256394302
1776515386.1100378,0.7653774830507154,0.12747997016347765,0.8,-0.16213036684338633,1.1560598611831665,2.166181482174791,1.1249891563898722,1.368272304534912,1.1560598611831665,1.59184730052948,0.094264597048345,0.1347087418528159,4.380825600169112
1776515386.1636214,0.7703298610461039,0.08987277522373306,0.8,-0.1508255035154556,1.1560598611831665,2.166181482174791,1.1249891563898722,1.368272304534912,1.1560598611831665,1.59184730052948,0.09219273695328054,0.1321643298192141,4.369133223076223
1776515386.2097282,0.7703298610461039,0.08987277522373306,0.8,-0.1576837876508964,1.1560598611831665,2.166181482174791,1.1249891563898722,1.368272304534912,1.1560598611831665,1.59184730052948,0.09219273695328054,0.1321643298192141,4.369133223076223
1776515386.2653244,0.7787265662973069,0.01928299929136904,0.8,-0.15639702665688626,1.144165277481079,2.1572358910404454,1.11592067125801,1.3677411079406738,1.144165277481079,1.582882285118103,0.10276447712988798,-2.2500685518993246,4.357331458630275
1776515386.3094418,0.7811424119305022,-0.0792257996951455,0.8,-0.08499075077975266,1.144165277481079,2.1572358910404454,1.11592067125801,1.3677411079406738,1.144165277481079,1.582882285118103,0.1028105267354128,-2.2500111667293217,4.345491838223812
1776515386.360228,0.7811424119305022,-0.0792257996951455,0.8,-0.08193688890518419,1.134125828742981,2.141922933761992,1.094485612453913,1.3623899221420288,1.134125828742981,1.607404351234436,0.10371232499611133,-2.248959372134134,4.333663476736443
1776515386.409728,0.7899970702448226,-0.08293156024848528,0.8,-0.05151806170786058,1.134125828742981,2.141922933761992,1.094485612453913,1.3623899221420288,1.134125828742981,1.607404351234436,0.10480749252108548,-2.2476606563253005,4.321804944380664
1776515386.4604075,0.8034211309317388,-0.08778802928670813,0.8,-0.04475519627053626,1.134125828742981,2.141922933761992,1.094485612453913,1.3623899221420288,1.134125828742981,1.607404351234436,0.1059299733790327,-2.246296460160531,4.309766142160081
1776515386.5097442,0.8092863475869229,-0.10478668313377539,0.8,-0.02239123363090023,1.1178282499313354,2.1236564978529855,1.065552506465707,1.3720510005950928,1.1178282499313354,1.6111737489700317,0.10719533088835217,-2.244726613154949,4.297644582438311
1776515386.5602448,0.8117713894096693,-0.12274424258907848,0.8,-0.01689925803511072,1.1178282499313354,2.1236564978529855,1.065552506465707,1.3720510005950928,1.1178282499313354,1.6111737489700317,-0.2386729107607251,0.2559800106649224,4.285502648235796
1776515386.609911,0.812785244792683,-0.10140761863637036,0.8,0.061841616520924625,1.1154401302337646,2.10762768735718,1.0392400939083417,1.3964600563049316,1.1154401302337646,1.619307279586792,-0.21166805015121348,0.2579419214907428,4.273389026203174
1776515386.6607943,0.8021426265850231,-0.03870024999835427,0.8,0.069951024220237,1.1154401302337646,2.10762768735718,1.0392400939083417,1.3964600563049316,1.1154401302337646,1.619307279586792,-0.2106815734890227,0.25910983581576863,4.261399053604989
1776515386.7112992,0.8005814172005948,0.026832812848431874,0.8,0.06914977535627773,1.1154401302337646,2.10762768735718,1.0392400939083417,1.3964600563049316,1.1154401302337646,1.619307279586792,-0.21091338700097417,0.25882859425105087,4.249490813640856
1776515386.762826,0.7980644137313393,0.018703147379979496,0.8,0.06710793964953203,1.0951907634735107,2.095886791557432,1.024505191066059,1.403780221939087,1.0951907634735107,1.609627604484558,-0.21157220050113945,0.2580194890998835,4.237668768713974
1776515386.8134425,0.7932247157526949,-0.02874041219399297,0.8,0.07653317297964723,1.0951907634735107,2.095886791557432,1.024505191066059,1.403780221939087,1.0951907634735107,1.609627604484558,-0.21170449983569586,0.25784890961052365,4.2259378882525445
1776515386.8667138,0.7958148116724939,-0.049947107579242735,0.8,0.0764458409959592,1.0951907634735107,2.095886791557432,1.024505191066059,1.403780221939087,1.0951907634735107,1.609627604484558,-0.21132996155800532,0.25832555963228687,4.214252154596911
1776515386.9097137,0.7958148116724939,-0.049947107579242735,0.8,0.07775757088758196,1.0892140865325928,2.0835053413472275,1.0056011209173739,1.426761269569397,1.0892140865325928,1.6088300943374634,-0.21132996155800532,0.25832555963228687,4.214252154596911
1776515386.962845,0.7858262288434503,-0.04076275598398823,0.8,0.07769419264387899,1.0892140865325928,2.0835053413472275,1.0056011209173739,1.426761269569397,1.0892140865325928,1.6088300943374634,-0.18532884086457688,0.2588594599500058,4.2026110796928275
1776515387.0107336,0.7827909168336628,-0.038754277859063116,0.8,0.1533748267729737,1.0892140865325928,2.0835053413472275,1.0056011209173739,1.426761269569397,1.0892140865325928,1.6088300943374634,-0.184907990935429,0.25935164984771153,4.191148732725112
1776515387.0596993,0.7854255334352396,-0.018011465860148772,0.8,0.15497135546279944,1.0777125358581543,2.082419369862545,1.0118416201861267,1.4583531618118286,1.0777125358581543,1.6167250871658325,-0.18456756574013555,0.25974674317407787,4.17973918986473
1776515387.1120765,0.7854255334352396,-0.018011465860148772,0.8,0.15603651615033687,1.0777125358581543,2.082419369862545,1.0118416201861267,1.4583531618118286,1.0777125358581543,1.6167250871658325,-0.18456756574013555,0.25974674317407787,4.17973918986473
1776515387.1596158,0.797440400028665,0.11933988269243212,0.8,0.15039014725205252,1.0777125358581543,2.082419369862545,1.0118416201861267,1.4583531618118286,1.0777125358581543,1.6167250871658325,-0.18816378972045988,0.2552760911427734,4.156533959132189
1776515387.213723,0.797440400028665,0.11933988269243212,0.8,0.1432413812762954,1.0777125358581543,2.082419369862545,1.0118416201861267,1.4583531618118286,1.0777125358581543,1.6167250871658325,-0.18816378972045988,0.2552760911427734,4.156533959132189
1776515387.2638292,0.7989428220318122,0.10223631105125795,0.8,0.1432413812762954,1.067307710647583,2.0814872683473036,1.0177983578996836,1.4692455530166626,1.067307710647583,1.6200841665267944,-0.16506291553984387,0.25282595375185046,4.144907695291899
1776515387.3098278,0.8024965820856362,0.06225037790201625,0.8,0.21282212211623197,1.067307710647583,2.0814872683473036,1.0177983578996836,1.4692455530166626,1.067307710647583,1.6200841665267944,-0.16666825921916228,0.2509652815845167,4.13324473851875
1776515387.3597205,0.8044797201649979,0.07579364774489682,0.8,0.20747712461852724,1.0634087324142456,2.082637646262233,1.0289793332845116,1.5288840532302856,1.0634087324142456,1.618725299835205,-0.16812802488720396,0.2492466427810771,4.121515330230847
1776515387.41104,0.7977913189042588,0.05652934798737812,0.8,0.17894042866930637,1.0634087324142456,2.082637646262233,1.0289793332845116,1.5288840532302856,1.0634087324142456,1.618725299835205,-0.1694419937888685,0.2476682128928509,4.109866780558324
1776515387.4590993,0.7944340556478785,0.03387476637700398,0.8,0.17223786893811976,1.0634087324142456,2.082637646262233,1.0289793332845116,1.5288840532302856,1.0634087324142456,1.618725299835205,-0.17029278817292168,0.24662106374363835,4.098304117185836
1776515387.5163488,0.788937634742563,0.10884751633711502,0.8,0.11830469185505747,1.0485576391220093,2.078585133962781,1.031838442987603,1.711251139640808,1.0485576391220093,1.6234376430511475,-0.17173327156938065,0.24480776271935012,4.086832338731148
1776515387.5600812,0.7925682458164781,0.10692490626490102,0.8,0.11336126109463504,1.0485576391220093,2.078585133962781,1.031838442987603,1.711251139640808,1.0485576391220093,1.6234376430511475,-0.14938692799602965,0.2426529133143227,4.075372477751658
1776515387.6098444,0.7978085746102961,0.09236586060645138,0.8,0.17127413831927307,1.032273530960083,2.080856535414873,1.0451606296384544,1.9085700511932373,1.032273530960083,1.6195975542068481,-0.15108763835293204,0.24067803360763174,4.063824002372485
1776515387.6629045,0.7978764012641838,0.088140019774764,0.8,0.10487562229781143,1.032273530960083,2.080856535414873,1.0451606296384544,1.9085700511932373,1.032273530960083,1.6195975542068481,-0.15261119434975648,0.23887488392634326,4.052266549389707
1776515387.7100163,0.7968966537662082,0.13946472757089814,0.8,0.09982227540524738,1.020710825920105,2.083196485185932,1.0612911031298657,1.9063581228256226,1.020710825920105,1.6240142583847046,-0.15473011306805015,0.23631642016508003,4.040725039169509
1776515387.7656412,0.7993673736518893,0.06666362761351725,0.8,0.09494633193427637,1.020710825920105,2.083196485185932,1.0612911031298657,1.9063581228256226,1.020710825920105,1.6240142583847046,-0.1562085808782327,0.2344995096667979,4.0291573474901385
1776515387.8108459,0.7992816244039285,0.0642382003422485,0.8,0.09145991152147938,1.020710825920105,2.083196485185932,1.0612911031298657,1.9063581228256226,1.020710825920105,1.6240142583847046,-0.15726038354794075,0.23317903333138856,4.01760277578857
1776515387.8597355,0.7952896579639656,0.03039302434574784,0.8,0.15554158131178544,1.0011038780212402,2.0816219333803954,1.0723656959735186,1.8690019845962524,1.0011038780212402,1.617196798324585,-0.13502335007541616,0.23218884999288725,4.0060915014594105
1776515387.9108999,0.7912616477134162,0.0007991998459417517,0.8,0.175297072650283,1.0011038780212402,2.0816219333803954,1.0723656959735186,1.8690019845962524,1.0011038780212402,1.617196798324585,-0.1352321741726552,0.23194545344633655,3.9946704515349407
1776515387.9597344,0.7896679426669736,-0.003581394505519053,0.8,0.17488613831565614,1.0011038780212402,2.0816219333803954,1.0723656959735186,1.8690019845962524,1.0011038780212402,1.617196798324585,-0.13519150778596312,0.23199290025869512,3.9833212031573275
1776515388.0097265,0.7860273296329345,0.0587908885178692,0.8,0.1827117087462852,0.9942626953125,2.0838913932980265,1.088030545124229,1.8535529375076294,0.9942626953125,1.620227575302124,-0.13554855395123536,0.2315612365855455,3.9720526679288097
1776515388.0597675,0.7964895731514299,0.13593731616814494,0.8,0.17501651067524132,0.9942626953125,2.0838913932980265,1.088030545124229,1.8535529375076294,0.9942626953125,1.620227575302124,-0.13733978328361185,0.22935011202386013,3.9607038876813854
1776515388.1105723,0.796922980575184,0.14415099056649494,0.8,0.1671912805699974,0.9877927303314209,2.0881261829421214,1.1094226422830609,1.8390580415725708,0.9877927303314209,1.6177922487258911,-0.1396562453488209,0.22644813677304088,3.949304653921543
1776515388.1597486,0.7995977105071616,0.11994402379926734,0.8,0.16878369144675368,0.9877927303314209,2.0881261829421214,1.1094226422830609,1.8390580415725708,0.9877927303314209,1.6177922487258911,-0.11946538897502054,0.2238763607734895,3.937874975794415
1776515388.2104304,0.799770931859066,0.11684831046204817,0.8,0.22605404218411193,0.9877927303314209,2.0881261829421214,1.1094226422830609,1.8390580415725708,0.9877927303314209,1.6177922487258911,-0.12148349459292031,0.22153510771612073,3.9264388108568085
1776515388.259918,0.8003276984368999,0.15863476302681997,0.8,0.21935442218798124,0.9789050221443176,2.09267799199234,1.1334472650743477,1.8300786018371582,0.9789050221443176,1.6069718599319458,-0.12407710582435288,0.21846979641476683,3.9150014539500395
1776515388.3098457,0.7969011493233314,0.13533687580739423,0.8,0.20557041796357212,0.9789050221443176,2.09267799199234,1.1334472650743477,1.8300786018371582,0.9789050221443176,1.6069718599319458,-0.12646811882943074,0.21558568970240732,3.9035821244608746
1776515388.3597267,0.7954551540619718,0.1176889051122616,0.8,0.19774939792817864,0.9789050221443176,2.09267799199234,1.1334472650743477,1.8300786018371582,0.9789050221443176,1.6069718599319458,-0.1284838321932928,0.21310544421475974,3.8921909316677845
1776515388.4174938,0.7956330462376698,0.11333398728792207,0.8,0.2009031757038122,0.9675843715667725,2.099170504511781,1.1607544923282391,1.8066033124923706,0.9675843715667725,1.6088992357254028,-0.10934570975265374,0.3422070134452304,3.8808212068654653
1776515388.4591208,0.797926647930467,0.13719986826700936,0.8,0.30878713655362056,0.9675843715667725,2.099170504511781,1.1607544923282391,1.8066033124923706,0.9675843715667725,1.6088992357254028,-0.11151695192860421,0.3397316544887241,3.8694437683153415
1776515388.5110822,0.797926647930467,0.13719986826700936,0.8,0.3014513588543078,0.9675843715667725,2.099170504511781,1.1607544923282391,1.8066033124923706,0.9675843715667725,1.6088992357254028,-0.11151695192860421,0.3397316544887241,3.8694437683153415
1776515388.5618463,0.7834005350219732,0.08809376978946687,0.8,0.3014513588543078,0.9637024402618408,2.103338418130407,1.1878301721514506,1.8039735555648804,0.9637024402618408,1.5889748334884644,-0.11344762570601462,0.33750037569888613,3.858156345105241
1776515388.6097176,0.7902640649996028,0.08401340125148594,0.8,0.2772038238709286,0.9637024402618408,2.103338418130407,1.1878301721514506,1.8039735555648804,0.9637024402618408,1.5889748334884644,-0.11492322343953533,0.33575695521186466,3.8469326222015146
1776515388.659771,0.7953649294443457,0.2049163751815602,0.8,0.2720754172521994,0.9534604549407959,2.110590689718227,1.2208024769832344,1.7814759016036987,0.9534604549407959,1.595968246459961,-0.11718974371337634,0.33301069287525586,3.835661915027183
1776515388.7097135,0.7955851267209338,0.2180695440583465,0.8,0.2617375901589203,0.9534604549407959,2.110590689718227,1.2208024769832344,1.7814759016036987,0.9534604549407959,1.595968246459961,-0.12083011439827508,0.32855157071884444,3.8243110791795494
1776515388.7599244,0.7950858756869893,0.2109000768625134,0.8,0.2617375901589203,0.9534604549407959,2.110590689718227,1.2208024769832344,1.7814759016036987,0.9534604549407959,1.595968246459961,-0.0928564548525179,0.5794886992466268,3.812951526595377
1776515388.810003,0.7973649571799992,0.16289993688349855,0.8,0.45053202911132306,0.9333186745643616,2.117965189810708,1.2569906991242144,1.770444393157959,0.9333186745643616,1.5930628776550293,-0.09973593670486985,0.5715606562722901,3.7901608795642634
1776515388.8670201,0.7872988632366281,0.1517280484477955,0.8,0.4276227416305951,0.9333186745643616,2.117965189810708,1.2569906991242144,1.770444393157959,0.9333186745643616,1.5930628776550293,-0.10244052712652826,0.5683367839814235,3.7788307194091244
1776515388.909697,0.7840523479149829,0.14687564894888736,0.8,0.4189662960770564,0.9313202500343323,2.1240392984558762,1.2904949412130284,1.7711960077285767,0.9313202500343323,1.592836856842041,-0.10487175748660829,0.5653919152905784,3.767585532209326
1776515388.959791,0.7920224489188689,0.1973719896508144,0.8,0.4008164048567261,0.9313202500343323,2.1240392984558762,1.2904949412130284,1.7711960077285767,0.9313202500343323,1.592836856842041,-0.10758003075975046,0.562038360799705,3.756314205320262
1776515389.009784,0.7920224489188689,0.1973719896508144,0.8,0.3913068974597141,0.9313202500343323,2.1240392984558762,1.2904949412130284,1.7711960077285767,0.9313202500343323,1.592836856842041,-0.10758003075975046,0.562038360799705,3.756314205320262
1776515389.0618541,0.791994813267501,0.2883901534880722,0.8,0.3913068974597141,0.9189906120300293,2.139751159626505,1.3478232477700935,1.7450543642044067,0.9189906120300293,1.5806207656860352,-0.05869115851353665,0.5570241965671794,3.7448835212692018
1776515389.1098332,0.791994813267501,0.2883901534880722,0.8,0.5232726324475279,0.9189906120300293,2.139751159626505,1.3478232477700935,1.7450543642044067,0.9189906120300293,1.5806207656860352,-0.05869115851353665,0.5570241965671794,3.7448835212692018
1776515389.161101,0.7934098753159075,0.2807326637383421,0.8,0.5064815763561643,0.9189906120300293,2.139751159626505,1.3478232477700935,1.7450543642044067,0.9189906120300293,1.5806207656860352,-0.06370410726170361,0.5512124601638322,3.7335299286744776
1776515389.2097087,0.798060473517576,0.35425736790309803,0.8,0.48400801284333167,0.9193708300590515,2.154452947308684,1.4252110207194202,1.7426412105560303,0.9193708300590515,1.5742309093475342,-0.07690106266135152,0.5354647784577702,3.710689978528475
1776515389.259277,0.7986219570024974,0.3333124604420546,0.8,0.43229976346428095,0.9193708300590515,2.154452947308684,1.4252110207194202,1.7426412105560303,0.9193708300590515,1.5742309093475342,-0.07690106266135152,0.5354647784577702,3.710689978528475
1776515389.3128364,0.7986219570024974,0.3333124604420546,0.8,0.41354962267184325,0.9193708300590515,2.154452947308684,1.4252110207194202,1.7426412105560303,0.9193708300590515,1.5742309093475342,-0.08246882638524888,0.5286183225879186,3.699061421284477
1776515389.3590677,0.7964859707021911,0.2940343868762426,0.8,0.5408090578828468,0.9048390984535217,2.18018376546034,1.5395305134006507,1.7386547327041626,0.9048390984535217,1.5662869215011597,-0.037579327102918475,0.5223386755400594,3.687377265554093
1776515389.4100227,0.7929352202824538,0.252746621891917,0.8,0.5110536094659716,0.9048390984535217,2.18018376546034,1.5395305134006507,1.7386547327041626,0.9048390984535217,1.5662869215011597,-0.04220293560748656,0.51700389303222,3.6757139824439005
1776515389.4608715,0.7764407171629332,0.2770965606285126,0.8,0.4958390889269675,0.9048390984535217,2.18018376546034,1.5395305134006507,1.7386547327041626,0.9048390984535217,1.5662869215011597,-0.046819028619367015,0.5115753899392961,3.6642242324044303
1776515389.5134654,0.7764407171629332,0.2770965606285126,0.8,0.4809148405137349,0.8993327617645264,2.205929786214996,1.6435583185522566,1.7357081174850464,0.8993327617645264,1.5497373342514038,-0.046819028619367015,0.5115753899392961,3.6642242324044303
1776515389.568923,0.7776479367357158,0.27437362165218115,0.8,0.43342242985307555,0.8993327617645264,2.205929786214996,1.6435583185522566,1.7357081174850464,0.8993327617645264,1.5497373342514038,-0.049506742279124216,0.5095683298414397,3.659179905700165
1776515389.6098316,0.7879641784043306,0.30125713967740514,0.8,0.43342242985307555,0.8993327617645264,2.205929786214996,1.6435583185522566,1.7357081174850464,0.8993327617645264,1.5497373342514038,-0.05407278766932211,0.504048635903152,3.647673944554796
1776515389.6600323,0.7959319136060454,0.3234763828566271,0.8,0.41764208462560537,0.8874569535255432,2.2279853890275207,1.7300161446471425,1.7399142980575562,0.8874569535255432,1.547663927078247,-0.05929634850139914,0.4976295115475984,3.6359190474873713
1776515389.709835,0.7925552281289768,0.33533848081930695,0.8,0.3784656321644944,0.8874569535255432,2.2279853890275207,1.7300161446471425,1.7399142980575562,0.8874569535255432,1.547663927078247,-0.017349508063027097,0.4910880583793751,3.624148877588181
1776515389.7598224,0.7959094890748424,0.29030927651603,0.8,0.4970494444303818,0.8874569535255432,2.2279853890275207,1.7300161446471425,1.7399142980575562,0.8874569535255432,1.547663927078247,-0.02269864517618797,0.48493553034444536,3.612344870833075
1776515389.8096843,0.7959094890748424,0.29030927651603,0.8,0.47917096399709436,0.8867874145507812,2.2507886237065953,1.8132050519969631,1.7035059928894043,0.8867874145507812,1.544247031211853,-0.02269864517618797,0.48493553034444536,3.612344870833075
1776515389.8598363,0.8036785810634705,0.4897091204486462,0.8,0.46459698881287065,0.8867874145507812,2.2507886237065953,1.8132050519969631,1.7035059928894043,0.8867874145507812,1.544247031211853,-0.029411595083137843,0.477045694615732,3.600387296451386
1776515389.9147286,0.8082188657887359,0.4034002570362661,0.8,0.44134312457439034,0.8867874145507812,2.2507886237065953,1.8132050519969631,1.7035059928894043,0.8867874145507812,1.544247031211853,-0.03694047430862962,0.4680657952779641,3.5883349103023363
1776515389.9618905,0.8082188657887359,0.4034002570362661,0.8,0.416078342954912,0.8867874145507812,2.2507886237065953,1.8132050519969631,1.7035059928894043,0.8867874145507812,1.544247031211853,-0.03694047430862962,0.4680657952779641,3.5883349103023363
1776515390.010728,0.7999546367917392,0.3192247719668569,0.8,0.39660992406682466,0.8699806928634644,2.273066525046854,1.8879678891380103,1.6959865093231201,0.8699806928634644,1.5445654392242432,-0.042866483318142606,0.4608465753885618,3.5761785758089673
1776515390.059916,0.7972654112544894,0.26608055733235825,0.8,0.3895591507635378,0.8699806928634644,2.273066525046854,1.8879678891380103,1.6959865093231201,0.8699806928634644,1.5445654392242432,-0.003339745262312954,0.4552990007225688,3.564126886276203
1776515390.1100364,0.7919460795293797,0.29035082943413987,0.8,0.485926598064046,0.871987521648407,2.30071303896282,1.9735059835537125,1.684855341911316,0.871987521648407,1.5367964506149292,-0.008108737773545649,0.4498582088356271,3.5521074583743686
1776515390.159895,0.7924760232726393,0.3157357020643412,0.8,0.4574457284114852,0.871987521648407,2.30071303896282,1.9735059835537125,1.684855341911316,0.871987521648407,1.5367964506149292,-0.013389237696912026,0.4437296343695436,3.5400756921680143
1776515390.2147186,0.8039816382881134,0.4013988615756938,0.8,0.4397119103045187,0.871987521648407,2.30071303896282,1.9735059835537125,1.684855341911316,0.871987521648407,1.5367964506149292,-0.019592014681190484,0.43638052766810786,3.5279066677838133
1776515390.2589295,0.7965675008499173,0.3428588909086164,0.8,0.4182862555564604,0.8566116094589233,2.3242435293215276,2.0378407787436834,1.6821961402893066,0.8566116094589233,1.531569004058838,-0.02537096486259005,0.42942686332740565,3.515731507434246
1776515390.310207,0.7898521687887392,0.357164563773957,0.8,0.38991906607072596,0.8566116094589233,2.3242435293215276,2.0378407787436834,1.6821961402893066,0.8566116094589233,1.531569004058838,-0.030992905660297332,0.42251660817863046,3.503586091354741
1776515390.360708,0.7898521687887392,0.357164563773957,0.8,0.37116706499092456,0.8566116094589233,2.3242435293215276,2.0378407787436834,1.6821961402893066,0.8566116094589233,1.531569004058838,-0.030992905660297332,0.42251660817863046,3.503586091354741
1776515390.409791,0.7881994671027636,0.3485335237291878,0.8,0.46862596319721533,0.8566116094589233,2.3242435293215276,2.0378407787436834,1.6821961402893066,0.8566116094589233,1.531569004058838,0.0037152350529374156,0.4154340909926244,3.4914611230132415
1776515390.4624112,0.7902460761628569,0.30945943828681993,0.8,0.45094023762232394,0.8564580082893372,2.346799320032153,2.0958740191284253,1.675611972808838,0.8564580082893372,1.5261536836624146,-0.0020357242554047694,0.4088495683547353,3.479277971083635
1776515390.5100238,0.7902460761628569,0.30945943828681993,0.8,0.4317613281253682,0.8564580082893372,2.346799320032153,2.0958740191284253,1.675611972808838,0.8564580082893372,1.5261536836624146,-0.0020357242554047694,0.4088495683547353,3.479277971083635
1776515390.5606594,0.793278347693216,0.2764783316336313,0.8,0.4317613281253682,0.8564580082893372,2.346799320032153,2.0958740191284253,1.675611972808838,0.8564580082893372,1.5261536836624146,-0.007130957612169864,0.40291063929621673,3.4670125201618927
1776515390.6097386,0.7854219537115595,0.291271657038983,0.8,0.41468896726628524,0.846238374710083,2.3728969598345797,2.159352317878318,1.6629570722579956,0.846238374710083,1.5254247188568115,-0.011959552029875642,0.39715957891502063,3.454724625498993
1776515390.6658363,0.7860587638329183,0.27659373443191043,0.8,0.3929577383033309,0.846238374710083,2.3728969598345797,2.159352317878318,1.6629570722579956,0.846238374710083,1.5254247188568115,-0.016545337500116497,0.39160853550765395,3.4424970679385147
1776515390.7096896,0.7860587638329183,0.27659373443191043,0.8,0.3775560132291708,0.846238374710083,2.3728969598345797,2.159352317878318,1.6629570722579956,0.846238374710083,1.5254247188568115,-0.016545337500116497,0.39160853550765395,3.4424970679385147
1776515390.7627432,0.7878347386697904,0.27432298694078466,0.8,0.3625427282119016,0.846238374710083,2.3728969598345797,2.159352317878318,1.6629570722579956,0.846238374710083,1.5254247188568115,-0.020982357338489355,0.3861276982145321,3.4302206866947795
1776515390.8097093,0.7914771827332192,0.2855876856724349,0.8,0.3625427282119016,0.8446240425109863,2.393430494798983,2.205966684081605,1.6552451848983765,0.8446240425109863,1.5052461624145508,0.011777588280109053,0.39958187036062176,3.4178819155488895
1776515390.8595986,0.7930150370100071,0.2951997651954198,0.8,0.44045753763875717,0.8446240425109863,2.393430494798983,2.205966684081605,1.6552451848983765,0.8446240425109863,1.5052461624145508,0.00667365107613882,0.3937217009553384,3.4054643607049213
1776515390.9096162,0.7931978704898841,0.2942579853862582,0.8,0.4233463431463789,0.8446240425109863,2.393430494798983,2.205966684081605,1.6552451848983765,0.8446240425109863,1.5052461624145508,0.0016231898280791301,0.38781700597516444,3.3930158299419024
1776515390.9598386,0.7931978704898841,0.2942579853862582,0.8,0.40644480228208146,0.8321952223777771,2.4085187099798206,2.2436813645703335,1.6630154848098755,0.8321952223777771,1.4919588565826416,0.0016231898280791301,0.38781700597516444,3.3930158299419024
1776515391.009268,0.7916537869325995,0.34619168115766874,0.8,0.37544170971934976,0.8321952223777771,2.4085187099798206,2.2436813645703335,1.6630154848098755,0.8321952223777771,1.4919588565826416,-0.0038167730760262364,0.38132604936113523,3.380522951701821
1776515391.064832,0.7857668506802854,0.3678215699073963,0.8,0.3554708128239168,0.8372415900230408,2.4325987943116436,2.2886620982711667,1.648879051208496,0.8372415900230408,1.4842002391815186,-0.009795953323979811,0.374064740352289,3.368085790141522
1776515391.1132607,0.783254077561196,0.35499093084045735,0.8,0.6267312622860134,0.8372415900230408,2.4325987943116436,2.2886620982711667,1.648879051208496,0.8372415900230408,1.4842002391815186,0.020022126802126894,0.865741250533453,3.3556520761761117
1776515391.1597104,0.7785627691291046,0.31695638750999466,0.8,0.6267312622860134,0.8372415900230408,2.4325987943116436,2.2886620982711667,1.648879051208496,0.8372415900230408,1.4842002391815186,0.014092793685499816,0.859040159309814,3.3432479630675176
1776515391.2097275,0.7785627691291046,0.31695638750999466,0.8,0.6072297428623175,0.8372415900230408,2.4325987943116436,2.2886620982711667,1.648879051208496,0.8372415900230408,1.4842002391815186,0.014092793685499816,0.859040159309814,3.3432479630675176
1776515391.259692,0.7646374459848833,0.31253591817547643,0.8,0.6072297428623175,0.8254806995391846,2.4417937004819827,2.3029191658077752,1.6361191272735596,0.8254806995391846,1.4725323915481567,0.008535028724059368,0.8526431062401296,3.3309945185899434
1776515391.309673,0.7680556975625703,0.2873260058509039,0.7856233865781531,0.5920337822404251,0.8254806995391846,2.4417937004819827,2.3029191658077752,1.6361191272735596,0.8254806995391846,1.4725323915481567,0.0034756500167049675,0.8467186348648914,3.3187436516171176
1776515391.3657217,0.7607463949741943,0.387969908142835,0.7865026256286901,0.575038634715334,0.8254806995391846,2.4417937004819827,2.3029191658077752,1.6361191272735596,0.8254806995391846,1.4725323915481567,-0.0021968535118706,0.8399449334813931,3.3065526070980917
1776515391.4099588,0.7756776846174157,0.4209863344485943,0.7838198007847293,0.5560147344498623,0.829461395740509,2.441357095797342,2.3019639230667024,1.6221503019332886,0.829461395740509,1.4760303497314453,-0.008574984421212073,0.8321896994812574,3.2942100271166073
1776515391.4602726,0.7775563467782616,0.4228441369134426,0.7937512767782049,0.5384978420012623,0.829461395740509,2.441357095797342,2.3019639230667024,1.6221503019332886,0.829461395740509,1.4760303497314453,-0.015530581735834326,0.8235856449193326,3.2816838616382538
1776515391.5108864,0.7775563467782616,0.4228441369134426,0.794193338797003,0.5149316923617008,0.829461395740509,2.441357095797342,2.3019639230667024,1.6221503019332886,0.829461395740509,1.4760303497314453,-0.015530581735834326,0.8235856449193326,3.2816838616382538
1776515391.559776,0.7924584909065938,0.46092365784945755,0.8,0.7254369976883134,0.820788562297821,2.4408907279386,2.299935031340912,1.6303975582122803,0.820788562297821,1.470900535583496,0.05842918571683958,0.8178469208393921,3.2835373727052786
1776515391.614485,0.7825675626875154,0.28044680154314466,0.8,0.7264256598533687,0.820788562297821,2.4408907279386,2.299935031340912,1.6303975582122803,0.820788562297821,1.470900535583496,0.05193704335328775,0.8102772746855491,3.2707143871697193
1776515391.6622791,0.7416527260787675,0.1827174854247042,0.7999973420890274,0.7054696197623912,0.820788562297821,2.4408907279386,2.299935031340912,1.6303975582122803,0.820788562297821,1.470900535583496,0.047768593303597506,0.8053266863227435,3.258327265857699
1776515391.712831,0.7324998527945162,0.0421800423282135,0.770609178942204,0.6931974483014414,0.8127362132072449,2.439894553856316,2.306790606835337,1.6054919958114624,0.8127362132072449,1.471676230430603,0.04564784219997314,0.8027724208720066,3.2463482382739395
1776515391.7647257,0.7253041656222635,-0.015502478675423245,0.7562785270894047,0.6997810228051491,0.8127362132072449,2.439894553856316,2.306790606835337,1.6054919958114624,0.8127362132072449,1.471676230430603,0.045286780199285226,0.8023332502353968,3.2345075415045716
1776515391.8098316,0.7090419254682088,0.02281331550704966,0.7497825031642925,0.9050935550619849,0.8170681595802307,2.422744178033118,2.289704949010667,1.5797607898712158,0.8170681595802307,1.4526675939559937,0.11657982716475396,0.8016275501630146,3.2229799442130154
1776515391.8599124,0.6909891122617838,0.036548359328970124,0.7359878014778406,0.9009347394282947,0.8170681595802307,2.422744178033118,2.289704949010667,1.5797607898712158,0.8170681595802307,1.4526675939559937,0.1155267755693467,0.8003971775374423,3.211719445705783
1776515391.9117234,0.6721858621669768,0.04306122265367871,0.7245505576117085,0.8980831084699062,0.8170681595802307,2.422744178033118,2.289704949010667,1.5797607898712158,0.8170681595802307,1.4526675939559937,0.11435116189263134,0.7989994405142267,3.20077156457343
1776515391.9598384,0.6613211993033402,0.11429787761619392,0.7124314329789663,0.8948512453473021,0.8083458542823792,2.417266788083464,2.2925418158395128,1.585081696510315,0.8083458542823792,1.4424993991851807,0.11241257641778413,0.7966578305776344,3.19004586007254
1776515392.0098908,0.721889908427634,0.4152619118012192,0.7015541814499416,0.8843127899313075,0.8083458542823792,2.417266788083464,2.2925418158395128,1.585081696510315,0.8083458542823792,1.4424993991851807,0.10843085098272881,0.7916965408232759,3.17909810856722
1776515392.060746,0.7276180532692832,0.5316447845048632,0.7479212174929543,0.8680030918959096,0.8083458542823792,2.417266788083464,2.2925418158395128,1.585081696510315,0.8083458542823792,1.4424993991851807,0.10050591956781052,0.781879876184441,3.1671315468436756
1776515392.1097484,0.7276180532692832,0.5316447845048632,0.7538101532422209,0.8407347073447231,0.80596524477005,2.418764679273117,2.2943801122981897,1.5672556161880493,0.80596524477005,1.4352660179138184,0.10050591956781052,0.781879876184441,3.1671315468436756
1776515392.1618476,0.7415332001765754,0.6150281766413145,0.7458790752333803,0.8439657796133102,0.80596524477005,2.418764679273117,2.2943801122981897,1.5672556161880493,0.80596524477005,1.4352660179138184,0.16084948565506635,0.770132986842603,3.155075609762014
1776515392.2096868,0.7494843175574132,0.5519849199448628,0.7674570035134262,0.9801066862534908,0.80596524477005,2.418764679273117,2.2943801122981897,1.5672556161880493,0.80596524477005,1.4352660179138184,0.15116807398697513,0.7587287879718345,3.1427637696723374
1776515392.2597053,0.7359135675308475,0.5291057178108225,0.7674570035134262,0.9801066862534908,0.803566038608551,2.4310534039545013,2.3057596952723602,1.570278525352478,0.803566038608551,1.4303104877471924,0.14226513792262585,0.7480547881664963,3.130445800823781
1776515392.3108644,0.7142259350526272,0.5527395502011837,0.7387480900418433,0.918654029206814,0.803566038608551,2.4310534039545013,2.3057596952723602,1.570278525352478,0.803566038608551,1.4303104877471924,0.1337070646991937,0.7376477787763966,3.118445496890345
1776515392.359297,0.7368554408396552,0.6037633764709128,0.7546284757737144,0.889283049551831,0.8033860325813293,2.4353184112787907,2.307003137336085,1.5631517171859741,0.8033860325813293,1.4235725402832031,0.1819656722446208,0.7159675892197512,3.093988421517552
1776515392.4119153,0.7368554408396552,0.6037633764709128,0.7553385443445162,1.047193539721468,0.8033860325813293,2.4353184112787907,2.307003137336085,1.5631517171859741,0.8033860325813293,1.4235725402832031,0.1819656722446208,0.7159675892197512,3.093988421517552
1776515392.46177,0.7489688744707048,0.6262386689243683,0.7553385443445162,1.047193539721468,0.8033860325813293,2.4353184112787907,2.307003137336085,1.5631517171859741,0.8033860325813293,1.4235725402832031,0.1719384142496883,0.7042726993936439,3.0813431673972427
1776515392.509734,0.7560356227894693,0.7386699283514525,0.762576646279349,1.013089751186277,0.7966876029968262,2.4476351913867673,2.318667603137292,1.5794169902801514,0.7966876029968262,1.4212337732315063,0.1602579833340041,0.6904421022686571,3.0685659197682087
1776515392.5616372,0.7645782424185702,0.7096810821651741,0.7680835459298627,0.969554014606751,0.7966876029968262,2.4476351913867673,2.318667603137292,1.5794169902801514,0.7966876029968262,1.4212337732315063,0.14863347586762832,0.6764735927355061,3.055476864130111
1776515392.6096835,0.7699716036052605,0.6812602235652341,0.7715061900916584,0.9301658544010957,0.7966876029968262,2.4476351913867673,2.318667603137292,1.5794169902801514,0.7966876029968262,1.4212337732315063,0.13765222107966835,0.6630632182231153,3.042207916718493
1776515392.6602888,0.7699716036052605,0.6812602235652341,0.7729918480969549,0.8929739723476093,0.786998987197876,2.4640590609167594,2.334033456628563,1.5758363008499146,0.786998987197876,1.4081428050994873,0.13765222107966835,0.6630632182231153,3.042207916718493
1776515392.7096696,0.7687885838966975,0.5909540488499059,0.759127255332612,0.8561932242229234,0.786998987197876,2.4640590609167594,2.334033456628563,1.5758363008499146,0.786998987197876,1.4081428050994873,0.1774165164181984,0.5471373482614079,3.0153608099109035
1776515392.7617116,0.7687885838966975,0.5909540488499059,0.766472765707945,0.9592597705309592,0.786998987197876,2.4640590609167594,2.334033456628563,1.5758363008499146,0.786998987197876,1.4081428050994873,0.1774165164181984,0.5471373482614079,3.0153608099109035
1776515392.810883,0.7438736551591082,0.601472521231186,0.7496509536995768,0.9264634047906961,0.7796273231506348,2.4740060817081546,2.340147489371117,1.584977149963379,0.7796273231506348,1.407940149307251,0.16737521612087186,0.5354264994324831,3.0021524166533995
1776515392.8597186,0.7562634735387589,0.5737092431165493,0.7552078660103266,0.8959569187604283,0.7796273231506348,2.4740060817081546,2.340147489371117,1.584977149963379,0.7796273231506348,1.407940149307251,0.15771678663513927,0.5239971201616878,2.9889644255043573
1776515392.9116552,0.7474870341127917,0.67305063475137,0.7509705478808644,0.8636650406320526,0.7868511080741882,2.481984831413442,2.3435369935160417,1.5670404434204102,0.7868511080741882,1.4072225093841553,0.13750617649028585,0.4994704055388919,2.962284346796842
1776515392.963476,0.7474870341127917,0.67305063475137,0.746274382425876,0.8289851736503379,0.7868511080741882,2.481984831413442,2.3435369935160417,1.5670404434204102,0.7868511080741882,1.4072225093841553,0.13750617649028585,0.4994704055388919,2.962284346796842
1776515393.0137186,0.7506440223144039,0.6079292325838733,0.745443328494441,0.7952173215647919,0.7868511080741882,2.481984831413442,2.3435369935160417,1.5670404434204102,0.7868511080741882,1.4072225093841553,0.12751110307234498,0.4870683222260741,2.948895259832102
1776515393.1169512,0.747230394390138,0.5819231509657494,0.745443328494441,0.7952173215647919,0.7695626616477966,2.4934422131162566,2.3543759276983613,1.5703891515731812,0.7695626616477966,1.406232237815857,0.16403985890398376,0.4016338748927577,2.935460530756898
1776515393.208413,0.7430380199481296,0.5830933967860016,0.7426904123675806,0.8442835026275379,0.7695626616477966,2.4934422131162566,2.3543759276983613,1.5703891515731812,0.7695626616477966,1.406232237815857,0.1544246957637807,0.3905490839105634,2.9219993637119526
1776515393.2198954,0.7430380199481296,0.5830933967860016,0.7426904123675806,0.8442835026275379,0.7695626616477966,2.4934422131162566,2.3543759276983613,1.5703891515731812,0.7695626616477966,1.406232237815857,0.1544246957637807,0.3905490839105634,2.9219993637119526
1776515393.261754,0.7320772714761062,0.6561440934092605,0.7426904123675806,0.8442835026275379,0.7673559188842773,2.5050695285986797,2.3616185603760047,1.5830391645431519,0.7673559188842773,1.4075751304626465,0.1440744434084828,0.3784312502760825,2.908590335149692
1776515393.318247,0.7202355591443033,0.6851846848224827,0.737830262138429,0.807805846453397,0.7673559188842773,2.5050695285986797,2.3616185603760047,1.5830391645431519,0.7673559188842773,1.4075751304626465,0.13309047427336074,0.365378513072105,2.895386859402948
1776515393.359803,0.7164899988557671,0.6908758624710853,0.7297979641747862,0.7712317108271207,0.7673559188842773,2.5050695285986797,2.3616185603760047,1.5830391645431519,0.7673559188842773,1.4075751304626465,0.12207391995329736,0.3520905768885405,2.8822181652530623
1776515393.4097412,0.7153654638274368,0.6805111536229553,0.7263324798372018,0.7342332830496915,0.764079749584198,2.514917455703213,2.3665839507969735,1.6059449911117554,0.764079749584198,1.4067988395690918,0.11119042261145395,0.33875378918631593,2.8690306226292175
1776515393.4597192,0.7197635655128876,0.7176470468835372,0.726023582045182,0.6916892813748483,0.764079749584198,2.514917455703213,2.3665839507969735,1.6059449911117554,0.764079749584198,1.4067988395690918,0.09633258913778381,0.3287327596384473,2.8727054185283896
1776515393.5137055,0.7063042699562944,0.7182609803895562,0.7282192072190337,0.6444545336015286,0.764079749584198,2.514917455703213,2.3665839507969735,1.6059449911117554,0.764079749584198,1.4067988395690918,0.08504281144887788,0.3148172864972283,2.859466240435466
1776515393.5631788,0.6884973182293571,0.7217521384710498,0.7183735354511347,0.6067713374136798,0.764079749584198,2.514917455703213,2.3665839507969735,1.6059449911117554,0.764079749584198,1.4067988395690918,0.10355797520052612,0.30088704557454404,2.846449740031985
1776515393.609103,0.6760461457551188,0.7158635304005072,0.7097282329388519,0.6552575941595542,0.7552111148834229,2.535669412412211,2.3780481697196696,1.6200131177902222,0.7552111148834229,1.3980680704116821,0.09131100378496981,0.2869914222857748,2.8336661353201262
1776515393.6598375,0.6760461457551188,0.7158635304005072,0.6937877786149953,0.6113930263232602,0.7552111148834229,2.535669412412211,2.3780481697196696,1.6200131177902222,0.7552111148834229,1.3980680704116821,0.09131100378496981,0.2869914222857748,2.8336661353201262
1776515393.7099082,0.6701688067654392,0.7367889900323488,0.6937877786149953,0.6113930263232602,0.7552111148834229,2.535669412412211,2.3780481697196696,1.6200131177902222,0.7552111148834229,1.3980680704116821,0.07891235193142548,0.27272614069881174,2.8209796603718935
1776515393.7617967,0.6847013623499265,0.6398046807484733,0.6900997728876093,0.5823115684205006,0.7392334938049316,2.542599811639971,2.3808503745051808,1.6281657218933105,0.7392334938049316,1.4014688730239868,0.06704818564399906,0.25888481850269507,2.8082079294487436
1776515393.8098283,0.6847013623499265,0.6398046807484733,0.6955100911003189,0.5422272885172227,0.7392334938049316,2.542599811639971,2.3808503745051808,1.6281657218933105,0.7392334938049316,1.4014688730239868,0.06704818564399906,0.25888481850269507,2.8082079294487436
1776515393.861096,0.7058269545978586,0.479091465527958,0.7047140459358264,0.5090262509282775,0.7466819286346436,2.5482578595736642,2.381319496710627,1.620550274848938,0.7466819286346436,1.3978149890899658,0.04895445384684549,0.23727972641325712,2.7814300233940323
1776515393.911253,0.7058269545978586,0.479091465527958,0.6991902525718857,0.4767717260010762,0.7466819286346436,2.5482578595736642,2.381319496710627,1.620550274848938,0.7466819286346436,1.3978149890899658,0.04895445384684549,0.23727972641325712,2.7814300233940323
1776515393.9598417,0.7076728180622832,0.428531622594731,0.6981432372639115,0.4515945060141528,0.7466819286346436,2.5482578595736642,2.381319496710627,1.620550274848938,0.7466819286346436,1.3978149890899658,0.04147344478153864,0.228120637231934,2.767873630296971
1776515394.0107403,0.7061752248960232,0.3739476643749933,0.6981432372639115,0.4515945060141528,0.7466819286346436,2.5482578595736642,2.381319496710627,1.620550274848938,0.7466819286346436,1.3978149890899658,0.05677429934813649,0.2199985444482877,2.7543008205201858
1776515394.0606558,0.6985887600140002,0.3160530648812862,0.6916443229641989,0.4984314304022526,0.72943115234375,2.551866333921346,2.3851732576531774,1.6258827447891235,0.72943115234375,1.3900448083877563,0.050515385811878866,0.21293795085320477,2.7408195565108273
1776515394.1101103,0.6796154314780263,0.3136625665664089,0.6844565954848801,0.47798966631104617,0.72943115234375,2.551866333921346,2.3851732576531774,1.6258827447891235,0.72943115234375,1.3900448083877563,0.0445535178849682,0.20611150489980634,2.727705501362633
1776515394.1596253,0.6862521356556234,0.3152793045956826,0.6714930709842984,0.458774274963934,0.73195481300354,2.5530255157896815,2.389360889273506,1.6358526945114136,0.73195481300354,1.3916172981262207,0.03905030273795118,0.19970521469287972,2.714530565586223
1776515394.2117336,0.6724575771014897,0.310617119298261,0.6780045098395157,0.4342616940582383,0.73195481300354,2.5530255157896815,2.389360889273506,1.6358526945114136,0.73195481300354,1.3916172981262207,0.03344937501831746,0.19307596882208689,2.7015124536611403
1776515394.2597682,0.6812814228686074,0.2747679987853384,0.6683420928897363,0.4159881302992475,0.73195481300354,2.5530255157896815,2.389360889273506,1.6358526945114136,0.73195481300354,1.3916172981262207,0.028428142849711457,0.18704344130526573,2.6884126044487253
1776515394.310944,0.6646991488293069,0.26927182369767905,0.6723992195935008,0.3988968076396028,0.7158470749855042,2.5491279933212203,2.3855338683512977,1.6339341402053833,0.7158470749855042,1.3980872631072998,0.02398044848345876,0.18161753302566241,2.675394825031956
1776515394.3627074,0.662331394438137,0.36232470784084614,0.663368509227802,0.4025372519307432,0.7158470749855042,2.5491279933212203,2.3855338683512977,1.6339341402053833,0.7158470749855042,1.3980872631072998,0.018709384526460815,0.17508610119551093,2.662552368621845
1776515394.4107904,0.6595437443030209,0.3189871835631741,0.6617622284664053,0.3871923103581105,0.7148721218109131,2.550615600255989,2.3891313643830636,1.6254315376281738,0.7148721218109131,1.3976736068725586,0.02958223786005476,0.18116735944462015,2.649789401188317
1776515394.4626913,0.6547219481202116,0.25307289084058215,0.6543954529955068,0.4041359988491525,0.7148721218109131,2.550615600255989,2.3891313643830636,1.6254315376281738,0.7148721218109131,1.3976736068725586,0.02432222012598867,0.17518789316874628,2.6370807585627865
1776515394.5101004,0.6340836528788223,0.17545200315563395,0.647898785788014,0.3903024323348362,0.7046540379524231,2.537281704213639,2.3753958205708976,1.6115745306015015,0.7046540379524231,1.400984287261963,0.016505981263298997,0.16610269542690448,2.612034520585285
1776515394.5598023,0.6257166217610178,0.1257806544647988,0.6380223540058841,0.3961585188401848,0.7046540379524231,2.537281704213639,2.3753958205708976,1.6115745306015015,0.7046540379524231,1.400984287261963,0.013772286514824983,0.16285308306169366,2.599809124657853
1776515394.6107697,0.6182832837073619,0.14148607065830127,0.6309219738565985,0.3874435278422298,0.7028910517692566,2.519857694549102,2.367150429434423,1.624916434288025,0.7028910517692566,1.3959063291549683,0.01133947130227736,0.15991479452961777,2.5877943670712975
1776515394.6598454,0.624065024576864,0.21097594399516567,0.6272931377921441,0.37163578644954537,0.7028910517692566,2.519857694549102,2.367150429434423,1.624916434288025,0.7028910517692566,1.3959063291549683,0.008618163547182922,0.15656058024068686,2.575792399553469
1776515394.7091942,0.6273303642581299,0.24505951891352776,0.6324576297689763,0.3621268267565295,0.7028910517692566,2.519857694549102,2.367150429434423,1.624916434288025,0.7028910517692566,1.3959063291549683,0.01969993480347121,0.4597466453923076,2.5635454029825797
1776515394.7660182,0.6318051972413303,0.25024244771816817,0.623009731879869,0.516325110285392,0.7116592526435852,2.500995925077126,2.353368050205638,1.5998010635375977,0.7116592526435852,1.3895690441131592,0.01045804500370029,0.4492881971105147,2.539001209456057
1776515394.8096738,0.6782107744628192,0.3022399165851167,0.6248174490743171,0.4853857772981698,0.7071763873100281,2.48598113691884,2.3441325959314074,1.576608419418335,0.7071763873100281,1.3823466300964355,0.005661497179355934,0.4437235943938296,2.5261607664881325
1776515394.859262,0.6571502048581026,0.32358715615922845,0.6481937524979556,0.47465878598076544,0.7071763873100281,2.48598113691884,2.3441325959314074,1.576608419418335,0.7071763873100281,1.3823466300964355,0.0003866246318299238,0.4375604582652377,2.513043574867032
1776515394.914824,0.6258818142229015,0.31270158849666785,0.6345988612271133,0.45771512503621925,0.7071763873100281,2.48598113691884,2.3441325959314074,1.576608419418335,0.7071763873100281,1.3823466300964355,-0.005211735360325653,0.4309107770926093,2.500555645838229
1776515394.9598637,0.6074041649419394,0.3031849413894058,0.6135778226711202,0.4400757936556921,0.6996466517448425,2.476526238210327,2.340517335480942,1.5554358959197998,0.6996466517448425,1.3858227729797363,-0.010569220437161186,0.42442764569045277,2.488573093214649
1776515395.0143268,0.6074041649419394,0.3031849413894058,0.59969660908993,0.43770833292292016,0.6996466517448425,2.476526238210327,2.340517335480942,1.5554358959197998,0.6996466517448425,1.3858227729797363,-0.010569220437161186,0.42442764569045277,2.488573093214649
1776515395.06371,0.6089938964336639,0.26730752473804775,0.5991522190566847,0.4214357008512754,0.6996466517448425,2.476526238210327,2.340517335480942,1.5554358959197998,0.6996466517448425,1.3858227729797363,-0.015404822879852065,0.4184745264059955,2.4766353983318217
1776515395.1096447,0.5921183964233169,0.3387835373242799,0.5991522190566847,0.4214357008512754,0.6924991011619568,2.4605348212756457,2.3277305979381424,1.5234429836273193,0.6924991011619568,1.3867683410644531,0.019774354812278017,0.4123514669838517,2.46487464910404
1776515395.1627252,0.59167931504216,0.3299160833953587,0.5910413309813841,0.539864560592267,0.6924991011619568,2.4605348212756457,2.3277305979381424,1.5234429836273193,0.6924991011619568,1.3867683410644531,0.01459320119676144,0.4055349349574824,2.4550760107589293
1776515395.2101028,0.59167931504216,0.3299160833953587,0.589924128050525,0.5222374294704428,0.6924991011619568,2.4605348212756457,2.3277305979381424,1.5234429836273193,0.6924991011619568,1.3867683410644531,0.01459320119676144,0.4055349349574824,2.4550760107589293
1776515395.2597024,0.5821272794428559,0.458902776287747,0.589924128050525,0.5222374294704428,0.6883142590522766,2.455595287154054,2.328026082690422,1.482559323310852,0.6883142590522766,1.3878748416900635,0.009561724139440009,0.3974169548832669,2.4481014280350872
1776515395.309751,0.5906734236012475,0.36281670680405737,0.5806410414708923,0.5220936527612404,0.6883142590522766,2.455595287154054,2.328026082690422,1.482559323310852,0.6883142590522766,1.3878748416900635,0.003766301833532326,0.38910033068036753,2.4397675453400995
1776515395.359733,0.5891566322128131,0.35741538267066053,0.5810699413274136,0.4812503387626313,0.6883142590522766,2.455595287154054,2.328026082690422,1.482559323310852,0.6883142590522766,1.3878748416900635,-0.0024347588054651204,0.38184533726284586,2.4281342906183325
1776515395.4119549,0.5794779074349047,0.3636469652490375,0.5810699413274136,0.4812503387626313,0.6968907713890076,2.445049143796933,2.3201518010389752,1.4448249340057373,0.6968907713890076,1.3835148811340332,-0.008526929640700454,0.3746217543233725,2.416658081349625
1776515395.4623172,0.5810302950043003,0.32384593097045344,0.5673106017773496,0.46582753300086394,0.6968907713890076,2.445049143796933,2.3201518010389752,1.4448249340057373,0.6968907713890076,1.3835148811340332,-0.014229675862990121,0.36776684771122925,2.405194926510354
1776515395.5179584,0.5826182069072297,0.37118715773534994,0.5665550075262836,0.44669217929817323,0.6820557117462158,2.4332654948702133,2.3126047883350185,1.3992127180099487,0.6820557117462158,1.3747142553329468,-0.020173085216511455,0.3605184671425392,2.393698864405316
1776515395.5597532,0.57169864618394,0.3377183354729268,0.554657199766285,0.44887400548808537,0.6820557117462158,2.4332654948702133,2.3126047883350185,1.3992127180099487,0.6820557117462158,1.3747142553329468,-0.026073121443795755,0.35322729497566296,2.382295985880661
1776515395.6117198,0.5580222058322113,0.2932172047980588,0.5460650394047492,0.4294217211567081,0.6820557117462158,2.4332654948702133,2.3126047883350185,1.3992127180099487,0.6820557117462158,1.3747142553329468,0.0028137985423959955,0.3269012617222229,2.371091465406353
1776515395.659839,0.545018880398812,0.2703611007955983,0.5405186124177839,0.5027510219296485,0.6845183968544006,2.421985935602444,2.3025524339358605,1.3748584985733032,0.6845183968544006,1.3811314105987549,-0.0021101775564255076,0.32130708990311163,2.3602025761840095
1776515395.7107785,0.545018880398812,0.2703611007955983,0.5322769536749223,0.499182992823119,0.6845183968544006,2.421985935602444,2.3025524339358605,1.3748584985733032,0.6845183968544006,1.3811314105987549,-0.0021101775564255076,0.32130708990311163,2.3602025761840095
1776515395.759853,0.5225124640708948,0.3328150035866165,0.5188800638486526,0.48213739436790115,0.6845183968544006,2.421985935602444,2.3025524339358605,1.3748584985733032,0.6845183968544006,1.3811314105987549,-0.007408725957073148,0.3152140058377917,2.34960362274586
1776515395.811711,0.5133338476644108,0.37200531263631265,0.5188800638486526,0.48213739436790115,0.6845183968544006,2.421985935602444,2.3025524339358605,1.3748584985733032,0.6845183968544006,1.3811314105987549,-0.013691017605106659,0.3079032339905985,2.3393860387813397
1776515395.8607428,0.5133338476644108,0.37200531263631265,0.5133128610333729,0.46133267647833637,0.6752343773841858,2.415500487198331,2.295656185363254,1.338123083114624,0.6752343773841858,1.369544267654419,-0.013691017605106659,0.3079032339905985,2.3393860387813397
1776515395.9108894,0.5168615176885444,0.36026857538506774,0.5007646390452758,0.45416271620357207,0.6752343773841858,2.415500487198331,2.295656185363254,1.338123083114624,0.6752343773841858,1.369544267654419,-0.01997375901697207,0.3004873136901183,2.3291207946203754
1776515395.960926,0.5000720529166941,0.3232180151109577,0.5007646390452758,0.45416271620357207,0.6752343773841858,2.415500487198331,2.295656185363254,1.338123083114624,0.6752343773841858,1.369544267654419,-0.03213471276073654,0.28588504972416384,2.309079930460533
1776515396.0108323,0.49888536795869476,0.3189064042164388,0.4876023205591825,0.41393899764717823,0.6725414395332336,2.4121129188572885,2.2982072003455922,1.2938885688781738,0.6725414395332336,1.395493745803833,-0.03731891542815441,0.279537232556748,2.299116790362428
1776515396.064894,0.49888536795869476,0.3189064042164388,0.4947750340339506,0.4301099299241325,0.6725414395332336,2.4121129188572885,2.2982072003455922,1.2938885688781738,0.6725414395332336,1.395493745803833,-0.03731891542815441,0.279537232556748,2.299116790362428
1776515396.1098166,0.4877127651143375,0.2889360999477222,0.48622707313507174,0.41394261692276546,0.6778069138526917,2.404991898186002,2.28933601793709,1.2639596462249756,0.6778069138526917,1.3890600204467773,-0.04224501036947931,0.27343504750022385,2.289350232895367
1776515396.161725,0.48498710292440383,0.2888972007968138,0.48498576720379527,0.44196554736724075,0.6778069138526917,2.404991898186002,2.28933601793709,1.2639596462249756,0.6778069138526917,1.3890600204467773,-0.02665022473379941,0.17571652921988612,2.2699447858460493
1776515396.2096982,0.47759903404856885,0.35964510143165085,0.4813084381600614,0.423641959029891,0.6778069138526917,2.404991898186002,2.28933601793709,1.2639596462249756,0.6778069138526917,1.3890600204467773,-0.03236223197187876,0.16917308447679513,2.2603470944722113
1776515396.260778,0.47759903404856885,0.35964510143165085,0.47814878555892204,0.4108408728908801,0.6742865443229675,2.396335220303831,2.2847627250709306,1.2564436197280884,0.6742865443229675,1.3906506299972534,-0.03236223197187876,0.16917308447679513,2.2603470944722113
1776515396.3108432,0.481806514557582,0.2952045136381012,0.47814878555892204,0.4108408728908801,0.6742865443229675,2.396335220303831,2.2847627250709306,1.2564436197280884,0.6742865443229675,1.3906506299972534,-0.03804912118965664,0.16259491409051785,2.2507976503585243
1776515396.3605127,0.47183740013351705,0.28822030388326897,0.4784519124136324,0.3918141101835354,0.6741579174995422,2.389259820013108,2.2778452559166995,1.2132478952407837,0.6741579174995422,1.3913263082504272,-0.042952002526339184,0.1568488845437992,2.2412804152953782
1776515396.4100752,0.46974222001427623,0.29452215195834813,0.46506472693127643,0.39299724194293734,0.6741579174995422,2.389259820013108,2.2778452559166995,1.2132478952407837,0.6741579174995422,1.3913263082504272,-0.04794077566819738,0.1509409417660108,2.231887981530601
1776515396.460064,0.4683161920558059,0.2558222307339334,0.4632960620070613,0.37631603739860875,0.6741579174995422,2.389259820013108,2.2778452559166995,1.2132478952407837,0.6741579174995422,1.3913263082504272,-0.05241145707539907,0.14558253696411594,2.222492263296892
1776515396.5099113,0.46217845702124866,0.2546324174288418,0.4563216290140206,0.34740129492839944,0.6666207313537598,2.3835624507132995,2.2786060584086942,1.2035248279571533,0.6666207313537598,1.3886339664459229,-0.05664807834477659,0.14044674335381746,2.2132233842960063
1776515396.559721,0.46068330368150345,0.24738948943689104,0.4529556900973002,0.35336401595413525,0.6666207313537598,2.3835624507132995,2.2786060584086942,1.2035248279571533,0.6666207313537598,1.3886339664459229,-0.060694984116421935,0.1354830171044057,2.203996301344482
1776515396.61351,0.4572445494132366,0.23492329138348716,0.4482955707313604,0.32697129642066086,0.6666207313537598,2.3835624507132995,2.2786060584086942,1.2035248279571533,0.6666207313537598,1.3886339664459229,-0.06453902427150734,0.13071166584127525,2.194849616429981
1776515396.6639524,0.43578985205595044,0.22265940798747505,0.4448811173916992,0.36585860353733657,0.6682184338569641,2.3727184268305637,2.267553995367361,1.1775802373886108,0.6682184338569641,1.395500898361206,-0.059343152107665054,0.1219280483959122,2.1770116691510584
1776515396.7110634,0.43578985205595044,0.22265940798747505,0.43608331161422165,0.35367101692392783,0.6682184338569641,2.3727184268305637,2.267553995367361,1.1775802373886108,0.6682184338569641,1.395500898361206,-0.059343152107665054,0.1219280483959122,2.1770116691510584
1776515396.7596622,0.43986633851588147,0.2878781980974093,0.4319615336995615,0.33103422136746086,0.6672553420066833,2.3641717545309078,2.263342814966063,1.1745282411575317,0.6672553420066833,1.3837710618972778,-0.06935563177331741,0.11045238391977774,2.1594839464943107
1776515396.813875,0.4258456022481283,0.268341119474632,0.43242841333004467,0.31357840469708564,0.6672553420066833,2.3641717545309078,2.263342814966063,1.1745282411575317,0.6672553420066833,1.3837710618972778,-0.07410037505551156,0.10492997465443521,2.1508648323350177
1776515396.8646896,0.4265827951811431,0.2531976977006723,0.42235489770966816,0.29823999907939747,0.665844202041626,2.3596732162083884,2.258115270172875,1.1392266750335693,0.665844202041626,1.3874050378799438,-0.07846955840395628,0.09979089572103339,2.1423346446199494
1776515396.9118936,0.41599415333215295,0.257269734189095,0.4184089088971894,0.3008867798225424,0.665844202041626,2.3596732162083884,2.258115270172875,1.1392266750335693,0.665844202041626,1.3874050378799438,-0.08270425231389497,0.09475663978700144,2.1339702855351135
1776515396.9617355,0.41599415333215295,0.257269734189095,0.41122283679370697,0.2870394813350273,0.665844202041626,2.3596732162083884,2.258115270172875,1.1392266750335693,0.665844202041626,1.3874050378799438,-0.08270425231389497,0.09475663978700144,2.1339702855351135
1776515397.010713,0.4129237614071805,0.24153481019857442,0.40833911680492696,0.27334613760916454,0.6543368101119995,2.3512333328254127,2.253096832678318,1.1418778896331787,0.6543368101119995,1.3920948505401611,-0.08682140108145386,0.08981401195691419,2.125708672240294
1776515397.0612316,0.40612147108562696,0.2159028569271458,0.4059323065897562,0.27206164270712213,0.6543368101119995,2.3512333328254127,2.253096832678318,1.1418778896331787,0.6543368101119995,1.3920948505401611,-0.09054485612551649,0.08529355229032776,2.1175527168485724
1776515397.1096501,0.40414899791459263,0.198341886081873,0.4037829828099416,0.260909144668545,0.6579214930534363,2.345588880595402,2.252897105019362,1.1089370250701904,0.6579214930534363,1.3872134685516357,-0.09388769333124702,0.0811911131824874,2.109478977495194
1776515397.1609838,0.4016068970286248,0.16732385130907,0.3975263617812136,0.25573362414475825,0.6579214930534363,2.345588880595402,2.252897105019362,1.1089370250701904,0.6579214930534363,1.3872134685516357,-0.09680582327872814,0.07758391351763061,2.1013412284947464
1776515397.2098262,0.4016068970286248,0.16732385130907,0.39307840187290966,0.24638312398064283,0.6579214930534363,2.345588880595402,2.252897105019362,1.1089370250701904,0.6579214930534363,1.3872134685516357,-0.09964495181856933,0.07402864624832217,2.093284253732043
1776515397.260869,0.3889094265055101,0.14576698625847095,0.3849647689148316,0.25895200180738565,0.6556146740913391,2.338297111529316,2.2498734752576306,1.1010794639587402,0.6556146740913391,1.3892581462860107,-0.09504088359611157,0.07089023185878718,2.085414761265394
1776515397.3137841,0.3826673707542281,0.13220889269539968,0.38083166618129477,0.25631537935661397,0.6556146740913391,2.338297111529316,2.2498734752576306,1.1010794639587402,0.6556146740913391,1.3892581462860107,-0.09753573519598838,0.06806139999095606,2.0777289901985556
1776515397.3667426,0.37526936738477235,0.11682645278901116,0.3753727337928926,0.24926005953951336,0.6556146740913391,2.338297111529316,2.2498734752576306,1.1010794639587402,0.6556146740913391,1.3892581462860107,-0.09974527930041582,0.06553296557911281,2.0701628943202026
1776515397.4099052,0.36923304421241326,0.11491102187294844,0.3753727337928926,0.24926005953951336,0.655969500541687,2.3259775450006885,2.238182589962131,1.09770667552948,0.655969500541687,1.3929574489593506,-0.10178988175961515,0.06317279179766633,2.0627351613475606
1776515397.4597182,0.3665578142164917,0.1111752411809792,0.37217365779381495,0.24115059368329544,0.655969500541687,2.3259775450006885,2.238182589962131,1.09770667552948,0.655969500541687,1.3929574489593506,-0.103741668885243,0.06089996261666242,2.055389648022057
1776515397.5097926,0.3668648239696447,0.10878042070539187,0.37203712020294866,0.23485646466553553,0.6554699540138245,2.3176392344938836,2.238123799452187,1.112694501876831,0.6554699540138245,1.388238549232483,-0.10562545233215906,0.05868670796909603,2.048068580831882
1776515397.5607135,0.3709141499148414,0.10812756095845147,0.37275817472157136,0.22468204325792046,0.6554699540138245,2.3176392344938836,2.238123799452187,1.112694501876831,0.6554699540138245,1.388238549232483,-0.10747134648241524,0.05649827554260822,2.040702177584627
1776515397.6105378,0.37909906530743415,0.10476049240138902,0.37996708036259175,0.21216080677269356,0.6531409621238708,2.306438363723243,2.2304158673036905,1.083126187324524,0.6531409621238708,1.3835303783416748,-0.10924240374279665,0.05437725248863989,2.033209689415358
1776515397.6598427,0.3817428467773189,0.09371912934151297,0.37419805799057204,0.21616846696951136,0.6531409621238708,2.306438363723243,2.2304158673036905,1.083126187324524,0.6531409621238708,1.3835303783416748,-0.11093053505104017,0.05234113045947186,2.0256157988041923
1776515397.7102191,0.3780147451934291,0.12076599498671314,0.37419805799057204,0.21616846696951136,0.6531409621238708,2.306438363723243,2.2304158673036905,1.083126187324524,0.6531409621238708,1.3835303783416748,-0.11266017163910069,0.050233508578702235,2.018002464431253
1776515397.7612703,0.37537963420935505,0.10124925258230195,0.3722771757465178,0.2104391228238201,0.6531409621238708,2.306438363723243,2.2304158673036905,1.083126187324524,0.6531409621238708,1.3835303783416748,-0.11443229713897049,0.04805071813823103,2.0105485327694654
1776515397.8102007,0.36400431348719003,0.09596415371812639,0.37378549587543375,0.20544704604376904,0.6583536267280579,2.300162274290521,2.224690858119265,1.0807654857635498,0.6583536267280579,1.388575553894043,-0.11611006696709653,0.045967341617425994,2.0032002445079184
1776515397.860075,0.35965723283683376,0.060464670980547065,0.366107219845048,0.20022466083807997,0.6583536267280579,2.300162274290521,2.224690858119265,1.0807654857635498,0.6583536267280579,1.388575553894043,-0.11720081688636663,0.04463284570742543,1.9960223830332489
1776515397.9111686,0.37367603147621664,0.07950198141379196,0.362182157938264,0.19682043285851214,0.6518505811691284,2.289823136761936,2.2185070781950667,1.0901167392730713,0.6518505811691284,1.3953198194503784,-0.11426566813595487,0.042909245458488954,1.9886884298142093
1776515397.9598346,0.3694998855008838,0.082572633136882,0.37830667636975723,0.21005747072759487,0.6518505811691284,2.289823136761936,2.2185070781950667,1.0901167392730713,0.6518505811691284,1.3953198194503784,-0.1156316680021417,0.04136586032046541,1.9812953712849284
1776515398.0120778,0.40935326779018705,0.08216281098359533,0.37549094478019396,0.20567835084521036,0.6518505811691284,2.289823136761936,2.2185070781950667,1.0901167392730713,0.6518505811691284,1.3953198194503784,-0.11705845385430874,0.03973206743550994,1.9735015339085016
1776515398.061192,0.4337743117545069,0.10554328246886803,0.39731526296171815,0.20151980302023587,0.6535854935646057,2.280561791207369,2.213086019663586,1.0744082927703857,0.6535854935646057,1.3919458389282227,-0.11898073409959337,0.03750449081013585,1.9650799116246085
1776515398.112025,0.4176917531701183,0.09222069875578665,0.4133060699182779,0.1941943020416474,0.6535854935646057,2.280561791207369,2.213086019663586,1.0744082927703857,0.6535854935646057,1.3919458389282227,-0.12064094203610981,0.03557897527435294,1.9566136672403254
1776515398.1598277,0.41221157420985227,0.12559663732515444,0.402380419580212,0.18928148876374584,0.6426851749420166,2.266329878298471,2.2040214956723525,1.08340585231781,0.6426851749420166,1.3825327157974243,-0.12245264213364387,0.033444188202996994,1.9483477067977046
1776515398.2101421,0.4020479510218423,0.12172740891516053,0.39570758168112063,0.18234222451916535,0.6426851749420166,2.266329878298471,2.2040214956723525,1.08340585231781,0.6426851749420166,1.3825327157974243,-0.12461729184680415,0.03086887486068024,1.9402223756291839
1776515398.263693,0.3947255995124685,0.10655900857537115,0.3887849798358691,0.1754728892437683,0.6426851749420166,2.266329878298471,2.2040214956723525,1.08340585231781,0.6426851749420166,1.3825327157974243,-0.12649568322919544,0.028608704495563853,1.9322877971292438
1776515398.3147542,0.3947255995124685,0.10655900857537115,0.390130222390837,0.15959692504184556,0.659761369228363,2.2610669214895323,2.203340285179405,1.0835613012313843,0.659761369228363,1.389225959777832,-0.12649568322919544,0.028608704495563853,1.9322877971292438
1776515398.361729,0.3843762638840667,0.11191840185880778,0.3833800830330153,0.15403729764092342,0.659761369228363,2.2610669214895323,2.203340285179405,1.0835613012313843,0.659761369228363,1.389225959777832,-0.12826118998009656,0.02646396492294434,1.9245464557571121
1776515398.4096293,0.38511111771829626,0.10047791885158379,0.3832921991676583,0.14834383827145775,0.659761369228363,2.2610669214895323,2.203340285179405,1.0835613012313843,0.659761369228363,1.389225959777832,-0.12995845857792993,0.024383234810549492,1.9168766739627312
1776515398.459725,0.3808096339669515,0.09277072065180923,0.3800928578906583,0.14334989170715443,0.6558886170387268,2.2499498569998444,2.1946404438247153,1.0636725425720215,0.6558886170387268,1.3884692192077637,-0.13149722132820968,0.02247766627565806,1.9092672544054932
1776515398.5097005,0.38105687697638474,0.08786575372516355,0.37687025629163284,0.14899995397483454,0.6558886170387268,2.2499498569998444,2.1946404438247153,1.0636725425720215,0.6558886170387268,1.3884692192077637,-0.13291224225375253,0.020707931272350155,1.9016893970605915
1776515398.562734,0.3818287545366472,0.08489032463607081,0.37687025629163284,0.14899995397483454,0.6499051451683044,2.2408973693185996,2.189505566377171,1.0514140129089355,0.6499051451683044,1.3927870988845825,-0.13234533018340403,0.019021751522561026,1.8941032589535718
1776515398.6139743,0.3800138339196602,0.07948050159876888,0.3783138514649459,0.16173053083485214,0.6499051451683044,2.2408973693185996,2.189505566377171,1.0514140129089355,0.6499051451683044,1.3927870988845825,-0.1337675667200386,0.017414217710121527,1.8865419095845295
1776515398.6628969,0.3813500232968609,0.06907067127588964,0.3767769603818456,0.15709972678215908,0.6499051451683044,2.2408973693185996,2.189505566377171,1.0514140129089355,0.6499051451683044,1.3927870988845825,-0.13509829968479148,0.015896071096128228,1.8789727725598957
1776515398.7100043,0.3830043514658404,0.06887887103716958,0.3771351584546364,0.15266869845621317,0.6548154354095459,2.2314422593747545,2.1841967214190063,1.06065833568573,0.6548154354095459,1.3887039422988892,-0.1362674546694266,0.014550279027092383,1.871362676127801
1776515398.759773,0.3815720487479404,0.08226260817388914,0.37872356259821705,0.13860820080830577,0.6548154354095459,2.2314422593747545,2.1841967214190063,1.06065833568573,0.6548154354095459,1.3887039422988892,-0.13761728277482493,0.012981797770731607,1.8637658192191517
1776515398.8128052,0.3798854516522445,0.08272424546808692,0.37794288846560153,0.13414466590117083,0.6548154354095459,2.2314422593747545,2.1841967214190063,1.06065833568573,0.6548154354095459,1.3887039422988892,-0.13901233757587575,0.011346513581474316,1.8561871703355468
1776515398.8687758,0.3798854516522445,0.08272424546808692,0.3766495556838898,0.129562744087507,0.6519072651863098,2.22169282516873,2.178487706839124,1.056036353111267,0.6519072651863098,1.3887126445770264,-0.13901233757587575,0.011346513581474316,1.8561871703355468
1776515398.9096684,0.375313323502955,0.07638589941222988,0.37670915654927783,0.1333432626762912,0.6519072651863098,2.22169282516873,2.178487706839124,1.056036353111267,0.6519072651863098,1.3887126445770264,-0.14163715051676345,0.008221056575266061,1.8412230353688717
1776515398.9619937,0.375313323502955,0.07638589941222988,0.3731794809753975,0.12477420149924777,0.6519072651863098,2.22169282516873,2.178487706839124,1.056036353111267,0.6519072651863098,1.3887126445770264,-0.14163715051676345,0.008221056575266061,1.8412230353688717
1776515399.0097,0.3754509276413251,0.07288254411594114,0.3717167448051947,0.12680267546069857,0.6519593000411987,2.212941498529238,2.17253167844955,1.0476948022842407,0.6519593000411987,1.386988878250122,-0.14287746502552362,0.0067250520965429494,1.8337693223682452
1776515399.061884,0.3704086827818029,0.06862101277779391,0.3715041869024635,0.12266742591551585,0.6519593000411987,2.212941498529238,2.17253167844955,1.0476948022842407,0.6519593000411987,1.386988878250122,-0.1440234242216371,0.005332151750067293,1.826409345766383
1776515399.1147225,0.371137295468122,0.03988955777080545,0.36796202121844146,0.11903265215763517,0.6611282825469971,2.2038062103471745,2.168211916515096,1.0542951822280884,0.6611282825469971,1.3912492990493774,-0.14499856069553496,0.004139578034419333,1.8190384109360513
1776515399.1607535,0.37126740495237637,0.04924931964942048,0.3733617499747297,0.10856890654583315,0.6611282825469971,2.2038062103471745,2.168211916515096,1.0542951822280884,0.6611282825469971,1.3912492990493774,-0.14590002022566967,0.003068123155598901,1.8116244577247966
1776515399.2105777,0.37359998461834243,0.04183103781042158,0.3735213977524267,0.1055543179564443,0.6611282825469971,2.2038062103471745,2.168211916515096,1.0542951822280884,0.6611282825469971,1.3912492990493774,-0.146781039675282,0.002100830136912979,1.8042186346619697
1776515399.259726,0.3723141026660631,0.032023119734046875,0.37464333217905377,0.10260188111572209,0.6634819507598877,2.192656207647068,2.157518166417436,1.0403447151184082,0.6634819507598877,1.3839377164840698,-0.14749923951111762,0.0014264063829361184,1.796847003279919
1776515399.3127275,0.37059430795557974,0.021016215343463148,0.3679768575878165,0.10019304646810782,0.6634819507598877,2.192656207647068,2.157518166417436,1.0403447151184082,0.6634819507598877,1.3839377164840698,-0.14799166641107434,-0.06753973567235994,1.7895235766678113
1776515399.3617227,0.3678739457561291,0.014562639101392537,0.3684072050179573,0.07082947157722595,0.6634819507598877,2.192656207647068,2.157518166417436,1.0403447151184082,0.6634819507598877,1.3839377164840698,-0.1486224177625304,-0.0678983476851962,1.7822459325009874
1776515399.4098122,0.36687192918789124,0.0014651952108859624,0.3658941427598251,0.061047654990466244,0.6639798879623413,2.182044586795662,2.154979766537586,1.0476839542388916,0.6639798879623413,1.3788923025131226,-0.1491389611087968,-0.06803761712660439,1.7750167024538208
1776515399.459733,0.3604906466079351,-0.009251427952864303,0.3647529864999021,0.05961562069029565,0.6639798879623413,2.182044586795662,2.154979766537586,1.0476839542388916,0.6639798879623413,1.3788923025131226,-0.1495256593652008,-0.0679314772185724,1.7678523330584868
1776515399.5092206,0.3601428627127147,-0.023306485375421678,0.36023866706504837,0.058844373022074875,0.6627060770988464,2.169812450907387,2.148103246848914,1.0560576915740967,0.6627060770988464,1.3806928396224976,-0.1498184359842255,-0.06761432941961587,1.7607564099852078
1776515399.5609004,0.3601428627127147,-0.023306485375421678,0.36338290880338275,0.05702581036736676,0.6627060770988464,2.169812450907387,2.148103246848914,1.0560576915740967,0.6627060770988464,1.3806928396224976,-0.1498184359842255,-0.06761432941961587,1.7607564099852078
1776515399.6153598,0.3573931053320437,-0.03130696402728305,0.36338290880338275,0.05702581036736676,0.6627060770988464,2.169812450907387,2.148103246848914,1.0560576915740967,0.6627060770988464,1.3806928396224976,-0.15004561546297168,-0.06711005125336467,1.7537454911139612
1776515399.6598444,0.34997265995695437,-0.04998852542992331,0.3612800668341187,0.0567399617285544,0.6627060770988464,2.169812450907387,2.148103246848914,1.0560576915740967,0.6627060770988464,1.3806928396224976,-0.15046325420496062,-0.06630576640706565,1.744675015909157
1776515399.709839,0.34571087530193884,-0.04985992194265484,0.36251526137181583,0.07135767754389281,0.6552025079727173,2.1577962086666083,2.142424591039805,1.0495468378067017,0.6552025079727173,1.3922677040100098,-0.15124393351122256,-0.06530212088406184,1.7330856296543675
1776515399.7627738,0.34661793444281697,-0.01349900336691116,0.359520439137506,0.06974345768081222,0.6552025079727173,2.1577962086666083,2.142424591039805,1.0495468378067017,0.6552025079727173,1.3922677040100098,-0.15198443530596178,-0.06479074518030403,1.723684732552933
1776515399.8137357,0.34661793444281697,-0.01349900336691116,0.3608532105392503,0.0677601086379716,0.6552025079727173,2.1577962086666083,2.142424591039805,1.0495468378067017,0.6552025079727173,1.3922677040100098,-0.15198443530596178,-0.06479074518030403,1.723684732552933
1776515399.8609762,0.33775342282859194,-0.037512626828290006,0.3608532105392503,0.0677601086379716,0.6574933528900146,2.14375339675898,2.128207883688023,1.0626509189605713,0.6574933528900146,1.3853591680526733,-0.15231720614556385,-0.06427066885147292,1.7170369894177155
1776515399.9117384,0.33775342282859194,-0.037512626828290006,0.354147422971711,0.058338283452542175,0.6574933528900146,2.14375339675898,2.128207883688023,1.0626509189605713,0.6574933528900146,1.3853591680526733,-0.15231720614556385,-0.06427066885147292,1.7170369894177155
1776515399.9618773,0.33775342282859194,-0.037512626828290006,0.354147422971711,0.058338283452542175,0.6574933528900146,2.14375339675898,2.128207883688023,1.0626509189605713,0.6574933528900146,1.3853591680526733,-0.15231720614556385,-0.06427066885147292,1.7170369894177155
1776515400.0101583,0.32805774348058797,-0.07616693891128558,0.354147422971711,0.058338283452542175,0.6574933528900146,2.14375339675898,2.128207883688023,1.0626509189605713,0.6574933528900146,1.3853591680526733,-0.15243434281659096,-0.06336938348844257,1.710531029140825
1776515400.0599527,0.3182039512084198,-0.02655161578603607,0.3467813210295141,0.05884845873086905,0.6574933528900146,2.14375339675898,2.128207883688023,1.0626509189605713,0.6574933528900146,1.3853591680526733,-0.15279184795027084,-0.06271356283466112,1.704191680579576
1776515400.1115286,0.31775904068883043,0.028508858842687276,0.3416540318988398,0.05836179697468971,0.6531016230583191,2.1323533626643734,2.12300353788908,1.0598397254943848,0.6531016230583191,1.3955180644989014,-0.15341912717222606,-0.0626194753364735,1.6979427919403924
1776515400.1597173,0.31273489646698543,0.06785467510476836,0.349389915622755,0.06691086935263867,0.6531016230583191,2.1323533626643734,2.12300353788908,1.0598397254943848,0.6531016230583191,1.3955180644989014,-0.16116869089232702,-0.087958176675484,1.6916793742341807
1776515400.2096663,0.3056376093170965,0.10197411838578176,0.34686043248806164,0.034355506726633483,0.662158191204071,2.1272027371218645,2.120183572075467,1.0595688819885254,0.662158191204071,1.3901472091674805,-0.1628749085504352,-0.0897801095102082,1.6855423517044554
1776515400.2597358,0.3056376093170965,0.10197411838578176,0.3412340114204115,0.018262325431175286,0.662158191204071,2.1272027371218645,2.120183572075467,1.0595688819885254,0.662158191204071,1.3901472091674805,-0.1628749085504352,-0.0897801095102082,1.6855423517044554
1776515400.3117185,0.3016932328014067,0.09212904175017093,0.3412340114204115,0.018262325431175286,0.662158191204071,2.1272027371218645,2.120183572075467,1.0595688819885254,0.662158191204071,1.3901472091674805,-0.16465269574246252,-0.09176531769649143,1.679455322121681
1776515400.360057,0.2897824155427167,0.1020536358961706,0.33819510295602784,0.01252798997507662,0.662158191204071,2.1272027371218645,2.120183572075467,1.0595688819885254,0.662158191204071,1.3901472091674805,-0.16638709355143033,-0.09367001087846871,1.673647241700676
1776515400.4089758,0.2783359193807006,0.08931933120932907,0.3314496239996825,0.020549100736681203,0.6632181406021118,2.121248862183171,2.1145965199416015,1.035143494606018,0.6632181406021118,1.3970731496810913,-0.16807571430733845,-0.09557370279424848,1.6679561341614886
1776515400.459987,0.26136534913254617,0.06649115062334314,0.3235391755762286,0.015377380717433359,0.6632181406021118,2.121248862183171,2.1145965199416015,1.035143494606018,0.6632181406021118,1.3970731496810913,-0.16908418204850006,-0.09660997150944972,1.6626166699207672
1776515400.509925,0.25040503128597297,0.07715890077038376,0.31188650802075424,0.01274066559489409,0.6601449847221375,2.1161201681173254,2.1117041817154067,1.0553752183914185,0.6601449847221375,1.3913904428482056,-0.17040348406071126,-0.09802805959316707,1.6576929205732776
1776515400.559873,0.21876104606359598,0.052563289305646445,0.30519466711537213,-0.00012812221692104497,0.6601449847221375,2.1161201681173254,2.1117041817154067,1.0553752183914185,0.6601449847221375,1.3913904428482056,-0.1716523673569961,-0.09939965268874129,1.6531065665249176
1776515400.6091385,0.19454278520714352,0.04562768519064278,0.28407725685229657,-0.0030721655591968156,0.6601449847221375,2.1161201681173254,2.1117041817154067,1.0553752183914185,0.6601449847221375,1.3913904428482056,-0.17259833643616046,-0.10034846697136635,1.6490617327786672
1776515400.6627119,0.1812974354069488,0.021588192505428008,0.26438350689580464,0.0027456153829580887,0.6572755575180054,2.1123599949862317,2.1119291411012306,1.0351076126098633,0.6572755575180054,1.390468955039978,-0.17311810956585988,-0.10074923995784069,1.6453118703460408
1776515400.710041,0.1812974354069488,0.021588192505428008,0.25515040457630245,0.0016372195297549574,0.6572755575180054,2.1123599949862317,2.1119291411012306,1.0351076126098633,0.6572755575180054,1.390468955039978,-0.17311810956585988,-0.10074923995784069,1.6453118703460408
1776515400.760976,0.14919969747185552,-0.012885330390476919,0.2335802165811202,0.001985741204730551,0.6572755575180054,2.1123599949862317,2.1119291411012306,1.0351076126098633,0.6572755575180054,1.390468955039978,-0.1734223221151413,-0.10080457074128102,1.6421216036876463
1776515400.8098102,0.11258776180420386,-0.045920319863751814,0.2335802165811202,0.001985741204730551,0.6572755575180054,2.1123599949862317,2.1119291411012306,1.0351076126098633,0.6572755575180054,1.390468955039978,-0.17315789412245697,-0.10007988626305275,1.6395257384051907
1776515400.8608282,0.11258776180420386,-0.045920319863751814,0.21221101894168803,-0.0006282842506570019,0.659614086151123,2.106236786284345,2.10098553059465,1.0502532720565796,0.659614086151123,1.389829397201538,-0.17315789412245697,-0.10007988626305275,1.6395257384051907
1776515400.910343,0.08362854022735199,-0.04398067729546805,0.1937351390823147,0.0029684738488547635,0.659614086151123,2.106236786284345,2.10098553059465,1.0502532720565796,0.659614086151123,1.389829397201538,-0.1724562128172542,-0.09878105332322518,1.6376268092152282
1776515400.9605813,0.05752784351116188,0.07330223374869789,0.1801461587238787,0.0036248280123319376,0.659614086151123,2.106236786284345,2.10098553059465,1.0502532720565796,0.659614086151123,1.389829397201538,-0.17198154891618844,-0.0979450289300341,1.6363293801174592
1776515401.0099657,0.01746371895280967,-0.03374168659060016,0.18179260280359077,0.0046237613801594635,0.6658203601837158,2.103612432096095,2.1017347076902073,1.0422335863113403,0.6658203601837158,1.3929802179336548,-0.17224631998608209,-0.09809003820868245,1.6356206421299293
1776515401.0601847,0.044742270179223775,-0.16513324869117682,0.1532110186457998,0.005488010709646857,0.6658203601837158,2.103612432096095,2.1017347076902073,1.0422335863113403,0.6658203601837158,1.3929802179336548,-0.17084487147437016,-0.09624864015095991,1.6352045241708726
1776515401.1095767,0.044742270179223775,-0.16513324869117682,0.1673032870342421,0.009620426753824296,0.6658203601837158,2.103612432096095,2.1017347076902073,1.0422335863113403,0.6658203601837158,1.3929802179336548,-0.17084487147437016,-0.09624864015095991,1.6352045241708726
1776515401.1613057,0.1045977924951689,-0.4189087164699316,0.19933284342996815,0.025017919349488854,0.6646249890327454,2.0975855260287912,2.098250311632647,1.0731511116027832,0.6646249890327454,1.3883315324783325,-0.1658548602873312,-0.0900443820304897,1.6338356954325495
1776515401.2095203,0.0717453327442555,-0.4232325762699243,0.1817922524055536,0.03527127848037262,0.6646249890327454,2.0975855260287912,2.098250311632647,1.0731511116027832,0.6646249890327454,1.3883315324783325,-0.15919884859975086,-0.08171182198216176,1.6321740938292544
1776515401.2599123,0.11565471569243044,-0.5626789490394534,0.20698386253961712,0.06245211883070029,0.6596748232841492,2.0971755149406377,2.0912651501833115,1.0944151878356934,0.6596748232841492,1.3798813819885254,-0.15081287955969722,-0.07138674497319064,1.6303740260125927
1776515401.3091483,0.09150402093940885,-0.553658052283616,0.19033279279237358,0.08622428126464869,0.6596748232841492,2.0971755149406377,2.0912651501833115,1.0944151878356934,0.6596748232841492,1.3798813819885254,-0.14198294699049,-0.06063020701612887,1.6284279852415218
1776515401.3617294,0.088075303370002,-0.6080891117308009,0.19033279279237358,0.08622428126464869,0.6596748232841492,2.0971755149406377,2.0912651501833115,1.0944151878356934,0.6596748232841492,1.3798813819885254,-0.13210701780873238,-0.048540514584542116,1.6264476255672102
1776515401.411873,0.08712632804955947,-0.6053157305534681,0.1876030341209073,0.11991616196369657,0.6661781668663025,2.102387540600677,2.0883011423282234,1.1555585861206055,0.6661781668663025,1.382299780845642,-0.12205851952096947,-0.036167699403808484,1.6248212650394462
1776515401.4598408,0.09055970989026982,-0.62901524126309,0.19991060804816424,0.13061420595908232,0.6661781668663025,2.102387540600677,2.0883011423282234,1.1555585861206055,0.6661781668663025,1.382299780845642,-0.11145832158057295,-0.023217572909935758,1.6233046951852017
1776515401.5097084,0.09055970989026982,-0.62901524126309,0.2024771170857575,0.1664264085309351,0.6661781668663025,2.102387540600677,2.0883011423282234,1.1555585861206055,0.6661781668663025,1.382299780845642,-0.11145832158057295,-0.023217572909935758,1.6233046951852017
1776515401.55971,0.0968082148731765,-0.6706505962525204,0.2024771170857575,0.1664264085309351,0.6661781668663025,2.102387540600677,2.0883011423282234,1.1555585861206055,0.6661781668663025,1.382299780845642,-0.10055769659289937,-0.009913003534406606,1.6214709229320252
1776515401.610056,0.07616887147176384,-0.6001712769524753,0.20639329232423223,0.2031938604520867,0.6734269261360168,2.1114739660969715,2.089316909324269,1.213520884513855,0.6734269261360168,1.3712975978851318,-0.09019284598264907,0.0027535825459739094,1.6196794624685535
1776515401.6714082,0.07616887147176384,-0.6001712769524753,0.19876186315016353,0.2065991741540536,0.6734269261360168,2.1114739660969715,2.089316909324269,1.213520884513855,0.6734269261360168,1.3712975978851318,-0.09019284598264907,0.0027535825459739094,1.6196794624685535
1776515401.7107449,0.0834737464752174,-0.5848437275231771,0.19876186315016353,0.2065991741540536,0.6734269261360168,2.1114739660969715,2.089316909324269,1.213520884513855,0.6734269261360168,1.3712975978851318,-0.08028816840295724,0.014920398664280299,1.618089408835932
1776515401.7617376,0.07977291230637931,-0.5602468177876092,0.20478470439888558,0.23985534581036522,0.6734269261360168,2.1114739660969715,2.089316909324269,1.213520884513855,0.6734269261360168,1.3712975978851318,-0.0707865645914948,0.026606133531024145,1.6165129801637184
1776515401.8135355,0.06943715691188702,-0.5581349201266531,0.20992214273406884,0.24798964954379826,0.6804907321929932,2.1186965591481832,2.085871284533112,1.265284776687622,0.6804907321929932,1.3670531511306763,-0.06143498011729018,0.03809490444009089,1.6152038485065654
1776515401.8608518,0.09329621313252255,-0.585600493146434,0.20423540277355973,0.28003255536186034,0.6804907321929932,2.1186965591481832,2.085871284533112,1.265284776687622,0.6804907321929932,1.3670531511306763,-0.05149381194447969,0.05021104228522599,1.613537960616464
1776515401.9126618,0.09329621313252255,-0.585600493146434,0.21972793214632433,0.3128833361906955,0.6787874698638916,2.1252458345327634,2.081371216743799,1.364688754081726,0.6787874698638916,1.3527650833129883,-0.05149381194447969,0.05021104228522599,1.613537960616464
1776515401.9597344,0.07260728845977783,-0.512822394518089,0.21629940044901505,0.3032464042542233,0.6787874698638916,2.1252458345327634,2.081371216743799,1.364688754081726,0.6787874698638916,1.3527650833129883,-0.04236229861411403,0.06136069186794746,1.6120605860944084
1776515402.009822,0.03530053925182064,-0.3323777769443474,0.21629940044901505,0.3032464042542233,0.6787874698638916,2.1252458345327634,2.081371216743799,1.364688754081726,0.6787874698638916,1.3527650833129883,-0.03543770184044415,0.06982690825630167,1.6109193182160442
1776515402.0591211,0.03530053925182064,-0.3323777769443474,0.19787049279653057,0.32759618173906135,0.6787874698638916,2.1252458345327634,2.081371216743799,1.364688754081726,0.6787874698638916,1.3527650833129883,-0.03543770184044415,0.06982690825630167,1.6109193182160442
1776515402.1183228,-0.02707872267118778,-0.19562324596177122,0.16188194119544358,0.34157948432632335,0.6796611547470093,2.129391490475763,2.0787060465196125,1.3933771848678589,0.6796611547470093,1.3588498830795288,-0.03190680595958598,0.07445875261550272,1.6109680058686966
1776515402.160332,0.01187580430956316,0.11230395857298761,0.1700185367066557,0.3364612643421364,0.6796611547470093,2.129391490475763,2.0787060465196125,1.3933771848678589,0.6796611547470093,1.3588498830795288,-0.03228746163877136,0.07450105619082104,1.6116472151379364
1776515402.2220612,0.01187580430956316,0.11230395857298761,0.20318390144868484,0.33325958240480724,0.6796611547470093,2.129391490475763,2.0787060465196125,1.3933771848678589,0.6796611547470093,1.3588498830795288,-0.03228746163877136,0.07450105619082104,1.6116472151379364
1776515402.2609396,0.11012842787022638,0.4005946251456013,0.20318390144868484,0.33325958240480724,0.6804813742637634,2.1246440145398156,2.077473931701039,1.3517347574234009,0.6804813742637634,1.3625359535217285,-0.03740407956067901,0.06811437819255994,1.6101531201427368
1776515402.3126965,0.1291593199094972,0.4721444976645126,0.3041308892768443,0.30056206339149893,0.6804813742637634,2.1246440145398156,2.077473931701039,1.3517347574234009,0.6804813742637634,1.3625359535217285,-0.05321074604538273,0.04858358224408521,1.6045073137671564
1776515402.3597612,0.1639073064649851,0.4917478691602221,0.28174051002650524,0.27365112349260035,0.6832756400108337,2.1185151104238935,2.079428467225126,1.2992252111434937,0.6832756400108337,1.3676844835281372,-0.06162916330970589,0.03810885161138211,1.6010812707863469
1776515402.4097364,0.20673482696627532,0.45518048255566074,0.2990579740510534,0.26200585835470336,0.6832756400108337,2.1185151104238935,2.079428467225126,1.2992252111434937,0.6832756400108337,1.3676844835281372,-0.0691640249728839,0.028588319428615172,1.597633198704601
1776515402.4608397,0.19575408313014425,0.4415863136697622,0.3247727818274613,0.23496088514858202,0.6832756400108337,2.1185151104238935,2.079428467225126,1.2992252111434937,0.6832756400108337,1.3676844835281372,-0.07544286009154497,0.018479571477528545,1.5935251825030208
1776515402.5098338,0.18772045077075902,0.38280283493583556,0.31678995534320165,0.21317405827452676,0.6815997958183289,2.113288472803735,2.0807362015798985,1.2394276857376099,0.6815997958183289,1.363929271697998,-0.08357697668887396,0.009416353468997496,1.589629387640807
1776515402.5597448,0.11511599603454592,0.26773468084892027,0.2972112790147786,0.20534403392520784,0.6815997958183289,2.113288472803735,2.0807362015798985,1.2394276857376099,0.6815997958183289,1.363929271697998,-0.08871930080794968,0.003357935772883458,1.5867853503992053
1776515402.6098247,0.044996795671000345,0.09542885374863554,0.19732610431635011,0.1870738139652243,0.6722766757011414,2.109863325581299,2.0768172704968917,1.2110002040863037,0.6722766757011414,1.3714652061462402,-0.090647879584455,0.0004171077212538066,1.5852584530795566
1776515402.65978,0.03654330845403147,0.021888122003213762,0.18905233798215923,0.20892690872971126,0.6722766757011414,2.109863325581299,2.0768172704968917,1.2110002040863037,0.6722766757011414,1.3714652061462402,-0.09104068342315075,-0.001415553187630092,1.5845882880502336
1776515402.710835,0.03465288714507252,0.015282583232914418,0.18774173945154113,0.21080491554973282,0.6722766757011414,2.109863325581299,2.0768172704968917,1.2110002040863037,0.6722766757011414,1.3714652061462402,-0.09040374204283921,-0.0015353816808345577,1.583809186069942
1776515402.7608025,0.03870504657992326,-0.026163856643850906,0.18853096456069413,0.19632706251959553,0.682036280632019,2.1111282176931736,2.0818126018767797,1.2209304571151733,0.682036280632019,1.365772008895874,-0.08967622646882345,-0.0014954801577156118,1.5830487469094425
1776515402.8137162,0.04696507136595884,-0.07566844267344196,0.18853096456069413,0.19632706251959553,0.682036280632019,2.1111282176931736,2.0818126018767797,1.2209304571151733,0.682036280632019,1.365772008895874,-0.08828048487923756,-0.00048165280546630385,1.5821690323080355
1776515402.8608546,0.0620675212159434,-0.1576199558256368,0.19264342288768563,0.20059586971668564,0.682036280632019,2.1111282176931736,2.0818126018767797,1.2209304571151733,0.682036280632019,1.365772008895874,-0.08597823076484551,0.001792596024327242,1.5810707666287245
1776515402.913069,0.0620675212159434,-0.1576199558256368,0.20035290238701814,0.20782780838407242,0.6878702044487,2.109807574230692,2.0732672196992774,1.2215521335601807,0.6878702044487,1.3494853973388672,-0.08597823076484551,0.001792596024327242,1.5810707666287245
1776515402.9607184,0.10043620701284299,-0.25356994653828635,0.19100600634360806,0.1952377107365197,0.6878702044487,2.109807574230692,2.0732672196992774,1.2215521335601807,0.6878702044487,1.3494853973388672,-0.08209392542990882,0.0061848252838379025,1.5794557453123932
1776515403.0118055,0.1270244320906899,-0.24561930335202184,0.21339297869728535,0.20710382879355954,0.6878702044487,2.109807574230692,2.0732672196992774,1.2215521335601807,0.6878702044487,1.3494853973388672,-0.07782680864212982,0.011044015291334475,1.5772143886530798
1776515403.0597122,0.16604698568661416,-0.2220572243212795,0.23104022807627897,0.220445621683181,0.6936739087104797,2.113932126049197,2.077621217719286,1.2601771354675293,0.6936739087104797,1.353074312210083,-0.07363658528449943,0.01582611044469706,1.5742565272156839
1776515403.1128478,0.1944690589283949,-0.1599097428562741,0.2660812991552207,0.2161699611535729,0.6936739087104797,2.113932126049197,2.077621217719286,1.2601771354675293,0.6936739087104797,1.353074312210083,-0.07023163580526207,0.01972429043945123,1.5705719182111284
1776515403.1599948,0.22074360956702005,-0.09523809003352547,0.28625218187225,0.2264487499531056,0.6936739087104797,2.113932126049197,2.077621217719286,1.2601771354675293,0.6936739087104797,1.353074312210083,-0.06788937779746229,0.022418090652532197,1.5663453690127993
1776515403.2128386,0.22074360956702005,-0.09523809003352547,0.30500314742421486,0.23324428618406992,0.6887304782867432,2.1158238852277713,2.073875478990239,1.2915608882904053,0.6887304782867432,1.3517147302627563,-0.06788937779746229,0.022418090652532197,1.5663453690127993
1776515403.261959,0.24907489934117985,-0.00997521115120816,0.32913068553563357,0.22887505336039832,0.6887304782867432,2.1158238852277713,2.073875478990239,1.2915608882904053,0.6887304782867432,1.3517147302627563,-0.06686199978981663,0.023605023118512758,1.5615795505928967
1776515403.3107204,0.2788172926689405,0.09026877896544067,0.32913068553563357,0.22887505336039832,0.6887304782867432,2.1158238852277713,2.073875478990239,1.2915608882904053,0.6887304782867432,1.3517147302627563,-0.06745182449057954,0.02291789134751232,1.5562414638847457
1776515403.359704,0.2788172926689405,0.09026877896544067,0.3507559693987726,0.22563095685772988,0.6887304782867432,2.1158238852277713,2.073875478990239,1.2915608882904053,0.6887304782867432,1.3517147302627563,-0.06745182449057954,0.02291789134751232,1.5562414638847457
1776515403.409716,0.3079980719567807,0.20001068636164115,0.3507559693987726,0.22563095685772988,0.6924770474433899,2.1139212262288605,2.0667291226556403,1.274093508720398,0.6924770474433899,1.3581165075302124,-0.0699121925264824,0.02003706076844658,1.5503108105432093
1776515403.459723,0.31929360702911336,0.3316076431168362,0.37352676091822246,0.2260503627297784,0.6924770474433899,2.1139212262288605,2.0667291226556403,1.274093508720398,0.6924770474433899,1.3581165075302124,-0.07448787507280405,0.014636467604145498,1.543930775317112
1776515403.5109193,0.31929360702911336,0.3316076431168362,0.3837689435101558,0.20997466386950664,0.6924770474433899,2.1139212262288605,2.0667291226556403,1.274093508720398,0.6924770474433899,1.3581165075302124,-0.07448787507280405,0.014636467604145498,1.543930775317112
1776515403.560773,0.32253759098075147,0.4583827489922722,0.38850831921059537,0.18673910443855998,0.6960750818252563,2.1115413817071342,2.071837543721829,1.23827064037323,0.6960750818252563,1.3509653806686401,-0.08127110141560923,0.006565277071089781,1.5374971391270889
1776515403.6105824,0.3184574489946716,0.5780352231515549,0.37847835817121755,0.1603092461639133,0.6960750818252563,2.1115413817071342,2.071837543721829,1.23827064037323,0.6960750818252563,1.3509653806686401,-0.08997629626315404,-0.00388137739597072,1.5310703662191756
1776515403.659672,0.28732704645685825,0.7914996670923501,0.3746593286643063,0.12437854274902953,0.6927061676979065,2.10269621965733,2.0663308869861665,1.1854654550552368,0.6927061676979065,1.3591687679290771,-0.11288319664960117,-0.031753745643215314,1.5188253683439357
1776515403.7127037,0.2584263986084613,0.8450681946603651,0.3585905789582431,0.1108089706380985,0.6927061676979065,2.10269621965733,2.0663308869861665,1.1854654550552368,0.6927061676979065,1.3591687679290771,-0.12633225092935466,-0.04834694180302446,1.5134008405056891
1776515403.759932,0.2604606442312624,0.8184057877100145,0.3401510461261472,0.0661770209811338,0.6927061676979065,2.10269621965733,2.0663308869861665,1.1854654550552368,0.6927061676979065,1.3591687679290771,-0.1396987103446241,-0.06497279476888496,1.5082585206577936
1776515403.8117251,0.2604606442312624,0.8184057877100145,0.33940560326602853,0.020852099060486462,0.6891424655914307,2.0944805649780323,2.0705932260686226,1.1225860118865967,0.6891424655914307,1.3603534698486328,-0.1396987103446241,-0.06497279476888496,1.5082585206577936
1776515403.8597248,0.24765209168337068,0.7556795414311819,0.31906396250726654,0.0021291186909975224,0.6891424655914307,2.0944805649780323,2.0705932260686226,1.1225860118865967,0.6891424655914307,1.3603534698486328,-0.15213794952488144,-0.08059541499470058,1.5032523378822353
1776515403.9097333,0.23973433496169902,0.6849347307931609,0.3109745965226324,-0.03564399310821614,0.6891424655914307,2.0944805649780323,2.0705932260686226,1.1225860118865967,0.6891424655914307,1.3603534698486328,-0.1633820905331626,-0.09484023733105218,1.4984891414513226
1776515403.9614685,0.22758255219081927,0.621217582555547,0.309403797703198,-0.018123111740474374,0.6887103319168091,2.087269672632879,2.0708853382141674,1.0830022096633911,0.6887103319168091,1.3672860860824585,-0.1842156647723115,-0.10772604804208274,1.4938673585460318
1776515404.0107243,0.21650356235218254,0.5684707713551599,0.29749462247298675,-0.08288794678030992,0.6887103319168091,2.087269672632879,2.0708853382141674,1.0830022096633911,0.6887103319168091,1.3672860860824585,-0.19464495698290307,-0.11964749744894299,1.4895112517992362
1776515404.0595267,0.20981782672349245,0.5165579032442259,0.28790588667502864,-0.11729533023074062,0.6887103319168091,2.087269672632879,2.0708853382141674,1.0830022096633911,0.6887103319168091,1.3672860860824585,-0.20399575637870015,-0.13041732711048715,1.4853310121609158
1776515404.1095388,0.20629030691822667,0.4804835412556831,0.2812655642899678,-0.14828095882229714,0.6815289855003357,2.0799188435243083,2.071598768471579,1.0249823331832886,0.6815289855003357,1.3601642847061157,-0.21254367931247464,-0.14033456435430525,1.4812646144809407
1776515404.1680658,0.20629030691822667,0.4804835412556831,0.2630453384479973,-0.15675124027292459,0.6815289855003357,2.0799188435243083,2.071598768471579,1.0249823331832886,0.6815289855003357,1.3601642847061157,-0.21254367931247464,-0.14033456435430525,1.4812646144809407
1776515404.2091627,0.20306362141595025,0.449294508792592,0.2630453384479973,-0.15675124027292459,0.6815289855003357,2.0799188435243083,2.071598768471579,1.0249823331832886,0.6815289855003357,1.3601642847061157,-0.2204156871296667,-0.14953261647353333,1.4772788186135817
1776515404.2606652,0.20375306650432964,0.3523272644669443,0.25932771044142594,-0.18300217649972672,0.6815289855003357,2.0799188435243083,2.071598768471579,1.0249823331832886,0.6815289855003357,1.3601642847061157,-0.22706983213214696,-0.15736241524358796,1.4733067644917381
1776515404.3092487,0.20375306650432964,0.3523272644669443,0.2620301693238968,-0.19661756381730933,0.6819722652435303,2.076289147055888,2.0706092284384363,1.0177068710327148,0.6819722652435303,1.3703497648239136,-0.22706983213214696,-0.15736241524358796,1.4733067644917381
1776515404.3593237,0.2064576173814775,0.2688690464678772,0.2620301693238968,-0.19661756381730933,0.6819722652435303,2.076289147055888,2.0706092284384363,1.0177068710327148,0.6819722652435303,1.3703497648239136,-0.23225009250767784,-0.16349811092001687,1.4693100846906966
1776515404.4114125,0.21266869771026348,0.21029305845378404,0.2609797693595936,-0.21394108901392173,0.6819722652435303,2.076289147055888,2.0706092284384363,1.0177068710327148,0.6819722652435303,1.3703497648239136,-0.23621415646972602,-0.1682233202091834,1.4652315262802185
1776515404.459402,0.22061541269648374,0.1376698570097086,0.2629607674094273,-0.2273631440474676,0.6687062978744507,2.0741897191194116,2.069491695597793,0.9932208061218262,0.6687062978744507,1.373787522315979,-0.23908550058918243,-0.17166734591042587,1.4610280495265113
1776515404.5121362,0.23229411395132177,0.0570100136482736,0.2625108234821193,-0.21571720685580953,0.6687062978744507,2.0741897191194116,2.069491695597793,0.9932208061218262,0.6687062978744507,1.373787522315979,-0.24069761860122302,-0.17361196666944512,1.4566166684636643
1776515404.56239,0.23229411395132177,0.0570100136482736,0.2676296362274937,-0.22135962603905152,0.6687062978744507,2.0741897191194116,2.069491695597793,0.9932208061218262,0.6687062978744507,1.373787522315979,-0.24069761860122302,-0.17361196666944512,1.4566166684636643
1776515404.6732664,0.23229411395132177,0.0570100136482736,0.2676296362274937,-0.22135962603905152,0.6687062978744507,2.0741897191194116,2.069491695597793,0.9932208061218262,0.6687062978744507,1.373787522315979,-0.24069761860122302,-0.17361196666944512,1.4566166684636643
1776515404.8837793,0.24407426750000988,-0.023306454482435037,0.2676296362274937,-0.22135962603905152,0.6687062978744507,2.0741897191194116,2.069491695597793,0.9932208061218262,0.6687062978744507,1.373787522315979,-0.24069761860122302,-0.17361196666944512,1.4566166684636643
1776515404.9113722,0.24788104065810698,-0.0062127777437503305,0.27831866729306387,-0.22722839800581268,0.6798569560050964,2.0724565554944374,2.0686818519992576,0.990497350692749,0.6798569560050964,1.3762469291687012,-0.2405161763803335,-0.1733863249211045,1.4471190583015774
1776515404.9603958,0.2518104614311002,0.0034511126908397353,0.27831866729306387,-0.22722839800581268,0.6798569560050964,2.0724565554944374,2.0686818519992576,0.990497350692749,0.6798569560050964,1.3762469291687012,-0.24047091858332442,-0.17331490126624516,1.4419963494566772
1776515405.0124383,0.2518104614311002,0.0034511126908397353,0.27831866729306387,-0.22722839800581268,0.6798569560050964,2.0724565554944374,2.0686818519992576,0.990497350692749,0.6798569560050964,1.3762469291687012,-0.24047091858332442,-0.17331490126624516,1.4419963494566772
1776515405.0649276,0.25680390713070966,0.007075020470981831,0.27650401361930044,-0.22302531966812167,0.6760944128036499,2.071961755172507,2.066072968783039,0.9817371964454651,0.6760944128036499,1.3666934967041016,-0.23944155298517897,-0.17172296722587888,1.432262703702362
1776515405.114617,0.2586890881725499,0.004826693211445082,0.27762426997585066,-0.21958087550352023,0.6760944128036499,2.071961755172507,2.066072968783039,0.9817371964454651,0.6760944128036499,1.3666934967041016,-0.23846464139267518,-0.170195560238239,1.4226949915867608
1776515405.1598873,0.2586890881725499,0.004826693211445082,0.27762426997585066,-0.21958087550352023,0.6760944128036499,2.071961755172507,2.066072968783039,0.9817371964454651,0.6760944128036499,1.3666934967041016,-0.23846464139267518,-0.170195560238239,1.4226949915867608
1776515405.30992,0.2586890881725499,0.004826693211445082,0.27762426997585066,-0.21958087550352023,0.6760944128036499,2.071961755172507,2.066072968783039,0.9817371964454651,0.6760944128036499,1.3666934967041016,-0.23846464139267518,-0.170195560238239,1.4226949915867608
1776515405.3675559,0.2911952083781189,0.009082466571981201,0.29962048940669106,-0.2283004529646428,0.6802096366882324,2.0711687461410158,2.0634893221966,0.9923152923583984,0.6802096366882324,1.3647640943527222,-0.23848086522315698,-0.17019638025258255,1.41747794960142
1776515405.4103806,0.2911952083781189,0.009082466571981201,0.29962048940669106,-0.2283004529646428,0.6802096366882324,2.0711687461410158,2.0634893221966,0.9923152923583984,0.6802096366882324,1.3647640943527222,-0.23848086522315698,-0.17019638025258255,1.41747794960142
1776515405.4645684,0.2951273637091731,-0.01023921867294922,0.30155227981164445,-0.22850761156014793,0.6802096366882324,2.0711687461410158,2.0634893221966,0.9923152923583984,0.6802096366882324,1.3647640943527222,-0.23852401689272762,-0.1702618172697017,1.4117213598924168
1776515405.5123627,0.2951273637091731,-0.01023921867294922,0.30155227981164445,-0.22850761156014793,0.6802096366882324,2.0711687461410158,2.0634893221966,0.9923152923583984,0.6802096366882324,1.3647640943527222,-0.23852401689272762,-0.1702618172697017,1.4117213598924168
1776515405.564549,0.2930222551757584,-0.021291631655136874,0.30155227981164445,-0.22850761156014793,0.6802096366882324,2.0711687461410158,2.0634893221966,0.9923152923583984,0.6802096366882324,1.3647640943527222,-0.23829487006842998,-0.16996960670716232,1.4060244775573385
1776515405.6091697,0.2930222551757584,-0.021291631655136874,0.29986219582327966,-0.22758742547434763,0.6755039691925049,2.070985904785354,2.061356006805908,0.9872974157333374,0.6755039691925049,1.377724289894104,-0.23829487006842998,-0.16996960670716232,1.4060244775573385
1776515405.6644251,0.31227123464772305,-0.0368446094726461,0.3064534879151507,-0.21277361642764553,0.6755039691925049,2.070985904785354,2.061356006805908,0.9872974157333374,0.6755039691925049,1.377724289894104,-0.23785113653069354,-0.16940028133270957,1.39999307934993
1776515405.7358751,0.3142779631735813,-0.05184602961274368,0.3183452788576635,-0.21187105673873152,0.6755039691925049,2.070985904785354,2.061356006805908,0.9872974157333374,0.6755039691925049,1.377724289894104,-0.2538748536952743,-0.16843386729371623,1.3938947382406408
1776515405.779766,0.3142779631735813,-0.05184602961274368,0.3170303821142939,-0.2577232028605201,0.6755039691925049,2.070985904785354,2.061356006805908,0.9872974157333374,0.6755039691925049,1.377724289894104,-0.2538748536952743,-0.16843386729371623,1.3938947382406408
1776515405.8101106,0.3284285507148653,-0.056033020604123816,0.3170303821142939,-0.2577232028605201,0.6751524209976196,2.0711472229644396,2.062011156063061,0.9922816753387451,0.6751524209976196,1.3743047714233398,-0.252913910821046,-0.16731562047593362,1.3875550582298355
1776515405.8633158,0.3342360796311938,-0.05611572423824074,0.32470758390899923,-0.2589626438352316,0.6751524209976196,2.0711472229644396,2.062011156063061,0.9922816753387451,0.6751524209976196,1.3743047714233398,-0.2519360998819504,-0.1661683384581587,1.3810849124917823
1776515405.9091766,0.3421034452160883,-0.056083833126622414,0.32844697816670587,-0.25583655667947425,0.6751524209976196,2.0711472229644396,2.062011156063061,0.9922816753387451,0.6751524209976196,1.3743047714233398,-0.2519360998819504,-0.1661683384581587,1.3810849124917823
1776515405.9664147,0.3421034452160883,-0.056083833126622414,0.32844697816670587,-0.25583655667947425,0.6751524209976196,2.0711472229644396,2.062011156063061,0.9922816753387451,0.6751524209976196,1.3743047714233398,-0.2519360998819504,-0.1661683384581587,1.3810849124917823
1776515406.0127063,0.3405858968421212,-0.05421718008134694,0.3404838001600427,-0.25598927712531105,0.6887698769569397,2.070394061154287,2.0559270112457373,0.9935377240180969,0.6887698769569397,1.3829350471496582,-0.25002034076358715,-0.16389654997389203,1.3678483237876187
1776515406.0634093,0.3405858968421212,-0.05421718008134694,0.33957497160960226,-0.25271470846712685,0.6887698769569397,2.070394061154287,2.0559270112457373,0.9935377240180969,0.6887698769569397,1.3829350471496582,-0.25002034076358715,-0.16389654997389203,1.3678483237876187
1776515406.110096,0.32960344780469464,-0.05075480025005286,0.33263955131927536,-0.24923818463362762,0.6887698769569397,2.070394061154287,2.0559270112457373,0.9935377240180969,0.6887698769569397,1.3829350471496582,-0.24911826064432152,-0.16280475000135564,1.3613369821110612
1776515406.1601734,0.31809694789628495,-0.036820387277235564,0.33263955131927536,-0.24923818463362762,0.6887698769569397,2.070394061154287,2.0559270112457373,0.9935377240180969,0.6887698769569397,1.3829350471496582,-0.24833703864645135,-0.16186651362921012,1.355086281791649
1776515406.2129183,0.31809694789628495,-0.036820387277235564,0.31427197386930295,-0.24090431122508654,0.6778296828269958,2.071058938505471,2.0578237170364364,0.9785860776901245,0.6778296828269958,1.3706694841384888,-0.24833703864645135,-0.16186651362921012,1.355086281791649
1776515406.2752578,0.31809694789628495,-0.036820387277235564,0.31427197386930295,-0.24090431122508654,0.6778296828269958,2.071058938505471,2.0578237170364364,0.9785860776901245,0.6778296828269958,1.3706694841384888,-0.24833703864645135,-0.16186651362921012,1.355086281791649
1776515406.3099008,0.3201559353074799,-0.04869446365570405,0.31527377493114334,-0.24094992121068243,0.6778296828269958,2.071058938505471,2.0578237170364364,0.9785860776901245,0.6778296828269958,1.3706694841384888,-0.24759387484397255,-0.16095911249725958,1.3489033378029656
1776515406.359114,0.32609609427433306,-0.04467319898735494,0.31527275697130486,-0.2383935010355966,0.6778296828269958,2.071058938505471,2.0578237170364364,0.9785860776901245,0.6778296828269958,1.3706694841384888,-0.246861249161343,-0.1600584033836001,1.3426338568356884
1776515406.4101634,0.33114399293271896,-0.04240184594311991,0.31918428582164976,-0.23609125374941303,0.6771591305732727,2.069338478389214,2.0497347532663164,0.9842557907104492,0.6771591305732727,1.3661850690841675,-0.24616463777687236,-0.15919253529486088,1.3362566053448008
1776515406.463396,0.335816899732329,-0.044526956895661135,0.32062495620571085,-0.23572387668627626,0.6771591305732727,2.069338478389214,2.0497347532663164,0.9842557907104492,0.6771591305732727,1.3661850690841675,-0.24544922923291612,-0.1582963314701611,1.329784798380491
1776515406.518796,0.33448521007011217,-0.05094830127344796,0.32252067236853976,-0.23088982041688533,0.6834552884101868,2.0704478438423255,2.05033833692571,0.9962839484214783,0.6834552884101868,1.376552700996399,-0.2447392177979284,-0.1573976022470247,1.323250399918284
1776515406.5602818,0.3171428863830367,-0.05293545457909607,0.3315340708063309,-0.23327472539860244,0.6834552884101868,2.0704478438423255,2.05033833692571,0.9962839484214783,0.6834552884101868,1.376552700996399,-0.24387149037107025,-0.1562899813684031,1.3169915645793377
1776515406.6090634,0.30266174482853847,-0.007611271158592862,0.3203746712881326,-0.22965265919265376,0.6834552884101868,2.0704478438423255,2.05033833692571,0.9962839484214783,0.6834552884101868,1.376552700996399,-0.2430917448157891,-0.1553302314951388,1.3110679198985047
1776515406.6592305,0.30266174482853847,-0.007611271158592862,0.31231202618540377,-0.2265604915408705,0.6862077713012695,2.068474443283046,2.0427758552181623,0.9969658255577087,0.6862077713012695,1.373786449432373,-0.2430917448157891,-0.1553302314951388,1.3110679198985047
1776515406.7106588,0.3020307014317121,-0.018972112421455006,0.31033772272983184,-0.22752777647740863,0.6862077713012695,2.068474443283046,2.0427758552181623,0.9969658255577087,0.6862077713012695,1.373786449432373,-0.24286926263258624,-0.15504444858125277,1.305238019127465
1776515406.7592916,0.28963869317996827,0.004856271387855587,0.3029748466681379,-0.22681404923754273,0.6862077713012695,2.068474443283046,2.0427758552181623,0.9969658255577087,0.6862077713012695,1.373786449432373,-0.2427846835218036,-0.1549349451556843,1.2995644135896218
1776515406.812269,0.2859749105957325,0.01770020549812545,0.29886829221904354,-0.2717015192864233,0.6820630431175232,2.0675597031506867,2.0405739766414457,1.0019607543945312,0.6820630431175232,1.375344157218933,-0.25836040497695045,-0.15510310588205511,1.2939834820773408
1776515406.8601608,0.27858404772354894,0.030648483749805142,0.2958068666658507,-0.2696372248310783,0.6820630431175232,2.0675597031506867,2.0405739766414457,1.0019607543945312,0.6820630431175232,1.375344157218933,-0.25873115700478067,-0.15553491627285565,1.2885645116798776
1776515406.9144232,0.2745432598184565,0.03417324152831972,0.2958068666658507,-0.2696372248310783,0.6789454221725464,2.067850619085843,2.042138088432931,1.0037517547607422,0.6789454221725464,1.3699443340301514,-0.2592638117004987,-0.15614277983788982,1.2832736183979956
1776515406.9694796,0.3218169998664314,0.10384223519850266,0.28983157985380437,-0.27357760505557377,0.6789454221725464,2.067850619085843,2.042138088432931,1.0037517547607422,0.6789454221725464,1.3699443340301514,-0.26025245120335283,-0.15730734865021434,1.2774465395883898
1776515407.011231,0.328935657412559,0.06408882592422174,0.32515215175105133,-0.2824270820382855,0.6789454221725464,2.067850619085843,2.042138088432931,1.0037517547607422,0.6789454221725464,1.3699443340301514,-0.26131670072055574,-0.15858181917793646,1.2711737716288725
1776515407.059261,0.3222282648762593,0.06012992047816895,0.32515215175105133,-0.2824270820382855,0.6789454221725464,2.067850619085843,2.042138088432931,1.0037517547607422,0.6789454221725464,1.3699443340301514,-0.26230546275064276,-0.15977290044865233,1.2649380157094847
1776515407.110074,0.3784868848626483,0.09258712672913565,0.31694522157339355,-0.2761838329760932,0.6626896858215332,2.068360830323769,2.041139401467256,1.0072916746139526,0.6626896858215332,1.3661130666732788,-0.26346071175192526,-0.16116460535648214,1.2577962064248487
1776515407.160122,0.3544228956109733,0.03518383488934855,0.35367560353437505,-0.2821222094812804,0.6626896858215332,2.068360830323769,2.041139401467256,1.0072916746139526,0.6626896858215332,1.3661130666732788,-0.26346071175192526,-0.16116460535648214,1.2577962064248487
1776515407.2100356,0.37617335509640437,0.06509928271565421,0.3365235216197018,-0.2850006730607671,0.6833406090736389,2.067066552460359,2.0397593963050635,0.9936703443527222,0.6833406090736389,1.3655990362167358,-0.2646190766006798,-0.1625809284653128,1.2508380109174584
1776515407.2603095,0.37617335509640437,0.06509928271565421,0.35085724545479813,-0.299651263510137,0.6833406090736389,2.067066552460359,2.0397593963050635,0.9936703443527222,0.6833406090736389,1.3655990362167358,-0.26540837382117294,-0.16354666581917598,1.2437604659990957
1776515407.3093088,0.3652812607536447,-0.01968135860379271,0.35085724545479813,-0.299651263510137,0.6833406090736389,2.067066552460359,2.0397593963050635,0.9936703443527222,0.6833406090736389,1.3655990362167358,-0.2656065920042346,-0.16380203990922038,1.2366190543504292
1776515407.3593993,0.37913909809095164,-0.010793331743859312,0.350562700620831,-0.29933679534991103,0.6783590316772461,2.0657509748412988,2.0348047471117248,0.9859196543693542,0.6783590316772461,1.3680390119552612,-0.2653653911938525,-0.16349635949800723,1.2294040175131977
1776515407.4146523,0.36719482220889943,-0.02082054447784978,0.35024387846461963,-0.2894652363198639,0.6783590316772461,2.0657509748412988,2.0348047471117248,0.9859196543693542,0.6783590316772461,1.3680390119552612,-0.2651368292170771,-0.16320743621689404,1.222204050358063
1776515407.4602435,0.34780087831689516,-0.019559645141888026,0.3422576165538491,-0.2881888798942355,0.6783590316772461,2.0657509748412988,2.0348047471117248,0.9859196543693542,0.6783590316772461,1.3680390119552612,-0.2648684481431591,-0.16285853285730933,1.2153221471364528
1776515407.5133154,0.34780087831689516,-0.019559645141888026,0.32980614619413584,-0.2865358037621195,0.682056188583374,2.0645830562333063,2.032524862909179,0.9943262934684753,0.682056188583374,1.3683401346206665,-0.2648684481431591,-0.16285853285730933,1.2153221471364528
1776515407.5602608,0.34054664762431885,-0.020327970480477946,0.32721048100005856,-0.2905657280739411,0.682056188583374,2.0645830562333063,2.032524862909179,0.9943262934684753,0.682056188583374,1.3683401346206665,-0.2646289887941883,-0.16255321468903716,1.2087206795818262
1776515407.6097026,0.33924649738326657,-0.016585462515892452,0.32642195509517546,-0.28971502538967625,0.682056188583374,2.0645830562333063,2.032524862909179,0.9943262934684753,0.682056188583374,1.3683401346206665,-0.26440407437379254,-0.1622594482800448,1.2021906774829036
1776515407.6590443,0.3441524681369883,-0.016253217520785332,0.32642195509517546,-0.28971502538967625,0.6764470934867859,2.065077505047734,2.0305042948474634,1.0047458410263062,0.6764470934867859,1.374677300453186,-0.264188025888625,-0.16197488036126373,1.19562135748432
1776515407.7089193,0.3496352141369471,-0.01589179088022096,0.334479600322641,-0.2834823308156534,0.6764470934867859,2.065077505047734,2.0305042948474634,1.0047458410263062,0.6764470934867859,1.374677300453186,-0.2800768999596362,-0.1616957022083727,1.1889412300331932
1776515407.7592757,0.35734759527698384,-0.01646337502569309,0.33583429842779977,-0.3293814130899765,0.6764470934867859,2.065077505047734,2.0305042948474634,1.0047458410263062,0.6764470934867859,1.374677300453186,-0.2798280596609668,-0.16139664289130362,1.1821341439214856
1776515407.809587,0.36577707868400605,-0.014671247596605659,0.34070627149735633,-0.3287693630938856,0.6850956082344055,2.064304634942488,2.027136754769837,1.0025831460952759,0.6850956082344055,1.3608026504516602,-0.2795857063451347,-0.1611057814439807,1.1751682819621005
1776515407.8591301,0.37197555506308655,-0.012497129872160069,0.33813177603034894,-0.3422079431633327,0.6850956082344055,2.064304634942488,2.027136754769837,1.0025831460952759,0.6850956082344055,1.3608026504516602,-0.27936785400318104,-0.16084643281165745,1.1680611869719024
1776515407.9111116,0.37197555506308655,-0.012497129872160069,0.3421005264795173,-0.341651857505768,0.6850956082344055,2.064304634942488,2.027136754769837,1.0025831460952759,0.6850956082344055,1.3608026504516602,-0.27936785400318104,-0.16084643281165745,1.1680611869719024
1776515407.964119,0.3704384607556742,-0.014842564792942797,0.340985325587674,-0.340979017381255,0.6812958121299744,2.0634462626635424,2.024575103631988,1.0031685829162598,0.6812958121299744,1.3631707429885864,-0.27920087896326484,-0.16064453843071957,1.1609418693317526
1776515408.0088763,0.37215436941011265,-0.02140794276847413,0.34304774082558775,-0.33492128867627824,0.6812958121299744,2.0634462626635424,2.024575103631988,1.0031685829162598,0.6812958121299744,1.3631707429885864,-0.27890932921060385,-0.16028411789383945,1.1537854594343089
1776515408.0591922,0.3572894222430804,-0.04978616574907129,0.3327459817900781,-0.33192950499651985,0.6812958121299744,2.0634462626635424,2.024575103631988,1.0031685829162598,0.6812958121299744,1.3631707429885864,-0.2782191205073232,-0.15941145563035342,1.1469109583090304
1776515408.109278,0.34089891880668355,-0.10553237528956969,0.3367865323002163,-0.3232542614293388,0.6835153102874756,2.061878097542561,2.016839194443487,0.9962732195854187,0.6835153102874756,1.3712209463119507,-0.27662491781759846,-0.15748428299099837,1.140330343344369
1776515408.1595418,0.3235854685196211,-0.07872012567761391,0.32486618200124295,-0.3171070000650014,0.6835153102874756,2.061878097542561,2.016839194443487,0.9962732195854187,0.6835153102874756,1.3712209463119507,-0.27422146724581875,-0.15451001056490643,1.1341407023955141
1776515408.2119334,0.3235854685196211,-0.07872012567761391,0.31464473296917417,-0.3083614915035125,0.6835153102874756,2.061878097542561,2.016839194443487,0.9962732195854187,0.6835153102874756,1.3712209463119507,-0.27422146724581875,-0.15451001056490643,1.1341407023955141
1776515408.2644267,0.3500966502838308,0.04835039037461087,0.31464473296917417,-0.3083614915035125,0.6844629645347595,2.0632342444207246,2.0181791139825265,0.9992704391479492,0.6844629645347595,1.3668365478515625,-0.2747032916725417,-0.1550977545497405,1.1276957945774226
1776515408.3092742,0.3527691509032296,0.051255069781274296,0.33267945677120814,-0.3161039914099768,0.6844629645347595,2.0632342444207246,2.0181791139825265,0.9992704391479492,0.6844629645347595,1.3668365478515625,-0.2755679765748284,-0.15621722207064748,1.1209546951068872
1776515408.3608568,0.3761357410597598,0.05082120817106158,0.334309849094347,-0.31911216587318536,0.6844629645347595,2.0632342444207246,2.0181791139825265,0.9992704391479492,0.6844629645347595,1.3668365478515625,-0.27636004031184336,-0.15723860548728874,1.1138287756958907
1776515408.4102197,0.37092521240304427,0.03871119319607658,0.34911615489011727,-0.3225994445785408,0.6875926852226257,2.060285432431347,2.010319263319797,1.0121396780014038,0.6875926852226257,1.367775559425354,-0.2770312087184572,-0.15811562414267133,1.1067117265736517
1776515408.4612648,0.37092521240304427,0.03871119319607658,0.3486262984980508,-0.3288565334173426,0.6875926852226257,2.060285432431347,2.010319263319797,1.0121396780014038,0.6875926852226257,1.367775559425354,-0.2770312087184572,-0.15811562414267133,1.1067117265736517
1776515408.5121331,0.3833314671572978,0.022165802114932107,0.360266462081244,-0.33136182354873145,0.6875926852226257,2.060285432431347,2.010319263319797,1.0121396780014038,0.6875926852226257,1.367775559425354,-0.2938611851415692,-0.15938378132432485,1.0919678563431612
1776515408.562169,0.3833314671572978,0.022165802114932107,0.353792385571962,-0.37825482740644734,0.678785502910614,2.0603186691060977,2.0104318701435164,0.999088704586029,0.678785502910614,1.3674479722976685,-0.2938611851415692,-0.15938378132432485,1.0919678563431612
1776515408.6121175,0.39848533818601617,0.021524063237358535,0.3599572956611021,-0.36871133637275677,0.678785502910614,2.0603186691060977,2.0104318701435164,0.999088704586029,0.678785502910614,1.3674479722976685,-0.2942508397176716,-0.15984369781896524,1.084421863959764
1776515408.6619017,0.3796940049318072,0.012465888436120958,0.34755407199854615,-0.3690337792758166,0.678785502910614,2.0603186691060977,2.0104318701435164,0.999088704586029,0.678785502910614,1.3674479722976685,-0.2945657989030406,-0.16022714830308837,1.0770016927804766
1776515408.7101629,0.35761247530674584,0.01774780274061359,0.33516309643388537,-0.3715868992707957,0.6808844208717346,2.058353914583755,2.0049233707328407,1.00601065158844,0.6808844208717346,1.3677644729614258,-0.2948793000879453,-0.16058989531616863,1.0699932754684023
1776515408.7684803,0.34279121263444945,0.01811119080101201,0.33516309643388537,-0.3715868992707957,0.6808844208717346,2.058353914583755,2.0049233707328407,1.00601065158844,0.6808844208717346,1.3677644729614258,-0.29518443224027113,-0.1609659983680185,1.06339469735026
1776515408.8090572,0.3285849293143657,0.018415994348352952,0.3255672172391537,-0.37204751276778214,0.6808844208717346,2.058353914583755,2.0049233707328407,1.00601065158844,0.6808844208717346,1.3677644729614258,-0.2954740522592439,-0.16132261655520086,1.0570130991711335
1776515408.8591342,0.3285849293143657,0.018415994348352952,0.3163679329117042,-0.3724787172033842,0.6824444532394409,2.0596950145147113,2.007065744297845,0.9976560473442078,0.6824444532394409,1.3590574264526367,-0.2954740522592439,-0.16132261655520086,1.0570130991711335
1776515408.909089,0.31863583238228027,0.017487228077196694,0.30311099561439353,-0.37742045033233607,0.6824444532394409,2.0596950145147113,2.007065744297845,0.9976560473442078,0.6824444532394409,1.3590574264526367,-0.2957487614175089,-0.16166350995449097,1.050877071775883
1776515408.959096,0.31227445805614173,0.014568978430779504,0.2988610689251012,-0.37802465870699453,0.6824444532394409,2.0596950145147113,2.007065744297845,0.9976560473442078,0.6824444532394409,1.3590574264526367,-0.2960075766391515,-0.1619872713390813,1.0448917729283722
1776515409.0094507,0.30961472390839273,0.016001201234568316,0.30715170204877373,-0.36330900757093765,0.6806920170783997,2.0574373670136015,2.002262283787325,0.99185711145401,0.6806920170783997,1.3741233348846436,-0.29625720618893914,-0.16230199008257884,1.038993903277742
1776515409.0655274,0.3159169238469528,0.013241177498589727,0.30539261365684195,-0.3640260547561015,0.6806920170783997,2.0574373670136015,2.002262283787325,0.99185711145401,0.6806920170783997,1.3741233348846436,-0.2964985871793067,-0.16260431080537296,1.033086176038889
1776515409.1104496,0.3366205642212158,0.0125266085424573,0.30926572820110143,-0.3650244038551679,0.6806920170783997,2.0574373670136015,2.002262283787325,0.99185711145401,0.6806920170783997,1.3741233348846436,-0.29673314428519215,-0.16289704993184095,1.0269224054924642
1776515409.1622264,0.34733484636141126,0.014084239852015335,0.31978204786339715,-0.37260429760777647,0.682398796081543,2.0560869383216454,1.9976434405271555,0.9975098371505737,0.682398796081543,1.3678730726242065,-0.2969934808564564,-0.16323515781741715,1.0203921868440238
1776515409.2091644,0.36084447735991865,0.015768701896219546,0.32658973499438637,-0.37383544782513123,0.682398796081543,2.0560869383216454,1.9976434405271555,0.9975098371505737,0.682398796081543,1.3678730726242065,-0.2972325462074279,-0.1635461085650589,1.0136229052856853
1776515409.2611883,0.35855411264771025,0.014959729417729679,0.33519159714228913,-0.3750926607619295,0.6873103976249695,2.056280932252215,2.000223333368805,1.0049841403961182,0.6873103976249695,1.3683956861495972,-0.2974603871952424,-0.16385000347072953,1.0068420142717651
1776515409.3094723,0.3784301500695564,0.018550564303621415,0.33578282768319945,-0.38286985766769044,0.6873103976249695,2.056280932252215,2.000223333368805,1.0049841403961182,0.6873103976249695,1.3683956861495972,-0.29768224471990873,-0.1641442912384128,0.9997981057881723
1776515409.359097,0.3753999012892758,0.014275523879522987,0.3485145796252799,-0.38430062339061266,0.6797635555267334,2.0545526146888733,1.9947775833570969,0.9943209886550903,0.6797635555267334,1.3680741786956787,-0.31431341865499807,-0.1644956895789047,0.9926978566451559
1776515409.4093184,0.3757707806884464,0.016164990621316735,0.34144515661035735,-0.42109415474312184,0.6797635555267334,2.0545526146888733,1.9947775833570969,0.9943209886550903,0.6797635555267334,1.3680741786956787,-0.3145497655043616,-0.16478059586971971,0.9856185612194268
1776515409.4610183,0.3860217660375928,0.020906852312221634,0.3416277111735636,-0.421862031996723,0.6797635555267334,2.0545526146888733,1.9947775833570969,0.9943209886550903,0.6797635555267334,1.3680741786956787,-0.3148127660438722,-0.16509994595556599,0.9783823866650819
1776515409.5089002,0.3752627437583576,-0.015579115838171818,0.34821454187163337,-0.4230793902725607,0.6778640747070312,2.053652585104149,1.989452613937924,0.9943743348121643,0.6778640747070312,1.365344524383545,-0.3147429861432571,-0.1649745250233221,0.9713094936282817
1776515409.5601807,0.3752627437583576,-0.015579115838171818,0.33836518369009705,-0.4208526636313581,0.6778640747070312,2.053652585104149,1.989452613937924,0.9943743348121643,0.6778640747070312,1.365344524383545,-0.3147429861432571,-0.1649745250233221,0.9713094936282817
1776515409.6102474,0.36265689909950416,-0.09410389798090558,0.3282435938660978,-0.4153902461628841,0.6778640747070312,2.053652585104149,1.989452613937924,0.9943743348121643,0.6778640747070312,1.365344524383545,-0.3133231834211907,-0.163294616542216,0.9646095283493796
1776515409.6590626,0.3281785158253611,-0.24261271624859346,0.3024014645207834,-0.4031137534980752,0.6795437335968018,2.0553498367928005,1.9904660451329659,1.0033841133117676,0.6795437335968018,1.367833137512207,-0.31017084604221745,-0.15947653441040321,0.9583581278228722
1776515409.7092156,0.3135357428198574,-0.16843020536360745,0.3054618923720163,-0.40603756770168487,0.6795437335968018,2.0553498367928005,1.9904660451329659,1.0033841133117676,0.6795437335968018,1.367833137512207,-0.30608048566002244,-0.1543998152768533,0.9524031339966423
1776515409.7621188,0.3730402575372945,0.18214699014858055,0.29838362589075074,-0.3917753889013732,0.6795437335968018,2.0553498367928005,1.9904660451329659,1.0033841133117676,0.6795437335968018,1.367833137512207,-0.30730049002769755,-0.15592084752412738,0.9458033836975007
1776515409.8100796,0.3730402575372945,0.18214699014858055,0.3457108563544899,-0.3988211871359181,0.6795437335968018,2.0553498367928005,1.9904660451329659,1.0033841133117676,0.6795437335968018,1.367833137512207,-0.30730049002769755,-0.15592084752412738,0.9458033836975007
1776515409.8603358,0.34084276730917107,0.10978514928059051,0.3457108563544899,-0.3988211871359181,0.6800867319107056,2.054709223494499,1.987064755479498,1.0096081495285034,0.6800867319107056,1.3664171695709229,-0.30921908763451517,-0.158365943994923,0.9391071573751801
1776515409.912482,0.3323978412931371,0.10941691039655775,0.3231284366805686,-0.40647912619910254,0.6800867319107056,2.054709223494499,1.987064755479498,1.0096081495285034,0.6800867319107056,1.3664171695709229,-0.3110185604127628,-0.16066320947692736,0.9327899331048219
1776515409.959785,0.3323978412931371,0.10941691039655775,0.3174621463183643,-0.41226309460964405,0.6800867319107056,2.054709223494499,1.987064755479498,1.0096081495285034,0.6800867319107056,1.3664171695709229,-0.3110185604127628,-0.16066320947692736,0.9327899331048219
1776515410.0090404,0.3009602234749356,0.11007566729817042,0.3174621463183643,-0.41226309460964405,0.6847041845321655,2.0514348148748236,1.9811961635285247,0.9942373037338257,0.6847041845321655,1.3678367137908936,-0.31272378742525203,-0.1628471911629572,0.9268776691553416
1776515410.0591152,0.2773541129775681,0.1216657157067919,0.29613931471904925,-0.41250603529743823,0.6847041845321655,2.0514348148748236,1.9811961635285247,0.9942373037338257,0.6847041845321655,1.3678367137908936,-0.31466927686711194,-0.1653912006897733,0.9214935186262472
1776515410.109295,0.2773541129775681,0.1216657157067919,0.281074995122751,-0.4183048788784651,0.6847041845321655,2.0514348148748236,1.9811961635285247,0.9942373037338257,0.6847041845321655,1.3678367137908936,-0.31466927686711194,-0.1653912006897733,0.9214935186262472
1776515410.1595435,0.25428220078887237,0.1305968805938184,0.281074995122751,-0.4183048788784651,0.6847041845321655,2.0514348148748236,1.9811961635285247,0.9942373037338257,0.6847041845321655,1.3678367137908936,-0.3166017392754844,-0.16793453303668526,0.9165599941284084
1776515410.2131453,0.2341257232119044,0.11865368545448593,0.2662888460002786,-0.42408172659599186,0.6809542179107666,2.050476841745721,1.9823963418189996,0.9853524565696716,0.6809542179107666,1.3634861707687378,-0.3184802628276376,-0.17042574217698903,0.9120229112096297
1776515410.261284,0.21574643897137313,0.10781385228765938,0.24836569193269026,-0.42714858840470227,0.6809542179107666,2.050476841745721,1.9823963418189996,0.9853524565696716,0.6809542179107666,1.3634861707687378,-0.3201687751590462,-0.17268120253128405,0.9078553320550592
1776515410.309495,0.19906496878203175,0.08414448317100727,0.23609059367627688,-0.43223038958206716,0.6809542179107666,2.050476841745721,1.9823963418189996,0.9853524565696716,0.6809542179107666,1.3634861707687378,-0.321612665764817,-0.1746210209373844,0.9040270893977311
1776515410.3617694,0.19906496878203175,0.08414448317100727,0.224587230328486,-0.43651037058268327,0.6822282671928406,2.0483025648216757,1.9792967911574957,0.979911208152771,0.6822282671928406,1.369735598564148,-0.321612665764817,-0.1746210209373844,0.9040270893977311
1776515410.4102921,0.1950284644516833,0.012729329578657664,0.22322870436254455,-0.4337663786484659,0.6822282671928406,2.0483025648216757,1.9792967911574957,0.979911208152771,0.6822282671928406,1.369735598564148,-0.3226047006459663,-0.17587888263935048,0.9004147569867949
1776515410.4602675,0.18843078013112352,0.06986823782112954,0.2204058835213367,-0.43628579558100544,0.6822282671928406,2.0483025648216757,1.9792967911574957,0.979911208152771,0.6822282671928406,1.369735598564148,-0.3234100639635101,-0.1766638742703277,0.89694464959722
1776515410.509053,0.1841195244571421,-0.043129060390280374,0.2204058835213367,-0.43628579558100544,0.6680327653884888,2.0461422897510015,1.9745816326544643,0.9888604879379272,0.6680327653884888,1.3683106899261475,-0.34122751959284675,-0.17680765863368242,0.8936417964303154
1776515410.5590973,0.1789604515439247,-0.09499021469410131,0.21151480664395253,-0.47924973018213934,0.6680327653884888,2.0461422897510015,1.9745816326544643,0.9888604879379272,0.6680327653884888,1.3683106899261475,-0.3407920187873177,-0.17565499927373907,0.8904933078342427
1776515410.6090539,0.1789604515439247,-0.09499021469410131,0.20680731864983962,-0.4771958165455411,0.6680327653884888,2.0461422897510015,1.9745816326544643,0.9888604879379272,0.6680327653884888,1.3683106899261475,-0.3407920187873177,-0.17565499927373907,0.8904933078342427
1776515410.6588473,0.17121127363356448,-0.050630935920656116,0.20680731864983962,-0.4771958165455411,0.6680327653884888,2.0461422897510015,1.9745816326544643,0.9888604879379272,0.6680327653884888,1.3683106899261475,-0.34076565831443606,-0.17494533890066322,0.8874731601960011
1776515410.714316,0.17121127363356448,-0.050630935920656116,0.20297586067101234,-0.47663788546213237,0.6740456223487854,2.04724306143841,1.9763066115754813,0.9843809604644775,0.6740456223487854,1.3758047819137573,-0.34076565831443606,-0.17494533890066322,0.8874731601960011
1776515410.7661314,0.1697114423543976,-0.025346056765482555,0.20704365235870875,-0.4751677213461839,0.6740456223487854,2.04724306143841,1.9763066115754813,0.9843809604644775,0.6740456223487854,1.3758047819137573,-0.340858405253683,-0.1744705855102877,0.884545307695751
1776515410.8090441,0.1539207182600479,-0.05698258321965791,0.1960460388630072,-0.4737502876554748,0.6740456223487854,2.04724306143841,1.9763066115754813,0.9843809604644775,0.6740456223487854,1.3758047819137573,-0.3406905399653908,-0.1737941001711487,0.8817302445278495
1776515410.859209,0.15507527311439698,0.010898261827086206,0.1960460388630072,-0.4737502876554748,0.6839458346366882,2.0479249530760475,1.9756644141987247,0.974233865737915,0.6839458346366882,1.3703893423080444,-0.3409621553549857,-0.17386929575620158,0.8790143413364102
1776515410.909157,0.1365552229110718,0.004646079986145254,0.1944348936615065,-0.48189926277324513,0.6839458346366882,2.0479249530760475,1.9756644141987247,0.974233865737915,0.6839458346366882,1.3703893423080444,-0.3412926913650059,-0.17419704604579733,0.8763558752115641
1776515410.961291,0.1365552229110718,0.004646079986145254,0.18233277317072372,-0.4822925626925215,0.6839458346366882,2.0479249530760475,1.9756644141987247,0.974233865737915,0.6839458346366882,1.3703893423080444,-0.3412926913650059,-0.17419704604579733,0.8763558752115641
1776515411.0172234,0.10970637881592925,-0.03148044466794623,0.16413352005278184,-0.48094119318578077,0.6701987385749817,2.046439894198489,1.9738302283775055,0.9803698658943176,0.6701987385749817,1.3687267303466797,-0.3412270644892491,-0.17394395462691792,0.8741450167404806
1776515411.059288,0.10421829270309906,0.014047347270737134,0.16280445678946306,-0.4732713401451881,0.6701987385749817,2.046439894198489,1.9738302283775055,0.9803698658943176,0.6701987385749817,1.3687267303466797,-0.341447774533582,-0.1741676000678769,0.8720922481913438
1776515411.109211,0.07064296177990173,-0.010557287335379075,0.16045914020759217,-0.47389660467756134,0.6701987385749817,2.046439894198489,1.9738302283775055,0.9803698658943176,0.6701987385749817,1.3687267303466797,-0.34141906787982224,-0.17407167845385185,0.8705043532401541
1776515411.1611478,0.03249269395400841,-0.016053815885261676,0.13994870165352066,-0.48229184645182666,0.6814708709716797,2.0465962471066526,1.9730070159421023,0.9838628172874451,0.6814708709716797,1.3685539960861206,-0.34128823542749853,-0.17379956278836595,0.8695977332234527
1776515411.2095644,-0.010407172367192616,-0.019414623176843292,0.08779180090776596,-0.47764911831337487,0.6814708709716797,2.0465962471066526,1.9730070159421023,0.9838628172874451,0.6814708709716797,1.3685539960861206,-0.34094155958223477,-0.1732325631639111,0.8694447721967804
1776515411.2590134,0.0006632025250506881,0.004125610636882898,0.09552651184930717,-0.4777281437353378,0.6817029118537903,2.047486040186375,1.9741127498326834,0.9766185283660889,0.6817029118537903,1.370482325553894,-0.3408367641906779,-0.17306152213292725,0.8695013127934632
1776515411.309724,0.004309608481884256,-0.0018241777473822541,0.09540996839166245,-0.4741973200819374,0.6817029118537903,2.047486040186375,1.9741127498326834,0.9766185283660889,0.6817029118537903,1.370482325553894,-0.3407577904594267,-0.17294102957270496,0.8694880240194197
1776515411.3590577,0.03223723057574134,-0.07501173384200706,0.09759447728527179,-0.47403646465265226,0.6817029118537903,2.047486040186375,1.9741127498326834,0.9766185283660889,0.6817029118537903,1.370482325553894,-0.3403405538209114,-0.17235505854829425,0.8693602949568129
1776515411.4305215,0.09517788316192885,-0.23625842975593964,0.11357102456667198,-0.47341804082806405,0.6817029118537903,2.047486040186375,1.9741127498326834,0.9766185283660889,0.6817029118537903,1.370482325553894,-0.3403405538209114,-0.17235505854829425,0.8693602949568129
1776515411.4591231,0.09517788316192885,-0.23625842975593964,0.15262975932669984,-0.46358588935414646,0.6742068529129028,2.0478667372580923,1.9742236753044795,0.9931131601333618,0.6742068529129028,1.3717643022537231,-0.3371036575601205,-0.16829685112470028,0.8677682690768586
1776515411.5092134,0.11846075785276945,-0.29314812431024073,0.15262975932669984,-0.46358588935414646,0.6742068529129028,2.0478667372580923,1.9742236753044795,0.9931131601333618,0.6742068529129028,1.3717643022537231,-0.33471922280392613,-0.16650492161654684,0.8839726955075479
1776515411.5591042,0.14244759692187878,-0.37761932083754535,0.16648022579004496,-0.4567815563249622,0.6742068529129028,2.0478667372580923,1.9742236753044795,0.9931131601333618,0.6742068529129028,1.3717643022537231,-0.3286869503402411,-0.15912946558507057,0.8815272843782477
1776515411.6092272,0.14244759692187878,-0.37761932083754535,0.18014324459504188,-0.4370086832501163,0.6853863000869751,2.050846894839425,1.9704289913353603,1.0066184997558594,0.6853863000869751,1.3685343265533447,-0.3286869503402411,-0.15912946558507057,0.8815272843782477
1776515411.658838,0.12732620726423624,-0.3928548606580932,0.17162061690298577,-0.43039299405337617,0.6853863000869751,2.050846894839425,1.9704289913353603,1.0066184997558594,0.6853863000869751,1.3685343265533447,-0.3228941948067836,-0.1520379372696321,0.8793834477315255
1776515411.7112198,0.15790261327811864,-0.47888176803949,0.17162061690298577,-0.43039299405337617,0.6853863000869751,2.050846894839425,1.9704289913353603,1.0066184997558594,0.6853863000869751,1.3685343265533447,-0.31512752141769634,-0.14257563065170542,0.8764808580740774
1776515411.7591093,0.15790261327811864,-0.47888176803949,0.18962747296993157,-0.40499292091332295,0.6853863000869751,2.050846894839425,1.9704289913353603,1.0066184997558594,0.6853863000869751,1.3685343265533447,-0.31512752141769634,-0.14257563065170542,0.8764808580740774
1776515411.8101263,0.12290412155879528,-0.44149220070050593,0.16828408508866405,-0.3774896657239747,0.6714851260185242,2.055502558173569,1.9678182038513747,1.0312421321868896,0.6714851260185242,1.364324927330017,-0.30768187630498484,-0.13347399346975175,0.873877035382814
1776515411.859084,0.14902923087709158,-0.47184002754032983,0.16828408508866405,-0.3774896657239747,0.6714851260185242,2.055502558173569,1.9678182038513747,1.0312421321868896,0.6714851260185242,1.364324927330017,-0.29971660699102154,-0.12376489396703017,0.8711917524477947
1776515411.9089127,0.10870522941910311,-0.3760855576534606,0.18494988774128868,-0.35138934169194613,0.6714851260185242,2.055502558173569,1.9678182038513747,1.0312421321868896,0.6714851260185242,1.364324927330017,-0.29286170468458017,-0.11542998247031111,0.8688193648912574
1776515411.9592774,0.06643205362350493,-0.3229167379078859,0.16230054399095095,-0.3269788772034709,0.686400294303894,2.0601402462686687,1.9645111593699576,1.063585638999939,0.686400294303894,1.3599787950515747,-0.28713063831441094,-0.10837556979401874,0.8671953390475478
1776515412.0088239,-0.00835592228087436,-0.20889426777011474,0.14094247541760563,-0.3300483960803952,0.686400294303894,2.0601402462686687,1.9645111593699576,1.063585638999939,0.686400294303894,1.3599787950515747,-0.2838098179628818,-0.10380567293257359,0.866946283939179
1776515412.0792217,0.006791372990669116,0.09137818086841111,0.09636333530302789,-0.31619799516199326,0.684124231338501,2.0626885200076144,1.9631725102328952,1.0849276781082153,0.684124231338501,1.3605238199234009,-0.28383455644476613,-0.10323674189445109,0.867429384212719
1776515412.1098602,0.006791372990669116,0.09137818086841111,0.11745908970341054,-0.3218298807890462,0.684124231338501,2.0626885200076144,1.9631725102328952,1.0849276781082153,0.684124231338501,1.3605238199234009,-0.28383455644476613,-0.10323674189445109,0.867429384212719
1776515412.1592598,0.007707951899354911,-0.0845958725181702,0.11326085761160556,-0.3239120501764446,0.684124231338501,2.0626885200076144,1.9631725102328952,1.0849276781082153,0.684124231338501,1.3605238199234009,-0.2845679488209668,-0.1040933186587476,0.867096149687802
1776515412.2100816,-0.0047732285221690745,-0.2311043973477615,0.11326085761160556,-0.3239120501764446,0.684124231338501,2.0626885200076144,1.9631725102328952,1.0849276781082153,0.684124231338501,1.3605238199234009,-0.2832069068786788,-0.10230463967900993,0.8668788344291793
1776515412.2622228,-0.0047732285221690745,-0.2311043973477615,0.10146458272994452,-0.3184634545305159,0.6914010643959045,2.0617129302598283,1.9603508654811042,1.088061809539795,0.6914010643959045,1.3583619594573975,-0.2832069068786788,-0.10230463967900993,0.8668788344291793
1776515412.30956,-0.005680407468120151,-0.3068083178344163,0.09918343255180612,-0.31586844805298075,0.6914010643959045,2.0617129302598283,1.9603508654811042,1.088061809539795,0.6914010643959045,1.3583619594573975,-0.28034423519033047,-0.09861529497859944,0.8667585592292768
1776515412.3591216,-0.006517935998211596,-0.3551212781520903,0.09918343255180612,-0.31586844805298075,0.6914010643959045,2.0617129302598283,1.9603508654811042,1.088061809539795,0.6914010643959045,1.3583619594573975,-0.27663656438226447,-0.09387455638220121,0.8666678633299447
1776515412.4148176,0.007360923155771851,-0.36297142453628783,0.09770248277847077,-0.3030923591245172,0.6908321380615234,2.067165710659186,1.9650381794613023,1.1067343950271606,0.6908321380615234,1.3598904609680176,-0.2724882763806417,-0.08853233757164736,0.8663807130054805
1776515412.4600112,0.011716661363503881,-0.35815846581049154,0.1102407176908963,-0.2952531729091579,0.6908321380615234,2.067165710659186,1.9650381794613023,1.1067343950271606,0.6908321380615234,1.3598904609680176,-0.2680139752665572,-0.08283845401978995,0.8660073107013343
1776515412.5092804,0.011716661363503881,-0.35815846581049154,0.1135800319193628,-0.2801847520167379,0.6908321380615234,2.067165710659186,1.9650381794613023,1.1067343950271606,0.6908321380615234,1.3598904609680176,-0.2680139752665572,-0.08283845401978995,0.8660073107013343
1776515412.5601559,0.01481619520847449,-0.36172298773355127,0.1135800319193628,-0.2801847520167379,0.6908321380615234,2.067165710659186,1.9650381794613023,1.1067343950271606,0.6908321380615234,1.3598904609680176,-0.26339495613404845,-0.07702207435161279,0.8655596619866059
1776515412.6098337,0.02066515585304285,-0.3590755926412279,0.11351511931903781,-0.2743852743965122,0.6935538053512573,2.069583213296232,1.9596850137923676,1.1211775541305542,0.6935538053512573,1.3522775173187256,-0.25843089351084836,-0.07077207264885921,0.8650919162155801
1776515412.6593616,0.02787476759108645,-0.351700745062134,0.11780063841387367,-0.25772439263904107,0.6935538053512573,2.069583213296232,1.9596850137923676,1.1211775541305542,0.6935538053512573,1.3522775173187256,-0.2532136821467229,-0.06424419037104512,0.8645488035160558
1776515412.7092683,0.03584493050633757,-0.3438749212055891,0.1231090831315074,-0.24027889480293818,0.6884687542915344,2.0740925369165653,1.9572206503007397,1.1646184921264648,0.6884687542915344,1.355359435081482,-0.24777047337681765,-0.057496791231054445,0.8639081677741395
1776515412.759169,0.04431487886313076,-0.3310853519058009,0.1370527359969888,-0.22997004279501027,0.6884687542915344,2.0740925369165653,1.9572206503007397,1.1646184921264648,0.6884687542915344,1.355359435081482,-0.24220261053964764,-0.05069975754367251,0.8631372886595886
1776515412.8093028,0.05275859487496422,-0.33832501379392166,0.14909888987867156,-0.1928248382828922,0.6921616196632385,2.0775241044028614,1.9540107233785495,1.1881617307662964,0.6921616196632385,1.3551526069641113,-0.23659661963144982,-0.04399107042085504,0.8622049048981337
1776515412.8605895,0.056438160226813784,-0.3366127952852139,0.1528631193340163,-0.20237592642336688,0.6921616196632385,2.0775241044028614,1.9540107233785495,1.1881617307662964,0.6921616196632385,1.3551526069641113,-0.2305819384518718,-0.03673059111217469,0.8611611321117132
1776515412.909722,0.014964379324775507,-0.09891435143282626,0.15583521036574557,-0.1821875592669247,0.6921616196632385,2.0775241044028614,1.9540107233785495,1.1881617307662964,0.6921616196632385,1.3551526069641113,-0.22710297278902916,-0.03234220518206232,0.8605489269068726
1776515412.9590812,0.0020705006239098364,-0.01376028970015691,0.13593956271068075,-0.16943288279275504,0.6931574940681458,2.0796899969769673,1.9526689285450611,1.193436861038208,0.6931574940681458,1.3505432605743408,-0.22672474585551905,-0.03171322025760892,0.8606048812062574
1776515413.009074,0.0025745192752461266,-0.04245040757120644,0.12782942928945715,-0.17254080279876205,0.6931574940681458,2.0796899969769673,1.9526689285450611,1.193436861038208,0.6931574940681458,1.3505432605743408,-0.22667754861861586,-0.03165158387356515,0.8605878313327838
1776515413.0595925,0.0013865953264297964,-0.011786782868435331,0.12738874682205478,-0.17232988238105595,0.6931574940681458,2.0796899969769673,1.9526689285450611,1.193436861038208,0.6931574940681458,1.3505432605743408,-0.2267697348490256,-0.03177010731273011,0.860602193803287
1776515413.112424,8.528633180951623e-05,-0.0005947995899111077,0.1274396331080016,-0.17267401673701283,0.6944895386695862,2.0792605169496525,1.952653548060037,1.2008883953094482,0.6944895386695862,1.3606184720993042,-0.22675916108738944,-0.03175872677476965,0.8605870380674677
1776515413.1605282,0.00016558606690430044,0.00032580029744066715,0.13460234316899164,-0.1698088655671638,0.6944895386695862,2.0792605169496525,1.952653548060037,1.2008883953094482,0.6944895386695862,1.3606184720993042,-0.22676047348294,-0.031760195000288594,0.8605838529542092
1776515413.2141461,0.00019877537737424995,0.0004115406951572282,0.13467828215201313,-0.1698182631722528,0.6945061087608337,2.079419066628078,1.9525692965097028,1.1935392618179321,0.6945061087608337,1.3602491617202759,-0.2267654098428447,-0.031766429868985036,0.8605798754787211
1776515413.2598584,0.00022307231151477662,0.00023757837872200496,0.13319313789406592,-0.1673421273932143,0.6945061087608337,2.079419066628078,1.9525692965097028,1.1935392618179321,0.6945061087608337,1.3602491617202759,-0.22676988332974515,-0.031772139941246724,0.8605760416523532
1776515413.3093896,0.00022307231151477662,0.00023757837872200496,0.13320358616585673,-0.167357797034847,0.6945061087608337,2.079419066628078,1.9525692965097028,1.1935392618179321,0.6945061087608337,1.3602491617202759,-0.22676988332974515,-0.031772139941246724,0.8605760416523532
1776515413.3592837,0.00018925237317403572,0.0002703839782580794,0.13320358616585673,-0.167357797034847,0.6945061087608337,2.079419066628078,1.9525692965097028,1.1935392618179321,0.6945061087608337,1.3602491617202759,-0.2267741431881355,-0.0317776274271635,0.8605721978940529
1776515413.4140399,0.00023354858283565377,0.0002275742761559786,0.13318234263145992,-0.16737117000066276,0.6909312605857849,2.0803958762033905,1.952526927637534,1.1955211162567139,0.6909312605857849,1.3544913530349731,-0.2267780448483711,-0.031782797519191774,0.8605682224781004
1776515413.459212,0.00023354858283565377,0.0002275742761559786,0.12947151805423843,-0.16889064033437545,0.6909312605857849,2.0803958762033905,1.952526927637534,1.1955211162567139,0.6909312605857849,1.3544913530349731,-0.2267780448483711,-0.031782797519191774,0.8605682224781004
1776515413.5122383,5.0859495904527114e-05,-0.0005720893212791873,0.12933261162572415,-0.16889621218327033,0.6909312605857849,2.0803958762033905,1.952526927637534,1.1955211162567139,0.6909312605857849,1.3544913530349731,-0.2267820988405163,-0.031788453210524814,0.8605643336217901
1776515413.5604358,8.836067629444035e-06,0.0008787141966142963,0.12933261162572415,-0.16889621218327033,0.6928684711456299,2.0793428544530594,1.952287786687437,1.1928396224975586,0.6928684711456299,1.3528319597244263,-0.22678171403239733,-0.03178738552764315,0.8605579056237214
1776515413.6090908,4.411483017003942e-05,0.0008446244399621318,0.1282091425249908,-0.17067955024556708,0.6928684711456299,2.0793428544530594,1.952287786687437,1.1928396224975586,0.6928684711456299,1.3528319597244263,-0.2267920090524895,-0.031800847595115034,0.8605567533113153
1776515413.660372,0.00013139448048927197,0.0028154127665349954,0.1282298636743995,-0.17071591864846275,0.6928684711456299,2.0793428544530594,1.952287786687437,1.1928396224975586,0.6928684711456299,1.3528319597244263,-0.22681274980052532,-0.03182940319530969,0.8605567437386672
1776515413.7101078,0.00011646347916235849,0.0002643209897501686,0.12833665324899002,-0.17079516337651968,0.6981226205825806,2.0798238734753456,1.9524890151236935,1.2046784162521362,0.6981226205825806,1.357960820198059,-0.2268262440974878,-0.03184775619766489,0.8605478743296617
1776515413.7604573,0.00013887223138100345,0.0005089178979389149,0.13396589203183867,-0.17580249506177792,0.6981226205825806,2.0798238734753456,1.9524890151236935,1.2046784162521362,0.6981226205825806,1.357960820198059,-0.22683316765941483,-0.03185663514755577,0.860545398468406
1776515413.813148,0.00032787177368052864,0.0006562663815372086,0.1339861191152108,-0.17582745301369918,0.6981226205825806,2.0798238734753456,1.9524890151236935,1.2046784162521362,0.6981226205825806,1.357960820198059,-0.2268419838838568,-0.031868584934937605,0.8605422559900522
1776515413.8605072,-9.383311567822002e-05,0.001060398550469365,0.13411034526965918,-0.17586484091003113,0.6978562474250793,2.0802878759505017,1.9525529824547891,1.2009828090667725,0.6978562474250793,1.3524644374847412,-0.22686218880937814,-0.031893713597467066,0.8605454083794933
1776515413.9277892,0.00018534325592597754,0.000356835132886704,0.1297346427321763,-0.17791015097619078,0.6978562474250793,2.0802878759505017,1.9525529824547891,1.2009828090667725,0.6978562474250793,1.3524644374847412,-0.22686672421759893,-0.03190025792030671,0.860540427022089
1776515413.959456,0.00018534325592597754,0.000356835132886704,0.12989427291374198,-0.1779341888572366,0.6978562474250793,2.0802878759505017,1.9525529824547891,1.2009828090667725,0.6978562474250793,1.3524644374847412,-0.22686672421759893,-0.03190025792030671,0.860540427022089
1776515414.011248,-8.002516155865081e-05,0.001979134004807268,0.12989427291374198,-0.1779341888572366,0.6910778880119324,2.079173805149036,1.9519376544103748,1.1812329292297363,0.6910778880119324,1.3582603931427002,-0.22687417087194078,-0.03191022885703143,0.8605363768969172
1776515414.0594237,-0.00024506668954915524,0.0019600845902942934,0.12924278180368565,-0.16179085475353522,0.6910778880119324,2.079173805149036,1.9519376544103748,1.1812329292297363,0.6910778880119324,1.3582603931427002,-0.22690523666831167,-0.03194857672304785,0.8605369345677453
1776515414.111215,-5.1110428168480275e-05,0.004094774833395748,0.12942077549511866,-0.16192539202044542,0.6934587955474854,2.079947446144697,1.9518294283597741,1.1916894912719727,0.6934587955474854,1.3596484661102295,-0.22694141867252327,-0.031993148426352036,0.8605379134958167
1776515414.159196,-6.818583950362674e-05,0.003022942299980866,0.13217996685919553,-0.16652775602050257,0.6934587955474854,2.079947446144697,1.9518294283597741,1.1916894912719727,0.6934587955474854,1.3596484661102295,-0.2269670273569872,-0.03202507025012569,0.8605371502643482
1776515414.2095928,-0.000854634121846565,0.013185764553707945,0.13217996685919553,-0.16652775602050257,0.6934587955474854,2.079947446144697,1.9518294283597741,1.1916894912719727,0.6934587955474854,1.3596484661102295,-0.22709082641638606,-0.032193925269382806,0.8605436257472832
1776515414.2643173,-0.000854634121846565,0.013185764553707945,0.13193663634347408,-0.16694969496028494,0.6934587955474854,2.079947446144697,1.9518294283597741,1.1916894912719727,0.6934587955474854,1.3596484661102295,-0.22709082641638606,-0.032193925269382806,0.8605436257472832
1776515414.314138,0.0013519942177157437,0.005835548047614954,0.12975516144439087,-0.17845583135676296,0.6978188157081604,2.0817272142058276,1.958364083527186,1.1942185163497925,0.6978188157081604,1.3528034687042236,-0.22725575311141447,-0.032401258603523164,0.8605351668950572
1776515414.3612795,0.0016331328402060235,-0.004874193534781492,0.12964710733405133,-0.17848843627040595,0.6978188157081604,2.0817272142058276,1.958364083527186,1.1942185163497925,0.6978188157081604,1.3528034687042236,-0.22726933377306624,-0.03242286331634725,0.8604996138950524
1776515414.4092045,0.003219240648459303,-0.01504980123139839,0.1304078498666789,-0.17792932142124424,0.6887549757957458,2.079757643010636,1.9526564286726233,1.189408302307129,0.6887549757957458,1.343074083328247,-0.2270936860228338,-0.03221520999770533,0.8604555432557163
1776515414.4611275,0.005370331955003476,-0.0292664164067767,0.12373858228739659,-0.1726470119996863,0.6887549757957458,2.079757643010636,1.9526564286726233,1.189408302307129,0.6887549757957458,1.343074083328247,-0.2267164266413087,-0.031763821017398275,0.860374548881517
1776515414.515327,0.00862009662126252,-0.047853193581570426,0.12373858228739659,-0.1726470119996863,0.6887549757957458,2.079757643010636,1.9526564286726233,1.189408302307129,0.6887549757957458,1.343074083328247,-0.2260678127717698,-0.0309854431448775,0.8602409555611689
1776515414.5590923,0.013325999835663328,-0.07253645200062034,0.12538502632130905,-0.17052939690026947,0.6998465657234192,2.081087137459606,1.9554301733060584,1.2002370357513428,0.6998465657234192,1.3425161838531494,-0.2250588119668648,-0.02977295525409307,0.8600306599344891
1776515414.621268,0.020229946669501224,-0.10464698987480386,0.1304539947758872,-0.180892300409623,0.6998465657234192,2.081087137459606,1.9554301733060584,1.2002370357513428,0.6998465657234192,1.3425161838531494,-0.2235770384676354,-0.027991043028914753,0.8597085126342175
1776515414.6593447,0.030421042241450473,-0.1457542852674903,0.13415868788051513,-0.17605870959210757,0.6998465657234192,2.081087137459606,1.9554301733060584,1.2002370357513428,0.6998465657234192,1.3425161838531494,-0.22148532019379816,-0.025474663944647702,0.8592219468287075
1776515414.7110915,0.04556440582361357,-0.1967037112275592,0.13978630526596036,-0.1692606785748429,0.6986534595489502,2.083913535844607,1.9578772072006785,1.2123608589172363,0.6986534595489502,1.3554338216781616,-0.21862566815920412,-0.02203355735699075,0.8584916231877338
1776515414.7601552,0.04556440582361357,-0.1967037112275592,0.1579948472480092,-0.1552334842999219,0.6986534595489502,2.083913535844607,1.9578772072006785,1.2123608589172363,0.6986534595489502,1.3554338216781616,-0.21862566815920412,-0.02203355735699075,0.8584916231877338
1776515414.8090541,0.06826977692465282,-0.25683479226610484,0.17129022124103255,-0.1431132324955291,0.6986534595489502,2.083913535844607,1.9578772072006785,1.2123608589172363,0.6986534595489502,1.3554338216781616,-0.21483991578553693,-0.017476931177352384,0.857395947787146
1776515414.8646219,0.10235615540463873,-0.32201318071299845,0.17129022124103255,-0.1431132324955291,0.6966906785964966,2.0874503744519717,1.9558713495568978,1.2355396747589111,0.6966906785964966,1.3390876054763794,-0.2100106056004605,-0.011661761753086974,0.855749819169615
1776515414.912263,0.15357070161474648,-0.38197991683725785,0.18497943087893481,-0.1439879199892775,0.6966906785964966,2.0874503744519717,1.9558713495568978,1.2355396747589111,0.6966906785964966,1.3390876054763794,-0.20414783386741556,-0.004596103893943049,0.8532719143757823
1776515414.9592476,0.2254178133170115,-0.42927301471489715,0.21673517585725388,-0.12586030882773885,0.6966906785964966,2.0874503744519717,1.9558713495568978,1.2355396747589111,0.6966906785964966,1.3390876054763794,-0.19749182309670926,0.0034428993784039186,0.8495610173883059
1776515415.0091016,0.24632369387595418,-0.40116481317307073,0.2621154194408679,-0.10580517912749093,0.7081465721130371,2.0915002631545616,1.9480219171575295,1.2762634754180908,0.7081465721130371,1.3369786739349365,-0.1905111458487936,0.011959863935253168,0.8447317788137122
1776515415.062113,0.22327603000912163,-0.3857159241052084,0.28306125004546223,-0.10415928794922469,0.7081465721130371,2.0915002631545616,1.9480219171575295,1.2762634754180908,0.7081465721130371,1.3369786739349365,-0.18415074972577933,0.019704303067853868,0.8401869466473384
1776515415.109206,0.21032113380088654,-0.29674135911123667,0.26926167740892615,-0.081829992444371,0.7081465721130371,2.0915002631545616,1.9480219171575295,1.2762634754180908,0.7081465721130371,1.3369786739349365,-0.17879786985813043,0.02621130405762173,0.836121644731548
1776515415.1591878,0.21032113380088654,-0.29674135911123667,0.26380773021015297,-0.06344925694846837,0.7105223536491394,2.0977007098819898,1.9468660689656208,1.3206664323806763,0.7105223536491394,1.341855525970459,-0.17879786985813043,0.02621130405762173,0.836121644731548
1776515415.208928,0.26416729061918554,-0.08956725290088123,0.2738173545869097,-0.07634544707245078,0.7105223536491394,2.0977007098819898,1.9468660689656208,1.3206664323806763,0.7105223536491394,1.341855525970459,-0.17554375244222276,0.030196121193329706,0.831433636615317
1776515415.259562,0.2638222284342917,0.031023700299437806,0.31413066279237023,-0.06770910820196546,0.7105223536491394,2.0977007098819898,1.9468660689656208,1.3206664323806763,0.7105223536491394,1.341855525970459,-0.17568108740813798,0.03005743979811193,0.8262115144688221
1776515415.3105175,0.27559919073461275,0.08903273018996916,0.32599205403840503,-0.07276510051554208,0.7105223536491394,2.0977007098819898,1.9468660689656208,1.3206664323806763,0.7105223536491394,1.341855525970459,-0.17681481696967172,0.028647649836061273,0.8208693683605357
1776515415.3609378,0.2875533693730247,0.1436502358058104,0.3348619485692937,-0.0800143666407698,0.7105223536491394,2.0977007098819898,1.9468660689656208,1.3206664323806763,0.7105223536491394,1.341855525970459,-0.17879676746374928,0.026164999723784277,0.8153204653038969
1776515415.4097276,0.2991231301419897,0.1947304492495739,0.3391037703779466,-0.08921961795626387,0.7108525037765503,2.095604171585309,1.9407004435258675,1.3333659172058105,0.7108525037765503,1.3417309522628784,-0.1844328782948772,0.01901922306486803,0.8037944047993559
1776515415.4592636,0.3013229430839955,0.19553097148988152,0.34523244743545367,-0.10278029842051228,0.7108525037765503,2.095604171585309,1.9407004435258675,1.3333659172058105,0.7108525037765503,1.3417309522628784,-0.18752772828058623,0.015046510451012018,0.7979354331730794
1776515415.508907,0.3061349975499606,0.1973375507789146,0.3463033856373886,-0.11337141564574477,0.7115666270256042,2.0896960408129592,1.9347232407578516,1.2997076511383057,0.7115666270256042,1.3423116207122803,-0.19064300972927706,0.011012727395523392,0.7919994935293845
1776515415.5622883,0.30598769573464046,0.19914634231656234,0.34438641630533384,-0.11117805014771698,0.7115666270256042,2.0896960408129592,1.9347232407578516,1.2997076511383057,0.7115666270256042,1.3423116207122803,-0.19356920901422076,0.007187283085402285,0.786069189587671
1776515415.6090398,0.30059509464188316,0.24368916639677354,0.3439970984147632,-0.12114047545125539,0.7115666270256042,2.0896960408129592,1.9347232407578516,1.2997076511383057,0.7115666270256042,1.3423116207122803,-0.1969843116952952,0.002686096241729885,0.7802023313874628
1776515415.6588109,0.3051485159064909,0.14401718087457058,0.32795478358271646,-0.13283143895027155,0.7155314087867737,2.0883267361956763,1.936807304001709,1.2648149728775024,0.7155314087867737,1.329203724861145,-0.19994700595865708,-0.0012533636453273544,0.7743411285315474
1776515415.7113564,0.3027770601612219,-0.025983384669758972,0.3278612245267689,-0.1428752902086069,0.7155314087867737,2.0883267361956763,1.936807304001709,1.2648149728775024,0.7155314087867737,1.329203724861145,-0.2005501257684897,-0.002060643513587035,0.7685411068174759
1776515415.759123,0.31796530122226,-0.12551093864510837,0.32166718080534484,-0.14442092075089946,0.720046877861023,2.084320201573826,1.930077699880249,1.2888553142547607,0.720046877861023,1.3301670551300049,-0.1993701947307779,-0.00046293497255023297,0.7625442429675302
1776515415.812551,0.31351454129874173,-0.1563030575881049,0.33434768140526705,-0.150675283129375,0.720046877861023,2.084320201573826,1.930077699880249,1.2888553142547607,0.720046877861023,1.3301670551300049,-0.19727446253915565,0.002393986374904955,0.7564522034696984
1776515415.860166,0.3220020840108453,-0.20712289121366223,0.3307923822936421,-0.14319032216183292,0.720046877861023,2.084320201573826,1.930077699880249,1.2888553142547607,0.720046877861023,1.3301670551300049,-0.1944747543288141,0.0062428567406001,0.7502590943107503
1776515415.9121196,0.3220020840108453,-0.20712289121366223,0.3350559651346828,-0.1336838637685186,0.7222437858581543,2.0867461756243957,1.9255228567998386,1.3109889030456543,0.7222437858581543,1.333004117012024,-0.1944747543288141,0.0062428567406001,0.7502590943107503
1776515415.9612808,0.31701202613945806,-0.20186582352959775,0.34039358460633995,-0.13927841677888347,0.7222437858581543,2.0867461756243957,1.9255228567998386,1.3109889030456543,0.7222437858581543,1.333004117012024,-0.1915505401167754,0.010293395775553993,0.7441055113951932
1776515416.0096645,0.31866374362259825,-0.2064362339186589,0.33866579624933246,-0.11872732755255222,0.7222437858581543,2.0867461756243957,1.9255228567998386,1.3109889030456543,0.7222437858581543,1.333004117012024,-0.18858066491427738,0.014440018712445823,0.7379522276365797
1776515416.0588322,0.31866374362259825,-0.2064362339186589,0.33866579624933246,-0.11872732755255222,0.7260364890098572,2.09078569118895,1.9244492782845501,1.3379446268081665,0.7260364890098572,1.3194044828414917,-0.18858066491427738,0.014440018712445823,0.7379522276365797
1776515416.1104395,0.3245588327701926,-0.20649185237108908,0.33473499832091186,-0.13911795053241904,0.7260364890098572,2.09078569118895,1.9244492782845501,1.3379446268081665,0.7260364890098572,1.3194044828414917,-0.18556344998857519,0.018685217395810305,0.7317020832446485
1776515416.1738782,0.32607687060901863,-0.17966679925141904,0.33871230568756705,-0.12884874520886858,0.7260364890098572,2.09078569118895,1.9244492782845501,1.3379446268081665,0.7260364890098572,1.3194044828414917,-0.18284628671385972,0.022538739881148295,0.725413127218946
1776515416.2094705,0.330781209213303,-0.16723701778666925,0.3405752583177734,-0.11951170435679709,0.7335609793663025,2.09263385665516,1.9205152521762572,1.3784079551696777,0.7335609793663025,1.3193498849868774,-0.18047977878596927,0.025928087448476855,0.7190615918851567
1776515416.2590377,0.34112030418608286,-0.14304926859090206,0.35143181503441734,-0.1301563853933118,0.7335609793663025,2.09263385665516,1.9205152521762572,1.3784079551696777,0.7335609793663025,1.3193498849868774,-0.17825381812242957,0.029137265807486212,0.7125398057149381
1776515416.3153539,0.3405387846217201,-0.08937760227451226,0.3588290538677683,-0.12280675678139891,0.7335609793663025,2.09263385665516,1.9205152521762572,1.3784079551696777,0.7335609793663025,1.3193498849868774,-0.17671811531473805,0.03136617207587733,0.705916964972968
1776515416.3701656,0.3418878413556099,-0.041109203745894655,0.36235555214634185,-0.11589681334468394,0.7354641556739807,2.0935631185411636,1.9177219222647248,1.3797531127929688,0.7354641556739807,1.322852373123169,-0.1759684102530446,0.03246932235236377,0.6992770921360308
1776515416.414154,0.3469882127144227,-0.001699525129148856,0.36450102769530934,-0.11340043175783565,0.7354641556739807,2.0935631185411636,1.9177219222647248,1.3797531127929688,0.7354641556739807,1.322852373123169,-0.17582141224906891,0.032686819548111146,0.6925612385496349
1776515416.4672368,0.3502542850683773,0.015560723672004569,0.3687591494687963,-0.11311691302562515,0.7354641556739807,2.0935631185411636,1.9177219222647248,1.3797531127929688,0.7354641556739807,1.322852373123169,-0.17600550439325305,0.03241199149686347,0.6857897139939362
1776515416.5131423,0.3502542850683773,0.015560723672004569,0.37121885231650714,-0.11387150546182562,0.7310729026794434,2.092465789642299,1.91508830739384,1.3684717416763306,0.7310729026794434,1.3184987306594849,-0.17600550439325305,0.03241199149686347,0.6857897139939362
1776515416.559193,0.35455886671523534,0.01633939950491827,0.36887242600532755,-0.10963947979076133,0.7310729026794434,2.092465789642299,1.91508830739384,1.3684717416763306,0.7310729026794434,1.3184987306594849,-0.17630295843481272,0.031962901216016526,0.6789613753635254
1776515416.6090527,0.3605351087520154,-0.0071516033222935255,0.3719837149330383,-0.11011591389140918,0.7431619167327881,2.0921906309476284,1.9119316115766791,1.383836269378662,0.7431619167327881,1.3031443357467651,-0.1764074259406315,0.031806743644320346,0.6720481704274671
1776515416.6593304,0.3714416142660805,-0.07672830927673263,0.3689461587885252,-0.13224293136223797,0.7431619167327881,2.0921906309476284,1.9119316115766791,1.383836269378662,0.7431619167327881,1.3031443357467651,-0.174934579098576,0.034105276013054464,0.6578788686690555
1776515416.709619,0.3714416142660805,-0.07672830927673263,0.3715099990471785,-0.12906023254270754,0.7431619167327881,2.0921906309476284,1.9119316115766791,1.383836269378662,0.7431619167327881,1.3031443357467651,-0.174934579098576,0.034105276013054464,0.6578788686690555
1776515416.759924,0.36844838751995374,-0.09180544728863133,0.3715099990471785,-0.12906023254270754,0.7431619167327881,2.0921906309476284,1.9119316115766791,1.383836269378662,0.7431619167327881,1.3031443357467651,-0.17378453814873215,0.03592827860669612,0.6507770040708054
1776515416.8093927,0.37066421224742047,-0.09021813597640403,0.37321603149317817,-0.1370585789498751,0.7422829270362854,2.0928843232573016,1.907389498148054,1.4193109273910522,0.7422829270362854,1.3002991676330566,-0.17268309809127205,0.03769594563551859,0.6436300297000428
1776515416.859087,0.37066421224742047,-0.09021813597640403,0.3746886521914422,-0.13319412154111393,0.7422829270362854,2.0928843232573016,1.907389498148054,1.4193109273910522,0.7422829270362854,1.3002991676330566,-0.17268309809127205,0.03769594563551859,0.6436300297000428
1776515416.9095263,0.3715047383693109,-0.10065887355412617,0.3746886521914422,-0.13319412154111393,0.7422829270362854,2.0928843232573016,1.907389498148054,1.4193109273910522,0.7422829270362854,1.3002991676330566,-0.17146733022396457,0.03967003844762784,0.636469779122638
1776515416.959188,0.3715047383693109,-0.10065887355412617,0.37496679156783275,-0.12883812353365776,0.7494298219680786,2.0913742473012977,1.8967376396007636,1.420048475265503,0.7494298219680786,1.2995911836624146,-0.17146733022396457,0.03967003844762784,0.636469779122638
1776515417.0092218,0.3687328721572925,-0.12647315257416258,0.37293090355959446,-0.12637144974672887,0.7494298219680786,2.0913742473012977,1.8967376396007636,1.420048475265503,0.7494298219680786,1.2995911836624146,-0.170100421865425,0.041914039932299474,0.629328703409467
1776515417.0591824,0.3632574766036182,-0.16469883258887152,0.37293090355959446,-0.12637144974672887,0.7494298219680786,2.0913742473012977,1.8967376396007636,1.420048475265503,0.7494298219680786,1.2995911836624146,-0.16830002041531436,0.044902639909301545,0.6222919103562612
1776515417.1101294,0.3587084905115541,-0.18116242897871696,0.3684663819574701,-0.11962482783908762,0.7494298219680786,2.0913742473012977,1.8967376396007636,1.420048475265503,0.7494298219680786,1.2995911836624146,-0.16624822312630158,0.04834558157981794,0.6153585437029776
1776515417.1592433,0.3587084905115541,-0.18116242897871696,0.36519923698744805,-0.11205257423712123,0.763553261756897,2.095366746159641,1.8987813724194078,1.4525521993637085,0.763553261756897,1.2929795980453491,-0.16624822312630158,0.04834558157981794,0.6153585437029776
1776515417.2090852,0.3545861983086762,-0.1745296405464688,0.36774949178584404,-0.13905936167380878,0.763553261756897,2.095366746159641,1.8987813724194078,1.4525521993637085,0.763553261756897,1.2929795980453491,-0.1641966915615154,0.05182196947964757,0.6085184903691261
1776515417.2638595,0.3550472709187734,-0.18023239520269638,0.3653741274297294,-0.1315444552763247,0.763553261756897,2.095366746159641,1.8987813724194078,1.4525521993637085,0.763553261756897,1.2929795980453491,-0.16210809224803815,0.055408670920001235,0.6016813365958558
1776515417.309425,0.3550472709187734,-0.18023239520269638,0.3656078438041912,-0.1240123488165259,0.763553261756897,2.095366746159641,1.8987813724194078,1.4525521993637085,0.763553261756897,1.2929795980453491,-0.16210809224803815,0.055408670920001235,0.6016813365958558
1776515417.3622491,0.362331832149792,-0.10907108480720214,0.3711130614103895,-0.12337073508751317,0.7597604990005493,2.0945328628983795,1.8877790597120807,1.4843395948410034,0.7597604990005493,1.2908939123153687,-0.15874609862711567,0.06126683426614221,0.587923431923809
1776515417.4092135,0.3705806865374686,-0.0875085647004011,0.37586196109388303,-0.11831339408424019,0.7597604990005493,2.0945328628983795,1.8877790597120807,1.4843395948410034,0.7597604990005493,1.2908939123153687,-0.1576046906387863,0.06329486864054168,0.5808294934218773
1776515417.4630773,0.3752797726265104,-0.09397279351676541,0.3817342785519785,-0.11449038661430255,0.7581554651260376,2.096156656356127,1.8851566149995822,1.516329050064087,0.7581554651260376,1.2920351028442383,-0.15661366703082089,0.06508691774219821,0.5736108068043947
1776515417.5093534,0.38170719053594493,-0.12616294014691665,0.3902873634347956,-0.11929089096789691,0.7581554651260376,2.096156656356127,1.8851566149995822,1.516329050064087,0.7581554651260376,1.2920351028442383,-0.15541741272847168,0.06727348152109025,0.56630683141263
1776515417.5590856,0.38170719053594493,-0.12616294014691665,0.3935537162621631,-0.11505212089480626,0.7581554651260376,2.096156656356127,1.8851566149995822,1.516329050064087,0.7581554651260376,1.2920351028442383,-0.15541741272847168,0.06727348152109025,0.56630683141263
1776515417.6090887,0.3826458293006276,-0.08175720719824586,0.3935537162621631,-0.11505212089480626,0.7748817801475525,2.0966784560382643,1.8826552299241641,1.5193918943405151,0.7748817801475525,1.2810308933258057,-0.15429784946736996,0.06933292828094251,0.5589419600274552
1776515417.660392,0.3898799170870663,-0.06048938450895572,0.390777911756309,-0.1313645012054146,0.7748817801475525,2.0966784560382643,1.8826552299241641,1.5193918943405151,0.7748817801475525,1.2810308933258057,-0.1536449993664613,0.07055621499388609,0.5514773573109331
1776515417.7091513,0.3890951321496543,-0.0860733691980325,0.3959466604791424,-0.129239857678771,0.7748817801475525,2.0966784560382643,1.8826552299241641,1.5193918943405151,0.7748817801475525,1.2810308933258057,-0.1528481660080975,0.07207698759978376,0.5440324304300899
1776515417.7592707,0.39557729749856296,-0.09439191398571255,0.38206913737747605,-0.12660749089868123,0.7687371969223022,2.0964148706798746,1.8776646597743514,1.508962869644165,0.7687371969223022,1.2646454572677612,-0.15194446981644702,0.07382167042713839,0.5364635023541631
1776515417.8112056,0.34667941319592377,-0.09473297123819287,0.3859807562607756,-0.123449372474845,0.7687371969223022,2.0964148706798746,1.8776646597743514,1.508962869644165,0.7687371969223022,1.2646454572677612,-0.15095746070767496,0.07575141295844956,0.5295047195346047
1776515417.8683033,0.36571105592997744,-0.08149850671132693,0.35462496781681035,-0.11802037446596614,0.7816881537437439,2.0977456929174205,1.87305170043904,1.480787992477417,0.7816881537437439,1.2671972513198853,-0.150171933430672,0.07731121466200186,0.5225573598906488
1776515417.9111602,0.35502695059902845,-0.08548959767729268,0.3650237784839539,-0.11179491832981553,0.7816881537437439,2.0977456929174205,1.87305170043904,1.480787992477417,0.7816881537437439,1.2671972513198853,-0.1493443041919553,0.07897588749817919,0.5157508713010289
1776515417.959046,0.36451256948868754,-0.07744280799680324,0.35805042498060147,-0.10829116915288711,0.7816881537437439,2.0977456929174205,1.87305170043904,1.480787992477417,0.7816881537437439,1.2671972513198853,-0.14861941254477107,0.08045544840620167,0.508780185651256
1776515418.0131953,0.364974407065295,-0.08006082531817876,0.36689627503341493,-0.09536286991770748,0.7740880250930786,2.0973802173611857,1.8686590483671384,1.4819878339767456,0.7740880250930786,1.2724997997283936,-0.1478480823796493,0.0820528097759321,0.5018043019172709
1776515418.0620837,0.36658622396884566,-0.06715753660788984,0.3670958005760655,-0.09244919800473633,0.7740880250930786,2.0973802173611857,1.8686590483671384,1.4819878339767456,0.7740880250930786,1.2724997997283936,-0.14719467600128036,0.08342688583714919,0.4948005795939577
1776515418.1091344,0.36658622396884566,-0.06715753660788984,0.36843843049687486,-0.09004420053605605,0.7740880250930786,2.0973802173611857,1.8686590483671384,1.4819878339767456,0.7740880250930786,1.2724997997283936,-0.14719467600128036,0.08342688583714919,0.4948005795939577
1776515418.160178,0.3663731680754062,-0.06587691994303237,0.3682987840306726,-0.08760027229125705,0.7892594337463379,2.0969665880891375,1.8645572599140856,1.4833807945251465,0.7892594337463379,1.2580946683883667,-0.14655778494223823,0.08478665847950184,0.4878103217211169
1776515418.2121785,0.36569493743070264,-0.07700774076089659,0.3604905874056389,-0.1054199233764776,0.7892594337463379,2.0969665880891375,1.8645572599140856,1.4833807945251465,0.7892594337463379,1.2580946683883667,-0.14591523305458262,0.08618856831665811,0.4808234154451642
1776515418.2642927,0.3605650556171549,-0.1116154108468085,0.3604905874056389,-0.1054199233764776,0.7892594337463379,2.0969665880891375,1.8645572599140856,1.4833807945251465,0.7892594337463379,1.2580946683883667,-0.1450976838497009,0.0879863825774061,0.4739033721719573
1776515418.309129,0.3473565189075702,-0.15921054119821496,0.35159356137874753,-0.10040556257139832,0.7940548062324524,2.0967459480151547,1.8605484469852427,1.466354250907898,0.7940548062324524,1.2545405626296997,-0.14395602331583143,0.09053054514236702,0.4671898378695325
1776515418.3592439,0.3367862029865561,-0.23545153311896408,0.34185217833033343,-0.09544522522593457,0.7940548062324524,2.0967459480151547,1.8605484469852427,1.466354250907898,0.7940548062324524,1.2545405626296997,-0.1422127746026129,0.09448754401186799,0.4606884553103675
1776515418.4091048,0.32369088827838993,-0.26038154873027275,0.3240817737808135,-0.07949679046218916,0.8003900647163391,2.101169257391172,1.860353434274779,1.458114504814148,0.8003900647163391,1.2527471780776978,-0.14008286758163685,0.09937147268045798,0.4544648349127558
1776515418.4590576,0.31633387104833355,-0.3404311184120521,0.32165793436120654,-0.08145803916221228,0.8003900647163391,2.101169257391172,1.860353434274779,1.458114504814148,0.8003900647163391,1.2527471780776978,-0.13746937829601735,0.10546503531827689,0.448364507924194
1776515418.5091906,0.31633387104833355,-0.3404311184120521,0.3148964973997378,-0.0709411360885005,0.8003900647163391,2.101169257391172,1.860353434274779,1.458114504814148,0.8003900647163391,1.2527471780776978,-0.13746937829601735,0.10546503531827689,0.448364507924194
1776515418.559255,0.3111048670519088,-0.2871315086155672,0.3148964973997378,-0.0709411360885005,0.8003900647163391,2.101169257391172,1.860353434274779,1.458114504814148,0.8003900647163391,1.2527471780776978,-0.13484015766183016,0.11164917772783678,0.44244153338407366
1776515418.613144,0.30775305500473527,-0.2088199100114449,0.3130697568432349,-0.060732805532836914,0.8040774464607239,2.1034120786090784,1.8525549855463521,1.4303940534591675,0.8040774464607239,1.2456002235412598,-0.13277983066764665,0.11656692754564224,0.4365809295714138
1776515418.6592329,0.31969496411841963,-0.1122299490393656,0.3038212835961259,-0.04678191261447098,0.8040774464607239,2.1034120786090784,1.8525549855463521,1.4303940534591675,0.8040774464607239,1.2456002235412598,-0.13146457812723217,0.11974601943924368,0.4306267019142931
1776515418.711552,0.31665675567092616,-0.09976440797264532,0.31407187120098895,-0.042304577694889545,0.8040774464607239,2.1034120786090784,1.8525549855463521,1.4303940534591675,0.8040774464607239,1.2456002235412598,-0.13062285294500497,0.1218280070055644,0.42458817849323044
1776515418.794718,0.31665675567092616,-0.09976440797264532,0.3070575537961736,-0.042861748039300734,0.809892475605011,2.1032786497244893,1.8461779931351534,1.4222646951675415,0.809892475605011,1.2383418083190918,-0.13062285294500497,0.1218280070055644,0.42458817849323044
1776515418.8106768,0.31665675567092616,-0.09976440797264532,0.3070575537961736,-0.042861748039300734,0.809892475605011,2.1032786497244893,1.8461779931351534,1.4222646951675415,0.809892475605011,1.2383418083190918,-0.13062285294500497,0.1218280070055644,0.42458817849323044
1776515418.8597288,0.2985363433092067,-0.02970007307216483,0.3099887336360233,-0.04019822802359105,0.809892475605011,2.1032786497244893,1.8461779931351534,1.4222646951675415,0.809892475605011,1.2383418083190918,-0.1293431677208351,0.12503455984537926,0.4126711619702105
1776515418.9091597,0.2985363433092067,-0.02970007307216483,0.29725558083086673,-0.03729936362397221,0.8216327428817749,2.105498114743793,1.8477513698202404,1.3999940156936646,0.8216327428817749,1.2285746335983276,-0.1293431677208351,0.12503455984537926,0.4126711619702105
1776515418.9613595,0.30276096429786964,0.019072719739085153,0.29238717812378695,-0.04516396661568067,0.8216327428817749,2.105498114743793,1.8477513698202404,1.3999940156936646,0.8216327428817749,1.2285746335983276,-0.12937709777629997,0.1249496931153784,0.4069310605134706
1776515419.0123477,0.2925117817719211,-0.010889648054811117,0.29238717812378695,-0.04516396661568067,0.8216327428817749,2.105498114743793,1.8477513698202404,1.3999940156936646,0.8216327428817749,1.2285746335983276,-0.12935514367071008,0.12501701165741697,0.4013677431885271
1776515419.0623085,0.2925117817719211,-0.010889648054811117,0.2849521670328288,-0.04459893412972893,0.8216327428817749,2.105498114743793,1.8477513698202404,1.3999940156936646,0.8216327428817749,1.2285746335983276,-0.12935514367071008,0.12501701165741697,0.4013677431885271
1776515419.110226,0.2925117817719211,-0.010889648054811117,0.2849521670328288,-0.04459893412972893,0.8216327428817749,2.105498114743793,1.8477513698202404,1.3999940156936646,0.8216327428817749,1.2285746335983276,-0.12935514367071008,0.12501701165741697,0.4013677431885271
1776515419.1591446,0.2912532733658756,-0.02625557313521694,0.2836781635433388,-0.043882750733824694,0.8198518753051758,2.1026583324418255,1.839395456163447,1.4130691289901733,0.8198518753051758,1.2260292768478394,-0.1292045819048311,0.12541798616741184,0.3958725352137614
1776515419.2088878,0.2840357825716713,-0.026676054773792424,0.2843177745328916,-0.04646166568394666,0.8198518753051758,2.1026583324418255,1.839395456163447,1.4130691289901733,0.8198518753051758,1.2260292768478394,-0.12899131355079294,0.12599206892250914,0.39049552711264013
1776515419.2590487,0.28405987628478885,-0.033768350078150815,0.279629269148684,-0.045317129821660335,0.8198518753051758,2.1026583324418255,1.839395456163447,1.4130691289901733,0.8198518753051758,1.2260292768478394,-0.12876879403410973,0.12660237991263124,0.3851443540598052
1776515419.3090587,0.28405987628478885,-0.033768350078150815,0.27940387218888796,-0.04437426518768775,0.8259224891662598,2.1030208183371504,1.8385686601972946,1.3997080326080322,0.8259224891662598,1.2201236486434937,-0.12876879403410973,0.12660237991263124,0.3851443540598052
1776515419.3761823,0.2795010537402659,-0.03294628909578697,0.27111756035244794,-0.04655989720404874,0.8259224891662598,2.1030208183371504,1.8385686601972946,1.3997080326080322,0.8259224891662598,1.2201236486434937,-0.1285306279771355,0.12726189767015583,0.3798769428057145
1776515419.4140465,0.2795010537402659,-0.03294628909578697,0.27111756035244794,-0.04655989720404874,0.8259224891662598,2.1030208183371504,1.8385686601972946,1.3997080326080322,0.8259224891662598,1.2201236486434937,-0.1285306279771355,0.12726189767015583,0.3798769428057145
1776515419.4693742,0.2795010537402659,-0.03294628909578697,0.27111756035244794,-0.04655989720404874,0.8259224891662598,2.1030208183371504,1.8385686601972946,1.3997080326080322,0.8259224891662598,1.2201236486434937,-0.1285306279771355,0.12726189767015583,0.3798769428057145
1776515419.5091896,0.2795010537402659,-0.03294628909578697,0.27111756035244794,-0.04655989720404874,0.8259224891662598,2.1030208183371504,1.8385686601972946,1.3997080326080322,0.8259224891662598,1.2201236486434937,-0.1285306279771355,0.12726189767015583,0.3798769428057145
1776515419.56221,0.2795010537402659,-0.03294628909578697,0.27111756035244794,-0.04655989720404874,0.8259224891662598,2.1030208183371504,1.8385686601972946,1.3997080326080322,0.8259224891662598,1.2201236486434937,-0.1285306279771355,0.12726189767015583,0.3798769428057145
1776515419.6096463,0.27930045661909514,-0.032541579684034115,0.27111756035244794,-0.04655989720404874,0.8259224891662598,2.1030208183371504,1.8385686601972946,1.3997080326080322,0.8259224891662598,1.2201236486434937,-0.1283024539001879,0.12790507048631117,0.3746255327227285
1776515419.65916,0.27930045661909514,-0.032541579684034115,0.27094979217450804,-0.04559761689519798,0.8259224891662598,2.1030208183371504,1.8385686601972946,1.3997080326080322,0.8259224891662598,1.2201236486434937,-0.1283024539001879,0.12790507048631117,0.3746255327227285
1776515419.7091436,0.270934725876749,-0.03348742122539313,0.2709091767599148,-0.04464830661058691,0.8335510492324829,2.1032335739462162,1.8391813778367156,1.3953295946121216,0.8335510492324829,1.2237071990966797,-0.12784535697924218,0.12922442935092304,0.36429607524520347
1776515419.7605562,0.2708602166083989,-0.03292193563056338,0.26774839469076744,-0.045505020180778954,0.8335510492324829,2.1032335739462162,1.8391813778367156,1.3953295946121216,0.8335510492324829,1.2237071990966797,-0.12762240966084762,0.12988415924661778,0.35922777767612496
1776515419.8092566,0.2677893816966455,-0.033758742254183294,0.26766672571919115,-0.04455720823557316,0.83966064453125,2.10159926503814,1.8322893285266044,1.3838461637496948,0.83966064453125,1.2161729335784912,-0.1273950817653372,0.1305680122510524,0.35422542986083255
1776515419.8592467,0.26763965764573583,-0.033806323687792336,0.259723457753643,-0.04678274376212513,0.83966064453125,2.10159926503814,1.8322893285266044,1.3838461637496948,0.83966064453125,1.2161729335784912,-0.12717559924061272,0.13123957118473228,0.34923514508638964
1776515419.9112403,0.25968249873711424,-0.03841504868633414,0.0,0.0,0.83966064453125,2.10159926503814,1.8322893285266044,1.3838461637496948,0.83966064453125,1.2161729335784912,-0.1269382065284136,0.1319774933506963,0.34439212875055775
1776515419.961231,0.25968249873711424,-0.03841504868633414,0.0,0.0,0.8350558280944824,2.1026584423878587,1.8325833296115561,1.376298427581787,0.8350558280944824,1.2167009115219116,-0.1269382065284136,0.1319774933506963,0.34439212875055775
1776515420.0111556,0.25922705934025275,-0.038097873318151704,0.0,0.0,0.8350558280944824,2.1026584423878587,1.8325833296115561,1.376298427581787,0.8350558280944824,1.2167009115219116,-0.1267091190548585,0.13270473363595592,0.33956836446018196
1776515420.0591197,0.2801859253610917,-0.009719627091314208,0.0,0.0,0.8350558280944824,2.1026584423878587,1.8325833296115561,1.376298427581787,0.8350558280944824,1.2167009115219116,-0.1265830085214848,0.13311124222248694,0.3344576196655598
1776515420.110138,0.2619817095163499,0.011244323773053164,0.0,0.0,0.8399417400360107,2.0990224542384013,1.8250175863449458,1.3650330305099487,0.8399417400360107,1.2010295391082764,-0.1266545616576395,0.13287518480170624,0.329504166658536
1776515420.165331,0.2619817095163499,0.011244323773053164,0.0,0.0,0.8399417400360107,2.0990224542384013,1.8250175863449458,1.3650330305099487,0.8399417400360107,1.2010295391082764,-0.1266545616576395,0.13287518480170624,0.329504166658536
1776515420.2102187,0.2172679726482133,-0.013175577532770596,0.0,0.0,0.8399417400360107,2.0990224542384013,1.8250175863449458,1.3650330305099487,0.8399417400360107,1.2010295391082764,-0.12668464728384338,0.13278484778377786,0.32084786462053055
1776515420.259361,0.19229959072966138,-0.027242402494758542,0.0,0.0,0.8571624159812927,2.098355197443331,1.8226456592700462,1.3678793907165527,0.8571624159812927,1.199412226676941,-0.12654483007072187,0.13320484780520436,0.3171943478029469
1776515420.3092637,0.17428612762346382,-0.043676849823228135,0.0,0.0,0.8571624159812927,2.098355197443331,1.8226456592700462,1.3678793907165527,0.8571624159812927,1.199412226676941,-0.12635377705887313,0.13383824171401892,0.313952051481986
1776515420.359255,0.17428612762346382,-0.043676849823228135,0.0,0.0,0.851386547088623,2.0996462349313814,1.8236173086715375,1.3738038539886475,0.851386547088623,1.2017362117767334,-0.12635377705887313,0.13383824171401892,0.313952051481986
1776515420.4092357,0.15704326396419624,-0.04897937021336923,0.0,0.0,0.851386547088623,2.0996462349313814,1.8236173086715375,1.3738038539886475,0.851386547088623,1.2017362117767334,-0.1260798326678181,0.13477131772273543,0.31106763520663455
1776515420.4651597,0.11744078320089534,-0.0662994741617975,0.0,0.0,0.851386547088623,2.0996462349313814,1.8236173086715375,1.3738038539886475,0.851386547088623,1.2017362117767334,-0.12527398314811256,0.13762235669536604,0.3062676244953273
1776515420.5178273,0.11744078320089534,-0.0662994741617975,0.0,0.0,0.8538585901260376,2.0994886081600277,1.8210270626246605,1.3621115684509277,0.8538585901260376,1.197090744972229,-0.12527398314811256,0.13762235669536604,0.3062676244953273
1776515420.5613995,0.11744078320089534,-0.0662994741617975,0.0,0.0,0.8538585901260376,2.0994886081600277,1.8210270626246605,1.3621115684509277,0.8538585901260376,1.197090744972229,-0.12527398314811256,0.13762235669536604,0.3062676244953273
1776515420.609215,0.11744078320089534,-0.0662994741617975,0.0,0.0,0.8538585901260376,2.0994886081600277,1.8210270626246605,1.3621115684509277,0.8538585901260376,1.197090744972229,-0.12527398314811256,0.13762235669536604,0.3062676244953273
1776515420.6590602,0.09830419133538984,-0.08070429991398431,0.0,0.0,0.8538585901260376,2.0994886081600277,1.8210270626246605,1.3621115684509277,0.8538585901260376,1.197090744972229,-0.12478440721768513,0.13938006586690754,0.3043567489131203
1776515420.709508,0.07567494708265407,-0.06328357949289878,0.0,0.0,0.8538585901260376,2.0994886081600277,1.8210270626246605,1.3621115684509277,0.8538585901260376,1.197090744972229,-0.12437362439342393,0.14085786946055778,0.3027981623577285
1776515420.759576,0.06478839626288165,0.0007536096176575072,0.0,0.0,0.8519681692123413,2.099857922894992,1.8195245581461474,1.354312777519226,0.8519681692123413,1.1932786703109741,-0.12394107552843646,0.1418138790803667,0.3014701286513004
1776515420.8227959,0.05028789920628869,0.07742640340055669,0.0,0.0,0.8519681692123413,2.099857922894992,1.8195245581461474,1.354312777519226,0.8519681692123413,1.1932786703109741,-0.12356006939650593,0.14112531661872518,0.3001970535157996
1776515420.860142,0.032011481344635724,0.14799222491968597,0.0,0.0,0.8519681692123413,2.099857922894992,1.8195245581461474,1.354312777519226,0.8519681692123413,1.1932786703109741,-0.12317910789517916,0.13903286003265114,0.2990740384975738
1776515420.910091,0.032011481344635724,0.14799222491968597,0.0,0.0,0.8556918501853943,2.098585403759539,1.8200232644557197,1.3514920473098755,0.8556918501853943,1.1811084747314453,-0.12317910789517916,0.13903286003265114,0.2990740384975738
1776515420.9589522,0.032011481344635724,0.14799222491968597,0.0,0.0,0.8556918501853943,2.098585403759539,1.8200232644557197,1.3514920473098755,0.8556918501853943,1.1811084747314453,-0.12317910789517916,0.13903286003265114,0.2990740384975738
1776515421.0112243,0.007669867667346291,0.2452661481904426,0.0,0.0,0.8556918501853943,2.098585403759539,1.8200232644557197,1.3514920473098755,0.8556918501853943,1.1811084747314453,-0.12293120489399927,0.1350402393614183,0.2981735791562326
1776515421.1431022,0.007669867667346291,0.2452661481904426,0.0,0.0,0.8556918501853943,2.098585403759539,1.8200232644557197,1.3514920473098755,0.8556918501853943,1.1811084747314453,-0.12293120489399927,0.1350402393614183,0.2981735791562326
1776515421.234333,0.007669867667346291,0.2452661481904426,0.0,0.0,0.8556918501853943,2.098585403759539,1.8200232644557197,1.3514920473098755,0.8556918501853943,1.1811084747314453,-0.12293120489399927,0.1350402393614183,0.2981735791562326
1776515421.2723563,-0.00012559324137541755,0.0008006478483665723,0.0,0.0,0.8556918501853943,2.098585403759539,1.8200232644557197,1.3514920473098755,0.8556918501853943,1.1811084747314453,-0.12285343927989929,0.1333540403729674,0.29794076206606573
1776515421.3105853,-0.0002628265634198769,0.00034188605983599116,0.0,0.0,0.8556918501853943,2.098585403759539,1.8200232644557197,1.3514920473098755,0.8556918501853943,1.1811084747314453,-0.12285856415488522,0.1333344750307468,0.2979492405765111
1776515421.359127,-0.0002628265634198769,0.00034188605983599116,0.0,0.0,0.8556918501853943,2.098585403759539,1.8200232644557197,1.3514920473098755,0.8556918501853943,1.1811084747314453,-0.12285856415488522,0.1333344750307468,0.2979492405765111
1776515421.410653,-0.00027182501547979914,0.00030568227979030685,0.0,0.0,0.8525406122207642,2.096974233473814,1.8202490955643948,1.3616344928741455,0.8525406122207642,1.1834282875061035,-0.12286039691113487,0.13332776056002782,0.29795416352044196
1776515421.4596603,-0.00026591892574959365,0.0002806168537953883,0.0,0.0,0.8553869724273682,2.09672993653136,1.820437613455562,1.3474206924438477,0.8553869724273682,1.1934443712234497,-0.12286209766926848,0.13332162068569797,0.29795911701017586
1776515421.5096579,-0.00025058158390742913,0.00024250619474352512,0.0,0.0,0.8553869724273682,2.09672993653136,1.820437613455562,1.3474206924438477,0.8553869724273682,1.1934443712234497,-0.12286362187958137,0.13331607426706515,0.2979638540891421
1776515421.5625973,-0.0002975325287482639,0.003996106820836971,0.0,0.0,0.8606637716293335,2.096286987232787,1.8198890114933002,1.36086106300354,0.8606637716293335,1.192751407623291,-0.1228569550730435,0.1333594726178151,0.2979676650831789
1776515421.6104457,-0.0002975325287482639,0.003996106820836971,0.0,0.0,0.8606637716293335,2.096286987232787,1.8198890114933002,1.36086106300354,0.8606637716293335,1.192751407623291,-0.1228569550730435,0.1333594726178151,0.2979676650831789
1776515421.666531,-0.00016405230715006014,0.0007030016630397406,0.0,0.0,0.8606637716293335,2.096286987232787,1.8198890114933002,1.36086106300354,0.8606637716293335,1.192751407623291,-0.12286404777490771,0.13333072657111833,0.2979709443602738
1776515421.70985,-0.00011169964994804923,0.000456913191706855,0.0,0.0,0.8514837622642517,2.096826572643178,1.8200445871436828,1.3649696111679077,0.8514837622642517,1.1903773546218872,-0.12286764723264824,0.13331689834215155,0.29797432455515527
1776515421.7649765,-0.0001046300452373484,-0.00018556508423907066,0.0,0.0,0.8514837622642517,2.096826572643178,1.8200445871436828,1.3649696111679077,0.8514837622642517,1.1903773546218872,-0.12287022563018915,0.1333041856813355,0.2979733598485278
1776515421.8091812,-3.009625276379506e-05,-9.897730538089444e-05,0.0,0.0,0.8514837622642517,2.096826572643178,1.8200445871436828,1.3649696111679077,0.8514837622642517,1.1903773546218872,-0.12286838413393691,0.1333118191233571,0.2979749122671521
1776515421.8592951,-1.1864192095373898e-05,-3.066943360883967e-05,0.0,0.0,0.8551527261734009,2.097193276242566,1.8204576486987372,1.3518786430358887,0.8551527261734009,1.1957257986068726,-0.12286816164309367,0.13331284213162053,0.2979753020773105
1776515421.909284,-4.364232691531722e-06,-1.759908333098154e-05,0.0,0.0,0.8551527261734009,2.097193276242566,1.8204576486987372,1.3518786430358887,0.8551527261734009,1.1957257986068726,-0.12286809361390681,0.133313248590734,0.2979754652915743
1776515421.9623845,-4.364232691531722e-06,-1.759908333098154e-05,0.0,0.0,0.8551527261734009,2.097193276242566,1.8204576486987372,1.3518786430358887,0.8551527261734009,1.1957257986068726,-0.12286809361390681,0.133313248590734,0.2979754652915743
1776515422.0162246,-1.414246721891248e-06,-4.497146453155089e-05,0.0,0.0,0.8551527261734009,2.097193276242566,1.8204576486987372,1.3518786430358887,0.8551527261734009,1.1957257986068726,-0.12286806164862284,0.1333137614280986,0.2979755693867641
1776515422.061575,-3.283684650909038e-07,-1.5790569773598754e-05,0.0,0.0,0.8512710332870483,2.0973746887960445,1.8203159772087047,1.363067865371704,0.8512710332870483,1.1943742036819458,-0.12286803038991952,0.1333140280781797,0.2979756164007123
1776515422.1195166,4.82949812706797e-07,-1.2369047296179918e-05,0.0,0.0,0.8512710332870483,2.0973746887960445,1.8203159772087047,1.363067865371704,0.8512710332870483,1.1943742036819458,-0.12286802209498127,0.13331406803398416,0.29797563084504436
1776515422.1700618,4.82949812706797e-07,-1.2369047296179918e-05,0.0,0.0,0.8512710332870483,2.0973746887960445,1.8203159772087047,1.363067865371704,0.8512710332870483,1.1943742036819458,-0.12286802209498127,0.13331406803398416,0.29797563084504436
1776515422.2089353,7.63340401596992e-07,-1.1734188565247226e-05,0.0,0.0,0.860730767250061,2.0970464484433573,1.8204437107952032,1.3629504442214966,0.860730767250061,1.1932657957077026,-0.12286802014887746,0.1333140768973573,0.2979756356295501
1776515422.2594056,7.63340401596992e-07,-1.1734188565247226e-05,0.0,0.0,0.860730767250061,2.0970464484433573,1.8204437107952032,1.3629504442214966,0.860730767250061,1.1932657957077026,-0.12286802014887746,0.1333140768973573,0.2979756356295501
1776515422.3102763,8.645296997820779e-07,-1.1597906817824825e-05,0.0,0.0,0.860730767250061,2.0970464484433573,1.8204437107952032,1.3629504442214966,0.860730767250061,1.1932657957077026,-0.12286801948999383,0.13331407967154663,0.29797563714976444
1776515422.359268,9.017857078859936e-07,-1.1561969669133271e-05,0.0,0.0,0.860730767250061,2.0970464484433573,1.8204437107952032,1.3629504442214966,0.860730767250061,1.1932657957077026,-0.12286801913916988,0.13331408103018338,0.29797563750407524
1776515422.409136,9.156755505638182e-07,-1.1550313861234573e-05,0.0,0.0,0.8571131825447083,2.097021294787016,1.820539970391617,1.3603649139404297,0.8571131825447083,1.189285159111023,-0.12286801887848256,0.13331408197816463,0.2979756374292463
1776515422.4590888,9.208917188652745e-07,-1.1546042822454986e-05,0.0,0.0,0.8571131825447083,2.097021294787016,1.820539970391617,1.3603649139404297,0.8571131825447083,1.189285159111023,-0.12286801864885132,0.13331408278348889,0.2979756371938485
1776515422.5094752,9.228550953912146e-07,-1.1544423635702271e-05,0.0,0.0,0.8571131825447083,2.097021294787016,1.820539970391617,1.3603649139404297,0.8571131825447083,1.189285159111023,-0.12286801843088355,0.13331408353459206,0.2979756368978608
1776515422.563572,9.235915529283066e-07,-1.154382744200949e-05,0.0,0.0,0.8441417217254639,2.097759735738647,1.820146321977781,1.3576167821884155,0.8441417217254639,1.1964730024337769,-0.12286801821743541,0.13331408426449842,0.29797563657891923
1776515422.6092029,9.238634622729212e-07,-1.1543632529966733e-05,0.0,0.0,0.8441417217254639,2.097759735738647,1.820146321977781,1.3576167821884155,0.8441417217254639,1.1964730024337769,-0.12286801800574422,0.13331408498612296,0.29797563625127965
1776515422.6619577,9.238634622729212e-07,-1.1543632529966733e-05,0.0,0.0,0.8496303558349609,2.0969472802644744,1.820106857729835,1.3687143325805664,0.8496303558349609,1.1958144903182983,-0.12286801800574422,0.13331408498612296,0.29797563625127965
1776515422.708812,9.239872657075697e-07,-1.1543618375905607e-05,0.0,0.0,0.8496303558349609,2.0969472802644744,1.820106857729835,1.3687143325805664,0.8496303558349609,1.1958144903182983,-0.12286801758400646,0.13331408642168707,0.29797563558817003
1776515422.7621434,9.23990478188469e-07,-1.154366650275676e-05,0.0,0.0,0.8607068061828613,2.0969270006249503,1.82046294349937,1.3673992156982422,0.8607068061828613,1.1909669637680054,-0.1228680173733814,0.13331408713837556,0.29797563525553694
1776515422.8093617,9.23983598766851e-07,-1.1543722084576898e-05,0.0,0.0,0.8607068061828613,2.0969270006249503,1.82046294349937,1.3673992156982422,0.8607068061828613,1.1909669637680054,-0.12286801716280188,0.13331408785488108,0.297975634922746
1776515422.8606997,9.239731578945173e-07,-1.1543783104939874e-05,0.0,0.0,0.8607068061828613,2.0969270006249503,1.82046294349937,1.3673992156982422,0.8607068061828613,1.1909669637680054,-0.12286801695224549,0.13331408857131688,0.2979756345899077
1776515422.9100893,9.239615294975224e-07,-1.1543844815533174e-05,0.0,0.0,0.8592907786369324,2.097166781840117,1.819605508711829,1.3548550605773926,0.8592907786369324,1.1893874406814575,-0.12286801674170074,0.13331408928773625,0.2979756342570664
1776515422.965193,9.239497053100654e-07,-1.1543906665583392e-05,0.0,0.0,0.8592907786369324,2.097166781840117,1.819605508711829,1.3548550605773926,0.8592907786369324,1.1893874406814575,-0.12286801653116433,0.13331409000414451,0.2979756339242413
1776515423.0114744,9.239497053100654e-07,-1.1543906665583392e-05,0.0,0.0,0.8592907786369324,2.097166781840117,1.819605508711829,1.3548550605773926,0.8592907786369324,1.1893874406814575,-0.12286801653116433,0.13331409000414451,0.2979756339242413
1776515423.058916,9.23937033760879e-07,-1.1543969186499848e-05,0.0,0.0,0.8592907786369324,2.097166781840117,1.819605508711829,1.3548550605773926,0.8592907786369324,1.1893874406814575,-0.1228680163206364,0.13331409072056788,0.2979756335914295
1776515423.110198,9.239244157557529e-07,-1.1544030989369792e-05,0.0,0.0,0.8520936965942383,2.0974094613518126,1.8204162460217534,1.347638726234436,0.8520936965942383,1.1946645975112915,-0.12286801611011924,0.13331409143697392,0.29797563325864135
1776515423.1592507,9.239116960176844e-07,-1.1544093515167274e-05,0.0,0.0,0.8520936965942383,2.0974094613518126,1.8204162460217534,1.347638726234436,0.8520936965942383,1.1946645975112915,-0.12286801589960772,0.13331409215340573,0.2979756329258734
1776515423.2091472,9.238991714243462e-07,-1.1544154786852142e-05,0.0,0.0,0.8520936965942383,2.0974094613518126,1.8204162460217534,1.347638726234436,0.8520936965942383,1.1946645975112915,-0.12286801568910574,0.13331409286981755,0.29797563259313303
1776515423.2596297,9.238991714243462e-07,-1.1544154786852142e-05,0.0,0.0,0.8626057505607605,2.097279991572042,1.8200406305556551,1.3410618305206299,0.8626057505607605,1.1929922103881836,-0.12286801568910574,0.13331409286981755,0.29797563259313303
1776515423.3091195,9.238868943940039e-07,-1.1544217879467769e-05,0.0,0.0,0.8626057505607605,2.097279991572042,1.8200406305556551,1.3410618305206299,0.8626057505607605,1.1929922103881836,-0.1228680154786098,0.1333140935862529,0.29797563226041096
1776515423.360642,9.238868943940039e-07,-1.1544217879467769e-05,0.0,0.0,0.8626057505607605,2.097279991572042,1.8200406305556551,1.3410618305206299,0.8626057505607605,1.1929922103881836,-0.1228680154786098,0.1333140935862529,0.29797563226041096
1776515423.4091191,9.238738605640363e-07,-1.1544279434391977e-05,0.0,0.0,0.8525969386100769,2.097457745745709,1.8204647086873103,1.3632965087890625,0.8525969386100769,1.188778042793274,-0.12286801526812162,0.13331409430268115,0.29797563192771587
1776515423.4597955,9.238617520472975e-07,-1.154434236316271e-05,0.0,0.0,0.8525969386100769,2.097457745745709,1.8204647086873103,1.3632965087890625,0.8525969386100769,1.188778042793274,-0.12286801505764297,0.13331409501912184,0.29797563159503776
1776515423.5095172,9.238489848788934e-07,-1.1544403676156145e-05,0.0,0.0,0.8525969386100769,2.097457745745709,1.8204647086873103,1.3632965087890625,0.8525969386100769,1.188778042793274,-0.12286801484717011,0.13331409573556163,0.29797563126238824
1776515423.5592437,9.23836236097286e-07,-1.1544466466810758e-05,0.0,0.0,0.8525969386100769,2.097457745745709,1.8204647086873103,1.3632965087890625,0.8525969386100769,1.188778042793274,-0.12286801463670494,0.13331409645201653,0.29797563092976004
1776515423.6091156,9.23836236097286e-07,-1.1544466466810758e-05,0.0,0.0,0.8575628995895386,2.097971783590802,1.8200810419095008,1.3585734367370605,0.8575628995895386,1.1871113777160645,-0.12286801463670494,0.13331409645201653,0.29797563092976004
1776515423.661134,9.238237150999854e-07,-1.1544527783947002e-05,0.0,0.0,0.8575628995895386,2.097971783590802,1.8200810419095008,1.3585734367370605,0.8575628995895386,1.1871113777160645,-0.12286801442624765,0.13331409716846787,0.2979756305971545
1776515423.7115293,9.238109972384076e-07,-1.1544590729129023e-05,0.0,0.0,0.8575628995895386,2.097971783590802,1.8200810419095008,1.3585734367370605,0.8575628995895386,1.1871113777160645,-0.12286801421579766,0.13331409788492943,0.29797563026457236
1776515423.7590601,9.238109972384076e-07,-1.1544590729129023e-05,0.0,0.0,0.8616390824317932,2.097265821160485,1.8203147203845758,1.3415710926055908,0.8616390824317932,1.1920502185821533,-0.12286801421579766,0.13331409788492943,0.29797563026457236
1776515423.8092158,9.237984534737005e-07,-1.1544652487337623e-05,0.0,0.0,0.8616390824317932,2.097265821160485,1.8203147203845758,1.3415710926055908,0.8616390824317932,1.1920502185821533,-0.1228680140053523,0.13331409860139898,0.2979756299320181
1776515423.8592026,9.237861028363847e-07,-1.1544714553727799e-05,0.0,0.0,0.8616390824317932,2.097265821160485,1.8203147203845758,1.3415710926055908,0.8616390824317932,1.1920502185821533,-0.1228680137949193,0.13331409931786764,0.29797562959947843
1776515423.9091237,9.237731350933241e-07,-1.1544777113600044e-05,0.0,0.0,0.8513625264167786,2.097145436043876,1.8205275772587972,1.3600032329559326,0.8513625264167786,1.1900397539138794,-0.12286801358449016,0.13331410003434252,0.2979756292669691
1776515423.9604526,9.237606781614566e-07,-1.1544838414400868e-05,0.0,0.0,0.8513625264167786,2.097145436043876,1.8205275772587972,1.3600032329559326,0.8513625264167786,1.1900397539138794,-0.12286801337406981,0.1333141007508285,0.29797562893447926
1776515424.0093071,9.237481470472862e-07,-1.1544901065988865e-05,0.0,0.0,0.8513625264167786,2.097145436043876,1.8205275772587972,1.3600032329559326,0.8513625264167786,1.1900397539138794,-0.12286801316365849,0.1333141014673087,0.2979756286020109
1776515424.06085,9.237352926851219e-07,-1.1544961899203193e-05,0.0,0.0,0.8562053442001343,2.0975124682131794,1.8200054966135173,1.3541430234909058,0.8562053442001343,1.1927741765975952,-0.12286801295325252,0.13331410218380313,0.29797562826956697
1776515424.1203616,9.237228235812705e-07,-1.1545024908084822e-05,0.0,0.0,0.8562053442001343,2.0975124682131794,1.8200054966135173,1.3541430234909058,0.8562053442001343,1.1927741765975952,-0.12286801274285698,0.13331410290029444,0.2979756279371443
1776515424.159262,9.237103399473242e-07,-1.154508713047017e-05,0.0,0.0,0.8562053442001343,2.0975124682131794,1.8200054966135173,1.3541430234909058,0.8562053442001343,1.1927741765975952,-0.12286801253246507,0.13331410361680307,0.2979756276047473
1776515424.2128122,9.236978527842812e-07,-1.1545149462264034e-05,0.0,0.0,0.8576397895812988,2.0971284464043007,1.819978216018191,1.3592588901519775,0.8576397895812988,1.1902258396148682,-0.12286801232208569,0.13331410433329527,0.29797562727236854
1776515424.259204,9.236978527842812e-07,-1.1545149462264034e-05,0.0,0.0,0.8576397895812988,2.0971284464043007,1.819978216018191,1.3592588901519775,0.8576397895812988,1.1902258396148682,-0.12286801232208569,0.13331410433329527,0.29797562727236854
1776515424.3112752,9.236849017960773e-07,-1.1545210683055619e-05,0.0,0.0,0.8576397895812988,2.0971284464043007,1.819978216018191,1.3592588901519775,0.8576397895812988,1.1902258396148682,-0.12286801211170856,0.133314105049815,0.2979756269400183
1776515424.3593113,9.236849017960773e-07,-1.1545210683055619e-05,0.0,0.0,0.8576397895812988,2.0971284464043007,1.819978216018191,1.3592588901519775,0.8576397895812988,1.1902258396148682,-0.12286801211170856,0.133314105049815,0.2979756269400183
