timestamp_sec,pose_x,pose_y,pose_yaw,odom_linear_x,odom_angular_z,cmd_linear_x,cmd_angular_z,imu_ax,imu_ay,imu_az,imu_gx,imu_gy,imu_gz,scan_count,scan_min,scan_max,scan_mean,scan_std,scan_front_min,scan_left_min,scan_right_min,traj_nearest_idx,traj_target_idx,traj_cross_track_error,traj_heading_error,traj_goal_distance
1776384050.6627162,nan,nan,nan,-2.9846909602497983e-06,-5.672211996963389e-07,nan,nan,nan,nan,nan,nan,nan,nan,0.0,nan,nan,nan,nan,nan,nan,nan,nan,nan,nan,nan,nan
1776384050.7792346,nan,nan,nan,-2.9846909602497983e-06,-5.672211996963389e-07,nan,nan,nan,nan,nan,nan,nan,nan,0.0,nan,nan,nan,nan,nan,nan,nan,nan,nan,nan,nan,nan
1776384050.9116478,nan,nan,nan,-2.9477340266913467e-06,-5.650057601451766e-07,nan,nan,nan,nan,nan,nan,nan,nan,1081.0,0.47341662645339966,15.651138305664062,2.5893700787527045,2.693053205053265,1.1592559814453125,0.47341662645339966,1.9328008890151978,nan,nan,nan,nan,nan
1776384051.022246,nan,nan,nan,-2.9111746341698503e-06,-5.628142086033065e-07,nan,nan,nan,nan,nan,nan,nan,nan,1081.0,0.4675021171569824,15.647753715515137,2.589102439809794,2.692698043970597,1.1492542028427124,0.4675021171569824,1.9346579313278198,nan,nan,nan,nan,nan
1776384051.133117,nan,nan,nan,-2.87500840414854e-06,-5.606473400883315e-07,nan,nan,nan,nan,nan,nan,nan,nan,1081.0,0.4675021171569824,15.647753715515137,2.589102439809794,2.692698043970597,1.1492542028427124,0.4675021171569824,1.9346579313278198,nan,nan,nan,nan,nan
1776384051.2609153,nan,nan,nan,-2.839231292034384e-06,-5.585048580764749e-07,nan,nan,nan,nan,nan,nan,nan,nan,1081.0,0.4640694856643677,15.636407852172852,2.589443361753672,2.693173487085756,1.1568875312805176,0.4640694856643677,1.9299521446228027,nan,nan,nan,nan,nan
1776384051.3823802,nan,nan,nan,-2.8038389861135066e-06,-5.563849812507327e-07,nan,nan,nan,nan,nan,nan,nan,nan,1081.0,0.4705324172973633,15.62558364868164,2.589416662401672,2.692636806058532,1.1477844715118408,0.4705324172973633,1.9346176385879517,nan,nan,nan,nan,nan
1776384051.4919076,nan,nan,nan,-2.7341925419285145e-06,-5.522157106902953e-07,nan,nan,nan,nan,nan,nan,nan,nan,1081.0,0.45886853337287903,15.63045597076416,2.589129417941705,2.692758684570592,1.1487438678741455,0.45886853337287903,1.932967185974121,nan,nan,nan,nan,nan
1776384051.605544,nan,nan,nan,-2.6660362969668745e-06,-5.481391469275873e-07,nan,nan,nan,nan,nan,nan,nan,nan,1081.0,0.47120678424835205,15.63060474395752,2.5893149552082817,2.6934662424832667,1.1516681909561157,0.47120678424835205,1.936661958694458,nan,nan,nan,nan,nan
1776384051.7810292,nan,nan,nan,-2.566526628725494e-06,-5.421908010087188e-07,nan,nan,nan,nan,nan,nan,nan,nan,1081.0,0.4660108983516693,15.636991500854492,2.5893678290495488,2.693055345532371,1.1521037817001343,0.4660108983516693,1.9393383264541626,nan,nan,nan,nan,nan
1776384051.8976886,nan,nan,nan,-2.50195801579846e-06,-5.383342133143552e-07,nan,nan,nan,nan,nan,nan,nan,nan,1081.0,0.46521881222724915,15.632108688354492,2.5891894325131513,2.6930266157826006,1.1455634832382202,0.46521881222724915,1.9329538345336914,nan,nan,nan,nan,nan
1776384052.0073578,nan,nan,nan,-2.4387710757039924e-06,-5.345629653871077e-07,nan,nan,nan,nan,nan,nan,nan,nan,1081.0,0.4692215323448181,15.63979434967041,2.589365113013106,2.6927473350344107,1.1656510829925537,0.4692215323448181,1.933160662651062,nan,nan,nan,nan,nan
1776384052.121366,nan,nan,nan,-2.3769361898698037e-06,-5.308741483547528e-07,nan,nan,nan,nan,nan,nan,nan,nan,1081.0,0.464558482170105,15.637242317199707,2.5891718386390714,2.693440484973624,1.1524537801742554,0.464558482170105,1.9328893423080444,nan,nan,nan,nan,nan
1776384052.2392,nan,nan,nan,-2.286655829342259e-06,-5.254935561365133e-07,nan,nan,nan,nan,nan,nan,nan,nan,1081.0,0.46468448638916016,15.638933181762695,2.5895558150690206,2.6930577308869936,1.1388472318649292,0.46468448638916016,1.9357104301452637,nan,nan,nan,nan,nan
1776384052.3633277,nan,nan,nan,-2.228075862797432e-06,-5.220057266411719e-07,nan,nan,nan,nan,nan,nan,nan,nan,1081.0,0.4697358310222626,15.645243644714355,2.589163951913479,2.6930145375232386,1.1631639003753662,0.4697358310222626,1.9340325593948364,nan,nan,nan,nan,nan
1776384052.4712753,nan,nan,nan,-2.1707493182115416e-06,-5.185945162400535e-07,nan,nan,nan,nan,nan,nan,nan,nan,1081.0,0.4664669632911682,15.643708229064941,2.589665833526359,2.693538248532399,1.1454436779022217,0.4664669632911682,1.9278656244277954,nan,nan,nan,nan,nan
1776384052.587988,nan,nan,nan,-2.087051265024042e-06,-5.136181193909199e-07,nan,nan,nan,nan,nan,nan,nan,nan,1081.0,0.4684968888759613,15.63560676574707,2.588599482363402,2.692850608588292,1.1438730955123901,0.4684968888759613,1.9346648454666138,nan,nan,nan,nan,nan
1776384052.7013798,nan,nan,nan,-2.032742288897606e-06,-5.10392502096262e-07,nan,nan,nan,nan,nan,nan,nan,nan,1081.0,0.46803560853004456,15.630644798278809,2.589774770746619,2.6928039517240245,1.1472643613815308,0.46803560853004456,1.935731053352356,nan,nan,nan,nan,nan
1776384052.813711,nan,nan,nan,-1.9795954390598955e-06,-5.072385662683564e-07,nan,nan,nan,nan,nan,nan,nan,nan,1081.0,0.465890109539032,15.637471199035645,2.588956791973026,2.693380747850788,1.157793402671814,0.465890109539032,1.935152292251587,nan,nan,nan,nan,nan
1776384052.932626,nan,nan,nan,-1.9019998998458612e-06,-5.026371541167137e-07,nan,nan,nan,nan,nan,nan,nan,nan,1081.0,0.46907466650009155,15.628023147583008,2.5891730171679126,2.6928077289149814,1.158421516418457,0.46907466650009155,1.9350159168243408,nan,nan,nan,nan,nan
1776384053.0430052,nan,nan,nan,-1.8516505997280981e-06,-4.996549409789596e-07,nan,nan,nan,nan,nan,nan,nan,nan,1081.0,0.46612006425857544,15.626594543457031,2.589038982063835,2.6929129875362188,1.1409833431243896,0.46612006425857544,1.9346641302108765,nan,nan,nan,nan,nan
1776384053.1532078,nan,nan,nan,-1.8023786258531917e-06,-4.967377517163235e-07,nan,nan,nan,nan,nan,nan,nan,nan,1081.0,0.46612006425857544,15.626594543457031,2.589038982063835,2.6929129875362188,1.1409833431243896,0.46612006425857544,1.9346641302108765,nan,nan,nan,nan,nan
1776384053.2655184,nan,nan,nan,-1.7541609838326983e-06,-4.938863251653736e-07,nan,nan,nan,nan,nan,nan,nan,nan,1081.0,0.46663543581962585,15.629676818847656,2.58908180400357,2.6928080751376453,1.1385935544967651,0.46663543581962585,1.9201462268829346,nan,nan,nan,nan,nan
1776384053.374033,nan,nan,nan,-1.6837620690493634e-06,-4.89727710879257e-07,nan,nan,nan,nan,nan,nan,nan,nan,1081.0,0.46845343708992004,15.634846687316895,2.5888984824197365,2.6930326809656258,1.1324894428253174,0.46845343708992004,1.9259605407714844,nan,nan,nan,nan,nan
1776384053.488151,nan,nan,nan,-1.638082517551932e-06,-4.870316675812693e-07,nan,nan,nan,nan,nan,nan,nan,nan,1081.0,0.47083544731140137,15.61604118347168,2.588592734494549,2.6934532702330953,1.1486018896102905,0.47083544731140137,1.935591697692871,nan,nan,nan,nan,nan
1776384053.5961082,nan,nan,nan,-1.5933803381842984e-06,-4.843965490243349e-07,nan,nan,nan,nan,nan,nan,nan,nan,1081.0,0.4629637598991394,15.65280532836914,2.589341421434992,2.692997044014932,1.1487421989440918,0.4629637598991394,1.9288889169692993,nan,nan,nan,nan,nan
1776384053.7096555,nan,nan,nan,-1.5496347446671816e-06,-4.818190933393749e-07,nan,nan,nan,nan,nan,nan,nan,nan,1081.0,0.47074055671691895,15.640681266784668,2.5892204194020385,2.693366077743918,1.1540849208831787,0.47074055671691895,1.9290984869003296,nan,nan,nan,nan,nan
1776384053.826693,nan,nan,nan,-1.5068251670066645e-06,-4.792999207534627e-07,nan,nan,nan,nan,nan,nan,nan,nan,1081.0,0.46405601501464844,15.64419174194336,2.5884021031812425,2.693005510491807,1.1497100591659546,0.46405601501464844,1.9328058958053589,nan,nan,nan,nan,nan
1776384053.9464602,nan,nan,nan,-1.46493154489128e-06,-4.7683671840527867e-07,nan,nan,nan,nan,nan,nan,nan,nan,1081.0,0.46405601501464844,15.64419174194336,2.5884021031812425,2.693005510491807,1.1497100591659546,0.46405601501464844,1.9328058958053589,nan,nan,nan,nan,nan
1776384054.3890853,nan,nan,nan,-1.4037659642402636e-06,-4.7324483676000697e-07,nan,nan,nan,nan,nan,nan,nan,nan,1081.0,0.47028952836990356,15.635828971862793,2.5894911199339443,2.6927109750549785,1.1526594161987305,0.47028952836990356,1.9374362230300903,nan,nan,nan,nan,nan
1776384054.5270126,nan,nan,nan,-1.3640774807452076e-06,-4.7091706628418515e-07,nan,nan,nan,nan,nan,nan,nan,nan,1081.0,0.46350333094596863,15.6334867477417,2.589569720182013,2.692975299228237,1.1453737020492554,0.46350333094596863,1.9309171438217163,nan,nan,nan,nan,nan
1776384054.6591756,nan,nan,nan,-1.325238317777712e-06,-4.6864134839770983e-07,nan,nan,nan,nan,nan,nan,nan,nan,1081.0,0.4687960743904114,15.628918647766113,2.589217923285231,2.6937176174238453,1.1624170541763306,0.4687960743904114,1.932647943496704,nan,nan,nan,nan,nan
1776384054.8272777,nan,nan,nan,-1.2872301936702594e-06,-4.664162927344433e-07,nan,nan,nan,nan,nan,nan,nan,nan,1081.0,0.4622112512588501,15.624652862548828,2.5892172022399587,2.6929990968988893,1.1385422945022583,0.4622112512588501,1.9352529048919678,nan,nan,nan,nan,nan
1776384054.9577134,nan,nan,nan,-1.213636214878033e-06,-4.6211592368353414e-07,nan,nan,nan,nan,nan,nan,nan,nan,1081.0,0.46802619099617004,15.639330863952637,2.589420296796266,2.6925926989391895,1.1570607423782349,0.46802619099617004,1.9372972249984741,nan,nan,nan,nan,nan
1776384055.1142032,nan,nan,nan,-1.195729796092857e-06,-4.6107084670298037e-07,nan,nan,nan,nan,nan,nan,nan,nan,1081.0,0.4674120843410492,15.634282112121582,2.588918297628249,2.6929542606119163,1.1577024459838867,0.4674120843410492,1.9316973686218262,nan,nan,nan,nan,nan
1776384055.5526338,nan,nan,nan,-1.1780159684299845e-06,-4.600376508467884e-07,nan,nan,nan,nan,nan,nan,nan,nan,1081.0,0.46742361783981323,15.638262748718262,2.589199732041381,2.6930084074609306,1.1209521293640137,0.46742361783981323,1.932802438735962,nan,nan,nan,nan,nan
1776384055.6724954,nan,nan,nan,-1.143157948185486e-06,-4.580061735432964e-07,nan,nan,nan,nan,nan,nan,nan,nan,1081.0,0.46742361783981323,15.638262748718262,2.589199732041381,2.6930084074609306,1.1209521293640137,0.46742361783981323,1.932802438735962,nan,nan,nan,nan,nan
1776384055.9041061,nan,nan,nan,-1.1260096599330433e-06,-4.570076533367336e-07,nan,nan,nan,nan,nan,nan,nan,nan,1081.0,0.4615117311477661,15.636082649230957,2.589559661553592,2.693262711713203,1.160274863243103,0.4615117311477661,1.936725378036499,nan,nan,nan,nan,nan
1776384056.0328352,nan,nan,nan,-1.1090458024977638e-06,-4.5602102728890636e-07,nan,nan,nan,nan,nan,nan,nan,nan,1081.0,0.4615117311477661,15.636082649230957,2.589559661553592,2.693262711713203,1.160274863243103,0.4615117311477661,1.936725378036499,nan,nan,nan,nan,nan
1776384056.1578994,nan,nan,nan,-1.0756634481624714e-06,-4.5407900115467375e-07,nan,nan,nan,nan,nan,nan,nan,nan,1081.0,0.4665842652320862,15.637587547302246,2.5889004391999735,2.6934392799255207,1.124769926071167,0.4665842652320862,1.9303975105285645,nan,nan,nan,nan,nan
1776384056.2767086,nan,nan,nan,-1.0429954172318486e-06,-4.5218281555730645e-07,nan,nan,nan,nan,nan,nan,nan,nan,1081.0,0.46454596519470215,15.649320602416992,2.5893158644961605,2.6932550648764666,1.140241265296936,0.46454596519470215,1.9263240098953247,nan,nan,nan,nan,nan
1776384056.405106,nan,nan,nan,-1.0110263487186293e-06,-4.5032797088629645e-07,nan,nan,nan,nan,nan,nan,nan,nan,1081.0,0.46454596519470215,15.649320602416992,2.5893158644961605,2.6932550648764666,1.140241265296936,0.46454596519470215,1.9263240098953247,nan,nan,nan,nan,nan
1776384056.533944,0.9995966472581266,-7.0007079454751855,0.0020317105768157323,-9.797412852443498e-07,-4.485151711237348e-07,nan,nan,nan,nan,nan,nan,nan,nan,1081.0,0.46712765097618103,15.63432788848877,2.5890734883285473,2.6931231654062873,1.1598180532455444,0.46712765097618103,1.9282079935073853,0.0,0.0,-0.19201774330254856,0.26194228942318426,4.245052568989385
1776384056.567015,0.9995963580246605,-7.000707945462663,0.002031695359012557,-8.33075077066946e-07,-4.400518011599857e-07,nan,nan,nan,nan,nan,nan,nan,nan,1081.0,0.4697754681110382,15.659350395202637,2.589175321954362,2.6928808943075726,1.1506617069244385,0.4697754681110382,1.935969591140747,0.0,0.0,-0.19201772476318515,0.26194230464098744,4.245052858217994
1776384056.6098914,0.9995958718516301,-7.000707945201019,0.0020316699068531384,-8.33075077066946e-07,-4.400518011599857e-07,nan,nan,nan,nan,nan,nan,nan,nan,1081.0,0.4697754681110382,15.659350395202637,2.589175321954362,2.6928808943075726,1.1506617069244385,0.4697754681110382,1.935969591140747,0.0,0.0,-0.19201769400123445,0.2619423300931468,4.245053344381479
1776384056.6607194,0.9995955475672786,-7.000707944775799,0.0020316530635077702,-8.19261999606784e-07,-4.392581939343087e-07,nan,nan,nan,nan,nan,nan,nan,nan,1081.0,0.46602797508239746,15.629722595214844,2.589157486711797,2.6930683349148374,1.151841640472412,0.46602797508239746,1.9349803924560547,0.0,0.0,-0.19201767390129948,0.2619423469364922,4.24505366865802
1776384056.7096179,0.9995955282560632,-7.00070794474154,0.0020316520652634714,-8.055975325249109e-07,-4.3847263940957047e-07,nan,nan,nan,nan,nan,nan,nan,nan,1081.0,0.46602797508239746,15.629722595214844,2.589157486711797,2.6930683349148374,1.151841640472412,0.46602797508239746,1.9349803924560547,0.0,0.0,-0.19201767271929307,0.26194234793473653,4.245053687968719
1776384056.7675803,0.9995955092159516,-7.000707944706587,0.0020316510816633785,-7.920800035043659e-07,-4.3769711231343233e-07,nan,nan,nan,nan,nan,nan,nan,nan,1081.0,0.45071494579315186,15.634377479553223,2.5894264676138605,2.692523632936665,1.1464130878448486,0.45071494579315186,1.9279330968856812,0.0,0.0,-0.19201767155584856,0.2619423489183366,4.245053707008315
1776384056.8100994,0.9995954904440272,-7.000707944670946,0.002031650112545942,-7.787079100114517e-07,-4.3693014345175266e-07,nan,nan,nan,nan,nan,nan,nan,nan,1081.0,0.45071494579315186,15.634377479553223,2.5894264676138605,2.692523632936665,1.1464130878448486,0.45071494579315186,1.9279330968856812,0.0,0.0,-0.1920176704107615,0.261942349887454,4.245053725779725
1776384056.8639479,0.9995954719374041,-7.000707944634627,0.0020316491577641736,-7.654795893311636e-07,-4.3617134184723535e-07,nan,nan,nan,nan,nan,nan,nan,nan,1081.0,0.45071494579315186,15.634377479553223,2.5894264676138605,2.692523632936665,1.1464130878448486,0.45071494579315186,1.9279330968856812,0.0,0.0,-0.19201766928384403,0.2619423508422358,4.245053744285832
1776384056.9107316,0.9995954536932276,-7.000707944597634,0.002031648217159128,-7.523935979230516e-07,-4.3542217178756245e-07,nan,nan,nan,nan,nan,nan,nan,nan,1081.0,0.45071494579315186,15.634377479553223,2.5894264676138605,2.692523632936665,1.1464130878448486,0.45071494579315186,1.9279330968856812,0.0,0.0,-0.19201766817489677,0.26194235178284087,4.245053762529494
1776384056.9607704,0.9995954357086738,-7.000707944559977,0.0020316472905810624,-7.394483123866005e-07,-4.3468054828261964e-07,nan,nan,nan,nan,nan,nan,nan,nan,1081.0,0.46819257736206055,15.64195728302002,2.5891482297410358,2.6928821673736363,1.1543620824813843,0.46819257736206055,1.9319664239883423,0.0,0.0,-0.19201766708372817,0.2619423527094189,4.245053780513533
1776384057.0095284,0.9995954179809504,-7.000707944521662,0.0020316463778772796,-7.266422944875539e-07,-4.339482134601913e-07,nan,nan,nan,nan,nan,nan,nan,nan,1081.0,0.46819257736206055,15.64195728302002,2.5891482297410358,2.6928821673736363,1.1543620824813843,0.46819257736206055,1.9319664239883423,0.0,0.0,-0.19201766601014567,0.2619423536221227,4.245053798240743
1776384057.0628307,0.9995954179809504,-7.000707944521662,0.0020316463778772796,-7.266422944875539e-07,-4.339482134601913e-07,nan,nan,nan,nan,nan,nan,nan,nan,1081.0,0.4660426080226898,15.655851364135742,2.5896177346181473,2.692846073092101,1.1529793739318848,0.4660426080226898,1.9369183778762817,0.0,0.0,-0.19201766601014567,0.2619423536221227,4.245053798240743
1776384057.1094823,0.9995954005072927,-7.000707944482698,0.0020316454788995237,-7.139740268685706e-07,-4.3322428776445904e-07,nan,nan,nan,nan,nan,nan,nan,nan,1081.0,0.4660426080226898,15.655851364135742,2.5896177346181473,2.692846073092101,1.1529793739318848,0.4660426080226898,1.9369183778762817,0.0,0.0,-0.19201766495395955,0.2619423545211005,4.245053815713888
1776384057.1600075,0.9995953832849678,-7.000707944443089,0.0020316445934934206,-7.01441989313622e-07,-4.3250884955628895e-07,nan,nan,nan,nan,nan,nan,nan,nan,1081.0,0.4660426080226898,15.655851364135742,2.5896177346181473,2.692846073092101,1.1529793739318848,0.4660426080226898,1.9369183778762817,0.0,0.0,-0.19201766391497588,0.26194235540650657,4.2450538329357
1776384057.2117374,0.9995953663112709,-7.000707944402843,0.0020316437215200916,-6.890447554006523e-07,-4.31801129410686e-07,nan,nan,nan,nan,nan,nan,nan,nan,1081.0,0.47589924931526184,15.646595001220703,2.589502683565861,2.692981355420689,1.1534913778305054,0.47589924931526184,1.9381715059280396,0.0,0.0,-0.19201766289301925,0.2619423562784799,4.245053849908886
1776384057.2626076,0.9995953495835268,-7.000707944361969,0.002031642862835531,-6.767808424042126e-07,-4.311021661804786e-07,nan,nan,nan,nan,nan,nan,nan,nan,1081.0,0.47589924931526184,15.646595001220703,2.589502683565861,2.692981355420689,1.1534913778305054,0.47589924931526184,1.9381715059280396,0.0,0.0,-0.19201766188790426,0.26194235713716446,4.245053866636117
1776384057.3097231,0.9995953330990897,-7.000707944320472,0.0020316420172954443,-6.646488528883067e-07,-4.3041067021619134e-07,nan,nan,nan,nan,nan,nan,nan,nan,1081.0,0.4638175964355469,15.63485336303711,2.5889668504084624,2.6928900153425444,1.1459400653839111,0.4638175964355469,1.9322102069854736,0.0,0.0,-0.1920176608994503,0.26194235798270454,4.245053883120043
1776384057.359507,0.999595316855341,-7.000707944278357,0.0020316411847576886,-6.526473273584102e-07,-4.2972760205885196e-07,nan,nan,nan,nan,nan,nan,nan,nan,1081.0,0.4638175964355469,15.63485336303711,2.5889668504084624,2.6928900153425444,1.1459400653839111,0.4638175964355469,1.9322102069854736,0.0,0.0,-0.19201765992747769,0.2619423588152423,4.245053899363281
1776384057.4095397,0.9995952850795793,-7.000707944192307,0.0020316395581311923,-6.290301451893579e-07,-4.283850650847896e-07,nan,nan,nan,nan,nan,nan,nan,nan,1081.0,0.4638175964355469,15.63485336303711,2.5889668504084624,2.6928900153425444,1.1459400653839111,0.4638175964355469,1.9322102069854736,0.0,0.0,-0.19201765803226487,0.2619423604418688,4.245053931138023
1776384057.4626207,0.9995952695424697,-7.000707944148385,0.002031638763772484,-6.174117083623206e-07,-4.277250600197815e-07,nan,nan,nan,nan,nan,nan,nan,nan,1081.0,0.47606730461120605,15.658090591430664,2.590102582756399,2.6934617776466236,1.1530441045761108,0.47606730461120605,1.9309720993041992,0.0,0.0,-0.19201765710868207,0.2619423612362275,4.245053946674623
1776384057.5096948,0.9995952542358562,-7.0007079441038735,0.0020316379818687723,-6.059182628103095e-07,-4.2707342233893144e-07,nan,nan,nan,nan,nan,nan,nan,nan,1081.0,0.47606730461120605,15.658090591430664,2.590102582756399,2.6934617776466236,1.1530441045761108,0.47606730461120605,1.9309720993041992,0.0,0.0,-0.1920176562008846,0.2619423620181312,4.245053961980726
1776384057.5615757,0.9995952391572581,-7.000707944058775,0.0020316372122784134,-5.945484172123993e-07,-4.264289769870855e-07,nan,nan,nan,nan,nan,nan,nan,nan,1081.0,0.46822187304496765,15.631964683532715,2.5888057276124097,2.693127281938628,1.1480622291564941,0.46822187304496765,1.932400107383728,0.0,0.0,-0.1920176553086975,0.2619423627877216,4.2450539770588165
1776384057.6094947,0.9995952243042222,-7.000707944013103,0.002031636454880748,-5.833009237584308e-07,-4.257917539475008e-07,nan,nan,nan,nan,nan,nan,nan,nan,1081.0,0.46822187304496765,15.631964683532715,2.5888057276124097,2.693127281938628,1.1480622291564941,0.46822187304496765,1.932400107383728,0.0,0.0,-0.1920176544319616,0.26194236354511924,4.245053991911343
1776384057.659637,0.9995952096743216,-7.000707943966858,0.0020316357095331032,-5.721743342945064e-07,-4.251623219105027e-07,nan,nan,nan,nan,nan,nan,nan,nan,1081.0,0.46654456853866577,15.663848876953125,2.589594761438661,2.6925521294996586,1.145009994506836,0.46654456853866577,1.931612491607666,0.0,0.0,-0.19201765357049977,0.26194236429046686,4.245054006540736
1776384057.7169719,0.9995951952651551,-7.000707943920047,0.0020316349761128854,-5.611674108472684e-07,-4.245401465190364e-07,nan,nan,nan,nan,nan,nan,nan,nan,1081.0,0.46654456853866577,15.663848876953125,2.589594761438661,2.6925521294996586,1.145009994506836,0.46654456853866577,1.931612491607666,0.0,0.0,-0.19201765272415644,0.2619423650238871,4.245054020949395
1776384057.7624264,0.9995951810743477,-7.00070794387268,0.0020316342544960866,-5.502789060822941e-07,-4.239245269340076e-07,nan,nan,nan,nan,nan,nan,nan,nan,1081.0,0.46654456853866577,15.663848876953125,2.589594761438661,2.6925521294996586,1.145009994506836,0.46654456853866577,1.931612491607666,0.0,0.0,-0.19201765189277156,0.2619423657455039,4.245054035139695
1776384057.8118563,0.9995951670995503,-7.000707943824758,0.0020316335445458218,-5.39507457216737e-07,-4.2331696689969067e-07,nan,nan,nan,nan,nan,nan,nan,nan,1081.0,0.45836225152015686,15.62708568572998,2.589473366682227,2.6930184903714878,1.14345383644104,0.45836225152015686,1.922896385192871,0.0,0.0,-0.19201765107617513,0.26194236645545416,4.245054049113985
1776384057.8595133,0.9995951533384388,-7.000707943776289,0.002031632846142343,-5.288519250506138e-07,-4.2271607603946265e-07,nan,nan,nan,nan,nan,nan,nan,nan,1081.0,0.45836225152015686,15.62708568572998,2.589473366682227,2.6930184903714878,1.14345383644104,0.45836225152015686,1.922896385192871,0.0,0.0,-0.1920176502742142,0.26194236715385766,4.2450540628745905
1776384057.9094584,0.9995951397887134,-7.0007079437272814,0.0020316321591610656,-5.183109163606853e-07,-4.2212197336906817e-07,nan,nan,nan,nan,nan,nan,nan,nan,1081.0,0.45836225152015686,15.62708568572998,2.589473366682227,2.6930184903714878,1.14345383644104,0.45836225152015686,1.922896385192871,0.0,0.0,-0.19201764948672864,0.2619423678408389,4.245054076423811
1776384057.96079,0.9995951264481003,-7.000707943677737,0.0020316314834808234,-5.078833198086176e-07,-4.2153530294492355e-07,nan,nan,nan,nan,nan,nan,nan,nan,1081.0,0.46938616037368774,15.624582290649414,2.5893989836144073,2.693035773258708,1.147886037826538,0.46938616037368774,1.9355671405792236,0.0,0.0,-0.19201764871356808,0.26194236851651914,4.245054089763918
1776384058.0116389,0.9995951264481003,-7.000707943677737,0.0020316314834808234,-5.078833198086176e-07,-4.2153530294492355e-07,nan,nan,nan,nan,nan,nan,nan,nan,1081.0,0.46938616037368774,15.624582290649414,2.5893989836144073,2.693035773258708,1.147886037826538,0.46938616037368774,1.9355671405792236,0.0,0.0,-0.19201764871356808,0.26194236851651914,4.245054089763918
1776384058.0597234,0.9995951133143489,-7.0007079436276625,0.002031630818981137,-4.975678598579004e-07,-4.2095502993974626e-07,nan,nan,nan,nan,nan,nan,nan,nan,1081.0,0.46938616037368774,15.624582290649414,2.5893989836144073,2.693035773258708,1.147886037826538,0.46938616037368774,1.9355671405792236,0.0,0.0,-0.19201764795457937,0.2619423691810189,4.245054102897163
1776384058.1103675,0.9995951003852335,-7.000707943577066,0.0020316301655377202,-4.873633176765844e-07,-4.203823315104428e-07,nan,nan,nan,nan,nan,nan,nan,nan,1081.0,0.46320778131484985,15.65081787109375,2.5893423499937525,2.6933598322616508,1.1224874258041382,0.46320778131484985,1.9375513792037964,0.0,0.0,-0.19201764720960268,0.2619423698344623,4.245054115825774
1776384058.1634555,0.9995950876585524,-7.000707943525953,0.002031629523035837,-4.772686167822207e-07,-4.198148710484742e-07,nan,nan,nan,nan,nan,nan,nan,nan,1081.0,0.46320778131484985,15.65081787109375,2.5893423499937525,2.6933598322616508,1.1224874258041382,0.46320778131484985,1.9375513792037964,0.0,0.0,-0.19201764647849198,0.26194237047696417,4.24505412855195
1776384058.2095664,0.9995950751321272,-7.000707943474326,0.0020316288913543516,-4.6728237968359115e-07,-4.1925531416067093e-07,nan,nan,nan,nan,nan,nan,nan,nan,1081.0,0.46320778131484985,15.65081787109375,2.5893423499937525,2.6933598322616508,1.1224874258041382,0.46320778131484985,1.9375513792037964,0.0,0.0,-0.1920176457610976,0.26194237110864566,4.245054141077873
1776384058.2606468,0.9995950751321272,-7.000707943474326,0.0020316288913543516,-4.6728237968359115e-07,-4.1925531416067093e-07,nan,nan,nan,nan,nan,nan,nan,nan,1081.0,0.4638965427875519,15.649616241455078,2.589441521287957,2.6931280894529297,1.1525338888168335,0.4638965427875519,1.9350354671478271,0.0,0.0,-0.1920176457610976,0.26194237110864566,4.245054141077873
1776384058.3217766,0.9995950628038031,-7.000707943422191,0.002031628270385519,-4.5740356496506224e-07,-4.1870174582797247e-07,nan,nan,nan,nan,nan,nan,nan,nan,1081.0,0.4638965427875519,15.649616241455078,2.589441521287957,2.6931280894529297,1.1525338888168335,0.4638965427875519,1.9350354671478271,0.0,0.0,-0.19201764505728122,0.2619423717296145,4.245054153405692
1776384058.3717668,0.9995950506714489,-7.000707943369556,0.0020316276600017232,-4.4763105265332016e-07,-4.1815525246297446e-07,nan,nan,nan,nan,nan,nan,nan,nan,1081.0,0.4638965427875519,15.649616241455078,2.589441521287957,2.6931280894529297,1.1525338888168335,0.4638965427875519,1.9350354671478271,0.0,0.0,-0.1920176443668805,0.2619423723399983,4.245054165537543
1776384058.4100735,0.9995950506714489,-7.000707943369556,0.0020316276600017232,-4.4763105265332016e-07,-4.1815525246297446e-07,nan,nan,nan,nan,nan,nan,nan,nan,1081.0,0.4707389771938324,15.661171913146973,2.5887386016719987,2.693439393267172,1.1538348197937012,0.4707389771938324,1.9378376007080078,0.0,0.0,-0.1920176443668805,0.2619423723399983,4.245054165537543
1776384058.4597313,0.9995950387329555,-7.000707943316424,0.002031627060090886,-4.3796359214683405e-07,-4.1761496765268813e-07,nan,nan,nan,nan,nan,nan,nan,nan,1081.0,0.4707389771938324,15.661171913146973,2.5887386016719987,2.693439393267172,1.1538348197937012,0.4707389771938324,1.9378376007080078,0.0,0.0,-0.19201764368975435,0.2619423729399091,4.2450541774755335
1776384058.516838,0.9995950269862379,-7.000707943262804,0.0020316264705501448,-4.284001323695377e-07,-4.1708053824125263e-07,nan,nan,nan,nan,nan,nan,nan,nan,1081.0,0.4707389771938324,15.661171913146973,2.5887386016719987,2.693439393267172,1.1538348197937012,0.4707389771938324,1.9378376007080078,0.0,0.0,-0.1920176430257696,0.2619423735294498,4.245054189221748
1776384058.5595458,0.9995950154292317,-7.000707943208702,0.0020316258912696982,-4.189395284750648e-07,-4.165520496706568e-07,nan,nan,nan,nan,nan,nan,nan,nan,1081.0,0.4707389771938324,15.661171913146973,2.5887386016719987,2.693439393267172,1.1538348197937012,0.4707389771938324,1.9378376007080078,0.0,0.0,-0.19201764237478616,0.2619423741087303,4.245054200778252
1776384058.6126978,0.9995950154292317,-7.000707943208702,0.0020316258912696982,-4.189395284750648e-07,-4.165520496706568e-07,nan,nan,nan,nan,nan,nan,nan,nan,1081.0,0.47000521421432495,15.646245956420898,2.589256813386102,2.6924709509455433,1.1513569355010986,0.47000521421432495,1.9383097887039185,0.0,0.0,-0.19201764237478616,0.2619423741087303,4.245054200778252
1776384058.659483,0.9995950040598959,-7.000707943154118,0.0020316253221341215,-4.095806385321522e-07,-4.160303471712893e-07,nan,nan,nan,nan,nan,nan,nan,nan,1081.0,0.47000521421432495,15.646245956420898,2.589256813386102,2.6924709509455433,1.1513569355010986,0.47000521421432495,1.9383097887039185,0.0,0.0,-0.19201764173666208,0.26194237467786585,4.245054212147086
1776384058.7127798,0.9995949928762112,-7.000707943099054,0.002031624763015591,-4.003224540517477e-07,-4.155151738485649e-07,nan,nan,nan,nan,nan,nan,nan,nan,1081.0,0.47000521421432495,15.646245956420898,2.589256813386102,2.6924709509455433,1.1513569355010986,0.47000521421432495,1.9383097887039185,0.0,0.0,-0.19201764111123895,0.2619423752369844,4.245054223330269
1776384058.7615924,0.9995949928762112,-7.000707943099054,0.002031624763015591,-4.003224540517477e-07,-4.155151738485649e-07,nan,nan,nan,nan,nan,nan,nan,nan,1081.0,0.47000521421432495,15.646245956420898,2.589256813386102,2.6924709509455433,1.1513569355010986,0.47000521421432495,1.9383097887039185,0.0,0.0,-0.19201764111123895,0.2619423752369844,4.245054223330269
1776384058.8211405,0.9995949818761795,-7.000707943043524,0.0020316242138317675,-3.9116378858229173e-07,-4.1500616636086867e-07,nan,nan,nan,nan,nan,nan,nan,nan,1081.0,0.4650532305240631,15.633660316467285,2.5890582416148016,2.6924018443097717,1.1441038846969604,0.4650532305240631,1.9330449104309082,0.0,0.0,-0.19201764049840397,0.2619423757861682,4.2450542343298
1776384058.859758,0.9995949710578256,-7.000707942987528,0.0020316236744717616,-3.8210360980636915e-07,-4.1450242082317955e-07,nan,nan,nan,nan,nan,nan,nan,nan,1081.0,0.4650532305240631,15.633660316467285,2.5890582416148016,2.6924018443097717,1.1441038846969604,0.4650532305240631,1.9330449104309082,0.0,0.0,-0.19201763989802162,0.26194237632552825,4.245054245147652
1776384058.9095929,0.9995949604191949,-7.000707942931075,0.0020316231448203924,-3.73140905137519e-07,-4.140054573916217e-07,nan,nan,nan,nan,nan,nan,nan,nan,1081.0,0.4703814685344696,15.63270092010498,2.5893966551735708,2.6927770713861334,1.144973635673523,0.4703814685344696,1.9297142028808594,0.0,0.0,-0.19201763930994217,0.26194237685517957,4.245054255785782
1776384058.9598055,0.9995949604191949,-7.000707942931075,0.0020316231448203924,-3.6427452106504944e-07,-4.135133074866304e-07,nan,nan,nan,nan,nan,nan,nan,nan,1081.0,0.4703814685344696,15.63270092010498,2.5893966551735708,2.6927770713861334,1.144973635673523,0.4703814685344696,1.9297142028808594,0.0,0.0,-0.19201763930994217,0.26194237685517957,4.245054255785782
1776384059.0106754,0.9995949499583524,-7.000707942874165,0.0020316226247781583,-3.6427452106504944e-07,-4.135133074866304e-07,nan,nan,nan,nan,nan,nan,nan,nan,1081.0,0.4703814685344696,15.63270092010498,2.5893966551735708,2.6927770713861334,1.144973635673523,0.4703814685344696,1.9297142028808594,0.0,0.0,-0.1920176387340435,0.2619423773752218,4.245054266246124
1776384059.0642962,0.9995949396733859,-7.000707942816806,0.002031622114246056,-3.5550359057167495e-07,-4.1302794482555335e-07,nan,nan,nan,nan,nan,nan,nan,nan,1081.0,0.4703814685344696,15.63270092010498,2.5893966551735708,2.6927770713861334,1.144973635673523,0.4703814685344696,1.9297142028808594,0.0,0.0,-0.192017638170197,0.2619423778857539,4.24505427653059
1776384059.1097507,0.9995949295624027,-7.000707942759002,0.002031621613117286,-3.468269517467719e-07,-4.125481363279601e-07,nan,nan,nan,nan,nan,nan,nan,nan,1081.0,0.47166454792022705,15.64614486694336,2.5895524648579045,2.692915398897462,1.159269094467163,0.47166454792022705,1.938300609588623,0.0,0.0,-0.1920176376182696,0.2619423783868827,4.245054286641074
1776384059.1599212,0.9995949196235302,-7.000707942700759,0.0020316211212886653,-3.38243594522894e-07,-4.12073710140517e-07,nan,nan,nan,nan,nan,nan,nan,nan,1081.0,0.47166454792022705,15.64614486694336,2.5895524648579045,2.692915398897462,1.159269094467163,0.47166454792022705,1.938300609588623,0.0,0.0,-0.19201763707812808,0.2619423788787113,4.245054296579447
1776384059.2094784,0.9995949098549172,-7.0007079426420775,0.0020316206386677203,-3.213528423894713e-07,-4.111419750931235e-07,nan,nan,nan,nan,nan,nan,nan,nan,1081.0,0.4681398272514343,15.658872604370117,2.589217069880153,2.6928025524725134,1.1418583393096924,0.4681398272514343,1.9332813024520874,0.0,0.0,-0.19201763654965912,0.26194237936133224,4.245054306347561
1776384059.2595189,0.9995948908211606,-7.000707942523435,0.00203161970063249,-3.130434724335323e-07,-4.1068423698558047e-07,nan,nan,nan,nan,nan,nan,nan,nan,1081.0,0.4681398272514343,15.658872604370117,2.589217069880153,2.6928025524725134,1.1418583393096924,0.4681398272514343,1.9332813024520874,0.0,0.0,-0.19201763552719706,0.2619423802993675,4.24505432538032
1776384059.3103454,0.9995948908211606,-7.000707942523435,0.00203161970063249,-3.130434724335323e-07,-4.1068423698558047e-07,nan,nan,nan,nan,nan,nan,nan,nan,1081.0,0.4681398272514343,15.658872604370117,2.589217069880153,2.6928025524725134,1.1418583393096924,0.4681398272514343,1.9332813024520874,0.0,0.0,-0.19201763552719706,0.2619423802993675,4.24505432538032
1776384059.3707457,0.9995948815524123,-7.000707942463478,0.0020316192450287565,-3.048234305013908e-07,-4.102321132556797e-07,nan,nan,nan,nan,nan,nan,nan,nan,1081.0,0.4671076834201813,15.623442649841309,2.5892839083012116,2.6930896944949847,1.1426136493682861,0.4671076834201813,1.9336621761322021,0.0,0.0,-0.1920176350329677,0.2619423807549712,4.245054334648571
1776384059.409565,0.9995948724467127,-7.000707942403104,0.0020316187982400012,-2.96691874177289e-07,-4.097857382374164e-07,nan,nan,nan,nan,nan,nan,nan,nan,1081.0,0.4671076834201813,15.623442649841309,2.5892839083012116,2.6930896944949847,1.1426136493682861,0.4671076834201813,1.9336621761322021,0.0,0.0,-0.19201763454991116,0.26194238120176,4.245054343753773
1776384059.4599187,0.9995948635023069,-7.000707942342317,0.0020316183601668063,-2.8864761357211396e-07,-4.093438543553964e-07,nan,nan,nan,nan,nan,nan,nan,nan,1081.0,0.4671076834201813,15.623442649841309,2.5892839083012116,2.6930896944949847,1.1426136493682861,0.4671076834201813,1.9336621761322021,0.0,0.0,-0.1920176340779016,0.2619423816398332,4.2450543526976805
1776384059.5107229,0.9995948635023069,-7.000707942342317,0.0020316183601668063,-2.8864761357211396e-07,-4.093438543553964e-07,nan,nan,nan,nan,nan,nan,nan,nan,1081.0,0.4659636318683624,15.636327743530273,2.589331194661923,2.693075747772022,1.1602107286453247,0.4659636318683624,1.9337681531906128,0.0,0.0,-0.1920176340779016,0.2619423816398332,4.2450543526976805
1776384059.5665572,0.9995948460904545,-7.000707942219526,0.002031617509810108,-2.72817851311244e-07,-4.0847720643530356e-07,nan,nan,nan,nan,nan,nan,nan,nan,1081.0,0.4659636318683624,15.636327743530273,2.589331194661923,2.693075747772022,1.1602107286453247,0.4659636318683624,1.9337681531906128,0.0,0.0,-0.192017633166567,0.26194238249018986,4.245054370108539
1776384059.6096838,0.9995948376195933,-7.00070794215753,0.002031617097347994,-2.6503050328836105e-07,-4.0805045001279247e-07,nan,nan,nan,nan,nan,nan,nan,nan,1081.0,0.4646506905555725,15.623894691467285,2.5894145594770217,2.693125324114008,1.1517200469970703,0.4646506905555725,1.9318972826004028,0.0,0.0,-0.19201763272701539,0.261942382902652,4.245054378578904
1776384059.6607246,0.9995948293031954,-7.000707942095139,0.0020316166932361265,-2.573268051672629e-07,-4.0763043575750966e-07,nan,nan,nan,nan,nan,nan,nan,nan,1081.0,0.4646506905555725,15.623894691467285,2.5894145594770217,2.693125324114008,1.1517200469970703,0.4646506905555725,1.9318972826004028,0.0,0.0,-0.19201763229804739,0.26194238330676384,4.245054386894806
1776384059.7096717,0.9995948211395986,-7.000707942032357,0.002031616297384459,-2.497059124226056e-07,-4.072151928003029e-07,nan,nan,nan,nan,nan,nan,nan,nan,1081.0,0.4646506905555725,15.623894691467285,2.5894145594770217,2.693125324114008,1.1517200469970703,0.4646506905555725,1.9318972826004028,0.0,0.0,-0.19201763187954862,0.2619423837026155,4.245054395057906
1776384059.759582,0.9995948131271587,-7.00070794196919,0.002031615909705714,-2.421670137210055e-07,-4.0680443980440006e-07,nan,nan,nan,nan,nan,nan,nan,nan,1081.0,0.46703943610191345,15.646727561950684,2.5891739674512158,2.6930067906557693,1.132505178451538,0.46703943610191345,1.935502529144287,0.0,0.0,-0.19201763147140744,0.26194238409029424,4.24505440306985
1776384059.811709,0.99959480526425,-7.00070794190564,0.002031615530111699,-2.3470919289925512e-07,-4.063988011563585e-07,nan,nan,nan,nan,nan,nan,nan,nan,1081.0,0.46703943610191345,15.646727561950684,2.5891739674512158,2.6930067906557693,1.132505178451538,0.46703943610191345,1.935502529144287,0.0,0.0,-0.19201763107351344,0.26194238446988827,4.245054410932263
1776384059.8595014,0.999594797549263,-7.0007079418417115,0.002031615158513163,-2.273315528679343e-07,-4.0599768942386724e-07,nan,nan,nan,nan,nan,nan,nan,nan,1081.0,0.47499120235443115,15.645021438598633,2.5894419955060397,2.6927546441598005,1.1502163410186768,0.47499120235443115,1.9276739358901978,0.0,0.0,-0.19201763068575325,0.2619423848414868,4.245054418646754
1776384059.9096324,0.9995947899806061,-7.000707941777412,0.0020316147948278647,-2.2003323747466655e-07,-4.0560185461118825e-07,nan,nan,nan,nan,nan,nan,nan,nan,1081.0,0.47499120235443115,15.645021438598633,2.5894419955060397,2.6927546441598005,1.1502163410186768,0.47499120235443115,1.9276739358901978,0.0,0.0,-0.19201763030801958,0.2619423852051721,4.245054426214916
1776384059.9625459,0.9995947825567051,-7.00070794171274,0.002031614438969094,-2.1281346625245098e-07,-4.0521040073439915e-07,nan,nan,nan,nan,nan,nan,nan,nan,1081.0,0.46633604168891907,15.626740455627441,2.5894618041806483,2.6928634541751153,1.155798316001892,0.46633604168891907,1.9369648694992065,0.0,0.0,-0.19201762994020743,0.2619423855610309,4.245054433638323
1776384060.0128858,0.9995947752760018,-7.000707941647705,0.002031614090865929,-2.056712885667764e-07,-4.0482448687238693e-07,nan,nan,nan,nan,nan,nan,nan,nan,1081.0,0.46633604168891907,15.626740455627441,2.5894618041806483,2.6928634541751153,1.155798316001892,0.46633604168891907,1.9369648694992065,0.0,0.0,-0.19201762958222193,0.26194238590913405,4.2450544409185325
1776384060.0655477,0.9995947681369554,-7.000707941582303,0.0020316137504042143,-1.9860594964690582e-07,-4.044427743931932e-07,nan,nan,nan,nan,nan,nan,nan,nan,1081.0,0.46633604168891907,15.626740455627441,2.5894618041806483,2.6928634541751153,1.155798316001892,0.46633604168891907,1.9369648694992065,0.0,0.0,-0.19201762923392618,0.26194238624959576,4.245054448057084
1776384060.1106126,0.999594761138042,-7.000707941516546,0.0020316134175234987,-1.916165295802622e-07,-4.0406531186114423e-07,nan,nan,nan,nan,nan,nan,nan,nan,1081.0,0.47524794936180115,15.631890296936035,2.589282732281169,2.6930975179465233,1.1533000469207764,0.47524794936180115,1.9318790435791016,0.0,0.0,-0.19201762889523563,0.2619423865824765,4.245054455055504
1776384060.159523,0.9995947542777538,-7.000707941450433,0.0020316130921386737,-1.847022474207849e-07,-4.0369312967201016e-07,nan,nan,nan,nan,nan,nan,nan,nan,1081.0,0.47524794936180115,15.631890296936035,2.589282732281169,2.6930975179465233,1.1533000469207764,0.47524794936180115,1.9318790435791016,0.0,0.0,-0.1920176285660464,0.2619423869078613,4.245054461915298
1776384060.2094808,0.9995947409671023,-7.0007079413171684,0.0020316124635507936,-1.7109604649452348e-07,-4.029604784323413e-07,nan,nan,nan,nan,nan,nan,nan,nan,1081.0,0.4589236378669739,15.639419555664062,2.5887869453948475,2.692847562869639,1.1403359174728394,0.4589236378669739,1.9268028736114502,0.0,0.0,-0.1920176279357733,0.2619423875364492,4.245054475224962
1776384060.2599194,0.9995947345138034,-7.000707941250019,0.0020316121601872197,-1.6440248682120345e-07,-4.0260184966267734e-07,nan,nan,nan,nan,nan,nan,nan,nan,1081.0,0.4589236378669739,15.639419555664062,2.5887869453948475,2.692847562869639,1.1403359174728394,0.4589236378669739,1.9268028736114502,0.0,0.0,-0.19201762763449087,0.2619423878398128,4.245054481677768
1776384060.3101876,0.9995947345138034,-7.000707941250019,0.0020316121601872197,-1.6440248682120345e-07,-4.0260184966267734e-07,nan,nan,nan,nan,nan,nan,nan,nan,1081.0,0.4589236378669739,15.639419555664062,2.5887869453948475,2.692847562869639,1.1403359174728394,0.4589236378669739,1.9268028736114502,0.0,0.0,-0.19201762763449087,0.2619423878398128,4.245054481677768
1776384060.3595855,0.9995947281932591,-7.000707941182531,0.0020316118640017022,-1.577808683446571e-07,-4.0224716639749677e-07,nan,nan,nan,nan,nan,nan,nan,nan,1081.0,0.4647166430950165,15.635757446289062,2.58899884426296,2.692729593178997,1.1559945344924927,0.4647166430950165,1.9321072101593018,0.0,0.0,-0.19201762734230413,0.2619423881359983,4.245054487997821
1776384060.4094865,0.9995947220040404,-7.00070794111471,0.002031611574917183,-1.5123047159882858e-07,-4.0189674235320073e-07,nan,nan,nan,nan,nan,nan,nan,nan,1081.0,0.4647166430950165,15.635757446289062,2.58899884426296,2.692729593178997,1.1559945344924927,0.4647166430950165,1.9321072101593018,0.0,0.0,-0.19201762705911551,0.26194238842508283,4.245054494186546
1776384060.461537,0.9995947159447344,-7.0007079410465565,0.0020316112928602946,-1.4475047040654694e-07,-4.015503823931816e-07,nan,nan,nan,nan,nan,nan,nan,nan,1081.0,0.46291688084602356,15.633612632751465,2.589409923961491,2.6926573894990606,1.148932933807373,0.46291688084602356,1.9328807592391968,0.0,0.0,-0.1920176267848339,0.2619423887071397,4.2450545002453595
1776384060.510077,0.9995947042102855,-7.000707940909266,0.0020316107495266713,-1.3199889983693276e-07,-4.008708952783052e-07,nan,nan,nan,nan,nan,nan,nan,nan,1081.0,0.46291688084602356,15.633612632751465,2.589409923961491,2.6926573894990606,1.148932933807373,0.46291688084602356,1.9328807592391968,0.0,0.0,-0.19201762626260865,0.2619423892504733,4.245054511978824
1776384060.560558,0.9995946985323907,-7.0007079408401385,0.0020316104881041627,-1.2572568726782007e-07,-4.005370997144148e-07,nan,nan,nan,nan,nan,nan,nan,nan,1081.0,0.46291688084602356,15.633612632751465,2.589409923961491,2.6926573894990606,1.148932933807373,0.46291688084602356,1.9328807592391968,0.0,0.0,-0.19201762601447847,0.2619423895118958,4.245054517656228
1776384060.6115394,0.9995946929789068,-7.000707940770694,0.0020316102334107917,-1.1951994475340013e-07,-4.002076632362033e-07,nan,nan,nan,nan,nan,nan,nan,nan,1081.0,0.469939649105072,15.631793975830078,2.589697948823253,2.6933553902980925,1.1425037384033203,0.469939649105072,1.9335178136825562,0.0,0.0,-0.1920176257748759,0.2619423897665892,4.245054523209222
1776384060.659507,0.9995946875484951,-7.000707940700933,0.0020316099853750977,-1.133809136210652e-07,-3.998828231387927e-07,nan,nan,nan,nan,nan,nan,nan,nan,1081.0,0.469939649105072,15.631793975830078,2.589697948823253,2.6933553902980925,1.1425037384033203,0.469939649105072,1.9335178136825562,0.0,0.0,-0.19201762554371202,0.2619423900146249,4.245054528639142
1776384060.7125483,0.9995946875484951,-7.000707940700933,0.0020316099853750977,-1.0730795240058027e-07,-3.9956131156579954e-07,nan,nan,nan,nan,nan,nan,nan,nan,1081.0,0.46215274930000305,15.633559226989746,2.5891335866001333,2.693610992765515,1.1492732763290405,0.46215274930000305,1.9348105192184448,0.0,0.0,-0.19201762554371202,0.2619423900146249,4.245054528639142
1776384060.7617075,0.9995946770516057,-7.0007079405604875,0.0020316095089898964,-1.0130030230340606e-07,-3.992438383522352e-07,nan,nan,nan,nan,nan,nan,nan,nan,1081.0,0.46215274930000305,15.633559226989746,2.5891335866001333,2.693610992765515,1.1492732763290405,0.46215274930000305,1.9348105192184448,0.0,0.0,-0.19201762510632975,0.2619423904910101,4.24505453913505
1776384060.813091,0.9995946719825214,-7.000707940489805,0.00203160928049965,-9.535716177744513e-08,-3.98930230182865e-07,nan,nan,nan,nan,nan,nan,nan,nan,1081.0,0.4730025827884674,15.644172668457031,2.589565154085768,2.692945768577591,1.1597812175750732,0.4730025827884674,1.9351730346679688,0.0,0.0,-0.19201762489993618,0.2619423907195003,4.2450545442036445
1776384060.8601015,0.9995946670312972,-7.000707940418824,0.0020316090583868463,-8.947797319385002e-08,-3.986204442512985e-07,nan,nan,nan,nan,nan,nan,nan,nan,1081.0,0.4730025827884674,15.644172668457031,2.589565154085768,2.692945768577591,1.1597812175750732,0.4730025827884674,1.9351730346679688,0.0,0.0,-0.1920176247016234,0.26194239094161315,4.2450545491543785
1776384060.9106946,0.9995946621966649,-7.000707940347543,0.002031608842574886,-8.36619979995815e-08,-3.9831497611371446e-07,nan,nan,nan,nan,nan,nan,nan,nan,1081.0,0.4730025827884674,15.644172668457031,2.589565154085768,2.692945768577591,1.1597812175750732,0.4730025827884674,1.9351730346679688,0.0,0.0,-0.1920176245112977,0.2619423911574251,4.2450545539885205
1776384060.9615877,0.99959465747737,-7.000707940275969,0.0020316086330083856,-7.790852073578641e-08,-3.980125572811672e-07,nan,nan,nan,nan,nan,nan,nan,nan,1081.0,0.47083792090415955,15.626142501831055,2.5892062365016266,2.6930386846853387,1.1563867330551147,0.47083792090415955,1.9252495765686035,0.0,0.0,-0.19201762432888572,0.2619423913669916,4.245054558707325
1776384061.0126987,0.999594652872171,-7.000707940204104,0.0020316084296143296,-7.221691948029514e-08,-3.9771425123835586e-07,nan,nan,nan,nan,nan,nan,nan,nan,1081.0,0.47083792090415955,15.626142501831055,2.5892062365016266,2.6930386846853387,1.1563867330551147,0.47083792090415955,1.9252495765686035,0.0,0.0,-0.19201762415429643,0.2619423915703857,4.245054563312036
1776384061.064148,0.999594648379841,-7.000707940131953,0.0020316082323345824,-6.658659767696846e-08,-3.9741904113315907e-07,nan,nan,nan,nan,nan,nan,nan,nan,1081.0,0.47257283329963684,15.637722969055176,2.5892039888385927,2.6937324782577488,1.1732549667358398,0.47257283329963684,1.931532859802246,0.0,0.0,-0.1920176239874538,0.26194239176766543,4.2450545678038765
1776384061.110406,0.9995946397289408,-7.000707939986796,0.002031607855823389,-5.550670526595388e-08,-3.968417490256281e-07,nan,nan,nan,nan,nan,nan,nan,nan,1081.0,0.47257283329963684,15.637722969055176,2.5892039888385927,2.6937324782577488,1.1732549667358398,0.47257283329963684,1.931532859802246,0.0,0.0,-0.1920176236766444,0.2619423921441766,4.245054576453797
1776384061.1641977,0.9995946355679819,-7.000707939913799,0.002031607676469481,-5.0056047736488696e-08,-3.965578789936849e-07,nan,nan,nan,nan,nan,nan,nan,nan,1081.0,0.46573781967163086,15.634559631347656,2.5893448222907574,2.69331303890336,1.1469429731369019,0.46573781967163086,1.923091173171997,0.0,0.0,-0.1920176235325205,0.2619423923235305,4.245054580614267
1776384061.2105823,0.999594631515111,-7.000707939840526,0.0020316075029647293,-4.466386839132401e-08,-3.9627775201918397e-07,nan,nan,nan,nan,nan,nan,nan,nan,1081.0,0.46573781967163086,15.634559631347656,2.5893448222907574,2.69331303890336,1.1469429731369019,0.46573781967163086,1.923091173171997,0.0,0.0,-0.19201762339580883,0.26194239249703527,4.245054584666651
1776384061.2618275,0.9995946275691656,-7.000707939766982,0.002031607335245598,-3.9329714028482386e-08,-3.960012887516396e-07,nan,nan,nan,nan,nan,nan,nan,nan,1081.0,0.46526989340782166,15.641819953918457,2.5894709266136355,2.693136932304699,1.1552273035049438,0.46526989340782166,1.9316562414169312,0.0,0.0,-0.19201762326642746,0.2619423926647544,4.245054588612107
1776384061.31056,0.999594623728995,-7.000707939693166,0.0020316071732546853,-3.4052896759822336e-08,-3.957279816322435e-07,nan,nan,nan,nan,nan,nan,nan,nan,1081.0,0.46526989340782166,15.641819953918457,2.5894709266136355,2.693136932304699,1.1552273035049438,0.46526989340782166,1.9316562414169312,0.0,0.0,-0.1920176231443074,0.2619423928267453,4.24505459245179
1776384061.3603773,0.9995946199934611,-7.000707939619084,0.0020316070169229287,-2.883283763277674e-08,-3.9545793564502294e-07,nan,nan,nan,nan,nan,nan,nan,nan,1081.0,0.46526989340782166,15.641819953918457,2.5894709266136355,2.693136932304699,1.1552273035049438,0.46526989340782166,1.9316562414169312,0.0,0.0,-0.19201762302935876,0.26194239298307703,4.2450545961868364
1776384061.4096997,0.9995946163614384,-7.000707939544737,0.0020316068662017427,-2.366884027149283e-08,-3.951919777229561e-07,nan,nan,nan,nan,nan,nan,nan,nan,1081.0,0.47340327501296997,15.627534866333008,2.5890555060593536,2.6934264237083196,1.1538206338882446,0.47340327501296997,1.934555172920227,0.0,0.0,-0.192017622921521,0.26194239313379825,4.2450545998183715
1776384061.4594798,0.9995946128318136,-7.000707939470132,0.002031606721015438,-1.8560412730846792e-08,-3.949288563769089e-07,nan,nan,nan,nan,nan,nan,nan,nan,1081.0,0.47340327501296997,15.627534866333008,2.5890555060593536,2.6934264237083196,1.1538206338882446,0.47340327501296997,1.934555172920227,0.0,0.0,-0.19201762282069487,0.26194239327898455,4.245054603347508
1776384061.5095003,0.9995946094034837,-7.000707939395269,0.002031606581315984,-1.3506898312603404e-08,-3.9466919182203404e-07,nan,nan,nan,nan,nan,nan,nan,nan,1081.0,0.4693164825439453,15.65209674835205,2.5891244780896,2.692874981668176,1.1617430448532104,0.4693164825439453,1.9325027465820312,0.0,0.0,-0.19201762272682144,0.261942393418684,4.2450546067753505
1776384061.5605996,0.9995946060753595,-7.000707939320149,0.002031606447039593,-8.507693002443188e-09,-3.944134809115795e-07,nan,nan,nan,nan,nan,nan,nan,nan,1081.0,0.4693164825439453,15.65209674835205,2.5891244780896,2.692874981668176,1.1617430448532104,0.4693164825439453,1.9325027465820312,0.0,0.0,-0.19201762263982258,0.2619423935529604,4.245054610102987
1776384061.609723,0.9995946028463627,-7.0007079392447755,0.00203160631812382,-3.562245151082601e-09,-3.941604443750627e-07,nan,nan,nan,nan,nan,nan,nan,nan,1081.0,0.4693164825439453,15.65209674835205,2.5891244780896,2.692874981668176,1.1617430448532104,0.4693164825439453,1.9325027465820312,0.0,0.0,-0.19201762255961757,0.26194239368187616,4.245054613331497
1776384061.6592991,0.9995945997154262,-7.0007079391691525,0.002031606194516357,1.3300273670299578e-09,-3.9391046533178916e-07,nan,nan,nan,nan,nan,nan,nan,nan,1081.0,0.4702112078666687,15.624530792236328,2.5893574401419213,2.692806780823595,1.1603738069534302,0.4702112078666687,1.9255658388137817,0.0,0.0,-0.19201762248613924,0.2619423938054836,4.245054616461948
1776384061.710868,0.9995945966814955,-7.0007079390932825,0.002031606076161404,6.169716569651875e-09,-3.936639659669622e-07,nan,nan,nan,nan,nan,nan,nan,nan,1081.0,0.4702112078666687,15.624530792236328,2.5893574401419213,2.692806780823595,1.1603738069534302,0.4702112078666687,1.9255658388137817,0.0,0.0,-0.19201762241931686,0.26194239392383856,4.2450546194953915
1776384061.7595732,0.999594593743527,-7.000707939017168,0.0020316059630007,1.095739452349846e-08,-3.934205923940642e-07,nan,nan,nan,nan,nan,nan,nan,nan,1081.0,0.4693073630332947,15.64307975769043,2.5894809584172096,2.692981905971203,1.1641968488693237,0.4693073630332947,1.928700566291809,0.0,0.0,-0.19201762235907657,0.26194239403699926,4.245054622432873
1776384061.810738,0.9995945909004874,-7.0007079389408124,0.0020316058549761933,1.569361756681875e-08,-3.9318069201265155e-07,nan,nan,nan,nan,nan,nan,nan,nan,1081.0,0.4693073630332947,15.64307975769043,2.5894809584172096,2.692981905971203,1.1641968488693237,0.4693073630332947,1.928700566291809,0.0,0.0,-0.1920176223053449,0.2619423941450238,4.245054625275427
1776384061.8615406,0.999594585495121,-7.000707938787386,0.002031605654127197,2.5013782482228494e-08,-3.9270905714435087e-07,nan,nan,nan,nan,nan,nan,nan,nan,1081.0,0.4693073630332947,15.64307975769043,2.5894809584172096,2.692981905971203,1.1641968488693237,0.4693073630332947,1.928700566291809,0.0,0.0,-0.19201762221714336,0.2619423943458728,4.245054630679822
1776384061.9137769,0.999594585495121,-7.000707938787386,0.002031605654127197,2.5013782482228494e-08,-3.9270905714435087e-07,nan,nan,nan,nan,nan,nan,nan,nan,1081.0,0.4645484387874603,15.630451202392578,2.589254764166284,2.6930089085908375,1.1488617658615112,0.4645484387874603,1.9295233488082886,0.0,0.0,-0.19201762221714336,0.2619423943458728,4.245054630679822
1776384061.9636142,0.9995945829307845,-7.000707938710319,0.0020316055611900655,2.9598860128258918e-08,-3.924774319037017e-07,nan,nan,nan,nan,nan,nan,nan,nan,1081.0,0.4645484387874603,15.630451202392578,2.589254764166284,2.6930089085908375,1.1488617658615112,0.4645484387874603,1.9295233488082886,0.0,0.0,-0.1920176221825324,0.2619423944388099,4.245054633243673
1776384062.012668,0.9995945804573572,-7.000707938633021,0.0020316054731788365,3.413463758854355e-08,-3.922490411649043e-07,nan,nan,nan,nan,nan,nan,nan,nan,1081.0,0.4645484387874603,15.630451202392578,2.589254764166284,2.6930089085908375,1.1488617658615112,0.4645484387874603,1.9295233488082886,0.0,0.0,-0.19201762215416215,0.26194239452682117,4.245054635716614
1776384062.0595973,0.9995945780738607,-7.000707938555495,0.0020316053900389275,3.8621647853940226e-08,-3.920237588636807e-07,nan,nan,nan,nan,nan,nan,nan,nan,1081.0,0.464462548494339,15.627572059631348,2.5888459654344,2.6934224647005562,1.1312816143035889,0.464462548494339,1.9343366622924805,0.0,0.0,-0.192017622131965,0.26194239460996105,4.245054638099626
1776384062.11373,0.999594575779327,-7.000707938477743,0.0020316053117139013,4.3060500431215246e-08,-3.9180148680385173e-07,nan,nan,nan,nan,nan,nan,nan,nan,1081.0,0.464462548494339,15.627572059631348,2.5888459654344,2.6934224647005562,1.1312816143035889,0.464462548494339,1.9343366622924805,0.0,0.0,-0.19201762211586845,0.26194239468828606,4.2450546403936755
1776384062.1596065,0.9995945735727996,-7.000707938399766,0.002031605238156218,4.7451565710058056e-08,-3.9158183263538614e-07,nan,nan,nan,nan,nan,nan,nan,nan,1081.0,0.4653512239456177,15.628405570983887,2.5893544100645403,2.6930704642305567,1.1485965251922607,0.4653512239456177,1.9382514953613281,0.0,0.0,-0.19201762210581372,0.2619423947618438,4.245054642599716
1776384062.2099059,0.9995945714533312,-7.000707938321568,0.0020316051693070407,5.179546521230677e-08,-3.913661244517563e-07,nan,nan,nan,nan,nan,nan,nan,nan,1081.0,0.4653512239456177,15.628405570983887,2.5893544100645403,2.6930704642305567,1.1485965251922607,0.4653512239456177,1.9382514953613281,0.0,0.0,-0.1920176221017252,0.2619423948306929,4.2450546447187
1776384062.2611952,0.999594569419985,-7.00070793824315,0.002031605105121916,5.609266033725843e-08,-3.9115151425703023e-07,nan,nan,nan,nan,nan,nan,nan,nan,1081.0,0.4653512239456177,15.628405570983887,2.5893544100645403,2.6930704642305567,1.1485965251922607,0.4653512239456177,1.9382514953613281,0.0,0.0,-0.19201762210354806,0.2619423948948781,4.245054646751562
1776384062.309984,0.9995945674718346,-7.000707938164516,0.0020316050455532657,6.034367794408226e-08,-3.909412178659159e-07,nan,nan,nan,nan,nan,nan,nan,nan,1081.0,0.47290098667144775,15.629881858825684,2.5894209988187797,2.6928671659559407,1.1681591272354126,0.47290098667144775,1.9344605207443237,0.0,0.0,-0.19201762211121978,0.2619423949544467,4.245054648699227
1776384062.3597515,0.9995945656079633,-7.000707938085668,0.002031604990548392,6.454898991353966e-08,-3.907322967932362e-07,nan,nan,nan,nan,nan,nan,nan,nan,1081.0,0.47290098667144775,15.629881858825684,2.5894209988187797,2.6928671659559407,1.1681591272354126,0.47290098667144775,1.9344605207443237,0.0,0.0,-0.19201762212467421,0.2619423950094516,4.245054650562615
1776384062.4099503,0.9995945638274639,-7.000707938006607,0.002031604940062195,6.870913347392492e-08,-3.905269415850941e-07,nan,nan,nan,nan,nan,nan,nan,nan,1081.0,0.4620482623577118,15.638052940368652,2.5893477640088016,2.6932134124706586,1.1624656915664673,0.4620482623577118,1.928257703781128,0.0,0.0,-0.19201762214385565,0.26194239505993777,4.245054652342629
1776384062.4627411,0.9995945638274639,-7.000707938006607,0.002031604940062195,6.870913347392492e-08,-3.905269415850941e-07,nan,nan,nan,nan,nan,nan,nan,nan,1081.0,0.4620482623577118,15.638052940368652,2.5893477640088016,2.6932134124706586,1.1624656915664673,0.4620482623577118,1.928257703781128,0.0,0.0,-0.19201762214385565,0.26194239505993777,4.245054652342629
1776384062.509782,0.99959456212944,-7.000707937927337,0.0020316048940427376,7.282446021560114e-08,-3.903243957113253e-07,nan,nan,nan,nan,nan,nan,nan,nan,1081.0,0.4620482623577118,15.638052940368652,2.5893477640088016,2.6932134124706586,1.1624656915664673,0.4620482623577118,1.928257703781128,0.0,0.0,-0.19201762216869608,0.26194239510595724,4.24505465404017
1776384062.559828,0.9995945605130032,-7.000707937847858,0.0020316048524390284,7.689565521999548e-08,-3.901237816684639e-07,nan,nan,nan,nan,nan,nan,nan,nan,1081.0,0.4620482623577118,15.638052940368652,2.5893477640088016,2.6932134124706586,1.1624656915664673,0.4620482623577118,1.928257703781128,0.0,0.0,-0.19201762219913324,0.26194239514756096,4.245054655656123
1776384062.6139607,0.9995945589772761,-7.0007079377681745,0.0020316048152116796,8.092303735075112e-08,-3.8992692056350804e-07,nan,nan,nan,nan,nan,nan,nan,nan,1081.0,0.46525588631629944,15.657857894897461,2.589762641670084,2.6932213606067754,1.1435352563858032,0.46525588631629944,1.9364136457443237,0.0,0.0,-0.19201762223511573,0.2619423951847883,4.245054657191366
1776384062.6595755,0.9995945575213907,-7.000707937688288,0.00203160478230286,8.490711497350158e-08,-3.8973153687783805e-07,nan,nan,nan,nan,nan,nan,nan,nan,1081.0,0.46525588631629944,15.657857894897461,2.589762641670084,2.6932213606067754,1.1435352563858032,0.46525588631629944,1.9364136457443237,0.0,0.0,-0.19201762227656996,0.26194239521769713,4.245054658646768
1776384062.709375,0.9995945575213907,-7.000707937688288,0.00203160478230286,8.884839918826163e-08,-3.895392598586048e-07,nan,nan,nan,nan,nan,nan,nan,nan,1081.0,0.46525588631629944,15.657857894897461,2.589762641670084,2.6932213606067754,1.1435352563858032,0.46525588631629944,1.9364136457443237,0.0,0.0,-0.19201762227656996,0.26194239521769713,4.245054658646768
1776384062.7627335,0.9995945561444872,-7.0007079376082,0.0020316047536752557,8.884839918826163e-08,-3.895392598586048e-07,nan,nan,nan,nan,nan,nan,nan,nan,1081.0,0.4665496349334717,15.64736270904541,2.5895454546128236,2.693470709481705,1.1421102285385132,0.4665496349334717,1.9342855215072632,0.0,0.0,-0.1920176223234499,0.26194239524632473,4.245054660023189
1776384062.8095558,0.9995945548457165,-7.000707937527915,0.002031604729283183,9.27473299633299e-08,-3.8934942614308484e-07,nan,nan,nan,nan,nan,nan,nan,nan,1081.0,0.4665496349334717,15.64736270904541,2.5895454546128236,2.693470709481705,1.1421102285385132,0.4665496349334717,1.9342855215072632,0.0,0.0,-0.1920176223756953,0.2619423952707168,4.2450546613214755
1776384062.8594816,0.9995945536242375,-7.000707937447433,0.0020316047090782317,9.660432584217226e-08,-3.891626134599409e-07,nan,nan,nan,nan,nan,nan,nan,nan,1081.0,0.4698675274848938,15.641108512878418,2.5893139726138577,2.692688712371846,1.1587536334991455,0.4698675274848938,1.9340776205062866,0.0,0.0,-0.1920176224332471,0.2619423952909218,4.245054662542471
1776384062.9126785,0.9995945524792185,-7.000707937366756,0.002031604693015337,1.0041994027958536e-07,-3.889771091189932e-07,nan,nan,nan,nan,nan,nan,nan,nan,1081.0,0.4698675274848938,15.641108512878418,2.5893139726138577,2.692688712371846,1.1587536334991455,0.4698675274848938,1.9340776205062866,0.0,0.0,-0.1920176224960475,0.26194239530698465,4.245054663687008
1776384062.9596553,0.9995945514098372,-7.0007079372858865,0.0020316046810534604,1.0419448880879114e-07,-3.887948292065056e-07,nan,nan,nan,nan,nan,nan,nan,nan,1081.0,0.4698675274848938,15.641108512878418,2.5893139726138577,2.692688712371846,1.1587536334991455,0.4698675274848938,1.9340776205062866,0.0,0.0,-0.1920176225640449,0.26194239531894653,4.245054664755907
1776384063.0099182,0.99959455041528,-7.000707937204828,0.0020316046731404832,1.0792847828192969e-07,-3.8861552821019e-07,nan,nan,nan,nan,nan,nan,nan,nan,1081.0,0.4755134880542755,15.637510299682617,2.5895497807741825,2.692698664101006,1.1581270694732666,0.4755134880542755,1.9295008182525635,0.0,0.0,-0.19201762263717176,0.2619423953268595,4.245054665749981
1776384063.062728,0.9995945494947414,-7.00070793712358,0.0020316046692390663,1.1162238631507208e-07,-3.884376768131575e-07,nan,nan,nan,nan,nan,nan,nan,nan,1081.0,0.4755134880542755,15.637510299682617,2.5895497807741825,2.692698664101006,1.1581270694732666,0.4755134880542755,1.9295008182525635,0.0,0.0,-0.1920176227153828,0.2619423953307609,4.245054666670036
1776384063.11366,0.9995945486474249,-7.000707937042148,0.00203160466930701,1.1527659431372256e-07,-3.8826314352680974e-07,nan,nan,nan,nan,nan,nan,nan,nan,1081.0,0.4755134880542755,15.637510299682617,2.5895497807741825,2.692698664101006,1.1581270694732666,0.4755134880542755,1.9295008182525635,0.0,0.0,-0.19201762279862128,0.26194239533069297,4.245054667516871
1776384063.1598563,0.9995945478725434,-7.000707936960531,0.0020316046733014144,1.1889146746464943e-07,-3.880901729503568e-07,nan,nan,nan,nan,nan,nan,nan,nan,1081.0,0.468494713306427,15.644783973693848,2.5892135311783075,2.6927111522317113,1.1417053937911987,0.468494713306427,1.9297089576721191,0.0,0.0,-0.19201762288683655,0.26194239532669855,4.245054668291269
1776384063.2097774,0.999594547169317,-7.00070793687873,0.0020316046811738185,1.2246748868064606e-07,-3.879199136406298e-07,nan,nan,nan,nan,nan,nan,nan,nan,1081.0,0.468494713306427,15.644783973693848,2.5892135311783075,2.6927111522317113,1.1417053937911987,0.468494713306427,1.9297089576721191,0.0,0.0,-0.19201762297996658,0.2619423953188262,4.245054668994014
1776384063.2594886,0.9995945465369747,-7.0007079367967515,0.002031604692889805,1.2600509172581415e-07,-3.8775203394162316e-07,nan,nan,nan,nan,nan,nan,nan,nan,1081.0,0.468494713306427,15.644783973693848,2.5892135311783075,2.6927111522317113,1.1417053937911987,0.468494713306427,1.9297089576721191,0.0,0.0,-0.19201762307796522,0.26194239530711017,4.245054669625874
1776384063.3098586,0.9995945459747533,-7.000707936714595,0.002031604708406583,1.2950470417335597e-07,-3.8758592425625847e-07,nan,nan,nan,nan,nan,nan,nan,nan,1081.0,0.46376514434814453,15.652115821838379,2.589483808467611,2.6933224840171657,1.144024133682251,0.46376514434814453,1.9312753677368164,0.0,0.0,-0.19201762318077933,0.2619423952915934,4.245054670187614
1776384063.359485,0.9995945459747533,-7.000707936714595,0.002031604708406583,1.2950470417335597e-07,-3.8758592425625847e-07,nan,nan,nan,nan,nan,nan,nan,nan,1081.0,0.46376514434814453,15.652115821838379,2.589483808467611,2.6933224840171657,1.144024133682251,0.46376514434814453,1.9312753677368164,0.0,0.0,-0.19201762318077933,0.2619423952915934,4.245054670187614
1776384063.409537,0.9995945454818991,-7.00070793663226,0.0020316047276790145,1.329666743695827e-07,-3.874227904297878e-07,nan,nan,nan,nan,nan,nan,nan,nan,1081.0,0.4652579426765442,15.637788772583008,2.5888478828182273,2.693211440961402,1.1463348865509033,0.4652579426765442,1.9274330139160156,0.0,0.0,-0.19201762328835456,0.261942395272321,4.245054670679987
1776384063.4597962,0.9995945447013145,-7.000707936467072,0.0020316047773399327,1.3977946741876583e-07,-3.8710228884485084e-07,nan,nan,nan,nan,nan,nan,nan,nan,1081.0,0.4652579426765442,15.637788772583008,2.5888478828182273,2.693211440961402,1.1463348865509033,0.4652579426765442,1.9274330139160156,0.0,0.0,-0.19201762351758686,0.26194239522266005,4.2450546714596085
1776384063.5124912,0.9995945444121155,-7.000707936384223,0.0020316048076551123,1.431310161537036e-07,-3.869452196229118e-07,nan,nan,nan,nan,nan,nan,nan,nan,1081.0,0.4652579426765442,15.637788772583008,2.5888478828182273,2.693211440961402,1.1463348865509033,0.4652579426765442,1.9274330139160156,0.0,0.0,-0.19201762363915115,0.26194239519234486,4.245054671748326
1776384063.5596614,0.9995945444121155,-7.000707936384223,0.0020316048076551123,1.431310161537036e-07,-3.869452196229118e-07,nan,nan,nan,nan,nan,nan,nan,nan,1081.0,0.4601123332977295,15.640501022338867,2.589192027438029,2.6930161459595006,1.1511895656585693,0.4601123332977295,1.9358153343200684,0.0,0.0,-0.19201762363915115,0.26194239519234486,4.245054671748326
1776384063.6107805,0.9995945441893457,-7.000707936301203,0.0020316048415711936,1.4644659970038305e-07,-3.8679073540190666e-07,nan,nan,nan,nan,nan,nan,nan,nan,1081.0,0.4601123332977295,15.640501022338867,2.589192027438029,2.6930161459595006,1.1511895656585693,0.4601123332977295,1.9358153343200684,0.0,0.0,-0.1920176237652799,0.2619423951584288,4.245054671970615
1776384063.6629765,0.9995945440322911,-7.000707936218016,0.0020316048790482775,1.4972653100020805e-07,-3.866384390409467e-07,nan,nan,nan,nan,nan,nan,nan,nan,1081.0,0.4601123332977295,15.640501022338867,2.589192027438029,2.6930161459595006,1.1511895656585693,0.4601123332977295,1.9358153343200684,0.0,0.0,-0.1920176238959208,0.2619423951209517,4.245054672127187
1776384063.730797,0.9995945439402443,-7.000707936134663,0.0020316049200456428,1.5297116007993638e-07,-3.8648819679646935e-07,nan,nan,nan,nan,nan,nan,nan,nan,1081.0,0.46479636430740356,15.633524894714355,2.588973497732385,2.6926884125128825,1.1473820209503174,0.46479636430740356,1.9409962892532349,0.0,0.0,-0.19201762403102324,0.26194239507995437,4.245054672218754
1776384063.7626216,0.9995945439402443,-7.000707936134663,0.0020316049200456428,1.5297116007993638e-07,-3.8648819679646935e-07,nan,nan,nan,nan,nan,nan,nan,nan,1081.0,0.46479636430740356,15.633524894714355,2.588973497732385,2.6926884125128825,1.1473820209503174,0.46479636430740356,1.9409962892532349,0.0,0.0,-0.19201762403102324,0.26194239507995437,4.245054672218754
1776384063.8307147,0.9995945439125054,-7.000707936051148,0.0020316049645310685,1.5618106143180104e-07,-3.863396903933975e-07,nan,nan,nan,nan,nan,nan,nan,nan,1081.0,0.46479636430740356,15.633524894714355,2.588973497732385,2.6926884125128825,1.1473820209503174,0.46479636430740356,1.9409962892532349,0.0,0.0,-0.19201762417054452,0.2619423950354689,4.245054672246012
1776384063.860253,0.9995945439483837,-7.000707935967473,0.002031605012468893,1.593563596816946e-07,-3.8619412452694917e-07,nan,nan,nan,nan,nan,nan,nan,nan,1081.0,0.4651648700237274,15.628835678100586,2.588876242608962,2.692634079966974,1.1751593351364136,0.4651648700237274,1.926876187324524,0.0,0.0,-0.19201762431443853,0.2619423949875311,4.245054672209654
1776384063.9103997,0.9995945440471932,-7.000707935883637,0.0020316050638213646,1.6249756671195689e-07,-3.8604936376569307e-07,nan,nan,nan,nan,nan,nan,nan,nan,1081.0,0.4651648700237274,15.628835678100586,2.588876242608962,2.692634079966974,1.1751593351364136,0.4651648700237274,1.926876187324524,0.0,0.0,-0.19201762446266007,0.2619423949361786,4.245054672110363
1776384063.9598556,0.9995945440471932,-7.000707935883637,0.0020316050638213646,1.6249756671195689e-07,-3.8604936376569307e-07,nan,nan,nan,nan,nan,nan,nan,nan,1081.0,0.4651648700237274,15.628835678100586,2.588876242608962,2.692634079966974,1.1751593351364136,0.4651648700237274,1.926876187324524,0.0,0.0,-0.19201762446266007,0.2619423949361786,4.245054672110363
1776384064.0097253,0.9995945442082581,-7.000707935799644,0.002031605118544585,1.6560505115516763e-07,-3.8590713350420634e-07,nan,nan,nan,nan,nan,nan,nan,nan,1081.0,0.4651648700237274,15.628835678100586,2.588876242608962,2.692634079966974,1.1751593351364136,0.4651648700237274,1.926876187324524,0.0,0.0,-0.19201762461515087,0.2619423948814554,4.245054671948818
1776384064.0603058,0.999594544430908,-7.0007079357154955,0.002031605176609497,1.6867909644933285e-07,-3.857669571535696e-07,nan,nan,nan,nan,nan,nan,nan,nan,1081.0,0.4651648700237274,15.628835678100586,2.588876242608962,2.692634079966974,1.1751593351364136,0.4651648700237274,1.926876187324524,0.0,0.0,-0.19201762477187576,0.2619423948233905,4.245054671725688
1776384064.110361,0.999594544430908,-7.0007079357154955,0.002031605176609497,1.6867909644933285e-07,-3.857669571535696e-07,nan,nan,nan,nan,nan,nan,nan,nan,1081.0,0.4651648700237274,15.628835678100586,2.588876242608962,2.692634079966974,1.1751593351364136,0.4651648700237274,1.926876187324524,0.0,0.0,-0.19201762477187576,0.2619423948233905,4.245054671725688
1776384064.1671402,0.9995945447144804,-7.0007079356311905,0.0020316052379765422,1.7172016250720093e-07,-3.8562883607746175e-07,nan,nan,nan,nan,nan,nan,nan,nan,1081.0,0.4651648700237274,15.628835678100586,2.588876242608962,2.692634079966974,1.1751593351364136,0.4651648700237274,1.926876187324524,0.0,0.0,-0.19201762493278632,0.26194239476202347,4.2450546714416335
1776384064.2096379,0.9995945447144804,-7.0007079356311905,0.0020316052379765422,1.7172016250720093e-07,-3.8562883607746175e-07,nan,nan,nan,nan,nan,nan,nan,nan,1081.0,0.4672895669937134,15.623039245605469,2.58925464299958,2.6925791920170674,1.1595661640167236,0.4672895669937134,1.9346271753311157,0.0,0.0,-0.19201762493278632,0.26194239476202347,4.2450546714416335
1776384064.2716305,0.9995945450583198,-7.000707935546734,0.0020316053026102152,1.7472849371012803e-07,-3.854925787395817e-07,nan,nan,nan,nan,nan,nan,nan,nan,1081.0,0.4672895669937134,15.623039245605469,2.58925464299958,2.6925791920170674,1.1595661640167236,0.4672895669937134,1.9346271753311157,0.0,0.0,-0.19201762509783474,0.2619423946973898,4.245054671097315
1776384064.3104095,0.999594545461778,-7.000707935462125,0.002031605370478741,1.7770455206608057e-07,-3.853583468134091e-07,nan,nan,nan,nan,nan,nan,nan,nan,1081.0,0.46652141213417053,15.653656005859375,2.5892260180481266,2.6932127765217984,1.1495933532714844,0.46652141213417053,1.9326378107070923,0.0,0.0,-0.19201762526698246,0.26194239462952124,4.245054670693377
1776384064.3622203,0.9995945459242134,-7.000707935377366,0.002031605441544559,1.806486447751101e-07,-3.852258090154099e-07,nan,nan,nan,nan,nan,nan,nan,nan,1081.0,0.46652141213417053,15.653656005859375,2.5892260180481266,2.6932127765217984,1.1495933532714844,0.46652141213417053,1.9326378107070923,0.0,0.0,-0.19201762544018172,0.2619423945584554,4.245054670230462
1776384064.409663,0.999594546444991,-7.0007079352924615,0.0020316055157770835,1.8356110108175658e-07,-3.850955648210355e-07,nan,nan,nan,nan,nan,nan,nan,nan,1081.0,0.4664263427257538,15.641746520996094,2.589477999551113,2.692867520685591,1.1588383913040161,0.4664263427257538,1.9204615354537964,0.0,0.0,-0.19201762561739089,0.2619423944842229,4.245054669709204
1776384064.4605322,0.9995945470234843,-7.0007079352074095,0.002031605593143266,1.8644219552714197e-07,-3.8496662055039545e-07,nan,nan,nan,nan,nan,nan,nan,nan,1081.0,0.4664263427257538,15.641746520996094,2.589477999551113,2.692867520685591,1.1588383913040161,0.4664263427257538,1.9204615354537964,0.0,0.0,-0.19201762579857146,0.26194239440685674,4.245054669130232
1776384064.509585,0.9995945470234843,-7.0007079352074095,0.002031605593143266,1.8644219552714197e-07,-3.8496662055039545e-07,nan,nan,nan,nan,nan,nan,nan,nan,1081.0,0.4664263427257538,15.641746520996094,2.589477999551113,2.692867520685591,1.1588383913040161,0.4664263427257538,1.9204615354537964,0.0,0.0,-0.19201762579857146,0.26194239440685674,4.245054669130232
1776384064.5595698,0.9995945476590711,-7.000707935122214,0.002031605673605906,1.892924365388337e-07,-3.848396803840071e-07,nan,nan,nan,nan,nan,nan,nan,nan,1081.0,0.4664263427257538,15.641746520996094,2.589477999551113,2.692867520685591,1.1588383913040161,0.4664263427257538,1.9204615354537964,0.0,0.0,-0.1920176259836744,0.2619423943263941,4.2450546684941655
1776384064.6107178,0.9995945483511376,-7.000707935036874,0.0020316057571316574,1.921120153883039e-07,-3.8471549715447286e-07,nan,nan,nan,nan,nan,nan,nan,nan,1081.0,0.4677065312862396,15.63029670715332,2.5892516882688663,2.6934462968856083,1.1499106884002686,0.4677065312862396,1.9349302053451538,0.0,0.0,-0.19201762617265894,0.2619423942428683,4.245054667801618
1776384064.6626165,0.9995945490990766,-7.000707934951392,0.0020316058436849597,1.949013438592788e-07,-3.8459187275660243e-07,nan,nan,nan,nan,nan,nan,nan,nan,1081.0,0.4677065312862396,15.63029670715332,2.5892516882688663,2.6934462968856083,1.1499106884002686,0.4677065312862396,1.9349302053451538,0.0,0.0,-0.1920176263654799,0.26194239415631504,4.245054667053201
1776384064.7095027,0.999594549902287,-7.00070793486577,0.002031605933237795,1.9766062706720114e-07,-3.844710064905358e-07,nan,nan,nan,nan,nan,nan,nan,nan,1081.0,0.4677065312862396,15.63029670715332,2.5892516882688663,2.6934462968856083,1.1499106884002686,0.4677065312862396,1.9349302053451538,0.0,0.0,-0.19201762656210136,0.2619423940667622,4.245054666249511
1776384064.759534,0.999594549902287,-7.00070793486577,0.002031605933237795,1.9766062706720114e-07,-3.844710064905358e-07,nan,nan,nan,nan,nan,nan,nan,nan,1081.0,0.46728289127349854,15.644105911254883,2.5894841430751843,2.6929370035369877,1.145287036895752,0.46728289127349854,1.929076075553894,0.0,0.0,-0.19201762656210136,0.2619423940667622,4.245054666249511
1776384064.8101315,0.9995945507601736,-7.000707934780011,0.0020316060257585147,2.0039030049333019e-07,-3.8435162512041583e-07,nan,nan,nan,nan,nan,nan,nan,nan,1081.0,0.46728289127349854,15.644105911254883,2.5894841430751843,2.6929370035369877,1.145287036895752,0.46728289127349854,1.929076075553894,0.0,0.0,-0.19201762676248132,0.26194239397424146,4.245054665391146
1776384064.8605387,0.9995945516721481,-7.0007079346941135,0.0020316061212140284,2.0309060868632225e-07,-3.842333933560164e-07,nan,nan,nan,nan,nan,nan,nan,nan,1081.0,0.46728289127349854,15.644105911254883,2.5894841430751843,2.6929370035369877,1.145287036895752,0.46728289127349854,1.929076075553894,0.0,0.0,-0.192017626966581,0.261942393878786,4.245054664478692
1776384064.910614,0.9995945526376286,-7.000707934608082,0.002031606219574565,2.0576194741669217e-07,-3.841172966579119e-07,nan,nan,nan,nan,nan,nan,nan,nan,1081.0,0.4664250314235687,15.637350082397461,2.5888707259537225,2.6930924561177254,1.1443735361099243,0.4664250314235687,1.933839201927185,0.0,0.0,-0.19201762717435983,0.26194239378042544,4.245054663512733
1776384064.9599674,0.9995945536560396,-7.000707934521915,0.002031606320803279,2.0840465054516684e-07,-3.840025814275771e-07,nan,nan,nan,nan,nan,nan,nan,nan,1081.0,0.4664250314235687,15.637350082397461,2.5888707259537225,2.6930924561177254,1.1443735361099243,0.4664250314235687,1.933839201927185,0.0,0.0,-0.19201762738577344,0.2619423936791967,4.2450546624938434
1776384065.0111482,0.9995945547268115,-7.000707934435616,0.0020316064248772064,2.110188936220314e-07,-3.8389042600932243e-07,nan,nan,nan,nan,nan,nan,nan,nan,1081.0,0.4664250314235687,15.637350082397461,2.5888707259537225,2.6930924561177254,1.1443735361099243,0.4664250314235687,1.933839201927185,0.0,0.0,-0.19201762760079144,0.2619423935751228,4.245054661422593
1776384065.0597007,0.9995945547268115,-7.000707934435616,0.0020316064248772064,2.110188936220314e-07,-3.8389042600932243e-07,nan,nan,nan,nan,nan,nan,nan,nan,1081.0,0.4648720920085907,15.62721061706543,2.589419560422509,2.6932589835287835,1.1568574905395508,0.4648720920085907,1.9293885231018066,0.0,0.0,-0.19201762760079144,0.2619423935751228,4.245054661422593
1776384065.119129,0.9995945558493811,-7.000707934349189,0.002031606531760171,2.1360500572089762e-07,-3.8377955170455414e-07,nan,nan,nan,nan,nan,nan,nan,nan,1081.0,0.4648720920085907,15.62721061706543,2.589419560422509,2.6932589835287835,1.1568574905395508,0.4648720920085907,1.9293885231018066,0.0,0.0,-0.19201762781936507,0.26194239346823983,4.2450546602995445
1776384065.1595998,0.9995945570231904,-7.00070793426263,0.0020316066414274602,2.1616346654977314e-07,-3.836691739682885e-07,nan,nan,nan,nan,nan,nan,nan,nan,1081.0,0.4648720920085907,15.62721061706543,2.589419560422509,2.6932589835287835,1.1568574905395508,0.4648720920085907,1.9293885231018066,0.0,0.0,-0.1920176280414688,0.2619423933585725,4.245054659125256
1776384065.2099435,0.9995945582476895,-7.000707934175944,0.0020316067538521596,2.1869436700384484e-07,-3.83562021530806e-07,nan,nan,nan,nan,nan,nan,nan,nan,1081.0,0.4753868281841278,15.63988208770752,2.589885713103521,2.6930245543233635,1.1599631309509277,0.4753868281841278,1.933828353881836,0.0,0.0,-0.19201762826706456,0.2619423932461478,4.245054657900279
1776384065.2603524,0.9995945582476895,-7.000707934175944,0.0020316067538521596,2.1869436700384484e-07,-3.83562021530806e-07,nan,nan,nan,nan,nan,nan,nan,nan,1081.0,0.4753868281841278,15.63988208770752,2.589885713103521,2.6930245543233635,1.1599631309509277,0.4753868281841278,1.933828353881836,0.0,0.0,-0.19201762826706456,0.2619423932461478,4.245054657900279
1776384065.3128777,0.9995945595223328,-7.000707934089127,0.00203160686899604,2.2119811943309713e-07,-3.8345568617762846e-07,nan,nan,nan,nan,nan,nan,nan,nan,1081.0,0.4753868281841278,15.63988208770752,2.589885713103521,2.6930245543233635,1.1599631309509277,0.4753868281841278,1.933828353881836,0.0,0.0,-0.19201762849610898,0.2619423931310039,4.2450546566251575
1776384065.3600793,0.9995945608465802,-7.000707934002188,0.0020316069868359693,2.2367493223508072e-07,-3.83351628024591e-07,nan,nan,nan,nan,nan,nan,nan,nan,1081.0,0.4613897204399109,15.649063110351562,2.589228581930067,2.6931541422697003,1.1622018814086914,0.4613897204399109,1.9336427450180054,0.0,0.0,-0.192017628728566,0.261942393013164,4.245054655300432
1776384065.4110167,0.9995945622198985,-7.000707933915125,0.002031607107339321,2.261252056253451e-07,-3.832486135459683e-07,nan,nan,nan,nan,nan,nan,nan,nan,1081.0,0.4613897204399109,15.649063110351562,2.589228581930067,2.6931541422697003,1.1622018814086914,0.4613897204399109,1.9336427450180054,0.0,0.0,-0.19201762896439659,0.2619423928926607,4.245054653926637
1776384065.463602,0.9995945636417595,-7.00070793382794,0.0020316072304775432,2.285491470037214e-07,-3.8314690618090695e-07,nan,nan,nan,nan,nan,nan,nan,nan,1081.0,0.4613897204399109,15.649063110351562,2.589228581930067,2.6931541422697003,1.1622018814086914,0.4613897204399109,1.9336427450180054,0.0,0.0,-0.19201762920356505,0.26194239276952247,4.245054652504298
1776384065.5124633,0.9995945651116418,-7.000707933740633,0.002031607356222581,2.3094703418231982e-07,-3.8304764232937406e-07,nan,nan,nan,nan,nan,nan,nan,nan,1081.0,0.46667855978012085,15.649853706359863,2.5890509202786887,2.693361069245756,1.134927749633789,0.46667855978012085,1.9395785331726074,0.0,0.0,-0.19201762944603623,0.2619423926437774,4.245054651033937
1776384065.559546,0.9995945666290281,-7.000707933653205,0.0020316074845412985,2.3331917127227153e-07,-3.829497098812437e-07,nan,nan,nan,nan,nan,nan,nan,nan,1081.0,0.46667855978012085,15.649853706359863,2.5890509202786887,2.693361069245756,1.134927749633789,0.46667855978012085,1.9395785331726074,0.0,0.0,-0.19201762969176864,0.2619423925154587,4.245054649516073
1776384065.613139,0.9995945681934074,-7.000707933565658,0.0020316076154217985,2.356658264472333e-07,-3.8285240386768144e-07,nan,nan,nan,nan,nan,nan,nan,nan,1081.0,0.46667855978012085,15.649853706359863,2.5890509202786887,2.693361069245756,1.134927749633789,0.46667855978012085,1.9395785331726074,0.0,0.0,-0.19201762994074653,0.26194239238457817,4.245054647951217
1776384065.659617,0.9995945681934074,-7.000707933565658,0.0020316076154217985,2.356658264472333e-07,-3.8285240386768144e-07,nan,nan,nan,nan,nan,nan,nan,nan,1081.0,0.4694218635559082,15.646907806396484,2.589424355453523,2.692545215920229,1.1439507007598877,0.4694218635559082,1.9369996786117554,0.0,0.0,-0.19201762994074653,0.26194239238457817,4.245054647951217
1776384065.7120163,0.9995945698042747,-7.000707933477995,0.002031607748822456,2.37987271308356e-07,-3.8275742585611457e-07,nan,nan,nan,nan,nan,nan,nan,nan,1081.0,0.4694218635559082,15.646907806396484,2.589424355453523,2.692545215920229,1.1439507007598877,0.4694218635559082,1.9369996786117554,0.0,0.0,-0.19201763019291596,0.26194239225117755,4.24505464633987
1776384065.7625418,0.999594571461129,-7.000707933390214,0.0020316078847212515,2.4028382506757696e-07,-3.8266353010396944e-07,nan,nan,nan,nan,nan,nan,nan,nan,1081.0,0.4694218635559082,15.646907806396484,2.589424355453523,2.692545215920229,1.1439507007598877,0.4694218635559082,1.9369996786117554,0.0,0.0,-0.19201763044825118,0.26194239211527875,4.245054644682539
1776384065.8097694,0.9995945731634761,-7.000707933302319,0.002031608023087367,2.42555752033057e-07,-3.825717386575741e-07,nan,nan,nan,nan,nan,nan,nan,nan,1081.0,0.4690093696117401,15.654796600341797,2.5892919927807894,2.6936649255344527,1.148076057434082,0.4690093696117401,1.934464931488037,0.0,0.0,-0.19201763070671166,0.2619423919769126,4.2450546429797145
1776384065.8607123,0.9995945749108273,-7.0007079332143105,0.0020316081638990144,2.4480320669735434e-07,-3.824807622918923e-07,nan,nan,nan,nan,nan,nan,nan,nan,1081.0,0.4690093696117401,15.654796600341797,2.5892919927807894,2.6936649255344527,1.148076057434082,0.4690093696117401,1.934464931488037,0.0,0.0,-0.19201763096827018,0.26194239183610096,4.245054641231887
1776384065.9106004,0.9995945767026975,-7.000707933126188,0.002031608307129669,2.470265176953294e-07,-3.823908598596702e-07,nan,nan,nan,nan,nan,nan,nan,nan,1081.0,0.47302010655403137,15.636323928833008,2.589373022758994,2.693097533910961,1.13945734500885,0.47302010655403137,1.935654878616333,0.0,0.0,-0.19201763123289436,0.2619423916928703,4.245054639439539
1776384065.9655554,0.9995945785386079,-7.0007079330379565,0.0020316084527574026,2.4922599717752604e-07,-3.8230290418859223e-07,nan,nan,nan,nan,nan,nan,nan,nan,1081.0,0.47302010655403137,15.636323928833008,2.589373022758994,2.693097533910961,1.13945734500885,0.47302010655403137,1.935654878616333,0.0,0.0,-0.19201763150055312,0.2619423915472426,4.245054637603151
1776384066.0141315,0.9995945785386079,-7.0007079330379565,0.0020316084527574026,2.4922599717752604e-07,-3.8230290418859223e-07,nan,nan,nan,nan,nan,nan,nan,nan,1081.0,0.47302010655403137,15.636323928833008,2.589373022758994,2.693097533910961,1.13945734500885,0.47302010655403137,1.935654878616333,0.0,0.0,-0.19201763150055312,0.2619423915472426,4.245054637603151
1776384066.0595965,0.9995945804180845,-7.000707932949613,0.002031608600749031,2.514017929765132e-07,-3.8221635734153915e-07,nan,nan,nan,nan,nan,nan,nan,nan,1081.0,0.47302010655403137,15.636323928833008,2.589373022758994,2.693097533910961,1.13945734500885,0.47302010655403137,1.935654878616333,0.0,0.0,-0.1920176317712084,0.26194239139925096,4.245054635723198
1776384066.1148427,0.9995945823406589,-7.000707932861162,0.002031608751080579,2.53554332577701e-07,-3.8213129727768275e-07,nan,nan,nan,nan,nan,nan,nan,nan,1081.0,0.4696212410926819,15.642698287963867,2.5889566893879734,2.693447811499566,1.1571682691574097,0.4696212410926819,1.9279932975769043,0.0,0.0,-0.19201763204482647,0.2619423912489194,4.245054633800145
1776384066.161897,0.999594584305868,-7.000707932772603,0.002031608903729385,2.5568373764431306e-07,-3.820475727219902e-07,nan,nan,nan,nan,nan,nan,nan,nan,1081.0,0.4696212410926819,15.642698287963867,2.5889566893879734,2.693447811499566,1.1571682691574097,0.4696212410926819,1.9279932975769043,0.0,0.0,-0.19201763232137986,0.2619423910962706,4.245054631834461
1776384066.2096567,0.9995945863132525,-7.000707932683939,0.0020316090586710803,2.577902057884118e-07,-3.8196586898788475e-07,nan,nan,nan,nan,nan,nan,nan,nan,1081.0,0.4696212410926819,15.642698287963867,2.5889566893879734,2.693447811499566,1.1571682691574097,0.4696212410926819,1.9279932975769043,0.0,0.0,-0.19201763260083704,0.26194239094132893,4.245054629826599
1776384066.2595015,0.9995945883623594,-7.000707932595168,0.0020316092158780474,2.598741274701607e-07,-3.8188409880945927e-07,nan,nan,nan,nan,nan,nan,nan,nan,1081.0,0.4668855667114258,15.631549835205078,2.5889822544872927,2.6932560360608604,1.1324145793914795,0.4668855667114258,1.9339202642440796,0.0,0.0,-0.1920176328831651,0.26194239078412196,4.245054627777016
1776384066.309613,0.9995945883623594,-7.000707932595168,0.0020316092158780474,2.598741274701607e-07,-3.8188409880945927e-07,nan,nan,nan,nan,nan,nan,nan,nan,1081.0,0.4668855667114258,15.631549835205078,2.5889822544872927,2.6932560360608604,1.1324145793914795,0.4668855667114258,1.9339202642440796,0.0,0.0,-0.1920176328831651,0.26194239078412196,4.245054627777016
1776384066.3636127,0.9995945904527392,-7.000707932506294,0.0020316093753302896,2.6193564791475145e-07,-3.8180432570380556e-07,nan,nan,nan,nan,nan,nan,nan,nan,1081.0,0.4668855667114258,15.631549835205078,2.5889822544872927,2.6932560360608604,1.1324145793914795,0.4668855667114258,1.9339202642440796,0.0,0.0,-0.19201763316833712,0.2619423906246697,4.245054625686159
1776384066.4108531,0.9995945925839481,-7.000707932417316,0.002031609537000391,2.6397505377963386e-07,-3.817262131123848e-07,nan,nan,nan,nan,nan,nan,nan,nan,1081.0,0.4661046862602234,15.631009101867676,2.589171701316807,2.693196587312406,1.1533780097961426,0.4661046862602234,1.9376403093338013,0.0,0.0,-0.19201763345631861,0.2619423904629996,4.245054623554474
1776384066.4617493,0.9995945947555472,-7.000707932328237,0.002031609700867487,2.6599250809637256e-07,-3.8164864893876534e-07,nan,nan,nan,nan,nan,nan,nan,nan,1081.0,0.4661046862602234,15.631009101867676,2.589171701316807,2.693196587312406,1.1533780097961426,0.4661046862602234,1.9376403093338013,0.0,0.0,-0.1920176337470825,0.2619423902991325,4.2450546213823985
1776384066.509549,0.9995945969671021,-7.000707932239058,0.002031609866909695,2.6798833351073995e-07,-3.8157270348356397e-07,nan,nan,nan,nan,nan,nan,nan,nan,1081.0,0.4661046862602234,15.631009101867676,2.589171701316807,2.693196587312406,1.1533780097961426,0.4661046862602234,1.9376403093338013,0.0,0.0,-0.19201763404060124,0.2619423901330903,4.245054619170368
1776384066.5592954,0.9995945992181821,-7.000707932149779,0.0020316100350995163,2.6996277522159406e-07,-3.814978919667431e-07,nan,nan,nan,nan,nan,nan,nan,nan,1081.0,0.471515953540802,15.629387855529785,2.5893621202644432,2.6927180415367844,1.1476507186889648,0.471515953540802,1.929213523864746,0.0,0.0,-0.19201763433684021,0.2619423899649005,4.245054616918811
1776384066.6129155,0.9995945992181821,-7.000707932149779,0.0020316100350995163,2.6996277522159406e-07,-3.814978919667431e-07,nan,nan,nan,nan,nan,nan,nan,nan,1081.0,0.471515953540802,15.629387855529785,2.5893621202644432,2.6927180415367844,1.1476507186889648,0.471515953540802,1.929213523864746,0.0,0.0,-0.19201763433684021,0.2619423899649005,4.245054616918811
1776384066.6593976,0.9995946015083627,-7.0007079320604015,0.0020316102054138605,2.719158918960193e-07,-3.8142424991677207e-07,nan,nan,nan,nan,nan,nan,nan,nan,1081.0,0.471515953540802,15.629387855529785,2.5893621202644432,2.6927180415367844,1.1476507186889648,0.471515953540802,1.929213523864746,0.0,0.0,-0.19201763463577037,0.2619423897945861,4.245054614628154
1776384066.709808,0.9995946038372225,-7.000707931970926,0.002031610377827837,2.738481743747525e-07,-3.813528257920477e-07,nan,nan,nan,nan,nan,nan,nan,nan,1081.0,0.45886242389678955,15.65373420715332,2.589177612680511,2.6932410565912694,1.1623506546020508,0.45886242389678955,1.9314948320388794,0.0,0.0,-0.19201763493736126,0.26194238962217214,4.245054612298819
1776384066.759771,0.9995946062043463,-7.0007079318813545,0.0020316105523291773,2.7575967347896363e-07,-3.812816943810117e-07,nan,nan,nan,nan,nan,nan,nan,nan,1081.0,0.45886242389678955,15.65373420715332,2.589177612680511,2.6932410565912694,1.1623506546020508,0.45886242389678955,1.9314948320388794,0.0,0.0,-0.19201763524159474,0.2619423894476708,4.245054609931218
1776384066.8098807,0.9995946086093225,-7.000707931791688,0.0020316107288860692,2.7765062721827367e-07,-3.8121162163979465e-07,nan,nan,nan,nan,nan,nan,nan,nan,1081.0,0.4633636176586151,15.628480911254883,2.589051899619945,2.6933569540054285,1.1530346870422363,0.4633636176586151,1.9346061944961548,0.0,0.0,-0.1920176355484325,0.2619423892711139,4.245054607525766
1776384066.8617544,0.9995946110517435,-7.000707931701926,0.0020316109074820445,2.7952125280622755e-07,-3.811431580428504e-07,nan,nan,nan,nan,nan,nan,nan,nan,1081.0,0.4633636176586151,15.628480911254883,2.589051899619945,2.6933569540054285,1.1530346870422363,0.4633636176586151,1.9346061944961548,0.0,0.0,-0.19201763585785384,0.26194238909251794,4.245054605082869
1776384066.9104543,0.9995946135312068,-7.000707931612074,0.0020316110880946683,2.8137190944596653e-07,-3.8107564779046455e-07,nan,nan,nan,nan,nan,nan,nan,nan,1081.0,0.4633636176586151,15.628480911254883,2.589051899619945,2.6933569540054285,1.1530346870422363,0.4633636176586151,1.9346061944961548,0.0,0.0,-0.19201763616982592,0.2619423889119053,4.245054602602931
1776384066.9606295,0.9995946135312068,-7.000707931612074,0.0020316110880946683,2.8137190944596653e-07,-3.8107564779046455e-07,nan,nan,nan,nan,nan,nan,nan,nan,1081.0,0.4633636176586151,15.628480911254883,2.589051899619945,2.6933569540054285,1.1530346870422363,0.4633636176586151,1.9346061944961548,0.0,0.0,-0.19201763616982592,0.2619423889119053,4.245054602602931
1776384067.0115113,0.999594616047314,-7.0007079315221254,0.0020316112706922113,2.832026640715958e-07,-3.810102057953573e-07,nan,nan,nan,nan,nan,nan,nan,nan,1081.0,0.46953821182250977,15.642600059509277,2.5888783831931614,2.692774416738487,1.1584832668304443,0.46953821182250977,1.9327391386032104,0.0,0.0,-0.19201763648431686,0.26194238872930775,4.245054600086348
1776384067.0597217,0.999594616047314,-7.0007079315221254,0.0020316112706922113,2.832026640715958e-07,-3.810102057953573e-07,nan,nan,nan,nan,nan,nan,nan,nan,1081.0,0.46953821182250977,15.642600059509277,2.5888783831931614,2.692774416738487,1.1584832668304443,0.46953821182250977,1.9327391386032104,0.0,0.0,-0.19201763648431686,0.26194238872930775,4.245054600086348
1776384067.1116376,0.9995946185996714,-7.000707931432091,0.0020316114552649035,2.8501374246865936e-07,-3.80944738478122e-07,nan,nan,nan,nan,nan,nan,nan,nan,1081.0,0.46953821182250977,15.642600059509277,2.5888783831931614,2.692774416738487,1.1584832668304443,0.46953821182250977,1.9327391386032104,0.0,0.0,-0.19201763680130446,0.26194238854473506,4.245054597533515
1776384067.1648922,0.9995946211878886,-7.000707931341961,0.0020316116417851784,2.868053986016549e-07,-3.808811852651145e-07,nan,nan,nan,nan,nan,nan,nan,nan,1081.0,0.4620397686958313,15.637594223022461,2.58925036188632,2.693259068815618,1.1550534963607788,0.4620397686958313,1.9330461025238037,0.0,0.0,-0.19201763712076372,0.2619423883582148,4.245054594944822
1776384067.2096255,0.9995946211878886,-7.000707931341961,0.0020316116417851784,2.868053986016549e-07,-3.808811852651145e-07,nan,nan,nan,nan,nan,nan,nan,nan,1081.0,0.4620397686958313,15.637594223022461,2.58925036188632,2.693259068815618,1.1550534963607788,0.4620397686958313,1.9330461025238037,0.0,0.0,-0.19201763712076372,0.2619423883582148,4.245054594944822
1776384067.2611122,0.9995946238115796,-7.000707931251745,0.0020316118302357643,2.88577828395788e-07,-3.8081796111260075e-07,nan,nan,nan,nan,nan,nan,nan,nan,1081.0,0.4620397686958313,15.637594223022461,2.58925036188632,2.693259068815618,1.1550534963607788,0.4620397686958313,1.9330461025238037,0.0,0.0,-0.1920176374426648,0.26194238816976423,4.245054592320655
1776384067.311496,0.9995946264703632,-7.000707931161442,0.0020316120206065338,2.903312027763375e-07,-3.8075632714818745e-07,nan,nan,nan,nan,nan,nan,nan,nan,1081.0,0.4620397686958313,15.637594223022461,2.58925036188632,2.693259068815618,1.1550534963607788,0.4620397686958313,1.9330461025238037,0.0,0.0,-0.19201763776699673,0.26194238797939345,4.245054589661395
1776384067.3624392,0.9995946264703632,-7.000707931161442,0.0020316120206065338,2.903312027763375e-07,-3.8075632714818745e-07,nan,nan,nan,nan,nan,nan,nan,nan,1081.0,0.46424025297164917,15.650022506713867,2.5894844417876386,2.6931046030205508,1.1621087789535522,0.46424025297164917,1.9274533987045288,0.0,0.0,-0.19201763776699673,0.26194238797939345,4.245054589661395
1776384067.40973,0.999594629163862,-7.000707931071048,0.002031612212854689,2.920658142407677e-07,-3.8069628956879517e-07,nan,nan,nan,nan,nan,nan,nan,nan,1081.0,0.46424025297164917,15.650022506713867,2.5894844417876386,2.6931046030205508,1.1621087789535522,0.46424025297164917,1.9274533987045288,0.0,0.0,-0.19201763809371078,0.2619423877871453,4.245054586967421
1776384067.4646916,0.9995946318917024,-7.000707930980567,0.002031612406970007,2.954793551355278e-07,-3.8057782282974826e-07,nan,nan,nan,nan,nan,nan,nan,nan,1081.0,0.46424025297164917,15.650022506713867,2.5894844417876386,2.6931046030205508,1.1621087789535522,0.46424025297164917,1.9274533987045288,0.0,0.0,-0.19201763842279043,0.26194238759302996,4.245054584239106
1776384067.5111206,0.9995946374489346,-7.000707930799357,0.0020316128007463294,2.9715863307780523e-07,-3.8052044470685386e-07,nan,nan,nan,nan,nan,nan,nan,nan,1081.0,0.46799373626708984,15.642197608947754,2.5885376888882994,2.6932954116065977,1.1495717763900757,0.46799373626708984,1.9354791641235352,0.0,0.0,-0.19201763908796524,0.26194238719925367,4.245054578680923
1776384067.5595121,0.9995946402775996,-7.0007079307086295,0.00203161300036538,2.988199629363057e-07,-3.804643940319249e-07,nan,nan,nan,nan,nan,nan,nan,nan,1081.0,0.46799373626708984,15.642197608947754,2.5885376888882994,2.6932954116065977,1.1495717763900757,0.46799373626708984,1.9354791641235352,0.0,0.0,-0.19201763942400815,0.2619423869996346,4.245054575851783
1776384067.6096907,0.9995946431391525,-7.000707930617817,0.0020316132017738505,3.004634413434998e-07,-3.8040949980243305e-07,nan,nan,nan,nan,nan,nan,nan,nan,1081.0,0.46799373626708984,15.642197608947754,2.5885376888882994,2.6932954116065977,1.1495717763900757,0.46799373626708984,1.9354791641235352,0.0,0.0,-0.19201763976232009,0.2619423867982261,4.245054572989755
1776384067.6595368,0.9995946431391525,-7.000707930617817,0.0020316132017738505,3.004634413434998e-07,-3.8040949980243305e-07,nan,nan,nan,nan,nan,nan,nan,nan,1081.0,0.4597899317741394,15.631085395812988,2.5890213579463253,2.6934652382678297,1.1513694524765015,0.4597899317741394,1.9262996912002563,0.0,0.0,-0.19201763976232009,0.2619423867982261,4.245054572989755
1776384067.7094543,0.9995946460332391,-7.000707930526924,0.0020316134049543307,3.020892403166334e-07,-3.803552310005965e-07,nan,nan,nan,nan,nan,nan,nan,nan,1081.0,0.4597899317741394,15.631085395812988,2.5890213579463253,2.6934652382678297,1.1513694524765015,0.4597899317741394,1.9262996912002563,0.0,0.0,-0.19201764010287456,0.26194238659504565,4.245054570095194
1776384067.7594547,0.99959464895951,-7.000707930435949,0.002031613609885491,3.03697665736678e-07,-3.803021067302336e-07,nan,nan,nan,nan,nan,nan,nan,nan,1081.0,0.4597899317741394,15.631085395812988,2.5890213579463253,2.6934652382678297,1.1513694524765015,0.4597899317741394,1.9262996912002563,0.0,0.0,-0.19201764044564806,0.26194238639011447,4.245054567168449
1776384067.814421,0.9995946519176189,-7.000707930344894,0.0020316138165534683,3.052888121782246e-07,-3.802499750349856e-07,nan,nan,nan,nan,nan,nan,nan,nan,1081.0,0.4648492634296417,15.627304077148438,2.5895535081046033,2.692912491235876,1.143075704574585,0.4648492634296417,1.9352704286575317,0.0,0.0,-0.19201764079062125,0.2619423861834465,4.245054564209865
1776384067.8607514,0.9995946549072233,-7.000707930253761,0.0020316140249384326,3.0686289762309545e-07,-3.801982034160615e-07,nan,nan,nan,nan,nan,nan,nan,nan,1081.0,0.4648492634296417,15.627304077148438,2.5895535081046033,2.692912491235876,1.143075704574585,0.4648492634296417,1.9352704286575317,0.0,0.0,-0.1920176411377672,0.26194238597506153,4.245054561219785
1776384067.9094765,0.9995946579279844,-7.000707930162548,0.0020316142350193522,3.0842009305361885e-07,-3.8014876918559107e-07,nan,nan,nan,nan,nan,nan,nan,nan,1081.0,0.4678933024406433,15.652210235595703,2.588868020972535,2.6937985750433024,1.1606534719467163,0.4678933024406433,1.926725149154663,0.0,0.0,-0.19201764148706368,0.26194238576498063,4.24505455819855
1776384067.9616616,0.9995946609795676,-7.000707930071256,0.0020316144467656364,3.0996061045899857e-07,-3.8010030580062e-07,nan,nan,nan,nan,nan,nan,nan,nan,1081.0,0.4678933024406433,15.652210235595703,2.588868020972535,2.6937985750433024,1.1606534719467163,0.4678933024406433,1.926725149154663,0.0,0.0,-0.1920176418384711,0.26194238555323435,4.245054555146491
1776384068.0517938,0.999594664061641,-7.000707929979887,0.0020316146601684084,3.1148453021464493e-07,-3.8005237052401374e-07,nan,nan,nan,nan,nan,nan,nan,nan,1081.0,0.4678933024406433,15.652210235595703,2.588868020972535,2.6937985750433024,1.1606534719467163,0.4678933024406433,1.926725149154663,0.0,0.0,-0.19201764219197637,0.26194238533983155,4.2450545520639436
1776384068.0596907,0.999594664061641,-7.000707929979887,0.0020316146601684084,3.1148453021464493e-07,-3.8005237052401374e-07,nan,nan,nan,nan,nan,nan,nan,nan,1081.0,0.4678933024406433,15.652210235595703,2.588868020972535,2.6937985750433024,1.1606534719467163,0.4678933024406433,1.926725149154663,0.0,0.0,-0.19201764219197637,0.26194238533983155,4.2450545520639436
1776384068.1094167,0.9995946671738768,-7.000707929888445,0.0020316148752263594,3.129921703461362e-07,-3.8000409989007393e-07,nan,nan,nan,nan,nan,nan,nan,nan,1081.0,0.4631879925727844,15.634353637695312,2.5896939781669333,2.6931015225837016,1.14993417263031,0.4631879925727844,1.9219478368759155,0.0,0.0,-0.1920176425475758,0.26194238512477364,4.2450545489512335
1776384068.1619854,0.9995946734875414,-7.000707929705335,0.002031615310193336,3.1595905680461835e-07,-3.7991324282557837e-07,nan,nan,nan,nan,nan,nan,nan,nan,1081.0,0.4631879925727844,15.634353637695312,2.5896939781669333,2.6931015225837016,1.14993417263031,0.4631879925727844,1.9219478368759155,0.0,0.0,-0.19201764326491938,0.26194238468980663,4.24505454263662
1776384068.211754,0.9995946734875414,-7.000707929705335,0.002031615310193336,3.1595905680461835e-07,-3.7991324282557837e-07,nan,nan,nan,nan,nan,nan,nan,nan,1081.0,0.46708205342292786,15.641587257385254,2.5891562104776544,2.693072724622569,1.1349228620529175,0.46708205342292786,1.9353375434875488,0.0,0.0,-0.19201764326491938,0.26194238468980663,4.24505454263662
1776384068.2614515,0.9995946766883321,-7.000707929613672,0.002031615530076979,3.1741862762823887e-07,-3.7986846320365775e-07,nan,nan,nan,nan,nan,nan,nan,nan,1081.0,0.46708205342292786,15.641587257385254,2.5891562104776544,2.693072724622569,1.1349228620529175,0.46708205342292786,1.9353375434875488,0.0,0.0,-0.19201764362662938,0.261942384469923,4.245054539435355
1776384068.328855,0.9995946799180087,-7.000707929521935,0.0020316157515315636,3.1886254911731885e-07,-3.7982522574733195e-07,nan,nan,nan,nan,nan,nan,nan,nan,1081.0,0.46708205342292786,15.641587257385254,2.5891562104776544,2.693072724622569,1.1349228620529175,0.46708205342292786,1.9353375434875488,0.0,0.0,-0.19201764399032928,0.26194238424846844,4.245054536205205
1776384068.3629954,0.9995946799180087,-7.000707929521935,0.0020316157515315636,3.1886254911731885e-07,-3.7982522574733195e-07,nan,nan,nan,nan,nan,nan,nan,nan,1081.0,0.46708205342292786,15.641587257385254,2.5891562104776544,2.693072724622569,1.1349228620529175,0.46708205342292786,1.9353375434875488,0.0,0.0,-0.19201764399032928,0.26194238424846844,4.245054536205205
1776384068.422561,0.9995946831762597,-7.000707929430127,0.002031615974544084,3.202910679942865e-07,-3.797820477975334e-07,nan,nan,nan,nan,nan,nan,nan,nan,1081.0,0.4688020646572113,15.634955406188965,2.5894036806368583,2.6924935941043424,1.1645618677139282,0.4688020646572113,1.9396525621414185,0.0,0.0,-0.19201764435600252,0.2619423840254559,4.2450545329464795
1776384068.4608152,0.9995946864627785,-7.000707929338249,0.0020316161991003725,3.217042206692424e-07,-3.7974084890220506e-07,nan,nan,nan,nan,nan,nan,nan,nan,1081.0,0.4688020646572113,15.634955406188965,2.5894036806368583,2.6924935941043424,1.1645618677139282,0.4688020646572113,1.9396525621414185,0.0,0.0,-0.1920176447236292,0.2619423838008996,4.245054529659487
1776384068.5160854,0.9995946897772608,-7.0007079292463,0.002031616425180724,3.23102235965274e-07,-3.796994522066234e-07,nan,nan,nan,nan,nan,nan,nan,nan,1081.0,0.4688020646572113,15.634955406188965,2.5894036806368583,2.6924935941043424,1.1645618677139282,0.4688020646572113,1.9396525621414185,0.0,0.0,-0.19201764509318783,0.26194238357481925,4.245054526344529
1776384068.5604954,0.9995946931194065,-7.000707929154282,0.002031616652766392,3.24485154235998e-07,-3.7966080325483516e-07,nan,nan,nan,nan,nan,nan,nan,nan,1081.0,0.4602793753147125,15.651388168334961,2.5893227530782914,2.6936660746709293,1.1465208530426025,0.4602793753147125,1.9371800422668457,0.0,0.0,-0.1920176454646519,0.2619423833472336,4.245054523001911
1776384068.6102364,0.9995946964889171,-7.000707929062195,0.002031616881849629,3.258533537000252e-07,-3.796209698184307e-07,nan,nan,nan,nan,nan,nan,nan,nan,1081.0,0.4602793753147125,15.651388168334961,2.5893227530782914,2.6936660746709293,1.1465208530426025,0.4602793753147125,1.9371800422668457,0.0,0.0,-0.19201764583801229,0.2619423831181504,4.245054519631926
1776384068.6594486,0.999594699885499,-7.000707928970041,0.002031617112403472,3.272068413895753e-07,-3.795828689753923e-07,nan,nan,nan,nan,nan,nan,nan,nan,1081.0,0.467496395111084,15.644768714904785,2.5890993451928783,2.692721001963001,1.1471751928329468,0.467496395111084,1.939410924911499,0.0,0.0,-0.1920176462132356,0.2619423828875965,4.2450545162348705
1776384068.7118294,0.999594699885499,-7.000707928970041,0.002031617112403472,3.272068413895753e-07,-3.795828689753923e-07,nan,nan,nan,nan,nan,nan,nan,nan,1081.0,0.467496395111084,15.644768714904785,2.5890993451928783,2.692721001963001,1.1471751928329468,0.467496395111084,1.939410924911499,0.0,0.0,-0.1920176462132356,0.2619423828875965,4.2450545162348705
1776384068.7595174,0.9995947033088611,-7.000707928877819,0.002031617344422073,3.285458212798768e-07,-3.7954549090550065e-07,nan,nan,nan,nan,nan,nan,nan,nan,1081.0,0.467496395111084,15.644768714904785,2.5890993451928783,2.692721001963001,1.1471751928329468,0.467496395111084,1.939410924911499,0.0,0.0,-0.19201764659031342,0.2619423826555779,4.245054512811034
1776384068.8098025,0.9995947067587149,-7.000707928785533,0.00203161757788343,3.2987041758415416e-07,-3.795084813678996e-07,nan,nan,nan,nan,nan,nan,nan,nan,1081.0,0.467496395111084,15.644768714904785,2.5890993451928783,2.692721001963001,1.1471751928329468,0.467496395111084,1.939410924911499,0.0,0.0,-0.19201764696921678,0.26194238242211654,4.245054509360707
1776384068.8596108,0.9995947067587149,-7.000707928785533,0.00203161757788343,3.2987041758415416e-07,-3.795084813678996e-07,nan,nan,nan,nan,nan,nan,nan,nan,1081.0,0.46840381622314453,15.634886741638184,2.589198060244129,2.693126492290889,1.153256893157959,0.46840381622314453,1.9281269311904907,0.0,0.0,-0.19201764696921678,0.26194238242211654,4.245054509360707
1776384068.9096096,0.999594710234776,-7.000707928693181,0.0020316178127820364,3.3118086834142305e-07,-3.7947215646780447e-07,nan,nan,nan,nan,nan,nan,nan,nan,1081.0,0.46840381622314453,15.634886741638184,2.589198060244129,2.693126492290889,1.153256893157959,0.46840381622314453,1.9281269311904907,0.0,0.0,-0.19201764734994028,0.26194238218721794,4.245054505884172
1776384068.9625506,0.9995947137367629,-7.000707928600763,0.0020316180490988255,3.3247721056055133e-07,-3.7943742941829976e-07,nan,nan,nan,nan,nan,nan,nan,nan,1081.0,0.46840381622314453,15.634886741638184,2.589198060244129,2.693126492290889,1.153256893157959,0.46840381622314453,1.9281269311904907,0.0,0.0,-0.19201764773246138,0.26194238195090114,4.245054502381712
1776384069.0143626,0.9995947137367629,-7.000707928600763,0.0020316180490988255,3.3247721056055133e-07,-3.7943742941829976e-07,nan,nan,nan,nan,nan,nan,nan,nan,1081.0,0.46840381622314453,15.634886741638184,2.589198060244129,2.693126492290889,1.153256893157959,0.46840381622314453,1.9281269311904907,0.0,0.0,-0.19201764773246138,0.26194238195090114,4.245054502381712
1776384069.064812,0.9995947172643966,-7.000707928508282,0.002031618286816503,3.337596986872652e-07,-3.794036406435836e-07,nan,nan,nan,nan,nan,nan,nan,nan,1081.0,0.4622128903865814,15.652748107910156,2.58931080846738,2.693064140644856,1.1699144840240479,0.4622128903865814,1.933260202407837,0.0,0.0,-0.19201764811675445,0.26194238171318346,4.245054498853604
1776384069.1155167,0.9995947208174012,-7.000707928415737,0.002031618525911963,3.350284658181013e-07,-3.7937040527471087e-07,nan,nan,nan,nan,nan,nan,nan,nan,1081.0,0.4622128903865814,15.652748107910156,2.58931080846738,2.693064140644856,1.1699144840240479,0.4622128903865814,1.933260202407837,0.0,0.0,-0.1920176485027928,0.26194238147408805,4.245054495300126
1776384069.1624856,0.9995947243955041,-7.0007079283231315,0.002031618766371338,3.362835573842495e-07,-3.7933796608774667e-07,nan,nan,nan,nan,nan,nan,nan,nan,1081.0,0.4622128903865814,15.652748107910156,2.58931080846738,2.693064140644856,1.1699144840240479,0.4622128903865814,1.933260202407837,0.0,0.0,-0.1920176488905568,0.2619423812336287,4.24505449172155
1776384069.2095647,0.9995947279984356,-7.000707928230462,0.0020316190081823213,3.37525212132358e-07,-3.7930592767181843e-07,nan,nan,nan,nan,nan,nan,nan,nan,1081.0,0.46337348222732544,15.653884887695312,2.5891191539226255,2.6927160046822416,1.1435884237289429,0.46337348222732544,1.9345816373825073,0.0,0.0,-0.19201764928003426,0.26194238099181766,4.245054488118145
1776384069.2600317,0.9995947316259282,-7.000707928137731,0.0020316192513416824,3.3875361126780245e-07,-3.7927468470551437e-07,nan,nan,nan,nan,nan,nan,nan,nan,1081.0,0.46337348222732544,15.653884887695312,2.5891191539226255,2.6927160046822416,1.1435884237289429,0.46337348222732544,1.9345816373825073,0.0,0.0,-0.19201764967121807,0.2619423807486583,4.245054484490179
1776384069.3112001,0.9995947352777182,-7.000707928044941,0.0020316194958270774,3.3996876863971467e-07,-3.792446400140432e-07,nan,nan,nan,nan,nan,nan,nan,nan,1081.0,0.46337348222732544,15.653884887695312,2.5891191539226255,2.6927160046822416,1.1435884237289429,0.46337348222732544,1.9345816373825073,0.0,0.0,-0.19201765006408067,0.2619423805041729,4.245054480837916
1776384069.3595705,0.9995947389535436,-7.000707927952089,0.0020316197416210408,3.411709694956358e-07,-3.7921606734680324e-07,nan,nan,nan,nan,nan,nan,nan,nan,1081.0,0.46633821725845337,15.632061004638672,2.589280559440987,2.692641567541607,1.1398999691009521,0.46633821725845337,1.9320292472839355,0.0,0.0,-0.19201765045860153,0.26194238025837896,4.245054477161617
1776384069.4096196,0.9995947389535436,-7.000707927952089,0.0020316197416210408,3.411709694956358e-07,-3.7921606734680324e-07,nan,nan,nan,nan,nan,nan,nan,nan,1081.0,0.46633821725845337,15.632061004638672,2.589280559440987,2.692641567541607,1.1398999691009521,0.46633821725845337,1.9320292472839355,0.0,0.0,-0.19201765045860153,0.26194238025837896,4.245054477161617
1776384069.4595194,0.9995947426531469,-7.000707927859179,0.002031619988716756,3.423602547266775e-07,-3.7918654943715103e-07,nan,nan,nan,nan,nan,nan,nan,nan,1081.0,0.46633821725845337,15.632061004638672,2.589280559440987,2.692641567541607,1.1398999691009521,0.46633821725845337,1.9320292472839355,0.0,0.0,-0.19201765085476902,0.2619423800112832,4.245054473461541
1776384069.513534,0.999594746376272,-7.000707927766212,0.002031620237098334,3.435367984918514e-07,-3.79158384151693e-07,nan,nan,nan,nan,nan,nan,nan,nan,1081.0,0.468780517578125,15.64920425415039,2.5895930487838306,2.693211075266886,1.1443337202072144,0.468780517578125,1.924964427947998,0.0,0.0,-0.19201765125256373,0.26194237976290163,4.245054469737942
1776384069.57085,0.9995947501226659,-7.000707927673184,0.0020316204867508194,3.4470071644017805e-07,-3.7913098548395863e-07,nan,nan,nan,nan,nan,nan,nan,nan,1081.0,0.468780517578125,15.64920425415039,2.5895930487838306,2.693211075266886,1.1443337202072144,0.468780517578125,1.924964427947998,0.0,0.0,-0.19201765165196993,0.26194237951324917,4.245054465991075
1776384069.6095295,0.9995947501226659,-7.000707927673184,0.0020316204867508194,3.4470071644017805e-07,-3.7913098548395863e-07,nan,nan,nan,nan,nan,nan,nan,nan,1081.0,0.468780517578125,15.64920425415039,2.5895930487838306,2.693211075266886,1.1443337202072144,0.468780517578125,1.924964427947998,0.0,0.0,-0.19201765165196993,0.26194237951324917,4.245054465991075
1776384069.6605606,0.9995947538920786,-7.0007079275801,0.0020316207376608482,3.458521532285758e-07,-3.7910501070523494e-07,nan,nan,nan,nan,nan,nan,nan,nan,1081.0,0.46578770875930786,15.633013725280762,2.589316703151708,2.693131226461565,1.1507537364959717,0.46578770875930786,1.9278994798660278,0.0,0.0,-0.192017652052967,0.26194237926233915,4.24505446222119
1776384069.7093136,0.9995947576842628,-7.0007079274869595,0.0020316209898155013,3.469912286771612e-07,-3.7907897842536817e-07,nan,nan,nan,nan,nan,nan,nan,nan,1081.0,0.46578770875930786,15.633013725280762,2.589316703151708,2.693131226461565,1.1507537364959717,0.46578770875930786,1.9278994798660278,0.0,0.0,-0.19201765245554,0.26194237901018447,4.245054458428532
1776384069.7599437,0.9995947614989732,-7.000707927393763,0.0020316212432006024,3.4811813640467347e-07,-3.790540398762935e-07,nan,nan,nan,nan,nan,nan,nan,nan,1081.0,0.46578770875930786,15.633013725280762,2.589316703151708,2.693131226461565,1.1507537364959717,0.46578770875930786,1.9278994798660278,0.0,0.0,-0.19201765285967073,0.2619423787567994,4.245054454613349
1776384069.8136468,0.9995947653359676,-7.000707927300511,0.0020316214978032465,3.492329368714276e-07,-3.790293704191593e-07,nan,nan,nan,nan,nan,nan,nan,nan,1081.0,0.46135246753692627,15.642520904541016,2.588795575386501,2.6930241478934516,1.1404141187667847,0.46135246753692627,1.926831841468811,0.0,0.0,-0.19201765326534256,0.26194237850219676,4.245054450775883
1776384069.859512,0.9995947691950066,-7.000707927207205,0.002031621753612503,3.503358410002084e-07,-3.7900548489078403e-07,nan,nan,nan,nan,nan,nan,nan,nan,1081.0,0.46135246753692627,15.642520904541016,2.588795575386501,2.6930241478934516,1.1404141187667847,0.46135246753692627,1.926831841468811,0.0,0.0,-0.19201765367254223,0.2619423782463875,4.24505444691637
1776384069.90966,0.9995947730758533,-7.000707927113844,0.0020316220106114525,3.5142686838915355e-07,-3.789823718446123e-07,nan,nan,nan,nan,nan,nan,nan,nan,1081.0,0.46135246753692627,15.642520904541016,2.588795575386501,2.6930241478934516,1.1404141187667847,0.46135246753692627,1.926831841468811,0.0,0.0,-0.19201765408124807,0.2619423779893885,4.24505444303505
1776384069.9605343,0.9995947730758533,-7.000707927113844,0.0020316220106114525,3.5142686838915355e-07,-3.789823718446123e-07,nan,nan,nan,nan,nan,nan,nan,nan,1081.0,0.4708016812801361,15.63919448852539,2.589107295300098,2.6929139344187845,1.15114164352417,0.4708016812801361,1.9333826303482056,0.0,0.0,-0.19201765408124807,0.2619423779893885,4.24505444303505
1776384070.009556,0.9995947809020337,-7.000707926926962,0.002031622528137053,3.535740477946597e-07,-3.7893821823757604e-07,nan,nan,nan,nan,nan,nan,nan,nan,1081.0,0.4708016812801361,15.63919448852539,2.589107295300098,2.6929139344187845,1.15114164352417,0.4708016812801361,1.9333826303482056,0.0,0.0,-0.19201765490312545,0.26194237747186294,4.245054435207925
1776384070.0602028,0.9995947848469064,-7.000707926833442,0.0020316227886361584,3.5463040583422743e-07,-3.789172744048322e-07,nan,nan,nan,nan,nan,nan,nan,nan,1081.0,0.4734128415584564,15.64678955078125,2.589277406046503,2.692577227830433,1.1437584161758423,0.4734128415584564,1.9246865510940552,0.0,0.0,-0.19201765531626233,0.2619423772113638,4.24505443126258
1776384070.1147964,0.999594788812664,-7.00070792673987,0.0020316230502788577,3.5567545715287405e-07,-3.788966693062389e-07,nan,nan,nan,nan,nan,nan,nan,nan,1081.0,0.4734128415584564,15.64678955078125,2.589277406046503,2.692577227830433,1.1437584161758423,0.4734128415584564,1.9246865510940552,0.0,0.0,-0.1920176557308475,0.2619423769497211,4.245054427296349
1776384070.1612175,0.9995947927990814,-7.000707926646248,0.0020316233130535585,3.5670930729350067e-07,-3.7887663641698674e-07,nan,nan,nan,nan,nan,nan,nan,nan,1081.0,0.4734128415584564,15.64678955078125,2.589277406046503,2.692577227830433,1.1437584161758423,0.4734128415584564,1.9246865510940552,0.0,0.0,-0.1920176561468642,0.2619423766869464,4.245054423309459
1776384070.2095222,0.9995947968059372,-7.000707926552575,0.0020316235769444,3.577320834864917e-07,-3.7885795285298354e-07,nan,nan,nan,nan,nan,nan,nan,nan,1081.0,0.4691547453403473,15.635991096496582,2.5895662245157136,2.693036815062084,1.1464852094650269,0.4691547453403473,1.9378478527069092,0.0,0.0,-0.19201765656429373,0.26194237642305557,4.245054419302131
1776384070.2676399,0.9995948008330117,-7.000707926458852,0.0020316238419417856,3.587439330764505e-07,-3.788391528758298e-07,nan,nan,nan,nan,nan,nan,nan,nan,1081.0,0.4691547453403473,15.635991096496582,2.5895662245157136,2.693036815062084,1.1464852094650269,0.4691547453403473,1.9378478527069092,0.0,0.0,-0.19201765698312456,0.2619423761580582,4.245054415274584
1776384070.3105114,0.999594804880087,-7.000707926365078,0.0020316241080342553,3.5974490921013716e-07,-3.788210760961517e-07,nan,nan,nan,nan,nan,nan,nan,nan,1081.0,0.4677487909793854,15.639227867126465,2.589029846370055,2.692848157502462,1.135087490081787,0.4677487909793854,1.9217722415924072,0.0,0.0,-0.19201765740334267,0.26194237589196573,4.245054411227037
1776384070.3604703,0.9995948089469486,-7.0007079262712555,0.0020316243752111227,3.6073517154873223e-07,-3.7880409919529866e-07,nan,nan,nan,nan,nan,nan,nan,nan,1081.0,0.4677487909793854,15.639227867126465,2.589029846370055,2.692848157502462,1.135087490081787,0.4677487909793854,1.9217722415924072,0.0,0.0,-0.1920176578249333,0.26194237562478884,4.245054407159702
1776384070.4141698,0.9995948130333834,-7.000707926177386,0.0020316246434608624,3.617148347767273e-07,-3.787872986099739e-07,nan,nan,nan,nan,nan,nan,nan,nan,1081.0,0.4677487909793854,15.639227867126465,2.589029846370055,2.692848157502462,1.135087490081787,0.4677487909793854,1.9217722415924072,0.0,0.0,-0.19201765824788053,0.26194237535653914,4.245054403072796
1776384070.4653165,0.9995948171391811,-7.000707926083467,0.0020316249127672378,3.6268399979024486e-07,-3.7877135345382276e-07,nan,nan,nan,nan,nan,nan,nan,nan,1081.0,0.469645231962204,15.629897117614746,2.5890108254582214,2.6934158157736725,1.1540908813476562,0.469645231962204,1.9341684579849243,0.0,0.0,-0.19201765867216627,0.2619423750872327,4.245054398966525
1776384070.509716,0.9995948171391811,-7.000707926083467,0.0020316249127672378,3.6268399979024486e-07,-3.7877135345382276e-07,nan,nan,nan,nan,nan,nan,nan,nan,1081.0,0.469645231962204,15.629897117614746,2.5890108254582214,2.6934158157736725,1.1540908813476562,0.469645231962204,1.9341684579849243,0.0,0.0,-0.19201765867216627,0.2619423750872327,4.245054398966525
1776384070.5608587,0.9995948212641338,-7.0007079259895,0.0020316251831243894,3.63642785153785e-07,-3.7875549987594744e-07,nan,nan,nan,nan,nan,nan,nan,nan,1081.0,0.469645231962204,15.629897117614746,2.5890108254582214,2.6934158157736725,1.1540908813476562,0.469645231962204,1.9341684579849243,0.0,0.0,-0.19201765909778257,0.2619423748168756,4.2450543948411
1776384070.6132262,0.999594825408035,-7.000707925895488,0.0020316254545171735,3.64591316942111e-07,-3.7874101851617315e-07,nan,nan,nan,nan,nan,nan,nan,nan,1081.0,0.4603075087070465,15.628387451171875,2.5892201278300115,2.693345783009493,1.1442134380340576,0.4603075087070465,1.9195433855056763,0.0,0.0,-0.19201765952470912,0.2619423745454828,4.245054390696727
1776384070.6607893,0.9995948295706822,-7.000707925801429,0.002031625726929735,3.6552972826189685e-07,-3.7872659757291386e-07,nan,nan,nan,nan,nan,nan,nan,nan,1081.0,0.4603075087070465,15.628387451171875,2.5892201278300115,2.693345783009493,1.1442134380340576,0.4603075087070465,1.9195433855056763,0.0,0.0,-0.19201765995292633,0.26194237427307027,4.2450543865336074
1776384070.7093215,0.9995948337518736,-7.0007079257073235,0.0020316260003618077,3.66458025855706e-07,-3.7871220531222845e-07,nan,nan,nan,nan,nan,nan,nan,nan,1081.0,0.4603075087070465,15.628387451171875,2.5892201278300115,2.693345783009493,1.1442134380340576,0.4603075087070465,1.9195433855056763,0.0,0.0,-0.1920176603824343,0.26194237399963816,4.2450543823519435
1776384070.760198,0.9995948337518736,-7.0007079257073235,0.0020316260003618077,3.66458025855706e-07,-3.7871220531222845e-07,nan,nan,nan,nan,nan,nan,nan,nan,1081.0,0.46673619747161865,15.638256072998047,2.5890194778360778,2.6930777412867433,1.1372032165527344,0.46673619747161865,1.9349005222320557,0.0,0.0,-0.1920176603824343,0.26194237399963816,4.2450543823519435
1776384070.8126252,0.9995948379514091,-7.000707925613173,0.0020316262747989595,3.673763915444025e-07,-3.786990688935427e-07,nan,nan,nan,nan,nan,nan,nan,nan,1081.0,0.46673619747161865,15.638256072998047,2.5890194778360778,2.6930777412867433,1.1372032165527344,0.46673619747161865,1.9349005222320557,0.0,0.0,-0.19201766081321442,0.261942373725201,4.245054378151937
1776384070.8594096,0.9995948421690923,-7.000707925518978,0.002031626550232287,3.6828495041095833e-07,-3.7868659719101435e-07,nan,nan,nan,nan,nan,nan,nan,nan,1081.0,0.46673619747161865,15.638256072998047,2.5890194778360778,2.6930777412867433,1.1372032165527344,0.46673619747161865,1.9349005222320557,0.0,0.0,-0.19201766124525493,0.2619423734497677,4.245054373933781
1776384070.9106128,0.9995948464047277,-7.000707925424738,0.0020316268266489545,3.6918376977848097e-07,-3.786742363567121e-07,nan,nan,nan,nan,nan,nan,nan,nan,1081.0,0.46147581934928894,15.631010055541992,2.589282694483774,2.6934788426678136,1.1549094915390015,0.46147581934928894,1.9314069747924805,0.0,0.0,-0.19201766167854106,0.261942373173351,4.245054369697674
1776384070.96166,0.9995948464047277,-7.000707925424738,0.0020316268266489545,3.6918376977848097e-07,-3.786742363567121e-07,nan,nan,nan,nan,nan,nan,nan,nan,1081.0,0.46147581934928894,15.631010055541992,2.589282694483774,2.6934788426678136,1.1549094915390015,0.46147581934928894,1.9314069747924805,0.0,0.0,-0.19201766167854106,0.261942373173351,4.245054369697674
1776384071.0135272,0.9995948506581223,-7.000707925330455,0.002031627104039878,3.70072998456333e-07,-3.78662420753912e-07,nan,nan,nan,nan,nan,nan,nan,nan,1081.0,0.46147581934928894,15.631010055541992,2.589282694483774,2.6934788426678136,1.1549094915390015,0.46147581934928894,1.9314069747924805,0.0,0.0,-0.19201766211305904,0.2619423728959601,4.245054365443808
1776384071.0604293,0.9995948549290854,-7.000707925236128,0.0020316273823959077,3.7095267711524767e-07,-3.7865138087838867e-07,nan,nan,nan,nan,nan,nan,nan,nan,1081.0,0.468763142824173,15.657245635986328,2.5892351490827097,2.692883338571966,1.1538563966751099,0.468763142824173,1.9254359006881714,0.0,0.0,-0.19201766254879954,0.26194237261760406,4.245054361172372
1776384071.1094296,0.9995948592174279,-7.000707925141759,0.0020316276617005588,3.7182294180816936e-07,-3.786411100344576e-07,nan,nan,nan,nan,nan,nan,nan,nan,1081.0,0.468763142824173,15.657245635986328,2.5892351490827097,2.692883338571966,1.1538563966751099,0.468763142824173,1.9254359006881714,0.0,0.0,-0.1920176629857396,0.2619423723382994,4.245054356883558
1776384071.16115,0.9995948635229631,-7.0007079250473465,0.002031627941950169,3.726838919866963e-07,-3.7863091644980397e-07,nan,nan,nan,nan,nan,nan,nan,nan,1081.0,0.468763142824173,15.657245635986328,2.5892351490827097,2.692883338571966,1.1538563966751099,0.468763142824173,1.9254359006881714,0.0,0.0,-0.19201766342387674,0.2619423720580498,4.245054352577551
1776384071.2113097,0.9995948635229631,-7.0007079250473465,0.002031627941950169,3.726838919866963e-07,-3.7863091644980397e-07,nan,nan,nan,nan,nan,nan,nan,nan,1081.0,0.468763142824173,15.657245635986328,2.5892351490827097,2.692883338571966,1.1538563966751099,0.468763142824173,1.9254359006881714,0.0,0.0,-0.19201766342387674,0.2619423720580498,4.245054352577551
1776384071.2600875,0.9995948678455066,-7.000707924952893,0.0020316282231296174,3.7353565196737213e-07,-3.786215607081261e-07,nan,nan,nan,nan,nan,nan,nan,nan,1081.0,0.46517714858055115,15.644851684570312,2.589241295556687,2.693517301933273,1.1493788957595825,0.46517714858055115,1.938917875289917,0.0,0.0,-0.1920176638631896,0.26194237177687035,4.245054348254535
1776384071.3115222,0.9995948721848749,-7.000707924858396,0.0020316285052330496,3.743782531275898e-07,-3.7861231085213954e-07,nan,nan,nan,nan,nan,nan,nan,nan,1081.0,0.46517714858055115,15.644851684570312,2.589241295556687,2.693517301933273,1.1493788957595825,0.46517714858055115,1.938917875289917,0.0,0.0,-0.19201766430367392,0.26194237149476696,4.245054343914696
1776384071.3623188,0.9995948721848749,-7.000707924858396,0.0020316285052330496,3.743782531275898e-07,-3.7861231085213954e-07,nan,nan,nan,nan,nan,nan,nan,nan,1081.0,0.46517714858055115,15.644851684570312,2.589241295556687,2.693517301933273,1.1493788957595825,0.46517714858055115,1.938917875289917,0.0,0.0,-0.19201766430367392,0.26194237149476696,4.245054343914696
1776384071.4810224,0.9995948765408875,-7.00070792476386,0.0020316287882514825,3.7521189775932473e-07,-3.786038607597632e-07,nan,nan,nan,nan,nan,nan,nan,nan,1081.0,0.46517714858055115,15.644851684570312,2.589241295556687,2.693517301933273,1.1493788957595825,0.46517714858055115,1.938917875289917,0.0,0.0,-0.19201766474531431,0.2619423712117485,4.245054339558211
1776384071.5124233,0.9995948765408875,-7.00070792476386,0.0020316287882514825,3.7521189775932473e-07,-3.786038607597632e-07,nan,nan,nan,nan,nan,nan,nan,nan,1081.0,0.47120770812034607,15.644644737243652,2.5889156062662546,2.6930550961422113,1.1368401050567627,0.47120770812034607,1.9358328580856323,0.0,0.0,-0.19201766474531431,0.2619423712117485,4.245054339558211
1776384071.5601575,0.999594885302133,-7.000707924574667,0.0020316293569872406,3.7685242098686944e-07,-3.7858860566541185e-07,nan,nan,nan,nan,nan,nan,nan,nan,1081.0,0.47120770812034607,15.644644737243652,2.5889156062662546,2.6930550961422113,1.1368401050567627,0.47120770812034607,1.9358328580856323,0.0,0.0,-0.19201766563201117,0.26194237064301273,4.245054330796023
1776384071.6186128,0.999594885302133,-7.000707924574667,0.0020316293569872406,3.7685242098686944e-07,-3.7858860566541185e-07,nan,nan,nan,nan,nan,nan,nan,nan,1081.0,0.47120770812034607,15.644644737243652,2.5889156062662546,2.6930550961422113,1.1368401050567627,0.47120770812034607,1.9358328580856323,0.0,0.0,-0.19201766563201117,0.26194237064301273,4.245054330796023
1776384071.6593783,0.999594885302133,-7.000707924574667,0.0020316293569872406,3.7685242098686944e-07,-3.7858860566541185e-07,nan,nan,nan,nan,nan,nan,nan,nan,1081.0,0.47120770812034607,15.644644737243652,2.5889156062662546,2.6930550961422113,1.1368401050567627,0.47120770812034607,1.9358328580856323,0.0,0.0,-0.19201766563201117,0.26194237064301273,4.245054330796023
1776384071.7107337,0.9995948897070132,-7.00070792448001,0.002031629642688042,3.7765956495705084e-07,-3.7858153841550805e-07,nan,nan,nan,nan,nan,nan,nan,nan,1081.0,0.47120770812034607,15.644644737243652,2.5889156062662546,2.6930550961422113,1.1368401050567627,0.47120770812034607,1.9358328580856323,0.0,0.0,-0.1920176660770467,0.26194237035731194,4.2450543263906715
1776384071.7620413,0.9995948897070132,-7.00070792448001,0.002031629642688042,3.7765956495705084e-07,-3.7858153841550805e-07,nan,nan,nan,nan,nan,nan,nan,nan,1081.0,0.47120770812034607,15.644644737243652,2.5889156062662546,2.6930550961422113,1.1368401050567627,0.47120770812034607,1.9358328580856323,0.0,0.0,-0.1920176660770467,0.26194237035731194,4.2450543263906715
1776384071.8125088,0.999594894127834,-7.000707924385314,0.0020316299292664946,3.7845803065763497e-07,-3.7857464003442694e-07,nan,nan,nan,nan,nan,nan,nan,nan,1081.0,0.47120770812034607,15.644644737243652,2.5889156062662546,2.6930550961422113,1.1368401050567627,0.47120770812034607,1.9358328580856323,0.0,0.0,-0.19201766652319271,0.2619423700707335,4.245054321969378
1776384071.8594162,0.9995948985644233,-7.000707924290581,0.0020316302167071648,3.792480314578269e-07,-3.785691394432103e-07,nan,nan,nan,nan,nan,nan,nan,nan,1081.0,0.4647224545478821,15.646136283874512,2.589241633362289,2.6920281813356968,1.1524068117141724,0.4647224545478821,1.9372613430023193,0.0,0.0,-0.19201766697042846,0.2619423697832928,4.245054317532318
1776384071.9099326,0.9995949030166127,-7.000707924195807,0.0020316305050031448,3.8002956465609383e-07,-3.7856323978227243e-07,nan,nan,nan,nan,nan,nan,nan,nan,1081.0,0.4647224545478821,15.646136283874512,2.589241633362289,2.6920281813356968,1.1524068117141724,0.4647224545478821,1.9372613430023193,0.0,0.0,-0.19201766741874907,0.26194236949499683,4.245054313079657
1776384071.977603,0.9995949030166127,-7.000707924195807,0.0020316305050031448,3.8002956465609383e-07,-3.7856323978227243e-07,nan,nan,nan,nan,nan,nan,nan,nan,1081.0,0.4647224545478821,15.646136283874512,2.589241633362289,2.6920281813356968,1.1524068117141724,0.4647224545478821,1.9372613430023193,0.0,0.0,-0.19201766741874907,0.26194236949499683,4.245054313079657
1776384072.1286292,0.9995949074842339,-7.000707924100997,0.0020316307941494432,3.808026815279312e-07,-3.7855789053108774e-07,nan,nan,nan,nan,nan,nan,nan,nan,1081.0,0.4647224545478821,15.646136283874512,2.589241633362289,2.6920281813356968,1.1524068117141724,0.4647224545478821,1.9372613430023193,0.0,0.0,-0.1920176678681442,0.26194236920585057,4.245054308611564
1776384072.1631212,0.9995949074842339,-7.000707924100997,0.0020316307941494432,3.808026815279312e-07,-3.7855789053108774e-07,nan,nan,nan,nan,nan,nan,nan,nan,1081.0,0.4647224545478821,15.646136283874512,2.589241633362289,2.6920281813356968,1.1524068117141724,0.4647224545478821,1.9372613430023193,0.0,0.0,-0.1920176678681442,0.26194236920585057,4.245054308611564
1776384072.2120202,0.9995949119671215,-7.00070792400615,0.002031631084133248,3.8156751568370216e-07,-3.785535902581461e-07,nan,nan,nan,nan,nan,nan,nan,nan,1081.0,0.4647224545478821,15.646136283874512,2.589241633362289,2.6920281813356968,1.1524068117141724,0.4647224545478821,1.9372613430023193,0.0,0.0,-0.19201766831859807,0.26194236891586675,4.245054304128206
1776384072.2638302,0.9995949119671215,-7.00070792400615,0.002031631084133248,3.8156751568370216e-07,-3.785535902581461e-07,nan,nan,nan,nan,nan,nan,nan,nan,1081.0,0.4615054130554199,15.629051208496094,2.589055965831167,2.692782999809376,1.1591163873672485,0.4615054130554199,1.9277989864349365,0.0,0.0,-0.19201766831859807,0.26194236891586675,4.245054304128206
1776384072.3264616,0.9995949164651108,-7.000707923911265,0.002031631374946244,3.8232426713014303e-07,-3.7854940375577877e-07,nan,nan,nan,nan,nan,nan,nan,nan,1081.0,0.4615054130554199,15.629051208496094,2.589055965831167,2.692782999809376,1.1591163873672485,0.4615054130554199,1.9277989864349365,0.0,0.0,-0.19201766877010232,0.26194236862505377,4.245054299629745
1776384072.3598685,0.9995949164651108,-7.000707923911265,0.002031631374946244,3.8232426713014303e-07,-3.7854940375577877e-07,nan,nan,nan,nan,nan,nan,nan,nan,1081.0,0.4615054130554199,15.629051208496094,2.589055965831167,2.692782999809376,1.1591163873672485,0.4615054130554199,1.9277989864349365,0.0,0.0,-0.19201766877010232,0.26194236862505377,4.245054299629745
1776384072.4234579,0.9995949209780398,-7.000707923816343,0.0020316316665767165,3.830728987019398e-07,-3.785456966994107e-07,nan,nan,nan,nan,nan,nan,nan,nan,1081.0,0.4615054130554199,15.629051208496094,2.589055965831167,2.692782999809376,1.1591163873672485,0.4615054130554199,1.9277989864349365,0.0,0.0,-0.19201766922264166,0.26194236833342327,4.245054295116344
1776384072.4617836,0.9995949255057484,-7.000707923721384,0.0020316319590217343,3.838134252773337e-07,-3.785424092582895e-07,nan,nan,nan,nan,nan,nan,nan,nan,1081.0,0.4704655408859253,15.6275634765625,2.5895142502303923,2.692288252075143,1.161565899848938,0.4704655408859253,1.9308981895446777,0.0,0.0,-0.1920176696762118,0.26194236804097826,4.245054290588164
1776384072.510198,0.9995949255057484,-7.000707923721384,0.0020316319590217343,3.838134252773337e-07,-3.785424092582895e-07,nan,nan,nan,nan,nan,nan,nan,nan,1081.0,0.4704655408859253,15.6275634765625,2.5895142502303923,2.692288252075143,1.161565899848938,0.4704655408859253,1.9308981895446777,0.0,0.0,-0.1920176696762118,0.26194236804097826,4.245054290588164
1776384072.559425,0.9995949300480768,-7.000707923626392,0.0020316322522725065,3.845461610416938e-07,-3.7853932207551884e-07,nan,nan,nan,nan,nan,nan,nan,nan,1081.0,0.4704655408859253,15.6275634765625,2.5895142502303923,2.692288252075143,1.161565899848938,0.4704655408859253,1.9308981895446777,0.0,0.0,-0.19201767013079948,0.2619423677477275,4.245054286045365
1776384072.6116288,0.9995949346048691,-7.0007079235313645,0.0020316325463214696,3.852709643922103e-07,-3.785364466641792e-07,nan,nan,nan,nan,nan,nan,nan,nan,1081.0,0.46547240018844604,15.632137298583984,2.589307424456405,2.692942127709462,1.1522619724273682,0.46547240018844604,1.9282346963882446,0.0,0.0,-0.19201767058639627,0.2619423674536785,4.245054281488101
1776384072.659838,0.9995949346048691,-7.0007079235313645,0.0020316325463214696,3.852709643922103e-07,-3.785364466641792e-07,nan,nan,nan,nan,nan,nan,nan,nan,1081.0,0.46547240018844604,15.632137298583984,2.589307424456405,2.692942127709462,1.1522619724273682,0.46547240018844604,1.9282346963882446,0.0,0.0,-0.19201767058639627,0.2619423674536785,4.245054281488101
1776384072.7115307,0.9995949391759689,-7.0007079234363,0.002031632841157719,3.859880926289582e-07,-3.7853492996764157e-07,nan,nan,nan,nan,nan,nan,nan,nan,1081.0,0.46547240018844604,15.632137298583984,2.589307424456405,2.692942127709462,1.1522619724273682,0.46547240018844604,1.9282346963882446,0.0,0.0,-0.19201767104299147,0.2619423671588423,4.24505427691653
1776384072.7627459,0.999594943761223,-7.000707923341201,0.0020316331367691725,3.866975326690396e-07,-3.785329505376078e-07,nan,nan,nan,nan,nan,nan,nan,nan,1081.0,0.46547240018844604,15.632137298583984,2.589307424456405,2.692942127709462,1.1522619724273682,0.46547240018844604,1.9282346963882446,0.0,0.0,-0.1920176715005675,0.2619423668632308,4.245054272330805
1776384072.818525,0.9995949483604795,-7.000707923246069,0.0020316334331540414,3.873993296862878e-07,-3.7853184446253405e-07,nan,nan,nan,nan,nan,nan,nan,nan,1081.0,0.46242430806159973,15.6185941696167,2.5893861506130826,2.693520057474479,1.1469855308532715,0.46242430806159973,1.9388535022735596,0.0,0.0,-0.1920176719591207,0.26194236656684594,4.245054267731078
1776384072.8596952,0.9995949529735872,-7.000707923150903,0.0020316337303009063,3.8809371649210646e-07,-3.7853182379240704e-07,nan,nan,nan,nan,nan,nan,nan,nan,1081.0,0.46242430806159973,15.6185941696167,2.5893861506130826,2.693520057474479,1.1469855308532715,0.46242430806159973,1.9388535022735596,0.0,0.0,-0.19201767241863876,0.2619423662696991,4.245054263117499
1776384072.910908,0.9995949576003983,-7.000707923055702,0.0020316340281978412,3.887806054169451e-07,-3.7853160304095873e-07,nan,nan,nan,nan,nan,nan,nan,nan,1081.0,0.4731942415237427,15.649444580078125,2.589009257845036,2.6933839664364267,1.157234787940979,0.4731942415237427,1.9267046451568604,0.0,0.0,-0.1920176728791061,0.26194236597180215,4.245054258490217
1776384072.9600732,0.9995949622407649,-7.00070792296047,0.0020316343268429074,3.8946019230563935e-07,-3.785311277144933e-07,nan,nan,nan,nan,nan,nan,nan,nan,1081.0,0.4731942415237427,15.649444580078125,2.589009257845036,2.6933839664364267,1.157234787940979,0.4731942415237427,1.9267046451568604,0.0,0.0,-0.1920176733405188,0.2619423656731571,4.2450542538493785
1776384073.0094588,0.9995949668945413,-7.000707922865204,0.002031634626227733,3.9013254841835263e-07,-3.7853185141876545e-07,nan,nan,nan,nan,nan,nan,nan,nan,1081.0,0.4731942415237427,15.649444580078125,2.589009257845036,2.6933839664364267,1.157234787940979,0.4731942415237427,1.9267046451568604,0.0,0.0,-0.19201767380286838,0.26194236537377225,4.245054249195131
1776384073.059429,0.999594971561584,-7.000707922769906,0.002031634926339517,3.907976307374529e-07,-3.785320210645868e-07,nan,nan,nan,nan,nan,nan,nan,nan,1081.0,0.4731942415237427,15.649444580078125,2.589009257845036,2.6933839664364267,1.157234787940979,0.4731942415237427,1.9267046451568604,0.0,0.0,-0.1920176742661373,0.2619423650736605,4.245054244527618
1776384073.1194913,0.999594971561584,-7.000707922769906,0.002031634926339517,3.907976307374529e-07,-3.785320210645868e-07,nan,nan,nan,nan,nan,nan,nan,nan,1081.0,0.46884679794311523,15.619332313537598,2.5887836202165797,2.6928992632087616,1.1487658023834229,0.46884679794311523,1.9270224571228027,0.0,0.0,-0.1920176742661373,0.2619423650736605,4.245054244527618
1776384073.1599553,0.99959497624175,-7.000707922674575,0.0020316352271801453,3.914556963125347e-07,-3.7853323974449525e-07,nan,nan,nan,nan,nan,nan,nan,nan,1081.0,0.46884679794311523,15.619332313537598,2.5887836202165797,2.6928992632087616,1.1487658023834229,0.46884679794311523,1.9270224571228027,0.0,0.0,-0.19201767473032913,0.26194236477281985,4.245054239846981
1776384073.211508,0.9995949809348985,-7.000707922579214,0.002031635528731854,3.921067101140831e-07,-3.7853552159519603e-07,nan,nan,nan,nan,nan,nan,nan,nan,1081.0,0.46884679794311523,15.619332313537598,2.5887836202165797,2.6928992632087616,1.1487658023834229,0.46884679794311523,1.9270224571228027,0.0,0.0,-0.19201767519541907,0.2619423644712681,4.245054235153361
1776384073.2597497,0.9995949856408899,-7.000707922483821,0.002031635830990167,3.927507178398736e-07,-3.785372359057848e-07,nan,nan,nan,nan,nan,nan,nan,nan,1081.0,0.4600704610347748,15.646880149841309,2.5888638868031957,2.693165226575813,1.1485267877578735,0.4600704610347748,1.9383881092071533,0.0,0.0,-0.19201767566140357,0.26194236416900984,4.2450542304468994
1776384073.313515,0.9995949903595864,-7.000707922388398,0.0020316361339554165,3.933878900264623e-07,-3.7853940283510307e-07,nan,nan,nan,nan,nan,nan,nan,nan,1081.0,0.4600704610347748,15.646880149841309,2.5888638868031957,2.693165226575813,1.1485267877578735,0.4600704610347748,1.9383881092071533,0.0,0.0,-0.1920176761282816,0.2619423638660446,4.245054225727732
1776384073.3596191,0.9995949950908521,-7.0007079222929445,0.0020316364376092863,3.9401829078613437e-07,-3.78542626890425e-07,nan,nan,nan,nan,nan,nan,nan,nan,1081.0,0.454552561044693,15.645604133605957,2.589732656811918,2.6933685508088097,1.1430566310882568,0.454552561044693,1.9364924430847168,0.0,0.0,-0.19201767659603036,0.2619423635623907,4.245054220995995
1776384073.4099278,0.9995949998345517,-7.00070792219746,0.0020316367419436878,3.946418759267291e-07,-3.785456507516566e-07,nan,nan,nan,nan,nan,nan,nan,nan,1081.0,0.454552561044693,15.645604133605957,2.589732656811918,2.6933685508088097,1.1430566310882568,0.454552561044693,1.9364924430847168,0.0,0.0,-0.19201767706464087,0.2619423632580563,4.245054216251826
1776384073.4596038,0.9995950045905513,-7.000707922101946,0.0020316370469631306,3.9525884431940167e-07,-3.785490302650768e-07,nan,nan,nan,nan,nan,nan,nan,nan,1081.0,0.454552561044693,15.645604133605957,2.589732656811918,2.6933685508088097,1.1430566310882568,0.454552561044693,1.9364924430847168,0.0,0.0,-0.1920176775341173,0.26194236295303686,4.245054211495355
1776384073.509505,0.9995950093587191,-7.000707922006403,0.0020316373526517435,3.958692385219347e-07,-3.785530403995807e-07,nan,nan,nan,nan,nan,nan,nan,nan,1081.0,0.46776339411735535,15.632230758666992,2.589103159007929,2.6928855173504034,1.1515647172927856,0.46776339411735535,1.9298044443130493,0.0,0.0,-0.1920176780044399,0.26194236264734827,4.245054206726716
1776384073.559519,0.9995950141389245,-7.00070792191083,0.0020316376590023702,3.9647311367752764e-07,-3.785571787976639e-07,nan,nan,nan,nan,nan,nan,nan,nan,1081.0,0.46776339411735535,15.632230758666992,2.589103159007929,2.6928855173504034,1.1515647172927856,0.46776339411735535,1.9298044443130493,0.0,0.0,-0.19201767847560086,0.2619423623409976,4.245054201946042
1776384073.613528,0.9995950189310379,-7.000707921815228,0.0020316379660102898,3.9707054404188394e-07,-3.785616965526875e-07,nan,nan,nan,nan,nan,nan,nan,nan,1081.0,0.46302154660224915,15.636434555053711,2.5889327778075164,2.692864380131001,1.1590423583984375,0.46302154660224915,1.9222335815429688,0.0,0.0,-0.19201767894759272,0.2619423620339897,4.245054197153458
1776384073.6604888,0.9995950189310379,-7.000707921815228,0.0020316379660102898,3.9707054404188394e-07,-3.785616965526875e-07,nan,nan,nan,nan,nan,nan,nan,nan,1081.0,0.46302154660224915,15.636434555053711,2.5889327778075164,2.692864380131001,1.1590423583984375,0.46302154660224915,1.9222335815429688,0.0,0.0,-0.19201767894759272,0.2619423620339897,4.245054197153458
1776384073.709612,0.9995950237349314,-7.000707921719598,0.0020316382736709155,3.976615635792179e-07,-3.7856675245812127e-07,nan,nan,nan,nan,nan,nan,nan,nan,1081.0,0.46302154660224915,15.636434555053711,2.5889327778075164,2.692864380131001,1.1590423583984375,0.46302154660224915,1.9222335815429688,0.0,0.0,-0.19201767942041,0.26194236172632906,4.245054192349093
1776384073.7599125,0.9995950285504785,-7.000707921623938,0.0020316385819689315,3.9824628886591516e-07,-3.785719109194799e-07,nan,nan,nan,nan,nan,nan,nan,nan,1081.0,0.46302154660224915,15.636434555053711,2.5889327778075164,2.692864380131001,1.1590423583984375,0.46302154660224915,1.9222335815429688,0.0,0.0,-0.19201767989403454,0.26194236141803107,4.245054187533075
1776384073.8119738,0.9995950285504785,-7.000707921623938,0.0020316385819689315,3.9824628886591516e-07,-3.785719109194799e-07,nan,nan,nan,nan,nan,nan,nan,nan,1081.0,0.46302154660224915,15.636434555053711,2.5889327778075164,2.692864380131001,1.1590423583984375,0.46302154660224915,1.9222335815429688,0.0,0.0,-0.19201767989403454,0.26194236141803107,4.245054187533075
1776384073.863528,0.9995950333775544,-7.000707921528252,0.0020316388909058965,3.9882475921902766e-07,-3.7857727398962803e-07,nan,nan,nan,nan,nan,nan,nan,nan,1081.0,0.46267399191856384,15.612135887145996,2.5892501539041555,2.6931625830441006,1.1331785917282104,0.46267399191856384,1.9377071857452393,0.0,0.0,-0.19201768036846595,0.2619423611090941,4.2450541827055295
1776384073.9180088,0.9995950333775544,-7.000707921528252,0.0020316388909058965,3.9882475921902766e-07,-3.7857727398962803e-07,nan,nan,nan,nan,nan,nan,nan,nan,1081.0,0.46267399191856384,15.612135887145996,2.5892501539041555,2.6931625830441006,1.1331785917282104,0.46267399191856384,1.9377071857452393,0.0,0.0,-0.19201768036846595,0.2619423611090941,4.2450541827055295
1776384073.9597213,0.9995950382160348,-7.0007079214325385,0.002031639200478799,3.993970783393027e-07,-3.785824660883019e-07,nan,nan,nan,nan,nan,nan,nan,nan,1081.0,0.46267399191856384,15.612135887145996,2.5892501539041555,2.6931625830441006,1.1331785917282104,0.46267399191856384,1.9377071857452393,0.0,0.0,-0.19201768084370152,0.2619423607995212,4.245054177866577
1776384074.0124235,0.9995950479267213,-7.0007079212410295,0.0020316398214777235,4.0052345234612325e-07,-3.785961047610131e-07,nan,nan,nan,nan,nan,nan,nan,nan,1081.0,0.468707412481308,15.6421537399292,2.589377874417177,2.6934547467954775,1.153648853302002,0.468707412481308,1.92254638671875,0.0,0.0,-0.19201768179651652,0.26194236017852224,4.245054168154951
1776384074.0604699,0.9995950479267213,-7.0007079212410295,0.0020316398214777235,4.0052345234612325e-07,-3.785961047610131e-07,nan,nan,nan,nan,nan,nan,nan,nan,1081.0,0.468707412481308,15.6421537399292,2.589377874417177,2.6934547467954775,1.153648853302002,0.468707412481308,1.92254638671875,0.0,0.0,-0.19201768179651652,0.26194236017852224,4.245054168154951
1776384074.1130688,0.9995950527986865,-7.000707921145234,0.0020316401328951124,4.0107758869048413e-07,-3.786029837092534e-07,nan,nan,nan,nan,nan,nan,nan,nan,1081.0,0.468707412481308,15.6421537399292,2.589377874417177,2.6934547467954775,1.153648853302002,0.468707412481308,1.92254638671875,0.0,0.0,-0.19201768227408558,0.2619423598671049,4.245054163282515
1776384074.1607554,0.9995950576815741,-7.000707921049413,0.0020316404449149434,4.0162591318797416e-07,-3.7860994343481174e-07,nan,nan,nan,nan,nan,nan,nan,nan,1081.0,0.46654680371284485,15.641680717468262,2.5889867176676544,2.6927237911569284,1.1667977571487427,0.46654680371284485,1.9313899278640747,0.0,0.0,-0.1920176827524159,0.26194235955508505,4.245054158399157
1776384074.2094164,0.9995950625752672,-7.000707920953566,0.0020316407575365313,4.0216833158909637e-07,-3.7861752314481235e-07,nan,nan,nan,nan,nan,nan,nan,nan,1081.0,0.46654680371284485,15.641680717468262,2.5889867176676544,2.6927237911569284,1.1667977571487427,0.46654680371284485,1.9313899278640747,0.0,0.0,-0.19201768323150686,0.26194235924246345,4.245054153504994
1776384074.261096,0.9995950674796495,-7.000707920857693,0.0020316410707480136,4.027049203263673e-07,-3.7862507667558795e-07,nan,nan,nan,nan,nan,nan,nan,nan,1081.0,0.46654680371284485,15.641680717468262,2.5889867176676544,2.6927237911569284,1.1667977571487427,0.46654680371284485,1.9313899278640747,0.0,0.0,-0.19201768371134464,0.261942358929252,4.245054148600141
1776384074.30948,0.9995950674796495,-7.000707920857693,0.0020316410707480136,4.027049203263673e-07,-3.7862507667558795e-07,nan,nan,nan,nan,nan,nan,nan,nan,1081.0,0.4681802988052368,15.644012451171875,2.5888537244593843,2.693041355050791,1.150659441947937,0.4681802988052368,1.9316848516464233,0.0,0.0,-0.19201768371134464,0.261942358929252,4.245054148600141
1776384074.3637135,0.9995950723946068,-7.000707920761793,0.002031641384544732,4.032358323632222e-07,-3.7863336193039625e-07,nan,nan,nan,nan,nan,nan,nan,nan,1081.0,0.4681802988052368,15.644012451171875,2.5888537244593843,2.693041355050791,1.150659441947937,0.4681802988052368,1.9316848516464233,0.0,0.0,-0.1920176841919228,0.26194235861545523,4.245054143684713
1776384074.40963,0.9995950773200253,-7.00070792066587,0.002031641698919987,4.037610856049026e-07,-3.7864211149613874e-07,nan,nan,nan,nan,nan,nan,nan,nan,1081.0,0.4681802988052368,15.644012451171875,2.5888537244593843,2.693041355050791,1.150659441947937,0.4681802988052368,1.9316848516464233,0.0,0.0,-0.19201768467323127,0.26194235830108,4.2450541387588245
1776384074.4608967,0.9995950822557925,-7.000707920569922,0.002031642013867754,4.042807494139896e-07,-3.786506522426427e-07,nan,nan,nan,nan,nan,nan,nan,nan,1081.0,0.46920162439346313,15.625936508178711,2.5895748338028857,2.69344638827087,1.1413496732711792,0.46920162439346313,1.937723159790039,0.0,0.0,-0.19201768515526363,0.26194235798613225,4.245054133822587
1776384074.514085,0.9995950822557925,-7.000707920569922,0.002031642013867754,4.042807494139896e-07,-3.786506522426427e-07,nan,nan,nan,nan,nan,nan,nan,nan,1081.0,0.46920162439346313,15.625936508178711,2.5895748338028857,2.69344638827087,1.1413496732711792,0.46920162439346313,1.937723159790039,0.0,0.0,-0.19201768515526363,0.26194235798613225,4.245054133822587
1776384074.5599716,0.9995950822557925,-7.000707920569922,0.002031642013867754,4.042807494139896e-07,-3.786506522426427e-07,nan,nan,nan,nan,nan,nan,nan,nan,1081.0,0.46920162439346313,15.625936508178711,2.5895748338028857,2.69344638827087,1.1413496732711792,0.46920162439346313,1.937723159790039,0.0,0.0,-0.19201768515526363,0.26194235798613225,4.245054133822587
1776384074.6100805,0.9995950872017971,-7.000707920473949,0.0020316423293824464,4.047948720103836e-07,-3.786596207454253e-07,nan,nan,nan,nan,nan,nan,nan,nan,1081.0,0.46920162439346313,15.625936508178711,2.5895748338028857,2.69344638827087,1.1413496732711792,0.46920162439346313,1.937723159790039,0.0,0.0,-0.1920176856380131,0.2619423576706175,4.245054128876113
1776384074.6807973,0.9995950921579295,-7.000707920377951,0.0020316426454578696,4.053035124771182e-07,-3.7866867137625366e-07,nan,nan,nan,nan,nan,nan,nan,nan,1081.0,0.46920162439346313,15.625936508178711,2.5895748338028857,2.69344638827087,1.1413496732711792,0.46920162439346313,1.937723159790039,0.0,0.0,-0.19201768612147213,0.26194235735454213,4.24505412391951
1776384074.7102692,0.9995950921579295,-7.000707920377951,0.0020316426454578696,4.053035124771182e-07,-3.7866867137625366e-07,nan,nan,nan,nan,nan,nan,nan,nan,1081.0,0.4676200747489929,15.63564395904541,2.5898894839657336,2.6932511197953724,1.1565700769424438,0.4676200747489929,1.939104676246643,0.0,0.0,-0.19201768612147213,0.26194235735454213,4.24505412391951
1776384074.7609773,0.9995950921579295,-7.000707920377951,0.0020316426454578696,4.053035124771182e-07,-3.7866867137625366e-07,nan,nan,nan,nan,nan,nan,nan,nan,1081.0,0.4676200747489929,15.63564395904541,2.5898894839657336,2.6932511197953724,1.1565700769424438,0.4676200747489929,1.939104676246643,0.0,0.0,-0.19201768612147213,0.26194235735454213,4.24505412391951
1776384074.809971,0.9995951021001442,-7.000707920185885,0.0020316432792740744,4.063044762053031e-07,-3.786881956452651e-07,nan,nan,nan,nan,nan,nan,nan,nan,1081.0,0.4676200747489929,15.63564395904541,2.5898894839657336,2.6932511197953724,1.1565700769424438,0.4676200747489929,1.939104676246643,0.0,0.0,-0.19201768709049394,0.2619423567207259,4.245054113976355
1776384074.865181,0.9995951021001442,-7.000707920185885,0.0020316432792740744,4.063044762053031e-07,-3.786881956452651e-07,nan,nan,nan,nan,nan,nan,nan,nan,1081.0,0.4676200747489929,15.63564395904541,2.5898894839657336,2.6932511197953724,1.1565700769424438,0.4676200747489929,1.939104676246643,0.0,0.0,-0.19201768709049394,0.2619423567207259,4.245054113976355
1776384074.9100049,0.9995951070860125,-7.000707920089816,0.0020316435969980093,4.0679700905999573e-07,-3.786984319903524e-07,nan,nan,nan,nan,nan,nan,nan,nan,1081.0,0.4717445373535156,15.642553329467773,2.589198299048677,2.6929791570445336,1.1394072771072388,0.4717445373535156,1.9362338781356812,0.0,0.0,-0.1920176875760369,0.26194235640300195,4.245054108990017
1776384074.9601383,0.9995951120815805,-7.000707919993724,0.0020316439152594174,4.0728429404222834e-07,-3.7870875928584136e-07,nan,nan,nan,nan,nan,nan,nan,nan,1081.0,0.4717445373535156,15.642553329467773,2.589198299048677,2.6929791570445336,1.1394072771072388,0.4717445373535156,1.9362338781356812,0.0,0.0,-0.19201768806225925,0.2619423560847406,4.245054103993978
1776384075.0102408,0.9995951170867445,-7.00070791989761,0.0020316442340543184,4.077663202077182e-07,-3.787195222250919e-07,nan,nan,nan,nan,nan,nan,nan,nan,1081.0,0.4717445373535156,15.642553329467773,2.589198299048677,2.6929791570445336,1.1394072771072388,0.4717445373535156,1.9362338781356812,0.0,0.0,-0.19201768854915527,0.26194235576594566,4.245054098988344
1776384075.0597029,0.9995951170867445,-7.00070791989761,0.0020316442340543184,4.077663202077182e-07,-3.787195222250919e-07,nan,nan,nan,nan,nan,nan,nan,nan,1081.0,0.4723692834377289,15.627873420715332,2.589447434719352,2.6928177690485606,1.158950686454773,0.4723692834377289,1.9363914728164673,0.0,0.0,-0.19201768854915527,0.26194235576594566,4.245054098988344
1776384075.1117792,0.9995951221014007,-7.000707919801472,0.0020316445533727625,4.0824333001872887e-07,-3.787306060849476e-07,nan,nan,nan,nan,nan,nan,nan,nan,1081.0,0.4723692834377289,15.627873420715332,2.589447434719352,2.6928177690485606,1.158950686454773,0.4723692834377289,1.9363914728164673,0.0,0.0,-0.19201768903671443,0.26194235544662725,4.245054093973219
1776384075.1597824,0.9995951221014007,-7.000707919801472,0.0020316445533727625,4.0824333001872887e-07,-3.787306060849476e-07,nan,nan,nan,nan,nan,nan,nan,nan,1081.0,0.4723692834377289,15.627873420715332,2.589447434719352,2.6928177690485606,1.158950686454773,0.4723692834377289,1.9363914728164673,0.0,0.0,-0.19201768903671443,0.26194235544662725,4.245054093973219
1776384075.209425,0.9995951271254482,-7.000707919705311,0.0020316448732091382,4.0871521436847513e-07,-3.7874205981829536e-07,nan,nan,nan,nan,nan,nan,nan,nan,1081.0,0.4723692834377289,15.627873420715332,2.589447434719352,2.6928177690485606,1.158950686454773,0.4723692834377289,1.9363914728164673,0.0,0.0,-0.19201768952492812,0.26194235512679087,4.245054088948701
1776384075.2594109,0.9995951321587858,-7.0007079196091295,0.0020316451935649057,4.0918198119045584e-07,-3.787531244125219e-07,nan,nan,nan,nan,nan,nan,nan,nan,1081.0,0.4696877896785736,15.624483108520508,2.5893764344218924,2.692680022575353,1.1490740776062012,0.4696877896785736,1.9349212646484375,0.0,0.0,-0.19201769001379754,0.2619423548064351,4.245054083914893
1776384075.3099077,0.9995951372013134,-7.000707919512926,0.002031645514435244,4.096438670087786e-07,-3.787647976914502e-07,nan,nan,nan,nan,nan,nan,nan,nan,1081.0,0.4696877896785736,15.624483108520508,2.5893764344218924,2.692680022575353,1.1490740776062012,0.4696877896785736,1.9349212646484375,0.0,0.0,-0.19201769050331763,0.26194235448556474,4.245054078871895
1776384075.3597615,0.9995951422529331,-7.0007079194166995,0.0020316458358069812,4.101008047862002e-07,-3.787771755716123e-07,nan,nan,nan,nan,nan,nan,nan,nan,1081.0,0.4654476046562195,15.629693984985352,2.590017765153899,2.692586753637854,1.1477822065353394,0.4654476046562195,1.928641438484192,0.0,0.0,-0.19201769099347205,0.261942354164193,4.245054073819806
1776384075.410555,0.9995951473135467,-7.000707919320452,0.002031646157676183,4.1055284865909406e-07,-3.787889112685726e-07,nan,nan,nan,nan,nan,nan,nan,nan,1081.0,0.4654476046562195,15.629693984985352,2.590017765153899,2.692586753637854,1.1477822065353394,0.4654476046562195,1.928641438484192,0.0,0.0,-0.19201769148425524,0.2619423538423238,4.245054068758724
1776384075.4599645,0.9995951523830575,-7.000707919224183,0.002031646480045685,4.110001409658604e-07,-3.7880186717238166e-07,nan,nan,nan,nan,nan,nan,nan,nan,1081.0,0.4654476046562195,15.629693984985352,2.590017765153899,2.692586753637854,1.1477822065353394,0.4654476046562195,1.928641438484192,0.0,0.0,-0.19201769197567084,0.2619423535199543,4.245054063688742
1776384075.519792,0.9995951574613707,-7.000707919127896,0.0020316468029038925,4.114426091385953e-07,-3.788143127051784e-07,nan,nan,nan,nan,nan,nan,nan,nan,1081.0,0.47115328907966614,15.641559600830078,2.589244316150258,2.693452983894625,1.155377745628357,0.47115328907966614,1.9379055500030518,0.0,0.0,-0.19201769246770184,0.2619423531970961,4.245054058609959
1776384075.559524,0.9995951625483915,-7.000707919031585,0.002031647126244801,4.118803865011011e-07,-3.7882726915098056e-07,nan,nan,nan,nan,nan,nan,nan,nan,1081.0,0.47115328907966614,15.641559600830078,2.589244316150258,2.693452983894625,1.155377745628357,0.47115328907966614,1.9379055500030518,0.0,0.0,-0.19201769296034538,0.26194235287375517,4.245054053522469
1776384075.6096387,0.9995951676440266,-7.000707918935255,0.0020316474500618816,4.123135064723218e-07,-3.7884097111501416e-07,nan,nan,nan,nan,nan,nan,nan,nan,1081.0,0.47115328907966614,15.641559600830078,2.589244316150258,2.693452983894625,1.155377745628357,0.47115328907966614,1.9379055500030518,0.0,0.0,-0.19201769345358982,0.2619423525499381,4.245054048426364
1776384075.661106,0.9995951727481832,-7.000707918838905,0.0020316477743539387,4.127419625705358e-07,-3.788541177034222e-07,nan,nan,nan,nan,nan,nan,nan,nan,1081.0,0.46913135051727295,15.629070281982422,2.589181880091871,2.693531163692812,1.1553274393081665,0.46913135051727295,1.9354889392852783,0.0,0.0,-0.19201769394743476,0.26194235222564605,4.245054043321738
1776384075.7100031,0.9995951778607698,-7.000707918742534,0.0020316480991144736,4.1316591921780256e-07,-3.788680248723696e-07,nan,nan,nan,nan,nan,nan,nan,nan,1081.0,0.46913135051727295,15.629070281982422,2.589181880091871,2.693531163692812,1.1553274393081665,0.46913135051727295,1.9354889392852783,0.0,0.0,-0.19201769444187222,0.2619423519008855,4.24505403820868
1776384075.7594147,0.9995951829816963,-7.0007079186461425,0.002031648424337867,4.135854186370414e-07,-3.78882216276065e-07,nan,nan,nan,nan,nan,nan,nan,nan,1081.0,0.4696130156517029,15.645440101623535,2.5889314855005208,2.6929166612217053,1.144613265991211,0.4696130156517029,1.9316997528076172,0.0,0.0,-0.19201769493689527,0.26194235157566215,4.245054033087285
1776384075.8100054,0.9995951829816963,-7.0007079186461425,0.002031648424337867,4.135854186370414e-07,-3.78882216276065e-07,nan,nan,nan,nan,nan,nan,nan,nan,1081.0,0.4696130156517029,15.645440101623535,2.5889314855005208,2.6929166612217053,1.144613265991211,0.4696130156517029,1.9316997528076172,0.0,0.0,-0.19201769493689527,0.26194235157566215,4.245054033087285
1776384075.8636534,0.9995951881108734,-7.0007079185497325,0.0020316487500195027,4.1400037231939876e-07,-3.7889632573289933e-07,nan,nan,nan,nan,nan,nan,nan,nan,1081.0,0.4696130156517029,15.645440101623535,2.5889314855005208,2.6929166612217053,1.144613265991211,0.4696130156517029,1.9316997528076172,0.0,0.0,-0.19201769543249653,0.2619423512499805,4.245054027957638
1776384075.9096782,0.9995951932482127,-7.000707918453303,0.002031649076154211,4.1441091572978215e-07,-3.789103251662855e-07,nan,nan,nan,nan,nan,nan,nan,nan,1081.0,0.4602583348751068,15.621248245239258,2.5894148698788237,2.6933326579501444,1.1460152864456177,0.4602583348751068,1.9321151971817017,0.0,0.0,-0.1920176959286706,0.26194235092384577,4.245054022819829
1776384075.9605014,0.9995952035470264,-7.000707918260388,0.0020316497297762394,4.152189606203348e-07,-3.7894008440484365e-07,nan,nan,nan,nan,nan,nan,nan,nan,1081.0,0.4602583348751068,15.621248245239258,2.5894148698788237,2.6933326579501444,1.1460152864456177,0.4602583348751068,1.9321151971817017,0.0,0.0,-0.19201769692272685,0.2619423502702237,4.245054012520076
1776384076.009429,0.9995952035470264,-7.000707918260388,0.0020316497297762394,4.152189606203348e-07,-3.7894008440484365e-07,nan,nan,nan,nan,nan,nan,nan,nan,1081.0,0.4602583348751068,15.621248245239258,2.5894148698788237,2.6933326579501444,1.1460152864456177,0.4602583348751068,1.9321151971817017,0.0,0.0,-0.19201769692272685,0.2619423502702237,4.245054012520076
1776384076.060585,0.9995952087083293,-7.0007079181639025,0.0020316500572522154,4.1561656311308947e-07,-3.789549466683567e-07,nan,nan,nan,nan,nan,nan,nan,nan,1081.0,0.4688114523887634,15.64079475402832,2.5896155104440854,2.6930776813394575,1.1605770587921143,0.4688114523887634,1.935172438621521,0.0,0.0,-0.19201769742059513,0.2619423499427478,4.245054007358304
1776384076.1104662,0.9995952138774497,-7.000707918067397,0.0020316503851599737,4.160099085756381e-07,-3.789706805679185e-07,nan,nan,nan,nan,nan,nan,nan,nan,1081.0,0.4688114523887634,15.64079475402832,2.5896155104440854,2.6930776813394575,1.1605770587921143,0.4688114523887634,1.935172438621521,0.0,0.0,-0.19201769791901094,0.26194234961484003,4.245054002188715
1776384076.1626096,0.9995952190543029,-7.0007079179708755,0.0020316507134999495,4.163990921329702e-07,-3.789857078932793e-07,nan,nan,nan,nan,nan,nan,nan,nan,1081.0,0.4688114523887634,15.64079475402832,2.5896155104440854,2.6930776813394575,1.1605770587921143,0.4688114523887634,1.935172438621521,0.0,0.0,-0.19201769841796978,0.26194234928650006,4.24505399701139
1776384076.214601,0.9995952190543029,-7.0007079179708755,0.0020316507134999495,4.163990921329702e-07,-3.789857078932793e-07,nan,nan,nan,nan,nan,nan,nan,nan,1081.0,0.4687535762786865,15.63942813873291,2.58916484388789,2.69289801583981,1.1516051292419434,0.4687535762786865,1.9282361268997192,0.0,0.0,-0.19201769841796978,0.26194234928650006,4.24505399701139
1776384076.2595043,0.9995952242388069,-7.000707917874334,0.0020316510422642427,4.1678414957457296e-07,-3.7900143123968787e-07,nan,nan,nan,nan,nan,nan,nan,nan,1081.0,0.4687535762786865,15.63942813873291,2.58916484388789,2.69289801583981,1.1516051292419434,0.4687535762786865,1.9282361268997192,0.0,0.0,-0.1920176989174672,0.26194234895773577,4.245053991826418
1776384076.3135142,0.9995952242388069,-7.000707917874334,0.0020316510422642427,4.1678414957457296e-07,-3.7900143123968787e-07,nan,nan,nan,nan,nan,nan,nan,nan,1081.0,0.4687535762786865,15.63942813873291,2.58916484388789,2.69289801583981,1.1516051292419434,0.4687535762786865,1.9282361268997192,0.0,0.0,-0.1920176989174672,0.26194234895773577,4.245053991826418
1776384076.3608677,0.9995952294308792,-7.000707917777777,0.0020316513714541107,4.171650561437084e-07,-3.7901702820265314e-07,nan,nan,nan,nan,nan,nan,nan,nan,1081.0,0.4687535762786865,15.63942813873291,2.58916484388789,2.69289801583981,1.1516051292419434,0.4687535762786865,1.9282361268997192,0.0,0.0,-0.1920176994175004,0.2619423486285459,4.2450539866338755
1776384076.409532,0.9995952346304382,-7.000707917681201,0.0020316517010613654,4.175419268960694e-07,-3.790331524835507e-07,nan,nan,nan,nan,nan,nan,nan,nan,1081.0,0.4679105877876282,15.629340171813965,2.5894950692516914,2.6931183342727776,1.1517201662063599,0.4679105877876282,1.9307256937026978,0.0,0.0,-0.19201769991806206,0.26194234829893864,4.245053981433847
1776384076.459525,0.9995952398374042,-7.000707917584608,0.002031652031083568,4.179148601152531e-07,-3.790494723231724e-07,nan,nan,nan,nan,nan,nan,nan,nan,1081.0,0.4679105877876282,15.629340171813965,2.5894950692516914,2.6931183342727776,1.1517201662063599,0.4679105877876282,1.9307256937026978,0.0,0.0,-0.1920177004191474,0.2619423479689164,4.245053976226412
1776384076.5104332,0.9995952450516977,-7.000707917487998,0.0020316523615141776,4.182837938808537e-07,-3.7906638176778536e-07,nan,nan,nan,nan,nan,nan,nan,nan,1081.0,0.4679105877876282,15.629340171813965,2.5894950692516914,2.6931183342727776,1.1517201662063599,0.4679105877876282,1.9307256937026978,0.0,0.0,-0.19201770092074835,0.2619423476384858,4.245053971011649
1776384076.5649257,0.9995952502732397,-7.00070791739137,0.002031652692348282,4.186488406555791e-07,-3.790829232846047e-07,nan,nan,nan,nan,nan,nan,nan,nan,1081.0,0.4683404862880707,15.636932373046875,2.589193995852475,2.692849827795625,1.1505743265151978,0.4683404862880707,1.933783769607544,0.0,0.0,-0.19201770142285987,0.2619423473076517,4.245053965789637
1776384076.6094055,0.9995952555019534,-7.000707917294727,0.002031653023585319,4.190099237561211e-07,-3.7910004515787165e-07,nan,nan,nan,nan,nan,nan,nan,nan,1081.0,0.4683404862880707,15.636932373046875,2.589193995852475,2.692849827795625,1.1505743265151978,0.4683404862880707,1.933783769607544,0.0,0.0,-0.19201770192547954,0.26194234697641466,4.245053960560455
1776384076.6596148,0.9995952607377616,-7.000707917198066,0.002031653355220202,4.19367202132449e-07,-3.7911678520098764e-07,nan,nan,nan,nan,nan,nan,nan,nan,1081.0,0.4694175124168396,15.62668514251709,2.589121893944286,2.6931468348937653,1.1508156061172485,0.4694175124168396,1.9340940713882446,0.0,0.0,-0.19201770242860206,0.2619423466447798,4.2450539553241775
1776384076.7119672,0.9995952659805876,-7.000707917101389,0.0020316536872459438,4.197207186021471e-07,-3.791338979055263e-07,nan,nan,nan,nan,nan,nan,nan,nan,1081.0,0.4694175124168396,15.62668514251709,2.589121893944286,2.6931468348937653,1.1508156061172485,0.4694175124168396,1.9340940713882446,0.0,0.0,-0.19201770293221876,0.26194234631275404,4.245053950080881
1776384076.759744,0.9995952712303564,-7.0007079170046955,0.0020316540196595395,4.2007044552860166e-07,-3.79151844854603e-07,nan,nan,nan,nan,nan,nan,nan,nan,1081.0,0.4694175124168396,15.62668514251709,2.589121893944286,2.6931468348937653,1.1508156061172485,0.4694175124168396,1.9340940713882446,0.0,0.0,-0.19201770343632515,0.26194234598034044,4.2450539448306435
1776384076.8139656,0.9995952764869938,-7.000707916907986,0.002031654352455993,4.204164483348275e-07,-3.791693867493e-07,nan,nan,nan,nan,nan,nan,nan,nan,1081.0,0.4581526815891266,15.619182586669922,2.589254825866189,2.69291044446581,1.1540950536727905,0.4581526815891266,1.9331398010253906,0.0,0.0,-0.19201770394091508,0.261942345647544,4.245053939573537
1776384076.8617215,0.9995952764869938,-7.000707916907986,0.002031654352455993,4.204164483348275e-07,-3.791693867493e-07,nan,nan,nan,nan,nan,nan,nan,nan,1081.0,0.4581526815891266,15.619182586669922,2.589254825866189,2.69291044446581,1.1540950536727905,0.4581526815891266,1.9331398010253906,0.0,0.0,-0.19201770394091508,0.261942345647544,4.245053939573537
1776384076.9102795,0.9995952817504251,-7.000707916811262,0.002031654685637985,4.207588555317663e-07,-3.7918701977215617e-07,nan,nan,nan,nan,nan,nan,nan,nan,1081.0,0.4581526815891266,15.619182586669922,2.589254825866189,2.69291044446581,1.1540950536727905,0.4581526815891266,1.9331398010253906,0.0,0.0,-0.1920177044459912,0.261942345314362,4.245053934309636
1776384076.9602249,0.9995952870205786,-7.0007079167145205,0.0020316550191939995,4.210975369111883e-07,-3.792049558384476e-07,nan,nan,nan,nan,nan,nan,nan,nan,1081.0,0.4462753236293793,15.635430335998535,2.5892314972368022,2.6935963068284754,1.1424343585968018,0.4462753236293793,1.9367297887802124,0.0,0.0,-0.19201770495154097,0.261942344980806,4.245053929039012
1776384077.0120196,0.9995952922973825,-7.000707916617764,0.0020316553531254315,4.2143262857584734e-07,-3.79223855330059e-07,nan,nan,nan,nan,nan,nan,nan,nan,1081.0,0.4462753236293793,15.635430335998535,2.5892314972368022,2.6935963068284754,1.1424343585968018,0.4462753236293793,1.9367297887802124,0.0,0.0,-0.19201770545756447,0.26194234464687455,4.24505392376174
1776384077.081957,0.9995952922973825,-7.000707916617764,0.0020316553531254315,4.2143262857584734e-07,-3.79223855330059e-07,nan,nan,nan,nan,nan,nan,nan,nan,1081.0,0.4462753236293793,15.635430335998535,2.5892314972368022,2.6935963068284754,1.1424343585968018,0.4462753236293793,1.9367297887802124,0.0,0.0,-0.19201770545756447,0.26194234464687455,4.24505392376174
1776384077.1121037,0.9995952975807647,-7.000707916520992,0.0020316556874204555,4.2176418162544723e-07,-3.7924131398514056e-07,nan,nan,nan,nan,nan,nan,nan,nan,1081.0,0.4462753236293793,15.635430335998535,2.5892314972368022,2.6935963068284754,1.1424343585968018,0.4462753236293793,1.9367297887802124,0.0,0.0,-0.1920177059640479,0.2619423443125795,4.245053918477889
1776384077.1635365,0.9995953028706548,-7.000707916424204,0.0020316560220775366,4.220922493281204e-07,-3.7925998517673593e-07,nan,nan,nan,nan,nan,nan,nan,nan,1081.0,0.46794945001602173,15.633613586425781,2.5890336479168043,2.6930974733969797,1.1498817205429077,0.46794945001602173,1.9226564168930054,0.0,0.0,-0.19201770647098856,0.26194234397792243,4.245053913187529
1776384077.2094996,0.9995953081669834,-7.0007079163274035,0.0020316563570961614,4.2241681438059046e-07,-3.792791500216551e-07,nan,nan,nan,nan,nan,nan,nan,nan,1081.0,0.46794945001602173,15.633613586425781,2.5890336479168043,2.6930974733969797,1.1498817205429077,0.46794945001602173,1.9226564168930054,0.0,0.0,-0.19201770697838416,0.2619423436429038,4.245053907890731
1776384077.2595577,0.9995953134696817,-7.000707916230587,0.002031656692475831,4.227378998836225e-07,-3.792972252528417e-07,nan,nan,nan,nan,nan,nan,nan,nan,1081.0,0.46895331144332886,15.653396606445312,2.58941990109531,2.6934397329676685,1.1492654085159302,0.46895331144332886,1.9356412887573242,0.0,0.0,-0.1920177074862369,0.26194234330752414,4.245053902587565
1776384077.313506,0.9995953187786798,-7.000707916133756,0.0020316570282151785,4.2305559616709264e-07,-3.7931670427396444e-07,nan,nan,nan,nan,nan,nan,nan,nan,1081.0,0.46895331144332886,15.653396606445312,2.58941990109531,2.6934397329676685,1.1492654085159302,0.46895331144332886,1.9356412887573242,0.0,0.0,-0.19201770799454343,0.2619423429717848,4.245053897278097
1776384077.3669744,0.9995953294153088,-7.000707915940051,0.0020316577007335863,4.2368098272856073e-07,-3.7935554415774783e-07,nan,nan,nan,nan,nan,nan,nan,nan,1081.0,0.4632384181022644,15.654962539672852,2.5891901436335063,2.6932371618148148,1.1488821506500244,0.4632384181022644,1.9220032691955566,0.0,0.0,-0.19201770901246884,0.2619423422992664,4.245053886640529
1776384077.4096088,0.9995953294153088,-7.000707915940051,0.0020316577007335863,4.2368098272856073e-07,-3.7935554415774783e-07,nan,nan,nan,nan,nan,nan,nan,nan,1081.0,0.4632384181022644,15.654962539672852,2.5891901436335063,2.6932371618148148,1.1488821506500244,0.4632384181022644,1.9220032691955566,0.0,0.0,-0.19201770901246884,0.2619423422992664,4.245053886640529
1776384077.4593942,0.9995953400763422,-7.000707915746291,0.0020316583746153995,4.2429315005290635e-07,-3.7939431828346e-07,nan,nan,nan,nan,nan,nan,nan,nan,1081.0,0.47040289640426636,15.61764907836914,2.589422638084357,2.6933546206480785,1.1537655591964722,0.47040289640426636,1.93722665309906,0.0,0.0,-0.19201771003211543,0.2619423416253846,4.245053875978558
1776384077.5095618,0.9995953454158468,-7.0007079156493885,0.0020316587120599067,4.2459432803107954e-07,-3.794144993430421e-07,nan,nan,nan,nan,nan,nan,nan,nan,1081.0,0.47040289640426636,15.61764907836914,2.589422638084357,2.6933546206480785,1.1537655591964722,0.47040289640426636,1.93722665309906,0.0,0.0,-0.1920177105425756,0.2619423412879401,4.245053870638585
1776384077.5626364,0.9995953507612577,-7.000707915552475,0.002031659049840768,4.2489243255648796e-07,-3.794340920279652e-07,nan,nan,nan,nan,nan,nan,nan,nan,1081.0,0.47040289640426636,15.61764907836914,2.589422638084357,2.6933546206480785,1.1537655591964722,0.47040289640426636,1.93722665309906,0.0,0.0,-0.19201771105345836,0.2619423409501592,4.2450538652927055
1776384077.612617,0.9995953561125125,-7.000707915455546,0.0020316593879497,4.251872466852241e-07,-3.7945426726161877e-07,nan,nan,nan,nan,nan,nan,nan,nan,1081.0,0.46613824367523193,15.648849487304688,2.5894248332004652,2.6932374489843833,1.146927833557129,0.46613824367523193,1.931781530380249,0.0,0.0,-0.19201771156475694,0.2619423406120503,4.245053859940981
1776384077.6636167,0.9995953614695479,-7.000707915358607,0.002031659726385622,4.25478988866034e-07,-3.7947436460314897e-07,nan,nan,nan,nan,nan,nan,nan,nan,1081.0,0.46613824367523193,15.648849487304688,2.5894248332004652,2.6932374489843833,1.146927833557129,0.46613824367523193,1.931781530380249,0.0,0.0,-0.19201771207646567,0.26194234027361435,4.245053854583476
1776384077.712985,0.9995953668323017,-7.000707915261652,0.0020316600651423856,4.2576768760104045e-07,-3.7949514626704646e-07,nan,nan,nan,nan,nan,nan,nan,nan,1081.0,0.46863922476768494,15.637964248657227,2.589031861679737,2.6930452910940503,1.1550116539001465,0.46863922476768494,1.9248648881912231,0.0,0.0,-0.1920177125885823,0.2619423399348576,4.245053849220254
1776384077.760703,0.9995953668323017,-7.000707915261652,0.0020316600651423856,4.2605325502721076e-07,-3.795153808729907e-07,nan,nan,nan,nan,nan,nan,nan,nan,1081.0,0.46863922476768494,15.637964248657227,2.589031861679737,2.6930452910940503,1.1550116539001465,0.46863922476768494,1.9248648881912231,0.0,0.0,-0.1920177125885823,0.2619423399348576,4.245053849220254
1776384077.809569,0.9995953722007138,-7.000707915164684,0.0020316604042171877,4.2605325502721076e-07,-3.795153808729907e-07,nan,nan,nan,nan,nan,nan,nan,nan,1081.0,0.46863922476768494,15.637964248657227,2.589031861679737,2.6930452910940503,1.1550116539001465,0.46863922476768494,1.9248648881912231,0.0,0.0,-0.19201771310109988,0.2619423395957828,4.245053843851373
1776384077.861237,0.9995953775747224,-7.0007079150677045,0.0020316607436071123,4.2633581384609014e-07,-3.7953609108952866e-07,nan,nan,nan,nan,nan,nan,nan,nan,1081.0,0.46863922476768494,15.637964248657227,2.589031861679737,2.6930452910940503,1.1550116539001465,0.46863922476768494,1.9248648881912231,0.0,0.0,-0.19201771361401396,0.2619423392563929,4.2450538384768945
1776384077.9127047,0.9995953829542681,-7.000707914970712,0.0020316610833071742,4.266154402153193e-07,-3.7955711120311214e-07,nan,nan,nan,nan,nan,nan,nan,nan,1081.0,0.46447330713272095,15.618302345275879,2.5893576457531333,2.6928657859206826,1.1459423303604126,0.46447330713272095,1.9359980821609497,0.0,0.0,-0.1920177141273202,0.26194233891669283,4.24505383309688
1776384077.9596262,0.9995953883392914,-7.000707914873708,0.0020316614233217307,4.268920516642815e-07,-3.7957760601929537e-07,nan,nan,nan,nan,nan,nan,nan,nan,1081.0,0.46447330713272095,15.618302345275879,2.5893576457531333,2.6928657859206826,1.1459423303604126,0.46447330713272095,1.9359980821609497,0.0,0.0,-0.19201771464102235,0.26194233857667826,4.245053827711388
1776384078.0094419,0.9995953937297337,-7.00070791477669,0.002031661763640128,4.271657463429475e-07,-3.7959942295378303e-07,nan,nan,nan,nan,nan,nan,nan,nan,1081.0,0.46632111072540283,15.638258934020996,2.5891327840878278,2.693592665297451,1.1561452150344849,0.46632111072540283,1.9367061853408813,0.0,0.0,-0.192017715155109,0.2619423382363599,4.245053822320478
1776384078.0596793,0.9995953991255366,-7.00070791467966,0.002031662104262612,4.274365797537302e-07,-3.7962025627780514e-07,nan,nan,nan,nan,nan,nan,nan,nan,1081.0,0.46632111072540283,15.638258934020996,2.5891327840878278,2.693592665297451,1.1561452150344849,0.46632111072540283,1.9367061853408813,0.0,0.0,-0.19201771566957956,0.2619423378957374,4.245053816924206
1776384078.1095355,0.9995954045266435,-7.00070791458262,0.002031662445182312,4.2770450840152686e-07,-3.79642201514091e-07,nan,nan,nan,nan,nan,nan,nan,nan,1081.0,0.46632111072540283,15.638258934020996,2.5891327840878278,2.693592665297451,1.1561452150344849,0.46632111072540283,1.9367061853408813,0.0,0.0,-0.19201771618442387,0.26194233755481766,4.24505381152263
1776384078.1595182,0.9995954099329976,-7.000707914485566,0.002031662786397929,4.279696089185665e-07,-3.796633565834478e-07,nan,nan,nan,nan,nan,nan,nan,nan,1081.0,0.4627532958984375,15.624929428100586,2.589427104600594,2.6931193011746424,1.1401132345199585,0.4627532958984375,1.9396103620529175,0.0,0.0,-0.19201771669964302,0.26194233721360205,4.245053806115807
1776384078.2098591,0.9995954153445414,-7.000707914388502,0.002031663127907557,4.2823190763416033e-07,-3.796846988209674e-07,nan,nan,nan,nan,nan,nan,nan,nan,1081.0,0.4627532958984375,15.624929428100586,2.589427104600594,2.6931193011746424,1.1401132345199585,0.4627532958984375,1.9396103620529175,0.0,0.0,-0.19201771721523114,0.26194233687209245,4.245053800703795
1776384078.2596412,0.9995954153445414,-7.000707914388502,0.002031663127907557,4.2823190763416033e-07,-3.796846988209674e-07,nan,nan,nan,nan,nan,nan,nan,nan,1081.0,0.4627532958984375,15.624929428100586,2.589427104600594,2.6931193011746424,1.1401132345199585,0.4627532958984375,1.9396103620529175,0.0,0.0,-0.19201771721523114,0.26194233687209245,4.245053800703795
1776384078.3159502,0.9995954207612208,-7.000707914291426,0.00203166346970802,4.2849142217311375e-07,-3.7970644794937785e-07,nan,nan,nan,nan,nan,nan,nan,nan,1081.0,0.46501120924949646,15.632455825805664,2.5896045683601407,2.693674397392075,1.1456350088119507,0.46501120924949646,1.9331895112991333,0.0,0.0,-0.19201771773118706,0.261942336530292,4.245053795286646
1776384078.359426,0.9995954261829798,-7.000707914194337,0.002031663811796285,4.28748240901152e-07,-3.797284592432034e-07,nan,nan,nan,nan,nan,nan,nan,nan,1081.0,0.46501120924949646,15.632455825805664,2.5896045683601407,2.693674397392075,1.1456350088119507,0.46501120924949646,1.9331895112991333,0.0,0.0,-0.19201771824750705,0.26194233618820373,4.245053789864419
1776384078.4097025,0.9995954316097648,-7.000707914097237,0.002031664154169134,4.2900222373894663e-07,-3.797506502554662e-07,nan,nan,nan,nan,nan,nan,nan,nan,1081.0,0.46501120924949646,15.632455825805664,2.5896045683601407,2.693674397392075,1.1456350088119507,0.46501120924949646,1.9331895112991333,0.0,0.0,-0.19201771876418633,0.2619423358458309,4.245053784437165
1776384078.4606495,0.9995954370415215,-7.000707914000126,0.0020316644968219593,4.292536248762468e-07,-3.7977284690123074e-07,nan,nan,nan,nan,nan,nan,nan,nan,1081.0,0.46078792214393616,15.644010543823242,2.588635766043032,2.6928692112324133,1.1551355123519897,0.46078792214393616,1.9280036687850952,0.0,0.0,-0.19201771928121916,0.261942335503178,4.24505377900494
1776384078.510686,0.9995954424781968,-7.000707913903003,0.002031664839756003,4.295023393360092e-07,-3.797950467392804e-07,nan,nan,nan,nan,nan,nan,nan,nan,1081.0,0.46078792214393616,15.644010543823242,2.588635766043032,2.6928692112324133,1.1551355123519897,0.46078792214393616,1.9280036687850952,0.0,0.0,-0.19201771979860632,0.261942335160244,4.245053773567796
1776384078.55988,0.9995954424781968,-7.000707913903003,0.002031664839756003,4.295023393360092e-07,-3.797950467392804e-07,nan,nan,nan,nan,nan,nan,nan,nan,1081.0,0.46078792214393616,15.644010543823242,2.588635766043032,2.6928692112324133,1.1551355123519897,0.46078792214393616,1.9280036687850952,0.0,0.0,-0.19201771979860632,0.261942335160244,4.245053773567796
1776384078.6096332,0.999595447919738,-7.00070791380587,0.00203166518296753,4.297484458005056e-07,-3.7981718496737767e-07,nan,nan,nan,nan,nan,nan,nan,nan,1081.0,0.4705483913421631,15.647153854370117,2.5893130448821737,2.6929416018857664,1.1466810703277588,0.4705483913421631,1.9362716674804688,0.0,0.0,-0.1920177203163433,0.26194233481703244,4.245053768125786
1776384078.671897,0.9995954533660929,-7.000707913708728,0.002031665526453625,4.299919542269962e-07,-3.7983928114135776e-07,nan,nan,nan,nan,nan,nan,nan,nan,1081.0,0.4705483913421631,15.647153854370117,2.5893130448821737,2.6929416018857664,1.1466810703277588,0.4705483913421631,1.9362716674804688,0.0,0.0,-0.19201772083442553,0.26194233447354637,4.245053762678962
1776384078.7100232,0.9995954588172102,-7.000707913611574,0.0020316658702093713,4.3023285757139524e-07,-3.798620455441325e-07,nan,nan,nan,nan,nan,nan,nan,nan,1081.0,0.4705483913421631,15.647153854370117,2.5893130448821737,2.6929416018857664,1.1466810703277588,0.4705483913421631,1.9362716674804688,0.0,0.0,-0.1920177213528479,0.2619423341297906,4.245053757227376
1776384078.7602906,0.9995954588172102,-7.000707913611574,0.0020316658702093713,4.3023285757139524e-07,-3.798620455441325e-07,nan,nan,nan,nan,nan,nan,nan,nan,1081.0,0.46193361282348633,15.64014720916748,2.5894006533991067,2.6926080031008874,1.1263847351074219,0.46193361282348633,1.9375836849212646,0.0,0.0,-0.1920177213528479,0.2619423341297906,4.245053757227376
1776384078.8127503,0.9995954642730389,-7.000707913514411,0.0020316662142319157,4.304712581122063e-07,-3.798856724520595e-07,nan,nan,nan,nan,nan,nan,nan,nan,1081.0,0.46193361282348633,15.64014720916748,2.5894006533991067,2.6926080031008874,1.1263847351074219,0.46193361282348633,1.9375836849212646,0.0,0.0,-0.19201772187160604,0.2619423337857681,4.24505375177108
1776384078.8595679,0.9995954697335283,-7.000707913417235,0.0020316665585130124,4.307071703663429e-07,-3.7990819939891556e-07,nan,nan,nan,nan,nan,nan,nan,nan,1081.0,0.46193361282348633,15.64014720916748,2.5894006533991067,2.6926080031008874,1.1263847351074219,0.46193361282348633,1.9375836849212646,0.0,0.0,-0.19201772239069226,0.261942333441487,4.245053746310122
1776384078.9095142,0.9995954751986293,-7.000707913320049,0.002031666903056271,4.309404911202421e-07,-3.79931411689695e-07,nan,nan,nan,nan,nan,nan,nan,nan,1081.0,0.4691649377346039,15.62641429901123,2.5892573445346154,2.692854395361366,1.1494284868240356,0.4691649377346039,1.928113341331482,0.0,0.0,-0.19201772291010955,0.2619423330969437,4.245053740844552
1776384078.9595807,0.9995954806682915,-7.000707913222853,0.002031667247861667,4.311713921289791e-07,-3.7995400387805063e-07,nan,nan,nan,nan,nan,nan,nan,nan,1081.0,0.4691649377346039,15.62641429901123,2.5892573445346154,2.692854395361366,1.1494284868240356,0.4691649377346039,1.928113341331482,0.0,0.0,-0.192017723429857,0.2619423327521383,4.245053735374421
1776384079.0093167,0.999595486142467,-7.000707913125646,0.0020316675929227352,4.313998608639741e-07,-3.799772426187996e-07,nan,nan,nan,nan,nan,nan,nan,nan,1081.0,0.4691649377346039,15.62641429901123,2.5892573445346154,2.692854395361366,1.1494284868240356,0.4691649377346039,1.928113341331482,0.0,0.0,-0.19201772394992753,0.26194233240707726,4.2450537298997775
1776384079.0598032,0.9995954916211065,-7.000707913028431,0.0020316679382369907,4.3162597336666183e-07,-3.8000036346669886e-07,nan,nan,nan,nan,nan,nan,nan,nan,1081.0,0.4595090448856354,15.633197784423828,2.5896146241765017,2.692886221513639,1.1607930660247803,0.4595090448856354,1.9294906854629517,0.0,0.0,-0.1920177244703163,0.261942332061763,4.245053724420669
1776384079.109503,0.9995954916211065,-7.000707913028431,0.0020316679382369907,4.3162597336666183e-07,-3.8000036346669886e-07,nan,nan,nan,nan,nan,nan,nan,nan,1081.0,0.4595090448856354,15.633197784423828,2.5896146241765017,2.692886221513639,1.1607930660247803,0.4595090448856354,1.9294906854629517,0.0,0.0,-0.1920177244703163,0.261942332061763,4.245053724420669
1776384079.1597514,0.9995954971041634,-7.000707912931205,0.0020316682838026107,4.318496197781981e-07,-3.800236315069551e-07,nan,nan,nan,nan,nan,nan,nan,nan,1081.0,0.4595090448856354,15.633197784423828,2.5896146241765017,2.692886221513639,1.1607930660247803,0.4595090448856354,1.9294906854629517,0.0,0.0,-0.19201772499102285,0.26194233171619735,4.245053718937143
1776384079.209712,0.9995955025915895,-7.0007079128339695,0.0020316686296204946,4.320709547702548e-07,-3.8004689033930103e-07,nan,nan,nan,nan,nan,nan,nan,nan,1081.0,0.4595090448856354,15.633197784423828,2.5896146241765017,2.692886221513639,1.1607930660247803,0.4595090448856354,1.9294906854629517,0.0,0.0,-0.1920177255120467,0.2619423313703795,4.245053713449249
1776384079.2594378,0.9995955025915895,-7.0007079128339695,0.0020316686296204946,4.320709547702548e-07,-3.8004689033930103e-07,nan,nan,nan,nan,nan,nan,nan,nan,1081.0,0.47278913855552673,15.62391471862793,2.589661385040389,2.692921893146542,1.148751974105835,0.47278913855552673,1.9424620866775513,0.0,0.0,-0.1920177255120467,0.2619423313703795,4.245053713449249
1776384079.309908,0.9995955080833386,-7.000707912736726,0.002031668975684158,4.3228988667440946e-07,-3.8007034219171845e-07,nan,nan,nan,nan,nan,nan,nan,nan,1081.0,0.47278913855552673,15.62391471862793,2.589661385040389,2.692921893146542,1.148751974105835,0.47278913855552673,1.9424620866775513,0.0,0.0,-0.19201772603337888,0.26194233102431586,4.245053707957032
1776384079.624578,0.9995955080833386,-7.000707912736726,0.002031668975684158,4.3228988667440946e-07,-3.8007034219171845e-07,nan,nan,nan,nan,nan,nan,nan,nan,1081.0,0.47278913855552673,15.62391471862793,2.589661385040389,2.692921893146542,1.148751974105835,0.47278913855552673,1.9424620866775513,0.0,0.0,-0.19201772603337888,0.26194233102431586,4.245053707957032
1776384079.6594076,0.9995955135793637,-7.000707912639471,0.0020316693219919564,4.327209711569791e-07,-3.801180240620907e-07,nan,nan,nan,nan,nan,nan,nan,nan,1081.0,0.47278913855552673,15.62391471862793,2.589661385040389,2.692921893146542,1.148751974105835,0.47278913855552673,1.9424620866775513,0.0,0.0,-0.19201772655502186,0.26194233067800804,4.245053702460538
1776384079.7097046,0.9995955190796204,-7.00070791254221,0.0020316696685427358,4.327209711569791e-07,-3.801180240620907e-07,nan,nan,nan,nan,nan,nan,nan,nan,1081.0,0.46885791420936584,15.635305404663086,2.5885745257166777,2.6929478844368746,1.1572805643081665,0.46885791420936584,1.9231575727462769,0.0,0.0,-0.19201772707696715,0.26194233033145725,4.245053696959813
1776384079.7601898,0.9995955245840624,-7.000707912444936,0.002031670015330418,4.3293311249007607e-07,-3.801417809222799e-07,nan,nan,nan,nan,nan,nan,nan,nan,1081.0,0.46885791420936584,15.635305404663086,2.5885745257166777,2.6929478844368746,1.1572805643081665,0.46885791420936584,1.9231575727462769,0.0,0.0,-0.19201772759921523,0.26194232998466954,4.245053691454902
1776384079.8115754,0.9995955300926456,-7.000707912347655,0.0020316703623539005,4.3314297963057387e-07,-3.801654558232331e-07,nan,nan,nan,nan,nan,nan,nan,nan,1081.0,0.47230589389801025,15.6396484375,2.5895367402318006,2.6931493699577764,1.147708535194397,0.47230589389801025,1.925711989402771,0.0,0.0,-0.19201772812175766,0.2619423296376461,4.245053685945851
1776384079.8707058,0.999595535605325,-7.000707912250364,0.0020316707096120976,4.333507167123874e-07,-3.801901597193813e-07,nan,nan,nan,nan,nan,nan,nan,nan,1081.0,0.47230589389801025,15.6396484375,2.5895367402318006,2.6931493699577764,1.147708535194397,0.47230589389801025,1.925711989402771,0.0,0.0,-0.19201772864459762,0.2619423292903879,4.2450536804327035
1776384079.928354,0.999595535605325,-7.000707912250364,0.0020316707096120976,4.333507167123874e-07,-3.801901597193813e-07,nan,nan,nan,nan,nan,nan,nan,nan,1081.0,0.47230589389801025,15.6396484375,2.5895367402318006,2.6931493699577764,1.147708535194397,0.47230589389801025,1.925711989402771,0.0,0.0,-0.19201772864459762,0.2619423292903879,4.2450536804327035
1776384079.9617484,0.9995955411220576,-7.000707912153064,0.002031671057102057,4.335562124298983e-07,-3.8021356691864975e-07,nan,nan,nan,nan,nan,nan,nan,nan,1081.0,0.47230589389801025,15.6396484375,2.5895367402318006,2.6931493699577764,1.147708535194397,0.47230589389801025,1.925711989402771,0.0,0.0,-0.19201772916772974,0.26194232894289793,4.245053674915502
1776384080.0142891,0.9995955466427994,-7.0007079120557565,0.002031671404820674,4.3375950674859316e-07,-3.802384852960586e-07,nan,nan,nan,nan,nan,nan,nan,nan,1081.0,0.4548575282096863,15.648736953735352,2.589721894561969,2.6931884801137236,1.1458208560943604,0.4548575282096863,1.9348629713058472,0.0,0.0,-0.19201772969114925,0.2619423285951793,4.2450536693942915
1776384080.0629473,0.9995955466427994,-7.0007079120557565,0.002031671404820674,4.3375950674859316e-07,-3.802384852960586e-07,nan,nan,nan,nan,nan,nan,nan,nan,1081.0,0.4548575282096863,15.648736953735352,2.589721894561969,2.6931884801137236,1.1458208560943604,0.4548575282096863,1.9348629713058472,0.0,0.0,-0.19201772969114925,0.2619423285951793,4.2450536693942915
1776384080.1096823,0.9995955521675073,-7.000707911958439,0.0020316717527656424,4.3396071018188406e-07,-3.8026224121338266e-07,nan,nan,nan,nan,nan,nan,nan,nan,1081.0,0.4548575282096863,15.648736953735352,2.589721894561969,2.6931884801137236,1.1458208560943604,0.4548575282096863,1.9348629713058472,0.0,0.0,-0.1920177302148552,0.26194232824723435,4.245053663869116
1776384080.1611254,0.9995955521675073,-7.000707911958439,0.0020316717527656424,4.3396071018188406e-07,-3.8026224121338266e-07,nan,nan,nan,nan,nan,nan,nan,nan,1081.0,0.4548575282096863,15.648736953735352,2.589721894561969,2.6931884801137236,1.1458208560943604,0.4548575282096863,1.9348629713058472,0.0,0.0,-0.1920177302148552,0.26194232824723435,4.245053663869116
1776384080.2135143,0.9995955576961398,-7.000707911861114,0.0020316721009366024,4.341598066239004e-07,-3.802866776451763e-07,nan,nan,nan,nan,nan,nan,nan,nan,1081.0,0.46997615694999695,15.638405799865723,2.5893015294963844,2.6928742978101057,1.1433957815170288,0.46997615694999695,1.9319252967834473,0.0,0.0,-0.19201773073884446,0.2619423278990634,4.245053658340014
1776384080.2598248,0.9995955632286541,-7.00070791176378,0.0020316724493311187,4.34356784166476e-07,-3.803112691209295e-07,nan,nan,nan,nan,nan,nan,nan,nan,1081.0,0.46997615694999695,15.638405799865723,2.5893015294963844,2.6928742978101057,1.1433957815170288,0.46997615694999695,1.9319252967834473,0.0,0.0,-0.19201773126311591,0.2619423275506689,4.245053652807032
1776384080.31361,0.9995955687650087,-7.000707911666437,0.00203167279794119,4.3455173734490767e-07,-3.803356985474587e-07,nan,nan,nan,nan,nan,nan,nan,nan,1081.0,0.46997615694999695,15.638405799865723,2.5893015294963844,2.6928742978101057,1.1433957815170288,0.46997615694999695,1.9319252967834473,0.0,0.0,-0.19201773178766043,0.2619423272020588,4.2450536472702085
1776384080.3596306,0.9995955687650087,-7.000707911666437,0.00203167279794119,4.3455173734490767e-07,-3.803356985474587e-07,nan,nan,nan,nan,nan,nan,nan,nan,1081.0,0.4688262939453125,15.63856315612793,2.5892354790035164,2.6928429741658158,1.1534333229064941,0.4688262939453125,1.922379732131958,0.0,0.0,-0.19201773178766043,0.2619423272020588,4.2450536472702085
1776384080.4135096,0.9995955743051633,-7.000707911569086,0.002031673146772291,4.34744556629842e-07,-3.8035997816343074e-07,nan,nan,nan,nan,nan,nan,nan,nan,1081.0,0.4688262939453125,15.63856315612793,2.5892354790035164,2.6928429741658158,1.1534333229064941,0.4688262939453125,1.922379732131958,0.0,0.0,-0.19201773231248231,0.2619423268532277,4.245053641729585
1776384080.4616091,0.9995955798490768,-7.0007079114717286,0.0020316734958198057,4.349354449974971e-07,-3.803850145296479e-07,nan,nan,nan,nan,nan,nan,nan,nan,1081.0,0.4688262939453125,15.63856315612793,2.5892354790035164,2.6928429741658158,1.1534333229064941,0.4688262939453125,1.922379732131958,0.0,0.0,-0.19201773283757584,0.2619423265041802,4.2450536361852045
1776384080.518799,0.9995955853967093,-7.000707911374362,0.0020316738450818395,4.3512422489176493e-07,-3.804099949781146e-07,nan,nan,nan,nan,nan,nan,nan,nan,1081.0,0.4688262939453125,15.63856315612793,2.5892354790035164,2.6928429741658158,1.1534333229064941,0.4688262939453125,1.922379732131958,0.0,0.0,-0.19201773336294048,0.26194232615491814,4.245053630637104
1776384080.559723,0.9995955909480209,-7.000707911276988,0.0020316741945567394,4.353110582996759e-07,-3.8043515333093924e-07,nan,nan,nan,nan,nan,nan,nan,nan,1081.0,0.46061471104621887,15.631217002868652,2.588577373919941,2.6927269913799674,1.1366386413574219,0.46061471104621887,1.9263787269592285,0.0,0.0,-0.1920177338885725,0.26194232580544324,4.2450536250853235
1776384080.6246011,0.9995955909480209,-7.000707911276988,0.0020316741945567394,4.353110582996759e-07,-3.8043515333093924e-07,nan,nan,nan,nan,nan,nan,nan,nan,1081.0,0.46061471104621887,15.631217002868652,2.588577373919941,2.6927269913799674,1.1366386413574219,0.46061471104621887,1.9263787269592285,0.0,0.0,-0.1920177338885725,0.26194232580544324,4.2450536250853235
1776384080.6639159,0.9995955965029724,-7.000707911179606,0.002031674544240386,4.3549597638334473e-07,-3.80459884766684e-07,nan,nan,nan,nan,nan,nan,nan,nan,1081.0,0.46061471104621887,15.631217002868652,2.588577373919941,2.6927269913799674,1.1366386413574219,0.46061471104621887,1.9263787269592285,0.0,0.0,-0.1920177344144685,0.2619423254557596,4.245053619529903
1776384080.7095442,0.9995955965029724,-7.000707911179606,0.002031674544240386,4.3549597638334473e-07,-3.80459884766684e-07,nan,nan,nan,nan,nan,nan,nan,nan,1081.0,0.47083112597465515,15.63200855255127,2.589637803105046,2.6931881338039063,1.1372555494308472,0.47083112597465515,1.9394692182540894,0.0,0.0,-0.1920177344144685,0.2619423254557596,4.245053619529903
1776384080.7609692,0.9995956020615251,-7.000707911082215,0.002031674894129657,4.356788950345529e-07,-3.8048509338352675e-07,nan,nan,nan,nan,nan,nan,nan,nan,1081.0,0.47083112597465515,15.63200855255127,2.589637803105046,2.6931881338039063,1.1372555494308472,0.47083112597465515,1.9394692182540894,0.0,0.0,-0.19201773494062385,0.26194232510587034,4.2450536139708825
1776384080.8093922,0.9995956076236397,-7.000707910984818,0.002031675244225262,4.3585990830224467e-07,-3.8051027306796904e-07,nan,nan,nan,nan,nan,nan,nan,nan,1081.0,0.47083112597465515,15.63200855255127,2.589637803105046,2.6931881338039063,1.1372555494308472,0.47083112597465515,1.9394692182540894,0.0,0.0,-0.19201773546703854,0.2619423247557747,4.2450536084083
1776384080.8594463,0.9995956131892794,-7.000707910887414,0.0020316755945234276,4.3603905966049507e-07,-3.805352537094895e-07,nan,nan,nan,nan,nan,nan,nan,nan,1081.0,0.47083112597465515,15.63200855255127,2.589637803105046,2.6931881338039063,1.1372555494308472,0.47083112597465515,1.9394692182540894,0.0,0.0,-0.19201773599370703,0.26194232440547655,4.245053602842193
1776384080.9105513,0.9995956131892794,-7.000707910887414,0.0020316755945234276,4.3603905966049507e-07,-3.805352537094895e-07,nan,nan,nan,nan,nan,nan,nan,nan,1081.0,0.46890851855278015,15.639385223388672,2.588958542976635,2.693798291072516,1.1544132232666016,0.46890851855278015,1.9263383150100708,0.0,0.0,-0.19201773599370703,0.26194232440547655,4.245053602842193
1776384080.9596226,0.9995956187584052,-7.00070791079,0.0020316759450207888,4.3621632246852465e-07,-3.805606213700086e-07,nan,nan,nan,nan,nan,nan,nan,nan,1081.0,0.46890851855278015,15.639385223388672,2.588958542976635,2.693798291072516,1.1544132232666016,0.46890851855278015,1.9263383150100708,0.0,0.0,-0.19201773652062876,0.2619423240549792,4.245053597272598
1776384081.010253,0.9995956243309809,-7.000707910692579,0.002031676295718781,4.36391667508796e-07,-3.8058599103305267e-07,nan,nan,nan,nan,nan,nan,nan,nan,1081.0,0.46890851855278015,15.639385223388672,2.588958542976635,2.693798291072516,1.1544132232666016,0.46890851855278015,1.9263383150100708,0.0,0.0,-0.1920177370478029,0.2619423237042812,4.245053591699555
1776384081.0613632,0.9995956299069693,-7.000707910595153,0.002031676646616653,4.3656517259360795e-07,-3.8061081990849633e-07,nan,nan,nan,nan,nan,nan,nan,nan,1081.0,0.4670310616493225,15.63681697845459,2.5888099893720806,2.6933519615338963,1.1464792490005493,0.4670310616493225,1.9323925971984863,0.0,0.0,-0.19201773757522683,0.26194232335338336,4.245053586123097
1776384081.1092715,0.9995956299069693,-7.000707910595153,0.002031676646616653,4.367369066456022e-07,-3.806367493050702e-07,nan,nan,nan,nan,nan,nan,nan,nan,1081.0,0.4670310616493225,15.63681697845459,2.5888099893720806,2.6933519615338963,1.1464792490005493,0.4670310616493225,1.9323925971984863,0.0,0.0,-0.19201773757522683,0.26194232335338336,4.245053586123097
1776384081.1616223,0.9995956354863335,-7.000707910497718,0.0020316769977057683,4.367369066456022e-07,-3.806367493050702e-07,nan,nan,nan,nan,nan,nan,nan,nan,1081.0,0.4670310616493225,15.63681697845459,2.5888099893720806,2.6933519615338963,1.1464792490005493,0.4670310616493225,1.9323925971984863,0.0,0.0,-0.1920177381028933,0.2619423230022942,4.245053580543265
1776384081.2127542,0.999595641069038,-7.000707910400278,0.002031677348989759,4.36906818388041e-07,-3.806622660536617e-07,nan,nan,nan,nan,nan,nan,nan,nan,1081.0,0.4670310616493225,15.63681697845459,2.5888099893720806,2.6933519615338963,1.1464792490005493,0.4670310616493225,1.9323925971984863,0.0,0.0,-0.1920177386308034,0.26194232265101025,4.245053574960093
1776384081.2629695,0.999595641069038,-7.000707910400278,0.002031677348989759,4.36906818388041e-07,-3.806622660536617e-07,nan,nan,nan,nan,nan,nan,nan,nan,1081.0,0.46919679641723633,15.628828048706055,2.5891477703551913,2.6927556361878575,1.1383625268936157,0.46919679641723633,1.9255657196044922,0.0,0.0,-0.1920177386308034,0.26194232265101025,4.245053574960093
1776384081.3099568,0.9995956466550469,-7.000707910302829,0.0020316777004607328,4.3707497630095825e-07,-3.806879668511158e-07,nan,nan,nan,nan,nan,nan,nan,nan,1081.0,0.46919679641723633,15.628828048706055,2.5891477703551913,2.6927556361878575,1.1383625268936157,0.46919679641723633,1.9255657196044922,0.0,0.0,-0.19201773915895087,0.26194232229953923,4.245053569373615
1776384081.3677962,0.9995956466550469,-7.000707910302829,0.0020316777004607328,4.3707497630095825e-07,-3.806879668511158e-07,nan,nan,nan,nan,nan,nan,nan,nan,1081.0,0.46919679641723633,15.628828048706055,2.5891477703551913,2.6927556361878575,1.1383625268936157,0.46919679641723633,1.9255657196044922,0.0,0.0,-0.19201773915895087,0.26194232229953923,4.245053569373615
1776384081.4105608,0.9995956522443248,-7.000707910205374,0.002031678052125104,4.372413457074673e-07,-3.807137132609221e-07,nan,nan,nan,nan,nan,nan,nan,nan,1081.0,0.46919679641723633,15.628828048706055,2.5891477703551913,2.6927556361878575,1.1383625268936157,0.46919679641723633,1.9255657196044922,0.0,0.0,-0.1920177396873402,0.26194232194787487,4.245053563783871
1776384081.4592683,0.9995956578368377,-7.000707910107913,0.002031678403975947,4.374059314354428e-07,-3.8073917439753636e-07,nan,nan,nan,nan,nan,nan,nan,nan,1081.0,0.4699496924877167,15.647409439086914,2.5892071459549206,2.692576638165016,1.15983247756958,0.4699496924877167,1.9374468326568604,0.0,0.0,-0.19201774021596463,0.26194232159602404,4.245053558190889
1776384081.51065,0.9995956634325495,-7.000707910010444,0.002031678756012493,4.375688836295729e-07,-3.807652920613327e-07,nan,nan,nan,nan,nan,nan,nan,nan,1081.0,0.4699496924877167,15.647409439086914,2.5892071459549206,2.692576638165016,1.15983247756958,0.4699496924877167,1.9374468326568604,0.0,0.0,-0.1920177407448232,0.2619423212439875,4.24505355259471
1776384081.5635982,0.9995956690314269,-7.000707909912968,0.002031679108232725,4.37730061806174e-07,-3.807905083365447e-07,nan,nan,nan,nan,nan,nan,nan,nan,1081.0,0.4699496924877167,15.647409439086914,2.5892071459549206,2.692576638165016,1.15983247756958,0.4699496924877167,1.9374468326568604,0.0,0.0,-0.1920177412739135,0.2619423208917673,4.245053546995364
1776384081.6094556,0.9995956690314269,-7.000707909912968,0.002031679108232725,4.3788960774379553e-07,-3.8081665773248417e-07,nan,nan,nan,nan,nan,nan,nan,nan,1081.0,0.454915314912796,15.627775192260742,2.589387977487174,2.6928904175863586,1.1593549251556396,0.454915314912796,1.9302735328674316,0.0,0.0,-0.1920177412739135,0.2619423208917673,4.245053546995364
1776384081.6625051,0.9995956746334357,-7.000707909815485,0.0020316794606376246,4.3788960774379553e-07,-3.8081665773248417e-07,nan,nan,nan,nan,nan,nan,nan,nan,1081.0,0.454915314912796,15.627775192260742,2.589387977487174,2.6928904175863586,1.1593549251556396,0.454915314912796,1.9302735328674316,0.0,0.0,-0.19201774180323677,0.26194232053936234,4.2450535413928865
1776384081.709515,0.9995956802385435,-7.000707909717998,0.0020316798132215463,4.380473850701647e-07,-3.8084264626092567e-07,nan,nan,nan,nan,nan,nan,nan,nan,1081.0,0.454915314912796,15.627775192260742,2.589387977487174,2.6928904175863586,1.1593549251556396,0.454915314912796,1.9302735328674316,0.0,0.0,-0.19201774233278332,0.26194232018677843,4.245053535787311
1776384081.7595232,0.9995956858467165,-7.000707909620504,0.00203168016597779,4.3820356718647633e-07,-3.8086896719149e-07,nan,nan,nan,nan,nan,nan,nan,nan,1081.0,0.46462228894233704,15.639970779418945,2.5891147791016,2.692935590226267,1.1648335456848145,0.46462228894233704,1.9332305192947388,0.0,0.0,-0.1920177428625475,0.2619423198340222,4.24505353017867
1776384081.813598,0.9995956914579219,-7.000707909523002,0.0020316805189145247,4.3835816313527484e-07,-3.808951059707817e-07,nan,nan,nan,nan,nan,nan,nan,nan,1081.0,0.46462228894233704,15.639970779418945,2.5891147791016,2.692935590226267,1.1648335456848145,0.46462228894233704,1.9332305192947388,0.0,0.0,-0.19201774339253963,0.2619423194810855,4.2450535245669965
1776384081.859524,0.9995956970721278,-7.000707909425496,0.0020316808720263835,4.385110894313754e-07,-3.809210310187068e-07,nan,nan,nan,nan,nan,nan,nan,nan,1081.0,0.46462228894233704,15.639970779418945,2.5891147791016,2.692935590226267,1.1648335456848145,0.46462228894233704,1.9332305192947388,0.0,0.0,-0.19201774392275037,0.2619423191279736,4.245053518952323
1776384081.9093997,0.9995957026893021,-7.000707909327982,0.0020316812253101365,4.3866242454279946e-07,-3.809473112697797e-07,nan,nan,nan,nan,nan,nan,nan,nan,1081.0,0.46857935190200806,15.651249885559082,2.588995391384084,2.6935982123846034,1.1550225019454956,0.46857935190200806,1.9251633882522583,0.0,0.0,-0.19201774445317923,0.2619423187746899,4.245053513334681
1776384081.959625,0.9995957026893021,-7.000707909327982,0.0020316812253101365,4.388122027053807e-07,-3.8097378690975184e-07,nan,nan,nan,nan,nan,nan,nan,nan,1081.0,0.46857935190200806,15.651249885559082,2.588995391384084,2.6935982123846034,1.1550225019454956,0.46857935190200806,1.9251633882522583,0.0,0.0,-0.19201774445317923,0.2619423187746899,4.245053513334681
1776384082.0095098,0.9995957083094129,-7.0007079092304645,0.0020316815787667685,4.388122027053807e-07,-3.8097378690975184e-07,nan,nan,nan,nan,nan,nan,nan,nan,1081.0,0.46857935190200806,15.651249885559082,2.588995391384084,2.6935982123846034,1.1550225019454956,0.46857935190200806,1.9251633882522583,0.0,0.0,-0.1920177449838231,0.2619423184212332,4.245053507714101
1776384082.0594726,0.9995957139324289,-7.000707909132939,0.002031681932389296,4.389604178160277e-07,-3.8100031013965757e-07,nan,nan,nan,nan,nan,nan,nan,nan,1081.0,0.4641745686531067,15.642050743103027,2.589026936604732,2.6936434063453287,1.1610629558563232,0.4641745686531067,1.9289103746414185,0.0,0.0,-0.1920177455146777,0.2619423180676107,4.245053502090618
1776384082.1137986,0.9995957195583196,-7.000707909035407,0.0020316822861787902,4.391069848667051e-07,-3.8102641351122994e-07,nan,nan,nan,nan,nan,nan,nan,nan,1081.0,0.4641745686531067,15.642050743103027,2.589026936604732,2.6936434063453287,1.1610629558563232,0.4641745686531067,1.9289103746414185,0.0,0.0,-0.19201774604574268,0.2619423177138212,4.2450534964642594
1776384082.159839,0.9995957251870534,-7.000707908937869,0.0020316826401354784,4.3925219097861234e-07,-3.8105305826231765e-07,nan,nan,nan,nan,nan,nan,nan,nan,1081.0,0.4646425247192383,15.637289047241211,2.589249305764797,2.692989465543364,1.152959942817688,0.4646425247192383,1.9334913492202759,0.0,0.0,-0.1920177465770184,0.2619423173598645,4.245053490835057
1776384082.2170272,0.9995957308186011,-7.000707908840327,0.002031682994253995,4.3939578230837264e-07,-3.810797243367696e-07,nan,nan,nan,nan,nan,nan,nan,nan,1081.0,0.4646425247192383,15.637289047241211,2.589249305764797,2.692989465543364,1.152959942817688,0.4646425247192383,1.9334913492202759,0.0,0.0,-0.19201774710849637,0.261942317005746,4.245053485203042
1776384082.2601478,0.999595736452932,-7.000707908742777,0.0020316833485438173,4.3953783495703194e-07,-3.8110521611187967e-07,nan,nan,nan,nan,nan,nan,nan,nan,1081.0,0.4646425247192383,15.637289047241211,2.589249305764797,2.692989465543364,1.152959942817688,0.4646425247192383,1.9334913492202759,0.0,0.0,-0.1920177476401912,0.2619423166514562,4.245053479568243
1776384082.3125842,0.9995957420900162,-7.000707908645225,0.0020316837029928487,4.396784945400672e-07,-3.8113258109900403e-07,nan,nan,nan,nan,nan,nan,nan,nan,1081.0,0.47281771898269653,15.621148109436035,2.5895242161435403,2.692875683401693,1.1471375226974487,0.47281771898269653,1.934667944908142,0.0,0.0,-0.19201774817208336,0.26194231629700715,4.2450534739306915
1776384082.360648,0.9995957420900162,-7.000707908645225,0.0020316837029928487,4.396784945400672e-07,-3.8113258109900403e-07,nan,nan,nan,nan,nan,nan,nan,nan,1081.0,0.47281771898269653,15.621148109436035,2.5895242161435403,2.692875683401693,1.1471375226974487,0.47281771898269653,1.934667944908142,0.0,0.0,-0.19201774817208336,0.26194231629700715,4.2450534739306915
1776384082.4144986,0.999595747729825,-7.000707908547667,0.002031684057597903,4.3981766417790855e-07,-3.8115924741725423e-07,nan,nan,nan,nan,nan,nan,nan,nan,1081.0,0.47281771898269653,15.621148109436035,2.5895242161435403,2.692875683401693,1.1471375226974487,0.47281771898269653,1.934667944908142,0.0,0.0,-0.19201774870417246,0.2619423159424021,4.245053468290414
1776384082.4655242,0.9995957533723293,-7.0007079084501,0.002031684412362643,4.399553393222182e-07,-3.811857828330666e-07,nan,nan,nan,nan,nan,nan,nan,nan,1081.0,0.466521680355072,15.6343355178833,2.589341617203994,2.6931296094227424,1.1424158811569214,0.466521680355072,1.927366018295288,0.0,0.0,-0.19201774923646486,0.26194231558763736,4.2450534626474425
1776384082.5094306,0.9995957590175,-7.000707908352531,0.002031684767283359,4.4009164151838214e-07,-3.8121269460171007e-07,nan,nan,nan,nan,nan,nan,nan,nan,1081.0,0.466521680355072,15.6343355178833,2.589341617203994,2.6931296094227424,1.1424158811569214,0.466521680355072,1.927366018295288,0.0,0.0,-0.1920177497689507,0.2619423152327166,4.245053457001804
1776384082.5594435,0.9995957646653091,-7.000707908254955,0.0020316851223593506,4.402264763089936e-07,-3.812397181861684e-07,nan,nan,nan,nan,nan,nan,nan,nan,1081.0,0.466521680355072,15.6343355178833,2.589341617203994,2.6931296094227424,1.1424158811569214,0.466521680355072,1.927366018295288,0.0,0.0,-0.19201775030163357,0.26194231487764064,4.245053451353527
1776384082.6138868,0.9995957703157279,-7.000707908157375,0.0020316854775884255,4.4035993446243677e-07,-3.8126635605364867e-07,nan,nan,nan,nan,nan,nan,nan,nan,1081.0,0.4666880667209625,15.636266708374023,2.589283718073622,2.6928142909148387,1.145334005355835,0.4666880667209625,1.9420820474624634,0.0,0.0,-0.1920177508345072,0.26194231452241157,4.2450534457026405
1776384082.6592827,0.9995957759687288,-7.000707908059788,0.0020316858329673324,4.404920160468852e-07,-3.8129312058282313e-07,nan,nan,nan,nan,nan,nan,nan,nan,1081.0,0.4666880667209625,15.636266708374023,2.589283718073622,2.6928142909148387,1.145334005355835,0.4666880667209625,1.9420820474624634,0.0,0.0,-0.19201775136757204,0.2619423141670327,4.245053440049173
1776384082.7096357,0.9995957816242849,-7.000707907962198,0.0020316861884975847,4.4062263647572665e-07,-3.813200647508043e-07,nan,nan,nan,nan,nan,nan,nan,nan,1081.0,0.46793460845947266,15.62017822265625,2.5890631922189007,2.693274419959205,1.1560500860214233,0.46793460845947266,1.9346157312393188,0.0,0.0,-0.19201775190082382,0.2619423138115024,4.2450534343931485
1776384082.759576,0.9995957872823679,-7.000707907864601,0.0020316865441746797,4.4075197322020446e-07,-3.813473954069523e-07,nan,nan,nan,nan,nan,nan,nan,nan,1081.0,0.46793460845947266,15.62017822265625,2.5890631922189007,2.693274419959205,1.1560500860214233,0.46793460845947266,1.9346157312393188,0.0,0.0,-0.1920177524342631,0.2619423134558253,4.245053428734598
1776384082.8113146,0.9995957929429519,-7.000707907767,0.0020316868999982252,4.408799610662494e-07,-3.8137407872566875e-07,nan,nan,nan,nan,nan,nan,nan,nan,1081.0,0.46793460845947266,15.62017822265625,2.5890631922189007,2.693274419959205,1.1560500860214233,0.46793460845947266,1.9346157312393188,0.0,0.0,-0.19201775296788506,0.26194231310000177,4.245053423073546
1776384082.8597105,0.9995957986060096,-7.000707907669393,0.0020316872559741706,4.410066228255034e-07,-3.814013504852719e-07,nan,nan,nan,nan,nan,nan,nan,nan,1081.0,0.4734969437122345,15.638938903808594,2.589736384307754,2.6929517961419283,1.1544078588485718,0.4734969437122345,1.9341778755187988,0.0,0.0,-0.192017753501699,0.2619423127440258,4.245053417410021
1776384082.909709,0.999595804271515,-7.000707907571782,0.002031687612089524,4.411319405855955e-07,-3.814278022041237e-07,nan,nan,nan,nan,nan,nan,nan,nan,1081.0,0.4734969437122345,15.638938903808594,2.589736384307754,2.6929517961419283,1.1544078588485718,0.4734969437122345,1.9341778755187988,0.0,0.0,-0.19201775403568772,0.26194231238791044,4.245053411744047
1776384082.959451,0.9995958099394417,-7.000707907474166,0.0020316879683492032,4.412559734599648e-07,-3.814550229202339e-07,nan,nan,nan,nan,nan,nan,nan,nan,1081.0,0.4650353789329529,15.639967918395996,2.5889360076238668,2.6937718301697235,1.156958818435669,0.4650353789329529,1.9413316249847412,0.0,0.0,-0.19201775456985842,0.2619423120316508,4.245053406075652
1776384083.0093257,0.9995958156097642,-7.000707907376547,0.002031688324750498,4.4137870068692524e-07,-3.8148231326954984e-07,nan,nan,nan,nan,nan,nan,nan,nan,1081.0,0.4650353789329529,15.639967918395996,2.5889360076238668,2.6937718301697235,1.156958818435669,0.4650353789329529,1.9413316249847412,0.0,0.0,-0.19201775510420588,0.2619423116752495,4.245053400404863
1776384083.0610821,0.9995958212824572,-7.000707907278923,0.0020316886812904987,4.415001245952447e-07,-3.815094926998375e-07,nan,nan,nan,nan,nan,nan,nan,nan,1081.0,0.4650353789329529,15.639967918395996,2.5889360076238668,2.6937718301697235,1.156958818435669,0.4650353789329529,1.9413316249847412,0.0,0.0,-0.19201775563872647,0.2619423113187095,4.245053394731701
1776384083.1099863,0.9995958269574949,-7.000707907181293,0.0020316890379733195,4.4162032728136013e-07,-3.8153666617050936e-07,nan,nan,nan,nan,nan,nan,nan,nan,1081.0,0.4697674512863159,15.631633758544922,2.5889402112124915,2.692912669535641,1.1613048315048218,0.4697674512863159,1.9375410079956055,0.0,0.0,-0.19201775617342912,0.2619423109620267,4.245053389056196
1776384083.1597128,0.9995958326348526,-7.00070790708366,0.002031689394792449,4.417393630552432e-07,-3.815645803769657e-07,nan,nan,nan,nan,nan,nan,nan,nan,1081.0,0.4697674512863159,15.631633758544922,2.5889402112124915,2.692912669535641,1.1613048315048218,0.4697674512863159,1.9375410079956055,0.0,0.0,-0.19201775670830107,0.26194231060520756,4.24505338337837
1776384083.2115166,0.9995958383145063,-7.00070790698602,0.0020316897517447157,4.4185704263519374e-07,-3.8159177612549397e-07,nan,nan,nan,nan,nan,nan,nan,nan,1081.0,0.46671247482299805,15.603840827941895,2.58925650193667,2.692422288911317,1.1489566564559937,0.46671247482299805,1.9314324855804443,0.0,0.0,-0.19201775724334294,0.26194231024825526,4.245053377698249
1776384083.2700684,0.9995958439964305,-7.000707906888377,0.002031690108837102,4.419735131787275e-07,-3.8161871719727684e-07,nan,nan,nan,nan,nan,nan,nan,nan,1081.0,0.46671247482299805,15.603840827941895,2.58925650193667,2.692422288911317,1.1489566564559937,0.46671247482299805,1.9314324855804443,0.0,0.0,-0.19201775777855906,0.2619423098911629,4.245053372015858
1776384083.310752,0.9995958439964305,-7.000707906888377,0.002031690108837102,4.419735131787275e-07,-3.8161871719727684e-07,nan,nan,nan,nan,nan,nan,nan,nan,1081.0,0.46671247482299805,15.603840827941895,2.58925650193667,2.692422288911317,1.1489566564559937,0.46671247482299805,1.9314324855804443,0.0,0.0,-0.19201775777855906,0.2619423098911629,4.245053372015858
1776384083.3605194,0.9995958496806014,-7.000707906790732,0.002031690466062319,4.420888131962213e-07,-3.816461000595298e-07,nan,nan,nan,nan,nan,nan,nan,nan,1081.0,0.46671247482299805,15.603840827941895,2.58925650193667,2.692422288911317,1.1489566564559937,0.46671247482299805,1.9314324855804443,0.0,0.0,-0.19201775831394038,0.26194230953393766,4.245053366331219
1776384083.4141946,0.999595855366995,-7.000707906693082,0.002031690823420262,4.422029299441456e-07,-3.816736259401439e-07,nan,nan,nan,nan,nan,nan,nan,nan,1081.0,0.46700194478034973,15.635689735412598,2.5889819755419663,2.6932049539982774,1.1591522693634033,0.46700194478034973,1.9299520254135132,0.0,0.0,-0.19201775884948852,0.26194230917657974,4.245053360644358
1776384083.4615126,0.9995958610555884,-7.000707906595425,0.002031691180908882,4.4231582431204143e-07,-3.817010612758268e-07,nan,nan,nan,nan,nan,nan,nan,nan,1081.0,0.46700194478034973,15.635689735412598,2.5889819755419663,2.6932049539982774,1.1591522693634033,0.46700194478034973,1.9299520254135132,0.0,0.0,-0.19201775938520366,0.2619423088190911,4.245053354955298
1776384083.5115123,0.9995958667463574,-7.000707906497764,0.002031691538520119,4.4242757777179977e-07,-3.817284975465145e-07,nan,nan,nan,nan,nan,nan,nan,nan,1081.0,0.46700194478034973,15.635689735412598,2.5889819755419663,2.6932049539982774,1.1591522693634033,0.46700194478034973,1.9299520254135132,0.0,0.0,-0.19201775992107217,0.26194230846147987,4.245053349264061
1776384083.562367,0.9995958724392793,-7.000707906400102,0.0020316918962659677,4.4253819580514146e-07,-3.817560191265365e-07,nan,nan,nan,nan,nan,nan,nan,nan,1081.0,0.4677989184856415,15.640135765075684,2.5891609915586447,2.6927356834092397,1.15496826171875,0.4677989184856415,1.930943250656128,0.0,0.0,-0.19201776045710736,0.26194230810373403,4.245053343570671
1776384083.6094377,0.9995958781343307,-7.000707906302433,0.002031692254138212,4.426475997823168e-07,-3.817834881123148e-07,nan,nan,nan,nan,nan,nan,nan,nan,1081.0,0.4677989184856415,15.640135765075684,2.5891609915586447,2.6927356834092397,1.15496826171875,0.4677989184856415,1.930943250656128,0.0,0.0,-0.1920177609933034,0.2619423077458618,4.245053337875152
1776384083.6597364,0.9995958838314892,-7.000707906204761,0.0020316926121374877,4.427559226859189e-07,-3.8181099027048964e-07,nan,nan,nan,nan,nan,nan,nan,nan,1081.0,0.4627869129180908,15.638418197631836,2.5893998885187806,2.6929443653129534,1.1434320211410522,0.4627869129180908,1.9282907247543335,0.0,0.0,-0.19201776152965844,0.2619423073878625,4.245053332177527
1776384083.7125745,0.9995958895307323,-7.0007079061070865,0.0020316929702604244,4.428631146764173e-07,-3.818387083622999e-07,nan,nan,nan,nan,nan,nan,nan,nan,1081.0,0.4627869129180908,15.638418197631836,2.5893998885187806,2.6929443653129534,1.1434320211410522,0.4627869129180908,1.9282907247543335,0.0,0.0,-0.1920177620661675,0.2619423070297396,4.245053326477816
1776384083.7598543,0.9995958952320382,-7.000707906009408,0.0020316933285064657,4.429691871573906e-07,-3.818663478522496e-07,nan,nan,nan,nan,nan,nan,nan,nan,1081.0,0.4627869129180908,15.638418197631836,2.5893998885187806,2.6929443653129534,1.1434320211410522,0.4627869129180908,1.9282907247543335,0.0,0.0,-0.1920177626028307,0.26194230667149354,4.245053320776043
1776384083.8112926,0.999595900935385,-7.0007079059117245,0.002031693686873067,4.430741756731555e-07,-3.818936885341562e-07,nan,nan,nan,nan,nan,nan,nan,nan,1081.0,0.4623963236808777,15.641895294189453,2.5892976464274633,2.693145322696216,1.1425656080245972,0.4623963236808777,1.933700680732727,0.0,0.0,-0.19201776313964675,0.2619423063131269,4.245053315072227
1776384083.8598287,0.9995959066407505,-7.0007079058140365,0.00203169404536192,4.431781021311711e-07,-3.8192237875669484e-07,nan,nan,nan,nan,nan,nan,nan,nan,1081.0,0.4623963236808777,15.641895294189453,2.5892976464274633,2.693145322696216,1.1425656080245972,0.4623963236808777,1.933700680732727,0.0,0.0,-0.19201776367661685,0.2619423059546381,4.245053309366395
1776384083.9140744,0.9995959123481136,-7.000707905716345,0.002031694403970069,4.4328091566114296e-07,-3.819493334004057e-07,nan,nan,nan,nan,nan,nan,nan,nan,1081.0,0.46698638796806335,15.641913414001465,2.588968541972842,2.693343672927827,1.1434425115585327,0.46698638796806335,1.9359095096588135,0.0,0.0,-0.19201776421373648,0.26194230559602993,4.2450533036585645
1776384083.9645205,0.9995959180574534,-7.0007079056186505,0.0020316947626942473,4.4338263994370263e-07,-3.819775434551553e-07,nan,nan,nan,nan,nan,nan,nan,nan,1081.0,0.46698638796806335,15.641913414001465,2.588968541972842,2.693343672927827,1.1434425115585327,0.46698638796806335,1.9359095096588135,0.0,0.0,-0.1920177647510007,0.2619423052373057,4.245053297948758
1776384084.011486,0.9995959237687478,-7.000707905520954,0.0020316951215387192,4.434834348591068e-07,-3.8200516515860666e-07,nan,nan,nan,nan,nan,nan,nan,nan,1081.0,0.46698638796806335,15.641913414001465,2.588968541972842,2.693343672927827,1.1434425115585327,0.46698638796806335,1.9359095096588135,0.0,0.0,-0.1920177652884149,0.26194230487846126,4.245053292236995
1776384084.0594437,0.9995959294819774,-7.000707905423251,0.002031695480499666,4.43583093675154e-07,-3.820323467231133e-07,nan,nan,nan,nan,nan,nan,nan,nan,1081.0,0.46418890357017517,15.63614559173584,2.5893874049848367,2.6933255249737464,1.1550973653793335,0.46418890357017517,1.9347760677337646,0.0,0.0,-0.19201776582597702,0.26194230451950035,4.2450532865233
1776384084.1135662,0.9995959294819774,-7.000707905423251,0.002031695480499666,4.43583093675154e-07,-3.820323467231133e-07,nan,nan,nan,nan,nan,nan,nan,nan,1081.0,0.46418890357017517,15.63614559173584,2.5893874049848367,2.6933255249737464,1.1550973653793335,0.46418890357017517,1.9347760677337646,0.0,0.0,-0.19201776582597702,0.26194230451950035,4.2450532865233
1776384084.1594346,0.9995959351971209,-7.000707905325548,0.002031695839579502,4.43681738548877e-07,-3.8206037405922317e-07,nan,nan,nan,nan,nan,nan,nan,nan,1081.0,0.46418890357017517,15.63614559173584,2.5893874049848367,2.6933255249737464,1.1550973653793335,0.46418890357017517,1.9347760677337646,0.0,0.0,-0.19201776636368562,0.26194230416042047,4.245053280807688
1776384084.2095008,0.9995959409141579,-7.00070790522784,0.0020316961987721254,4.43779326457133e-07,-3.820877177304393e-07,nan,nan,nan,nan,nan,nan,nan,nan,1081.0,0.4661553204059601,15.642484664916992,2.5893911881153504,2.6933622812964093,1.1554721593856812,0.4661553204059601,1.9244191646575928,0.0,0.0,-0.19201776690153755,0.26194230380122785,4.245053275090182
1776384084.2594926,0.9995959466330683,-7.0007079051301275,0.0020316965580778504,4.4387603198198655e-07,-3.82116137834989e-07,nan,nan,nan,nan,nan,nan,nan,nan,1081.0,0.4661553204059601,15.642484664916992,2.5893911881153504,2.6933622812964093,1.1554721593856812,0.4661553204059601,1.9244191646575928,0.0,0.0,-0.19201776743953147,0.26194230344192215,4.245053269370805
1776384084.3096318,0.9995959523538327,-7.000707905032412,0.0020316969174941995,4.4397163341268506e-07,-3.8214389080801684e-07,nan,nan,nan,nan,nan,nan,nan,nan,1081.0,0.4661553204059601,15.642484664916992,2.5893911881153504,2.6933622812964093,1.1554721593856812,0.4661553204059601,1.9244191646575928,0.0,0.0,-0.19201776797766434,0.26194230308250577,4.245053263649574
1776384084.3595393,0.9995959523538327,-7.000707905032412,0.0020316969174941995,4.4397163341268506e-07,-3.8214389080801684e-07,nan,nan,nan,nan,nan,nan,nan,nan,1081.0,0.4661553204059601,15.642484664916992,2.5893911881153504,2.6933622812964093,1.1554721593856812,0.4661553204059601,1.9244191646575928,0.0,0.0,-0.19201776797766434,0.26194230308250577,4.245053263649574
1776384084.4096172,0.9995959580764309,-7.0007079049346945,0.0020316972770236114,4.440662723154099e-07,-3.8217183645616205e-07,nan,nan,nan,nan,nan,nan,nan,nan,1081.0,0.46536824107170105,15.65374755859375,2.589636728236457,2.69269631001684,1.1497323513031006,0.46536824107170105,1.9272291660308838,0.0,0.0,-0.19201776851593744,0.26194230272297636,4.245053257926508
1776384084.466526,0.9995959638008436,-7.000707904836972,0.002031697636657189,4.441599369126072e-07,-3.8219993187843504e-07,nan,nan,nan,nan,nan,nan,nan,nan,1081.0,0.46536824107170105,15.65374755859375,2.589636728236457,2.69269631001684,1.1497323513031006,0.46536824107170105,1.9272291660308838,0.0,0.0,-0.19201776905434317,0.2619423023633428,4.245053252201627
1776384084.5126157,0.9995959695270517,-7.000707904739247,0.00203169799640381,4.442526842680921e-07,-3.8222757711942625e-07,nan,nan,nan,nan,nan,nan,nan,nan,1081.0,0.468124657869339,15.645829200744629,2.5889901571203224,2.693028366159696,1.1541942358016968,0.468124657869339,1.9337608814239502,0.0,0.0,-0.19201776959288924,0.2619423020035962,4.245053246474952
1776384084.5629299,0.9995959752550359,-7.00070790464152,0.0020316983562605564,4.443444475414719e-07,-3.8225587064076797e-07,nan,nan,nan,nan,nan,nan,nan,nan,1081.0,0.468124657869339,15.645829200744629,2.5889901571203224,2.693028366159696,1.1541942358016968,0.468124657869339,1.9337608814239502,0.0,0.0,-0.1920177701315728,0.26194230164373944,4.2450532407465005
1776384084.6094007,0.9995959809847773,-7.000707904543788,0.002031698716216927,4.444352778063143e-07,-3.8228354790278567e-07,nan,nan,nan,nan,nan,nan,nan,nan,1081.0,0.468124657869339,15.645829200744629,2.5889901571203224,2.693028366159696,1.1541942358016968,0.468124657869339,1.9337608814239502,0.0,0.0,-0.19201777067038348,0.26194230128378304,4.245053235016292
1776384084.6654272,0.9995959867162577,-7.0007079044460525,0.002031699076277422,4.44525184627118e-07,-3.823120964449529e-07,nan,nan,nan,nan,nan,nan,nan,nan,1081.0,0.45843052864074707,15.654107093811035,2.589074358027032,2.6937405320594077,1.1518880128860474,0.45843052864074707,1.9412837028503418,0.0,0.0,-0.19201777120932423,0.26194230092372256,4.245053229284344
1776384084.709569,0.9995959924494588,-7.000707904348315,0.0020316994364478185,4.446140898661285e-07,-3.823395659119654e-07,nan,nan,nan,nan,nan,nan,nan,nan,1081.0,0.45843052864074707,15.654107093811035,2.589074358027032,2.6937405320594077,1.1518880128860474,0.45843052864074707,1.9412837028503418,0.0,0.0,-0.19201777174840234,0.26194230056355217,4.245053223550675
1776384084.7594776,0.9995959981843614,-7.000707904250575,0.0020316997967251105,4.4470212788086444e-07,-3.8236746024318877e-07,nan,nan,nan,nan,nan,nan,nan,nan,1081.0,0.45843052864074707,15.654107093811035,2.589074358027032,2.6937405320594077,1.1518880128860474,0.45843052864074707,1.9412837028503418,0.0,0.0,-0.19201777228761321,0.26194230020327486,4.245053217815306
1776384084.8093781,0.999596003920948,-7.000707904152832,0.0020317001571031686,4.447893206031259e-07,-3.82395649679621e-07,nan,nan,nan,nan,nan,nan,nan,nan,1081.0,0.4724602699279785,15.657608985900879,2.589817856716735,2.69295670149441,1.1530399322509766,0.4724602699279785,1.9368255138397217,0.0,0.0,-0.19201777282695096,0.2619422998428968,4.245053212078251
1776384084.8595254,0.999596003920948,-7.000707904152832,0.0020317001571031686,4.447893206031259e-07,-3.82395649679621e-07,nan,nan,nan,nan,nan,nan,nan,nan,1081.0,0.4724602699279785,15.657608985900879,2.589817856716735,2.69295670149441,1.1530399322509766,0.4724602699279785,1.9368255138397217,0.0,0.0,-0.19201777282695096,0.2619422998428968,4.245053212078251
1776384084.9120977,0.9995960096592011,-7.000707904055085,0.0020317005175813285,4.44875620966494e-07,-3.824240563323446e-07,nan,nan,nan,nan,nan,nan,nan,nan,1081.0,0.4724602699279785,15.657608985900879,2.589817856716735,2.69295670149441,1.1530399322509766,0.4724602699279785,1.9368255138397217,0.0,0.0,-0.19201777336641476,0.26194229948241865,4.245053206339532
1776384084.9762766,0.999596015399103,-7.000707903957338,0.0020317008781655403,4.449609785989795e-07,-3.824512932261566e-07,nan,nan,nan,nan,nan,nan,nan,nan,1081.0,0.4647842347621918,15.626201629638672,2.5891126373319246,2.6925818596180595,1.1479748487472534,0.4647842347621918,1.9347535371780396,0.0,0.0,-0.19201777390600952,0.2619422991218344,4.245053200599163
1776384085.009711,0.9995960211406358,-7.000707903859586,0.002031701238847268,4.450454557880543e-07,-3.824799630476866e-07,nan,nan,nan,nan,nan,nan,nan,nan,1081.0,0.4647842347621918,15.626201629638672,2.5891126373319246,2.6925818596180595,1.1479748487472534,0.4647842347621918,1.9347535371780396,0.0,0.0,-0.19201777444572798,0.2619422987611527,4.245053194857162
1776384085.0636206,0.9995960268837821,-7.000707903761831,0.002031701599625451,4.451290329490767e-07,-3.8250799303159346e-07,nan,nan,nan,nan,nan,nan,nan,nan,1081.0,0.4647842347621918,15.626201629638672,2.5891126373319246,2.6925818596180595,1.1479748487472534,0.4647842347621918,1.9347535371780396,0.0,0.0,-0.19201777498556719,0.26194229840037453,4.245053189113549
1776384085.11258,0.9995960326285251,-7.0007079036640745,0.0020317019605021443,4.45211858415127e-07,-3.8253608819294805e-07,nan,nan,nan,nan,nan,nan,nan,nan,1081.0,0.4667787551879883,15.63882827758789,2.5896490941325565,2.6929117100995614,1.1498301029205322,0.4667787551879883,1.9315409660339355,0.0,0.0,-0.1920177755255288,0.26194229803949787,4.245053183368339
1776384085.161366,0.9995960326285251,-7.0007079036640745,0.0020317019605021443,4.45211858415127e-07,-3.8253608819294805e-07,nan,nan,nan,nan,nan,nan,nan,nan,1081.0,0.4667787551879883,15.63882827758789,2.5896490941325565,2.6929117100995614,1.1498301029205322,0.4667787551879883,1.9315409660339355,0.0,0.0,-0.1920177755255288,0.26194229803949787,4.245053183368339
1776384085.2092917,0.9995960383748477,-7.0007079035663144,0.0020317023214781508,4.4529381704747304e-07,-3.825637759021157e-07,nan,nan,nan,nan,nan,nan,nan,nan,1081.0,0.4667787551879883,15.63882827758789,2.5896490941325565,2.6929117100995614,1.1498301029205322,0.4667787551879883,1.9315409660339355,0.0,0.0,-0.19201777606561565,0.26194229767852184,4.245053177621549
1776384085.262731,0.9995960441227335,-7.0007079034685535,0.0020317026825490843,4.453749022765407e-07,-3.825925805710345e-07,nan,nan,nan,nan,nan,nan,nan,nan,1081.0,0.4634808301925659,15.653398513793945,2.5892135143335167,2.6936434840133954,1.1591871976852417,0.4634808301925659,1.9206870794296265,0.0,0.0,-0.19201777660581962,0.2619422973174509,4.245053171873195
1776384085.3095143,0.9995960498721661,-7.000707903370789,0.0020317030437159173,4.454551431580573e-07,-3.826204669133403e-07,nan,nan,nan,nan,nan,nan,nan,nan,1081.0,0.4634808301925659,15.653398513793945,2.5892135143335167,2.6936434840133954,1.1591871976852417,0.4634808301925659,1.9206870794296265,0.0,0.0,-0.1920177771461446,0.26194229695628407,4.245053166123296
1776384085.359502,0.9995960556231283,-7.000707903273021,0.0020317034049784108,4.455346021203087e-07,-3.82648574266185e-07,nan,nan,nan,nan,nan,nan,nan,nan,1081.0,0.4634808301925659,15.653398513793945,2.5892135143335167,2.6936434840133954,1.1591871976852417,0.4634808301925659,1.9206870794296265,0.0,0.0,-0.1920177776865903,0.26194229659502155,4.245053160371867
1776384085.4094303,0.9995960556231283,-7.000707903273021,0.0020317034049784108,4.455346021203087e-07,-3.82648574266185e-07,nan,nan,nan,nan,nan,nan,nan,nan,1081.0,0.4623711407184601,15.645634651184082,2.58909818836101,2.6928606881136536,1.1583425998687744,0.4623711407184601,1.9283864498138428,0.0,0.0,-0.1920177776865903,0.26194229659502155,4.245053160371867
1776384085.462583,0.9995960613756047,-7.000707903175251,0.002031703766334727,4.456132160486705e-07,-3.826767553057282e-07,nan,nan,nan,nan,nan,nan,nan,nan,1081.0,0.4623711407184601,15.645634651184082,2.58909818836101,2.6928606881136536,1.1583425998687744,0.4623711407184601,1.9283864498138428,0.0,0.0,-0.19201777822715277,0.2619422962336653,4.245053154618923
1776384085.5175154,0.9995960671295787,-7.000707903077478,0.002031704127781631,4.456910729204473e-07,-3.82705145810368e-07,nan,nan,nan,nan,nan,nan,nan,nan,1081.0,0.4623711407184601,15.645634651184082,2.58909818836101,2.6928606881136536,1.1583425998687744,0.4623711407184601,1.9283864498138428,0.0,0.0,-0.19201777876782963,0.26194229587221834,4.245053148864481
1776384085.563785,0.9995960728850348,-7.000707902979703,0.0020317044893201483,4.4576811370644934e-07,-3.827331632125173e-07,nan,nan,nan,nan,nan,nan,nan,nan,1081.0,0.46726518869400024,15.633981704711914,2.589439662681698,2.6927305966588615,1.1545556783676147,0.46726518869400024,1.9230010509490967,0.0,0.0,-0.1920177793086205,0.2619422955106798,4.245053143108558
1776384085.6144893,0.9995960786419573,-7.000707902881927,0.002031704850951354,4.458443741169769e-07,-3.827614600695153e-07,nan,nan,nan,nan,nan,nan,nan,nan,1081.0,0.46726518869400024,15.633981704711914,2.589439662681698,2.6927305966588615,1.1545556783676147,0.46726518869400024,1.9230010509490967,0.0,0.0,-0.1920177798495258,0.26194229514904865,4.245053137351168
1776384085.6594074,0.9995960844003309,-7.000707902784148,0.002031705212669503,4.459198543554247e-07,-3.827898922074758e-07,nan,nan,nan,nan,nan,nan,nan,nan,1081.0,0.46726518869400024,15.633981704711914,2.589439662681698,2.6927305966588615,1.1545556783676147,0.46726518869400024,1.9230010509490967,0.0,0.0,-0.19201778039054018,0.2619422947873305,4.2450531315923286
1776384085.7099397,0.9995960901601404,-7.000707902686368,0.002031705574479086,4.4599451301387106e-07,-3.828176335861715e-07,nan,nan,nan,nan,nan,nan,nan,nan,1081.0,0.47243544459342957,15.633967399597168,2.5893040291420517,2.692801122663419,1.1451846361160278,0.47243544459342957,1.9318684339523315,0.0,0.0,-0.19201778093166844,0.2619422944255209,4.245053125832052
1776384085.7605965,0.9995960901601404,-7.000707902686368,0.002031705574479086,4.4599451301387106e-07,-3.828176335861715e-07,nan,nan,nan,nan,nan,nan,nan,nan,1081.0,0.47243544459342957,15.633967399597168,2.5893040291420517,2.692801122663419,1.1451846361160278,0.47243544459342957,1.9318684339523315,0.0,0.0,-0.19201778093166844,0.2619422944255209,4.245053125832052
1776384085.8202412,0.9995960959213692,-7.000707902588584,0.002031705936378137,4.460685455483846e-07,-3.8284572458037397e-07,nan,nan,nan,nan,nan,nan,nan,nan,1081.0,0.47243544459342957,15.633967399597168,2.5893040291420517,2.692801122663419,1.1451846361160278,0.47243544459342957,1.9318684339523315,0.0,0.0,-0.19201778147290988,0.26194229406362185,4.245053120070356
1776384085.8594506,0.9995961016840038,-7.000707902490796,0.0020317062983643084,4.461417479079625e-07,-3.8287394632549163e-07,nan,nan,nan,nan,nan,nan,nan,nan,1081.0,0.4585503041744232,15.645983695983887,2.589237376537508,2.6930899844712166,1.1502137184143066,0.4585503041744232,1.9181939363479614,0.0,0.0,-0.19201778201426156,0.2619422937016357,4.245053114307254
1776384085.9105194,0.9995961074480292,-7.000707902393008,0.0020317066604346266,4.462141650029381e-07,-3.8290272555040996e-07,nan,nan,nan,nan,nan,nan,nan,nan,1081.0,0.4585503041744232,15.645983695983887,2.589237376537508,2.6930899844712166,1.1502137184143066,0.4585503041744232,1.9181939363479614,0.0,0.0,-0.19201778255571716,0.26194229333956537,4.245053108542761
1776384085.9595382,0.9995961132134299,-7.000707902295218,0.0020317070225896417,4.4628592505284913e-07,-3.8293088257395294e-07,nan,nan,nan,nan,nan,nan,nan,nan,1081.0,0.4585503041744232,15.645983695983887,2.589237376537508,2.6930899844712166,1.1502137184143066,0.4585503041744232,1.9181939363479614,0.0,0.0,-0.19201778309727738,0.26194229297741034,4.245053102776893
1776384086.0166588,0.9995961132134299,-7.000707902295218,0.0020317070225896417,4.4628592505284913e-07,-3.8293088257395294e-07,nan,nan,nan,nan,nan,nan,nan,nan,1081.0,0.4678434133529663,15.631730079650879,2.588841608671211,2.693079910759028,1.1561448574066162,0.4678434133529663,1.9342213869094849,0.0,0.0,-0.19201778309727738,0.26194229297741034,4.245053102776893
1776384086.0606112,0.9995961189801922,-7.000707902197426,0.0020317073848308163,4.4635691412272397e-07,-3.8295930042457996e-07,nan,nan,nan,nan,nan,nan,nan,nan,1081.0,0.4678434133529663,15.631730079650879,2.588841608671211,2.693079910759028,1.1561448574066162,0.4678434133529663,1.9342213869094849,0.0,0.0,-0.1920177836389458,0.26194229261516916,4.245053097009664
1776384086.1115177,0.9995961247483018,-7.000707902099631,0.002031707747154997,4.4642710811628375e-07,-3.8298726831921904e-07,nan,nan,nan,nan,nan,nan,nan,nan,1081.0,0.4678434133529663,15.631730079650879,2.588841608671211,2.693079910759028,1.1561448574066162,0.4678434133529663,1.9342213869094849,0.0,0.0,-0.1920177841807195,0.261942292252845,4.245053091241088
1776384086.1597502,0.9995961305177434,-7.0007079020018335,0.002031708109564924,4.464967951046215e-07,-3.830159977622515e-07,nan,nan,nan,nan,nan,nan,nan,nan,1081.0,0.4612763822078705,15.642318725585938,2.589123820370816,2.6931737849981063,1.1457568407058716,0.4612763822078705,1.9344714879989624,0.0,0.0,-0.19201778472260006,0.26194229189043505,4.245053085471178
1776384086.2124426,0.9995961362885041,-7.000707901904034,0.0020317084720605748,4.4656560623899993e-07,-3.8304443784051193e-07,nan,nan,nan,nan,nan,nan,nan,nan,1081.0,0.4612763822078705,15.642318725585938,2.589123820370816,2.6931737849981063,1.1457568407058716,0.4612763822078705,1.9344714879989624,0.0,0.0,-0.19201778526458757,0.2619422915279394,4.24505307969995
1776384086.2595818,0.9995961420605692,-7.000707901806235,0.0020317088346340022,4.466337890319957e-07,-3.8307241456889493e-07,nan,nan,nan,nan,nan,nan,nan,nan,1081.0,0.4612763822078705,15.642318725585938,2.589123820370816,2.6931737849981063,1.1457568407058716,0.4612763822078705,1.9344714879989624,0.0,0.0,-0.1920177858066702,0.261942291165366,4.245053073927419
1776384086.3101313,0.9995961420605692,-7.000707901806235,0.0020317088346340022,4.466337890319957e-07,-3.8307241456889493e-07,nan,nan,nan,nan,nan,nan,nan,nan,1081.0,0.4655417799949646,15.645262718200684,2.5897090290565385,2.6936254207582087,1.1526832580566406,0.4655417799949646,1.9420289993286133,0.0,0.0,-0.1920177858066702,0.261942291165366,4.245053073927419
1776384086.3612745,0.9995961478339255,-7.000707901708432,0.002031709197287975,4.4670123890302324e-07,-3.831003654567878e-07,nan,nan,nan,nan,nan,nan,nan,nan,1081.0,0.4655417799949646,15.645262718200684,2.5897090290565385,2.6936254207582087,1.1526832580566406,0.4655417799949646,1.9420289993286133,0.0,0.0,-0.19201778634885597,0.26194229080271203,4.245053068153596
1776384086.415676,0.999596159384456,-7.00070790151282,0.0020317099228414587,4.468341651196268e-07,-3.831572515109226e-07,nan,nan,nan,nan,nan,nan,nan,nan,1081.0,0.4708799123764038,15.625904083251953,2.5897782236530644,2.6927167368255964,1.154123306274414,0.4708799123764038,1.9357647895812988,0.0,0.0,-0.19201778743353298,0.2619422900771585,4.245053056602131
1776384086.4622352,0.999596159384456,-7.00070790151282,0.0020317099228414587,4.468996068110944e-07,-3.8318543229239596e-07,nan,nan,nan,nan,nan,nan,nan,nan,1081.0,0.4708799123764038,15.625904083251953,2.5897782236530644,2.6927167368255964,1.154123306274414,0.4708799123764038,1.9357647895812988,0.0,0.0,-0.19201778743353298,0.2619422900771585,4.245053056602131
1776384086.5094395,0.999596170939989,-7.0007079013172016,0.0020317106487094303,4.4696439644197897e-07,-3.8321352095590814e-07,nan,nan,nan,nan,nan,nan,nan,nan,1081.0,0.4708799123764038,15.625904083251953,2.5897782236530644,2.6927167368255964,1.154123306274414,0.4708799123764038,1.9357647895812988,0.0,0.0,-0.19201778851860243,0.26194228935129055,4.245053045045664
1776384086.559532,0.999596170939989,-7.0007079013172016,0.0020317106487094303,4.4696439644197897e-07,-3.8321352095590814e-07,nan,nan,nan,nan,nan,nan,nan,nan,1081.0,0.4671652615070343,15.639626502990723,2.5892588725032684,2.69283160242587,1.1491886377334595,0.4671652615070343,1.9280356168746948,0.0,0.0,-0.19201778851860243,0.26194228935129055,4.245053045045664
1776384086.611495,0.9995961767195981,-7.00070790121939,0.0020317110117629954,4.470285321688855e-07,-3.832422184357909e-07,nan,nan,nan,nan,nan,nan,nan,nan,1081.0,0.4671652615070343,15.639626502990723,2.5892588725032684,2.69283160242587,1.1491886377334595,0.4671652615070343,1.9280356168746948,0.0,0.0,-0.19201778906128605,0.261942288988237,4.245053039265587
1776384086.6594915,0.9995961825004187,-7.000707901121577,0.0020317113748940492,4.470920117004292e-07,-3.8327032598704244e-07,nan,nan,nan,nan,nan,nan,nan,nan,1081.0,0.4671652615070343,15.639626502990723,2.5892588725032684,2.69283160242587,1.1491886377334595,0.4671652615070343,1.9280356168746948,0.0,0.0,-0.19201778960406643,0.26194228862510593,4.245053033484301
1776384086.7237911,0.9995961882824378,-7.000707901023762,0.0020317117380993775,4.471549015441017e-07,-3.832987399658774e-07,nan,nan,nan,nan,nan,nan,nan,nan,1081.0,0.4647408723831177,15.636641502380371,2.58967808299766,2.692857658561294,1.1561399698257446,0.4647408723831177,1.9318891763687134,0.0,0.0,-0.19201779014693954,0.26194228826190064,4.245053027701815
1776384086.7647028,0.9995961940656432,-7.000707900925943,0.002031712101381345,4.4721705316519944e-07,-3.8332645441773233e-07,nan,nan,nan,nan,nan,nan,nan,nan,1081.0,0.4647408723831177,15.636641502380371,2.58967808299766,2.692857658561294,1.1561399698257446,0.4647408723831177,1.9318891763687134,0.0,0.0,-0.1920177906899102,0.2619422878986186,4.245053021918142
1776384086.8166184,0.9995961998500218,-7.000707900828125,0.0020317124647353333,4.4727865496862633e-07,-3.833551492121333e-07,nan,nan,nan,nan,nan,nan,nan,nan,1081.0,0.4647408723831177,15.636641502380371,2.58967808299766,2.692857658561294,1.1561399698257446,0.4647408723831177,1.9318891763687134,0.0,0.0,-0.19201779123296817,0.26194228753526466,4.245053016133297
1776384086.8596582,0.9995961998500218,-7.000707900828125,0.0020317124647353333,4.4727865496862633e-07,-3.833551492121333e-07,nan,nan,nan,nan,nan,nan,nan,nan,1081.0,0.47078773379325867,15.623749732971191,2.5891131063669945,2.6926810097077856,1.1442846059799194,0.47078773379325867,1.9325443506240845,0.0,0.0,-0.19201779123296817,0.26194228753526466,4.245053016133297
1776384086.909428,0.9995962056355611,-7.000707900730306,0.0020317128281632135,4.4733971128222375e-07,-3.833835429671245e-07,nan,nan,nan,nan,nan,nan,nan,nan,1081.0,0.47078773379325867,15.623749732971191,2.5891131063669945,2.6926810097077856,1.1442846059799194,0.47078773379325867,1.9325443506240845,0.0,0.0,-0.19201779177611847,0.26194228717183676,4.24505301034729
1776384086.9602535,0.9995962114222502,-7.000707900632482,0.002031713191667343,4.47400002828135e-07,-3.8341167614133847e-07,nan,nan,nan,nan,nan,nan,nan,nan,1081.0,0.47078773379325867,15.623749732971191,2.5891131063669945,2.6926810097077856,1.1442846059799194,0.47078773379325867,1.9325443506240845,0.0,0.0,-0.19201779231936678,0.26194228680833265,4.245053004560134
1776384087.0096438,0.9995962172100756,-7.000707900534658,0.0020317135552375435,4.474597375415565e-07,-3.834405045332501e-07,nan,nan,nan,nan,nan,nan,nan,nan,1081.0,0.45973479747772217,15.63713550567627,2.5889883838407868,2.693078204732727,1.150160789489746,0.45973479747772217,1.9336668252944946,0.0,0.0,-0.19201779286269588,0.2619422864447624,4.245052998771841
1776384087.0604343,0.9995962229990257,-7.000707900436833,0.002031713918880841,4.475189031217579e-07,-3.834683929473145e-07,nan,nan,nan,nan,nan,nan,nan,nan,1081.0,0.45973479747772217,15.63713550567627,2.5889883838407868,2.693078204732727,1.150160789489746,0.45973479747772217,1.9336668252944946,0.0,0.0,-0.19201779340611547,0.26194228608111914,4.245052992982425
1776384087.1095014,0.9995962287890886,-7.0007079003390045,0.0020317142825978024,4.4757748726680456e-07,-3.8349647209574117e-07,nan,nan,nan,nan,nan,nan,nan,nan,1081.0,0.45973479747772217,15.63713550567627,2.5889883838407868,2.693078204732727,1.150160789489746,0.45973479747772217,1.9336668252944946,0.0,0.0,-0.19201779394962906,0.2619422857174022,4.245052987191896
1776384087.1602871,0.9995962287890886,-7.0007079003390045,0.0020317142825978024,4.4757748726680456e-07,-3.8349647209574117e-07,nan,nan,nan,nan,nan,nan,nan,nan,1081.0,0.47285547852516174,15.643095970153809,2.589554797186,2.693313318482471,1.1650570631027222,0.47285547852516174,1.94137704372406,0.0,0.0,-0.19201779394962906,0.2619422857174022,4.245052987191896
1776384087.2094219,0.9995962403725069,-7.000707900143348,0.0020317150102431344,4.476928151052684e-07,-3.835532298887065e-07,nan,nan,nan,nan,nan,nan,nan,nan,1081.0,0.47285547852516174,15.643095970153809,2.589554797186,2.693313318482471,1.1650570631027222,0.47285547852516174,1.94137704372406,0.0,0.0,-0.19201779503691535,0.26194228498975686,4.245052975607543
1776384087.2612207,0.9995962403725069,-7.000707900143348,0.0020317150102431344,4.476928151052684e-07,-3.835532298887065e-07,nan,nan,nan,nan,nan,nan,nan,nan,1081.0,0.4690960645675659,15.635478973388672,2.588907712510512,2.6926092925280054,1.1493196487426758,0.4690960645675659,1.9281296730041504,0.0,0.0,-0.19201779503691535,0.26194228498975686,4.245052975607543
1776384087.3094919,0.9995962461658388,-7.000707900045515,0.0020317153741713752,4.477496330856053e-07,-3.8358149361959773e-07,nan,nan,nan,nan,nan,nan,nan,nan,1081.0,0.4690960645675659,15.635478973388672,2.588907712510512,2.6926092925280054,1.1493196487426758,0.4690960645675659,1.9281296730041504,0.0,0.0,-0.19201779558069243,0.26194228462582864,4.245052969813745
1776384087.3606968,0.9995962519602376,-7.000707899947685,0.002031715738168727,4.4780589715474644e-07,-3.8361017235347947e-07,nan,nan,nan,nan,nan,nan,nan,nan,1081.0,0.4690960645675659,15.635478973388672,2.588907712510512,2.6926092925280054,1.1493196487426758,0.4690960645675659,1.9281296730041504,0.0,0.0,-0.19201779612455158,0.26194228426183125,4.245052964018878
1776384087.4125,0.9995962577556923,-7.000707899849848,0.0020317161022339017,4.4786156554919096e-07,-3.8363841550364715e-07,nan,nan,nan,nan,nan,nan,nan,nan,1081.0,0.4690960645675659,15.635478973388672,2.588907712510512,2.6926092925280054,1.1493196487426758,0.4690960645675659,1.9281296730041504,0.0,0.0,-0.19201779666850013,0.2619422838977661,4.245052958222957
1776384087.459508,0.9995962635521916,-7.000707899752014,0.002031716466366651,4.479167144427027e-07,-3.8366645514507874e-07,nan,nan,nan,nan,nan,nan,nan,nan,1081.0,0.472011536359787,15.629530906677246,2.589454648177123,2.693414490902964,1.1507489681243896,0.472011536359787,1.9379212856292725,0.0,0.0,-0.19201779721252973,0.26194228353363336,4.245052952425991
1776384087.5095248,0.9995962635521916,-7.000707899752014,0.002031716466366651,4.479167144427027e-07,-3.8366645514507874e-07,nan,nan,nan,nan,nan,nan,nan,nan,1081.0,0.472011536359787,15.629530906677246,2.589454648177123,2.693414490902964,1.1507489681243896,0.472011536359787,1.9379212856292725,0.0,0.0,-0.19201779721252973,0.26194228353363336,4.245052952425991
1776384087.5605168,0.9995962751482795,-7.000707899556339,0.00203171719483321,4.480253487235427e-07,-3.837228187202402e-07,nan,nan,nan,nan,nan,nan,nan,nan,1081.0,0.472011536359787,15.629530906677246,2.589454648177123,2.693414490902964,1.1507489681243896,0.472011536359787,1.9379212856292725,0.0,0.0,-0.19201779830084087,0.2619422828051668,4.245052940828969
1776384087.609461,0.9995962751482795,-7.000707899556339,0.00203171719483321,4.4807881086515225e-07,-3.837510130636071e-07,nan,nan,nan,nan,nan,nan,nan,nan,1081.0,0.4675430357456207,15.652066230773926,2.5897375648215784,2.6930735755517583,1.1578032970428467,0.4675430357456207,1.9271938800811768,0.0,0.0,-0.19201779830084087,0.2619422828051668,4.245052940828969
1776384087.6608799,0.9995962809478471,-7.000707899458501,0.0020317175591667114,4.4807881086515225e-07,-3.837510130636071e-07,nan,nan,nan,nan,nan,nan,nan,nan,1081.0,0.4675430357456207,15.652066230773926,2.5897375648215784,2.6930735755517583,1.1578032970428467,0.4675430357456207,1.9271938800811768,0.0,0.0,-0.1920177988451203,0.2619422824408333,4.2450529350289345
1776384087.8004572,0.9995962867484159,-7.00070789936066,0.0020317179235654057,4.4807881086515225e-07,-3.837510130636071e-07,nan,nan,nan,nan,nan,nan,nan,nan,1081.0,0.4675430357456207,15.652066230773926,2.5897375648215784,2.6930735755517583,1.1578032970428467,0.4675430357456207,1.9271938800811768,0.0,0.0,-0.19201779938948232,0.2619422820764346,4.245052929227899
1776384087.8100164,0.9995962867484159,-7.00070789936066,0.0020317179235654057,4.4813174404212327e-07,-3.8377960872187734e-07,nan,nan,nan,nan,nan,nan,nan,nan,1081.0,0.46974194049835205,15.64846420288086,2.5894988906482763,2.6933844773951234,1.1535754203796387,0.46974194049835205,1.9333674907684326,0.0,0.0,-0.19201779938948232,0.2619422820764346,4.245052929227899
1776384087.8594182,0.999596292549976,-7.000707899262819,0.002031718288028384,4.4818414586770524e-07,-3.838078365882866e-07,nan,nan,nan,nan,nan,nan,nan,nan,1081.0,0.46974194049835205,15.64846420288086,2.5894988906482763,2.6933844773951234,1.1535754203796387,0.46974194049835205,1.9333674907684326,0.0,0.0,-0.19201779993392318,0.2619422817119716,4.245052923425873
1776384087.9096158,0.9995962983525157,-7.000707899164977,0.0020317186525567214,4.482360996241726e-07,-3.8383569400606637e-07,nan,nan,nan,nan,nan,nan,nan,nan,1081.0,0.46974194049835205,15.64846420288086,2.5894988906482763,2.6933844773951234,1.1535754203796387,0.46974194049835205,1.9333674907684326,0.0,0.0,-0.1920178004784451,0.26194228134744324,4.245052917622867
1776384087.959513,0.9995963041560258,-7.000707899067133,0.002031719017146113,4.4828752928357057e-07,-3.8386428221211676e-07,nan,nan,nan,nan,nan,nan,nan,nan,1081.0,0.4675547182559967,15.641122817993164,2.589283176945052,2.693027437886324,1.1441055536270142,0.4675547182559967,1.9376288652420044,0.0,0.0,-0.19201780102304453,0.2619422809828539,4.245052911818889
1776384088.0104535,0.9995963157659158,-7.000707898871441,0.0020317197465139093,4.4838882070856986e-07,-3.839211211892074e-07,nan,nan,nan,nan,nan,nan,nan,nan,1081.0,0.4675547182559967,15.641122817993164,2.589283176945052,2.693027437886324,1.1441055536270142,0.4675547182559967,1.9376288652420044,0.0,0.0,-0.19201780211247882,0.2619422802534861,4.245052900208066
1776384088.0594244,0.9995963215722754,-7.000707898773594,0.002031720111292237,4.4843867594659984e-07,-3.8394883850243074e-07,nan,nan,nan,nan,nan,nan,nan,nan,1081.0,0.4673500657081604,15.626239776611328,2.5898316559915076,2.6932371663193257,1.1613011360168457,0.4673500657081604,1.9346067905426025,0.0,0.0,-0.19201780265731275,0.2619422798887078,4.24505289440124
1776384088.1127422,0.9995963273795649,-7.000707898675743,0.0020317204761295523,4.4848804626066626e-07,-3.83977178703699e-07,nan,nan,nan,nan,nan,nan,nan,nan,1081.0,0.4673500657081604,15.626239776611328,2.5898316559915076,2.6932371663193257,1.1613011360168457,0.4673500657081604,1.9346067905426025,0.0,0.0,-0.19201780320222253,0.26194227952387045,4.2450528885934835
1776384088.1595953,0.9995963331877747,-7.000707898577895,0.0020317208410263474,4.4853694724544877e-07,-3.84005610298138e-07,nan,nan,nan,nan,nan,nan,nan,nan,1081.0,0.4673500657081604,15.626239776611328,2.5898316559915076,2.6932371663193257,1.1613011360168457,0.4673500657081604,1.9346067905426025,0.0,0.0,-0.19201780374720256,0.2619422791589736,4.245052882784807
1776384088.2119606,0.9995963331877747,-7.000707898577895,0.0020317208410263474,4.4853694724544877e-07,-3.84005610298138e-07,nan,nan,nan,nan,nan,nan,nan,nan,1081.0,0.4729856252670288,15.646759986877441,2.5891882465681912,2.6928126274258455,1.1392028331756592,0.4729856252670288,1.9307374954223633,0.0,0.0,-0.19201780374720256,0.2619422791589736,4.245052882784807
1776384088.2614264,0.9995963389968954,-7.0007078984800435,0.002031721205987428,4.4858534861274954e-07,-3.840344271404958e-07,nan,nan,nan,nan,nan,nan,nan,nan,1081.0,0.4729856252670288,15.646759986877441,2.5891882465681912,2.6928126274258455,1.1392028331756592,0.4729856252670288,1.9307374954223633,0.0,0.0,-0.19201780429226514,0.26194227879401255,4.24505287697522
1776384088.3138084,0.9995963448069172,-7.000707898382192,0.0020317215710068904,4.486333114499097e-07,-3.840620328469842e-07,nan,nan,nan,nan,nan,nan,nan,nan,1081.0,0.4729856252670288,15.646759986877441,2.5891882465681912,2.6928126274258455,1.1392028331756592,0.4729856252670288,1.9307374954223633,0.0,0.0,-0.19201780483739936,0.2619422784289931,4.245052871164731
1776384088.3674886,0.9995963448069172,-7.000707898382192,0.0020317215710068904,4.486333114499097e-07,-3.840620328469842e-07,nan,nan,nan,nan,nan,nan,nan,nan,1081.0,0.4729856252670288,15.646759986877441,2.5891882465681912,2.6928126274258455,1.1392028331756592,0.4729856252670288,1.9307374954223633,0.0,0.0,-0.19201780483739936,0.2619422784289931,4.245052871164731
1776384088.4109857,0.9995963506178305,-7.00070789828434,0.0020317219360865483,4.4872776079151904e-07,-3.8411868280973794e-07,nan,nan,nan,nan,nan,nan,nan,nan,1081.0,0.4721224009990692,15.639513969421387,2.5889583339468403,2.6930095722935103,1.158309817314148,0.4721224009990692,1.9289010763168335,0.0,0.0,-0.19201780538260832,0.26194227806391346,4.245052865353351
1776384088.4604843,0.999596356429627,-7.000707898186487,0.0020317223012214346,4.4872776079151904e-07,-3.8411868280973794e-07,nan,nan,nan,nan,nan,nan,nan,nan,1081.0,0.4721224009990692,15.639513969421387,2.5889583339468403,2.6930095722935103,1.158309817314148,0.4721224009990692,1.9289010763168335,0.0,0.0,-0.19201780592788492,0.26194227769877854,4.2450528595410875
1776384088.5124094,0.9995963622422961,-7.000707898088632,0.0020317226664190906,4.487743290213063e-07,-3.841468334780864e-07,nan,nan,nan,nan,nan,nan,nan,nan,1081.0,0.46728813648223877,15.637368202209473,2.589544272444846,2.6929209635397178,1.160041332244873,0.46728813648223877,1.9275193214416504,0.0,0.0,-0.19201780647324138,0.2619422773335809,4.245052853727952
1776384088.565609,0.9995963680558293,-7.000707897990777,0.002031723031673848,4.488204152718475e-07,-3.8417487204935425e-07,nan,nan,nan,nan,nan,nan,nan,nan,1081.0,0.46728813648223877,15.637368202209473,2.589544272444846,2.6929209635397178,1.160041332244873,0.46728813648223877,1.9275193214416504,0.0,0.0,-0.19201780701866789,0.2619422769683261,4.245052847913952
1776384088.6098883,0.9995963680558293,-7.000707897990777,0.002031723031673848,4.488204152718475e-07,-3.8417487204935425e-07,nan,nan,nan,nan,nan,nan,nan,nan,1081.0,0.46728813648223877,15.637368202209473,2.589544272444846,2.6929209635397178,1.160041332244873,0.46728813648223877,1.9275193214416504,0.0,0.0,-0.19201780701866789,0.2619422769683261,4.245052847913952
1776384088.664542,0.9995963796854518,-7.000707897795064,0.002031723762351046,4.489111832299616e-07,-3.842312371673005e-07,nan,nan,nan,nan,nan,nan,nan,nan,1081.0,0.4703465402126312,15.62235164642334,2.5897047047423167,2.6932300924406687,1.1463693380355835,0.4703465402126312,1.938589096069336,0.0,0.0,-0.19201780810972927,0.26194227623764893,4.245052836283397
1776384088.7107317,0.9995963796854518,-7.000707897795064,0.002031723762351046,4.4895594150580023e-07,-3.8425894265178656e-07,nan,nan,nan,nan,nan,nan,nan,nan,1081.0,0.4703465402126312,15.62235164642334,2.5897047047423167,2.6932300924406687,1.1463693380355835,0.4703465402126312,1.938589096069336,0.0,0.0,-0.19201780810972927,0.26194227623764893,4.245052836283397
1776384088.7666268,0.9995963855015233,-7.000707897697206,0.0020317241277753146,4.4895594150580023e-07,-3.8425894265178656e-07,nan,nan,nan,nan,nan,nan,nan,nan,1081.0,0.4703465402126312,15.62235164642334,2.5897047047423167,2.6932300924406687,1.1463693380355835,0.4703465402126312,1.938589096069336,0.0,0.0,-0.19201780865536736,0.2619422758722247,4.245052830466858
1776384088.813253,0.9995963913184233,-7.000707897599346,0.002031724493251196,4.490002053080527e-07,-3.842875370608269e-07,nan,nan,nan,nan,nan,nan,nan,nan,1081.0,0.4703465402126312,15.62235164642334,2.5897047047423167,2.6932300924406687,1.1463693380355835,0.4703465402126312,1.938589096069336,0.0,0.0,-0.1920178092010696,0.2619422755067488,4.245052824649491
1776384088.8597445,0.9995963913184233,-7.000707897599346,0.002031724493251196,4.490002053080527e-07,-3.842875370608269e-07,nan,nan,nan,nan,nan,nan,nan,nan,1081.0,0.45483019948005676,15.643036842346191,2.5893903639887794,2.693280311106079,1.1529823541641235,0.45483019948005676,1.9248976707458496,0.0,0.0,-0.1920178092010696,0.2619422755067488,4.245052824649491
1776384088.9094865,0.9995964029546746,-7.000707897403628,0.002031725224374366,4.490874307498709e-07,-3.843435529131902e-07,nan,nan,nan,nan,nan,nan,nan,nan,1081.0,0.45483019948005676,15.643036842346191,2.5893903639887794,2.693280311106079,1.1529823541641235,0.45483019948005676,1.9248976707458496,0.0,0.0,-0.19201781029268367,0.2619422747756256,4.245052813012307
1776384088.9597135,0.9995964029546746,-7.000707897403628,0.002031725224374366,4.490874307498709e-07,-3.843435529131902e-07,nan,nan,nan,nan,nan,nan,nan,nan,1081.0,0.46189892292022705,15.635759353637695,2.5889882985967714,2.693971150430139,1.1540241241455078,0.46189892292022705,1.9270994663238525,0.0,0.0,-0.19201781029268367,0.2619422747756256,4.245052813012307
1776384089.0094461,0.9995964087740086,-7.000707897305765,0.0020317255900143597,4.4913046493067844e-07,-3.8437182963058163e-07,nan,nan,nan,nan,nan,nan,nan,nan,1081.0,0.46189892292022705,15.635759353637695,2.5889882985967714,2.693971150430139,1.1540241241455078,0.46189892292022705,1.9270994663238525,0.0,0.0,-0.19201781083859087,0.26194227440998563,4.245052807192506
1776384089.0646486,0.9995964145941368,-7.000707897207905,0.0020317259557117466,4.4917307886233474e-07,-3.8439997549859985e-07,nan,nan,nan,nan,nan,nan,nan,nan,1081.0,0.46189892292022705,15.635759353637695,2.5889882985967714,2.693971150430139,1.1540241241455078,0.46189892292022705,1.9270994663238525,0.0,0.0,-0.19201781138456597,0.2619422740442882,4.245052801371911
1776384089.1093986,0.9995964204150513,-7.000707897110042,0.0020317263214674063,4.4921524123016124e-07,-3.8442788022217054e-07,nan,nan,nan,nan,nan,nan,nan,nan,1081.0,0.47270265221595764,15.636570930480957,2.588989982193648,2.6927713322772386,1.1479734182357788,0.47270265221595764,1.9302722215652466,0.0,0.0,-0.19201781193061543,0.26194227367853257,4.24505279555053
1776384089.1596174,0.9995964204150513,-7.000707897110042,0.0020317263214674063,4.4921524123016124e-07,-3.8442788022217054e-07,nan,nan,nan,nan,nan,nan,nan,nan,1081.0,0.47270265221595764,15.636570930480957,2.588989982193648,2.6927713322772386,1.1479734182357788,0.47270265221595764,1.9302722215652466,0.0,0.0,-0.19201781193061543,0.26194227367853257,4.24505279555053
1776384089.214204,0.9995964262367434,-7.000707897012179,0.002031726687268247,4.4925701204406414e-07,-3.844558310833979e-07,nan,nan,nan,nan,nan,nan,nan,nan,1081.0,0.47270265221595764,15.636570930480957,2.588989982193648,2.6927713322772386,1.1479734182357788,0.47270265221595764,1.9302722215652466,0.0,0.0,-0.19201781247671926,0.26194227331273173,4.245052789728373
1776384089.2593994,0.9995964320592057,-7.000707896914315,0.0020317270531264053,4.4929832882422235e-07,-3.8448414556865706e-07,nan,nan,nan,nan,nan,nan,nan,nan,1081.0,0.4723667800426483,15.63007926940918,2.589022226983149,2.693121601588508,1.1370704174041748,0.4723667800426483,1.9317411184310913,0.0,0.0,-0.19201781302289625,0.26194227294687356,4.245052783905443
1776384089.309387,0.9995964378824295,-7.000707896816451,0.00203172741903585,4.493797893738673e-07,-3.845406230138629e-07,nan,nan,nan,nan,nan,nan,nan,nan,1081.0,0.4723667800426483,15.63007926940918,2.589022226983149,2.693121601588508,1.1370704174041748,0.4723667800426483,1.9317411184310913,0.0,0.0,-0.19201781356913533,0.26194227258096414,4.245052778081753
1776384089.360501,0.9995964437064073,-7.000707896718585,0.002031727784994484,4.493797893738673e-07,-3.845406230138629e-07,nan,nan,nan,nan,nan,nan,nan,nan,1081.0,0.4723667800426483,15.63007926940918,2.589022226983149,2.693121601588508,1.1370704174041748,0.4723667800426483,1.9317411184310913,0.0,0.0,-0.19201781411543647,0.2619422722150055,4.245052772257308
1776384089.409396,0.9995964495311306,-7.000707896620719,0.0020317281510094307,4.4941997647561565e-07,-3.845681007960748e-07,nan,nan,nan,nan,nan,nan,nan,nan,1081.0,0.47166305780410767,15.651899337768555,2.589209043268359,2.6932705949038604,1.1675678491592407,0.47166305780410767,1.9376579523086548,0.0,0.0,-0.19201781466180698,0.26194227184899055,4.245052766432118
1776384089.4644995,0.9995964553565921,-7.0007078965228535,0.0020317285170690503,4.4945968773093266e-07,-3.845963107760135e-07,nan,nan,nan,nan,nan,nan,nan,nan,1081.0,0.47166305780410767,15.651899337768555,2.589209043268359,2.6932705949038604,1.1675678491592407,0.47166305780410767,1.9376579523086548,0.0,0.0,-0.19201781520823213,0.2619422714829309,4.245052760606191
1776384089.5155237,0.9995964611827843,-7.000707896424986,0.002031728883184622,4.4949908371077934e-07,-3.846243619793585e-07,nan,nan,nan,nan,nan,nan,nan,nan,1081.0,0.47166305780410767,15.651899337768555,2.589209043268359,2.6932705949038604,1.1675678491592407,0.47166305780410767,1.9376579523086548,0.0,0.0,-0.19201781575472793,0.26194227111681534,4.245052754779531
1776384089.5594616,0.9995964670096988,-7.000707896327119,0.0020317292493475855,4.4953807828958966e-07,-3.846521848818861e-07,nan,nan,nan,nan,nan,nan,nan,nan,1081.0,0.4663146138191223,15.657469749450684,2.5895540254409393,2.69265053696423,1.1591734886169434,0.4663146138191223,1.9382655620574951,0.0,0.0,-0.19201781630128098,0.2619422707506524,4.24505274895215
1776384089.6115863,0.9995964728373297,-7.000707896229249,0.0020317296155557296,4.496149214364172e-07,-3.847083857820745e-07,nan,nan,nan,nan,nan,nan,nan,nan,1081.0,0.4663146138191223,15.657469749450684,2.5895540254409393,2.69265053696423,1.1591734886169434,0.4663146138191223,1.9382655620574951,0.0,0.0,-0.19201781684789296,0.26194227038444423,4.245052743124053
1776384089.6604044,0.9995964786656679,-7.00070789613138,0.0020317299818165572,4.496149214364172e-07,-3.847083857820745e-07,nan,nan,nan,nan,nan,nan,nan,nan,1081.0,0.4692802429199219,15.642834663391113,2.589527841743554,2.692784204415758,1.1453568935394287,0.4692802429199219,1.930186152458191,0.0,0.0,-0.19201781739456886,0.26194227001818343,4.245052737295249
1776384089.7095096,0.9995964844947067,-7.000707896033512,0.002031730348123273,4.4965277453839046e-07,-3.8473619048317627e-07,nan,nan,nan,nan,nan,nan,nan,nan,1081.0,0.4692802429199219,15.642834663391113,2.589527841743554,2.692784204415758,1.1453568935394287,0.4692802429199219,1.930186152458191,0.0,0.0,-0.19201781794130013,0.2619422696518767,4.2450527314657425
1776384089.7594247,0.9995964903244388,-7.0007078959356415,0.002031730714482539,4.496902855321655e-07,-3.8476472649773737e-07,nan,nan,nan,nan,nan,nan,nan,nan,1081.0,0.4692802429199219,15.642834663391113,2.589527841743554,2.692784204415758,1.1453568935394287,0.4692802429199219,1.930186152458191,0.0,0.0,-0.19201781848809793,0.26194226928551745,4.245052725635544
1776384089.810657,0.9995964961548571,-7.000707895837772,0.0020317310808850293,4.4972740295429447e-07,-3.847918050051929e-07,nan,nan,nan,nan,nan,nan,nan,nan,1081.0,0.4611404240131378,15.636521339416504,2.5894642562142796,2.692871630808414,1.155800223350525,0.4611404240131378,1.9361381530761719,0.0,0.0,-0.19201781903494772,0.261942268919115,4.24505271980466
1776384089.8839374,0.9995965019859545,-7.0007078957399,0.00203173144733503,4.497641711593358e-07,-3.848204068022989e-07,nan,nan,nan,nan,nan,nan,nan,nan,1081.0,0.4611404240131378,15.636521339416504,2.5894642562142796,2.692871630808414,1.155800223350525,0.4611404240131378,1.9361381530761719,0.0,0.0,-0.19201781958185862,0.26194226855266495,4.245052713973096
1776384089.9107115,0.9995965019859545,-7.0007078957399,0.00203173144733503,4.497641711593358e-07,-3.848204068022989e-07,nan,nan,nan,nan,nan,nan,nan,nan,1081.0,0.4611404240131378,15.636521339416504,2.5894642562142796,2.692871630808414,1.155800223350525,0.4611404240131378,1.9361381530761719,0.0,0.0,-0.19201781958185862,0.26194226855266495,4.245052713973096
1776384089.9650648,0.9995965078177234,-7.000707895642029,0.0020317318138383285,4.4980064375479685e-07,-3.8484750615827606e-07,nan,nan,nan,nan,nan,nan,nan,nan,1081.0,0.4611404240131378,15.636521339416504,2.5894642562142796,2.692871630808414,1.155800223350525,0.4611404240131378,1.9361381530761719,0.0,0.0,-0.19201782012883425,0.2619422681861617,4.245052708140861
1776384090.0164433,0.9995965078177234,-7.000707895642029,0.0020317318138383285,4.4980064375479685e-07,-3.8484750615827606e-07,nan,nan,nan,nan,nan,nan,nan,nan,1081.0,0.46947193145751953,15.632588386535645,2.589052777892456,2.6927081949668525,1.1558834314346313,0.46947193145751953,1.9317677021026611,0.0,0.0,-0.19201782012883425,0.2619422681861617,4.245052708140861
1776384090.0633354,0.9995965194832492,-7.0007078954462845,0.0020317325469771234,4.498724134372641e-07,-3.8490346744415686e-07,nan,nan,nan,nan,nan,nan,nan,nan,1081.0,0.46947193145751953,15.632588386535645,2.589052777892456,2.6927081949668525,1.1558834314346313,0.46947193145751953,1.9317677021026611,0.0,0.0,-0.19201782122295044,0.26194226745302285,4.245052696474401
1776384090.1098268,0.9995965253169921,-7.000707895348413,0.0020317329136137247,4.499077562633885e-07,-3.8493183223521075e-07,nan,nan,nan,nan,nan,nan,nan,nan,1081.0,0.47336435317993164,15.631585121154785,2.5892090991235905,2.693234340716807,1.163030982017517,0.47336435317993164,1.9361144304275513,0.0,0.0,-0.1920178217700897,0.26194226708638624,4.245052690640193
1776384090.1627998,0.9995965311513797,-7.00070789525054,0.002031733280300775,4.499428364854381e-07,-3.849593223067109e-07,nan,nan,nan,nan,nan,nan,nan,nan,1081.0,0.47336435317993164,15.631585121154785,2.5892090991235905,2.693234340716807,1.163030982017517,0.47336435317993164,1.9361144304275513,0.0,0.0,-0.19201782231729378,0.2619422667196992,4.245052684805339
1776384090.2137785,0.9995965311513797,-7.00070789525054,0.002031733280300775,4.499428364854381e-07,-3.849593223067109e-07,nan,nan,nan,nan,nan,nan,nan,nan,1081.0,0.47336435317993164,15.631585121154785,2.5892090991235905,2.693234340716807,1.163030982017517,0.47336435317993164,1.9361144304275513,0.0,0.0,-0.19201782231729378,0.2619422667196992,4.245052684805339
1776384090.2614775,0.9995965428220613,-7.000707895054795,0.0020317340138066354,4.5001187319112913e-07,-3.850146238175258e-07,nan,nan,nan,nan,nan,nan,nan,nan,1081.0,0.4685611426830292,15.636580467224121,2.5894717606651243,2.6932071117892313,1.1298129558563232,0.4685611426830292,1.931779146194458,0.0,0.0,-0.1920178234118611,0.26194226598619336,4.245052673133723
1776384090.30965,0.9995965486583422,-7.0007078949569195,0.0020317343806223447,4.5004592892302777e-07,-3.8504271180376375e-07,nan,nan,nan,nan,nan,nan,nan,nan,1081.0,0.4685611426830292,15.636580467224121,2.5894717606651243,2.6932071117892313,1.1298129558563232,0.4685611426830292,1.931779146194458,0.0,0.0,-0.1920178239592249,0.26194226561937767,4.245052667296977
1776384090.3617067,0.9995965486583422,-7.0007078949569195,0.0020317343806223447,4.5004592892302777e-07,-3.8504271180376375e-07,nan,nan,nan,nan,nan,nan,nan,nan,1081.0,0.4685611426830292,15.636580467224121,2.5894717606651243,2.6932071117892313,1.1298129558563232,0.4685611426830292,1.931779146194458,0.0,0.0,-0.1920178239592249,0.26194226561937767,4.245052667296977
1776384090.4105701,0.9995965544952408,-7.000707894859046,0.002031734747490663,4.500797282777993e-07,-3.850705859294607e-07,nan,nan,nan,nan,nan,nan,nan,nan,1081.0,0.4712353050708771,15.64098834991455,2.5892082737012663,2.6928629240743276,1.1454987525939941,0.4712353050708771,1.9372365474700928,0.0,0.0,-0.19201782450665186,0.2619422652525093,4.245052661459611
1776384090.4718018,0.9995965544952408,-7.000707894859046,0.002031734747490663,4.500797282777993e-07,-3.850705859294607e-07,nan,nan,nan,nan,nan,nan,nan,nan,1081.0,0.4712353050708771,15.64098834991455,2.5892082737012663,2.6928629240743276,1.1454987525939941,0.4712353050708771,1.9372365474700928,0.0,0.0,-0.19201782450665186,0.2619422652525093,4.245052661459611
1776384090.5097058,0.9995965603327511,-7.000707894761171,0.0020317351143963394,4.5011310286519516e-07,-3.8509873290023814e-07,nan,nan,nan,nan,nan,nan,nan,nan,1081.0,0.4712353050708771,15.64098834991455,2.5892082737012663,2.6928629240743276,1.1454987525939941,0.4712353050708771,1.9372365474700928,0.0,0.0,-0.1920178250541254,0.2619422648856036,4.245052655621635
1776384090.5659027,0.9995965661708672,-7.000707894663297,0.0020317354813490472,4.501461944426323e-07,-3.8512672628038775e-07,nan,nan,nan,nan,nan,nan,nan,nan,1081.0,0.4712353050708771,15.64098834991455,2.5892082737012663,2.6928629240743276,1.1454987525939941,0.4712353050708771,1.9372365474700928,0.0,0.0,-0.1920178256016569,0.26194226451865094,4.2450526497830525
1776384090.6094253,0.9995965720095824,-7.000707894565421,0.0020317358483364785,4.501789236675479e-07,-3.851539592222133e-07,nan,nan,nan,nan,nan,nan,nan,nan,1081.0,0.4639585018157959,15.629215240478516,2.5891878106988875,2.6932437759195578,1.153709053993225,0.4639585018157959,1.9329943656921387,0.0,0.0,-0.1920178261492317,0.2619422641516635,4.245052643943871
1776384090.6595461,0.9995965778488906,-7.0007078944675465,0.002031736215371212,4.502113999949653e-07,-3.851823575455655e-07,nan,nan,nan,nan,nan,nan,nan,nan,1081.0,0.4639585018157959,15.629215240478516,2.5891878106988875,2.6932437759195578,1.153709053993225,0.4639585018157959,1.9329943656921387,0.0,0.0,-0.19201782669686393,0.26194226378462876,4.245052638104096
1776384090.7097404,0.9995965836887852,-7.000707894369669,0.0020317365824433623,4.502435164210226e-07,-3.8520962469048866e-07,nan,nan,nan,nan,nan,nan,nan,nan,1081.0,0.4714950919151306,15.643181800842285,2.589381618233989,2.692595903252229,1.1458426713943481,0.4714950919151306,1.9252969026565552,0.0,0.0,-0.1920178272445447,0.2619422634175566,4.245052632263736
1776384090.7596507,0.9995965836887852,-7.000707894369669,0.0020317365824433623,4.502435164210226e-07,-3.8520962469048866e-07,nan,nan,nan,nan,nan,nan,nan,nan,1081.0,0.4714950919151306,15.643181800842285,2.589381618233989,2.692595903252229,1.1458426713943481,0.4714950919151306,1.9252969026565552,0.0,0.0,-0.1920178272445447,0.2619422634175566,4.245052632263736
1776384090.8139935,0.9995965895292611,-7.000707894271793,0.002031736949567134,4.502753685455134e-07,-3.8523752801356926e-07,nan,nan,nan,nan,nan,nan,nan,nan,1081.0,0.4714950919151306,15.643181800842285,2.589381618233989,2.692595903252229,1.1458426713943481,0.4714950919151306,1.9252969026565552,0.0,0.0,-0.19201782779228826,0.26194226305043283,4.245052626422793
1776384090.8597455,0.9995965953703114,-7.000707894173918,0.002031737316723055,4.5030691071016055e-07,-3.8526483461472094e-07,nan,nan,nan,nan,nan,nan,nan,nan,1081.0,0.4714950919151306,15.643181800842285,2.589381618233989,2.692595903252229,1.1458426713943481,0.4714950919151306,1.9252969026565552,0.0,0.0,-0.19201782834006936,0.2619422626832769,4.245052620581276
1776384090.9096088,0.9995965953703114,-7.000707894173918,0.002031737316723055,4.5030691071016055e-07,-3.8526483461472094e-07,nan,nan,nan,nan,nan,nan,nan,nan,1081.0,0.4731009304523468,15.634561538696289,2.590005886130152,2.693026642778969,1.1508543491363525,0.4731009304523468,1.929654598236084,0.0,0.0,-0.19201782834006936,0.2619422626832769,4.245052620581276
1776384090.959908,0.9995966070541127,-7.000707893978165,0.002031738051168775,4.503691017261069e-07,-3.853205686495496e-07,nan,nan,nan,nan,nan,nan,nan,nan,1081.0,0.4731009304523468,15.634561538696289,2.590005886130152,2.693026642778969,1.1508543491363525,0.4731009304523468,1.929654598236084,0.0,0.0,-0.1920178294358009,0.2619422619488312,4.245052608896543
1776384091.0113122,0.9995966070541127,-7.000707893978165,0.002031738051168775,4.503691017261069e-07,-3.853205686495496e-07,nan,nan,nan,nan,nan,nan,nan,nan,1081.0,0.4731009304523468,15.634561538696289,2.590005886130152,2.693026642778969,1.1508543491363525,0.4731009304523468,1.929654598236084,0.0,0.0,-0.1920178294358009,0.2619422619488312,4.245052608896543
1776384091.0600924,0.9995966128968525,-7.000707893880289,0.0020317384184553454,4.503997685875193e-07,-3.8534741965246334e-07,nan,nan,nan,nan,nan,nan,nan,nan,1081.0,0.4731009304523468,15.634561538696289,2.590005886130152,2.693026642778969,1.1508543491363525,0.4731009304523468,1.929654598236084,0.0,0.0,-0.1920178299837437,0.26194226158154466,4.245052603053336
1776384091.1095026,0.9995966187401434,-7.000707893782413,0.0020317387857751164,4.504300644832052e-07,-3.8537566873761327e-07,nan,nan,nan,nan,nan,nan,nan,nan,1081.0,0.46525463461875916,15.631661415100098,2.589834621253662,2.693039460461086,1.1605403423309326,0.46525463461875916,1.9336241483688354,0.0,0.0,-0.19201783053172808,0.26194226121422487,4.24505259720958
1776384091.159513,0.9995966187401434,-7.000707893782413,0.0020317387857751164,4.504300644832052e-07,-3.8537566873761327e-07,nan,nan,nan,nan,nan,nan,nan,nan,1081.0,0.46525463461875916,15.631661415100098,2.589834621253662,2.693039460461086,1.1605403423309326,0.46525463461875916,1.9336241483688354,0.0,0.0,-0.19201783053172808,0.26194226121422487,4.24505259720958
1776384091.2096024,0.9995966245839797,-7.000707893684535,0.0020317391531436977,4.5046019519282604e-07,-3.854026816927496e-07,nan,nan,nan,nan,nan,nan,nan,nan,1081.0,0.46294352412223816,15.638126373291016,2.5890281414621743,2.69302094233195,1.147413969039917,0.46294352412223816,1.9311707019805908,0.0,0.0,-0.19201783107977452,0.2619422608468563,4.245052591365276
1776384091.2596262,0.9995966304283566,-7.000707893586659,0.0020317395205437265,4.5048998960925134e-07,-3.854308487171524e-07,nan,nan,nan,nan,nan,nan,nan,nan,1081.0,0.46294352412223816,15.638126373291016,2.5890281414621743,2.69302094233195,1.147413969039917,0.46294352412223816,1.9311707019805908,0.0,0.0,-0.1920178316278567,0.26194226047945623,4.245052585520433
1776384091.3106213,0.9995966362732674,-7.00070789348878,0.002031739887988811,4.505195584866563e-07,-3.8545810316089524e-07,nan,nan,nan,nan,nan,nan,nan,nan,1081.0,0.46294352412223816,15.638126373291016,2.5890281414621743,2.69302094233195,1.147413969039917,0.46294352412223816,1.9311707019805908,0.0,0.0,-0.19201783217599805,0.26194226011201116,4.245052579675057
1776384091.362179,0.9995966421187079,-7.000707893390903,0.002031740255469333,4.505486994211282e-07,-3.8548619122281714e-07,nan,nan,nan,nan,nan,nan,nan,nan,1081.0,0.46294352412223816,15.638126373291016,2.5890281414621743,2.69302094233195,1.147413969039917,0.46294352412223816,1.9311707019805908,0.0,0.0,-0.1920178327241811,0.26194225974453067,4.24505257382915
1776384091.4100125,0.9995966479646713,-7.000707893293027,0.0020317406229894263,4.5057768680369316e-07,-3.8551321783421664e-07,nan,nan,nan,nan,nan,nan,nan,nan,1081.0,0.47030821442604065,15.646394729614258,2.588861410177824,2.6934898349638816,1.1560395956039429,0.47030821442604065,1.9228516817092896,0.0,0.0,-0.19201783327241106,0.26194225937701054,4.24505256798272
1776384091.460532,0.9995966538111533,-7.000707893195149,0.002031740990552452,4.5060634081292515e-07,-3.855409919757871e-07,nan,nan,nan,nan,nan,nan,nan,nan,1081.0,0.47030821442604065,15.646394729614258,2.588861410177824,2.6934898349638816,1.1560395956039429,0.47030821442604065,1.9228516817092896,0.0,0.0,-0.19201783382069665,0.2619422590094475,4.245052562135772
1776384091.5179992,0.9995966596581475,-7.00070789309727,0.0020317413581436732,4.506348150401117e-07,-3.8556858595020784e-07,nan,nan,nan,nan,nan,nan,nan,nan,1081.0,0.465048611164093,15.643842697143555,2.5892082226155093,2.693255530036478,1.1462376117706299,0.465048611164093,1.9312652349472046,0.0,0.0,-0.1920178343690175,0.26194225864185633,4.245052556288312
1776384091.5598335,0.9995966596581475,-7.00070789309727,0.0020317413581436732,4.506348150401117e-07,-3.8556858595020784e-07,nan,nan,nan,nan,nan,nan,nan,nan,1081.0,0.465048611164093,15.643842697143555,2.5892082226155093,2.693255530036478,1.1462376117706299,0.465048611164093,1.9312652349472046,0.0,0.0,-0.1920178343690175,0.26194225864185633,4.245052556288312
1776384091.6094012,0.9995966655056499,-7.000707892999394,0.0020317417257850762,4.506629603001791e-07,-3.8559577730680406e-07,nan,nan,nan,nan,nan,nan,nan,nan,1081.0,0.465048611164093,15.643842697143555,2.5892082226155093,2.693255530036478,1.1462376117706299,0.465048611164093,1.9312652349472046,0.0,0.0,-0.1920178349173978,0.2619422582742149,4.2450525504403425
1776384091.6779394,0.9995966713536545,-7.000707892901517,0.0020317420934517745,4.506908093505459e-07,-3.856230665306235e-07,nan,nan,nan,nan,nan,nan,nan,nan,1081.0,0.47109612822532654,15.64816951751709,2.589250691503865,2.693411074459628,1.1454192399978638,0.47109612822532654,1.9305015802383423,0.0,0.0,-0.1920178354658089,0.26194225790654824,4.245052544591871
1776384091.710948,0.9995966772021561,-7.0007078928036375,0.0020317424611657592,4.507184642186182e-07,-3.856503612978349e-07,nan,nan,nan,nan,nan,nan,nan,nan,1081.0,0.47109612822532654,15.64816951751709,2.589250691503865,2.693411074459628,1.1454192399978638,0.47109612822532654,1.9305015802383423,0.0,0.0,-0.192017836014282,0.2619422575388342,4.245052538742904
1776384091.767649,0.9995966830511499,-7.000707892705761,0.0020317428289152186,4.5074587805067487e-07,-3.8567880352003164e-07,nan,nan,nan,nan,nan,nan,nan,nan,1081.0,0.47109612822532654,15.64816951751709,2.589250691503865,2.693411074459628,1.1454192399978638,0.47109612822532654,1.9305015802383423,0.0,0.0,-0.19201783656279514,0.26194225717108477,4.245052532893443
1776384091.8094914,0.9995966889006308,-7.000707892607884,0.0020317431966964663,4.5077294126483944e-07,-3.8570537235768695e-07,nan,nan,nan,nan,nan,nan,nan,nan,1081.0,0.4712221920490265,15.634695053100586,2.5894272613315863,2.692648819591739,1.1449365615844727,0.4712221920490265,1.9297598600387573,0.0,0.0,-0.19201783711134815,0.2619422568033035,4.245052527043496
1776384091.8607597,0.9995966947505937,-7.000707892510006,0.0020317435645218,4.507998386532769e-07,-3.857333928681679e-07,nan,nan,nan,nan,nan,nan,nan,nan,1081.0,0.4712221920490265,15.634695053100586,2.5894272613315863,2.692648819591739,1.1449365615844727,0.4712221920490265,1.9297598600387573,0.0,0.0,-0.19201783765995656,0.2619422564354782,4.2450525211930685
1776384091.9128475,0.9995967006010338,-7.000707892412126,0.002031743932369805,4.508264160426543e-07,-3.8576038825339977e-07,nan,nan,nan,nan,nan,nan,nan,nan,1081.0,0.4712221920490265,15.634695053100586,2.5894272613315863,2.692648819591739,1.1449365615844727,0.4712221920490265,1.9297598600387573,0.0,0.0,-0.19201783820859425,0.26194225606763016,4.245052515342162
1776384091.9607608,0.9995967006010338,-7.000707892412126,0.002031743932369805,4.50852816225582e-07,-3.8578765509124893e-07,nan,nan,nan,nan,nan,nan,nan,nan,1081.0,0.46412068605422974,15.630531311035156,2.5893177977874253,2.6925225380915907,1.1590460538864136,0.46412068605422974,1.9233640432357788,0.0,0.0,-0.19201783820859425,0.26194225606763016,4.245052515342162
1776384092.0118124,0.9995967064519461,-7.0007078923142485,0.002031744300264758,4.50852816225582e-07,-3.8578765509124893e-07,nan,nan,nan,nan,nan,nan,nan,nan,1081.0,0.46412068605422974,15.630531311035156,2.5893177977874253,2.6925225380915907,1.1590460538864136,0.46412068605422974,1.9233640432357788,0.0,0.0,-0.19201783875728734,0.2619422556997352,4.245052509490783
1776384092.0616302,0.9995967123033256,-7.000707892216371,0.002031744668186787,4.5087893472684397e-07,-3.8581572702831934e-07,nan,nan,nan,nan,nan,nan,nan,nan,1081.0,0.46412068605422974,15.630531311035156,2.5893177977874253,2.6925225380915907,1.1590460538864136,0.46412068605422974,1.9233640432357788,0.0,0.0,-0.19201783930601354,0.2619422553318132,4.245052503638937
1776384092.109415,0.9995967181551677,-7.000707892118492,0.0020317450361483644,4.509047952477926e-07,-3.858421782218623e-07,nan,nan,nan,nan,nan,nan,nan,nan,1081.0,0.4739827811717987,15.662538528442383,2.5894633992803415,2.6933973510155886,1.153059959411621,0.4739827811717987,1.9342585802078247,0.0,0.0,-0.19201783985479032,0.2619422549638516,4.245052497786629
1776384092.1606164,0.9995967181551677,-7.000707892118492,0.0020317450361483644,4.509047952477926e-07,-3.858421782218623e-07,nan,nan,nan,nan,nan,nan,nan,nan,1081.0,0.4739827811717987,15.662538528442383,2.5894633992803415,2.6933973510155886,1.153059959411621,0.4739827811717987,1.9342585802078247,0.0,0.0,-0.19201783985479032,0.2619422549638516,4.245052497786629
1776384092.2097428,0.9995967240074675,-7.000707892020615,0.0020317454041513415,4.5093044831912185e-07,-3.85869691029459e-07,nan,nan,nan,nan,nan,nan,nan,nan,1081.0,0.4739827811717987,15.662538528442383,2.5894633992803415,2.6933973510155886,1.153059959411621,0.4739827811717987,1.9342585802078247,0.0,0.0,-0.1920178404036165,0.26194225459584863,4.245052491933863
1776384092.2595484,0.9995967298602209,-7.000707891922737,0.0020317457721771197,4.5095580506284713e-07,-3.858970193953029e-07,nan,nan,nan,nan,nan,nan,nan,nan,1081.0,0.4739827811717987,15.662538528442383,2.5894633992803415,2.6933973510155886,1.153059959411621,0.4739827811717987,1.9342585802078247,0.0,0.0,-0.19201784095247126,0.26194225422782286,4.2450524860806444
1776384092.324619,0.9995967357134217,-7.0007078918248595,0.002031746140246749,4.5098105963985876e-07,-3.859234712150765e-07,nan,nan,nan,nan,nan,nan,nan,nan,1081.0,0.46791812777519226,15.628196716308594,2.5895127472945876,2.693200555243299,1.1593527793884277,0.46791812777519226,1.931843638420105,0.0,0.0,-0.1920178415013794,0.2619422538597532,4.245052480226978
1776384092.3617032,0.9995967357134217,-7.0007078918248595,0.002031746140246749,4.5098105963985876e-07,-3.859234712150765e-07,nan,nan,nan,nan,nan,nan,nan,nan,1081.0,0.46791812777519226,15.628196716308594,2.5895127472945876,2.693200555243299,1.1593527793884277,0.46791812777519226,1.931843638420105,0.0,0.0,-0.1920178415013794,0.2619422538597532,4.245052480226978
1776384092.412467,0.9995967415670672,-7.000707891726982,0.0020317465083476583,4.510060367308026e-07,-3.8595176382319657e-07,nan,nan,nan,nan,nan,nan,nan,nan,1081.0,0.46791812777519226,15.628196716308594,2.5895127472945876,2.693200555243299,1.1593527793884277,0.46791812777519226,1.931843638420105,0.0,0.0,-0.192017842050326,0.26194225349165234,4.245052474372865
1776384092.4669898,0.9995967474211518,-7.000707891629103,0.002031746876478255,4.5103071081424093e-07,-3.859788531121854e-07,nan,nan,nan,nan,nan,nan,nan,nan,1081.0,0.4734266698360443,15.637516021728516,2.589564589550934,2.693197859212048,1.1538335084915161,0.4734266698360443,1.938408613204956,0.0,0.0,-0.19201784259931076,0.2619422531235217,4.245052468518315
1776384092.5105128,0.9995967532756719,-7.000707891531227,0.002031747244653222,4.5105520145667265e-07,-3.86005351561653e-07,nan,nan,nan,nan,nan,nan,nan,nan,1081.0,0.4734266698360443,15.637516021728516,2.589564589550934,2.693197859212048,1.1538335084915161,0.4734266698360443,1.938408613204956,0.0,0.0,-0.1920178431483478,0.26194225275534677,4.245052462663329
1776384092.560389,0.9995967591306218,-7.0007078914333505,0.002031747612851889,4.510794806592059e-07,-3.860333302916219e-07,nan,nan,nan,nan,nan,nan,nan,nan,1081.0,0.4734266698360443,15.637516021728516,2.589564589550934,2.693197859212048,1.1538335084915161,0.4734266698360443,1.938408613204956,0.0,0.0,-0.19201784369741376,0.2619422523871481,4.245052456807913
1776384092.611582,0.9995967649859983,-7.000707891335472,0.002031747981088892,4.511034966320043e-07,-3.860598123866884e-07,nan,nan,nan,nan,nan,nan,nan,nan,1081.0,0.4667189419269562,15.640600204467773,2.589051811040054,2.693051452312064,1.1359026432037354,0.4667189419269562,1.9319690465927124,0.0,0.0,-0.19201784424652887,0.2619422520189111,4.24505245095207
1776384092.6608477,0.9995967708417967,-7.000707891237595,0.0020317483493616554,4.5112734329615537e-07,-3.8608774893171795e-07,nan,nan,nan,nan,nan,nan,nan,nan,1081.0,0.4667189419269562,15.640600204467773,2.589051811040054,2.693051452312064,1.1359026432037354,0.4667189419269562,1.9319690465927124,0.0,0.0,-0.19201784479568715,0.26194225165063834,4.245052445095806
1776384092.7137728,0.9995967766980123,-7.000707891139718,0.002031748717657286,4.51150922285676e-07,-3.8611483851246916e-07,nan,nan,nan,nan,nan,nan,nan,nan,1081.0,0.4629411995410919,15.632115364074707,2.589318236716912,2.6925369909693626,1.1537848711013794,0.4629411995410919,1.9253510236740112,0.0,0.0,-0.1920178453448734,0.2619422512823427,4.245052439239124
1776384092.7606192,0.9995967825546409,-7.000707891041844,0.0020317490859956657,4.511743416274016e-07,-3.8614054303983225e-07,nan,nan,nan,nan,nan,nan,nan,nan,1081.0,0.4629411995410919,15.632115364074707,2.589318236716912,2.6925369909693626,1.1537848711013794,0.4629411995410919,1.9253510236740112,0.0,0.0,-0.19201784589410897,0.2619422509140043,4.245052433382028
1776384092.8126633,0.9995967884116791,-7.000707890943967,0.0020317494543624997,4.511974791025783e-07,-3.86168610126608e-07,nan,nan,nan,nan,nan,nan,nan,nan,1081.0,0.4629411995410919,15.632115364074707,2.589318236716912,2.6925369909693626,1.1537848711013794,0.4629411995410919,1.9253510236740112,0.0,0.0,-0.19201784644338307,0.26194225054563747,4.2450524275245245
1776384092.8594744,0.9995967942691217,-7.00070789084609,0.002031749822754543,4.512204481953075e-07,-3.8619562163302346e-07,nan,nan,nan,nan,nan,nan,nan,nan,1081.0,0.4575994908809662,15.629523277282715,2.589238431253001,2.6930361509042666,1.1573760509490967,0.4575994908809662,1.9409030675888062,0.0,0.0,-0.19201784699268803,0.26194225017724543,4.245052421666616
1776384092.90941,0.9995967942691217,-7.00070789084609,0.002031749822754543,4.512204481953075e-07,-3.8619562163302346e-07,nan,nan,nan,nan,nan,nan,nan,nan,1081.0,0.4575994908809662,15.629523277282715,2.589238431253001,2.6930361509042666,1.1573760509490967,0.4575994908809662,1.9409030675888062,0.0,0.0,-0.19201784699268803,0.26194225017724543,4.245052421666616
1776384092.9649513,0.9995968001269648,-7.000707890748213,0.0020317501911893735,4.512433186869164e-07,-3.86222130292302e-07,nan,nan,nan,nan,nan,nan,nan,nan,1081.0,0.4575994908809662,15.629523277282715,2.589238431253001,2.6930361509042666,1.1573760509490967,0.4575994908809662,1.9409030675888062,0.0,0.0,-0.19201784754204512,0.2619422498088106,4.245052415808306
1776384093.0098524,0.9995968059852054,-7.0007078906503395,0.0020317505596537514,4.512658299050593e-07,-3.8624997848653576e-07,nan,nan,nan,nan,nan,nan,nan,nan,1081.0,0.4694797992706299,15.642544746398926,2.588929028421723,2.693237915005055,1.1411123275756836,0.4694797992706299,1.9399614334106445,0.0,0.0,-0.19201784809143588,0.2619422494403462,4.245052409949601
1776384093.0596328,0.9995968118438381,-7.000707890552462,0.0020317509281382994,4.5128815194450275e-07,-3.8627685059503387e-07,nan,nan,nan,nan,nan,nan,nan,nan,1081.0,0.4694797992706299,15.642544746398926,2.588929028421723,2.693237915005055,1.1411123275756836,0.4694797992706299,1.9399614334106445,0.0,0.0,-0.19201784864085478,0.2619422490718617,4.245052404090502
1776384093.1094315,0.9995968177028595,-7.000707890454585,0.0020317512966680105,4.5131031510580766e-07,-3.863032310832258e-07,nan,nan,nan,nan,nan,nan,nan,nan,1081.0,0.4694797992706299,15.642544746398926,2.588929028421723,2.693237915005055,1.1411123275756836,0.4694797992706299,1.9399614334106445,0.0,0.0,-0.1920178491903297,0.261942248703332,4.245052398231014
1776384093.1614916,0.9995968177028595,-7.000707890454585,0.0020317512966680105,4.5131031510580766e-07,-3.863032310832258e-07,nan,nan,nan,nan,nan,nan,nan,nan,1081.0,0.4694797992706299,15.642544746398926,2.588929028421723,2.693237915005055,1.1411123275756836,0.4694797992706299,1.9399614334106445,0.0,0.0,-0.1920178491903297,0.261942248703332,4.245052398231014
1776384093.2157335,0.9995968235622659,-7.0007078903567095,0.0020317516652207583,4.5133222896770077e-07,-3.8633063849322075e-07,nan,nan,nan,nan,nan,nan,nan,nan,1081.0,0.4678817093372345,15.638463973999023,2.588762198742841,2.6927933661357932,1.1561367511749268,0.4678817093372345,1.9336305856704712,0.0,0.0,-0.19201784973983096,0.26194224833477925,4.245052392371142
1776384093.25952,0.9995968235622659,-7.0007078903567095,0.0020317516652207583,4.5133222896770077e-07,-3.8633063849322075e-07,nan,nan,nan,nan,nan,nan,nan,nan,1081.0,0.4678817093372345,15.638463973999023,2.588762198742841,2.6927933661357932,1.1561367511749268,0.4678817093372345,1.9336305856704712,0.0,0.0,-0.19201784973983096,0.26194224833477925,4.245052392371142
1776384093.3094842,0.9995968294220524,-7.000707890258834,0.0020317520338005894,4.513539522973469e-07,-3.863574742200025e-07,nan,nan,nan,nan,nan,nan,nan,nan,1081.0,0.4678817093372345,15.638463973999023,2.588762198742841,2.6927933661357932,1.1561367511749268,0.4678817093372345,1.9336305856704712,0.0,0.0,-0.19201785028936558,0.2619422479661994,4.245052386510889
1776384093.3604672,0.9995968294220524,-7.000707890258834,0.0020317520338005894,4.513539522973469e-07,-3.863574742200025e-07,nan,nan,nan,nan,nan,nan,nan,nan,1081.0,0.4678817093372345,15.638463973999023,2.588762198742841,2.6927933661357932,1.1561367511749268,0.4678817093372345,1.9336305856704712,0.0,0.0,-0.19201785028936558,0.2619422479661994,4.245052386510889
1776384093.4127033,0.9995968352822163,-7.000707890160961,0.0020317524024222947,4.5137556144700576e-07,-3.8638429708442416e-07,nan,nan,nan,nan,nan,nan,nan,nan,1081.0,0.4678817093372345,15.638463973999023,2.588762198742841,2.6927933661357932,1.1561367511749268,0.4678817093372345,1.9336305856704712,0.0,0.0,-0.19201785083894937,0.26194224759757767,4.24505238065026
1776384093.460117,0.9995968352822163,-7.000707890160961,0.0020317524024222947,4.5137556144700576e-07,-3.8638429708442416e-07,nan,nan,nan,nan,nan,nan,nan,nan,1081.0,0.4691556990146637,15.630182266235352,2.5890234800040117,2.693102986190829,1.152272343635559,0.4691556990146637,1.9350769519805908,0.0,0.0,-0.19201785083894937,0.26194224759757767,4.24505238065026
1776384093.5097876,0.9995968411427536,-7.000707890063087,0.00203175277106915,4.513969503590558e-07,-3.8641131512789825e-07,nan,nan,nan,nan,nan,nan,nan,nan,1081.0,0.4691556990146637,15.630182266235352,2.5890234800040117,2.693102986190829,1.152272343635559,0.4691556990146637,1.9350769519805908,0.0,0.0,-0.19201785138856584,0.26194224722893084,4.245052374789255
1776384093.5669432,0.9995968470036599,-7.00070788996521,0.0020317531397375074,4.514180891687835e-07,-3.8643853154169533e-07,nan,nan,nan,nan,nan,nan,nan,nan,1081.0,0.4691556990146637,15.630182266235352,2.5890234800040117,2.693102986190829,1.152272343635559,0.4691556990146637,1.9350769519805908,0.0,0.0,-0.1920178519382104,0.26194224686026246,4.245052368927884
1776384093.609606,0.9995968470036599,-7.00070788996521,0.0020317531397375074,4.514180891687835e-07,-3.8643853154169533e-07,nan,nan,nan,nan,nan,nan,nan,nan,1081.0,0.46421122550964355,15.64814281463623,2.5893420478351463,2.6930146732462257,1.1459664106369019,0.46421122550964355,1.9294519424438477,0.0,0.0,-0.1920178519382104,0.26194224686026246,4.245052368927884
1776384093.6594431,0.999596852864932,-7.0007078898673365,0.002031753508447275,4.514390991235186e-07,-3.8646475454345647e-07,nan,nan,nan,nan,nan,nan,nan,nan,1081.0,0.46421122550964355,15.64814281463623,2.5893420478351463,2.6930146732462257,1.1459664106369019,0.46421122550964355,1.9294519424438477,0.0,0.0,-0.1920178524879036,0.26194224649155273,4.245052363066145
1776384093.710584,0.9995968587265665,-7.000707889769463,0.0020317538771858785,4.5145985730242126e-07,-3.864923274448776e-07,nan,nan,nan,nan,nan,nan,nan,nan,1081.0,0.46421122550964355,15.64814281463623,2.5893420478351463,2.6930146732462257,1.1459664106369019,0.46421122550964355,1.9294519424438477,0.0,0.0,-0.1920178530376323,0.2619422461228141,4.245052357204044
1776384093.7604694,0.9995968587265665,-7.000707889769463,0.0020317538771858785,4.514805446152132e-07,-3.8651896351236255e-07,nan,nan,nan,nan,nan,nan,nan,nan,1081.0,0.46421122550964355,15.64814281463623,2.5893420478351463,2.6930146732462257,1.1459664106369019,0.46421122550964355,1.9294519424438477,0.0,0.0,-0.1920178530376323,0.2619422461228141,4.245052357204044
1776384093.8097157,0.9995968645885582,-7.00070788967159,0.002031754245941617,4.514805446152132e-07,-3.8651896351236255e-07,nan,nan,nan,nan,nan,nan,nan,nan,1081.0,0.4747511148452759,15.655839920043945,2.5892980246771056,2.692833921343316,1.1481860876083374,0.4747511148452759,1.933435082435608,0.0,0.0,-0.19201785358738097,0.2619422457540584,4.245052351341587
1776384093.859781,0.9995968704509048,-7.0007078895737145,0.0020317546147344623,4.5150100418927483e-07,-3.8654477509519864e-07,nan,nan,nan,nan,nan,nan,nan,nan,1081.0,0.4747511148452759,15.655839920043945,2.5892980246771056,2.692833921343316,1.1481860876083374,0.4747511148452759,1.933435082435608,0.0,0.0,-0.19201785413717823,0.2619422453852655,4.245052345478776
1776384093.911024,0.9995968763136032,-7.000707889475841,0.0020317549835635242,4.5152119249445574e-07,-3.8657251549687293e-07,nan,nan,nan,nan,nan,nan,nan,nan,1081.0,0.4747511148452759,15.655839920043945,2.5892980246771056,2.692833921343316,1.1481860876083374,0.4747511148452759,1.933435082435608,0.0,0.0,-0.19201785468701854,0.2619422450164365,4.245052339615611
1776384093.9597507,0.9995968821766485,-7.000707889377968,0.0020317553524087577,4.515412637965818e-07,-3.865991763835197e-07,nan,nan,nan,nan,nan,nan,nan,nan,1081.0,0.4599016308784485,15.630125045776367,2.589064597063435,2.693310756872665,1.1388474702835083,0.4599016308784485,1.9389827251434326,0.0,0.0,-0.19201785523687762,0.26194224464759125,4.245052333752099
1776384094.0137577,0.9995968880400378,-7.000707889280095,0.002031755721284567,4.5156116012010845e-07,-3.8662579426088605e-07,nan,nan,nan,nan,nan,nan,nan,nan,1081.0,0.4599016308784485,15.630125045776367,2.589064597063435,2.693310756872665,1.1388474702835083,0.4599016308784485,1.9389827251434326,0.0,0.0,-0.1920178557867744,0.26194224427871543,4.245052327888244
1776384094.059389,0.9995968939037679,-7.000707889182222,0.002031756090198235,4.515808867144993e-07,-3.866526100746744e-07,nan,nan,nan,nan,nan,nan,nan,nan,1081.0,0.46653345227241516,15.638030052185059,2.5884863060453664,2.6931014674707168,1.135512351989746,0.46653345227241516,1.933519959449768,0.0,0.0,-0.19201785633671817,0.26194224390980175,4.245052322024048
1776384094.11059,0.9995968939037679,-7.000707889182222,0.002031756090198235,4.515808867144993e-07,-3.866526100746744e-07,nan,nan,nan,nan,nan,nan,nan,nan,1081.0,0.46653345227241516,15.638030052185059,2.5884863060453664,2.6931014674707168,1.135512351989746,0.46653345227241516,1.933519959449768,0.0,0.0,-0.19201785633671817,0.26194224390980175,4.245052322024048
1776384094.1615503,0.9995968997678352,-7.00070788908435,0.002031756459131026,4.5160039370073087e-07,-3.866792775186684e-07,nan,nan,nan,nan,nan,nan,nan,nan,1081.0,0.46653345227241516,15.638030052185059,2.5884863060453664,2.6931014674707168,1.135512351989746,0.46653345227241516,1.933519959449768,0.0,0.0,-0.19201785688668438,0.261942243540869,4.245052316159515
1776384094.2165112,0.9995969056322357,-7.000707888986477,0.002031756828089971,4.516197438780748e-07,-3.867058881968592e-07,nan,nan,nan,nan,nan,nan,nan,nan,1081.0,0.46653345227241516,15.638030052185059,2.5884863060453664,2.6931014674707168,1.135512351989746,0.46653345227241516,1.933519959449768,0.0,0.0,-0.19201785743668456,0.26194224317191,4.245052310294649
1776384094.2595863,0.9995969056322357,-7.000707888986477,0.002031756828089971,4.516197438780748e-07,-3.867058881968592e-07,nan,nan,nan,nan,nan,nan,nan,nan,1081.0,0.4637107849121094,15.628134727478027,2.588602959006942,2.6921148451685686,1.1458269357681274,0.4637107849121094,1.9292105436325073,0.0,0.0,-0.19201785743668456,0.26194224317191,4.245052310294649
1776384094.3094494,0.9995969114969667,-7.000707888888606,0.002031757197086987,4.5163898231642536e-07,-3.867318954915405e-07,nan,nan,nan,nan,nan,nan,nan,nan,1081.0,0.4637107849121094,15.628134727478027,2.588602959006942,2.6921148451685686,1.1458269357681274,0.4637107849121094,1.9292105436325073,0.0,0.0,-0.19201785798672932,0.261942242802913,4.245052304429452
1776384094.3626785,0.9995969173620255,-7.000707888790735,0.0020317575661084886,4.516580276282391e-07,-3.8675915494093444e-07,nan,nan,nan,nan,nan,nan,nan,nan,1081.0,0.4637107849121094,15.628134727478027,2.588602959006942,2.6921148451685686,1.1458269357681274,0.4637107849121094,1.9292105436325073,0.0,0.0,-0.19201785853680417,0.2619422424338915,4.245052298563926
1776384094.4254797,0.9995969232274073,-7.000707888692865,0.0020317579351492162,4.516768582745299e-07,-3.8678565875894296e-07,nan,nan,nan,nan,nan,nan,nan,nan,1081.0,0.4609741270542145,15.635956764221191,2.5894137182023984,2.693068432351224,1.1533244848251343,0.4609741270542145,1.9347511529922485,0.0,0.0,-0.1920178590869008,0.2619422420648508,4.2450522926980785
1776384094.4595852,0.9995969290931099,-7.000707888594995,0.0020317583042255634,4.516955654733043e-07,-3.868120479510373e-07,nan,nan,nan,nan,nan,nan,nan,nan,1081.0,0.4609741270542145,15.635956764221191,2.5894137182023984,2.693068432351224,1.1533244848251343,0.4609741270542145,1.9347511529922485,0.0,0.0,-0.19201785963704243,0.2619422416957744,4.24505228683191
1776384094.509318,0.9995969290931099,-7.000707888594995,0.0020317583042255634,4.516955654733043e-07,-3.868120479510373e-07,nan,nan,nan,nan,nan,nan,nan,nan,1081.0,0.4609741270542145,15.635956764221191,2.5894137182023984,2.693068432351224,1.1533244848251343,0.4609741270542145,1.9347511529922485,0.0,0.0,-0.19201785963704243,0.2619422416957744,4.24505228683191
1776384094.6316292,0.9995969349591302,-7.000707888497124,0.0020317586733342415,4.517141124796913e-07,-3.8683800541790446e-07,nan,nan,nan,nan,nan,nan,nan,nan,1081.0,0.4609741270542145,15.635956764221191,2.5894137182023984,2.693068432351224,1.1533244848251343,0.4609741270542145,1.9347511529922485,0.0,0.0,-0.19201786018722497,0.26194224132666577,4.2450522809654245
1776384094.6597896,0.9995969408254646,-7.000707888399254,0.0020317590424576383,4.517324665035879e-07,-3.8686551158970327e-07,nan,nan,nan,nan,nan,nan,nan,nan,1081.0,0.4710182845592499,15.641100883483887,2.5891431066639217,2.6933381772803857,1.1382081508636475,0.4710182845592499,1.9327317476272583,0.0,0.0,-0.1920178607374245,0.26194224095754237,4.245052275098624
1776384094.7114987,0.999596946692109,-7.000707888301385,0.0020317594116081323,4.517507331914305e-07,-3.8689103476611534e-07,nan,nan,nan,nan,nan,nan,nan,nan,1081.0,0.4710182845592499,15.641100883483887,2.5891431066639217,2.6933381772803857,1.1382081508636475,0.4710182845592499,1.9327317476272583,0.0,0.0,-0.19201786128765658,0.26194224058839183,4.245052269231513
1776384094.7595146,0.9995969525590616,-7.000707888203516,0.0020317597807934353,4.517687371513585e-07,-3.869171471301439e-07,nan,nan,nan,nan,nan,nan,nan,nan,1081.0,0.46630915999412537,15.644118309020996,2.589835833416947,2.693341608021297,1.1617748737335205,0.46630915999412537,1.9390344619750977,0.0,0.0,-0.19201786183793093,0.26194224021920653,4.245052263364095
1776384094.809674,0.9995969584263191,-7.000707888105649,0.0020317601500046767,4.5178667247417513e-07,-3.8694482859013043e-07,nan,nan,nan,nan,nan,nan,nan,nan,1081.0,0.46630915999412537,15.644118309020996,2.589835833416947,2.693341608021297,1.1617748737335205,0.46630915999412537,1.9390344619750977,0.0,0.0,-0.19201786238823637,0.2619422398499953,4.245052257496372
1776384094.8624706,0.999596964293878,-7.0007078880077795,0.0020317605192326955,4.518043928985832e-07,-3.8697119987908175e-07,nan,nan,nan,nan,nan,nan,nan,nan,1081.0,0.46630915999412537,15.644118309020996,2.589835833416947,2.693341608021297,1.1617748737335205,0.46630915999412537,1.9390344619750977,0.0,0.0,-0.19201786293856407,0.2619422394807673,4.245052251628348
1776384094.9116316,0.999596964293878,-7.0007078880077795,0.0020317605192326955,4.518043928985832e-07,-3.8697119987908175e-07,nan,nan,nan,nan,nan,nan,nan,nan,1081.0,0.4639066457748413,15.641088485717773,2.589408997939098,2.693610636444688,1.1402679681777954,0.4639066457748413,1.9389674663543701,0.0,0.0,-0.19201786293856407,0.2619422394807673,4.245052251628348
1776384094.962514,0.9995969701617355,-7.000707887909912,0.002031760888491453,4.518219874745559e-07,-3.8699714392281516e-07,nan,nan,nan,nan,nan,nan,nan,nan,1081.0,0.4639066457748413,15.641088485717773,2.589408997939098,2.693610636444688,1.1402679681777954,0.4639066457748413,1.9389674663543701,0.0,0.0,-0.19201786348892805,0.26194223911150855,4.245052245760023
1776384095.0251622,0.9995969760298888,-7.000707887812043,0.002031761257782621,4.518394521333374e-07,-3.8702291616654115e-07,0.0,0.0,nan,nan,nan,nan,nan,nan,1081.0,0.4639066457748413,15.641088485717773,2.589408997939098,2.693610636444688,1.1402679681777954,0.4639066457748413,1.9389674663543701,0.0,0.0,-0.19201786403933396,0.2619422387422174,4.245052239891405
1776384095.0687547,0.9995969760298888,-7.000707887812043,0.002031761257782621,4.518394521333374e-07,-3.8702291616654115e-07,0.0,0.0,nan,nan,nan,nan,nan,nan,1081.0,0.4639066457748413,15.641088485717773,2.589408997939098,2.693610636444688,1.1402679681777954,0.4639066457748413,1.9389674663543701,0.0,0.0,-0.19201786403933396,0.2619422387422174,4.245052239891405
1776384095.1102319,0.9995969818983358,-7.000707887714175,0.00203176162709081,4.5185674670108136e-07,-3.870502295845911e-07,0.0,0.0,nan,nan,nan,nan,nan,nan,1081.0,0.4734591543674469,15.635992050170898,2.589271706386808,2.6932259285624696,1.1400146484375,0.4734591543674469,1.933190941810608,0.0,0.0,-0.19201786458975892,0.2619422383729092,4.245052234022492
1776384095.163851,0.9995969877670723,-7.000707887616308,0.002031761996415415,4.5187386890034593e-07,-3.870767579748784e-07,0.0,0.0,nan,nan,nan,nan,nan,nan,1081.0,0.4734591543674469,15.635992050170898,2.589271706386808,2.6932259285624696,1.1400146484375,0.4734591543674469,1.933190941810608,0.0,0.0,-0.1920178651402039,0.26194223800358457,4.24505222815329
1776384095.219795,0.9995969877670723,-7.000707887616308,0.002031761996415415,4.5187386890034593e-07,-3.870767579748784e-07,0.0,0.0,nan,nan,nan,nan,nan,nan,1081.0,0.4734591543674469,15.635992050170898,2.589271706386808,2.6932259285624696,1.1400146484375,0.4734591543674469,1.933190941810608,0.0,0.0,-0.1920178651402039,0.26194223800358457,4.24505222815329
1776384095.260337,0.999596999505403,-7.000707887420576,0.0020317627351658465,4.519077710857651e-07,-3.871288126247379e-07,0.0,0.0,nan,nan,nan,nan,nan,nan,1081.0,0.4625972807407379,15.636225700378418,2.5887781067593685,2.692714061915508,1.1573916673660278,0.4625972807407379,1.9325977563858032,0.0,0.0,-0.19201786624121592,0.2619422372648341,4.2450522164140265
1776384095.3094807,0.9995970053749921,-7.00070788732271,0.0020317631045767112,4.5192448736500625e-07,-3.871550465644882e-07,0.0,0.0,nan,nan,nan,nan,nan,nan,1081.0,0.4625972807407379,15.636225700378418,2.5887781067593685,2.692714061915508,1.1573916673660278,0.4625972807407379,1.9325977563858032,0.0,0.0,-0.19201786679176677,0.2619422368954233,4.245052210543972
1776384095.3616917,0.9995970053749921,-7.00070788732271,0.0020317631045767112,4.5192448736500625e-07,-3.871550465644882e-07,0.0,0.0,nan,nan,nan,nan,nan,nan,1081.0,0.4625972807407379,15.636225700378418,2.5887781067593685,2.692714061915508,1.1573916673660278,0.4625972807407379,1.9325977563858032,0.0,0.0,-0.19201786679176677,0.2619422368954233,4.245052210543972
1776384095.4109278,0.9995970112448598,-7.000707887224844,0.00203176347400318,4.519409925296163e-07,-3.871813862629839e-07,0.0,0.0,nan,nan,nan,nan,nan,nan,1081.0,0.4629904329776764,15.625749588012695,2.5892620850612893,2.6929574752741625,1.143672227859497,0.4629904329776764,1.9269962310791016,0.0,0.0,-0.19201786734233578,0.2619422365259968,4.245052204673638
1776384095.459394,0.9995970171150027,-7.000707887126978,0.0020317638434639487,4.519574443111782e-07,-3.872072002973167e-07,0.0,0.0,nan,nan,nan,nan,nan,nan,1081.0,0.4629904329776764,15.625749588012695,2.5892620850612893,2.6929574752741625,1.143672227859497,0.4629904329776764,1.9269962310791016,0.0,0.0,-0.1920178678929474,0.26194223615653606,4.24505219880303
1776384095.5095007,0.999597022985419,-7.000707887029115,0.002031764212955989,4.5197371712505237e-07,-3.872340817225695e-07,0.0,0.0,nan,nan,nan,nan,nan,nan,1081.0,0.4629904329776764,15.625749588012695,2.5892620850612893,2.6929574752741625,1.143672227859497,0.4629904329776764,1.9269962310791016,0.0,0.0,-0.1920178684435951,0.261942235787044,4.245052192932148
1776384095.5594542,0.9995970288561051,-7.000707886931253,0.002031764582461813,4.519899349922623e-07,-3.872600368571725e-07,0.0,0.0,nan,nan,nan,nan,nan,nan,1081.0,0.4739912152290344,15.643281936645508,2.5895248804513664,2.692758791931964,1.1467912197113037,0.4739912152290344,1.9360984563827515,0.0,0.0,-0.19201786899425874,0.2619422354175382,4.245052187060997
1776384095.6095898,0.9995970347270589,-7.000707886833389,0.00203176495198545,4.5200596342706957e-07,-3.872862479059229e-07,0.0,0.0,nan,nan,nan,nan,nan,nan,1081.0,0.4739912152290344,15.643281936645508,2.5895248804513664,2.692758791931964,1.1467912197113037,0.4739912152290344,1.9360984563827515,0.0,0.0,-0.19201786954494593,0.26194223504801456,4.245052181189576
1776384095.659494,0.9995970405982776,-7.000707886735525,0.0020317653215425257,4.520217831619015e-07,-3.8731155481452596e-07,0.0,0.0,nan,nan,nan,nan,nan,nan,1081.0,0.4739912152290344,15.643281936645508,2.5895248804513664,2.692758791931964,1.1467912197113037,0.4739912152290344,1.9360984563827515,0.0,0.0,-0.19201787009567467,0.26194223467845745,4.245052175317892
1776384095.7096775,0.9995970464697582,-7.000707886637664,0.0020317656911337293,4.5203760329688563e-07,-3.873382685936156e-07,0.0,0.0,nan,nan,nan,nan,nan,nan,1081.0,0.4639153480529785,15.641400337219238,2.5897285104018466,2.6930062023157992,1.1507210731506348,0.4639153480529785,1.9320038557052612,0.0,0.0,-0.19201787064644318,0.26194223430886626,4.2450521694459455
1776384095.760614,0.9995970523414995,-7.000707886539802,0.002031766060739958,4.52053123068436e-07,-3.8736451664871047e-07,0.0,0.0,nan,nan,nan,nan,nan,nan,1081.0,0.4639153480529785,15.641400337219238,2.5897285104018466,2.6930062023157992,1.1507210731506348,0.4639153480529785,1.9320038557052612,0.0,0.0,-0.19201787119723088,0.26194223393926,4.245052163573738
1776384095.8094049,0.9995970523414995,-7.000707886539802,0.002031766060739958,4.52053123068436e-07,-3.8736451664871047e-07,0.0,0.0,nan,nan,nan,nan,nan,nan,1081.0,0.4714207053184509,15.63153076171875,2.589283974026222,2.6932167633347883,1.1554617881774902,0.4714207053184509,1.931304693222046,0.0,0.0,-0.19201787119723088,0.26194223393926,4.245052163573738
1776384095.85952,0.9995970582134972,-7.0007078864419405,0.0020317664303595136,4.5206859718301146e-07,-3.8739046563382906e-07,0.0,0.0,nan,nan,nan,nan,nan,nan,1081.0,0.4714207053184509,15.63153076171875,2.589283974026222,2.6932167633347883,1.1554617881774902,0.4714207053184509,1.931304693222046,0.0,0.0,-0.19201787174803392,0.26194223356964047,4.2450521577012745
1776384095.9114645,0.9995970640857491,-7.000707886344079,0.00203176680000963,4.520839639138974e-07,-3.874161969965983e-07,0.0,0.0,nan,nan,nan,nan,nan,nan,1081.0,0.4714207053184509,15.63153076171875,2.589283974026222,2.6932167633347883,1.1554617881774902,0.4714207053184509,1.931304693222046,0.0,0.0,-0.19201787229887493,0.2619422331999904,4.245052151828558
1776384095.9596121,0.9995970699582533,-7.000707886246221,0.0020317671696918897,4.5209919456012766e-07,-3.874416877243573e-07,0.0,0.0,nan,nan,nan,nan,nan,nan,1081.0,0.465352326631546,15.639455795288086,2.5894523577818047,2.69273813635797,1.1550720930099487,0.465352326631546,1.932364583015442,0.0,0.0,-0.19201787284975316,0.2619422328303081,4.245052145955588
1776384096.015637,0.9995970758310072,-7.000707886148361,0.002031767539389075,4.521143192251653e-07,-3.8746801261961064e-07,0.0,0.0,nan,nan,nan,nan,nan,nan,1081.0,0.465352326631546,15.639455795288086,2.5894523577818047,2.69273813635797,1.1550720930099487,0.465352326631546,1.932364583015442,0.0,0.0,-0.19201787340065055,0.26194223246061094,4.245052140082368
1776384096.06153,0.9995970817040085,-7.000707886050501,0.002031767909104634,4.521292515217064e-07,-3.874946530453089e-07,0.0,0.0,nan,nan,nan,nan,nan,nan,1081.0,0.465352326631546,15.639455795288086,2.5894523577818047,2.69273813635797,1.1550720930099487,0.465352326631546,1.932364583015442,0.0,0.0,-0.1920178739515714,0.26194223209089534,4.245052134208901
1776384096.1115806,0.999597087577254,-7.000707885952641,0.002031768278844695,4.5214407623635294e-07,-3.8752033240366436e-07,0.0,0.0,nan,nan,nan,nan,nan,nan,1081.0,0.4668382704257965,15.65549373626709,2.589278614184682,2.6934463059627483,1.144593596458435,0.4668382704257965,1.9286978244781494,0.0,0.0,-0.19201787450252167,0.26194223172115527,4.245052128335191
1776384096.1626227,0.9995970934507419,-7.000707885854783,0.002031768648612069,4.5215879371607653e-07,-3.875453420174671e-07,0.0,0.0,nan,nan,nan,nan,nan,nan,1081.0,0.4668382704257965,15.65549373626709,2.589278614184682,2.6934463059627483,1.144593596458435,0.4668382704257965,1.9286978244781494,0.0,0.0,-0.19201787505350495,0.26194223135138794,4.245052122461236
1776384096.2094996,0.99959709932447,-7.000707885756925,0.0020317690184047856,4.52173487180101e-07,-3.875723032331512e-07,0.0,0.0,nan,nan,nan,nan,nan,nan,1081.0,0.4668382704257965,15.65549373626709,2.589278614184682,2.6934463059627483,1.144593596458435,0.4668382704257965,1.9286978244781494,0.0,0.0,-0.19201787560451872,0.2619422309815952,4.2450521165870425
1776384096.2605891,0.999597105198436,-7.000707885659068,0.0020317693882175485,4.521879296913811e-07,-3.875981935774283e-07,0.0,0.0,nan,nan,nan,nan,nan,nan,1081.0,0.4671051502227783,15.644207954406738,2.589697888639655,2.693570162907901,1.1559557914733887,0.4671051502227783,1.928507685661316,0.0,0.0,-0.1920178761555563,0.26194223061178246,4.245052110712611
1776384096.3096685,0.9995971110726367,-7.000707885561212,0.002031769758043822,4.522022703475083e-07,-3.8762337457431686e-07,0.0,0.0,nan,nan,nan,nan,nan,nan,1081.0,0.4671051502227783,15.644207954406738,2.589697888639655,2.693570162907901,1.1559557914733887,0.4671051502227783,1.928507685661316,0.0,0.0,-0.1920178767066095,0.2619422302419562,4.245052104837944
1776384096.3612442,0.9995971169470699,-7.000707885463358,0.002031770127897182,4.522165453373368e-07,-3.8764935782799726e-07,0.0,0.0,nan,nan,nan,nan,nan,nan,1081.0,0.4699110984802246,15.63340950012207,2.5891834381661076,2.693159828910826,1.1404885053634644,0.4699110984802246,1.9267750978469849,0.0,0.0,-0.19201787725769456,0.2619422298721028,4.245052098963045
1776384096.411794,0.9995971228217341,-7.000707885365502,0.002031770497784462,4.522306609199139e-07,-3.876746761225142e-07,0.0,0.0,nan,nan,nan,nan,nan,nan,1081.0,0.4699110984802246,15.63340950012207,2.5891834381661076,2.693159828910826,1.1404885053634644,0.4699110984802246,1.9267750978469849,0.0,0.0,-0.1920178778088235,0.2619422295022155,4.245052093087915
1776384096.4616692,0.9995971286966273,-7.000707885267646,0.0020317708676822616,4.522446850487831e-07,-3.877012282687266e-07,0.0,0.0,nan,nan,nan,nan,nan,nan,1081.0,0.472564160823822,15.644824028015137,2.5893792584193847,2.692795920510549,1.149888515472412,0.472564160823822,1.9298886060714722,0.0,0.0,-0.19201787835996528,0.26194222913231774,4.245052087212557
1776384096.5108237,0.9995971345717461,-7.000707885169792,0.002031771237599378,4.5225854691571813e-07,-3.8772700242466073e-07,0.0,0.0,nan,nan,nan,nan,nan,nan,1081.0,0.472564160823822,15.644824028015137,2.5893792584193847,2.692795920510549,1.149888515472412,0.472564160823822,1.9298886060714722,0.0,0.0,-0.1920178789111291,0.2619422287624006,4.245052081336972
1776384096.5655055,0.9995971404470887,-7.000707885071936,0.002031771607532955,4.522723189478611e-07,-3.8775271685112906e-07,0.0,0.0,nan,nan,nan,nan,nan,nan,1081.0,0.472564160823822,15.644824028015137,2.5893792584193847,2.692795920510549,1.149888515472412,0.472564160823822,1.9298886060714722,0.0,0.0,-0.1920178794623149,0.26194222839246706,4.245052075461164
1776384096.6095514,0.9995971404470887,-7.000707885071936,0.002031771607532955,4.522723189478611e-07,-3.8775271685112906e-07,0.0,0.0,nan,nan,nan,nan,nan,nan,1081.0,0.46634766459465027,15.618603706359863,2.5892146356010968,2.6926348841245575,1.1418594121932983,0.46634766459465027,1.926430344581604,0.0,0.0,-0.1920178794623149,0.26194222839246706,4.245052075461164
1776384096.6626801,0.9995971463226527,-7.000707884974083,0.002031771977496404,4.5228605261066216e-07,-3.8777778489493843e-07,0.0,0.0,nan,nan,nan,nan,nan,nan,1081.0,0.46634766459465027,15.618603706359863,2.5892146356010968,2.6926348841245575,1.1418594121932983,0.46634766459465027,1.926430344581604,0.0,0.0,-0.1920178800135352,0.2619422280225036,4.2450520695851335
1776384096.7106545,0.9995971521984366,-7.00070788487623,0.0020317723474924,4.522996315278475e-07,-3.878036230922285e-07,0.0,0.0,nan,nan,nan,nan,nan,nan,1081.0,0.46634766459465027,15.618603706359863,2.5892146356010968,2.6926348841245575,1.1418594121932983,0.46634766459465027,1.926430344581604,0.0,0.0,-0.19201788056479507,0.2619422276525076,4.2450520637088855
1776384096.7599728,0.9995971580744384,-7.000707884778379,0.0020317727174949548,4.523130882930663e-07,-3.878298381637846e-07,0.0,0.0,nan,nan,nan,nan,nan,nan,1081.0,0.46652552485466003,15.642253875732422,2.5895033926185254,2.6930660550696386,1.149656891822815,0.46652552485466003,1.9304049015045166,0.0,0.0,-0.19201788111606186,0.26194222728250505,4.245052057832417
1776384096.818098,0.9995971639506549,-7.000707884680528,0.002031773087514566,4.523264171221073e-07,-3.87855615055672e-07,0.0,0.0,nan,nan,nan,nan,nan,nan,1081.0,0.46652552485466003,15.642253875732422,2.5895033926185254,2.6930660550696386,1.149656891822815,0.46652552485466003,1.9304049015045166,0.0,0.0,-0.19201788166734876,0.2619422269124854,4.245052051955735
1776384096.8682103,0.9995971698270847,-7.000707884582677,0.0020317734575567956,4.5233961529721186e-07,-3.8788050015861175e-07,0.0,0.0,nan,nan,nan,nan,nan,nan,1081.0,0.46652552485466003,15.642253875732422,2.5895033926185254,2.6930660550696386,1.149656891822815,0.46652552485466003,1.9304049015045166,0.0,0.0,-0.1920178822186646,0.2619422265424432,4.245052046078841
1776384096.909658,0.9995971698270847,-7.000707884582677,0.0020317734575567956,4.523527938208546e-07,-3.879063265799799e-07,0.0,0.0,nan,nan,nan,nan,nan,nan,1081.0,0.46652552485466003,15.642253875732422,2.5895033926185254,2.6930660550696386,1.149656891822815,0.46652552485466003,1.9304049015045166,0.0,0.0,-0.1920178822186646,0.2619422265424432,4.245052046078841
1776384096.9598107,0.9995971757037255,-7.000707884484825,0.002031773827626213,4.523527938208546e-07,-3.879063265799799e-07,0.0,0.0,nan,nan,nan,nan,nan,nan,1081.0,0.46416640281677246,15.632372856140137,2.5895071777891605,2.6933037424905404,1.151251196861267,0.46416640281677246,1.9293714761734009,0.0,0.0,-0.19201788277001414,0.2619422261723738,4.245052040201733
1776384097.012634,0.9995971815805758,-7.0007078843869746,0.0020317741977253145,4.5236580803215036e-07,-3.879314290435875e-07,0.0,0.0,nan,nan,nan,nan,nan,nan,1081.0,0.46416640281677246,15.632372856140137,2.5895071777891605,2.6933037424905404,1.151251196861267,0.46416640281677246,1.9293714761734009,0.0,0.0,-0.19201788332139974,0.26194222580227466,4.245052034324417
1776384097.0626495,0.999597187457633,-7.000707884289125,0.0020317745678328355,4.523787952934406e-07,-3.8795752997721553e-07,0.0,0.0,nan,nan,nan,nan,nan,nan,1081.0,0.46416640281677246,15.632372856140137,2.5895071777891605,2.6933037424905404,1.151251196861267,0.46416640281677246,1.9293714761734009,0.0,0.0,-0.1920178838727946,0.26194222543216716,4.245052028446894
1776384097.1105945,0.9995971933348954,-7.000707884191274,0.0020317749379568685,4.5239156452215124e-07,-3.8798302819445874e-07,0.0,0.0,nan,nan,nan,nan,nan,nan,1081.0,0.4758475422859192,15.639497756958008,2.5890374855240883,2.692817344085206,1.1550214290618896,0.4758475422859192,1.933840036392212,0.0,0.0,-0.1920178844242107,0.2619422250620431,4.245052022569167
1776384097.1618733,0.9995971992123605,-7.000707884093425,0.0020317753080971272,4.5240428002458287e-07,-3.8800832817924404e-07,0.0,0.0,nan,nan,nan,nan,nan,nan,1081.0,0.4758475422859192,15.639497756958008,2.5890374855240883,2.692817344085206,1.1550214290618896,0.4758475422859192,1.933840036392212,0.0,0.0,-0.19201788497564498,0.26194222469190287,4.245052016691237
1776384097.2095256,0.9995971992123605,-7.000707884093425,0.0020317753080971272,4.5240428002458287e-07,-3.8800832817924404e-07,0.0,0.0,nan,nan,nan,nan,nan,nan,1081.0,0.4758475422859192,15.639497756958008,2.5890374855240883,2.692817344085206,1.1550214290618896,0.4758475422859192,1.933840036392212,0.0,0.0,-0.19201788497564498,0.26194222469190287,4.245052016691237
1776384097.260628,0.9995972050900264,-7.000707883995577,0.002031775678269413,4.5241688538277255e-07,-3.880337147656699e-07,0.0,0.0,nan,nan,nan,nan,nan,nan,1081.0,0.4655382037162781,15.637537002563477,2.589611817988723,2.692777932706522,1.1377530097961426,0.4655382037162781,1.9316197633743286,0.0,0.0,-0.1920178855271183,0.2619422243217306,4.245052010813105
1776384097.3121731,0.9995972109678923,-7.000707883897732,0.0020317760484666932,4.524294130959892e-07,-3.8805839859757254e-07,0.0,0.0,nan,nan,nan,nan,nan,nan,1081.0,0.4655382037162781,15.637537002563477,2.589611817988723,2.692777932706522,1.1377530097961426,0.4655382037162781,1.9316197633743286,0.0,0.0,-0.19201788607861997,0.26194222395153327,4.245052004934774
1776384097.359439,0.9995972168459553,-7.000707883799885,0.002031776418684562,4.5244185850911875e-07,-3.8808467763451407e-07,0.0,0.0,nan,nan,nan,nan,nan,nan,1081.0,0.46460866928100586,15.635717391967773,2.589384366939952,2.6930544028578005,1.1461312770843506,0.46460866928100586,1.9401237964630127,0.0,0.0,-0.19201788663014888,0.2619422235813154,4.245051999056245
1776384097.4115663,0.9995972227242137,-7.000707883702039,0.0020317767889026215,4.5245419463444173e-07,-3.88110629531738e-07,0.0,0.0,nan,nan,nan,nan,nan,nan,1081.0,0.46460866928100586,15.635717391967773,2.589384366939952,2.6930544028578005,1.1461312770843506,0.46460866928100586,1.9401237964630127,0.0,0.0,-0.1920178871816767,0.2619422232110974,4.245051993177521
1776384097.4594736,0.999597228602665,-7.000707883604194,0.0020317771591486502,4.5246638123698614e-07,-3.8813576119266893e-07,0.0,0.0,nan,nan,nan,nan,nan,nan,1081.0,0.46460866928100586,15.635717391967773,2.589384366939952,2.6930544028578005,1.1461312770843506,0.46460866928100586,1.9401237964630127,0.0,0.0,-0.1920178877332385,0.26194222284085134,4.245051987298605
1776384097.512437,0.999597234481308,-7.000707883506348,0.0020317775294165907,4.5247852101119674e-07,-3.881603292808376e-07,0.0,0.0,nan,nan,nan,nan,nan,nan,1081.0,0.46460866928100586,15.635717391967773,2.589384366939952,2.6930544028578005,1.1461312770843506,0.46460866928100586,1.9401237964630127,0.0,0.0,-0.1920178882848274,0.2619422224705834,4.245051981419496
1776384097.559477,0.999597234481308,-7.000707883506348,0.0020317775294165907,4.5247852101119674e-07,-3.881603292808376e-07,0.0,0.0,nan,nan,nan,nan,nan,nan,1081.0,0.4663493037223816,15.644112586975098,2.5894872882540416,2.6929335489356623,1.160719871520996,0.4663493037223816,1.93401038646698,0.0,0.0,-0.1920178882848274,0.2619422224705834,4.245051981419496
1776384097.6096084,0.9995972403601405,-7.000707883408504,0.002031777899710256,4.5249056768473094e-07,-3.881854948314448e-07,0.0,0.0,nan,nan,nan,nan,nan,nan,1081.0,0.4663493037223816,15.644112586975098,2.5894872882540416,2.6929335489356623,1.160719871520996,0.4663493037223816,1.93401038646698,0.0,0.0,-0.1920178888364474,0.2619422221002897,4.245051975540198
1776384097.6595244,0.9995972462391618,-7.0007078833106595,0.0020317782700325013,4.525025152088419e-07,-3.882106125505466e-07,0.0,0.0,nan,nan,nan,nan,nan,nan,1081.0,0.4710693061351776,15.636578559875488,2.5895234587344715,2.6930708337625857,1.1321169137954712,0.4710693061351776,1.9336141347885132,0.0,0.0,-0.19201788938810296,0.2619422217299675,4.24505196966071
1776384097.7126577,0.9995972521183691,-7.000707883212817,0.0020317786403579816,4.525143613880403e-07,-3.8823709880234846e-07,0.0,0.0,nan,nan,nan,nan,nan,nan,1081.0,0.4710693061351776,15.636578559875488,2.5895234587344715,2.6930708337625857,1.1321169137954712,0.4710693061351776,1.9336141347885132,0.0,0.0,-0.19201788993976046,0.261942221359642,4.245051963781038
1776384097.7675934,0.9995972638773343,-7.000707883017132,0.0020317793810571746,4.525377687402451e-07,-3.8828709221658794e-07,0.0,0.0,nan,nan,nan,nan,nan,nan,1081.0,0.45747169852256775,15.619272232055664,2.589670373707541,2.692534808064336,1.1613167524337769,0.45747169852256775,1.9343308210372925,0.0,0.0,-0.1920178910431349,0.2619422206189428,4.245051952021142
1776384097.8094673,0.999597269757089,-7.000707882919293,0.0020317797514404394,4.5254944807084205e-07,-3.883111381947649e-07,0.0,0.0,nan,nan,nan,nan,nan,nan,1081.0,0.45747169852256775,15.619272232055664,2.589670373707541,2.692534808064336,1.1613167524337769,0.45747169852256775,1.9343308210372925,0.0,0.0,-0.19201789159486038,0.26194222024855957,4.245051946140922
1776384097.859499,0.999597275637023,-7.000707882821453,0.002031780121853037,4.52560903664314e-07,-3.883368443836038e-07,0.0,0.0,nan,nan,nan,nan,nan,nan,1081.0,0.45747169852256775,15.619272232055664,2.589670373707541,2.692534808064336,1.1613167524337769,0.45747169852256775,1.9343308210372925,0.0,0.0,-0.19201789214662324,0.261942219878147,4.245051940260522
1776384097.9097433,0.9995972815171349,-7.000707882723612,0.00203178049227536,4.5257236513434714e-07,-3.8836206087310004e-07,0.0,0.0,nan,nan,nan,nan,nan,nan,1081.0,0.471647173166275,15.634631156921387,2.589487878786646,2.6932929613022547,1.150740385055542,0.471647173166275,1.932414174079895,0.0,0.0,-0.19201789269839886,0.2619422195077246,4.245051934379945
1776384097.9710932,0.9995972815171349,-7.000707882723612,0.00203178049227536,4.5257236513434714e-07,-3.8836206087310004e-07,0.0,0.0,nan,nan,nan,nan,nan,nan,1081.0,0.471647173166275,15.634631156921387,2.589487878786646,2.6932929613022547,1.150740385055542,0.471647173166275,1.932414174079895,0.0,0.0,-0.19201789269839886,0.2619422195077246,4.245051934379945
1776384098.01103,0.9995972873974224,-7.000707882625773,0.0020317808627197927,4.5258362338170265e-07,-3.8838748778678936e-07,0.0,0.0,nan,nan,nan,nan,nan,nan,1081.0,0.471647173166275,15.634631156921387,2.589487878786646,2.6932929613022547,1.150740385055542,0.471647173166275,1.932414174079895,0.0,0.0,-0.1920178932502002,0.2619422191372802,4.245051928499191
1776384098.059572,0.9995972932778834,-7.000707882527934,0.0020317812331686505,4.5259486252018746e-07,-3.884132465474977e-07,0.0,0.0,nan,nan,nan,nan,nan,nan,1081.0,0.47152531147003174,15.646306991577148,2.5890826704764565,2.6926694352365783,1.1621737480163574,0.47152531147003174,1.932888388633728,0.0,0.0,-0.19201789380200668,0.2619422187668313,4.2450519226182655
1776384098.1094136,0.9995972991585167,-7.000707882430095,0.0020317816036475823,4.5260600419988065e-07,-3.884373482880257e-07,0.0,0.0,nan,nan,nan,nan,nan,nan,1081.0,0.47152531147003174,15.646306991577148,2.5890826704764565,2.6926694352365783,1.1621737480163574,0.47152531147003174,1.932888388633728,0.0,0.0,-0.19201789435385067,0.2619422183963524,4.245051916737167
1776384098.1607752,0.9995973050393205,-7.000707882332257,0.0020317819741433605,4.5261708098643396e-07,-3.8846216377426523e-07,0.0,0.0,nan,nan,nan,nan,nan,nan,1081.0,0.46758732199668884,15.618152618408203,2.5886921332072155,2.693287272804956,1.1469436883926392,0.46758732199668884,1.9362953901290894,0.0,0.0,-0.1920178949057137,0.2619422180258566,4.2450519108558975
1776384098.20926,0.9995973109202937,-7.000707882234419,0.0020317823446690973,4.5262810079443817e-07,-3.8848698162420903e-07,0.0,0.0,nan,nan,nan,nan,nan,nan,1081.0,0.46758732199668884,15.618152618408203,2.5886921332072155,2.693287272804956,1.1469436883926392,0.46758732199668884,1.9362953901290894,0.0,0.0,-0.19201789545761497,0.2619422176553309,4.245051904974459
1776384098.2621565,0.999597316801435,-7.000707882136584,0.0020317827152055126,4.526389504954732e-07,-3.885127441449228e-07,0.0,0.0,nan,nan,nan,nan,nan,nan,1081.0,0.46758732199668884,15.618152618408203,2.5886921332072155,2.693287272804956,1.1469436883926392,0.46758732199668884,1.9362953901290894,0.0,0.0,-0.19201789600952665,0.2619422172847945,4.245051899092852
1776384098.314101,0.9995973226827422,-7.000707882038749,0.002031783085749149,4.526497487811157e-07,-3.8853748263066207e-07,0.0,0.0,nan,nan,nan,nan,nan,nan,1081.0,0.46758732199668884,15.618152618408203,2.5886921332072155,2.693287272804956,1.1469436883926392,0.46758732199668884,1.9362953901290894,0.0,0.0,-0.19201789656144616,0.26194221691425085,4.2450518932110795
1776384098.3623443,0.9995973226827422,-7.000707882038749,0.002031783085749149,4.526497487811157e-07,-3.8853748263066207e-07,0.0,0.0,nan,nan,nan,nan,nan,nan,1081.0,0.4659683406352997,15.64804744720459,2.58929908107432,2.693741810011375,1.1470261812210083,0.4659683406352997,1.9351948499679565,0.0,0.0,-0.19201789656144616,0.26194221691425085,4.2450518932110795
1776384098.432611,0.9995973285642125,-7.000707881940914,0.0020317834563165164,4.526604925451626e-07,-3.885625016044891e-07,0.0,0.0,nan,nan,nan,nan,nan,nan,1081.0,0.4659683406352997,15.64804744720459,2.58929908107432,2.693741810011375,1.1470261812210083,0.4659683406352997,1.9351948499679565,0.0,0.0,-0.1920178971133952,0.2619422165436835,4.245051887329143
1776384098.4662716,0.9995973344458463,-7.0007078818430815,0.002031783826897721,4.5267113648305795e-07,-3.8858706860472437e-07,0.0,0.0,nan,nan,nan,nan,nan,nan,1081.0,0.4659683406352997,15.64804744720459,2.58929908107432,2.693741810011375,1.1470261812210083,0.4659683406352997,1.9351948499679565,0.0,0.0,-0.19201789766535957,0.26194221617310226,4.245051881447044
1776384098.5095155,0.9995973344458463,-7.0007078818430815,0.002031783826897721,4.5267113648305795e-07,-3.8858706860472437e-07,0.0,0.0,nan,nan,nan,nan,nan,nan,1081.0,0.46382007002830505,15.642176628112793,2.58923138585717,2.6932717666347865,1.171451449394226,0.46382007002830505,1.9285041093826294,0.0,0.0,-0.19201789766535957,0.26194221617310226,4.245051881447044
1776384098.5598662,0.9995973403276408,-7.00070788174525,0.00203178419751044,4.526817080713369e-07,-3.886119124286788e-07,0.0,0.0,nan,nan,nan,nan,nan,nan,1081.0,0.46382007002830505,15.642176628112793,2.58923138585717,2.6932717666347865,1.171451449394226,0.46382007002830505,1.9285041093826294,0.0,0.0,-0.1920178982173614,0.26194221580248955,4.2450518755647835
1776384098.6577587,0.9995973462095955,-7.0007078816474175,0.002031784568137948,4.526922509997492e-07,-3.88636624639747e-07,0.0,0.0,nan,nan,nan,nan,nan,nan,1081.0,0.46382007002830505,15.642176628112793,2.58923138585717,2.6932717666347865,1.171451449394226,0.46382007002830505,1.9285041093826294,0.0,0.0,-0.19201789876938333,0.261942215431862,4.2450518696823645
1776384098.6719182,0.9995973462095955,-7.0007078816474175,0.002031784568137948,4.527026722778424e-07,-3.886612171667534e-07,0.0,0.0,nan,nan,nan,nan,nan,nan,1081.0,0.46382007002830505,15.642176628112793,2.58923138585717,2.6932717666347865,1.171451449394226,0.46382007002830505,1.9285041093826294,0.0,0.0,-0.19201789876938333,0.261942215431862,4.2450518696823645
1776384098.7097561,0.9995973520917086,-7.000707881549585,0.0020317849387862423,4.527026722778424e-07,-3.886612171667534e-07,0.0,0.0,nan,nan,nan,nan,nan,nan,1081.0,0.46105167269706726,15.647933959960938,2.5891147012461344,2.6929252980753122,1.1538273096084595,0.46105167269706726,1.9375382661819458,0.0,0.0,-0.19201789932143104,0.26194221506121373,4.245051863799786
1776384098.7695384,0.9995973579739785,-7.0007078814517545,0.0020317853094440792,4.5271301188198163e-07,-3.886868374804553e-07,0.0,0.0,nan,nan,nan,nan,nan,nan,1081.0,0.46105167269706726,15.647933959960938,2.5891147012461344,2.6929252980753122,1.1538273096084595,0.46105167269706726,1.9375382661819458,0.0,0.0,-0.19201789987348777,0.2619422146905559,4.24505185791705
1776384098.8109665,0.9995973638564036,-7.0007078813539225,0.0020317856801055556,4.5272326684764015e-07,-3.8871182136298663e-07,0.0,0.0,nan,nan,nan,nan,nan,nan,1081.0,0.46105167269706726,15.647933959960938,2.5891147012461344,2.6929252980753122,1.1538273096084595,0.46105167269706726,1.9375382661819458,0.0,0.0,-0.19201790042555056,0.26194221431989445,4.24505185203416
1776384098.859984,0.9995973638564036,-7.0007078813539225,0.0020317856801055556,4.52733395520854e-07,-3.8873596341935335e-07,0.0,0.0,nan,nan,nan,nan,nan,nan,1081.0,0.46449992060661316,15.64132308959961,2.5890676369278878,2.6932077766792237,1.151276707649231,0.46449992060661316,1.934708833694458,0.0,0.0,-0.19201790042555056,0.26194221431989445,4.24505185203416
1776384098.9097846,0.9995973756217121,-7.000707881158263,0.00203178642150662,4.5274354497173013e-07,-3.887604430504726e-07,0.0,0.0,nan,nan,nan,nan,nan,nan,1081.0,0.46449992060661316,15.64132308959961,2.5890676369278878,2.6932077766792237,1.151276707649231,0.46449992060661316,1.934708833694458,0.0,0.0,-0.19201790152976894,0.26194221357849334,4.245051840267921
1776384098.9601371,0.9995973815045939,-7.000707881060433,0.0020317867922409454,4.527535867392462e-07,-3.8878486436077566e-07,0.0,0.0,nan,nan,nan,nan,nan,nan,1081.0,0.46449992060661316,15.64132308959961,2.5890676369278878,2.6932077766792237,1.151276707649231,0.46449992060661316,1.934708833694458,0.0,0.0,-0.19201790208192066,0.26194221320775907,4.245051834384574
1776384099.0117064,0.9995973815045939,-7.000707881060433,0.0020317867922409454,4.527535867392462e-07,-3.8878486436077566e-07,0.0,0.0,nan,nan,nan,nan,nan,nan,1081.0,0.45665886998176575,15.626725196838379,2.5895262678445876,2.6929717558823953,1.146862506866455,0.45665886998176575,1.9332356452941895,0.0,0.0,-0.19201790208192066,0.26194221320775907,4.245051834384574
1776384099.0595498,0.9995973873876252,-7.000707880962606,0.0020317871629956285,4.5276356387776165e-07,-3.8880998707553803e-07,0.0,0.0,nan,nan,nan,nan,nan,nan,1081.0,0.45665886998176575,15.626725196838379,2.5895262678445876,2.6929717558823953,1.146862506866455,0.45665886998176575,1.9332356452941895,0.0,0.0,-0.19201790263409407,0.26194221283700436,4.245051828501077
1776384099.1094303,0.9995973932708053,-7.000707880864779,0.0020317875337473113,4.527734542936527e-07,-3.888354499004448e-07,0.0,0.0,nan,nan,nan,nan,nan,nan,1081.0,0.45665886998176575,15.626725196838379,2.5895262678445876,2.6929717558823953,1.146862506866455,0.45665886998176575,1.9332356452941895,0.0,0.0,-0.19201790318626427,0.26194221246625266,4.245051822617431
1776384099.1628256,0.9995973991541316,-7.000707880766953,0.002031787904519465,4.5278325613321495e-07,-3.888598091147013e-07,0.0,0.0,nan,nan,nan,nan,nan,nan,1081.0,0.4698164463043213,15.653304100036621,2.5895150678781973,2.6933524745604807,1.1546849012374878,0.4698164463043213,1.9252675771713257,0.0,0.0,-0.19201790373845817,0.2619422120954805,4.24505181673364
1776384099.2136884,0.9995974050376026,-7.000707880669127,0.0020317882753047856,4.527930020837959e-07,-3.8888444850442015e-07,0.0,0.0,nan,nan,nan,nan,nan,nan,1081.0,0.4698164463043213,15.653304100036621,2.5895150678781973,2.6933524745604807,1.1546849012374878,0.4698164463043213,1.9252675771713257,0.0,0.0,-0.19201790429066834,0.26194221172469523,4.245051810849703
1776384099.2598243,0.9995974109212176,-7.0007078805713014,0.002031788646108031,4.528026955958546e-07,-3.8890862274980737e-07,0.0,0.0,nan,nan,nan,nan,nan,nan,1081.0,0.4698164463043213,15.653304100036621,2.5895150678781973,2.6933524745604807,1.1546849012374878,0.4698164463043213,1.9252675771713257,0.0,0.0,-0.19201790484290077,0.26194221135389195,4.245051804965623
1776384099.3095293,0.9995974109212176,-7.0007078805713014,0.002031788646108031,4.528026955958546e-07,-3.8890862274980737e-07,0.0,0.0,nan,nan,nan,nan,nan,nan,1081.0,0.4718227982521057,15.654078483581543,2.589443704383887,2.6929592234403796,1.1429797410964966,0.4718227982521057,1.9310978651046753,0.0,0.0,-0.19201790484290077,0.26194221135389195,4.245051804965623
1776384099.360588,0.9995974168049747,-7.000707880473477,0.002031789016942548,4.528123121781274e-07,-3.889330065352066e-07,0.0,0.0,nan,nan,nan,nan,nan,nan,1081.0,0.4718227982521057,15.654078483581543,2.589443704383887,2.6929592234403796,1.1429797410964966,0.4718227982521057,1.9310978651046753,0.0,0.0,-0.1920179053951713,0.2619422109830574,4.2450517990814
1776384099.4095442,0.9995974226888735,-7.000707880375653,0.0020317893877896376,4.528218965672675e-07,-3.8895775451463135e-07,0.0,0.0,nan,nan,nan,nan,nan,nan,1081.0,0.4718227982521057,15.654078483581543,2.589443704383887,2.6929592234403796,1.1429797410964966,0.4718227982521057,1.9310978651046753,0.0,0.0,-0.19201790594745646,0.26194221061221035,4.245051793197037
1776384099.4656787,0.9995974226888735,-7.000707880375653,0.0020317893877896376,4.528218965672675e-07,-3.8895775451463135e-07,0.0,0.0,nan,nan,nan,nan,nan,nan,1081.0,0.4718227982521057,15.654078483581543,2.589443704383887,2.6929592234403796,1.1429797410964966,0.4718227982521057,1.9310978651046753,0.0,0.0,-0.19201790594745646,0.26194221061221035,4.245051793197037
1776384099.5118887,0.9995974226888735,-7.000707880375653,0.0020317893877896376,4.528218965672675e-07,-3.8895775451463135e-07,0.0,0.0,nan,nan,nan,nan,nan,nan,1081.0,0.4718227982521057,15.654078483581543,2.589443704383887,2.6929592234403796,1.1429797410964966,0.4718227982521057,1.9310978651046753,0.0,0.0,-0.19201790594745646,0.26194221061221035,4.245051793197037
1776384099.5595217,0.9995974344570914,-7.000707880180006,0.0020317901295384246,4.5284074993671175e-07,-3.890062221567468e-07,0.0,0.0,nan,nan,nan,nan,nan,nan,1081.0,0.4606672525405884,15.625259399414062,2.589160290170223,2.6933846141757942,1.1590505838394165,0.4606672525405884,1.9392189979553223,0.0,0.0,-0.19201790705209382,0.2619422098704616,4.245051781427889
1776384099.612441,0.9995974344570914,-7.000707880180006,0.0020317901295384246,4.5284074993671175e-07,-3.890062221567468e-07,0.0,0.0,nan,nan,nan,nan,nan,nan,1081.0,0.4606672525405884,15.625259399414062,2.589160290170223,2.6933846141757942,1.1590505838394165,0.4606672525405884,1.9392189979553223,0.0,0.0,-0.19201790705209382,0.2619422098704616,4.245051781427889
1776384099.6595082,0.9995974403414067,-7.000707880082184,0.002031790500424741,4.5285006557552205e-07,-3.890317675705831e-07,0.0,0.0,nan,nan,nan,nan,nan,nan,1081.0,0.46479079127311707,15.647576332092285,2.589352657406778,2.6930613777630574,1.1419779062271118,0.46479079127311707,1.9348597526550293,0.0,0.0,-0.19201790760442478,0.26194220949957525,4.245051775543107
1776384099.7156537,0.9995974462258582,-7.000707879984362,0.002031790871324991,4.528593610046801e-07,-3.8905558745826536e-07,0.0,0.0,nan,nan,nan,nan,nan,nan,1081.0,0.46479079127311707,15.647576332092285,2.589352657406778,2.6930613777630574,1.1419779062271118,0.46479079127311707,1.9348597526550293,0.0,0.0,-0.19201790815677394,0.261942209128675,4.245051769658191
1776384099.76005,0.999597452110444,-7.000707879886541,0.0020317912422503762,4.528685821887188e-07,-3.890798319219587e-07,0.0,0.0,nan,nan,nan,nan,nan,nan,1081.0,0.46479079127311707,15.647576332092285,2.589352657406778,2.6930613777630574,1.1419779062271118,0.46479079127311707,1.9348597526550293,0.0,0.0,-0.1920179087091535,0.2619422087577496,4.24505176377314
1776384099.818774,0.999597452110444,-7.000707879886541,0.0020317912422503762,4.528685821887188e-07,-3.890798319219587e-07,0.0,0.0,nan,nan,nan,nan,nan,nan,1081.0,0.46479079127311707,15.647576332092285,2.589352657406778,2.6930613777630574,1.1419779062271118,0.46479079127311707,1.9348597526550293,0.0,0.0,-0.1920179087091535,0.2619422087577496,4.24505176377314
1776384099.8813398,0.999597452110444,-7.000707879886541,0.0020317912422503762,4.528685821887188e-07,-3.890798319219587e-07,0.0,0.0,nan,nan,nan,nan,nan,nan,1081.0,0.46479079127311707,15.647576332092285,2.589352657406778,2.6930613777630574,1.1419779062271118,0.46479079127311707,1.9348597526550293,0.0,0.0,-0.1920179087091535,0.2619422087577496,4.24505176377314
1776384099.9097135,0.999597452110444,-7.000707879886541,0.0020317912422503762,4.528685821887188e-07,-3.890798319219587e-07,0.0,0.0,nan,nan,nan,nan,nan,nan,1081.0,0.46693944931030273,15.635276794433594,2.5893241037493167,2.693013408261977,1.14424467086792,0.46693944931030273,1.9420742988586426,0.0,0.0,-0.1920179087091535,0.2619422087577496,4.24505176377314
1776384099.9839365,0.9995974579951636,-7.00070787978872,0.002031791613189374,4.528777646508757e-07,-3.891040086040176e-07,0.0,0.0,nan,nan,nan,nan,nan,nan,1081.0,0.46693944931030273,15.635276794433594,2.5893241037493167,2.693013408261977,1.14424467086792,0.46693944931030273,1.9420742988586426,0.0,0.0,-0.19201790926154905,0.2619422083868106,4.245051757887955
1776384100.016086,0.9995974638800161,-7.0007078796909,0.002031791984152497,4.5288681626496664e-07,-3.89127853300748e-07,0.0,0.0,nan,nan,nan,nan,nan,nan,1081.0,0.46693944931030273,15.635276794433594,2.5893241037493167,2.693013408261977,1.14424467086792,0.46693944931030273,1.9420742988586426,0.0,0.0,-0.19201790981397462,0.2619422080158475,4.245051752002637
1776384100.2625425,0.9995974638800161,-7.0007078796909,0.002031791984152497,4.5288681626496664e-07,-3.89127853300748e-07,0.0,0.0,nan,nan,nan,nan,nan,nan,1081.0,0.46693944931030273,15.635276794433594,2.5893241037493167,2.693013408261977,1.14424467086792,0.46693944931030273,1.9420742988586426,0.0,0.0,-0.19201790981397462,0.2619422080158475,4.245051752002637
1776384100.3176239,0.9995974638800161,-7.0007078796909,0.002031791984152497,4.528958693924722e-07,-3.891523332275421e-07,0.0,0.0,nan,nan,nan,nan,nan,nan,1081.0,0.46693944931030273,15.635276794433594,2.5893241037493167,2.693013408261977,1.14424467086792,0.46693944931030273,1.9420742988586426,0.0,0.0,-0.19201790981397462,0.2619422080158475,4.245051752002637
1776384100.365885,0.9995974815353574,-7.000707879397449,0.0020317930971217165,4.529137561072564e-07,-3.8920181548477944e-07,0.0,0.0,nan,nan,nan,nan,nan,nan,1081.0,0.46693944931030273,15.635276794433594,2.5893241037493167,2.693013408261977,1.14424467086792,0.46693944931030273,1.9420742988586426,0.0,0.0,-0.19201791147133962,0.2619422069028783,4.245051734345901
1776384100.4102528,0.9995974874207276,-7.000707879299634,0.00203179346813874,4.529225059586329e-07,-3.892257304012497e-07,0.0,0.0,nan,nan,nan,nan,nan,nan,1081.0,0.4670927822589874,15.637303352355957,2.589503575181873,2.6930272796577763,1.155790090560913,0.4670927822589874,1.9357784986495972,0.0,0.0,-0.19201791202382662,0.26194220653186123,4.245051728460065
1776384100.465584,0.9995974933062234,-7.00070787920182,0.0020317938391719867,4.529312872413156e-07,-3.892501556053531e-07,0.0,0.0,nan,nan,nan,nan,nan,nan,1081.0,0.46788308024406433,15.623849868774414,2.5893151253930515,2.6931622784646443,1.1676716804504395,0.46788308024406433,1.9302583932876587,0.0,0.0,-0.19201791257633286,0.261942206160828,4.245051722574104
1776384100.5093071,0.9995974991918453,-7.000707879104007,0.002031794210225099,4.5294000748925137e-07,-3.8927337645994943e-07,0.0,0.0,nan,nan,nan,nan,nan,nan,1081.0,0.46788308024406433,15.623849868774414,2.5893151253930515,2.6931622784646443,1.1676716804504395,0.46788308024406433,1.9302583932876587,0.0,0.0,-0.19201791312886293,0.2619422057897749,4.245051716688017
1776384100.5619853,0.9995975050775909,-7.0007078790061925,0.002031794581304266,4.529486428003881e-07,-3.892975444323159e-07,0.0,0.0,nan,nan,nan,nan,nan,nan,1081.0,0.46788308024406433,15.623849868774414,2.5893151253930515,2.6931622784646443,1.1676716804504395,0.46788308024406433,1.9302583932876587,0.0,0.0,-0.19201791368142643,0.26194220541869573,4.245051710801806
1776384100.6100256,0.9995975109634597,-7.000707878908379,0.0020317949523961975,4.5295731128113933e-07,-3.893220515419146e-07,0.0,0.0,nan,nan,nan,nan,nan,nan,1081.0,0.4680950939655304,15.620784759521484,2.589739613462443,2.693131244114958,1.1493092775344849,0.4680950939655304,1.939353585243225,0.0,0.0,-0.19201791423400483,0.2619422050476038,4.245051704915471
1776384100.660465,0.9995975168494512,-7.000707878810568,0.0020317953234880557,4.529658622356484e-07,-3.8934686542030414e-07,0.0,0.0,nan,nan,nan,nan,nan,nan,1081.0,0.4680950939655304,15.620784759521484,2.589739613462443,2.693131244114958,1.1493092775344849,0.4680950939655304,1.939353585243225,0.0,0.0,-0.1920179147865811,0.2619422046765119,4.245051699029015
1776384100.710624,0.9995975168494512,-7.000707878810568,0.0020317953234880557,4.529658622356484e-07,-3.8934686542030414e-07,0.0,0.0,nan,nan,nan,nan,nan,nan,1081.0,0.4680950939655304,15.620784759521484,2.589739613462443,2.693131244114958,1.1493092775344849,0.4680950939655304,1.939353585243225,0.0,0.0,-0.1920179147865811,0.2619422046765119,4.245051699029015
1776384100.763445,0.9995975227355638,-7.000707878712755,0.0020317956945993354,4.529742999887987e-07,-3.893705260522739e-07,0.0,0.0,nan,nan,nan,nan,nan,nan,1081.0,0.462169885635376,15.641778945922852,2.5889129592631286,2.6935648333645963,1.152766227722168,0.462169885635376,1.931396484375,0.0,0.0,-0.19201791533918244,0.26194220430540066,4.245051693142437
1776384100.8159213,0.9995975286217952,-7.000707878614944,0.002031796065725874,4.5298270002318443e-07,-3.893949886411435e-07,0.0,0.0,nan,nan,nan,nan,nan,nan,1081.0,0.462169885635376,15.641778945922852,2.5889129592631286,2.6935648333645963,1.152766227722168,0.462169885635376,1.931396484375,0.0,0.0,-0.19201791589180184,0.2619422039342741,4.245051687255741
1776384100.859451,0.9995975286217952,-7.000707878614944,0.002031796065725874,4.5298270002318443e-07,-3.893949886411435e-07,0.0,0.0,nan,nan,nan,nan,nan,nan,1081.0,0.462169885635376,15.641778945922852,2.5889129592631286,2.6935648333645963,1.152766227722168,0.462169885635376,1.931396484375,0.0,0.0,-0.19201791589180184,0.2619422039342741,4.245051687255741
1776384100.9104917,0.9995975345081447,-7.000707878517132,0.0020317964368614275,4.5299106211363733e-07,-3.8941899371677686e-07,0.0,0.0,nan,nan,nan,nan,nan,nan,1081.0,0.462169885635376,15.641778945922852,2.5889129592631286,2.6935648333645963,1.152766227722168,0.462169885635376,1.931396484375,0.0,0.0,-0.19201791644443233,0.2619422035631386,4.245051681368925
1776384100.9605255,0.9995975403946121,-7.000707878419322,0.0020317968080126605,4.5299938650486164e-07,-3.894426155124144e-07,0.0,0.0,nan,nan,nan,nan,nan,nan,1081.0,0.4705619812011719,15.657066345214844,2.5890751518550346,2.693019263113815,1.1514413356781006,0.4705619812011719,1.9367804527282715,0.0,0.0,-0.19201791699708054,0.2619422031919873,4.245051675481993
1776384101.0110095,0.9995975403946121,-7.000707878419322,0.0020317968080126605,4.5299938650486164e-07,-3.894426155124144e-07,0.0,0.0,nan,nan,nan,nan,nan,nan,1081.0,0.4705619812011719,15.657066345214844,2.5890751518550346,2.693019263113815,1.1514413356781006,0.4705619812011719,1.9367804527282715,0.0,0.0,-0.19201791699708054,0.2619422031919873,4.245051675481993
1776384101.0676506,0.9995975462811961,-7.0007078783215135,0.002031797179193351,4.5300766689815605e-07,-3.894657289937718e-07,0.0,0.0,nan,nan,nan,nan,nan,nan,1081.0,0.4705619812011719,15.657066345214844,2.5890751518550346,2.693019263113815,1.1514413356781006,0.4705619812011719,1.9367804527282715,0.0,0.0,-0.19201791754976466,0.26194220282080666,4.245051669594944
1776384101.1095216,0.9995975521678951,-7.000707878223705,0.0020317975503889897,4.5301586267208585e-07,-3.894903398529767e-07,0.7750446984327148,0.463633852689348,nan,nan,nan,nan,nan,nan,1081.0,0.4705619812011719,15.657066345214844,2.5890751518550346,2.693019263113815,1.1514413356781006,0.4705619812011719,1.9367804527282715,0.0,0.0,-0.19201791810246732,0.261942202449611,4.2450516637077795
1776384101.1596198,0.9999203034673074,-7.00070690852966,0.0020493907984700044,0.019919993771852957,0.001119490246273152,0.7750446986759307,0.14291478791709786,nan,nan,nan,nan,nan,nan,1081.0,0.46456244587898254,15.619134902954102,2.5886197722035353,2.692895743433074,1.1358489990234375,0.46456244587898254,1.9312589168548584,0.0,0.0,-0.19204035343604178,0.26192460920153,4.244728912169672
1776384101.2105563,0.9999203034673074,-7.00070690852966,0.0020493907984700044,0.019919993771852957,0.001119490246273152,0.7750552784894542,0.1428944622374965,nan,nan,nan,nan,nan,nan,1081.0,0.46456244587898254,15.619134902954102,2.5886197722035353,2.692895743433074,1.1358489990234375,0.46456244587898254,1.9312589168548584,0.0,0.0,-0.19204035343604178,0.26192460920153,4.244728912169672
1776384101.2615106,1.0006554854010563,-7.00070442004148,0.002094041846420971,0.04007819975361637,0.0027081874686611545,0.7750552784894542,0.14322794598618793,nan,nan,nan,nan,nan,nan,1081.0,0.47027143836021423,15.638242721557617,2.588660664518711,2.692722795686156,1.1524264812469482,0.47027143836021423,1.932167649269104,0.0,0.0,-0.19209744550652316,0.261879958153579,4.243993728084212
1776384101.312658,1.0014121532691467,-7.000686638401312,0.0020929790227850117,0.03588355443171662,-0.0023473163254054017,0.7750821679846418,0.14285930528320806,nan,nan,nan,nan,nan,nan,1081.0,0.47027143836021423,15.638242721557617,2.588660664518711,2.692722795686156,1.1524264812469482,0.47027143836021423,1.932167649269104,0.0,0.0,-0.19211230783742606,0.261881020977215,4.243236970471786
1776384101.3599865,1.002091779343859,-7.00064079228586,0.001997331090551647,0.03237948352190135,-0.0070406733158702006,0.7750856157014112,0.14335246592125817,nan,nan,nan,nan,nan,nan,1081.0,0.47027143836021423,15.638242721557617,2.588660664518711,2.692722795686156,1.1524264812469482,0.47027143836021423,1.932167649269104,0.0,0.0,-0.1920366733627686,0.2619766689094483,4.242557092263632
1776384101.4094386,1.002708852456802,-7.000564948668496,0.0018050386326624733,0.029595439204293195,-0.011968802174388454,0.7750397743927722,0.14443130012989291,nan,nan,nan,nan,nan,nan,1081.0,0.4707672894001007,15.628374099731445,2.588609720302003,2.692362059327269,1.1471091508865356,0.4707672894001007,1.921607255935669,0.0,0.0,-0.19187003067383174,0.2621689613673375,4.241939594649506
1776384101.4594831,1.0032759747040876,-7.000454928646933,0.001396332533612828,0.027719058888009688,-0.01660707829966766,0.7749439385469512,0.14580787956000593,nan,nan,nan,nan,nan,nan,1081.0,0.4707672894001007,15.628374099731445,2.588609720302003,2.692362059327269,1.1471091508865356,0.4707672894001007,1.921607255935669,0.0,0.0,-0.1914664649500868,0.26257766746638717,4.241371853481495
1776384101.5101783,1.0038158105890458,-7.000318230332259,0.0010142229759342379,0.02643627807248541,-0.021422267046340232,0.7747278022768335,0.1485535930537449,nan,nan,nan,nan,nan,nan,1081.0,0.4707672894001007,15.628374099731445,2.588609720302003,2.692362059327269,1.1471091508865356,0.4707672894001007,1.921607255935669,0.0,0.0,-0.19112337981621277,0.26295977702406576,4.240831249697038
1776384101.5610256,1.0038158105890458,-7.000318230332259,0.0010142229759342379,0.02643627807248541,-0.021422267046340232,0.7745343541469473,0.14994744007622568,nan,nan,nan,nan,nan,nan,1081.0,0.47646579146385193,15.614398002624512,2.590461378208914,2.688621060827488,1.1568704843521118,0.47646579146385193,1.933688759803772,0.0,0.0,-0.19112337981621277,0.26295977702406576,4.240831249697038
1776384101.610759,1.0043358158026814,-7.000149068009691,0.0005328114739971202,0.025701130898411632,-0.026507467676705157,0.7742900212448472,0.15199389770077476,nan,nan,nan,nan,nan,nan,1081.0,0.47646579146385193,15.614398002624512,2.590461378208914,2.688621060827488,1.1568704843521118,0.47646579146385193,1.933688759803772,0.0,0.0,-0.1906887064766984,0.26344118852600285,4.240310297705326
1776384101.6613133,1.0048466875662572,-6.999945462873872,-5.277582213043543e-05,0.025487117314272972,-0.03183286420401706,0.7742900212448472,0.1490249529788739,nan,nan,nan,nan,nan,nan,1081.0,0.47646579146385193,15.614398002624512,2.590461378208914,2.688621060827488,1.1568704843521118,0.47646579146385193,1.933688759803772,0.0,0.0,-0.19015841702542957,0.2640267758221304,4.239798293244703
1776384101.7095094,1.0053587214603952,-6.999705368133884,-0.0007474793102957944,0.025775984071584927,-0.037418311113913784,0.7739924238602118,0.15472334793493953,nan,nan,nan,nan,nan,nan,1081.0,0.46644553542137146,15.667327880859375,2.5974094229754643,2.7061969617622226,1.1633621454238892,0.46644553542137146,1.9310587644577026,0.0,0.0,-0.18952848702423766,0.26472147931029577,4.239284934489398
1776384101.763752,1.0058819129704621,-6.99942675422791,-0.001555888458226266,0.026554994075444805,-0.043205131625479044,0.7736391645232251,0.1576848327138505,nan,nan,nan,nan,nan,nan,1081.0,0.46644553542137146,15.667327880859375,2.5974094229754643,2.7061969617622226,1.1633621454238892,0.46644553542137146,1.9310587644577026,0.0,0.0,-0.18879534192886535,0.2655298884582262,4.238760221154986
1776384101.8134532,1.0058819129704621,-6.99942675422791,-0.001555888458226266,0.026554994075444805,-0.043205131625479044,0.7732280573977708,0.16063608185332245,nan,nan,nan,nan,nan,nan,1081.0,0.46644553542137146,15.667327880859375,2.5974094229754643,2.7061969617622226,1.1633621454238892,0.46644553542137146,1.9310587644577026,0.0,0.0,-0.18879534192886535,0.2655298884582262,4.238760221154986
1776384101.8651443,1.0064260660706197,-6.999107737939165,-0.002481812995097691,0.027814587760870046,-0.049162748002827814,0.7732280573977708,0.15585083052519305,nan,nan,nan,nan,nan,nan,1081.0,0.46902069449424744,15.605525970458984,2.593011836587666,2.6889230269246744,1.16495943069458,0.46902069449424744,1.9352445602416992,0.0,0.0,-0.18795627374347226,0.2664558129950977,4.238214346782372
1776384101.9100204,1.0070007026515946,-6.998746814380283,-0.003527417052658935,0.02952954797794355,-0.05510666426839055,0.7727573533447277,0.16447510340424382,nan,nan,nan,nan,nan,nan,1081.0,0.46902069449424744,15.605525970458984,2.593011836587666,2.6889230269246744,1.16495943069458,0.46902069449424744,1.9352445602416992,0.0,0.0,-0.1870103011069297,0.2675014170526589,4.237637790662041
1776384101.9646137,1.0077216091536196,-6.998470771821908,-0.004300126820920716,0.05389063333712008,0.0050996500429765675,0.7722261991042019,0.16897406435274606,nan,nan,nan,nan,nan,nan,1081.0,0.46902069449424744,15.605525970458984,2.593011836587666,2.6889230269246744,1.16495943069458,0.46902069449424744,1.9352445602416992,0.0,0.0,-0.18632244977912607,0.2682741268209207,4.236915440304317
1776384102.0094435,1.0094450940593511,-6.998478874680687,-0.004074065615882803,0.11112060978813768,0.011023538263174842,0.7718365018344819,0.1695782091961544,nan,nan,nan,nan,nan,nan,1081.0,0.46944862604141235,15.583028793334961,2.593354379959839,2.6856666171092507,1.1632137298583984,0.46944862604141235,1.9294037818908691,0.0,0.0,-0.18660411689234688,0.2680480656158828,4.235192021462096
1776384102.059453,1.0122027246263545,-6.998488465878803,-0.004398491157744182,0.1624370239261057,-0.04880758925555167,0.7719707790844242,0.16211168831402764,nan,nan,nan,nan,nan,nan,1081.0,0.46944862604141235,15.583028793334961,2.593354379959839,2.6856666171092507,1.1632137298583984,0.46944862604141235,1.9294037818908691,0.0,0.0,-0.18620143281585583,0.26837249115774414,4.232434479049049
1776384102.1095364,1.0159223987106192,-6.998507244566574,-0.005437235404848063,0.20505852607079234,-0.06005488057772073,0.7717784635454273,0.16762297613281837,nan,nan,nan,nan,nan,nan,1081.0,0.46944862604141235,15.583028793334961,2.593354379959839,2.6856666171092507,1.1632137298583984,0.46944862604141235,1.9294037818908691,0.0,0.0,-0.18490817282808716,0.26941123540484807,4.228714954772833
1776384102.1654956,1.020341662621446,-6.998534646360007,-0.00739298915937371,0.23275698999406755,-0.13166503204246768,0.7711617136393205,0.17541179451961184,nan,nan,nan,nan,nan,nan,1081.0,0.4767862558364868,15.623125076293945,2.594911694388826,2.686841086324404,1.1842416524887085,0.4767862558364868,1.927255630493164,0.0,0.0,-0.18248249711031686,0.2713669891593737,4.224295896101521
1776384102.2099714,1.0251150993347378,-6.998577400232035,-0.010571926274186549,0.24053021598117946,-0.18221596243171015,0.7700028323071753,0.19288500612153073,nan,nan,nan,nan,nan,nan,1081.0,0.4767862558364868,15.623125076293945,2.594911694388826,2.686841086324404,1.1842416524887085,0.4767862558364868,1.927255630493164,0.0,0.0,-0.17855144488629324,0.27454592627418656,4.219522751222088
1776384102.2608237,1.029840954768386,-6.998630025228312,-0.014742936117894423,0.2324381652547794,-0.22660781983173894,0.7681221047545738,0.2122573654644522,nan,nan,nan,nan,nan,nan,1081.0,0.4767862558364868,15.623125076293945,2.594911694388826,2.686841086324404,1.1842416524887085,0.4767862558364868,1.927255630493164,0.0,0.0,-0.17341771486079288,0.2787169361178944,4.2147972403537874
1776384102.3095336,1.029840954768386,-6.998630025228312,-0.014742936117894423,0.2324381652547794,-0.22660781983173894,0.7656605220319094,0.23248013467477496,nan,nan,nan,nan,nan,nan,1081.0,0.47700995206832886,15.60206413269043,2.6011869458828007,2.6809862309537493,1.2227753400802612,0.47700995206832886,1.923967719078064,0.0,0.0,-0.17341771486079288,0.2787169361178944,4.2147972403537874
1776384102.35952,1.0344075243156166,-6.998708329126943,-0.019621882687809192,0.22502390502808797,-0.2613191041774687,0.7656605220319094,0.20122741002292582,nan,nan,nan,nan,nan,nan,1081.0,0.47700995206832886,15.60206413269043,2.6011869458828007,2.6809862309537493,1.2227753400802612,0.47700995206832886,1.923967719078064,0.0,0.0,-0.16742324894480567,0.28359588268780916,4.2102311511932395
1776384102.4103997,1.038862460538084,-6.998808616220411,-0.025262063896037565,0.22157655118052322,-0.3002715555039961,0.7627838115815044,0.25460568125654054,nan,nan,nan,nan,nan,nan,1081.0,0.47700995206832886,15.60206413269043,2.6011869458828007,2.6809862309537493,1.2227753400802612,0.47700995206832886,1.923967719078064,0.0,0.0,-0.16051350191174552,0.28923606389603757,4.205776813896516
1776384102.4596243,1.0432992778579675,-6.99893544383322,-0.031706154103773886,0.22300942604196153,-0.34387449859278274,0.7594633045908694,0.28062512391316397,nan,nan,nan,nan,nan,nan,1081.0,0.48420026898384094,15.586780548095703,2.6088324220615,2.6726468079238974,1.2766170501708984,0.48420026898384094,1.9209203720092773,0.0,0.0,-0.1526412335202166,0.29568015410377385,4.20134074186211
1776384102.5096498,1.047815975026446,-6.999096064921289,-0.03915525387582914,0.22951469206136602,-0.40043552989770764,0.7556751476980379,0.3069366929578387,nan,nan,nan,nan,nan,nan,1081.0,0.48420026898384094,15.586780548095703,2.6088324220615,2.6726468079238974,1.2766170501708984,0.48420026898384094,1.9209203720092773,0.0,0.0,-0.14356666213283245,0.3031292538758291,4.196824980048859
1776384102.5595577,1.052519079288702,-6.999301496247559,-0.047905582466167405,0.24153424497741938,-0.4745384758591928,0.7513026077722417,0.341087766399299,nan,nan,nan,nan,nan,nan,1081.0,0.4907553791999817,15.616280555725098,2.628655931141286,2.6832545973061577,1.3515591621398926,0.4907553791999817,1.9126229286193848,0.0,0.0,-0.13293719471310445,0.31187958246616737,4.192123067820359
1776384102.6136212,1.0575134055756514,-6.999567629965421,-0.05839195832576552,0.25837266267013365,-0.5732861673067399,0.7461738899771755,0.3782024247422944,nan,nan,nan,nan,nan,nan,1081.0,0.4907553791999817,15.616280555725098,2.628655931141286,2.6832545973061577,1.3515591621398926,0.4907553791999817,1.9126229286193848,0.0,0.0,-0.12023667772169377,0.32236595832576553,4.187130287794065
1776384102.660263,1.0628699019205856,-6.999915013322862,-0.07117005306327678,0.277969034415208,-0.7022748682598295,0.7400371744546526,0.429125502203933,nan,nan,nan,nan,nan,nan,1081.0,0.4907553791999817,15.616280555725098,2.628655931141286,2.6832545973061577,1.3515591621398926,0.4907553791999817,1.9126229286193848,0.0,0.0,-0.10480971108563615,0.33514405306327677,4.181775822269602
1776384102.7103927,1.0686271182902456,-7.000371093714957,-0.08696757977883614,0.30081720637935044,-0.8647787422444236,0.7325717123358628,0.4924731281928354,nan,nan,nan,nan,nan,nan,1081.0,0.5001449584960938,15.543848037719727,2.64328138912088,2.657114598373206,1.496330976486206,0.5001449584960938,1.8949458599090576,0.0,0.0,-0.08580198393319902,0.3509415797788361,4.176021302760485
1776384102.7608025,1.0749402995638924,-7.000986422501212,-0.10535806171352484,0.33447421920212106,-0.9123248112697196,0.723358457613092,0.5624499530921262,nan,nan,nan,nan,nan,nan,1081.0,0.5001449584960938,15.543848037719727,2.64328138912088,2.657114598373206,1.496330976486206,0.5001449584960938,1.8949458599090576,0.0,0.0,-0.06375274460222302,0.36933206171352484,4.169711825375607
1776384102.8102758,1.08206597498299,-7.001809381450826,-0.12344236147013736,0.3810224839169294,-0.8966016163369059,0.7126527143599732,0.6479030705960406,nan,nan,nan,nan,nan,nan,1081.0,0.5121646523475647,15.581700325012207,2.6808518252363918,2.6622716629775516,1.7634786367416382,0.5121646523475647,1.8883706331253052,0.0,0.0,-0.04217379373381716,0.38741636147013736,4.162591238662807
1776384102.8604903,1.0901031820072284,-7.002882472220541,-0.14125222891681588,0.42687361984220934,-0.886507505262377,0.7021512148092834,0.7031100593637025,nan,nan,nan,nan,nan,nan,1081.0,0.5121646523475647,15.581700325012207,2.6808518252363918,2.6622716629775516,1.7634786367416382,0.5121646523475647,1.8883706331253052,0.0,0.0,-0.02104587989353751,0.40522622891681587,4.154560912479154
1776384102.909532,1.0989530059384434,-7.004223294879914,-0.15894991851679383,0.46463117819359095,-0.8839906707539069,0.6918402176364631,0.7536087453076337,nan,nan,nan,nan,nan,nan,1081.0,0.5121646523475647,15.581700325012207,2.6808518252363918,2.6622716629775516,1.7634786367416382,0.5121646523475647,1.8883706331253052,0.0,0.0,-0.00019609623117097796,0.4229239185167938,4.1457200870141415
1776384102.960511,1.1083663515322684,-7.005818095705431,-0.17666242198001122,0.4850885388501747,-0.8887837527495347,0.681630719065553,0.82737200572235,nan,nan,nan,nan,nan,nan,1081.0,0.5214844942092896,15.559799194335938,2.705942368419164,2.634466645245853,1.9492909908294678,0.5214844942092896,1.8736671209335327,0.0,0.0,0.020505198244234746,0.4406364219800112,4.13631803222045
1776384103.012464,1.1178466575080055,-7.00758265236608,-0.19463949741453315,0.47592366175576906,-0.9061532515203894,0.6714544918880497,0.8769372180931274,nan,nan,nan,nan,nan,nan,1081.0,0.5214844942092896,15.559799194335938,2.705942368419164,2.634466645245853,1.9492909908294678,0.5214844942092896,1.8736671209335327,0.0,0.0,0.04132071730335621,0.45861349741453317,4.126850970351966
1776384103.0606346,1.1268993595611554,-7.00942531536615,-0.212724368296449,0.44977567351593767,-0.8907490073516129,0.6611753999634851,0.9378065303736565,nan,nan,nan,nan,nan,nan,1081.0,0.5214844942092896,15.559799194335938,2.705942368419164,2.634466645245853,1.9492909908294678,0.5214844942092896,1.8736671209335327,0.0,0.0,0.062066050809384654,0.47669836829644896,4.117812943526177
1776384103.1124227,1.1354759852526368,-7.011356647018088,-0.23007223803863702,0.43572803262981924,-0.9018640521820066,0.6508838120730295,0.9986975533247711,nan,nan,nan,nan,nan,nan,1081.0,0.5441763997077942,15.541194915771484,2.7377088491724773,2.621404344917606,1.921026587486267,0.5441763997077942,1.854182243347168,0.0,0.0,0.08181689554803673,0.494046238038637,4.109252622469976
1776384103.1646752,1.1436689493912735,-7.013352949925569,-0.24790140043849673,0.41761041217351846,-0.9284490888639839,0.6410491956710764,1.04633489800303,nan,nan,nan,nan,nan,nan,1081.0,0.5441763997077942,15.541194915771484,2.7377088491724773,2.621404344917606,1.921026587486267,0.5441763997077942,1.854182243347168,0.0,0.0,0.10193574582539702,0.5118754004384967,4.101077511727016
1776384103.209675,1.1513337031889466,-7.015371003811843,-0.26743534573217936,0.38476033702686824,-1.0630505417115543,0.630987079929221,1.1067708011038302,nan,nan,nan,nan,nan,nan,1081.0,0.5669836401939392,15.55866527557373,2.7793935864309156,2.6263711769158253,1.8744648694992065,0.5669836401939392,1.8435232639312744,0.0,0.0,0.1237792063647028,0.5314093457321794,4.093431839960785
1776384103.261617,1.1585854835081881,-7.01744398045338,-0.2893622350708525,0.3785127679439426,-1.1505672852264408,0.6200130231910848,1.1922787747470127,nan,nan,nan,nan,nan,nan,1081.0,0.5669836401939392,15.55866527557373,2.7793935864309156,2.6263711769158253,1.8744648694992065,0.5669836401939392,1.8435232639312744,0.0,0.0,0.14807450092531904,0.5533362350708525,4.086200741802629
1776384103.310476,1.1661323507177717,-7.019812665980114,-0.31032965027103643,0.42156039477978685,-0.9294752408877981,0.607751079946981,1.2672400846347254,nan,nan,nan,nan,nan,nan,1081.0,0.5669836401939392,15.55866527557373,2.7793935864309156,2.6263711769158253,1.8744648694992065,0.5669836401939392,1.8435232639312744,0.0,0.0,0.17111188268378794,0.5743036502710364,4.078678844847776
1776384103.359448,1.1749030275541879,-7.022731222616156,-0.3241821892636158,0.5132333741885559,-0.4679351296368301,0.5960747834877953,1.349580155612917,nan,nan,nan,nan,nan,nan,1081.0,0.5739652514457703,15.524292945861816,2.813200338475689,2.597445232930993,1.8412953615188599,0.5739652514457703,1.8202064037322998,0.0,0.0,0.18618696929900846,0.5881561892636158,4.0699409236621555
1776384103.4096682,1.1749030275541879,-7.022731222616156,-0.3241821892636158,0.5132333741885559,-0.4679351296368301,0.5883971507428375,1.3284118275977161,nan,nan,nan,nan,nan,nan,1081.0,0.5739652514457703,15.524292945861816,2.813200338475689,2.597445232930993,1.8412953615188599,0.5739652514457703,1.8202064037322998,0.0,0.0,0.18618696929900846,0.5881561892636158,4.0699409236621555
1776384103.4616818,1.1860404801432978,-7.026532107433889,-0.32604703276277985,0.6666543359734187,0.23889083003349876,0.5883971507428375,1.2325772231436432,nan,nan,nan,nan,nan,nan,1081.0,0.5739652514457703,15.524292945861816,2.813200338475689,2.597445232930993,1.8412953615188599,0.5739652514457703,1.8202064037322998,0.0,0.0,0.18823345858947174,0.5900210327627798,4.058849465742183
1776384103.5099382,1.1987760747837692,-7.030747531052827,-0.3192990114058722,0.6611786163840918,0.3885397738890321,0.5873592792618748,1.2532135627890062,nan,nan,nan,nan,nan,nan,1081.0,0.5858496427536011,15.550833702087402,2.8160363107120188,2.59484525193885,1.8174794912338257,0.5858496427536011,1.801930546760559,0.0,0.0,0.18102965430511397,0.5832730114058722,4.046169387772892
1776384103.562899,1.2111273721490037,-7.03478064164154,-0.31073765015633936,0.6442262586782828,0.4891853891140647,0.591064083921467,1.1721273999273425,nan,nan,nan,nan,nan,nan,1081.0,0.5858496427536011,15.550833702087402,2.8160363107120188,2.59484525193885,1.8174794912338257,0.5858496427536011,1.801930546760559,0.0,0.0,0.17205058464031442,0.5747116501563394,4.0338756742635145
1776384103.6126795,1.223149422285689,-7.038585965644448,-0.30037986531474414,0.6230419980959396,0.5329421516453183,0.5957239906268658,1.138094719850063,nan,nan,nan,nan,nan,nan,1081.0,0.5858496427536011,15.550833702087402,2.8160363107120188,2.59484525193885,1.8174794912338257,0.5858496427536011,1.801930546760559,0.0,0.0,0.16130632496355507,0.5643538653147442,4.021912031195015
1776384103.6600876,1.223149422285689,-7.038585965644448,-0.30037986531474414,0.6230419980959396,0.5329421516453183,0.6013317238210558,1.0971785188358076,nan,nan,nan,nan,nan,nan,1081.0,0.615851640701294,15.492777824401855,2.797367329293109,2.5855835459512964,1.8115777969360352,0.615851640701294,1.789708137512207,0.0,0.0,0.16130632496355507,0.5643538653147442,4.021912031195015
1776384103.7139835,1.2346433310932396,-7.042086169444177,-0.2894867431174788,0.58438928579606,0.5793542590531285,0.6013317238210558,1.1659744365108262,nan,nan,nan,nan,nan,nan,1081.0,0.615851640701294,15.492777824401855,2.797367329293109,2.5855835459512964,1.8115777969360352,0.615851640701294,1.789708137512207,0.0,0.0,0.1501171338383654,0.5534607431174787,4.010475400934851
1776384103.7597392,1.2455628167615491,-7.045264350221927,-0.27797431755535956,0.5703370218537769,0.5784996137000575,0.6072014741998379,1.061834049126495,nan,nan,nan,nan,nan,nan,1081.0,0.615851640701294,15.492777824401855,2.797367329293109,2.5855835459512964,1.8115777969360352,0.615851640701294,1.789708137512207,0.0,0.0,0.1383928929429644,0.5419483175553595,3.9996109334406724
1776384103.8234339,1.2455628167615491,-7.045264350221927,-0.27797431755535956,0.5703370218537769,0.5784996137000575,0.6133794620628724,1.0170877930216828,nan,nan,nan,nan,nan,nan,1081.0,0.615851640701294,15.492777824401855,2.797367329293109,2.5855835459512964,1.8115777969360352,0.615851640701294,1.789708137512207,0.0,0.0,0.1383928929429644,0.5419483175553595,3.9996109334406724
1776384103.8598115,1.267952869587832,-7.051390932671013,-0.2560901591548219,0.5929820224137253,0.5913877689830964,0.6133794620628724,1.098403073926444,nan,nan,nan,nan,nan,nan,1081.0,0.6347401142120361,15.500316619873047,2.7745858435824884,2.58529861164603,1.814070463180542,0.6347401142120361,1.774526596069336,0.0,0.0,0.11644741162620556,0.5200641591548218,3.977335192156323
1776384103.910451,1.2796881553803567,-7.054397661331941,-0.24342912593246674,0.6238442126242055,0.6844234375545538,0.6250372877068462,0.8579971119976965,nan,nan,nan,nan,nan,nan,1081.0,0.6347401142120361,15.500316619873047,2.7745858435824884,2.58529861164603,1.814070463180542,0.6347401142120361,1.774526596069336,0.0,0.0,0.10396041819572577,0.5074031259324667,3.9656600842836705
1776384103.959613,1.2796881553803567,-7.054397661331941,-0.24342912593246674,0.6238442126242055,0.6844234375545538,0.6317290993535865,0.9121910272839955,nan,nan,nan,nan,nan,nan,1081.0,0.6506215333938599,15.460640907287598,2.758953749692407,2.5917458709305667,1.7993502616882324,0.6506215333938599,1.7573823928833008,0.0,0.0,0.10396041819572577,0.5074031259324667,3.9656600842836705
1776384104.0095081,1.2915013034313325,-7.057232237649702,-0.22964152675601102,0.6034734199297845,0.7342301170564077,0.6317290993535865,0.993548003693792,nan,nan,nan,nan,nan,nan,1081.0,0.6506215333938599,15.460640907287598,2.758953749692407,2.5917458709305667,1.7993502616882324,0.6506215333938599,1.7573823928833008,0.0,0.0,0.09048417239168444,0.493615526756011,3.9539062453704474
1776384104.0595164,1.3032561742321327,-7.059884200048166,-0.21458141380390564,0.6143998255195898,0.7916562587991367,0.6389856410656125,0.8621865753344585,nan,nan,nan,nan,nan,nan,1081.0,0.6506215333938599,15.460640907287598,2.758953749692407,2.5917458709305667,1.7993502616882324,0.6506215333938599,1.7573823928833008,0.0,0.0,0.0759378948019378,0.47855541380390565,3.942209186842791
1776384104.1116488,1.3154287067602124,-7.062431597254389,-0.20009320712719036,0.6333846378604712,0.6707467745083995,0.6468681346448181,0.8065304583547921,nan,nan,nan,nan,nan,nan,1081.0,0.6506215333938599,15.460640907287598,2.758953749692407,2.5917458709305667,1.7993502616882324,0.6506215333938599,1.7573823928833008,0.0,0.0,0.06209472124363233,0.46406720712719035,3.930094408163938
1776384104.1605437,1.3154287067602124,-7.062431597254389,-0.20009320712719036,0.6333846378604712,0.6707467745083995,0.6544133122509914,0.7647501184993745,nan,nan,nan,nan,nan,nan,1081.0,0.6530605554580688,15.469202995300293,2.733786258567383,2.5900824821647443,1.8144400119781494,0.6530605554580688,1.7431340217590332,0.0,0.0,0.06209472124363233,0.46406720712719035,3.930094408163938
1776384104.2096279,1.3280211909317197,-7.064903868058786,-0.188164323932888,0.6498747307656021,0.5626218686071335,0.6544133122509914,0.8639239299943352,nan,nan,nan,nan,nan,nan,1081.0,0.6530605554580688,15.469202995300293,2.733786258567383,2.5900824821647443,1.8144400119781494,0.6530605554580688,1.7431340217590332,0.0,0.0,0.05084497682471388,0.452138323932888,3.917560099722096
1776384104.26303,1.3408679190594146,-7.0672805906399025,-0.17748175013928708,0.6556184471151378,0.5313016651884686,0.6605883351389634,0.749921177857297,nan,nan,nan,nan,nan,nan,1081.0,0.6530605554580688,15.469202995300293,2.733786258567383,2.5900824821647443,1.8144400119781494,0.6530605554580688,1.7431340217590332,0.0,0.0,0.04090727190839406,0.44145575013928706,3.904771328398751
1776384104.3102264,1.3537995132319038,-7.069532109162367,-0.1674790044657471,0.65636478955575,0.48629458669971276,0.6660837574400844,0.7303040917462066,nan,nan,nan,nan,nan,nan,1081.0,0.6688690185546875,15.367813110351562,2.7146562293213234,2.577390169745371,1.8170733451843262,0.6688690185546875,1.736189842224121,0.0,0.0,0.031726033793789535,0.4314530044657471,3.891896547007901
1776384104.3594508,1.3667474260002184,-7.071660470913381,-0.15838934191842385,0.6559235055636665,0.44026410547565714,0.6711981982335559,0.6967781813279216,nan,nan,nan,nan,nan,nan,1081.0,0.6688690185546875,15.367813110351562,2.7146562293213234,2.577390169745371,1.8170733451843262,0.6688690185546875,1.736189842224121,0.0,0.0,0.0235004155448615,0.42236334191842384,3.879004106926671
1776384104.4097404,1.3667474260002184,-7.071660470913381,-0.15838934191842385,0.6559235055636665,0.44026410547565714,0.6758161595455363,0.6834237604933939,nan,nan,nan,nan,nan,nan,1081.0,0.6688690185546875,15.367813110351562,2.7146562293213234,2.577390169745371,1.8170733451843262,0.6688690185546875,1.736189842224121,0.0,0.0,0.0235004155448615,0.42236334191842384,3.879004106926671
1776384104.4614656,1.3797468759495115,-7.0736816908104885,-0.15027373554638598,0.6577044160761594,0.39605794971206154,0.6758161595455363,0.7416219454540788,nan,nan,nan,nan,nan,nan,1081.0,0.671484112739563,15.344742774963379,2.6993395450708495,2.5705127023007135,1.8099381923675537,0.671484112739563,1.7143172025680542,0.0,0.0,0.01626030001970276,0.41424773554638594,3.866058988035332
1776384104.5103204,1.405335301680736,-7.077363796189835,-0.13400566722138588,0.6364789376526443,0.4745262022354297,0.6799130384420469,0.6648339839351802,nan,nan,nan,nan,nan,nan,1081.0,0.671484112739563,15.344742774963379,2.6993395450708495,2.5705127023007135,1.8099381923675537,0.671484112739563,1.7143172025680542,0.0,0.0,0.0020839556476043575,0.3979796672213859,3.8405738741845883
1776384104.5655107,1.405335301680736,-7.077363796189835,-0.13400566722138588,0.6364789376526443,0.4745262022354297,0.6880405363548157,0.5732848715627976,nan,nan,nan,nan,nan,nan,1081.0,0.6988838315010071,15.31425952911377,2.6836706908293944,2.5634422019120877,1.8009287118911743,0.6988838315010071,1.7026019096374512,0.0,0.0,0.0020839556476043575,0.3979796672213859,3.8405738741845883
1776384104.609637,1.4183938155152473,-7.0790566778076025,-0.12351757372881803,0.6671499541888838,0.5353670863027178,0.6880405363548157,0.6717683636867677,nan,nan,nan,nan,nan,nan,1081.0,0.6988838315010071,15.31425952911377,2.6836706908293944,2.5634422019120877,1.8009287118911743,0.6988838315010071,1.7026019096374512,0.0,0.0,-0.006862367602975414,0.38749157372881804,3.8275649759312405
1776384104.6658916,1.431711777415937,-7.080628682280479,-0.11312970698355654,0.6750520624305191,0.4982440225237702,0.6932316759918807,0.5741892641410322,nan,nan,nan,nan,nan,nan,1081.0,0.6988838315010071,15.31425952911377,2.6836706908293944,2.5634422019120877,1.8009287118911743,0.6988838315010071,1.7026019096374512,0.0,0.0,-0.01559760857728773,0.37710370698355655,3.8142945088607414
1776384104.7094526,1.4452891715613914,-7.082101948860497,-0.10354030084407509,0.6882388991005697,0.4649740807634356,0.6983415594060807,0.5473506575662295,nan,nan,nan,nan,nan,nan,1081.0,0.6988838315010071,15.31425952911377,2.6836706908293944,2.5634422019120877,1.8009287118911743,0.6988838315010071,1.7026019096374512,0.0,0.0,-0.023523280884208103,0.3675143008440751,3.8007629425886233
1776384104.7593997,1.4452891715613914,-7.082101948860497,-0.10354030084407509,0.6882388991005697,0.4649740807634356,0.7030238625464795,0.5251550340977263,nan,nan,nan,nan,nan,nan,1081.0,0.7058935761451721,15.25580883026123,2.6730904100009627,2.5664373844256887,1.815444827079773,0.7058935761451721,1.6957913637161255,0.0,0.0,-0.023523280884208103,0.3675143008440751,3.8007629425886233
1776384104.809705,1.45892878949496,-7.083465423276891,-0.09427551552406277,0.6884321671874472,0.45722382188671534,0.7030238625464795,0.5861493568772606,nan,nan,nan,nan,nan,nan,1081.0,0.7058935761451721,15.25580883026123,2.6730904100009627,2.5664373844256887,1.815444827079773,0.7058935761451721,1.6957913637161255,0.0,0.0,-0.03103861318734824,0.35824951552406276,3.7871669700389154
1776384104.8612769,1.45892878949496,-7.083465423276891,-0.09427551552406277,0.6997589631585975,0.4229306176816431,0.7075118661764743,0.5029954785630403,nan,nan,nan,nan,nan,nan,1081.0,0.7058935761451721,15.25580883026123,2.6730904100009627,2.5664373844256887,1.815444827079773,0.7058935761451721,1.6957913637161255,0.0,0.0,-0.03103861318734824,0.35824951552406276,3.7871669700389154
1776384104.909445,1.4727724843797318,-7.084709902832305,-0.08506091929494933,0.6997589631585975,0.4229306176816431,0.7033271804959556,0.6381910263989324,nan,nan,nan,nan,nan,nan,1081.0,0.7150166034698486,15.2202787399292,2.6576462799371336,2.5612668009485917,1.8106476068496704,0.7150166034698486,1.6730170249938965,0.0,1.0,-0.004194277375164118,0.34903491929494934,3.7733643917504263
1776384104.9605377,1.486703555400874,-7.08584497338418,-0.07693798632946135,0.6958171555760747,0.37381908135539405,0.7033271804959556,0.5844161114516827,nan,nan,nan,nan,nan,nan,1081.0,0.7150166034698486,15.2202787399292,2.6576462799371336,2.5612668009485917,1.8106476068496704,0.7150166034698486,1.6730170249938965,0.0,1.0,-0.011321992366515876,0.34091198632946135,3.7594719989778347
1776384105.0167205,1.5003173873531546,-7.086838662443237,-0.06961755212241685,0.683381112834544,0.3099061321669753,0.7073977859041128,0.5087100673527442,nan,nan,nan,nan,nan,nan,1081.0,0.7150166034698486,15.2202787399292,2.6576462799371336,2.5612668009485917,1.8106476068496704,0.7150166034698486,1.6730170249938965,0.0,1.0,-0.017653219295343907,0.33359155212241687,3.745893162987713
1776384105.0600617,1.5140498015613937,-7.087756824171997,-0.06446227945986499,0.6865963976489913,0.21008895908750452,0.71104297666815,0.4949654157565996,nan,nan,nan,nan,nan,nan,1081.0,0.7241031527519226,15.24602222442627,2.653009164454648,2.5720316840854065,1.8040658235549927,0.7241031527519226,1.677260398864746,0.0,1.0,-0.022040487139630215,0.328436279459865,3.7321940607946265
1776384105.1117418,1.5140498015613937,-7.087756824171997,-0.06446227945986499,0.6865963976489913,0.21008895908750452,0.7135920445104247,0.49110916769907487,nan,nan,nan,nan,nan,nan,1081.0,0.7241031527519226,15.24602222442627,2.653009164454648,2.5720316840854065,1.8040658235549927,0.7241031527519226,1.677260398864746,0.0,1.0,-0.022040487139630215,0.328436279459865,3.7321940607946265
1776384105.1607068,1.527696153185047,-7.088612385419335,-0.06089449185591673,0.6805051976859093,0.13700644300189668,0.7135920445104247,0.5257597456547165,nan,nan,nan,nan,nan,nan,1081.0,0.7241031527519226,15.24602222442627,2.653009164454648,2.5720316840854065,1.8040658235549927,0.7241031527519226,1.677260398864746,0.0,1.0,-0.025025724316228834,0.3248684918559167,3.718579562941739
1776384105.212061,1.5412084708631182,-7.089420270000218,-0.05838353633413952,0.6749683190068403,0.10044436453578187,0.715343304808033,0.49276038308428355,nan,nan,nan,nan,nan,nan,1081.0,0.7241031527519226,15.24602222442627,2.653009164454648,2.5720316840854065,1.8040658235549927,0.7241031527519226,1.677260398864746,0.0,1.0,-0.027090648734536794,0.3223575363341395,3.7050980124084205
1776384105.259634,1.5412084708631182,-7.089420270000218,-0.05838353633413952,0.6749683190068403,0.10044436453578187,0.7165667333075443,0.4934964858703511,nan,nan,nan,nan,nan,nan,1081.0,0.7241031527519226,15.24602222442627,2.653009164454648,2.5720316840854065,1.8040658235549927,0.7241031527519226,1.677260398864746,0.0,1.0,-0.027090648734536794,0.3223575363341395,3.7050980124084205
1776384105.3117585,1.5547412816726143,-7.090202365319352,-0.05647195696571607,0.6796264781051592,0.09247097226339775,0.7165667333075443,0.5087615239568902,nan,nan,nan,nan,nan,nan,1081.0,0.7403134107589722,15.18564224243164,2.647785811541149,2.5575991686396256,1.8060349225997925,0.7403134107589722,1.6464219093322754,0.0,1.0,-0.028633394849485357,0.32044595696571604,3.6915955844212727
1776384105.360491,1.5683916396038542,-7.090960819055601,-0.053756682734348915,0.6881340404154229,0.1534233980131819,0.7174907475516699,0.49194247612268865,nan,nan,nan,nan,nan,nan,1081.0,0.7403134107589722,15.18564224243164,2.647785811541149,2.5575991686396256,1.8060349225997925,0.7403134107589722,1.6464219093322754,0.0,2.0,0.0004532104397480599,0.3177306827343489,3.6779753189492705
1776384105.4128659,1.5823054923798556,-7.091692105677698,-0.04948175649685638,0.7019747396680154,0.25585682248264896,0.7109211998035658,0.6275636130975066,nan,nan,nan,nan,nan,nan,1081.0,0.7403134107589722,15.18564224243164,2.647785811541149,2.5575991686396256,1.8060349225997925,0.7403134107589722,1.6464219093322754,0.0,2.0,-0.003282012355983757,0.31345575649685636,3.664091214613356
1776384105.460641,1.5823054923798556,-7.091692105677698,-0.04948175649685638,0.7019747396680154,0.25585682248264896,0.7130594552945881,0.5028693358142652,nan,nan,nan,nan,nan,nan,1081.0,0.7567483186721802,15.145522117614746,2.646421848514585,2.558238493735282,1.7980197668075562,0.7567483186721802,1.636271595954895,0.0,2.0,-0.003282012355983757,0.31345575649685636,3.664091214613356
1776384105.5171788,1.5965717844060976,-7.092340506144335,-0.0426329306048801,0.715181555953587,0.33991799573476944,0.7130594552945881,0.5288031126023536,nan,nan,nan,nan,nan,nan,1081.0,0.7567483186721802,15.145522117614746,2.646421848514585,2.558238493735282,1.7980197668075562,0.7567483186721802,1.636271595954895,0.0,2.0,-0.009198416694655473,0.3066069306048801,3.649852586174339
1776384105.5665114,1.6109027861001108,-7.092903390545345,-0.03578022180421966,0.7203927121057425,0.3130444422927103,0.7164680604376867,0.4715438517173868,nan,nan,nan,nan,nan,nan,1081.0,0.7567483186721802,15.145522117614746,2.646421848514585,2.558238493735282,1.7980197668075562,0.7567483186721802,1.636271595954895,0.0,2.0,-0.015009817104079132,0.2997542218042196,3.6355468699862405
1776384105.6093233,1.6252247118125127,-7.093372822088748,-0.029405034773437727,0.7081432256708625,0.3155242222276637,0.7198512918050465,0.4402370410217006,nan,nan,nan,nan,nan,nan,1081.0,0.7632151246070862,15.111498832702637,2.633978740524959,2.550247923934391,1.794144868850708,0.7632151246070862,1.6193220615386963,0.0,2.0,-0.02032243720379653,0.29337903477343774,3.621247489791623
1776384105.6594014,1.6391689101635254,-7.0937236191851945,-0.02285581589205515,0.6954800704482333,0.2990352169736791,0.7229751244387942,0.43793564567319815,nan,nan,nan,nan,nan,nan,1081.0,0.7632151246070862,15.111498832702637,2.633978740524959,2.550247923934391,1.794144868850708,0.7632151246070862,1.6193220615386963,0.0,2.0,-0.025702812977616177,0.28682981589205514,3.607322012390786
1776384105.7102811,1.6531446547903226,-7.094006179182685,-0.017669421654787396,0.7019298633131492,0.1957268799971107,0.7261647604205839,0.400004474033929,nan,nan,nan,nan,nan,nan,1081.0,0.7799442410469055,15.073813438415527,2.629957231187247,2.5554604838274453,1.7967585325241089,0.7799442410469055,1.6254174709320068,0.0,3.0,-0.002086678137962525,0.2816434216547874,3.5933629490955012
1776384105.759954,1.6671752435039908,-7.0942284597501075,-0.014505724978357806,0.6994599465899036,0.10953445672353633,0.7216656848274261,0.5366238100838426,nan,nan,nan,nan,nan,nan,1081.0,0.7799442410469055,15.073813438415527,2.629957231187247,2.5554604838274453,1.7967585325241089,0.7799442410469055,1.6254174709320068,0.0,3.0,-0.004897310792123298,0.27847972497835777,3.579347237350708
1776384105.8165433,1.6671752435039908,-7.0942284597501075,-0.014505724978357806,0.6994599465899036,0.10953445672353633,0.723259799325675,0.45052470669132244,nan,nan,nan,nan,nan,nan,1081.0,0.7799442410469055,15.073813438415527,2.629957231187247,2.5554604838274453,1.7967585325241089,0.7799442410469055,1.6254174709320068,0.0,3.0,-0.004897310792123298,0.27847972497835777,3.579347237350708
1776384105.860494,1.6806365338311715,-7.094401772925295,-0.011323951576278801,0.6718381116549297,0.13145014603643904,0.723259799325675,0.47051543242471494,nan,nan,nan,nan,nan,nan,1081.0,0.7799442410469055,15.073813438415527,2.629957231187247,2.5554604838274453,1.7967585325241089,0.7799442410469055,1.6254174709320068,0.0,3.0,-0.0076772828241519295,0.2752979515762788,3.5658990199698612
1776384105.9101176,1.6942478339849054,-7.094546199434366,-0.009787847636704844,0.6795064105350679,0.03433356742553287,0.7248512488303283,0.44177480223182886,nan,nan,nan,nan,nan,nan,1081.0,0.7896811962127686,15.018226623535156,2.6231894644733713,2.54256781501825,1.7749743461608887,0.7896811962127686,1.611409068107605,0.0,3.0,-0.008997577860361185,0.27376184763670486,3.5523000216848186
1776384105.9597669,1.7078393799354288,-7.094680537186931,-0.00967234096343902,0.6774211450263085,-0.030205166719623498,0.7256140722825337,0.44578933131279186,nan,nan,nan,nan,nan,nan,1081.0,0.7896811962127686,15.018226623535156,2.6231894644733713,2.54256781501825,1.7749743461608887,0.7896811962127686,1.611409068107605,0.0,3.0,-0.009093254227756933,0.273646340963439,3.5387205294953357
1776384106.0105026,1.7078393799354288,-7.094680537186931,-0.00967234096343902,0.6774211450263085,-0.030205166719623498,0.7256705245956319,0.45602682338829226,nan,nan,nan,nan,nan,nan,1081.0,0.7896811962127686,15.018226623535156,2.6231894644733713,2.54256781501825,1.7749743461608887,0.7896811962127686,1.611409068107605,0.0,3.0,-0.009093254227756933,0.273646340963439,3.5387205294953357
1776384106.0625443,1.721322360357978,-7.094817324748553,-0.010532450830622677,0.6722774419235064,-0.07350106012280377,0.7256705245956319,0.45673985945353235,nan,nan,nan,nan,nan,nan,1081.0,0.7896811962127686,15.018226623535156,2.6231894644733713,2.54256781501825,1.7749743461608887,0.7896811962127686,1.611409068107605,0.0,3.0,-0.008376341111969903,0.27450645083062264,3.5252497218478496
1776384106.109417,1.721322360357978,-7.094817324748553,-0.010532450830622677,0.6722774419235064,-0.07350106012280377,0.7252490317276421,0.46986818125343377,nan,nan,nan,nan,nan,nan,1081.0,0.7900714874267578,14.977184295654297,2.621450414104003,2.531454221113039,1.7811181545257568,0.7900714874267578,1.601462483406067,0.0,3.0,-0.008376341111969903,0.27450645083062264,3.5252497218478496
1776384106.159541,1.7480193200071206,-7.09513235301721,-0.01435835532135,0.6678437851218212,-0.10863788589742705,0.7244704334094214,0.4737966466056886,nan,nan,nan,nan,nan,nan,1081.0,0.7900714874267578,14.977184295654297,2.621450414104003,2.531454221113039,1.7811181545257568,0.7900714874267578,1.601462483406067,0.0,4.0,0.022191374773859233,0.27833235532135,3.498578657863385
1776384106.214663,1.7480193200071206,-7.09513235301721,-0.01435835532135,0.6678437851218212,-0.10863788589742705,0.7164747140670095,0.6141739878785906,nan,nan,nan,nan,nan,nan,1081.0,0.8155784010887146,15.048446655273438,2.6350135165822386,2.5535211379874982,1.769912838935852,0.8155784010887146,1.5848551988601685,0.0,4.0,0.022191374773859233,0.27833235532135,3.498578657863385
1776384106.25966,1.7616238691234902,-7.0953479832851825,-0.015494479960859134,0.689323581487595,-0.03350711608029018,0.7164747140670095,0.5092873481885173,nan,nan,nan,nan,nan,nan,1081.0,0.8155784010887146,15.048446655273438,2.6350135165822386,2.5535211379874982,1.769912838935852,0.8155784010887146,1.5848551988601685,0.0,4.0,0.02321367765891738,0.2794684799608591,3.4849893501781333
1776384106.310236,1.7754163661163562,-7.09557424696586,-0.016237257992722742,0.6895572450677673,-0.04270643261342719,0.7158989788409124,0.5206303943269308,nan,nan,nan,nan,nan,nan,1081.0,0.8155784010887146,15.048446655273438,2.6350135165822386,2.5535211379874982,1.769912838935852,0.8155784010887146,1.5848551988601685,0.0,4.0,0.023871060343997205,0.28021125799272273,3.4712127037644525
1776384106.3597374,1.7890644767779693,-7.095804248581405,-0.01703263272586042,0.6680946268882474,-0.04252628600211317,0.7155253405553504,0.5191993818137419,nan,nan,nan,nan,nan,nan,1081.0,0.8155784010887146,15.048446655273438,2.6350135165822386,2.5535211379874982,1.769912838935852,0.8155784010887146,1.5848551988601685,0.0,4.0,0.024559069149809837,0.2810066327258604,3.457580627803112
1776384106.410896,1.7890644767779693,-7.095804248581405,-0.01703263272586042,0.6680946268882474,-0.04252628600211317,0.7151292574110071,0.5224323968360743,nan,nan,nan,nan,nan,nan,1081.0,0.8290618062019348,14.946775436401367,2.633103179501561,2.5386615314895615,1.7445286512374878,0.8290618062019348,1.5773636102676392,0.0,4.0,0.024559069149809837,0.2810066327258604,3.457580627803112
1776384106.4597664,1.8021651252280209,-7.0960175024719065,-0.01782322953583691,0.6531227097665472,-0.0652897219270436,0.7151292574110071,0.5169756719371028,nan,nan,nan,nan,nan,nan,1081.0,0.8290618062019348,14.946775436401367,2.633103179501561,2.5386615314895615,1.7445286512374878,0.8290618062019348,1.5773636102676392,0.0,4.0,0.025214343273724127,0.2817972295358369,3.4444952433070335
1776384106.5118191,1.8153360312947697,-7.096266375157831,-0.018300964095696304,0.6665335272763493,0.012790048757851726,0.7147427612249873,0.5242733234950169,nan,nan,nan,nan,nan,nan,1081.0,0.8290618062019348,14.946775436401367,2.633103179501561,2.5386615314895615,1.7445286512374878,0.8290618062019348,1.5773636102676392,0.0,4.0,0.025624088034027492,0.2822749640956963,3.4313410190636504
1776384106.578701,1.8153360312947697,-7.096266375157831,-0.018300964095696304,0.6665335272763493,0.012790048757851726,0.7145057398686302,0.5233577453829209,nan,nan,nan,nan,nan,nan,1081.0,0.8397856950759888,14.921031951904297,2.6305569309420767,2.5283582363874966,1.7191609144210815,0.8397856950759888,1.5623825788497925,0.0,4.0,0.025624088034027492,0.2822749640956963,3.4313410190636504
1776384106.6105664,1.8427196371227477,-7.096705100643627,-0.009960429298418188,0.7053166401806793,0.40235019584733395,0.7145057398686302,0.5205386293221137,nan,nan,nan,nan,nan,nan,1081.0,0.8397856950759888,14.921031951904297,2.6305569309420767,2.5283582363874966,1.7191609144210815,0.8397856950759888,1.5623825788497925,0.0,4.0,0.018881870830712362,0.27393442929841816,3.4039897825349352
1776384106.6680644,1.8568120911300456,-7.096769984090345,-0.0014294398657191457,0.7056140207096567,0.4173565795753272,0.7185401283471035,0.41965362216870206,nan,nan,nan,nan,nan,nan,1081.0,0.8397856950759888,14.921031951904297,2.6305569309420767,2.5283582363874966,1.7191609144210815,0.8397856950759888,1.5623825788497925,0.0,5.0,0.03832193869756987,0.2654034398657191,3.3899084904293155
1776384106.7112868,1.8711027611157587,-7.096732605519634,0.006111869862399467,0.718834268522814,0.3353777206630733,0.7160299082858111,0.5408656780822537,nan,nan,nan,nan,nan,nan,1081.0,0.8532741069793701,14.881964683532715,2.6243357433972814,2.528966432794621,1.740368127822876,0.8532741069793701,1.548799991607666,0.0,5.0,0.03170809888871182,0.2578621301376005,3.375625552956741
1776384106.7625158,1.8854339082322433,-7.096596075850476,0.013380861061623136,0.7205222385100519,0.3356420572506796,0.7198081626415166,0.43522324218206077,nan,nan,nan,nan,nan,nan,1081.0,0.8532741069793701,14.881964683532715,2.6243357433972814,2.528966432794621,1.740368127822876,0.8532741069793701,1.548799991607666,0.0,5.0,0.0254423341241814,0.25059313893837687,3.3612986803040354
1776384106.8095284,1.899862234673062,-7.096361677441589,0.019049455844481186,0.7287316205266042,0.24095949709912018,0.7234224528979608,0.42417521310618433,nan,nan,nan,nan,nan,nan,1081.0,0.8567880392074585,14.845096588134766,2.6178154706072743,2.5303403851311703,1.743652582168579,0.8567880392074585,1.5323582887649536,0.0,5.0,0.02063378049429385,0.2449245441555188,3.3468712206626687
1776384106.8610911,1.9144362493330034,-7.096041135626902,0.024109877129301745,0.729033003715577,0.2223366076834724,0.7262214149518927,0.4168053354180331,nan,nan,nan,nan,nan,nan,1081.0,0.8567880392074585,14.845096588134766,2.6178154706072743,2.5303403851311703,1.743652582168579,0.8567880392074585,1.5323582887649536,0.0,5.0,0.016408344941550364,0.23986412287069825,3.3322950942711156
1776384106.9115353,1.9144362493330034,-7.096041135626902,0.024109877129301745,0.729033003715577,0.2223366076834724,0.7287031426709338,0.4105365335603466,nan,nan,nan,nan,nan,nan,1081.0,0.8567880392074585,14.845096588134766,2.6178154706072743,2.5303403851311703,1.743652582168579,0.8567880392074585,1.5323582887649536,0.0,5.0,0.016408344941550364,0.23986412287069825,3.3322950942711156
1776384106.9660056,1.9289297743886882,-7.095650792170885,0.02835089965629089,0.7240321318486017,0.1731523019624897,0.7287031426709338,0.4394106133089497,nan,nan,nan,nan,nan,nan,1081.0,0.8710888624191284,14.776652336120605,2.6089602772225726,2.5177075095335164,1.728979229927063,0.8710888624191284,1.5275665521621704,0.0,5.0,0.012923370684303694,0.2356231003437091,3.3177969058647006
1776384107.0094464,1.9289297743886882,-7.095650792170885,0.02835089965629089,0.7240321318486017,0.1731523019624897,0.730768842491317,0.3789646523004971,nan,nan,nan,nan,nan,nan,1081.0,0.8710888624191284,14.776652336120605,2.6089602772225726,2.5177075095335164,1.728979229927063,0.8710888624191284,1.5275665521621704,0.0,5.0,0.012923370684303694,0.2356231003437091,3.3177969058647006
1776384107.0599828,1.943392377618918,-7.095228255682593,0.031846824545736084,0.7269500873328906,0.14297198939303615,0.730768842491317,0.42760661433533187,nan,nan,nan,nan,nan,nan,1081.0,0.8710888624191284,14.776652336120605,2.6089602772225726,2.5177075095335164,1.728979229927063,0.8710888624191284,1.5275665521621704,0.0,6.0,0.03312725387719842,0.2321271754542639,3.303328465155049
1776384107.110092,1.9575917271672014,-7.094742520435023,0.034827514681500416,0.6954581956431019,0.10428221688829194,0.7266563228957521,0.5021713946483837,nan,nan,nan,nan,nan,nan,1081.0,0.8710888624191284,14.776652336120605,2.6089602772225726,2.5177075095335164,1.728979229927063,0.8710888624191284,1.5275665521621704,0.0,6.0,0.030468313989194577,0.22914648531849957,3.2891208335292466
1776384107.160247,1.9711475747217522,-7.0942490685263,0.03676978512690106,0.6747665890007171,0.06007865011935813,0.7281609689855432,0.4225868758752364,nan,nan,nan,nan,nan,nan,1081.0,0.866790235042572,14.79926586151123,2.6141647001750816,2.536313319233243,1.7320594787597656,0.866790235042572,1.5195297002792358,0.0,6.0,0.028762508241109985,0.22720421487309894,3.2755560086822664
1776384107.2094307,1.9711475747217522,-7.0942490685263,0.03676978512690106,0.6747665890007171,0.06007865011935813,0.7291346677587726,0.42438920339092484,nan,nan,nan,nan,nan,nan,1081.0,0.866790235042572,14.79926586151123,2.6141647001750816,2.536313319233243,1.7320594787597656,0.866790235042572,1.5195297002792358,0.0,6.0,0.028762508241109985,0.22720421487309894,3.2755560086822664
1776384107.259647,1.9847881048278968,-7.093742389000897,0.037205374885629736,0.6843916663025341,-0.018878176331170716,0.7291346677587726,0.4369447556641568,nan,nan,nan,nan,nan,nan,1081.0,0.866790235042572,14.79926586151123,2.6141647001750816,2.536313319233243,1.7320594787597656,0.866790235042572,1.5195297002792358,0.0,6.0,0.028385729137792026,0.22676862511437024,3.2619060799053377
1776384107.3095484,1.998430411965272,-7.09323843091036,0.03682794216273342,0.6816134437353101,-0.04332426791497878,0.7293515812252528,0.43291861058590314,nan,nan,nan,nan,nan,nan,1081.0,0.8882738947868347,14.703974723815918,2.6113555214120545,2.5160712047416025,1.7206039428710938,0.8882738947868347,1.5162136554718018,0.0,6.0,0.028706653967062176,0.22714605783726657,3.248254473298317
1776384107.3594103,2.012018890814466,-7.092743891670934,0.03605830858391526,0.6794510450933575,-0.05602747372988455,0.7291650270058657,0.4391274140734828,nan,nan,nan,nan,nan,nan,1081.0,0.8882738947868347,14.703974723815918,2.6113555214120545,2.5160712047416025,1.7206039428710938,0.8882738947868347,1.5162136554718018,0.0,6.0,0.02934886988677298,0.22791569141608473,3.2346569992151144
1776384107.4108746,2.012018890814466,-7.092743891670934,0.03605830858391526,0.6794510450933575,-0.05602747372988455,0.7287876911920295,0.4437634079098235,nan,nan,nan,nan,nan,nan,1081.0,0.8882738947868347,14.703974723815918,2.6113555214120545,2.5160712047416025,1.7206039428710938,0.8882738947868347,1.5162136554718018,0.0,6.0,0.02934886988677298,0.22791569141608473,3.2346569992151144
1776384107.4615817,2.025572565971324,-7.092259576018048,0.035124697056803364,0.6771309796405274,-0.0664118016016102,0.7283338642282541,0.44627550962397705,nan,nan,nan,nan,nan,nan,1081.0,0.8882738947868347,14.703974723815918,2.6113555214120545,2.5160712047416025,1.7206039428710938,0.8882738947868347,1.5162136554718018,0.0,6.0,0.030112424395440044,0.2288493029431966,3.2210946743313076
1776384107.5115201,2.039063319798953,-7.09179193324718,0.03386316170465669,0.6743321338865161,-0.08077815500435578,0.7283338642282541,0.4415207758385483,nan,nan,nan,nan,nan,nan,1081.0,0.9021019339561462,14.721776962280273,2.6159849670284,2.5210387013175355,1.7050906419754028,0.9021019339561462,1.4970247745513916,0.0,7.0,0.05393592210382499,0.2301108382953433,3.2075958303057575
1776384107.5595205,2.0525279562417613,-7.091341152772968,0.03233569686746441,0.6735316766736151,-0.09273502006566355,0.72197711290714,0.5598849759791934,nan,nan,nan,nan,nan,nan,1081.0,0.9021019339561462,14.721776962280273,2.6159849670284,2.5210387013175355,1.7050906419754028,0.9021019339561462,1.4970247745513916,0.0,7.0,0.05529033288830423,0.23163830313253558,3.194123694147087
1776384107.6116168,2.065765980517455,-7.090923122160434,0.031119080596110318,0.66078807038794,-0.06662355328793321,0.7212081112350375,0.49149152950338626,nan,nan,nan,nan,nan,nan,1081.0,0.9141116738319397,14.685750007629395,2.6206859923092773,2.52268228327283,1.7011369466781616,0.9141116738319397,1.4900320768356323,0.0,7.0,0.05635882293565343,0.23285491940388967,3.1808792034592406
1776384107.659638,2.0790376581057215,-7.090511104699854,0.02999918291008653,0.6655224417632953,-0.06136405253691074,0.7205981991871262,0.49416917644220437,nan,nan,nan,nan,nan,nan,1081.0,0.9141116738319397,14.685750007629395,2.6206859923092773,2.52268228327283,1.7011369466781616,0.9141116738319397,1.4900320768356323,0.0,7.0,0.05731917888794334,0.23397481708991347,3.1676012992673597
1776384107.7148175,2.0923423278637614,-7.090118250635881,0.02929192089584641,0.6672826316045871,-0.041717339454534645,0.7200426181350625,0.4960337523879158,nan,nan,nan,nan,nan,nan,1081.0,0.9141116738319397,14.685750007629395,2.6206859923092773,2.52268228327283,1.7011369466781616,0.9141116738319397,1.4900320768356323,0.0,7.0,0.05792191884319725,0.23468207910415356,3.1542911172709425
1776384107.7593396,2.0923423278637614,-7.090118250635881,0.02929192089584641,0.6672826316045871,-0.041717339454534645,0.7196926943023514,0.4943463997183428,nan,nan,nan,nan,nan,nan,1081.0,0.9214088320732117,14.63318157196045,2.6189529238532363,2.5077341619638642,1.6773251295089722,0.9214088320732117,1.4832875728607178,0.0,7.0,0.05792191884319725,0.23468207910415356,3.1542911172709425
1776384107.809873,2.10564561689908,-7.089737705723511,0.02890957257677405,0.664264655922855,-0.02179092752669228,0.7196926943023514,0.4908988897008497,nan,nan,nan,nan,nan,nan,1081.0,0.9214088320732117,14.63318157196045,2.6189529238532363,2.5077341619638642,1.6773251295089722,0.9214088320732117,1.4832875728607178,0.0,7.0,0.05824844748750669,0.23506442742322595,3.1409827620813986
1776384107.859651,2.1189081384273254,-7.0893611618515555,0.028752955836586085,0.6654204961697011,-0.02663244883357482,0.719425514152367,0.495810971748043,nan,nan,nan,nan,nan,nan,1081.0,0.9214088320732117,14.63318157196045,2.6189529238532363,2.5077341619638642,1.6773251295089722,0.9214088320732117,1.4832875728607178,0.0,7.0,0.05838330746776679,0.2352210441634139,3.127715295586585
1776384107.9097016,2.145632721604341,-7.088594631307482,0.028768131864267174,0.6691473755483175,-0.007043082926357106,0.7193810942759911,0.4932217469692687,nan,nan,nan,nan,nan,nan,1081.0,0.9365145564079285,14.59680461883545,2.6241732791658907,2.506708257815908,1.6534078121185303,0.9365145564079285,1.4724289178848267,0.0,8.0,0.08167781010802694,0.2352058681357328,3.1009804767816402
1776384107.9635582,2.145632721604341,-7.088594631307482,0.028768131864267174,0.6691473755483175,-0.007043082926357106,0.713559548774772,0.6007689375615777,nan,nan,nan,nan,nan,nan,1081.0,0.9365145564079285,14.59680461883545,2.6241732791658907,2.506708257815908,1.6534078121185303,0.9365145564079285,1.4724289178848267,0.0,8.0,0.08167781010802694,0.2352058681357328,3.1009804767816402
1776384108.0097485,2.159008415411771,-7.088210202488946,0.02880654828008823,0.6695396787843204,-0.003818480251049282,0.713559548774772,0.5259454355727313,nan,nan,nan,nan,nan,nan,1081.0,0.9365145564079285,14.59680461883545,2.6241732791658907,2.506708257815908,1.6534078121185303,0.9365145564079285,1.4724289178848267,0.0,8.0,0.08164471723338183,0.23516745171991177,3.0875996366958756
1776384108.0607283,2.172249785344489,-7.087828171938845,0.029125180394764662,0.6611114767752269,0.0009011284347173733,0.7135786447756125,0.5255681974464754,nan,nan,nan,nan,nan,nan,1081.0,0.9394304752349854,14.559723854064941,2.6200467010100166,2.49936776010153,1.6583346128463745,0.9394304752349854,1.4486292600631714,0.0,8.0,0.08137006334884889,0.23484881960523532,3.0743531223456615
1776384108.1128232,2.185472951033169,-7.087443837216247,0.029393619324929315,0.6632446215761764,0.01849841056615123,0.7137370745466243,0.5229822816063661,nan,nan,nan,nan,nan,nan,1081.0,0.9394304752349854,14.559723854064941,2.6200467010100166,2.49936776010153,1.6583346128463745,0.9394304752349854,1.4486292600631714,0.0,8.0,0.08114353048517339,0.23458038067507067,3.061124719729989
1776384108.159519,2.185472951033169,-7.087443837216247,0.029393619324929315,0.6632534254237975,0.012312796987829533,0.7138693237287166,0.5224803799717759,nan,nan,nan,nan,nan,nan,1081.0,0.9394304752349854,14.559723854064941,2.6200467010100166,2.49936776010153,1.6583346128463745,0.9394304752349854,1.4486292600631714,0.0,8.0,0.08114353048517339,0.23458038067507067,3.061124719729989
1776384108.210498,2.1987319733902746,-7.087056878165994,0.029839561589317932,0.6632534254237975,0.012312796987829533,0.7140871850764174,0.520039240166992,nan,nan,nan,nan,nan,nan,1081.0,0.9583293795585632,14.54964828491211,2.6234744475132663,2.501465084860924,1.641208529472351,0.9583293795585632,1.4467965364456177,0.0,8.0,0.08077449273250645,0.23413443841068204,3.0478603917736176
1776384108.2600062,2.2119935103356396,-7.086662945568574,0.030235112746702375,0.6639318975591463,0.013170989960376625,0.7142792740929178,0.5193780649102355,nan,nan,nan,nan,nan,nan,1081.0,0.9583293795585632,14.54964828491211,2.6234744475132663,2.501465084860924,1.641208529472351,0.9583293795585632,1.4467965364456177,0.0,8.0,0.08045173601650348,0.2337388872532976,3.034593300221387
1776384108.4939818,2.2252794215325564,-7.0862625176870555,0.03067897516231912,0.6655569334259913,0.014981180277638376,0.7144935276852943,0.5177748155713375,nan,nan,nan,nan,nan,nan,1081.0,0.9583293795585632,14.54964828491211,2.6234744475132663,2.501465084860924,1.641208529472351,0.9583293795585632,1.4467965364456177,0.0,8.0,0.08009470381013947,0.23329502483768086,3.0213016167364093
1776384108.5560768,2.2252794215325564,-7.0862625176870555,0.03067897516231912,0.6655569334259913,0.014981180277638376,0.7144935276852943,0.5177748155713375,nan,nan,nan,nan,nan,nan,1081.0,0.9583293795585632,14.54964828491211,2.6234744475132663,2.501465084860924,1.641208529472351,0.9583293795585632,1.4467965364456177,0.0,8.0,0.08009470381013947,0.23329502483768086,3.0213016167364093
1776384108.5622978,2.2252794215325564,-7.0862625176870555,0.03067897516231912,0.6799180645091665,0.07509162421265418,0.7144935276852943,0.5206084132268902,nan,nan,nan,nan,nan,nan,1081.0,0.9626451730728149,14.453784942626953,2.6260820395079727,2.4912399520081148,1.6243048906326294,0.9626451730728149,1.4416842460632324,0.0,8.0,0.08009470381013947,0.23329502483768086,3.0213016167364093
1776384108.6132677,2.2386637685847655,-7.085855854630598,0.03164600283405622,0.6799180645091665,0.07509162421265418,0.7091546366222768,0.5987159468555866,nan,nan,nan,nan,nan,nan,1081.0,0.9626451730728149,14.453784942626953,2.6260820395079727,2.4912399520081148,1.6243048906326294,0.9626451730728149,1.4416842460632324,0.0,9.0,0.1023552546478532,0.23232799716594377,3.0079113379046953
1776384108.680593,2.2527967389968095,-7.085399305560591,0.035048353639119074,0.7321917889872438,0.21889709664884993,0.7091546366222768,0.5511163621584186,nan,nan,nan,nan,nan,nan,1081.0,0.9626451730728149,14.453784942626953,2.6260820395079727,2.4912399520081148,1.6243048906326294,0.9626451730728149,1.4416842460632324,0.0,9.0,0.0993603163734107,0.22892564636088092,2.9937711170662418
1776384108.7179673,2.2527967389968095,-7.085399305560591,0.035048353639119074,0.7321917889872438,0.21889709664884993,0.7108620192928539,0.5242862828815237,nan,nan,nan,nan,nan,nan,1081.0,0.9626451730728149,14.453784942626953,2.6260820395079727,2.4912399520081148,1.6243048906326294,0.9626451730728149,1.4416842460632324,0.0,9.0,0.0993603163734107,0.22892564636088092,2.9937711170662418
1776384108.8296614,2.2672600036679205,-7.084844645439583,0.04021082107676002,0.7185436927727988,0.2924339129090822,0.7108620192928539,0.541359889755121,nan,nan,nan,nan,nan,nan,1081.0,0.9626451730728149,14.453784942626953,2.6260820395079727,2.4912399520081148,1.6243048906326294,0.9626451730728149,1.4416842460632324,0.0,9.0,0.09485492468604084,0.22376317892323996,2.9792972464579277
1776384108.8593554,2.2672600036679205,-7.084844645439583,0.04021082107676002,0.7185436927727988,0.2924339129090822,0.7134428688806106,0.5266121778250827,nan,nan,nan,nan,nan,nan,1081.0,0.9626451730728149,14.453784942626953,2.6260820395079727,2.4912399520081148,1.6243048906326294,0.9626451730728149,1.4416842460632324,0.0,9.0,0.09485492468604084,0.22376317892323996,2.9792972464579277
1776384108.9157898,2.2812476152960364,-7.084208233712858,0.04775200672464801,0.6939414558603917,0.40067989477927934,0.7134428688806106,0.5266121778250827,nan,nan,nan,nan,nan,nan,1081.0,0.9778386950492859,14.459356307983398,2.6220112052038793,2.492101321242911,1.6360150575637817,0.9778386950492859,1.4286682605743408,1.0,9.0,0.08837046303104258,0.21622199327535196,2.9652957372023243
1776384108.9626057,2.295189801585338,-7.083480942635889,0.055193109267671785,0.6992344541056659,0.34161724450919334,0.7171884851990789,0.46256646366982157,nan,nan,nan,nan,nan,nan,1081.0,0.9778386950492859,14.459356307983398,2.6220112052038793,2.492101321242911,1.6360150575637817,0.9778386950492859,1.4286682605743408,1.0,9.0,0.08208268975383326,0.2087808907323282,2.951336326674492
1776384109.0152795,2.309212421148882,-7.0826528737973655,0.0633210864681721,0.7042869095700055,0.42577430303157693,0.7208565127769822,0.42962313320489515,nan,nan,nan,nan,nan,nan,1081.0,0.963281512260437,14.407618522644043,2.618972838421203,2.4929156142514235,1.6469550132751465,0.963281512260437,1.422581672668457,1.0,9.0,0.07533682069542805,0.2006529135318279,2.9372929012461553
1776384109.0595932,2.3236141962125387,-7.081678971944015,0.07048878707555402,0.7266229796536016,0.2731451839011557,0.7248323053958403,0.4120866548796339,nan,nan,nan,nan,nan,nan,1081.0,0.963281512260437,14.407618522644043,2.618972838421203,2.4929156142514235,1.6469550132751465,0.963281512260437,1.422581672668457,1.0,9.0,0.06947359300365702,0.19348521292444598,2.922865340521292
1776384109.1138701,2.337940703911628,-7.080631957288129,0.07546638844428938,0.7134707518288655,0.2023403538241981,0.7283167949442336,0.39727381784563026,nan,nan,nan,nan,nan,nan,1081.0,0.963281512260437,14.407618522644043,2.618972838421203,2.4929156142514235,1.6469550132751465,0.963281512260437,1.422581672668457,1.0,10.0,0.08421739834787996,0.1885076115557106,2.9085104453954433
1776384109.1621568,2.3520185238562723,-7.079544544046612,0.07868156880661643,0.7011068791042517,0.09471357910739106,0.7259950843807353,0.48587551561778547,nan,nan,nan,nan,nan,nan,1081.0,0.978405773639679,14.408919334411621,2.622643894558147,2.5045371901238123,1.6387925148010254,0.978405773639679,1.4155848026275635,1.0,10.0,0.08136505604951755,0.18529243119338357,2.894402735626285
1776384109.2095287,2.3520185238562723,-7.079544544046612,0.07868156880661643,0.7011068791042517,0.09471357910739106,0.7259950843807353,0.45488523211008414,nan,nan,nan,nan,nan,nan,1081.0,0.978405773639679,14.408919334411621,2.622643894558147,2.5045371901238123,1.6387925148010254,0.978405773639679,1.4155848026275635,1.0,10.0,0.08136505604951755,0.18529243119338357,2.894402735626285
1776384109.2601318,2.3659690303568763,-7.0784349626421745,0.07995236725705482,0.7033090390086071,0.014277161075947342,0.7276141251413742,0.42636009390322005,nan,nan,nan,nan,nan,nan,1081.0,0.978405773639679,14.408919334411621,2.622643894558147,2.5045371901238123,1.6387925148010254,0.978405773639679,1.4155848026275635,1.0,10.0,0.08025464758456112,0.18402163274294517,2.8804215910428987
1776384109.3093867,2.3950467258489265,-7.0760950691534115,0.08165947418158945,0.7593477745891084,0.06861319547324417,0.728249771640666,0.43241551374829323,nan,nan,nan,nan,nan,nan,1081.0,0.9890129566192627,14.343256950378418,2.6182180668445345,2.492093109865501,1.6393555402755737,0.9890129566192627,1.4062647819519043,2.0,10.0,0.07881546969827206,0.18231452581841054,2.851279508228022
1776384109.3595686,2.3950467258489265,-7.0760950691534115,0.08165947418158945,0.7593477745891084,0.06861319547324417,0.7290904344068805,0.4264053195946641,nan,nan,nan,nan,nan,nan,1081.0,0.9890129566192627,14.343256950378418,2.6182180668445345,2.492093109865501,1.6393555402755737,0.9890129566192627,1.4062647819519043,2.0,10.0,0.07881546969827206,0.18231452581841054,2.851279508228022
1776384109.415483,2.4102187590791466,-7.07483432604105,0.08304851060776162,0.7648121437932041,0.03687334911899106,0.7290904344068805,0.4371975176749687,nan,nan,nan,nan,nan,nan,1081.0,1.0011484622955322,14.294179916381836,2.6202697335956935,2.4862287951259563,1.6213340759277344,1.0011484622955322,1.402930736541748,2.0,10.0,0.077654629730716,0.18092548939223835,2.8360727362559826
1776384109.4598835,2.4255064005657343,-7.073555554095455,0.0836575939123451,0.7710595682294168,-0.004344707577362643,0.7297718962780328,0.42452354237831313,nan,nan,nan,nan,nan,nan,1081.0,1.0011484622955322,14.294179916381836,2.6202697335956935,2.4862287951259563,1.6213340759277344,1.0011484622955322,1.402930736541748,2.0,10.0,0.07715701977924559,0.18031640608765487,2.8207499924375337
1776384109.5096824,2.440865515390335,-7.07226723990902,0.08379212431834583,0.7714291407588129,-0.004503951929447952,0.7300678373110868,0.42770464220357424,nan,nan,nan,nan,nan,nan,1081.0,1.0011484622955322,14.294179916381836,2.6202697335956935,2.4862287951259563,1.6213340759277344,1.0011484622955322,1.402930736541748,2.0,11.0,0.0949711131992961,0.18018187568165417,2.8053556905422283
1776384109.5596838,2.4562064708295246,-7.0709773844835855,0.08407712322910796,0.7694568310140867,0.009627050176578052,0.7256163542829143,0.511967897775315,nan,nan,nan,nan,nan,nan,1081.0,1.024295449256897,14.281232833862305,2.629151940345764,2.4920118157501534,1.6127251386642456,1.024295449256897,1.3810157775878906,2.0,11.0,0.09472052481691981,0.17989687677089203,2.789979692303755
1776384109.6105144,2.4716443057870405,-7.069665165642565,0.08541055550574468,0.7736583702917447,0.0554355516794248,0.7257593022502865,0.4543126738683905,nan,nan,nan,nan,nan,nan,1081.0,1.024295449256897,14.281232833862305,2.629151940345764,2.4920118157501534,1.6127251386642456,1.024295449256897,1.3810157775878906,2.0,11.0,0.09356397209863276,0.17856344449425532,2.7745063284180898
1776384109.6606987,2.4867987346823086,-7.06835945965874,0.08647333047628923,0.7496043889001328,0.017597376907354214,0.7264241145727531,0.44493162381022944,nan,nan,nan,nan,nan,nan,1081.0,1.024295449256897,14.281232833862305,2.629151940345764,2.4920118157501534,1.6127251386642456,1.024295449256897,1.3810157775878906,3.0,11.0,0.0926589305466284,0.17750066952371074,2.7593166561494407
1776384109.7115254,2.4867987346823086,-7.06835945965874,0.08647333047628923,0.7496043889001328,0.017597376907354214,0.7269497620356107,0.44198563325547263,nan,nan,nan,nan,nan,nan,1081.0,1.0290725231170654,14.197956085205078,2.6311147799655092,2.4838609150115643,1.598193645477295,1.0290725231170654,1.3730205297470093,3.0,11.0,0.0926589305466284,0.17750066952371074,2.7593166561494407
1776384109.7594454,2.5015312209658633,-7.067079871712774,0.08632074381514263,0.7293093981110434,-0.04619571189980781,0.7269497620356107,0.449429931225082,nan,nan,nan,nan,nan,nan,1081.0,1.0290725231170654,14.197956085205078,2.6311147799655092,2.4838609150115643,1.598193645477295,1.0290725231170654,1.3730205297470093,3.0,11.0,0.09278302090942987,0.17765325618485736,2.7445497910794483
1776384109.809418,2.5159195760677924,-7.065845004181308,0.08532192823871458,0.721683894865826,-0.07755246211386124,0.7268757669990636,0.4507722432250445,nan,nan,nan,nan,nan,nan,1081.0,1.0290725231170654,14.197956085205078,2.6311147799655092,2.4838609150115643,1.598193645477295,1.0290725231170654,1.3730205297470093,3.0,11.0,0.09360691232888389,0.1786520717612854,2.7301285670041153
1776384109.8626678,2.530415508403439,-7.064618747184596,0.08401897356696753,0.735620781436472,-0.0521446104069827,0.7263884779999614,0.4589656384501711,nan,nan,nan,nan,nan,nan,1081.0,1.043015956878662,14.225028991699219,2.642411999190769,2.4926561610743407,1.60061514377594,1.043015956878662,1.3618533611297607,3.0,11.0,0.09466279913508487,0.17995502643303246,2.7156003154705677
1776384109.9109566,2.5454052180063713,-7.063357940754984,0.084496348398192,0.7662376581616358,0.037321207298897374,0.7257575672167096,0.46422324530085457,nan,nan,nan,nan,nan,nan,1081.0,1.043015956878662,14.225028991699219,2.642411999190769,2.4926561610743407,1.60061514377594,1.043015956878662,1.3618533611297607,3.0,12.0,0.11214135429628054,0.17947765160180798,2.7005776388471667
1776384109.960618,2.560727450512464,-7.0620457685187,0.08489999629656403,0.7722784964903673,-0.006193873852495625,0.721486636268831,0.5302453061831216,nan,nan,nan,nan,nan,nan,1081.0,1.043015956878662,14.225028991699219,2.642411999190769,2.4926561610743407,1.60061514377594,1.043015956878662,1.3618533611297607,3.0,12.0,0.11177663873537427,0.17907400370343596,2.6852211917273787
1776384110.0132246,2.5761683089595766,-7.060729782879547,0.08485019453302609,0.7783343479195864,-0.03075202449182345,0.7216915660017237,0.47659682381864854,nan,nan,nan,nan,nan,nan,1081.0,1.0499591827392578,14.116247177124023,2.639656110674446,2.47242216773546,1.5842610597610474,1.0499591827392578,1.3516342639923096,3.0,12.0,0.11181720363607142,0.1791238054669739,2.6697463091530707
1776384110.0598245,2.5916673255949996,-7.059418994513487,0.08368662648556922,0.7832022251849726,-0.09824796028272555,0.7216673991529574,0.47994414902968996,nan,nan,nan,nan,nan,nan,1081.0,1.0499591827392578,14.116247177124023,2.639656110674446,2.47242216773546,1.5842610597610474,1.0499591827392578,1.3516342639923096,4.0,12.0,0.11279841307347767,0.18028737351443075,2.6542137158509274
1776384110.1116493,2.607294652471234,-7.0581213250986705,0.0816429099351696,0.7865577040468805,-0.12743864042821476,0.7210943353214431,0.489653823221564,nan,nan,nan,nan,nan,nan,1081.0,1.056552767753601,14.09286117553711,2.64836781329297,2.4777470824796315,1.5845489501953125,1.056552767753601,1.3470057249069214,4.0,12.0,0.11448948136608532,0.1823310900648304,2.6385535371044364
1776384110.1607447,2.607294652471234,-7.0581213250986705,0.0816429099351696,0.7865577040468805,-0.12743864042821476,0.720095945477594,0.5022660202807036,nan,nan,nan,nan,nan,nan,1081.0,1.056552767753601,14.09286117553711,2.64836781329297,2.4777470824796315,1.5845489501953125,1.056552767753601,1.3470057249069214,4.0,12.0,0.11448948136608532,0.1823310900648304,2.6385535371044364
1776384110.2095373,2.62298653662415,-7.0568554859247365,0.07911693395286144,0.7900025741879937,-0.1618559634116158,0.720095945477594,0.4885945972708916,nan,nan,nan,nan,nan,nan,1081.0,1.056552767753601,14.09286117553711,2.64836781329297,2.4777470824796315,1.5845489501953125,1.056552767753601,1.3470057249069214,4.0,12.0,0.11654100602955908,0.18485706604713853,2.6228300591714673
1776384110.259438,2.6387329738304106,-7.055620888656721,0.07561594646598983,0.7880408078572191,-0.22518256278550633,0.7188716879873523,0.5107727289178713,nan,nan,nan,nan,nan,nan,1081.0,1.0725452899932861,14.073684692382812,2.6594240148237303,2.481710707954669,1.5423197746276855,1.0725452899932861,1.3287487030029297,4.0,13.0,0.13804132089781018,0.18835805353401014,2.60705323779154
1776384110.3095543,2.6543249242916747,-7.054470135483335,0.0712072293352578,0.7752117319858592,-0.2145356157348309,0.7102636082634025,0.6619483932271666,nan,nan,nan,nan,nan,nan,1081.0,1.0725452899932861,14.073684692382812,2.6594240148237303,2.481710707954669,1.5423197746276855,1.0725452899932861,1.3287487030029297,4.0,13.0,0.1419114918669434,0.19276677066474218,2.591433579621758
1776384110.3607495,2.6693168298494587,-7.053430582681555,0.06778399953888085,0.7309306951219341,-0.17745173818860036,0.7102636082634025,0.544779381351986,nan,nan,nan,nan,nan,nan,1081.0,1.0725452899932861,14.073684692382812,2.6594240148237303,2.481710707954669,1.5423197746276855,1.0725452899932861,1.3287487030029297,4.0,13.0,0.14486931285956117,0.19619000046111912,2.576417203394395
1776384110.4095368,2.6693168298494587,-7.053430582681555,0.06778399953888085,0.7309306951219341,-0.17745173818860036,0.7085597330302773,0.5764101341292512,nan,nan,nan,nan,nan,nan,1081.0,1.0725452899932861,14.073684692382812,2.6594240148237303,2.481710707954669,1.5423197746276855,1.0725452899932861,1.3287487030029297,4.0,13.0,0.14486931285956117,0.19619000046111912,2.576417203394395
1776384110.4620214,2.683615919823695,-7.05248733408012,0.0648062078856464,0.7047535022725302,-0.1263196210138764,0.7085597330302773,0.5545158112555587,nan,nan,nan,nan,nan,nan,1081.0,1.0788928270339966,14.057785987854004,2.6650217548770887,2.475845669187121,1.5299320220947266,1.0788928270339966,1.3217289447784424,4.0,13.0,0.1473997834263509,0.1991677921143536,2.5620963344421086
1776384110.5095408,2.697586047941293,-7.0515974520626905,0.06335869294652371,0.7020047190975368,-0.04581173404270003,0.7070882727845406,0.5817767416913096,nan,nan,nan,nan,nan,nan,1081.0,1.0788928270339966,14.057785987854004,2.6650217548770887,2.475845669187121,1.5299320220947266,1.0788928270339966,1.3217289447784424,5.0,13.0,0.14861249241802915,0.20061530705347627,2.548105965015406
1776384110.5594296,2.7120221985713995,-7.050688965125814,0.0647779325575827,0.7443438715450511,0.13708060498517624,0.7063773659356833,0.5755275881046519,nan,nan,nan,nan,nan,nan,1081.0,1.0792969465255737,13.932136535644531,2.667967787724088,2.4610440531636883,1.5173285007476807,1.0792969465255737,1.3133835792541504,5.0,13.0,0.14746776086779048,0.1991960674424173,2.533649316871258
1776384110.6110148,2.726840434555501,-7.049694902540981,0.0676352368886429,0.7402535000165502,0.14477758027375745,0.70706322537744,0.5535427771510663,nan,nan,nan,nan,nan,nan,1081.0,1.0792969465255737,13.932136535644531,2.667967787724088,2.4610440531636883,1.5173285007476807,1.0792969465255737,1.3133835792541504,5.0,13.0,0.14515703900970534,0.1963387631113571,2.5188083432504276
1776384110.6616974,2.7415310283376826,-7.048675276048313,0.07109190285790254,0.7352307058790921,0.17630696508205898,0.705271060798224,0.5963919484419287,nan,nan,nan,nan,nan,nan,1081.0,1.0792969465255737,13.932136535644531,2.667967787724088,2.4610440531636883,1.5173285007476807,1.0792969465255737,1.3133835792541504,5.0,14.0,0.1615950476269395,0.19288209714209745,2.504094344687182
1776384110.7101443,2.7661790680868004,-7.047604219293871,0.07488259638371984,0.7355123139272111,0.17654943840634482,0.705271060798224,0.5733082240101489,nan,nan,nan,nan,nan,nan,1081.0,1.0988000631332397,13.894405364990234,2.6686992212978367,2.4573790901346926,1.5133674144744873,1.0988000631332397,1.3126527070999146,5.0,14.0,0.15902882550637554,0.18909140361628013,2.4794256704180446
1776384110.7619112,2.7809119681979064,-7.046468932555246,0.07840928641919886,0.7424246204933329,0.1432100860021816,0.706979142959835,0.5393031160170084,nan,nan,nan,nan,nan,nan,1081.0,1.0988000631332397,13.894405364990234,2.6686992212978367,2.4573790901346926,1.5133674144744873,1.0988000631332397,1.3126527070999146,5.0,14.0,0.1560265698179616,0.18556471358080112,2.464666315234458
1776384110.8122125,2.7954658872611446,-7.045300574114991,0.08184656202991186,0.7159355322352744,0.22344576256642398,0.7087231846032495,0.5327371006922826,nan,nan,nan,nan,nan,nan,1081.0,1.0988000631332397,13.894405364990234,2.6686992212978367,2.4573790901346926,1.5133674144744873,1.0988000631332397,1.3126527070999146,6.0,14.0,0.15315311612971555,0.18212743797008812,2.4500851459267263
1776384110.8598404,2.809184197935751,-7.044106255636657,0.08736938973954558,0.6752565486831094,0.2779331173463989,0.7104097321036871,0.5207795684801328,nan,nan,nan,nan,nan,nan,1081.0,1.1074421405792236,13.883024215698242,2.6741613533406428,2.462335942513793,1.512643575668335,1.1074421405792236,1.2963320016860962,6.0,14.0,0.14857951244772644,0.1766046102604544,2.4363387726646546
1776384110.9108503,2.8228116885134997,-7.042870303626712,0.09275804504300306,0.69184900520093,0.23833647023592663,0.7131086719902457,0.4953299572485837,nan,nan,nan,nan,nan,nan,1081.0,1.1074421405792236,13.883024215698242,2.6741613533406428,2.462335942513793,1.512643575668335,1.1074421405792236,1.2963320016860962,6.0,14.0,0.14421136631965104,0.17121595495699693,2.42268231130257
1776384110.9620478,2.8366716247391515,-7.041547733166714,0.09763871138698293,0.6990454567433932,0.2520668773326622,0.7157182682994888,0.4772940003974241,nan,nan,nan,nan,nan,nan,1081.0,1.1164864301681519,13.874340057373047,2.6766454662910553,2.460347529809606,1.5282832384109497,1.1164864301681519,1.2881454229354858,6.0,14.0,0.14032438930856356,0.16633528861301705,2.408791447707068
1776384111.009527,2.8366716247391515,-7.041547733166714,0.09763871138698293,0.6990454567433932,0.2520668773326622,0.7180643730825973,0.4717247776191561,nan,nan,nan,nan,nan,nan,1081.0,1.1164864301681519,13.874340057373047,2.6766454662910553,2.460347529809606,1.5282832384109497,1.1164864301681519,1.2881454229354858,6.0,14.0,0.14032438930856356,0.16633528861301705,2.408791447707068
1776384111.0602698,2.8506608615827034,-7.040149305865123,0.10326323106186774,0.705270573495932,0.34003988421265363,0.7180643730825973,0.5002035823851589,nan,nan,nan,nan,nan,nan,1081.0,1.1164864301681519,13.874340057373047,2.6766454662910553,2.460347529809606,1.5282832384109497,1.1164864301681519,1.2881454229354858,6.0,15.0,0.15193115132992854,0.16071076893813224,2.3947696776424423
1776384111.109527,2.864759683266304,-7.038628012089555,0.11069857911689313,0.7098257850430355,0.3787535155186073,0.716714334562181,0.5252605083620678,nan,nan,nan,nan,nan,nan,1081.0,1.1164864301681519,13.874340057373047,2.6766454662910553,2.460347529809606,1.5282832384109497,1.1164864301681519,1.2881454229354858,6.0,15.0,0.14546370188936808,0.15327542088310686,2.3806355787272575
1776384111.1604614,2.864759683266304,-7.038628012089555,0.11069857911689313,0.7167346268201555,0.358095746321258,0.7204260292766094,0.43920516972913165,nan,nan,nan,nan,nan,nan,1081.0,1.1167241334915161,13.849546432495117,2.6753613938897103,2.4580755576045212,1.5284371376037598,1.1167241334915161,1.2808680534362793,6.0,15.0,0.14546370188936808,0.15327542088310686,2.3806355787272575
1776384111.2109857,2.8931830414001882,-7.035258029491139,0.12479748146812987,0.7168143535845273,0.33208169932389286,0.724137260463256,0.41764080122481384,nan,nan,nan,nan,nan,nan,1081.0,1.1167241334915161,13.849546432495117,2.6753613938897103,2.4580755576045212,1.5284371376037598,1.1167241334915161,1.2808680534362793,7.0,15.0,0.13348608262023212,0.13917651853187013,2.352135188877008
1776384111.2661552,2.8931830414001882,-7.035258029491139,0.12479748146812987,0.7168143535845273,0.33208169932389286,0.7273920819907779,0.4051628229717563,nan,nan,nan,nan,nan,nan,1081.0,1.1167241334915161,13.849546432495117,2.6753613938897103,2.4580755576045212,1.5284371376037598,1.1167241334915161,1.2808680534362793,7.0,15.0,0.13348608262023212,0.13917651853187013,2.352135188877008
1776384111.3097415,2.907529103171562,-7.033412994632257,0.1307694418901629,0.7249035852695976,0.2834053436550451,0.7273920819907779,0.44690238862412657,nan,nan,nan,nan,nan,nan,1081.0,1.1234264373779297,13.784232139587402,2.672590841638281,2.4464581410355737,1.5343279838562012,1.1234264373779297,1.272939920425415,7.0,15.0,0.12853459100008716,0.13320455810983708,2.3377478538742347
1776384111.3596444,2.921939455351672,-7.031472670768954,0.1368604657923216,0.7276155116338752,0.30326950133139624,0.7303120067972237,0.3872764658428361,nan,nan,nan,nan,nan,nan,1081.0,1.1234264373779297,13.784232139587402,2.672590841638281,2.4464581410355737,1.5343279838562012,1.1234264373779297,1.272939920425415,7.0,15.0,0.12356941014312493,0.12711353420767837,2.3232949362469464
1776384111.4094155,2.936390510660477,-7.02943920181044,0.1421024108711004,0.7301231369716222,0.23227762758347276,0.7332687190657826,0.37523662495877436,nan,nan,nan,nan,nan,nan,1081.0,1.1234264373779297,13.784232139587402,2.672590841638281,2.4464581410355737,1.5343279838562012,1.1234264373779297,1.272939920425415,7.0,15.0,0.11936480329313372,0.12187158912889959,2.308800278798439
1776384111.4594498,2.9507823390615124,-7.027336747525453,0.1467441956470573,0.7243071716895793,0.22424415251123925,0.7357960246140385,0.36584288561503536,nan,nan,nan,nan,nan,nan,1081.0,1.1312980651855469,13.684234619140625,2.669450017724403,2.427255382211029,1.5355870723724365,1.1312980651855469,1.2742305994033813,7.0,16.0,0.12739753785914043,0.1172298043529427,2.2943645499315255
1776384111.5096242,2.9650637700121396,-7.0251907693088125,0.15095936905742954,0.7187570593492936,0.17370012072219465,0.7350714752406727,0.4122522182327476,nan,nan,nan,nan,nan,nan,1081.0,1.1312980651855469,13.684234619140625,2.669450017724403,2.427255382211029,1.5355870723724365,1.1312980651855469,1.2742305994033813,7.0,16.0,0.12371505913703129,0.11301463094257044,2.2800396429418774
1776384111.5596242,2.979169763699724,-7.023018691897447,0.15473032510931795,0.7142499966591256,0.19167516616418323,0.7371797084335485,0.36479353750953275,nan,nan,nan,nan,nan,nan,1081.0,1.1458107233047485,13.687360763549805,2.6748268030838873,2.429722118071843,1.5563942193984985,1.1458107233047485,1.264814019203186,7.0,16.0,0.1204776454912512,0.10924367489068204,2.2658910811533453
1776384111.6126113,2.9934235405201175,-7.020768396481899,0.1586352220363577,0.7242737407145592,0.20423527250755297,0.7390514043668137,0.35554260361239615,nan,nan,nan,nan,nan,nan,1081.0,1.1458107233047485,13.687360763549805,2.6748268030838873,2.429722118071843,1.5563942193984985,1.1458107233047485,1.264814019203186,8.0,16.0,0.11718002186479307,0.1053387779636423,2.251594779837193
1776384111.6632812,3.0078397072390928,-7.018430369090147,0.16366343589321822,0.732489249268625,0.279022617712513,0.7409757766602523,0.3450452533591717,nan,nan,nan,nan,nan,nan,1081.0,1.1401985883712769,13.636845588684082,2.6745679858213878,2.4199165649529957,1.5434609651565552,1.1401985883712769,1.2616863250732422,8.0,16.0,0.1130076397034109,0.10031056410678177,2.237136184037561
1776384111.7107275,3.0223594174924817,-7.015985276950234,0.16901721940490766,0.7403241026118369,0.23988939621483613,0.7434351168448416,0.32249302951430225,nan,nan,nan,nan,nan,nan,1081.0,1.1401985883712769,13.636845588684082,2.6745679858213878,2.4199165649529957,1.5434609651565552,1.1401985883712769,1.2616863250732422,8.0,16.0,0.10862749381834666,0.09495678059509233,2.2225740548100834
1776384111.7599096,3.0369932822386927,-7.01345631245883,0.17345375272433397,0.7426096528052413,0.22208305154790375,0.7481770263715402,0.26656674542593645,nan,nan,nan,nan,nan,nan,1081.0,1.1401985883712769,13.636845588684082,2.6745679858213878,2.4199165649529957,1.5434609651565552,1.1401985883712769,1.2616863250732422,8.0,16.0,0.10506866821933891,0.09052024727566602,2.207898522890996
1776384111.8097258,3.051624362538392,-7.01085945727701,0.17790212287478316,0.7431180911667888,0.21860236299922192,0.7481770263715402,0.32813127787691365,nan,nan,nan,nan,nan,nan,1081.0,1.1418097019195557,13.603142738342285,2.6761510865099445,2.4085294422653614,1.567639708518982,1.1418097019195557,1.2534763813018799,8.0,17.0,0.11015967033054958,0.08607187712521683,2.1932270632716007
1776384111.859779,3.0659930417882664,-7.008243697904728,0.1827870948774783,0.726295720185906,0.26812119801784645,0.7481396374816409,0.3287591935117925,nan,nan,nan,nan,nan,nan,1081.0,1.1418097019195557,13.603142738342285,2.6761510865099445,2.4085294422653614,1.567639708518982,1.1418097019195557,1.2534763813018799,8.0,17.0,0.10589643345102442,0.08118690512252169,2.1788202514930717
1776384111.910392,3.080630081995182,-7.00549350917126,0.1878580180956,0.7463687869954774,0.21292698581529526,0.7505817653360358,0.27681458774301093,nan,nan,nan,nan,nan,nan,1081.0,1.1418097019195557,13.603142738342285,2.6761510865099445,2.4085294422653614,1.567639708518982,1.1418097019195557,1.2534763813018799,8.0,17.0,0.1015329044516812,0.0761159819044,2.1641459395965192
1776384111.9610322,3.0953270018733976,-7.002671231117621,0.19140095866377307,0.7460112545114711,0.144875124369094,0.7531012331449444,0.2694249837108277,nan,nan,nan,nan,nan,nan,1081.0,1.153404712677002,13.538151741027832,2.678653114267679,2.399743110441128,1.57811439037323,1.153404712677002,1.2426095008850098,9.0,17.0,0.09853836072627245,0.07257304133622691,2.149413877150129
1776384112.010519,3.109914153331794,-6.99982717504302,0.19346763880497,0.7416477781380545,0.055463416613576844,0.7548478815228359,0.26813119489946624,nan,nan,nan,nan,nan,nan,1081.0,1.153404712677002,13.538151741027832,2.678653114267679,2.399743110441128,1.57811439037323,1.153404712677002,1.2426095008850098,9.0,17.0,0.09682084839435978,0.07050636119502998,2.134794583107541
1776384112.0601869,3.124355150123394,-6.996988348983604,0.19431051833678853,0.7294664591555202,0.024479734776538937,0.755859365070013,0.2700447062192756,nan,nan,nan,nan,nan,nan,1081.0,1.1527527570724487,13.519631385803223,2.6828264376281257,2.3956200409271853,1.5641485452651978,1.1527527570724487,1.2459988594055176,9.0,17.0,0.09613025682415399,0.06966348166321146,2.120324860120926
1776384112.1096904,3.1386956291437347,-6.994165297476622,0.19469829821042037,0.7325357820985657,0.01892010233039438,0.756269400414614,0.27695147567306233,nan,nan,nan,nan,nan,nan,1081.0,1.1527527570724487,13.519631385803223,2.6828264376281257,2.3956200409271853,1.5641485452651978,1.1527527570724487,1.2459988594055176,9.0,18.0,0.10274373327708036,0.06927570178957962,2.105959217651575
1776384112.1634922,3.1531753708643917,-6.991310220410256,0.19627527250712049,0.7458111556000859,0.14760791425641767,0.7547113827130936,0.3114314284072107,nan,nan,nan,nan,nan,nan,1081.0,1.1527527570724487,13.519631385803223,2.6828264376281257,2.3956200409271853,1.5641485452651978,1.1527527570724487,1.2459988594055176,9.0,18.0,0.10135827935670208,0.0676987274928795,2.0914575508257114
1776384112.2094662,3.1678434167156513,-6.9883531834533885,0.20090386772995367,0.7489209667885461,0.2537751182331711,0.7555020699041048,0.2759637377804405,nan,nan,nan,nan,nan,nan,1081.0,1.1618480682373047,13.406110763549805,2.6828906454497417,2.3723379124865382,1.5768766403198242,1.1618480682373047,1.2426939010620117,9.0,18.0,0.0973191049158662,0.06307013227004632,2.0767706072230703
1776384112.2606246,3.1826172163576807,-6.985313008683408,0.20487596548544898,0.7542105770266829,0.18791289845565196,0.7578159485255888,0.2425083896288751,nan,nan,nan,nan,nan,nan,1081.0,1.1618480682373047,13.406110763549805,2.6828906454497417,2.3723379124865382,1.5768766403198242,1.1618480682373047,1.2426939010620117,9.0,18.0,0.0939143347449704,0.05909803451455101,2.0619815168422533
1776384112.3106503,3.1826172163576807,-6.985313008683408,0.20487596548544898,0.7542105770266829,0.18791289845565196,0.7597861379801932,0.23661098320948162,nan,nan,nan,nan,nan,nan,1081.0,1.1618480682373047,13.406110763549805,2.6828906454497417,2.3723379124865382,1.5768766403198242,1.1618480682373047,1.2426939010620117,9.0,18.0,0.0939143347449704,0.05909803451455101,2.0619815168422533
1776384112.3597233,3.212271633855549,-6.97904213437947,0.2116494800844775,0.7594563327867437,0.16166387460103834,0.7597861379801932,0.26179349725603906,nan,nan,nan,nan,nan,nan,1081.0,1.1763930320739746,13.403948783874512,2.68927758463437,2.3745116473969903,1.568129301071167,1.1763930320739746,1.2395981550216675,10.0,18.0,0.08825611378232995,0.05232451991552248,2.0323092268953813
1776384112.4097195,3.2271137372107415,-6.975824812791862,0.21520696726424118,0.759518152815134,0.17788627033354226,0.7631085937505065,0.20310075746351366,nan,nan,nan,nan,nan,nan,1081.0,1.1763930320739746,13.403948783874512,2.68927758463437,2.3745116473969903,1.568129301071167,1.1763930320739746,1.2395981550216675,10.0,18.0,0.08536518714352614,0.0487670327357588,2.01746531688285
1776384112.459968,3.2419914254046853,-6.972551518626584,0.21798340522206894,0.7581173898462765,0.10368541164684979,0.764833203673819,0.2089785995941124,nan,nan,nan,nan,nan,nan,1081.0,1.175728678703308,13.30062198638916,2.6884627735912523,2.349863369359504,1.5873690843582153,1.175728678703308,1.2281078100204468,10.0,19.0,0.08774894855958776,-0.16418640522206895,2.002591067872932
1776384112.5095036,3.2567092640808615,-6.969280143244379,0.21915330268371946,0.749999093711176,0.008152731320281145,0.7761405415748368,-0.8636860886797437,nan,nan,nan,nan,nan,nan,1081.0,1.175728678703308,13.30062198638916,2.6884627735912523,2.349863369359504,1.5873690843582153,1.175728678703308,1.2281078100204468,10.0,19.0,0.08671434973692221,-0.16535630268371948,1.9878821024191515
1776384112.5621681,3.2713475083214165,-6.966018648294784,0.21869275008175199,0.7502836718393078,-0.057236402641372745,0.775552251382263,-0.1156782670848724,nan,nan,nan,nan,nan,nan,1081.0,1.1711809635162354,13.299345016479492,2.7003889380507067,2.3505439921629017,1.5660552978515625,1.1711809635162354,1.227186679840088,10.0,19.0,0.08710930746473206,-0.164895750081752,1.9732582348763548
1776384112.610706,3.2861047677710125,-6.962748722942685,0.21765258625029488,0.7590980076162572,-0.05116314057284129,0.775780735458222,-0.10397230811616402,nan,nan,nan,nan,nan,nan,1081.0,1.1711809635162354,13.299345016479492,2.7003889380507067,2.3505439921629017,1.5660552978515625,1.1711809635162354,1.227186679840088,11.0,19.0,0.08799758266566829,-0.1638555862502949,1.9585210590285653
1776384112.659938,3.3011699785379336,-6.959427928162842,0.21634596836537096,0.7750951646707338,-0.07324713833945966,0.776295826681666,-0.09752868734224195,nan,nan,nan,nan,nan,nan,1081.0,1.1711809635162354,13.299345016479492,2.7003889380507067,2.3505439921629017,1.5660552978515625,1.1711809635162354,1.227186679840088,11.0,19.0,0.0890917589537783,-0.16254896836537097,1.943482189684041
1776384112.7099292,3.3163357988575357,-6.956104626977778,0.21491414603170209,0.7766583173069687,-0.0806149967413729,0.7769374121140483,-0.09236392587093026,nan,nan,nan,nan,nan,nan,1081.0,1.1878880262374878,13.195919036865234,2.7022268747864335,2.3320884879167068,1.5713272094726562,1.1878880262374878,1.2190266847610474,11.0,19.0,0.09026634420202923,-0.16111714603170207,1.9283488721654276
1776384112.759845,3.331522320733128,-6.9527983125837665,0.2135352078551496,0.777387880555876,-0.07746899339643212,0.7776343178500348,-0.08791566993112443,nan,nan,nan,nan,nan,nan,1081.0,1.1878880262374878,13.195919036865234,2.7022268747864335,2.3320884879167068,1.5713272094726562,1.1878880262374878,1.2190266847610474,11.0,19.0,0.09137507870341774,-0.15973820785514958,1.9132009333669069
1776384112.8094313,3.3467319347216087,-6.949508192860167,0.21217270495756552,0.7785268730661591,-0.07940459215942385,0.7782998216338194,-0.0847393190811585,nan,nan,nan,nan,nan,nan,1081.0,1.1878880262374878,13.195919036865234,2.7022268747864335,2.3320884879167068,1.5713272094726562,1.1878880262374878,1.2190266847610474,11.0,20.0,0.07720402802006554,-0.4775577049575655,1.8980360522157385
1776384112.8594425,3.3467319347216087,-6.949508192860167,0.21217270495756552,0.7785268730661591,-0.07940459215942385,0.5765987117698574,-1.5,nan,nan,nan,nan,nan,nan,1081.0,1.1900725364685059,13.202142715454102,2.7145280572245456,2.3319607948612324,1.5575031042099,1.1900725364685059,1.2209631204605103,11.0,20.0,0.07720402802006554,-0.4775577049575655,1.8980360522157385
1776384112.911475,3.3768397999637045,-6.943070223102371,0.20908662536275724,0.7559950101312767,-0.08189348784206864,0.5771881897197879,-0.6112131279211924,nan,nan,nan,nan,nan,nan,1081.0,1.1900725364685059,13.202142715454102,2.7145280572245456,2.3319607948612324,1.5575031042099,1.1900725364685059,1.2209631204605103,11.0,20.0,0.07986363547726366,-0.4744716253627572,1.868034637208972
1776384112.9670095,3.3914087546330043,-6.939989564974378,0.20806563736837633,0.7362577839654953,-0.06933493694213785,0.5778888360645318,-0.6043867476129077,nan,nan,nan,nan,nan,nan,1081.0,1.1916640996932983,13.125585556030273,2.7167715094466653,2.3133174049221026,1.5366852283477783,1.1916640996932983,1.2016385793685913,12.0,20.0,0.08072319249023618,-0.47345063736837634,1.8535257821520477
1776384113.0116491,3.405497440469465,-6.93702951908064,0.20635040749367087,0.7123183045041229,-0.0949517918469722,0.5783113468129335,-0.6077152608909151,nan,nan,nan,nan,nan,nan,1081.0,1.1916640996932983,13.125585556030273,2.7167715094466653,2.3133174049221026,1.5366852283477783,1.1916640996932983,1.2016385793685913,12.0,20.0,0.0821388251195298,-0.4717354074936708,1.8395006183780442
1776384113.0593357,3.4191880293088364,-6.934181996959277,0.2039358376271142,0.6995822183016871,-0.12197693530775726,0.579015135170124,-0.5988879867273683,nan,nan,nan,nan,nan,nan,1081.0,1.1916640996932983,13.125585556030273,2.7167715094466653,2.3133174049221026,1.5366852283477783,1.1916640996932983,1.2016385793685913,12.0,20.0,0.08409561450405173,-0.4693208376271142,1.8258766245934905
1776384113.109432,3.432472692498762,-6.931447448770224,0.20103067685883977,0.665954515960833,-0.16165465207051513,0.5799982402226396,-0.5885036482713862,nan,nan,nan,nan,nan,nan,1081.0,1.1819446086883545,13.086755752563477,2.726268209537679,2.3039970425916665,1.5334227085113525,1.1819446086883545,1.2053450345993042,12.0,21.0,0.04143228212181191,-0.4664156768588398,1.8126611110355875
1776384113.1604743,3.4452404260346525,-6.928855576795369,0.19850083328067925,0.6494983940796599,-0.11669509083274762,0.6798445455742215,-0.7944311616411156,nan,nan,nan,nan,nan,nan,1081.0,1.1819446086883545,13.086755752563477,2.726268209537679,2.3039970425916665,1.5334227085113525,1.1819446086883545,1.2053450345993042,12.0,21.0,0.04363114505907731,-0.4638858332806792,1.7999637546367702
1776384113.2096455,3.457972808065652,-6.926315352853024,0.19521644752037495,0.6500963026169945,-0.2083094006184353,0.6811070152362974,-0.6386294839839164,nan,nan,nan,nan,nan,nan,1081.0,1.1974399089813232,13.095867156982422,2.735663049315877,2.3081312444238167,1.5095295906066895,1.1974399089813232,1.2048394680023193,12.0,21.0,0.04645055927434438,-0.4606014475203749,1.7873050523954228
1776384113.2615001,3.470672619644146,-6.923829758386064,0.19080955400280353,0.6447763914397364,-0.21829394878352804,0.6827371356314299,-0.6258024861505266,nan,nan,nan,nan,nan,nan,1081.0,1.1974399089813232,13.095867156982422,2.735663049315877,2.3081312444238167,1.5095295906066895,1.1974399089813232,1.2048394680023193,12.0,21.0,0.05017337813828168,-0.4561945540028035,1.7746819808242733
1776384113.309419,3.4834244247656505,-6.921392555836916,0.18674282659442618,0.6514843594433356,-0.20495997581034006,0.6849092161700621,-0.607286481307414,nan,nan,nan,nan,nan,nan,1081.0,1.1974399089813232,13.095867156982422,2.735663049315877,2.3081312444238167,1.5095295906066895,1.1974399089813232,1.2048394680023193,13.0,21.0,0.05355745905992812,-0.4521278265944262,1.7620100416394615
1776384113.359909,3.4834244247656505,-6.921392555836916,0.18674282659442618,0.6514843594433356,-0.20495997581034006,0.6869006882366626,-0.5989256080074649,nan,nan,nan,nan,nan,nan,1081.0,1.1938080787658691,13.042071342468262,2.745054478671791,2.297431120081404,1.4928488731384277,1.206464171409607,1.1938080787658691,13.0,21.0,0.05355745905992812,-0.4521278265944262,1.7620100416394615
1776384113.4097846,3.496265492902528,-6.918992088186319,0.18289479066139702,0.6575881169673312,-0.1961320876355457,0.6869006882366626,-0.6252413149330625,nan,nan,nan,nan,nan,nan,1081.0,1.1938080787658691,13.042071342468262,2.745054478671791,2.297431120081404,1.4928488731384277,1.206464171409607,1.1938080787658691,13.0,21.0,0.05670971593085386,-0.448279790661397,1.7492522399566388
1776384113.459443,3.5094438090228643,-6.916570860871201,0.1790233322243012,0.6939969389105262,-0.21537217063181058,0.688772507029384,-0.5912623389236871,nan,nan,nan,nan,nan,nan,1081.0,1.1938080787658691,13.042071342468262,2.745054478671791,2.297431120081404,1.4928488731384277,1.206464171409607,1.1938080787658691,13.0,21.0,0.05981894064479687,-0.4444083322243012,1.7361626494732865
1776384113.5094366,3.5234886127795852,-6.914064001949937,0.1746274740812785,0.7161052600434011,-0.24323027775861916,0.6906400400196846,-0.5811120309576616,nan,nan,nan,nan,nan,nan,1081.0,1.1772099733352661,12.983060836791992,2.7504589890683833,2.2879224579010673,1.4707417488098145,1.213836431503296,1.1772099733352661,13.0,22.0,0.020706539164005416,-0.44001247408127847,1.722214982144748
1776384113.5594513,3.5375857088084346,-6.9116225251937955,0.16961635820623072,0.7150365781114135,-0.28521376985482405,0.6820145551265715,-0.7665007076582011,nan,nan,nan,nan,nan,nan,1081.0,1.1772099733352661,12.983060836791992,2.7504589890683833,2.2879224579010673,1.4707417488098145,1.213836431503296,1.1772099733352661,13.0,22.0,0.025063237099650526,-0.4350013582062307,1.7082178541230397
1776384113.609654,3.551673553540401,-6.909246646173068,0.1637517078844434,0.7150798508701067,-0.3173133814778025,0.6845155554513673,-0.6103348422832968,nan,nan,nan,nan,nan,nan,1081.0,1.1783345937728882,12.933818817138672,2.7633141098366525,2.281890663044632,1.4593989849090576,1.226086139678955,1.1783345937728882,13.0,22.0,0.030061162523078472,-0.42913670788444336,1.6942325490092414
1776384113.6604986,3.5655355962584987,-6.906982118717367,0.15711847816443078,0.6891800055247342,-0.3533255594840163,0.6874171347481717,-0.588787449579221,nan,nan,nan,nan,nan,nan,1081.0,1.1783345937728882,12.933818817138672,2.7633141098366525,2.281890663044632,1.4593989849090576,1.226086139678955,1.1783345937728882,13.0,22.0,0.035604163798190674,-0.4225034781644308,1.6804733295388115
1776384113.7096474,3.578723121935095,-6.904978590946464,0.1500014710987307,0.6574482920278831,-0.3666891802206557,0.6906712753911035,-0.571942287535948,nan,nan,nan,nan,nan,nan,1081.0,1.1783345937728882,12.933818817138672,2.7633141098366525,2.281890663044632,1.4593989849090576,1.226086139678955,1.1783345937728882,13.0,22.0,0.04151195635707684,-0.41538647109873067,1.6673816026315726
1776384113.7594144,3.591803792562596,-6.903038163088056,0.1445450842706961,0.663088186064146,-0.2715350989007086,0.6941528010943389,-0.5376430133309664,nan,nan,nan,nan,nan,nan,1081.0,1.1689125299453735,12.925366401672363,2.7756649754203986,2.2832854297949443,1.4293067455291748,1.2397304773330688,1.1689125299453735,14.0,22.0,0.04593895380741976,-0.4099300842706961,1.6543977789340973
1776384113.811454,3.605170010115573,-6.901123619050465,0.13931183992064547,0.6881051222692959,-0.27313042223509104,0.6967961927636749,-0.5473291772238463,nan,nan,nan,nan,nan,nan,1081.0,1.1689125299453735,12.925366401672363,2.7756649754203986,2.2832854297949443,1.4293067455291748,1.2397304773330688,1.1689125299453735,14.0,23.0,0.010735120309162849,-0.4046968399206454,1.641131354160431
1776384113.8613157,3.6190180450132976,-6.899209345086639,0.13396511850227658,0.7038020644534595,-0.2738616994776142,0.6893901351401284,-0.7380562025083665,nan,nan,nan,nan,nan,nan,1081.0,1.1689125299453735,12.925366401672363,2.7756649754203986,2.2832854297949443,1.4293067455291748,1.2397304773330688,1.1689125299453735,14.0,23.0,0.015407341657846949,-0.39935011850227653,1.6273875242442324
1776384113.909725,3.6331344855432692,-6.897345099859365,0.1284370810871988,0.7169717223179564,-0.2834176756004292,0.69206461691714,-0.5684056653202938,nan,nan,nan,nan,nan,nan,1081.0,1.1601600646972656,12.885973930358887,2.7858291426595994,2.280135368127105,1.4062888622283936,1.2431751489639282,1.1601600646972656,14.0,23.0,0.020168588218662423,-0.3938220810871988,1.6133772144834895
1776384113.9603384,3.6472354672401397,-6.89557410682574,0.12287478395661793,0.7117123317678055,-0.2812725988333576,0.6948123015266874,-0.5538463804958847,nan,nan,nan,nan,nan,nan,1081.0,1.1601600646972656,12.885973930358887,2.7858291426595994,2.280135368127105,1.4062888622283936,1.2431751489639282,1.1601600646972656,14.0,23.0,0.024891225486089616,-0.3882597839566179,1.5993816742504716
1776384114.0094614,3.6613390558625745,-6.893871301568389,0.11745706274086053,0.7117089943875972,-0.26877974473627364,0.6975598493146417,-0.53916088166255,nan,nan,nan,nan,nan,nan,1081.0,1.1492093801498413,12.838961601257324,2.7966388945883893,2.2757351554998144,1.3798004388809204,1.2611159086227417,1.1492093801498413,14.0,23.0,0.029403643418385972,-0.3828420627408605,1.585383831203735
1776384114.0594757,3.675496111093483,-6.892238450679095,0.11224109927341676,0.7137238122402061,-0.26302152122426764,0.7002139405739923,-0.5240819106218043,nan,nan,nan,nan,nan,nan,1081.0,1.1492093801498413,12.838961601257324,2.7966388945883893,2.2757351554998144,1.3798004388809204,1.2611159086227417,1.1492093801498413,14.0,23.0,0.03367308460639043,-0.3776260992734167,1.5713325909598714
1776384114.1097603,3.689713872054602,-6.8906724779753015,0.10721564083269984,0.7163278873210394,-0.2529709809185521,0.7027503095242538,-0.5126044006676245,nan,nan,nan,nan,nan,nan,1081.0,1.1492093801498413,12.838961601257324,2.7966388945883893,2.2757351554998144,1.3798004388809204,1.2611159086227417,1.1492093801498413,15.0,24.0,0.0013093523145269875,-0.37260064083269984,1.5572206872028116
1776384114.159678,3.7039857524743787,-6.88917832471528,0.10242972625078305,0.7188748539188977,-0.2383041564375996,0.6960017773501049,-0.6661829224032545,nan,nan,nan,nan,nan,nan,1081.0,1.142857551574707,12.746682167053223,2.804351466436501,2.260314750505346,1.3474607467651367,1.2712275981903076,1.142857551574707,15.0,24.0,0.005541434641500281,-0.36781472625078304,1.5430542267668856
1776384114.213488,3.7182503904523143,-6.887762537880369,0.09793415283449401,0.7152036752372132,-0.2300846979412521,0.6984083181794389,-0.5395170828592033,nan,nan,nan,nan,nan,nan,1081.0,1.142857551574707,12.746682167053223,2.804351466436501,2.260314750505346,1.3474607467651367,1.2712275981903076,1.142857551574707,15.0,24.0,0.009463283472605624,-0.363319152834494,1.5288938779349477
1776384114.2594578,3.732428925745335,-6.886396444442786,0.09363837381658918,0.708290324627385,-0.2221819316684776,0.7006553846414384,-0.5310954827071874,nan,nan,nan,nan,nan,nan,1081.0,1.142857551574707,12.746682167053223,2.804351466436501,2.260314750505346,1.3474607467651367,1.2712275981903076,1.142857551574707,15.0,24.0,0.013128292976968117,-0.35902337381658916,1.5148198103990218
1776384114.309485,3.746046229546639,-6.885162436183267,0.0888328029799906,0.6708049127414071,-0.2652915594669918,0.7027817851615511,-0.5195493480295045,nan,nan,nan,nan,nan,nan,1081.0,1.1285501718521118,12.731513977050781,2.8231730487587052,2.270845776108684,1.3576726913452148,1.288773775100708,1.1285501718521118,15.0,24.0,0.017176902523789006,-0.3542178029799906,1.501301122867779
1776384114.3616087,3.746046229546639,-6.885162436183267,0.0888328029799906,0.6708049127414071,-0.2652915594669918,0.7051475946015975,-0.5064040230255425,nan,nan,nan,nan,nan,nan,1081.0,1.1285501718521118,12.731513977050781,2.8231730487587052,2.270845776108684,1.3576726913452148,1.288773775100708,1.1285501718521118,15.0,24.0,0.017176902523789006,-0.3542178029799906,1.501301122867779
1776384114.4094377,3.7593429529805085,-6.884013565893402,0.08535439364644885,0.6636374708729297,-0.13034601903360282,0.7051475946015975,-0.5359574311642281,nan,nan,nan,nan,nan,nan,1081.0,1.1215770244598389,12.694793701171875,2.833761487483537,2.2724554835806963,1.3676767349243164,1.3038908243179321,1.1215770244598389,15.0,24.0,0.020063718029623367,-0.35073939364644885,1.488099937761994
1776384114.459644,3.772668607587853,-6.882884129712052,0.08312584427820112,0.6685033166622795,-0.1083818931704688,0.7068490267224594,-0.5051606066036758,nan,nan,nan,nan,nan,nan,1081.0,1.1215770244598389,12.694793701171875,2.833761487483537,2.2724554835806963,1.3676767349243164,1.3038908243179321,1.1215770244598389,15.0,24.0,0.021871403112197776,-0.3485108442782011,1.4748712599825826
1776384114.5095768,3.7859754254379783,-6.881780023834669,0.08150428510467972,0.6701724235850565,-0.08066586979658343,0.7079285571863776,-0.5079231514498789,nan,nan,nan,nan,nan,nan,1081.0,1.1215770244598389,12.694793701171875,2.833761487483537,2.2724554835806963,1.3676767349243164,1.3038908243179321,1.1215770244598389,16.0,25.0,-0.010835592552084175,-0.3468892851046797,1.461662375982834
1776384114.559572,3.8099167972089876,-6.880640756860369,0.08028253724156767,0.7263977341590448,-0.08065086401005035,0.7001404308475645,-0.666849041160654,nan,nan,nan,nan,nan,nan,1081.0,1.1215770244598389,12.694793701171875,2.833761487483537,2.2724554835806963,1.3676767349243164,1.3038908243179321,1.1215770244598389,16.0,25.0,-0.008967506470787215,-0.3456675372415676,1.4378472785491916
1776384114.6188924,3.8099167972089876,-6.880640756860369,0.08028253724156767,0.7263977341590448,-0.08065086401005035,0.7009532779417227,-0.5519055823834752,nan,nan,nan,nan,nan,nan,1081.0,1.1028579473495483,12.696374893188477,2.8525571710637716,2.28428183218439,1.3867038488388062,1.3162055015563965,1.1028579473495483,16.0,25.0,-0.008967506470787215,-0.3456675372415676,1.4378472785491916
1776384114.660875,3.8247771195358933,-6.879468108827096,0.07877389109068125,0.7491998124825487,-0.09886167541889783,0.7009532779417227,-0.563560314522073,nan,nan,nan,nan,nan,nan,1081.0,1.1028579473495483,12.696374893188477,2.8525571710637716,2.28428183218439,1.3867038488388062,1.3162055015563965,1.1028579473495483,16.0,25.0,-0.007665096060913715,-0.3441588910906812,1.4230995206489516
1776384114.7114494,3.8395937429288423,-6.878320716077478,0.07657036663452707,0.7392890888629449,-0.14034329787984665,0.7017039062872591,-0.5467637202802025,nan,nan,nan,nan,nan,nan,1081.0,1.1028579473495483,12.696374893188477,2.8525571710637716,2.28428183218439,1.3867038488388062,1.3162055015563965,1.1028579473495483,16.0,25.0,-0.005806800284390304,-0.3419553666345271,1.4083969415831368
1776384114.7610044,3.8542619658561255,-6.8772134696626,0.07385947306644951,0.7351905761525046,-0.14321133817529796,0.7027891836706661,-0.5404646220409092,nan,nan,nan,nan,nan,nan,1081.0,1.1006890535354614,12.640300750732422,2.8678764788559694,2.2937780138829025,1.3896474838256836,1.3373019695281982,1.1006890535354614,16.0,25.0,-0.003569628269330244,-0.3392444730664495,1.393842893085314
1776384114.812901,3.8688492223000797,-6.8761535653955885,0.07123801929160348,0.7277182389628187,-0.13221283070322948,0.7041120012175229,-0.5302732407966416,nan,nan,nan,nan,nan,nan,1081.0,1.1006890535354614,12.640300750732422,2.8678764788559694,2.2937780138829025,1.3896474838256836,1.3373019695281982,1.1006890535354614,16.0,25.0,-0.0014426253312500026,-0.33662301929160343,1.3793694673057302
1776384114.8606966,3.8688492223000797,-6.8761535653955885,0.07123801929160348,0.7277182389628187,-0.13221283070322948,0.705382013014876,-0.5244425479826736,nan,nan,nan,nan,nan,nan,1081.0,1.1006890535354614,12.640300750732422,2.8678764788559694,2.2937780138829025,1.3896474838256836,1.3373019695281982,1.1006890535354614,16.0,25.0,-0.0014426253312500026,-0.33662301929160343,1.3793694673057302
1776384114.912519,3.883325332684396,-6.875146867287244,0.0688759389896656,0.7284465196401734,-0.13421220626452174,0.698252564999989,-0.669731905712675,nan,nan,nan,nan,nan,nan,1081.0,1.097825527191162,12.568829536437988,2.878939198631583,2.2990214632527373,1.4007054567337036,1.345532774925232,1.097825527191162,17.0,26.0,-0.03235861937660577,-0.3342609389896656,1.3650061848400767
1776384114.9601767,3.8979298580958712,-6.874162674010496,0.06643536745048279,0.7355400159096647,-0.12585792861877718,0.698252564999989,-0.5830511838741146,nan,nan,nan,nan,nan,nan,1081.0,1.097825527191162,12.568829536437988,2.878939198631583,2.2990214632527373,1.4007054567337036,1.345532774925232,1.097825527191162,17.0,26.0,-0.03021369596871023,-0.33182036745048277,1.3505163126072177
1776384115.0126567,3.912638844158838,-6.873191285820317,0.0639875237901334,0.7344333849714764,-0.15342825500382734,0.6994764457297499,-0.5613527125805905,nan,nan,nan,nan,nan,nan,1081.0,1.097825527191162,12.568829536437988,2.878939198631583,2.2990214632527373,1.4007054567337036,1.345532774925232,1.097825527191162,17.0,26.0,-0.02811436619810295,-0.3293725237901334,1.3359245248166305
1776384115.068572,3.912638844158838,-6.873191285820317,0.0639875237901334,0.7344333849714764,-0.15342825500382734,0.7006908730568407,-0.5546570132078509,nan,nan,nan,nan,nan,nan,1081.0,1.0746698379516602,12.549600601196289,2.9001897874526907,2.325514303591445,1.4438092708587646,1.357724905014038,1.0746698379516602,17.0,26.0,-0.02811436619810295,-0.3293725237901334,1.3359245248166305
1776384115.111675,3.9265763759035304,-6.8723085878584635,0.059698754292485674,0.6909309254051212,-0.26039112719728214,0.7006908730568407,-0.5712345009809099,nan,nan,nan,nan,nan,nan,1081.0,1.0746698379516602,12.549600601196289,2.9001897874526907,2.325514303591445,1.4438092708587646,1.357724905014038,1.0746698379516602,17.0,26.0,-0.024498054331876053,-0.32508375429248565,1.3220981306717652
1776384115.1598446,3.9399687212330443,-6.871604098575224,0.05495565219070239,0.6713208863201326,-0.11523981649864469,0.7028030391064712,-0.5345281939138278,nan,nan,nan,nan,nan,nan,1081.0,1.0746698379516602,12.549600601196289,2.9001897874526907,2.325514303591445,1.4438092708587646,1.357724905014038,1.0746698379516602,17.0,26.0,-0.020477358282826236,-0.3203406521907024,1.3088038570271396
1776384115.2136717,3.9535513890445055,-6.87086485395192,0.0550022000410104,0.6897353724340126,-0.009034431197514192,0.7051443230993312,-0.5147732860911747,nan,nan,nan,nan,nan,nan,1081.0,1.0746698379516602,12.549600601196289,2.9001897874526907,2.325514303591445,1.4438092708587646,1.357724905014038,1.0746698379516602,17.0,26.0,-0.020507305553718155,-0.3203872000410104,1.295325123423959
1776384115.2612903,3.9535513890445055,-6.87086485395192,0.0550022000410104,0.6897353724340126,-0.009034431197514192,0.7051237429889802,-0.5482501033162662,nan,nan,nan,nan,nan,nan,1081.0,1.0747106075286865,12.498224258422852,2.9235511209874323,2.3499781022002733,1.4477639198303223,1.3763529062271118,1.0747106075286865,17.0,26.0,-0.020507305553718155,-0.3203872000410104,1.295325123423959
1776384115.3107762,3.9680357330675626,-6.870052568276333,0.05516574113622125,0.7552884043582603,0.005269435830761507,0.7051237429889802,-0.5487633416164542,nan,nan,nan,nan,nan,nan,1081.0,1.0747106075286865,12.498224258422852,2.9235511209874323,2.3499781022002733,1.4477639198303223,1.3763529062271118,1.0747106075286865,17.0,27.0,-0.05216167421351342,-0.32055074113622123,1.2809564899728278
1776384115.3695836,3.9680357330675626,-6.870052568276333,0.05516574113622125,0.7552884043582603,0.005269435830761507,0.6971010505800527,-0.720210222859209,nan,nan,nan,nan,nan,nan,1081.0,1.0747106075286865,12.498224258422852,2.9235511209874323,2.3499781022002733,1.4477639198303223,1.3763529062271118,1.0747106075286865,17.0,27.0,-0.05216167421351342,-0.32055074113622123,1.2809564899728278
1776384115.411652,3.983122973447766,-6.869241476478444,0.054757084583288325,0.7566846352643476,-0.030969858308267782,0.6971010505800527,-0.5961172937672097,nan,nan,nan,nan,nan,nan,1081.0,1.0747106075286865,12.498224258422852,2.9235511209874323,2.3499781022002733,1.4477639198303223,1.3763529062271118,1.0747106075286865,17.0,27.0,-0.05178034770650925,-0.3201420845832883,1.2659901743343784
1776384115.4593058,3.983122973447766,-6.869241476478444,0.054757084583288325,0.7603467121609784,-0.032697439693060305,0.697311568694639,-0.5924869112110758,nan,nan,nan,nan,nan,nan,1081.0,1.0514086484909058,12.455336570739746,2.945227554724461,2.386212805050283,1.4790728092193604,1.4161913394927979,1.0514086484909058,17.0,27.0,-0.05178034770650925,-0.3201420845832883,1.2659901743343784
1776384115.5115407,3.998295618429577,-6.868415581031676,0.05416264751116933,0.7603467121609784,-0.032697439693060305,0.697608893225403,-0.5921304484133355,nan,nan,nan,nan,nan,nan,1081.0,1.0514086484909058,12.455336570739746,2.945227554724461,2.386212805050283,1.4790728092193604,1.4161913394927979,1.0514086484909058,18.0,27.0,-0.051260974093133585,-0.3195476475111693,1.2509434795177747
1776384115.5610237,4.013319973234254,-6.867605517932403,0.05364514132758859,0.7484168051126446,-0.032561601837367435,0.697608893225403,-0.595234265221071,nan,nan,nan,nan,nan,nan,1081.0,1.0514086484909058,12.455336570739746,2.945227554724461,2.386212805050283,1.4790728092193604,1.4161913394927979,1.0514086484909058,18.0,27.0,-0.05081709731882356,-0.31903014132758856,1.2360467395597794
1776384115.6107545,4.028192025670603,-6.866812432087242,0.05340487443207381,0.7438586906686573,-0.017828510798914156,0.6978656519039318,-0.5911941676749394,nan,nan,nan,nan,nan,nan,1081.0,1.048224687576294,12.3986234664917,2.970528041180585,2.4353859174411077,1.5229074954986572,1.431483268737793,1.048224687576294,18.0,27.0,-0.05061118553397408,-0.3187898744320738,1.2213038307925626
1776384115.6624796,4.043050425400501,-6.866018136589611,0.05306833923146934,0.7499576514779991,-0.016019724937379128,0.6979848164044579,-0.5930089565033427,nan,nan,nan,nan,nan,nan,1081.0,1.048224687576294,12.3986234664917,2.970528041180585,2.4353859174411077,1.5229074954986572,1.431483268737793,1.048224687576294,18.0,27.0,-0.05033548624375356,-0.31845333923146935,1.206578319269229
1776384115.709568,4.043050425400501,-6.866018136589611,0.05306833923146934,0.7499576514779991,-0.016019724937379128,0.6981485224817627,-0.5923004227069972,nan,nan,nan,nan,nan,nan,1081.0,1.048224687576294,12.3986234664917,2.970528041180585,2.4353859174411077,1.5229074954986572,1.431483268737793,1.048224687576294,18.0,27.0,-0.05033548624375356,-0.31845333923146935,1.206578319269229
1776384115.7625456,4.058073462929829,-6.865222323748038,0.05287436322844227,0.7538861492687612,-0.025259223887993783,0.6981485224817627,-0.5950514213030951,nan,nan,nan,nan,nan,nan,1081.0,1.048224687576294,12.3986234664917,2.970528041180585,2.4353859174411077,1.5229074954986572,1.431483268737793,1.048224687576294,18.0,27.0,-0.050177293293012175,-0.3182593632284423,1.191692855764811
1776384115.8094769,4.073131168227887,-6.864430385523028,0.05251299255547203,0.7550315756728757,-0.022212267666390898,0.6982427003861971,-0.5940591455872816,nan,nan,nan,nan,nan,nan,1081.0,1.0382472276687622,13.946089744567871,3.003646758835587,2.5096097265471515,1.523621678352356,1.4524825811386108,1.0382472276687622,18.0,28.0,-0.08114409559506026,-0.317897992555472,1.1767765477595904
1776384115.8599498,4.088212055342145,-6.8636417422462825,0.052252164706270705,0.7551363680290424,-0.022235245170096445,0.6905402499945127,-0.7405267276532765,nan,nan,nan,nan,nan,nan,1081.0,1.0382472276687622,13.946089744567871,3.003646758835587,2.5096097265471515,1.523621678352356,1.4524825811386108,1.0382472276687622,19.0,28.0,-0.08091338045837201,-0.3176371647062707,1.1618410352837958
1776384115.9119284,4.103346757220909,-6.862854393449371,0.05167400464866935,0.7589908639683044,-0.030013313509186044,0.6906714220067345,-0.6384332761625093,nan,nan,nan,nan,nan,nan,1081.0,1.0303689241409302,18.240028381347656,3.0455975350574915,2.6278280633918247,1.5762568712234497,1.4786502122879028,1.0303689241409302,19.0,28.0,-0.0804154411587211,-0.3170590046486693,1.1468561908707335
1776384115.9595306,4.118325878393069,-6.862081977152966,0.05117848909933938,0.7493941473081623,-0.023259618575070376,0.690958787526375,-0.635442601384163,nan,nan,nan,nan,nan,nan,1081.0,1.0303689241409302,18.240028381347656,3.0455975350574915,2.6278280633918247,1.5762568712234497,1.4786502122879028,1.0303689241409302,19.0,28.0,-0.0799973770921878,-0.31656348909933935,1.132029161836424
1776384116.0095856,4.133319738062785,-6.861317656329817,0.05081191775049907,0.7507687151326907,-0.02306244591035396,0.6912028840249538,-0.635561747076833,nan,nan,nan,nan,nan,nan,1081.0,1.0303689241409302,18.240028381347656,3.0455975350574915,2.6278280633918247,1.5762568712234497,1.4786502122879028,1.0303689241409302,19.0,28.0,-0.07969158794629205,-0.3161969177504991,1.117191231143367
1776384116.0596235,4.14831765553384,-6.860557944626347,0.05044799587505936,0.7518126432279938,-0.027109985548191943,0.6913825828673947,-0.6360121675923636,nan,nan,nan,nan,nan,nan,1081.0,1.0140053033828735,18.26922607421875,3.111096294250453,2.8257564150479095,1.618792176246643,1.481703281402588,1.0140053033828735,19.0,28.0,-0.0793941308206784,-0.31583299587505936,1.1023535308348154
1776384116.1104414,4.163298369481753,-6.85980292212704,0.050088602606313926,0.7488249832717804,-0.02151287895833021,0.6915594401881725,-0.6358119577667063,nan,nan,nan,nan,nan,nan,1081.0,1.0140053033828735,18.26922607421875,3.111096294250453,2.8257564150479095,1.618792176246643,1.481703281402588,1.0140053033828735,20.0,29.0,-0.11013395233920419,-0.3154736026063139,1.087537358989396
1776384116.1596434,4.163298369481753,-6.85980292212704,0.050088602606313926,0.7488249832717804,-0.02151287895833021,0.6839136352807528,-0.7781566457285922,nan,nan,nan,nan,nan,nan,1081.0,1.0140053033828735,18.26922607421875,3.111096294250453,2.8257564150479095,1.618792176246643,1.481703281402588,1.0140053033828735,20.0,29.0,-0.11013395233920419,-0.3154736026063139,1.087537358989396
1776384116.209715,4.178080789445082,-6.859067367720736,0.049791469147508614,0.7336115927882138,-0.01734777794246708,0.6839136352807528,-0.6834819636877554,nan,nan,nan,nan,nan,nan,1081.0,1.0035454034805298,18.29261016845703,3.1519970356811537,2.9443828470898765,1.6550430059432983,1.530946969985962,1.0035454034805298,20.0,29.0,-0.10986864737143934,-0.3151764691475086,1.0729212680946585
1776384116.2597713,4.192710623921989,-6.858339201379781,0.04952597413297076,0.7359547678770884,-0.02337657782835958,0.684063689501095,-0.6814260512609746,nan,nan,nan,nan,nan,nan,1081.0,1.0035454034805298,18.29261016845703,3.1519970356811537,2.9443828470898765,1.6550430059432983,1.530946969985962,1.0035454034805298,20.0,29.0,-0.10963950123403246,-0.31491097413297076,1.0584611203513024
1776384116.3136988,4.192710623921989,-6.858339201379781,0.04952597413297076,0.7456521398280427,-0.020401601056328277,0.6841957729317921,-0.6822291544997545,nan,nan,nan,nan,nan,nan,1081.0,1.0035454034805298,18.29261016845703,3.1519970356811537,2.9443828470898765,1.6550430059432983,1.530946969985962,1.0035454034805298,20.0,29.0,-0.10963950123403246,-0.31491097413297076,1.0584611203513024
1776384116.3594599,4.207510645494287,-6.857608208629937,0.049318683923527736,0.7456521398280427,-0.020401601056328277,0.6841957729317921,-0.6843594777835226,nan,nan,nan,nan,nan,nan,1081.0,1.0035454034805298,18.29261016845703,3.1519970356811537,2.9443828470898765,1.6550430059432983,1.530946969985962,1.0035454034805298,21.0,29.0,-0.10946175195177044,-0.3147036839235277,1.0438374462775126
1776384116.4192975,4.222476351123906,-6.856873187140413,0.04912018242748051,0.7503528695351996,-0.016668476345935757,0.6842986070095661,-0.6832717465507249,nan,nan,nan,nan,nan,nan,1081.0,0.995042622089386,18.297040939331055,3.204412553621375,3.078116323828942,1.690219759941101,1.567347764968872,0.995042622089386,21.0,29.0,-0.10929332647593926,-0.3145051824274805,1.0290552354972595
1776384116.4594917,4.237453379685556,-6.856139373802528,0.048867501280168854,0.7498683096615799,-0.020420534049751544,0.6843966306483689,-0.6837317352791892,nan,nan,nan,nan,nan,nan,1081.0,0.995042622089386,18.297040939331055,3.204412553621375,3.078116323828942,1.690219759941101,1.567347764968872,0.995042622089386,21.0,29.0,-0.10908492426967731,-0.31425250128016885,1.0142675528064093
1776384116.5129902,4.252448510733403,-6.855409982450278,0.04868808920725274,0.7510484006374576,-0.014901660540933833,0.6845198987255942,-0.6831674473735913,nan,nan,nan,nan,nan,nan,1081.0,0.995042622089386,18.297040939331055,3.204412553621375,3.078116323828942,1.690219759941101,1.567347764968872,0.995042622089386,21.0,29.0,-0.10893741844821297,-0.31407308920725274,0.9994675431945088
1776384116.561802,4.267445001355898,-6.85468006457769,0.04846858060109129,0.7505792932591508,-0.020158510273358885,0.6846073055730196,-0.6841369588546728,nan,nan,nan,nan,nan,nan,1081.0,0.9767449498176575,18.32425880432129,3.2402360940508883,3.1790194278529547,1.7490049600601196,1.5763174295425415,0.9767449498176575,21.0,30.0,-0.13963681359836255,-0.31385358060109125,0.9846726939157864
1776384116.6096382,4.282438509297066,-6.853952081526673,0.04820044867675701,0.7505222929999268,-0.021918968770968668,0.6769325204049071,-0.8285620610190599,nan,nan,nan,nan,nan,nan,1081.0,0.9767449498176575,18.32425880432129,3.2402360940508883,3.1790194278529547,1.7490049600601196,1.5763174295425415,0.9767449498176575,21.0,30.0,-0.13940551937363077,-0.313585448676757,0.969887302474954
1776384116.661616,4.297537312258651,-6.853221959193875,0.04789436837573851,0.7568786477841192,-0.021502097477788997,0.6770658834883532,-0.7287155952551368,nan,nan,nan,nan,nan,nan,1081.0,0.9723078608512878,18.330060958862305,3.275180563620127,3.262373159805027,1.7595021724700928,1.6065621376037598,0.9723078608512878,21.0,30.0,-0.1391470945620261,-0.3132793683757385,0.9550048132150978
1776384116.7095745,4.3125120820722405,-6.852508370806569,0.04774894624575843,0.7483519084904359,-0.023565951611499537,0.6772167090251626,-0.7279727848552656,nan,nan,nan,nan,nan,nan,1081.0,0.9723078608512878,18.330060958862305,3.275180563620127,3.262373159805027,1.7595021724700928,1.6065621376037598,0.9723078608512878,22.0,30.0,-0.13902147772646106,-0.3131339462457584,0.9402505657279071
1776384116.7638142,4.3125120820722405,-6.852508370806569,0.04774894624575843,0.7483519084904359,-0.023565951611499537,0.6772890826641196,-0.7297934763013652,nan,nan,nan,nan,nan,nan,1081.0,0.9723078608512878,18.330060958862305,3.275180563620127,3.262373159805027,1.7595021724700928,1.6065621376037598,0.9723078608512878,22.0,30.0,-0.13902147772646106,-0.3131339462457584,0.9402505657279071
1776384116.8104603,4.327423246121769,-6.851796167595685,0.04761030196722851,0.7446291030443798,-0.012105414939364886,0.6772890826641196,-0.7314858185225709,nan,nan,nan,nan,nan,nan,1081.0,0.955677330493927,18.386688232421875,3.274697588231142,3.2773205194878825,1.785949468612671,1.6234887838363647,0.955677330493927,22.0,30.0,-0.1389074210885406,-0.31299530196722847,0.9255667934611687
1776384116.8615127,4.342177149649099,-6.851096922982841,0.04753485555826753,0.737620889253027,-0.020039663494535433,0.6773566453348638,-0.7310807590957914,nan,nan,nan,nan,nan,nan,1081.0,0.955677330493927,18.386688232421875,3.274697588231142,3.2773205194878825,1.785949468612671,1.6234887838363647,0.955677330493927,22.0,30.0,-0.13884292744083687,-0.3129198555582675,0.9110449532410914
1776384116.9105158,4.342177149649099,-6.851096922982841,0.04753485555826753,0.737620889253027,-0.020039663494535433,0.6773940227285943,-0.7321345027599115,nan,nan,nan,nan,nan,nan,1081.0,0.955677330493927,18.386688232421875,3.274697588231142,3.2773205194878825,1.785949468612671,1.6234887838363647,0.955677330493927,22.0,30.0,-0.13884292744083687,-0.3129198555582675,0.9110449532410914
1776384116.959441,4.356958009125183,-6.850395717119701,0.04751838230530635,0.7431215791108489,-0.008217273736348294,0.6773940227285943,-0.7326055844080331,nan,nan,nan,nan,nan,nan,1081.0,0.955677330493927,18.386688232421875,3.274697588231142,3.2773205194878825,1.785949468612671,1.6234887838363647,0.955677330493927,22.0,30.0,-0.13882797394473456,-0.31290338230530634,0.8965048229009523
1776384117.0105014,4.37187213468885,-6.849688457938036,0.04743533702500744,0.7489416405148971,-0.008380474196149703,0.6774024035204411,-0.7324478438129554,nan,nan,nan,nan,nan,nan,1081.0,0.9475756287574768,18.38481330871582,3.2653483106073242,3.2725706258504785,1.8288050889968872,1.644580602645874,0.9475756287574768,22.0,31.0,-0.16784275407441226,-0.31282033702500744,0.881842236244017
1776384117.059965,4.38683757545923,-6.848979285035431,0.047379761014046354,0.7495766895663831,-0.008350234201591443,0.6701139316062461,-0.8696686771669841,nan,nan,nan,nan,nan,nan,1081.0,0.9475756287574768,18.38481330871582,3.2653483106073242,3.2725706258504785,1.8288050889968872,1.644580602645874,0.9475756287574768,22.0,31.0,-0.16779422375283687,-0.3127647610140463,0.8671383273531844
1776384117.109402,4.402057578646961,-6.848257208235218,0.04725177736252824,0.7641870778182507,-0.015936843791981525,0.6701417225303521,-0.773708184049977,nan,nan,nan,nan,nan,nan,1081.0,0.9475756287574768,18.38481330871582,3.2653483106073242,3.2725706258504785,1.8288050889968872,1.644580602645874,0.9475756287574768,22.0,31.0,-0.16768770664303337,-0.3126367773625282,0.8521943753281856
1776384117.1595666,4.41701945404669,-6.847552715231141,0.04737710743566495,0.7453083299482034,-0.01760760360402518,0.6702044002644478,-0.7729304000641899,nan,nan,nan,nan,nan,nan,1081.0,0.9349057078361511,18.422210693359375,3.2625750274045062,3.2849242380428354,1.8518338203430176,1.7018946409225464,0.9349057078361511,23.0,31.0,-0.1677875400643324,-0.3127621074356649,0.8375133464854432
1776384117.2095034,4.41701945404669,-6.847552715231141,0.04737710743566495,0.7453083299482034,-0.01760760360402518,0.6701441498218021,-0.774878984993645,nan,nan,nan,nan,nan,nan,1081.0,0.9349057078361511,18.422210693359375,3.2625750274045062,3.2849242380428354,1.8518338203430176,1.7018946409225464,0.9349057078361511,23.0,31.0,-0.1677875400643324,-0.3127621074356649,0.8375133464854432
1776384117.2594166,4.431907635328687,-6.846847405113744,0.047234809680890354,0.7464277350337003,-0.008442096759645142,0.6701441498218021,-0.7740334295897026,nan,nan,nan,nan,nan,nan,1081.0,0.9349057078361511,18.422210693359375,3.2625750274045062,3.2849242380428354,1.8518338203430176,1.7018946409225464,0.9349057078361511,23.0,31.0,-0.1676723227385778,-0.3126198096808903,0.8229159435215729
1776384117.309584,4.446812682761304,-6.846143028502426,0.047171552950157694,0.7465774670778043,-0.009637864923386225,0.6702130279592291,-0.7727471944255484,nan,nan,nan,nan,nan,nan,1081.0,0.9242178797721863,18.42864418029785,3.251632020497741,3.27213128220317,1.85698401927948,1.689538836479187,0.9242178797721863,23.0,31.0,-0.1676221190014428,-0.31255655295015766,0.8083129664322279
1776384117.3706694,4.446812682761304,-6.846143028502426,0.047171552950157694,0.7465774670778043,-0.009637864923386225,0.6702433911855923,-0.7730944062826326,nan,nan,nan,nan,nan,nan,1081.0,0.9242178797721863,18.42864418029785,3.251632020497741,3.27213128220317,1.85698401927948,1.689538836479187,0.9242178797721863,23.0,31.0,-0.1676221190014428,-0.31255655295015766,0.8083129664322279
1776384117.4094923,4.461726602092674,-6.845439661444197,0.04713613479473883,0.7471113562075102,-0.008970996017546234,0.6702433911855923,-0.77346633608233,nan,nan,nan,nan,nan,nan,1081.0,0.9242178797721863,18.42864418029785,3.251632020497741,3.27213128220317,1.85698401927948,1.689538836479187,0.9242178797721863,23.0,31.0,-0.16759397388167901,-0.3125211347947388,0.7937129275845094
1776384117.4594953,4.476642229290954,-6.844737475457579,0.0470899630477592,0.7467942273998414,-0.012947371403707721,0.6702604008392901,-0.7731379659612378,nan,nan,nan,nan,nan,nan,1081.0,0.9155279994010925,18.45639991760254,3.2471385940040953,3.2846973268823856,1.8374258279800415,1.6605956554412842,0.9155279994010925,23.0,31.0,-0.16755744367756464,-0.3124749630477592,0.7791235311134042
1776384117.5095735,4.491500857433726,-6.844041042240319,0.04701946387224735,0.7405684118236695,-0.005667996812166368,0.6702825345398812,-0.7729970669741539,nan,nan,nan,nan,nan,nan,1081.0,0.9155279994010925,18.45639991760254,3.2471385940040953,3.2846973268823856,1.8374258279800415,1.6605956554412842,0.9155279994010925,23.0,31.0,-0.16750107712483986,-0.31240446387224735,0.7646025141466787
1776384117.5613377,4.506126758391479,-6.843351156652753,0.047038014905719586,0.7273593785306466,-0.0038043600428317734,0.6703164786803111,-0.7725262860255634,nan,nan,nan,nan,nan,nan,1081.0,0.9155279994010925,18.45639991760254,3.2471385940040953,3.2846973268823856,1.8374258279800415,1.6605956554412842,0.9155279994010925,23.0,31.0,-0.16751631955891083,-0.31242301490571955,0.7503232509835523
1776384117.6094577,4.506126758391479,-6.843351156652753,0.047038014905719586,0.7273593785306466,-0.0038043600428317734,0.6703074432975531,-0.7732105217007907,nan,nan,nan,nan,nan,nan,1081.0,0.9155279994010925,18.45639991760254,3.2471385940040953,3.2846973268823856,1.8374258279800415,1.6605956554412842,0.9155279994010925,23.0,31.0,-0.16751631955891083,-0.31242301490571955,0.7503232509835523
1776384117.6615188,4.52080984702434,-6.842660482359411,0.047136920770355965,0.7419560251410433,-0.006866083742658529,0.6703074432975531,-0.773100324013983,nan,nan,nan,nan,nan,nan,1081.0,0.9117821455001831,18.486186981201172,3.2405948860021128,3.291106431845788,1.8150355815887451,1.6663317680358887,0.9117821455001831,24.0,31.0,-0.167586704775397,-0.31252192077035595,0.7360021530580131
1776384117.709842,4.535704081929676,-6.841957874353959,0.04719784649112548,0.7467987724832023,-0.0022186097337006604,0.6702620125809003,-0.7739478278065465,nan,nan,nan,nan,nan,nan,1081.0,0.9117821455001831,18.486186981201172,3.2405948860021128,3.291106431845788,1.8150355815887451,1.6663317680358887,0.9117821455001831,24.0,31.0,-0.16762947874171524,-0.31258284649112544,0.7214910302854044
1776384117.7628882,4.550627287321397,-6.8412538571076675,0.04727329847974719,0.7470556530110267,-0.0037212477524423983,0.6702341743395727,-0.7738726892233724,nan,nan,nan,nan,nan,nan,1081.0,0.9117821455001831,18.486186981201172,3.2405948860021128,3.291106431845788,1.8150355815887451,1.6663317680358887,0.9117821455001831,24.0,31.0,-0.1676804508386504,-0.3126582984797472,0.7069683723939677
1776384117.8104568,4.550627287321397,-6.8412538571076675,0.04727329847974719,0.7470556530110267,-0.0037212477524423983,0.6702002028143309,-0.7741405357912521,nan,nan,nan,nan,nan,nan,1081.0,0.9047635793685913,18.48198890686035,3.227395950038603,3.283631202769539,1.7939326763153076,1.6554938554763794,0.9047635793685913,24.0,31.0,-0.1676804508386504,-0.3126582984797472,0.7069683723939677
1776384117.8607192,4.565546034284155,-6.84054818517325,0.04731467137033665,0.7470674749539101,-0.002682179439934706,0.6702002028143309,-0.7737131267752522,nan,nan,nan,nan,nan,nan,1081.0,0.9047635793685913,18.48198890686035,3.227395950038603,3.283631202769539,1.7939326763153076,1.6554938554763794,0.9047635793685913,24.0,31.0,-0.1677081353224686,-0.3126996713703366,0.6924681594070403
1776384117.9104311,4.5804642970259835,-6.839839907536532,0.047357705372661575,0.7473571060170893,-0.003282313418308334,0.6701816419150437,-0.7740546014884038,nan,nan,nan,nan,nan,nan,1081.0,0.9047635793685913,18.48198890686035,3.227395950038603,3.283631202769539,1.7939326763153076,1.6554938554763794,0.9047635793685913,24.0,31.0,-0.16773830058086558,-0.3127427053726616,0.6779878407788188
1776384117.9615965,4.595384446727177,-6.839131384710599,0.04739805512001428,0.7472845511545321,-0.003736371310262402,0.6701619907492766,-0.774188228838251,nan,nan,nan,nan,nan,nan,1081.0,0.8950855135917664,18.51569175720215,3.2195268702330577,3.2918803678059754,1.796413540840149,1.6415808200836182,0.8950855135917664,24.0,31.0,-0.1677656123994448,-0.31278305512001425,0.6635258867487139
1776384118.009653,4.610306476041681,-6.838423025756858,0.047438903664567565,0.7474331351312982,-0.0038494128343652106,0.670143810241736,-0.7742503988423608,nan,nan,nan,nan,nan,nan,1081.0,0.8950855135917664,18.51569175720215,3.2195268702330577,3.2918803678059754,1.796413540840149,1.6415808200836182,0.8950855135917664,24.0,31.0,-0.16779177847561244,-0.3128239036645675,0.6490835760572841
1776384118.06062,4.610306476041681,-6.838423025756858,0.047438903664567565,0.7474331351312982,-0.0038494128343652106,0.6701257787980668,-0.7743808456001423,nan,nan,nan,nan,nan,nan,1081.0,0.8950855135917664,18.51569175720215,3.2195268702330577,3.2918803678059754,1.796413540840149,1.6415808200836182,0.8950855135917664,24.0,31.0,-0.16779177847561244,-0.3128239036645675,0.6490835760572841
1776384118.109849,4.62522679341419,-6.837714884146706,0.04748733283662857,0.7470748175666478,-0.00440331509593701,0.6701047973775556,-0.7745396635885471,nan,nan,nan,nan,nan,nan,1081.0,0.8948813080787659,18.526512145996094,3.2000164229157453,3.2749937741328106,1.7651455402374268,1.628711462020874,0.8948813080787659,25.0,31.0,-0.16782122788963694,-0.3128723328366286,0.6346658749617227
1776384118.1617548,4.640094457008943,-6.837004527449235,0.047542718336400495,0.7414408040506975,-0.0022238834118559034,0.6701047973775556,-0.774258300699683,nan,nan,nan,nan,nan,nan,1081.0,0.8948813080787659,18.526512145996094,3.2000164229157453,3.2749937741328106,1.7651455402374268,1.628711462020874,0.8948813080787659,25.0,31.0,-0.16785809890317832,-0.3129277183364005,0.6203245624063961
1776384118.2124524,4.654835006452291,-6.836315251256427,0.0477443607039438,0.7381483480742785,-0.009371093839788429,0.670079997942207,-0.7746987561447005,nan,nan,nan,nan,nan,nan,1081.0,0.8948813080787659,18.526512145996094,3.2000164229157453,3.2749937741328106,1.7651455402374268,1.628711462020874,0.8948813080787659,25.0,31.0,-0.16796349263295293,-0.31312936070394376,0.6061282604485794
1776384118.2605684,4.654835006452291,-6.836315251256427,0.0477443607039438,0.7381483480742785,-0.009371093839788429,0.6699969788593917,-0.7760244792009454,nan,nan,nan,nan,nan,nan,1081.0,0.8948813080787659,18.526512145996094,3.2000164229157453,3.2749937741328106,1.7651455402374268,1.628711462020874,0.8948813080787659,25.0,31.0,-0.16796349263295293,-0.31312936070394376,0.6061282604485794
1776384118.31868,4.669643364453532,-6.835609983047433,0.04781942823580791,0.7445798865822534,0.003156915893320855,0.6699969788593917,-0.7748744065177623,nan,nan,nan,nan,nan,nan,1081.0,0.894123375415802,18.56468963623047,3.1912001157997936,3.2812376250844317,1.7528020143508911,1.6046569347381592,0.894123375415802,25.0,31.0,-0.16800381547429488,-0.3132044282358079,0.5918973009864663
1776384118.3597276,4.684531910231401,-6.834896397281804,0.047922342511636816,0.7429918759072527,-0.011453582063228041,0.6699657985944515,-0.7753943002017981,nan,nan,nan,nan,nan,nan,1081.0,0.894123375415802,18.56468963623047,3.1912001157997936,3.2812376250844317,1.7528020143508911,1.6046569347381592,0.894123375415802,25.0,31.0,-0.1680617695598934,-0.3133073425116368,0.5776205148939212
1776384118.4250624,4.684531910231401,-6.834896397281804,0.047922342511636816,0.7429918759072527,-0.011453582063228041,0.6699223781676487,-0.7759588966886862,nan,nan,nan,nan,nan,nan,1081.0,0.894123375415802,18.56468963623047,3.1912001157997936,3.2812376250844317,1.7528020143508911,1.6046569347381592,0.894123375415802,25.0,31.0,-0.1680617695598934,-0.3133073425116368,0.5776205148939212
1776384118.462158,4.699289954060978,-6.834177388284086,0.048012454660685884,0.7411028008057867,0.004146619158301515,0.6699223781676487,-0.7753006961848654,nan,nan,nan,nan,nan,nan,1081.0,0.894123375415802,18.56468963623047,3.1912001157997936,3.2812376250844317,1.7528020143508911,1.6046569347381592,0.894123375415802,25.0,31.0,-0.16812145033740497,-0.31339745466068586,0.5635039542756142
1776384118.5134676,4.7141911417537665,-6.833467203841674,0.048219184792135605,0.7486938770518025,0.00456492217257901,0.669882107209982,-0.7760618933051617,nan,nan,nan,nan,nan,nan,1081.0,0.887008547782898,18.597389221191406,3.179680500176083,3.2829822023638715,1.7449249029159546,1.5924588441848755,0.887008547782898,25.0,31.0,-0.1682237487457846,-0.3136041847921356,0.5492815330708779
1776384118.560491,4.729123882421976,-6.83274975799183,0.04833967313091551,0.7465424438995274,-0.005543122971669942,0.6697984435742644,-0.7770835930069877,nan,nan,nan,nan,nan,nan,1081.0,0.887008547782898,18.597389221191406,3.179680500176083,3.2829822023638715,1.7449249029159546,1.5924588441848755,0.887008547782898,26.0,31.0,-0.16828179439461885,-0.3137246731309155,0.535068550260718
1776384118.6092792,4.74404934927382,-6.832026288836431,0.04845964161398012,0.7475677796388353,0.0034865084269030456,0.6697500793358997,-0.7769123391538107,nan,nan,nan,nan,nan,nan,1081.0,0.887008547782898,18.597389221191406,3.179680500176083,3.2829822023638715,1.7449249029159546,1.5924588441848755,0.887008547782898,26.0,31.0,-0.16834234732957906,-0.3138446416139801,0.5209054872753808
1776384118.659462,4.758980707491017,-6.831300487388158,0.04857622049246162,0.7480070167087853,0.00016135063009111111,0.6697012288210318,-0.7771883924870414,nan,nan,nan,nan,nan,nan,1081.0,0.8895066380500793,18.58695411682129,3.166921712533949,3.2791694365377637,1.7233264446258545,1.5836882591247559,0.8895066380500793,26.0,31.0,-0.1683997357399552,-0.3139612204924616,0.5067822416157748
1776384118.7095711,4.758980707491017,-6.831300487388158,0.04857622049246162,0.7480070167087853,0.00016135063009111111,0.6696541248556421,-0.7774391810394284,nan,nan,nan,nan,nan,nan,1081.0,0.8895066380500793,18.58695411682129,3.166921712533949,3.2791694365377637,1.7233264446258545,1.5836882591247559,0.8895066380500793,26.0,31.0,-0.1683997357399552,-0.3139612204924616,0.5067822416157748
1776384118.7632298,4.773909165062413,-6.830573680564675,0.048682050337940805,0.7477731227515197,-6.852765076203293e-05,0.6696541248556421,-0.7768335722534742,nan,nan,nan,nan,nan,nan,1081.0,0.8885316848754883,18.615543365478516,3.156286466739224,3.284345180886842,1.7083123922348022,1.5624834299087524,0.8885316848754883,26.0,31.0,-0.16844980473758447,-0.3140670503379408,0.49271078955024966
1776384118.81001,4.78880985308918,-6.829846927174752,0.04878844896707129,0.7442497452287641,-0.00023426900683873789,0.6696118751115053,-0.7775624489617149,nan,nan,nan,nan,nan,nan,1081.0,0.8885316848754883,18.615543365478516,3.156286466739224,3.284345180886842,1.7083123922348022,1.5624834299087524,0.8885316848754883,26.0,31.0,-0.16849826412645041,-0.3141734489670713,0.4787187844973376
1776384118.8675368,4.803535964413658,-6.829129642313967,0.04893253186304116,0.7323089050677792,0.0060315062334712335,0.6695698717293546,-0.7779188206413096,nan,nan,nan,nan,nan,nan,1081.0,0.8885316848754883,18.615543365478516,3.156286466739224,3.284345180886842,1.7083123922348022,1.5624834299087524,0.8885316848754883,26.0,31.0,-0.1685589516525434,-0.3143175318630411,0.4649470063984999
1776384118.9115188,4.81818326228602,-6.82840981296393,0.049062488460612716,0.7380578462404548,-0.0017294923615236322,0.6695142352619077,-0.7782846844132644,nan,nan,nan,nan,nan,nan,1081.0,0.8938599228858948,18.652875900268555,3.1388679578500582,3.2748241036280366,1.6941614151000977,1.5508983135223389,0.8938599228858948,26.0,31.0,-0.1686158811809392,-0.3144474884606127,0.4513119391099913
1776384118.9604006,4.81818326228602,-6.82840981296393,0.049062488460612716,0.7380578462404548,-0.0017294923615236322,0.6694635011734318,-0.7786029305330976,nan,nan,nan,nan,nan,nan,1081.0,0.8938599228858948,18.652875900268555,3.1388679578500582,3.2748241036280366,1.6941614151000977,1.5508983135223389,0.8938599228858948,26.0,31.0,-0.1686158811809392,-0.3144474884606127,0.4513119391099913
1776384119.0097396,4.832999414648644,-6.827684639033589,0.04926380722342653,0.7466358342276953,-0.004968238289239093,0.6694635011734318,-0.777922850437533,nan,nan,nan,nan,nan,nan,1081.0,0.8938599228858948,18.652875900268555,3.1388679578500582,3.2748241036280366,1.6941614151000977,1.5508983135223389,0.8938599228858948,27.0,31.0,-0.16869484511825095,-0.31464880722342653,0.43758645181426126
1776384119.0596693,4.832999414648644,-6.827684639033589,0.04926380722342653,0.7466358342276953,-0.004968238289239093,0.6693872330076414,-0.779338176874061,nan,nan,nan,nan,nan,nan,1081.0,0.8938599228858948,18.652875900268555,3.1388679578500582,3.2748241036280366,1.6941614151000977,1.5508983135223389,0.8938599228858948,27.0,31.0,-0.16869484511825095,-0.31464880722342653,0.43758645181426126
1776384119.109772,4.847920663319941,-6.826950793120409,0.04939286595901677,0.7472829522915527,-0.003114817684225505,0.6693389111092727,-0.7792250526737087,nan,nan,nan,nan,nan,nan,1081.0,0.8938599228858948,18.652875900268555,3.1388679578500582,3.2748241036280366,1.6941614151000977,1.5508983135223389,0.8938599228858948,27.0,31.0,-0.16874320008810573,-0.31477786595901674,0.4238403380166207
1776384119.1678886,4.862844071962658,-6.8262134996816695,0.04949957425696792,0.7470095195258037,-0.004116169171437008,0.6693389111092727,-0.7786347936612992,nan,nan,nan,nan,nan,nan,1081.0,0.9024489521980286,18.653024673461914,3.1255326762340556,3.2699058493976585,1.6730625629425049,1.5325429439544678,0.9024489521980286,27.0,31.0,-0.168782677053665,-0.3148845742569679,0.41017692711983894
1776384119.2105622,4.877734555689249,-6.82546975234622,0.0495422806969161,0.7444665703435001,-0.0035650512906671163,0.6692990845905255,-0.7793151630492132,nan,nan,nan,nan,nan,nan,1081.0,0.9024489521980286,18.653024673461914,3.1255326762340556,3.2699058493976585,1.6730625629425049,1.5325429439544678,0.9024489521980286,27.0,31.0,-0.16880407033878192,-0.3149272806969161,0.3966386223112948
1776384119.2598178,4.892588119625797,-6.824729091663843,0.04959033293711581,0.7455403182439277,-0.000693303282316485,0.6692817356794905,-0.7792192193794953,nan,nan,nan,nan,nan,nan,1081.0,0.905267059803009,18.70514678955078,3.1134471951757283,3.267313612165577,1.661674976348877,1.5238792896270752,0.905267059803009,27.0,31.0,-0.1688247761486938,-0.31497533293711577,0.3832347779754866
1776384119.312633,4.907509463876734,-6.823993277371199,0.04969284713820648,0.7467405346268136,-0.0031410362832637972,0.6692630631881369,-0.7793048587673568,nan,nan,nan,nan,nan,nan,1081.0,0.905267059803009,18.70514678955078,3.1134471951757283,3.267313612165577,1.661674976348877,1.5238792896270752,0.905267059803009,27.0,31.0,-0.16885377180719827,-0.31507784713820647,0.36987940345025766
1776384119.359741,4.907509463876734,-6.823993277371199,0.04969284713820648,0.7467405346268136,-0.0031410362832637972,0.6692270523058883,-0.7797271040406748,nan,nan,nan,nan,nan,nan,1081.0,0.905267059803009,18.70514678955078,3.1134471951757283,3.267313612165577,1.661674976348877,1.5238792896270752,0.905267059803009,27.0,31.0,-0.16885377180719827,-0.31507784713820647,0.36987940345025766
1776384119.409558,4.922415641922273,-6.823251025581731,0.04972853517422918,0.7466934061978001,-0.003847250653606175,0.6692140049873677,-0.7795198062052174,nan,nan,nan,nan,nan,nan,1081.0,0.9186595678329468,18.732738494873047,3.1017700696190014,3.271229792736446,1.6537867784500122,1.5072396993637085,0.9186595678329468,27.0,31.0,-0.1688658935073338,-0.31511353517422913,0.3566661872659238
1776384119.4612634,4.937310174260611,-6.822509162184072,0.04976246111169138,0.7452625959013636,-0.002546512396012326,0.6692140049873677,-0.7793485429293274,nan,nan,nan,nan,nan,nan,1081.0,0.9186595678329468,18.732738494873047,3.1017700696190014,3.271229792736446,1.6537867784500122,1.5072396993637085,0.9186595678329468,28.0,31.0,-0.16887661383078967,-0.31514746111169134,0.34360339415957863
1776384119.5097237,4.9520690850226075,-6.8217696655708915,0.04980937891782939,0.7327326035096295,-0.0009839577512973823,0.0,0.0,nan,nan,nan,nan,nan,nan,1081.0,0.9186595678329468,18.732738494873047,3.1017700696190014,3.271229792736446,1.6537867784500122,1.5072396993637085,0.9186595678329468,28.0,31.0,-0.1688944045070478,-0.31519437891782937,0.3308159642422091
1776384119.561841,4.966388968167085,-6.82105898288428,0.04987924723205323,0.7109696833673411,-0.011807916325676631,0.0,0.0,nan,nan,nan,nan,nan,nan,1081.0,0.9280701279640198,18.731468200683594,3.086022680661504,3.2580827086462776,1.6376150846481323,1.4924434423446655,0.9280701279640198,28.0,31.0,-0.16891010834051806,-0.3152642472320532,0.31857021739962993
1776384119.6098018,4.9942214501145274,-6.819668500028727,0.0501360652000669,0.6845845828850622,0.0040930278166383905,0.0,0.0,nan,nan,nan,nan,nan,nan,1081.0,0.9280701279640198,18.731468200683594,3.086022680661504,3.2580827086462776,1.6376150846481323,1.4924434423446655,0.9280701279640198,28.0,31.0,-0.16897337945156413,-0.3155210652000669,0.2953130940678184
1776384119.6597028,5.007600350959999,-6.81899594554433,0.050386061437822115,0.667750786519982,0.013505540409401747,0.0,0.0,nan,nan,nan,nan,nan,nan,1081.0,0.929865837097168,18.76416015625,3.0691810095343293,3.250995698006478,1.6103821992874146,1.4835461378097534,0.929865837097168,28.0,31.0,-0.16903179771778162,-0.3157710614378221,0.28443088588995574
1776384119.7154558,5.020643610024431,-6.81833682224578,0.050929137664687284,0.6484209998961644,0.004888322229522598,0.0,0.0,nan,nan,nan,nan,nan,nan,1081.0,0.929865837097168,18.76416015625,3.0691810095343293,3.250995698006478,1.6103821992874146,1.4835461378097534,0.929865837097168,28.0,31.0,-0.16915027844612812,-0.31631413766468724,0.2740381306732283
1776384119.7641816,5.033301253647205,-6.817688820755141,0.05148741467704337,0.6320361788563812,0.04371534047522981,0.0,0.0,nan,nan,nan,nan,nan,nan,1081.0,0.929865837097168,18.76416015625,3.0691810095343293,3.250995698006478,1.6103821992874146,1.4835461378097534,0.929865837097168,28.0,31.0,-0.1692663401583149,-0.31687241467704336,0.2641841300504116
1776384119.813407,5.045652511266444,-6.817048657997359,0.05259726520199084,0.6122886626155682,0.03654296488573201,0.0,0.0,nan,nan,nan,nan,nan,nan,1081.0,0.9378810524940491,18.79676628112793,3.061799355395738,3.2515684782075907,1.599503993988037,1.4677562713623047,0.9378810524940491,29.0,31.0,-0.16948128732048928,-0.3179822652019908,0.25481403001411007
1776384119.8597724,5.057623256896242,-6.8164142026965315,0.053715965424110494,0.5933415865317313,0.0601954133069913,0.0,0.0,nan,nan,nan,nan,nan,nan,1081.0,0.9378810524940491,18.79676628112793,3.061799355395738,3.2515684782075907,1.599503993988037,1.4677562713623047,0.9378810524940491,29.0,31.0,-0.16968487614492248,-0.3191009654241105,0.24599463398636848
1776384119.9107985,5.057623256896242,-6.8164142026965315,0.053715965424110494,0.5933415865317313,0.0601954133069913,0.0,0.0,nan,nan,nan,nan,nan,nan,1081.0,0.9487285017967224,18.771690368652344,3.054888909332847,3.247906967042669,1.5894321203231812,1.4569900035858154,0.9487285017967224,29.0,31.0,-0.16968487614492248,-0.3191009654241105,0.24599463398636848
1776384119.959791,5.080005115607393,-6.8150412727455585,0.055545314798077595,0.5160524387501411,0.005160533733609618,0.0,0.0,nan,nan,nan,nan,nan,nan,1081.0,0.9487285017967224,18.771690368652344,3.054888909332847,3.247906967042669,1.5894321203231812,1.4569900035858154,0.9487285017967224,29.0,31.0,-0.17013864757647573,-0.3209303147980776,0.23040477526335568
1776384120.0106847,5.088985191140158,-6.814667312298142,0.0525015597315669,0.4442419056355099,-0.19118381165267676,0.0,0.0,nan,nan,nan,nan,nan,nan,1081.0,0.9487285017967224,18.771690368652344,3.054888909332847,3.247906967042669,1.5894321203231812,1.4569900035858154,0.9487285017967224,29.0,31.0,-0.1695671519532638,-0.3178865597315669,0.22434788394419078
1776384120.0696526,5.088985191140158,-6.814667312298142,0.0525015597315669,0.4442419056355099,-0.19118381165267676,0.0,0.0,nan,nan,nan,nan,nan,nan,1081.0,0.9640329480171204,18.815927505493164,3.032282962058012,3.229739739367443,1.5730936527252197,1.4437103271484375,0.9640329480171204,29.0,31.0,-0.1695671519532638,-0.3178865597315669,0.22434788394419078
1776384120.1094205,5.097115888014164,-6.814340861470209,0.04479558195905548,0.4101660784266003,-0.302249944917688,0.0,0.0,nan,nan,nan,nan,nan,nan,1081.0,0.9640329480171204,18.815927505493164,3.032282962058012,3.229739739367443,1.5730936527252197,1.4437103271484375,0.9640329480171204,29.0,31.0,-0.16839216347306865,-0.31018058195905546,0.21902862978990403
1776384120.162343,5.105017245654073,-6.813982975163721,0.041772218959064786,0.3851850633773134,-0.004628893246703725,0.0,0.0,nan,nan,nan,nan,nan,nan,1081.0,0.9640329480171204,18.815927505493164,3.032282962058012,3.229739739367443,1.5730936527252197,1.4437103271484375,0.9640329480171204,29.0,31.0,-0.16799554632110922,-0.3071572189590648,0.21406004489258781
1776384120.2135262,5.105017245654073,-6.813982975163721,0.041772218959064786,0.3851850633773134,-0.004628893246703725,0.0,0.0,nan,nan,nan,nan,nan,nan,1081.0,0.9640329480171204,18.815927505493164,3.032282962058012,3.229739739367443,1.5730936527252197,1.4437103271484375,0.9640329480171204,29.0,31.0,-0.16799554632110922,-0.3071572189590648,0.21406004489258781
1776384120.2615929,5.1123776619114585,-6.813572863353296,0.04600351478118065,0.3586329390414511,0.19784567472128378,0.0,0.0,nan,nan,nan,nan,nan,nan,1081.0,0.9670255184173584,18.844337463378906,3.015701797634887,3.2139081579873965,1.5818877220153809,1.4334490299224854,0.9670255184173584,29.0,31.0,-0.16862656514277577,-0.3113885147811806,0.20965378895562437
1776384120.3095398,5.119188384258293,-6.81287038347905,0.0495800311729533,0.3301255938973981,0.14747037459124868,0.0,0.0,nan,nan,nan,nan,nan,nan,1081.0,0.9670255184173584,18.844337463378906,3.015701797634887,3.2139081579873965,1.5818877220153809,1.4334490299224854,0.9670255184173584,29.0,31.0,-0.1694351217499589,-0.31496503117295327,0.20598405584511856
1776384120.3597543,5.125324726189704,-6.812065350442704,0.05229350828125877,0.2892329646232384,0.12962588316946325,0.0,0.0,nan,nan,nan,nan,nan,nan,1081.0,0.9670255184173584,18.844337463378906,3.015701797634887,3.2139081579873965,1.5818877220153809,1.4334490299224854,0.9670255184173584,29.0,31.0,-0.1702355351907582,-0.31767850828125876,0.20295806031502175
1776384120.4104278,5.130566130829493,-6.811080443882272,0.053780265303792665,0.23810618928562546,0.025820995856645212,0.0,0.0,nan,nan,nan,nan,nan,nan,1081.0,0.9757123589515686,18.814350128173828,3.023586573863228,3.2253049293160045,1.566096544265747,1.4265820980072021,0.9757123589515686,29.0,31.0,-0.17110137861176286,-0.31916526530379263,0.20073313780074367
1776384120.4738154,5.130566130829493,-6.811080443882272,0.053780265303792665,0.23810618928562546,0.025820995856645212,0.0,0.0,nan,nan,nan,nan,nan,nan,1081.0,0.9757123589515686,18.814350128173828,3.023586573863228,3.2253049293160045,1.566096544265747,1.4265820980072021,0.9757123589515686,29.0,31.0,-0.17110137861176286,-0.31916526530379263,0.20073313780074367
1776384120.5125613,5.130566130829493,-6.811080443882272,0.053780265303792665,0.19079902665338058,-0.05376109746863283,0.0,0.0,nan,nan,nan,nan,nan,nan,1081.0,0.9757123589515686,18.814350128173828,3.023586573863228,3.2253049293160045,1.566096544265747,1.4265820980072021,0.9757123589515686,29.0,31.0,-0.17110137861176286,-0.31916526530379263,0.20073313780074367
1776384120.581867,5.134754275868515,-6.809764691015718,0.05335221224221157,0.19079902665338058,-0.05376109746863283,0.0,0.0,nan,nan,nan,nan,nan,nan,1081.0,0.9757123589515686,18.814350128173828,3.023586573863228,3.2253049293160045,1.566096544265747,1.4265820980072021,0.9757123589515686,29.0,31.0,-0.17214697129088935,-0.3187372122422116,0.19948136421255835
1776384120.6094644,5.140763700909815,-6.8082363550146585,0.05517390499099889,0.11592348505528932,0.0925297895268628,0.0,0.0,nan,nan,nan,nan,nan,nan,1081.0,0.9755005836486816,18.83265495300293,3.0189500014942956,3.223336297987839,1.5539209842681885,1.4260814189910889,0.9755005836486816,30.0,31.0,-0.1735249055360452,-0.32055890499099887,0.19753560726264924
1776384120.6595862,5.140763700909815,-6.8082363550146585,0.05517390499099889,0.11592348505528932,0.0925297895268628,0.0,0.0,nan,nan,nan,nan,nan,nan,1081.0,0.9755005836486816,18.83265495300293,3.0189500014942956,3.223336297987839,1.5539209842681885,1.4260814189910889,0.9755005836486816,30.0,31.0,-0.1735249055360452,-0.32055890499099887,0.19753560726264924
1776384120.711965,5.142521142169109,-6.808047526907005,0.05597066338005131,0.06551686017404128,0.01807647896387451,0.0,0.0,nan,nan,nan,nan,nan,nan,1081.0,0.9841930866241455,18.847352981567383,3.0223804351690187,3.2311784976872597,1.5516927242279053,1.423399806022644,0.9841930866241455,30.0,31.0,-0.17369027487724678,-0.3213556633800513,0.19677908697666469
1776384120.7757323,5.14321856563586,-6.808002869040914,0.055925925913974245,0.0074233775001805065,-0.014192905992957746,0.0,0.0,nan,nan,nan,nan,nan,nan,1081.0,0.9841930866241455,18.847352981567383,3.0223804351690187,3.2311784976872597,1.5516927242279053,1.423399806022644,0.9841930866241455,30.0,31.0,-0.17369174142692068,-0.32131092591397425,0.19645653273294703
1776384120.812862,5.14316167398158,-6.807916578562361,0.05253095277049221,-0.001948042979708548,-0.21891033936069473,0.0,0.0,nan,nan,nan,nan,nan,nan,1081.0,0.9841930866241455,18.847352981567383,3.0223804351690187,3.2311784976872597,1.5516927242279053,1.423399806022644,0.9841930866241455,30.0,31.0,-0.17346825765580676,-0.31791595277049217,0.19655980403182366
1776384120.860454,5.143051831524127,-6.807820777696262,0.047774897602880166,0.006807279214162059,-0.2840458065102444,0.0,0.0,nan,nan,nan,nan,nan,nan,1081.0,0.9743284583091736,18.841047286987305,3.0031337613975637,3.205462514180006,1.5539361238479614,1.425378441810608,0.9743284583091736,30.0,31.0,-0.17312760121501783,-0.31315989760288016,0.19669854774055642
1776384120.9096675,5.143425205403231,-6.807656309729295,0.0406194360824289,0.027299005798686254,-0.3768632306042855,0.0,0.0,nan,nan,nan,nan,nan,nan,1081.0,0.9743284583091736,18.841047286987305,3.0031337613975637,3.205462514180006,1.5539361238479614,1.425378441810608,0.9743284583091736,30.0,31.0,-0.17260427043812918,-0.3060044360824289,0.19664711082139588
1776384120.964583,5.143425205403231,-6.807656309729295,0.0406194360824289,0.027299005798686254,-0.3768632306042855,0.0,0.0,nan,nan,nan,nan,nan,nan,1081.0,0.9743284583091736,18.841047286987305,3.0031337613975637,3.205462514180006,1.5539361238479614,1.425378441810608,0.9743284583091736,30.0,31.0,-0.17260427043812918,-0.3060044360824289,0.19664711082139588
1776384121.009655,5.144476096895434,-6.807436471380686,0.031065555213721372,0.05222676068727545,-0.5085281549220536,0.0,0.0,nan,nan,nan,nan,nan,nan,1081.0,0.9743284583091736,18.841047286987305,3.0031337613975637,3.205462514180006,1.5539361238479614,1.425378441810608,0.9743284583091736,30.0,31.0,-0.17188330867745424,-0.2964505552137214,0.19629768402930836
1776384121.0595381,5.144476096895434,-6.807436471380686,0.031065555213721372,0.05222676068727545,-0.5085281549220536,0.0,0.0,nan,nan,nan,nan,nan,nan,1081.0,0.9849032759666443,18.840267181396484,2.9338853641531184,3.0719922900758796,1.578956961631775,1.4088215827941895,0.9849032759666443,30.0,31.0,-0.17188330867745424,-0.2964505552137214,0.19629768402930836
1776384121.1247158,5.145930311723149,-6.807197295230124,0.020170772183140267,0.08331849706477651,-0.5465205617671774,0.0,0.0,nan,nan,nan,nan,nan,nan,1081.0,0.9849032759666443,18.840267181396484,2.9338853641531184,3.0719922900758796,1.578956961631775,1.4088215827941895,0.9849032759666443,30.0,31.0,-0.17104999228651524,-0.28555577218314027,0.19576665415732739
1776384121.160623,5.147729166032822,-6.806969738766634,0.009460996879726161,0.08988598296470393,-0.5283514222313108,0.0,0.0,nan,nan,nan,nan,nan,nan,1081.0,0.9849032759666443,18.840267181396484,2.9338853641531184,3.0719922900758796,1.578956961631775,1.4088215827941895,0.9849032759666443,30.0,31.0,-0.1702309655403278,-0.27484599687972616,0.19506388309641037
1776384121.209942,5.149438618820663,-6.806745907761894,-0.0005433668922347517,0.07302649569739754,-0.494579581472468,0.0,0.0,nan,nan,nan,nan,nan,nan,1081.0,0.9876901507377625,18.84495735168457,2.8436489642272935,2.8652130691954216,1.593818187713623,1.426335096359253,0.9876901507377625,30.0,31.0,-0.16949437107836593,-0.2648416331077652,0.19441597034236074
1776384121.260135,5.150965018028812,-6.806725029279115,-0.00954190486054818,0.08455296362550427,-0.4515183728194438,0.0,0.0,nan,nan,nan,nan,nan,nan,1081.0,0.9876901507377625,18.84495735168457,2.8436489642272935,2.8652130691954216,1.593818187713623,1.426335096359253,0.9876901507377625,30.0,31.0,-0.1686660092622584,-0.2558430951394518,0.19369185625616614
1776384121.3115745,5.152072857664369,-6.806692703914073,-0.017275063334285124,0.05722463145256034,-0.3771518100916569,0.0,0.0,nan,nan,nan,nan,nan,nan,1081.0,0.9876901507377625,18.84495735168457,2.8436489642272935,2.8652130691954216,1.593818187713623,1.426335096359253,0.9876901507377625,30.0,31.0,-0.16797602015663404,-0.24810993666571485,0.1931872345748081
1776384121.3598864,5.15310338671978,-6.80659677621226,-0.02411693879920561,0.04297531454990275,-0.29397414512815734,0.0,0.0,nan,nan,nan,nan,nan,nan,1081.0,0.9785012006759644,18.85055923461914,2.767774229409185,2.6678711783657483,1.600376844406128,1.4265551567077637,0.9785012006759644,30.0,31.0,-0.16743997862224466,-0.24126806120079436,0.19278033302534653
1776384121.409864,5.15310338671978,-6.80659677621226,-0.02411693879920561,0.04297531454990275,-0.29397414512815734,0.0,0.0,nan,nan,nan,nan,nan,nan,1081.0,0.9785012006759644,18.85055923461914,2.767774229409185,2.6678711783657483,1.600376844406128,1.4265551567077637,0.9785012006759644,30.0,31.0,-0.16743997862224466,-0.24126806120079436,0.19278033302534653
1776384121.46316,5.153979693246079,-6.806594039703455,-0.029476631516240734,0.043631555886702776,-0.3053068452589527,0.0,0.0,nan,nan,nan,nan,nan,nan,1081.0,0.9785012006759644,18.85055923461914,2.767774229409185,2.6678711783657483,1.600376844406128,1.4265551567077637,0.9785012006759644,30.0,31.0,-0.16695406707956842,-0.23590836848375923,0.1923684800405169
1776384121.5102196,5.154507635509003,-6.806572501077802,-0.033476258740919404,0.026887836295651175,-0.17896185290922484,0.0,0.0,nan,nan,nan,nan,nan,nan,1081.0,0.9749460816383362,18.826448440551758,2.723300429762347,2.5414334836489703,1.6105022430419922,1.4279340505599976,0.9749460816383362,30.0,31.0,-0.16660971972902933,-0.23190874125908056,0.19213942597934383
1776384121.5598276,5.154507635509003,-6.806572501077802,-0.033476258740919404,0.026887836295651175,-0.17896185290922484,0.0,0.0,nan,nan,nan,nan,nan,nan,1081.0,0.9749460816383362,18.826448440551758,2.723300429762347,2.5414334836489703,1.6105022430419922,1.4279340505599976,0.9749460816383362,30.0,31.0,-0.16660971972902933,-0.23190874125908056,0.19213942597934383
1776384121.609397,5.154949688120743,-6.806538823547739,-0.035980539373088705,0.026275848976354682,-0.133634335526739,0.0,0.0,nan,nan,nan,nan,nan,nan,1081.0,0.9749460816383362,18.826448440551758,2.723300429762347,2.5414334836489703,1.6105022430419922,1.4279340505599976,0.9749460816383362,30.0,31.0,-0.1664190919394965,-0.22940446062691128,0.19196237772954763
1776384121.660861,5.15528389827737,-6.806562331961901,-0.03691967908680987,0.017331850611744238,-0.01675872435490489,0.0,0.0,nan,nan,nan,nan,nan,nan,1081.0,0.9749460816383362,18.826448440551758,2.723300429762347,2.5414334836489703,1.6105022430419922,1.4279340505599976,0.9749460816383362,30.0,31.0,-0.1663180074815619,-0.2284653209131901,0.19178575391300082
1776384121.7097912,5.15528389827737,-6.806562331961901,-0.03691967908680987,0.017331850611744238,-0.01675872435490489,0.0,0.0,nan,nan,nan,nan,nan,nan,1081.0,0.9757538437843323,18.82815170288086,2.7134638670745765,2.507590045774547,1.6335718631744385,1.429062008857727,0.9757538437843323,30.0,31.0,-0.1663180074815619,-0.2284653209131901,0.19178575391300082
1776384121.7634463,5.15547804768359,-6.806574204034019,-0.03646416454169383,0.008807746279115045,0.013336493023495231,0.0,0.0,nan,nan,nan,nan,nan,nan,1081.0,0.9757538437843323,18.82815170288086,2.7134638670745765,2.507590045774547,1.6335718631744385,1.429062008857727,0.9757538437843323,30.0,31.0,-0.16635670524330165,-0.22892083545830616,0.19168492369313078
1776384121.81086,5.15541384639448,-6.806574360925012,-0.03649666800198712,-0.003125380518973114,0.001672031586444203,0.0,0.0,nan,nan,nan,nan,nan,nan,1081.0,0.9757538437843323,18.82815170288086,2.7134638670745765,2.507590045774547,1.6335718631744385,1.429062008857727,0.9757538437843323,30.0,31.0,-0.1663511104848996,-0.22888833199801287,0.19171463593237686
1776384121.8674169,5.155387993171557,-6.80658121049544,-0.03641334659628485,-0.0010914367826680652,0.002390251618057119,0.0,0.0,nan,nan,nan,nan,nan,nan,1081.0,0.9757538437843323,18.82815170288086,2.7134638670745765,2.507590045774547,1.6335718631744385,1.429062008857727,0.9757538437843323,30.0,31.0,-0.16635126409062376,-0.22897165340371514,0.1917205981978264
1776384121.9141128,5.155387993171557,-6.80658121049544,-0.03641334659628485,-0.0010914367826680652,0.002390251618057119,0.0,0.0,nan,nan,nan,nan,nan,nan,1081.0,0.9762244820594788,18.866260528564453,2.7175168017895546,2.524627295647717,1.6319990158081055,1.4235492944717407,0.9762244820594788,30.0,31.0,-0.16635126409062376,-0.22897165340371514,0.1917205981978264
1776384121.9596138,5.155373632544503,-6.806583125891307,-0.03639200996153386,-0.0003817139780726287,0.00037040442341272243,0.0,0.0,nan,nan,nan,nan,nan,nan,1081.0,0.9762244820594788,18.866260528564453,2.7175168017895546,2.524627295647717,1.6319990158081055,1.4235492944717407,0.9762244820594788,30.0,31.0,-0.16635086102847005,-0.22899299003846613,0.19172558393211486
1776384122.0099397,5.15536657463906,-6.80658365796189,-0.0363847512578175,-0.0002737862922766652,0.00032529751189025284,0.0,0.0,nan,nan,nan,nan,nan,nan,1081.0,0.9711341261863708,18.850040435791016,2.71752110065739,2.525149321838698,1.636451244354248,1.4284918308258057,0.9711341261863708,30.0,31.0,-0.16635076446898242,-0.22900024874218247,0.19172839694762323
1776384122.0593493,5.155362158597617,-6.806583412349029,-0.036379849385463355,-0.00017484625719251055,0.00019013143720218446,0.0,0.0,nan,nan,nan,nan,nan,nan,1081.0,0.9711341261863708,18.850040435791016,2.71752110065739,2.525149321838698,1.636451244354248,1.4284918308258057,0.9711341261863708,30.0,31.0,-0.166351316577713,-0.22900515061453663,0.19173066920110896
1776384122.110694,5.155359268734885,-6.806583103393059,-0.0363763753814926,-0.00011854312883257443,0.00014895091612886346,0.0,0.0,nan,nan,nan,nan,nan,nan,1081.0,0.9711341261863708,18.850040435791016,2.71752110065739,2.525149321838698,1.636451244354248,1.4284918308258057,0.9711341261863708,30.0,31.0,-0.16635185140699876,-0.22900862461850738,0.19173228740763676
1776384122.1594715,5.155357282291303,-6.8065827697861465,-0.03637352249059375,-8.296424036566036e-05,0.0001202834502460039,0.0,0.0,nan,nan,nan,nan,nan,nan,1081.0,0.9777520895004272,18.847370147705078,2.7175818199807025,2.5250219688772897,1.620910882949829,1.4251413345336914,0.9777520895004272,30.0,31.0,-0.1663523845284635,-0.22901147750940623,0.1917335070629783
1776384122.2098532,5.155355882222872,-6.806582366571647,-0.036371378226821134,-5.688376426385336e-05,6.734720212271592e-05,0.0,0.0,nan,nan,nan,nan,nan,nan,1081.0,0.9777520895004272,18.847370147705078,2.7175818199807025,2.5250219688772897,1.620910882949829,1.4251413345336914,0.9777520895004272,30.0,31.0,-0.1663529409865247,-0.22901362177317885,0.19173451547454118
1776384122.260121,5.155355071869625,-6.806584026265534,-0.03636291061179559,-5.789134161393298e-05,0.0008364000813815832,0.0,0.0,nan,nan,nan,nan,nan,nan,1081.0,0.9777520895004272,18.847370147705078,2.7175818199807025,2.5250219688772897,1.620910882949829,1.4251413345336914,0.9777520895004272,30.0,31.0,-0.16635206018631626,-0.2290220893882044,0.1917334235340113
1776384122.3096259,5.155353617732672,-6.806584678462698,-0.03635282047237782,-5.763630477797339e-05,0.0003834580589558331,0.0,0.0,nan,nan,nan,nan,nan,nan,1081.0,0.975871205329895,18.876663208007812,2.7179921142598418,2.5251261318109184,1.6338177919387817,1.4284261465072632,0.975871205329895,30.0,31.0,-0.16635231750127738,-0.22903217952762217,0.191733522953384
1776384122.360585,5.155352478301437,-6.80658489319466,-0.036347011038121324,-4.6603176831997566e-05,0.00031546930379084813,0.0,0.0,nan,nan,nan,nan,nan,nan,1081.0,0.975871205329895,18.876663208007812,2.7179921142598418,2.5251261318109184,1.6338177919387817,1.4284261465072632,0.975871205329895,30.0,31.0,-0.16635261534153722,-0.22903798896187866,0.19173386314019486
1776384122.409681,5.155351539460686,-6.806585092602163,-0.03634180488183933,-3.9441933233201814e-05,0.0002767484838767149,0.0,0.0,nan,nan,nan,nan,nan,nan,1081.0,0.971740186214447,18.867700576782227,2.7179389150466884,2.5253473132607764,1.6079390048980713,1.424558162689209,0.971740186214447,30.0,31.0,-0.16635287827849818,-0.22904319511816065,0.1917341235482944
1776384122.4602416,5.155350774970713,-6.806585256708387,-0.03633694123865327,-0.0001962277478738842,8.423373165834869e-05,0.0,0.0,nan,nan,nan,nan,nan,nan,1081.0,0.971740186214447,18.867700576782227,2.7179389150466884,2.5253473132607764,1.6079390048980713,1.424558162689209,0.971740186214447,30.0,31.0,-0.1663531501792046,-0.2290480587613467,0.19173433406806006
1776384122.5105155,5.155348184599993,-6.806585447415097,-0.03633046097844914,-0.0001962277478738842,8.423373165834869e-05,0.0,0.0,nan,nan,nan,nan,nan,nan,1081.0,0.9819722771644592,18.848522186279297,2.7176393776663357,2.5257712614609478,1.6391034126281738,1.426078200340271,0.9819722771644592,30.0,31.0,-0.16635348329914149,-0.22905453902155085,0.19173537077754454
1776384122.5595489,5.155347252791349,-6.806585977145249,-0.03633037777939749,9.717820861487512e-06,2.0418753630853656e-05,0.0,0.0,nan,nan,nan,nan,nan,nan,1081.0,0.9819722771644592,18.848522186279297,2.7176393776663357,2.5257712614609478,1.6391034126281738,1.426078200340271,0.9819722771644592,30.0,31.0,-0.16635292800490392,-0.2290546222206025,0.19173533556203404
1776384122.609847,5.155346785431651,-6.8065855547544425,-0.0363308928646151,-0.00010004611989786282,8.418831689801068e-05,0.0,0.0,nan,nan,nan,nan,nan,nan,1081.0,0.9819722771644592,18.848522186279297,2.7176393776663357,2.5257712614609478,1.6391034126281738,1.426078200340271,0.9819722771644592,30.0,31.0,-0.16635328403441949,-0.22905410713538488,0.19173592692725908
1776384122.6601012,5.155346227261164,-6.806585386136966,-0.03633091102299232,-7.428135050273825e-06,8.552304823219671e-05,0.0,0.0,nan,nan,nan,nan,nan,nan,1081.0,0.9698970317840576,18.870616912841797,2.717625816258758,2.5254648978532543,1.6137984991073608,1.4310585260391235,0.9698970317840576,30.0,31.0,-0.1663534305350692,-0.22905408897700766,0.1917363359395333
1776384122.7094557,5.155346368519303,-6.8065857232278235,-0.036330284946677546,3.525777008390756e-05,3.258062385826035e-05,0.0,0.0,nan,nan,nan,nan,nan,nan,1081.0,0.9698970317840576,18.870616912841797,2.717625816258758,2.5254648978532543,1.6137984991073608,1.4310585260391235,0.9698970317840576,30.0,31.0,-0.16635315848637952,-0.22905471505332242,0.19173597183847485
1776384122.7645788,5.155346711745813,-6.806586034338413,-0.03632967087979861,6.304709599877631e-06,-1.8930798115175232e-06,0.0,0.0,nan,nan,nan,nan,nan,nan,1081.0,0.9698970317840576,18.870616912841797,2.717625816258758,2.5254648978532543,1.6137984991073608,1.4310585260391235,0.9698970317840576,30.0,31.0,-0.16635291859143672,-0.22905532912020138,0.1917355367380025
1776384122.812805,5.155346738082427,-6.8065861106413115,-0.0363294056479269,1.538017330140706e-06,9.269886634854773e-07,0.0,0.0,nan,nan,nan,nan,nan,nan,1081.0,0.9699840545654297,18.853561401367188,2.7178673356578487,2.5255342734510564,1.6262634992599487,1.4272568225860596,0.9699840545654297,30.0,31.0,-0.16635286858198423,-0.22905559435207307,0.191735456945109
1776384122.8595366,5.155346722712399,-6.806586211255522,-0.0363290401989255,1.0106236485569203e-06,6.903154689424078e-06,0.0,0.0,nan,nan,nan,nan,nan,nan,1081.0,0.9699840545654297,18.853561401367188,2.7178673356578487,2.5255342734510564,1.6262634992599487,1.4272568225860596,0.9699840545654297,30.0,31.0,-0.16635280231683128,-0.2290559598010745,0.1917353750441393
1776384122.9095995,5.155346705101232,-6.806586340352266,-0.03632857435885508,1.0985568987929328e-06,9.030848531705466e-06,0.0,0.0,nan,nan,nan,nan,nan,nan,1081.0,0.9731905460357666,18.88160514831543,2.7177804415144378,2.5254248023117003,1.6389102935791016,1.4335836172103882,0.9731905460357666,30.0,31.0,-0.16635271707753144,-0.2290564256411449,0.19173526897619342
1776384122.962532,5.155346687683032,-6.8065864685304005,-0.036328107357537526,1.0633840351284937e-06,7.97121147997655e-06,0.0,0.0,nan,nan,nan,nan,nan,nan,1081.0,0.9731905460357666,18.88160514831543,2.7177804415144378,2.5254248023117003,1.6389102935791016,1.4335836172103882,0.9731905460357666,30.0,31.0,-0.16635263287392923,-0.22905689264246246,0.19173516363153656
1776384123.0094123,5.155346670765089,-6.806586590854012,-0.0363276616470399,1.0650070931284345e-06,8.869246232755122e-06,0.0,0.0,nan,nan,nan,nan,nan,nan,1081.0,0.9731905460357666,18.88160514831543,2.7177804415144378,2.5254248023117003,1.6389102935791016,1.4335836172103882,0.9731905460357666,30.0,31.0,-0.16635255250932718,-0.22905733835296008,0.19173506323595252
1776384123.0626326,5.1553466538302795,-6.806586712203424,-0.03632721881187601,1.0257299611204135e-06,5.4740908308210695e-06,0.0,0.0,nan,nan,nan,nan,nan,nan,1081.0,0.9783408641815186,18.8614444732666,2.7179621553443076,2.5255206891786686,1.6264572143554688,1.42816960811615,0.9783408641815186,30.0,31.0,-0.16635247284352242,-0.22905778118812398,0.1917349637105127
1776384123.1094792,5.155346638075293,-6.806586826322545,-0.036326805525836885,1.0551106114823763e-06,8.428827871697346e-06,0.0,0.0,nan,nan,nan,nan,nan,nan,1081.0,0.9783408641815186,18.8614444732666,2.7179621553443076,2.5255206891786686,1.6264572143554688,1.42816960811615,0.9783408641815186,30.0,31.0,-0.1663523976289415,-0.2290581944741631,0.19173487003557046
1776384123.162873,5.155346638075293,-6.806586826322545,-0.036326805525836885,1.0551106114823763e-06,8.428827871697346e-06,0.0,0.0,nan,nan,nan,nan,nan,nan,1081.0,0.9783408641815186,18.8614444732666,2.7179621553443076,2.5255206891786686,1.6264572143554688,1.42816960811615,0.9783408641815186,30.0,31.0,-0.1663523976289415,-0.2290581944741631,0.19173487003557046
1776384123.2147713,5.155346621854117,-6.806586938997569,-0.0363263951777547,9.576450628005723e-07,4.354426662986847e-06,0.0,0.0,nan,nan,nan,nan,nan,nan,1081.0,0.9709886312484741,18.861745834350586,2.7177417440396785,2.525710099522657,1.622022271156311,1.4252797365188599,0.9709886312484741,30.0,31.0,-0.16635232356045931,-0.22905860482224527,0.1917347778557887
1776384123.2641425,5.155346598081892,-6.806587020899196,-0.036326085346541394,1.9549862843991736e-07,-5.574443560249881e-06,0.0,0.0,nan,nan,nan,nan,nan,nan,1081.0,0.9709886312484741,18.861745834350586,2.7177417440396785,2.525710099522657,1.622022271156311,1.4252797365188599,0.9709886312484741,30.0,31.0,-0.16635227038785017,-0.2290589146534586,0.19173471642787887
1776384123.3135254,5.155346598081892,-6.806587020899196,-0.036326085346541394,1.9549862843991736e-07,-5.574443560249881e-06,0.0,0.0,nan,nan,nan,nan,nan,nan,1081.0,0.9709886312484741,18.861745834350586,2.7177417440396785,2.525710099522657,1.622022271156311,1.4252797365188599,0.9709886312484741,30.0,31.0,-0.16635227038785017,-0.2290589146534586,0.19173471642787887
1776384123.3595712,5.155346248117491,-6.806588720139197,-0.0363193492885541,-1.2132141380079204e-05,7.655879178038348e-05,0.0,0.0,nan,nan,nan,nan,nan,nan,1081.0,0.9820964932441711,18.874103546142578,2.718426685880225,2.525243247784011,1.6211575269699097,1.4254833459854126,0.9820964932441711,30.0,31.0,-0.1663512017518518,-0.22906565071144588,0.1917333753002839
1776384123.4109852,5.155346248117491,-6.806588720139197,-0.0363193492885541,-1.2132141380079204e-05,7.655879178038348e-05,0.0,0.0,nan,nan,nan,nan,nan,nan,1081.0,0.9820964932441711,18.874103546142578,2.718426685880225,2.525243247784011,1.6211575269699097,1.4254833459854126,0.9820964932441711,30.0,31.0,-0.1663512017518518,-0.22906565071144588,0.1917333753002839
1776384123.4616487,5.155346038366954,-6.806588879430248,-0.03631837506770394,-5.64284299757688e-06,2.7558937446809604e-05,0.0,0.0,nan,nan,nan,nan,nan,nan,1081.0,0.9820964932441711,18.874103546142578,2.718426685880225,2.525243247784011,1.6211575269699097,1.4254833459854126,0.9820964932441711,30.0,31.0,-0.16635112782802036,-0.22906662493229604,0.19173333192983513
1776384123.5116134,5.155345983441404,-6.806588997181701,-0.036317826751917796,-2.619124822968287e-06,1.880227747676924e-05,0.0,0.0,nan,nan,nan,nan,nan,nan,1081.0,0.9820964932441711,18.874103546142578,2.718426685880225,2.525243247784011,1.6211575269699097,1.4254833459854126,0.9820964932441711,30.0,31.0,-0.166351060434143,-0.22906717324808218,0.19173325327051136
1776384123.5597005,5.155345983441404,-6.806588997181701,-0.036317826751917796,-2.619124822968287e-06,1.880227747676924e-05,0.0,0.0,nan,nan,nan,nan,nan,nan,1081.0,0.979680061340332,18.865617752075195,2.718025497823375,2.5256483295983085,1.6179108619689941,1.4235398769378662,0.979680061340332,30.0,31.0,-0.166351060434143,-0.22906717324808218,0.19173325327051136
1776384123.6094782,5.155345890908904,-6.806589102469975,-0.036317371906340684,-1.2850189663550673e-06,1.6508022834476672e-05,0.0,0.0,nan,nan,nan,nan,nan,nan,1081.0,0.979680061340332,18.865617752075195,2.718025497823375,2.5256483295983085,1.6179108619689941,1.4235398769378662,0.979680061340332,30.0,31.0,-0.1663509952186676,-0.2290676280936593,0.19173320314475922
1776384123.6597965,5.155345788472854,-6.806589203671036,-0.03631694222170082,-6.930629610469033e-07,1.5735549232295716e-05,0.0,0.0,nan,nan,nan,nan,nan,nan,1081.0,0.979680061340332,18.865617752075195,2.718025497823375,2.5256483295983085,1.6179108619689941,1.4235398769378662,0.979680061340332,30.0,31.0,-0.16635093132942366,-0.22906805777829917,0.19173316124582657
1776384123.710997,5.155345788472854,-6.806589203671036,-0.03631694222170082,-6.930629610469033e-07,1.5735549232295716e-05,0.0,0.0,nan,nan,nan,nan,nan,nan,1081.0,0.979680061340332,18.865617752075195,2.718025497823375,2.5256483295983085,1.6179108619689941,1.4235398769378662,0.979680061340332,30.0,31.0,-0.16635093132942366,-0.22906805777829917,0.19173316124582657
1776384123.759587,5.155345745453436,-6.8065893004341635,-0.0363165497031086,4.931838713122613e-07,1.0034878623492888e-05,0.0,0.0,nan,nan,nan,nan,nan,nan,1081.0,0.9773038029670715,18.846994400024414,2.7178290517213277,2.52582484221835,1.6145914793014526,1.4302964210510254,0.9773038029670715,30.0,31.0,-0.16635087048930658,-0.22906845029689138,0.1917330956222851
1776384123.8146296,5.155345723898714,-6.8065893869341405,-0.03631622228957701,2.1157136995582662e-07,1.2087615810832501e-05,0.0,0.0,nan,nan,nan,nan,nan,nan,1081.0,0.9773038029670715,18.846994400024414,2.7178290517213277,2.52582484221835,1.6145914793014526,1.4302964210510254,0.9773038029670715,30.0,31.0,-0.16635081447806355,-0.22906877771042297,0.19173302909292686
1776384123.8641438,5.155345692023085,-6.806589471356304,-0.036315882967596115,8.914889200436278e-09,1.1604048458512803e-05,0.0,0.0,nan,nan,nan,nan,nan,nan,1081.0,0.9837930798530579,18.86152458190918,2.71781861815157,2.5261783817243573,1.6224110126495361,1.4324631690979004,0.9837930798530579,30.0,31.0,-0.1663507613038317,-0.22906911703240387,0.19173296920604824
1776384123.9096344,5.155345658560826,-6.806589550864891,-0.03631555971780175,-3.8963212301214946e-08,1.083815395706184e-05,0.0,0.0,nan,nan,nan,nan,nan,nan,1081.0,0.9837930798530579,18.86152458190918,2.71781861815157,2.5261783817243573,1.6224110126495361,1.4324631690979004,0.9837930798530579,30.0,31.0,-0.1663507114500723,-0.22906944028219822,0.19173291440661497
1776384123.9605517,5.155345625593082,-6.806589625991612,-0.03631525326728054,1.1437254858488682e-08,1.0100289880362818e-05,0.0,0.0,nan,nan,nan,nan,nan,nan,1081.0,0.9837930798530579,18.86152458190918,2.71781861815157,2.5261783817243573,1.6224110126495361,1.4324631690979004,0.9837930798530579,30.0,31.0,-0.16635066439167212,-0.22906974673271946,0.19173286325543662
1776384124.0094225,5.155345594228887,-6.8065896964752275,-0.036314965819145055,7.64878135765267e-08,9.288824698025429e-06,0.0,0.0,nan,nan,nan,nan,nan,nan,1081.0,0.9742530584335327,18.85569953918457,2.718135644835967,2.526056584154741,1.619874358177185,1.4266725778579712,0.9742530584335327,30.0,31.0,-0.16635062021992852,-0.22907003418085492,0.19173281546758256
1776384124.059423,5.155345565002713,-6.806589762881726,-0.036314695822361055,1.8430772224111368e-07,8.49629861045945e-06,0.0,0.0,nan,nan,nan,nan,nan,nan,1081.0,0.9742530584335327,18.85569953918457,2.718135644835967,2.526056584154741,1.619874358177185,1.4266725778579712,0.9742530584335327,30.0,31.0,-0.16635057853650054,-0.22907030417763893,0.1917327702933489
1776384124.1099968,5.155345538187101,-6.806589825115929,-0.03631444433755805,2.8700782898292105e-07,7.762944040139203e-06,0.0,0.0,nan,nan,nan,nan,nan,nan,1081.0,0.9762874841690063,18.86264419555664,2.7176482535202564,2.52573436411574,1.6237032413482666,1.4228312969207764,0.9762874841690063,30.0,31.0,-0.166350539345281,-0.22907055566244194,0.1917327276901309
1776384124.1595137,5.15534551404835,-6.806589883716192,-0.036314209221545546,4.0826804573786987e-07,7.011782100048943e-06,0.0,0.0,nan,nan,nan,nan,nan,nan,1081.0,0.9762874841690063,18.86264419555664,2.7176482535202564,2.52573436411574,1.6237032413482666,1.4228312969207764,0.9762874841690063,30.0,31.0,-0.16635050232226192,-0.22907079077845444,0.19173268705749286
1776384124.209428,5.1553454924173625,-6.806589938343047,-0.03631399199479736,5.205478448114316e-07,6.155489402550294e-06,0.0,0.0,nan,nan,nan,nan,nan,nan,1081.0,0.9793011546134949,18.853721618652344,2.71771381438385,2.5259157043695657,1.6334420442581177,1.414036750793457,0.9793011546134949,30.0,31.0,-0.16635046765558986,-0.22907100800520264,0.19173264877459184
1776384124.2635043,5.155345473776473,-6.806589987445442,-0.0363137970498615,6.220032344075818e-07,7.381154913811455e-06,0.0,0.0,nan,nan,nan,nan,nan,nan,1081.0,0.9793011546134949,18.853721618652344,2.71771381438385,2.5259157043695657,1.6334420442581177,1.414036750793457,0.9793011546134949,30.0,31.0,-0.16635043649403836,-0.2290712029501385,0.19173261398977576
1776384124.3117769,5.155345462883983,-6.806590012682496,-0.03631370669998655,1.0474653863997656e-06,1.1142518962938184e-05,0.0,0.0,nan,nan,nan,nan,nan,nan,1081.0,0.9793011546134949,18.853721618652344,2.71771381438385,2.5259157043695657,1.6334420442581177,1.414036750793457,0.9793011546134949,30.0,31.0,-0.16635041949174542,-0.22907129330001344,0.19173259672196025
1776384124.359885,5.155345456020381,-6.8065900189360296,-0.0363136944106258,1.0446368802771327e-06,1.3695297919197992e-05,0.0,0.0,nan,nan,nan,nan,nan,nan,1081.0,0.9796383380889893,18.8720760345459,2.718095624755644,2.525783495730103,1.631742238998413,1.4248143434524536,0.9796383380889893,30.0,31.0,-0.16635041416476332,-0.2290713055893742,0.19173259438133813
1776384124.4094396,5.155345449077875,-6.806590016353056,-0.0363137155044926,1.0075226130505461e-06,1.5297930819132363e-05,0.0,0.0,nan,nan,nan,nan,nan,nan,1081.0,0.9796383380889893,18.8720760345459,2.718095624755644,2.525783495730103,1.631742238998413,1.4248143434524536,0.9796383380889893,30.0,31.0,-0.16635041448297935,-0.2290712844955074,0.19173259989860666
1776384124.4636867,5.15534544160922,-6.806590011831615,-0.036313742179547526,1.0319129041755978e-06,1.6808601170542887e-05,0.0,0.0,nan,nan,nan,nan,nan,nan,1081.0,0.9796383380889893,18.8720760345459,2.718095624755644,2.525783495730103,1.631742238998413,1.4248143434524536,0.9796383380889893,30.0,31.0,-0.16635041618719448,-0.22907125782045246,0.19173260737648015
1776384124.5165553,5.155345434349465,-6.806590014423851,-0.0363137372653049,1.025723821777689e-06,1.4595558299392548e-05,0.0,0.0,nan,nan,nan,nan,nan,nan,1081.0,0.9699344635009766,18.865354537963867,2.718330911416681,2.525617946671298,1.619746208190918,1.430679202079773,0.9699344635009766,30.0,31.0,-0.16635041380159965,-0.22907126273469508,0.19173260846083431
1776384124.5598242,5.155345428465163,-6.806590019769853,-0.036313718303371184,1.1228098372393826e-06,1.2795037264035809e-05,0.0,0.0,nan,nan,nan,nan,nan,nan,1081.0,0.9699344635009766,18.865354537963867,2.718330911416681,2.525617946671298,1.619746208190918,1.430679202079773,0.9699344635009766,30.0,31.0,-0.1663504100532412,-0.2290712816966288,0.19173260646769472
1776384124.6106482,5.155345424590202,-6.806590023522018,-0.03631370334942655,1.2913900888229618e-06,1.187758364057786e-05,0.0,0.0,nan,nan,nan,nan,nan,nan,1081.0,0.9699344635009766,18.865354537963867,2.718330911416681,2.525617946671298,1.619746208190918,1.430679202079773,0.9699344635009766,30.0,31.0,-0.16635040758851455,-0.22907129665057344,0.19173260495009622
1776384124.6646388,5.1553454230110916,-6.806590024346682,-0.036313698710919974,1.376352992321895e-06,1.1277161142151891e-05,0.0,0.0,nan,nan,nan,nan,nan,nan,1081.0,0.9713426828384399,18.878915786743164,2.717519651839956,2.5257804925401723,1.6108955144882202,1.4286041259765625,0.9713426828384399,30.0,31.0,-0.1663504071492798,-0.22907130128908001,0.1917326049551165
1776384124.7153163,5.155345422688093,-6.806590024144814,-0.036313698981023185,1.4123728116348056e-06,1.108860379079251e-05,0.0,0.0,nan,nan,nan,nan,nan,nan,1081.0,0.9713426828384399,18.878915786743164,2.717519651839956,2.5257804925401723,1.6108955144882202,1.4286041259765625,0.9713426828384399,30.0,31.0,-0.1663504073135373,-0.2290713010189768,0.19173260528411473
1776384124.7601175,5.155345422899694,-6.806590023935245,-0.03631369989041073,1.422898702489886e-06,1.0943292591679941e-05,0.0,0.0,nan,nan,nan,nan,nan,nan,1081.0,0.9773895144462585,18.882781982421875,2.718071791554468,2.525547759176388,1.6212493181228638,1.4242527484893799,0.9773895144462585,30.0,31.0,-0.16635040744395346,-0.22907130010958926,0.19173260537112324
1776384124.810509,5.155345423341044,-6.8065900237423635,-0.036313700951784246,1.4234348011617424e-06,1.0809054839392526e-05,0.0,0.0,nan,nan,nan,nan,nan,nan,1081.0,0.9773895144462585,18.882781982421875,2.718071791554468,2.525547759176388,1.6212493181228638,1.4242527484893799,0.9773895144462585,30.0,31.0,-0.1663504075515441,-0.22907129904821574,0.19173260533643519
1776384124.863485,5.155345423341044,-6.8065900237423635,-0.036313700951784246,1.4234348011617424e-06,1.0809054839392526e-05,0.0,0.0,nan,nan,nan,nan,nan,nan,1081.0,0.9773895144462585,18.882781982421875,2.718071791554468,2.525547759176388,1.6212493181228638,1.4242527484893799,0.9773895144462585,30.0,31.0,-0.1663504075515441,-0.22907129904821574,0.19173260533643519
1776384124.9096584,5.155345423881327,-6.806590023559657,-0.03631370205854656,1.4197016412218973e-06,1.067808162994304e-05,0.0,0.0,nan,nan,nan,nan,nan,nan,1081.0,0.9774799346923828,18.870561599731445,2.7179734662767916,2.5260753342929108,1.6318615674972534,1.4193861484527588,0.9774799346923828,30.0,31.0,-0.1663504076482311,-0.22907129794145342,0.1917326052466967
1776384124.9646685,5.155345424464477,-6.806590023382015,-0.036313703180747905,1.4141338701815871e-06,1.0548304282309235e-05,0.0,0.0,nan,nan,nan,nan,nan,nan,1081.0,0.9774799346923828,18.870561599731445,2.7179734662767916,2.5260753342929108,1.6318615674972534,1.4193861484527588,0.9774799346923828,30.0,31.0,-0.16635040773994153,-0.2290712968192521,0.19173260513252507
1776384125.0138078,5.155345425065791,-6.806590023214511,-0.03631370428650479,1.4105969591727242e-06,1.0427823433304425e-05,0.0,0.0,nan,nan,nan,nan,nan,nan,1081.0,0.9774799346923828,18.870561599731445,2.7179734662767916,2.5260753342929108,1.6318615674972534,1.4193861484527588,0.9774799346923828,30.0,31.0,-0.16635040782374813,-0.2290712957134952,0.1917326050009274
1776384125.059465,5.155345425668143,-6.806590023056533,-0.03631370536416292,1.4078128166804275e-06,1.0304360642923321e-05,0.0,0.0,nan,nan,nan,nan,nan,nan,1081.0,0.975006103515625,18.87267303466797,2.7183177529056244,2.525583464624584,1.6282234191894531,1.427367091178894,0.975006103515625,30.0,31.0,-0.1663504079007518,-0.22907129463583706,0.1917326048604153
1776384125.1108966,5.155345426262152,-6.806590022890868,-0.036313706478938744,1.4062522138763316e-06,1.0208741182457256e-05,0.0,0.0,nan,nan,nan,nan,nan,nan,1081.0,0.975006103515625,18.87267303466797,2.7183177529056244,2.525583464624584,1.6282234191894531,1.427367091178894,0.975006103515625,30.0,31.0,-0.1663504079815952,-0.22907129352106123,0.19173260473058903
1776384125.1656334,5.155345426827579,-6.806590022710382,-0.0363137076646857,1.4079481852207276e-06,1.0153623665393659e-05,0.0,0.0,nan,nan,nan,nan,nan,nan,1081.0,0.975006103515625,18.87267303466797,2.7183177529056244,2.525583464624584,1.6282234191894531,1.427367091178894,0.975006103515625,30.0,31.0,-0.16635040806944604,-0.22907129233531429,0.19173260462718328
1776384125.2099626,5.155345426827579,-6.806590022710382,-0.0363137076646857,1.4079481852207276e-06,1.0153623665393659e-05,0.0,0.0,nan,nan,nan,nan,nan,nan,1081.0,0.9799356460571289,18.86705780029297,2.7178945058369175,2.525442327839859,1.6296170949935913,1.4213732481002808,0.9799356460571289,30.0,31.0,-0.16635040806944604,-0.22907129233531429,0.19173260462718328
1776384125.2594714,5.155345427381539,-6.806590022527478,-0.03631370885486318,1.4101575381889984e-06,1.0099145703483237e-05,0.0,0.0,nan,nan,nan,nan,nan,nan,1081.0,0.9799356460571289,18.86705780029297,2.7178945058369175,2.525442327839859,1.6296170949935913,1.4213732481002808,0.9799356460571289,30.0,31.0,-0.16635040815887508,-0.2290712911451368,0.19173260453125512
1776384125.3097818,5.155345427381539,-6.806590022527478,-0.03631370885486318,1.4101575381889984e-06,1.0099145703483237e-05,0.0,0.0,nan,nan,nan,nan,nan,nan,1081.0,0.9799356460571289,18.86705780029297,2.7178945058369175,2.525442327839859,1.6296170949935913,1.4213732481002808,0.9799356460571289,30.0,31.0,-0.16635040815887508,-0.2290712911451368,0.19173260453125512
1776384125.3599067,5.155345427930436,-6.806590022343818,-0.03631371004479744,1.4125828350788434e-06,1.0044784501904364e-05,0.0,0.0,nan,nan,nan,nan,nan,nan,1081.0,0.9799356460571289,18.86705780029297,2.7178945058369175,2.525442327839859,1.6296170949935913,1.4213732481002808,0.9799356460571289,30.0,31.0,-0.16635040824889796,-0.22907128995520254,0.19173260443835136
1776384125.4106095,5.155345428477091,-6.806590022159936,-0.03631371123407577,1.415103837191196e-06,9.99047703528218e-06,0.0,0.0,nan,nan,nan,nan,nan,nan,1081.0,0.9782030582427979,18.875455856323242,2.717598591713195,2.5252939973547126,1.6205047369003296,1.4253431558609009,0.9782030582427979,30.0,31.0,-0.1663504083391248,-0.2290712887659242,0.1917326043466882
1776384125.4596786,5.155345429022709,-6.806590021975853,-0.0363137124231913,1.417658034256984e-06,9.936151821300243e-06,0.0,0.0,nan,nan,nan,nan,nan,nan,1081.0,0.9782030582427979,18.875455856323242,2.717598591713195,2.5252939973547126,1.6205047369003296,1.4253431558609009,0.9782030582427979,30.0,31.0,-0.16635040842953006,-0.22907128757680867,0.1917326042556851
1776384125.5167804,5.155345429567692,-6.80659002179147,-0.03631371361282182,1.4202328916595273e-06,9.88191386671626e-06,0.0,0.0,nan,nan,nan,nan,nan,nan,1081.0,0.9782030582427979,18.875455856323242,2.717598591713195,2.5252939973547126,1.6205047369003296,1.4253431558609009,0.9782030582427979,30.0,31.0,-0.1663504085201632,-0.22907128638717816,0.1917326041652437
1776384125.5594602,5.155345430115564,-6.8065900216080335,-0.03631371479790589,1.425697997133377e-06,9.836874496856875e-06,0.0,0.0,nan,nan,nan,nan,nan,nan,1081.0,0.9756812453269958,18.851728439331055,2.7175365852383306,2.525680747560317,1.62290358543396,1.4241067171096802,0.9756812453269958,30.0,31.0,-0.1663504086103885,-0.22907128520209408,0.19173260407261966
1776384125.6115375,5.1553454306822175,-6.806590021430032,-0.036313715967651025,1.4336948686641002e-06,9.80401779453484e-06,0.0,0.0,nan,nan,nan,nan,nan,nan,1081.0,0.9756812453269958,18.851728439331055,2.7175365852383306,2.525680747560317,1.62290358543396,1.4241067171096802,0.9756812453269958,30.0,31.0,-0.1663504086973268,-0.22907128403234894,0.1917326039664443
1776384125.6594765,5.1553454306822175,-6.806590021430032,-0.036313715967651025,1.4336948686641002e-06,9.80401779453484e-06,0.0,0.0,nan,nan,nan,nan,nan,nan,1081.0,0.9756812453269958,18.851728439331055,2.7175365852383306,2.525680747560317,1.62290358543396,1.4241067171096802,0.9756812453269958,30.0,31.0,-0.1663504086973268,-0.22907128403234894,0.1917326039664443
1776384125.7095246,5.15534543125129,-6.806590021255475,-0.036313717136354104,1.4391783176694075e-06,9.776635552519744e-06,0.0,0.0,nan,nan,nan,nan,nan,nan,1081.0,0.9735921025276184,18.84386444091797,2.7183536376587005,2.5256247441781428,1.6349421739578247,1.4316784143447876,0.9735921025276184,30.0,31.0,-0.16635040878101023,-0.22907128286364586,0.19173260385609434
1776384125.759581,5.155345431822136,-6.806590021104023,-0.03631371822092285,1.4450214318581958e-06,9.734353342876783e-06,0.0,0.0,nan,nan,nan,nan,nan,nan,1081.0,0.9735921025276184,18.84386444091797,2.7183536376587005,2.5256247441781428,1.6349421739578247,1.4316784143447876,0.9735921025276184,30.0,31.0,-0.16635040884968832,-0.22907128177907712,0.19173260372446826
1776384125.8104873,5.1553454324068495,-6.806590020978564,-0.036313719190566106,1.449816688032931e-06,9.669975283080577e-06,0.0,0.0,nan,nan,nan,nan,nan,nan,1081.0,0.9735921025276184,18.84386444091797,2.7183536376587005,2.5256247441781428,1.6349421739578247,1.4316784143447876,0.9735921025276184,30.0,31.0,-0.16635040890385192,-0.22907128080943387,0.19173260356338284
1776384125.8595834,5.155345433004159,-6.806590020859109,-0.03631372013444441,1.4537431483664387e-06,9.601338200313671e-06,0.0,0.0,nan,nan,nan,nan,nan,nan,1081.0,0.9817821383476257,18.877288818359375,2.717536503798867,2.5256634680561953,1.614750862121582,1.4232020378112793,0.9817821383476257,30.0,31.0,-0.16635040895492811,-0.2290712798655556,0.19173260339112008
1776384125.9093082,5.155345433606556,-6.806590020740895,-0.03631372107586515,1.457444963762009e-06,9.532523242635058e-06,0.0,0.0,nan,nan,nan,nan,nan,nan,1081.0,0.9817821383476257,18.877288818359375,2.717536503798867,2.5256634680561953,1.614750862121582,1.4232020378112793,0.9817821383476257,30.0,31.0,-0.16635040900518333,-0.22907127892413484,0.19173260321539176
1776384125.9645169,5.155345434211215,-6.806590020623146,-0.03631372201698199,1.461044017610951e-06,9.463748742642495e-06,0.0,0.0,nan,nan,nan,nan,nan,nan,1081.0,0.9817821383476257,18.877288818359375,2.717536503798867,2.5256634680561953,1.614750862121582,1.4232020378112793,0.9817821383476257,30.0,31.0,-0.16635040905508544,-0.229071277983018,0.19173260303819908
1776384126.009438,5.155345434834192,-6.8065900205154835,-0.036313722910375414,1.4625062874498251e-06,9.385601092425521e-06,0.0,0.0,nan,nan,nan,nan,nan,nan,1081.0,0.9790017008781433,18.87161636352539,2.7183198442512038,2.52553748621337,1.6301193237304688,1.4232624769210815,0.9790017008781433,30.0,31.0,-0.166350409100122,-0.22907127708962458,0.19173260284355315
1776384126.0615861,5.155345434834192,-6.8065900205154835,-0.036313722910375414,1.4625062874498251e-06,9.385601092425521e-06,0.0,0.0,nan,nan,nan,nan,nan,nan,1081.0,0.9790017008781433,18.87161636352539,2.7183198442512038,2.52553748621337,1.6301193237304688,1.4232624769210815,0.9790017008781433,30.0,31.0,-0.166350409100122,-0.22907127708962458,0.19173260284355315
1776384126.1100574,5.155345435482628,-6.806590020417516,-0.0363137237680464,1.4618129139823578e-06,9.30004704447768e-06,0.0,0.0,nan,nan,nan,nan,nan,nan,1081.0,0.9790017008781433,18.87161636352539,2.7183198442512038,2.52553748621337,1.6301193237304688,1.4232624769210815,0.9790017008781433,30.0,31.0,-0.1663504091398004,-0.22907127623195359,0.19173260262847805
1776384126.1631796,5.15534543614078,-6.806590020321414,-0.036313724624173364,1.460694652677344e-06,9.214354892439262e-06,0.0,0.0,nan,nan,nan,nan,nan,nan,1081.0,0.9778118133544922,18.86314582824707,2.7179924711157724,2.5250704808417415,1.6342750787734985,1.4230021238327026,0.9778118133544922,30.0,31.0,-0.1663504091781139,-0.2290712753758266,0.19173260240722947
1776384126.209554,5.155345436791915,-6.806590020231371,-0.036313725471221636,1.4549594174141679e-06,9.137267601391244e-06,0.0,0.0,nan,nan,nan,nan,nan,nan,1081.0,0.9778118133544922,18.86314582824707,2.7179924711157724,2.5250704808417415,1.6342750787734985,1.4230021238327026,0.9778118133544922,30.0,31.0,-0.166350409210983,-0.22907127452877835,0.19173260218388355
1776384126.2616565,5.155345436791915,-6.806590020231371,-0.036313725471221636,1.4549594174141679e-06,9.137267601391244e-06,0.0,0.0,nan,nan,nan,nan,nan,nan,1081.0,0.9778118133544922,18.86314582824707,2.7179924711157724,2.5250704808417415,1.6342750787734985,1.4230021238327026,0.9778118133544922,30.0,31.0,-0.166350409210983,-0.22907127452877835,0.19173260218388355
1776384126.310916,5.155345437416778,-6.806590020146775,-0.03631372629409025,1.4498011883901425e-06,9.049997396842156e-06,0.0,0.0,nan,nan,nan,nan,nan,nan,1081.0,0.9791190028190613,18.856748580932617,2.717440764513642,2.52532032101288,1.6333247423171997,1.4259071350097656,0.9791190028190613,30.0,31.0,-0.16635040923976077,-0.22907127370590974,0.19173260196794442
1776384126.3595011,5.1553454380311905,-6.806590020061326,-0.03631372711150632,1.445124248924826e-06,8.96244497594974e-06,0.0,0.0,nan,nan,nan,nan,nan,nan,1081.0,0.9791190028190613,18.856748580932617,2.717440764513642,2.52532032101288,1.6333247423171997,1.4259071350097656,0.9791190028190613,30.0,31.0,-0.166350409269531,-0.22907127288849366,0.1917326017576236
1776384126.4100842,5.1553454380311905,-6.806590020061326,-0.03631372711150632,1.445124248924826e-06,8.96244497594974e-06,0.0,0.0,nan,nan,nan,nan,nan,nan,1081.0,0.9791190028190613,18.856748580932617,2.717440764513642,2.52532032101288,1.6333247423171997,1.4259071350097656,0.9791190028190613,30.0,31.0,-0.166350409269531,-0.22907127288849366,0.1917326017576236
1776384126.4632246,5.15534543864171,-6.806590019975661,-0.03631372792579992,1.441434324178542e-06,8.87849973551446e-06,0.0,0.0,nan,nan,nan,nan,nan,nan,1081.0,0.9791190028190613,18.856748580932617,2.717440764513642,2.52532032101288,1.6333247423171997,1.4259071350097656,0.9791190028190613,30.0,31.0,-0.16635040929967332,-0.22907127207420006,0.1917326015493056
1776384126.510409,5.155345439256715,-6.806590019891995,-0.03631372873157076,1.4391903850206779e-06,8.801494030403652e-06,0.0,0.0,nan,nan,nan,nan,nan,nan,1081.0,0.9711394309997559,18.86757469177246,2.717839887525945,2.5258961640038913,1.6307827234268188,1.425559639930725,0.9711394309997559,30.0,31.0,-0.1663504093287939,-0.22907127126842922,0.19173260133713133
1776384126.5700817,5.1553454398738525,-6.806590019808258,-0.03631372953784852,1.4368007001741686e-06,8.72429276978384e-06,0.0,0.0,nan,nan,nan,nan,nan,nan,1081.0,0.9711394309997559,18.86757469177246,2.717839887525945,2.5258961640038913,1.6307827234268188,1.425559639930725,0.9711394309997559,30.0,31.0,-0.1663504093580137,-0.22907127046215148,0.19173260112402665
1776384126.6095612,5.155345440491711,-6.806590019724513,-0.03631373034470225,1.4343858377828147e-06,8.647264212369531e-06,0.0,0.0,nan,nan,nan,nan,nan,nan,1081.0,0.9711394309997559,18.86757469177246,2.717839887525945,2.5258961640038913,1.6307827234268188,1.425559639930725,0.9711394309997559,30.0,31.0,-0.16635040938721365,-0.22907126965529773,0.1917326009105942
1776384126.6602607,5.155345441109869,-6.806590019640857,-0.03631373115152117,1.4319625098305949e-06,8.570333733644192e-06,0.0,0.0,nan,nan,nan,nan,nan,nan,1081.0,0.9808980822563171,18.869054794311523,2.7172923792191503,2.5259361339596906,1.6223068237304688,1.4237853288650513,0.9808980822563171,30.0,31.0,-0.16635040941633814,-0.2290712688484788,0.1917326006969431
1776384126.7152965,5.155345441726103,-6.806590019554684,-0.03631373196920326,1.4297302249016096e-06,8.495258043075522e-06,0.0,0.0,nan,nan,nan,nan,nan,nan,1081.0,0.9808980822563171,18.869054794311523,2.7172923792191503,2.5259361339596906,1.6223068237304688,1.4237853288650513,0.9808980822563171,30.0,31.0,-0.16635040944687254,-0.22907126803079672,0.19173260048641513
1776384126.761511,5.1553454423133624,-6.806590019445042,-0.03631373288417192,1.4309526306274306e-06,8.444422211083321e-06,0.0,0.0,nan,nan,nan,nan,nan,nan,1081.0,0.9717520475387573,18.86722183227539,2.717735107578027,2.525570914862611,1.625567078590393,1.4303539991378784,0.9717520475387573,30.0,31.0,-0.1663504094905339,-0.22907126711582806,0.19173260031014497
1776384126.813303,5.155345442885427,-6.80659001933143,-0.03631373381061893,1.4329887409875042e-06,8.395570406976469e-06,0.0,0.0,nan,nan,nan,nan,nan,nan,1081.0,0.9717520475387573,18.86722183227539,2.717735107578027,2.525570914862611,1.625567078590393,1.4303539991378784,0.9717520475387573,30.0,31.0,-0.1663504095365168,-0.22907126618938106,0.19173260014446053
1776384126.8605094,5.155345443451182,-6.806590019224977,-0.036313734708899335,1.4354807765839286e-06,8.342362771605174e-06,0.0,0.0,nan,nan,nan,nan,nan,nan,1081.0,0.9783298969268799,18.857433319091797,2.7179058097668207,2.5253867798928264,1.6210211515426636,1.426714539527893,0.9783298969268799,30.0,31.0,-0.16635040957780106,-0.22907126529110064,0.1917325999753753
1776384126.910315,5.155345444015729,-6.806590019145877,-0.03631373550044599,1.4363292809258843e-06,8.272019153910947e-06,0.0,0.0,nan,nan,nan,nan,nan,nan,1081.0,0.9783298969268799,18.857433319091797,2.7179058097668207,2.5253867798928264,1.6210211515426636,1.426714539527893,0.9783298969268799,30.0,31.0,-0.16635040960188271,-0.229071264499554,0.1917325997826432
1776384126.9602888,5.155345444576498,-6.806590019069718,-0.03631373627526802,1.4365680494516365e-06,8.20201347127049e-06,0.0,0.0,nan,nan,nan,nan,nan,nan,1081.0,0.9783298969268799,18.857433319091797,2.7179058097668207,2.5253867798928264,1.6210211515426636,1.426714539527893,0.9783298969268799,30.0,31.0,-0.16635040962448192,-0.22907126372473197,0.19173259958906547
1776384127.0102694,5.1553454451483125,-6.806590019000963,-0.03631373701087603,1.4356314104175583e-06,8.12373351776583e-06,0.0,0.0,nan,nan,nan,nan,nan,nan,1081.0,0.9838778972625732,18.862369537353516,2.7177748589687716,2.5256099830021466,1.6271641254425049,1.4152123928070068,0.9838778972625732,30.0,31.0,-0.16635040964382167,-0.22907126298912395,0.19173259938379403
1776384127.060194,5.155345445726016,-6.80659001891929,-0.036313737793999955,1.4341372400465503e-06,8.05391623743645e-06,0.0,0.0,nan,nan,nan,nan,nan,nan,1081.0,0.9838778972625732,18.862369537353516,2.7177748589687716,2.5256099830021466,1.6271641254425049,1.4152123928070068,0.9838778972625732,30.0,31.0,-0.16635040967175532,-0.22907126220600002,0.1917325991872162
1776384127.1102378,5.155345446306105,-6.806590018835252,-0.03631373858847412,1.4340941043835602e-06,7.990354904260578e-06,0.0,0.0,nan,nan,nan,nan,nan,nan,1081.0,0.9719551801681519,18.865968704223633,2.7179078121189715,2.5256230086615394,1.6303622722625732,1.4250580072402954,0.9719551801681519,30.0,31.0,-0.16635040970105625,-0.22907126141152587,0.1917325989916207
1776384127.1625054,5.155345446902835,-6.806590018754067,-0.03631373937393225,1.4378472214874642e-06,7.939489097412354e-06,0.0,0.0,nan,nan,nan,nan,nan,nan,1081.0,0.9719551801681519,18.865968704223633,2.7179078121189715,2.5256230086615394,1.6303622722625732,1.4250580072402954,0.9719551801681519,30.0,31.0,-0.1663504097289709,-0.22907126062606772,0.19173259878575574
1776384127.210156,5.155345447506959,-6.806590018671477,-0.03631374016711636,1.441168786967057e-06,7.889379563470876e-06,0.0,0.0,nan,nan,nan,nan,nan,nan,1081.0,0.9719551801681519,18.865968704223633,2.7179078121189715,2.5256230086615394,1.6303622722625732,1.4250580072402954,0.9719551801681519,30.0,31.0,-0.16635040975782064,-0.22907125983288362,0.19173259857769287
1776384127.2603235,5.155345448108111,-6.806590018613931,-0.03631374089810297,1.4458716661910395e-06,7.857184607661148e-06,0.0,0.0,nan,nan,nan,nan,nan,nan,1081.0,0.9823939800262451,18.875099182128906,2.7172369529647367,2.5257978054501944,1.6241662502288818,1.4220530986785889,0.9823939800262451,30.0,31.0,-0.16635040976746468,-0.22907125910189702,0.19173259834884668
1776384127.315155,5.155345448705333,-6.806590018559028,-0.03631374161338942,1.4509351317351221e-06,7.819629379420011e-06,0.0,0.0,nan,nan,nan,nan,nan,nan,1081.0,0.9823939800262451,18.875099182128906,2.7172369529647367,2.5257978054501944,1.6241662502288818,1.4220530986785889,0.9823939800262451,30.0,31.0,-0.16635040977582136,-0.22907125838661058,0.1917325981194902
1776384127.3619554,5.155345449301159,-6.806590018504283,-0.03631374232613248,1.4560539871312503e-06,7.781907273061132e-06,0.0,0.0,nan,nan,nan,nan,nan,nan,1081.0,0.9823939800262451,18.875099182128906,2.7172369529647367,2.5257978054501944,1.6241662502288818,1.4220530986785889,0.9823939800262451,30.0,31.0,-0.16635040978421184,-0.2290712576738675,0.19173259789064356
1776384127.4131837,5.155345449896369,-6.806590018449561,-0.036313743038175396,1.4611908411414776e-06,7.744165322126662e-06,0.0,0.0,nan,nan,nan,nan,nan,nan,1081.0,0.9768437147140503,18.854290008544922,2.717558239754651,2.5253326515683043,1.6271315813064575,1.4254499673843384,0.9768437147140503,30.0,31.0,-0.16635040979262453,-0.2290712569618246,0.19173259766206374
1776384127.4602249,5.155345450491281,-6.806590018394853,-0.036313743749937115,1.4663319743704505e-06,7.706434470301953e-06,0.0,0.0,nan,nan,nan,nan,nan,nan,1081.0,0.9768437147140503,18.854290008544922,2.717558239754651,2.5253326515683043,1.6271315813064575,1.4254499673843384,0.9768437147140503,30.0,31.0,-0.16635040980103902,-0.22907125625006286,0.1917325974336098
1776384127.512553,5.155345451086028,-6.806590018340166,-0.036313744461522954,1.4714711472412234e-06,7.66872204735304e-06,0.0,0.0,nan,nan,nan,nan,nan,nan,1081.0,0.9698488712310791,18.882598876953125,2.7182647526870714,2.5254243323284147,1.6207913160324097,1.4283473491668701,0.9698488712310791,30.0,31.0,-0.16635040980944293,-0.22907125553847701,0.19173259720521432
1776384127.5594587,5.155345451086028,-6.806590018340166,-0.036313744461522954,1.4714711472412234e-06,7.66872204735304e-06,0.0,0.0,nan,nan,nan,nan,nan,nan,1081.0,0.9698488712310791,18.882598876953125,2.7182647526870714,2.5254243323284147,1.6207913160324097,1.4283473491668701,0.9698488712310791,30.0,31.0,-0.16635040980944293,-0.22907125553847701,0.19173259720521432
1776384127.6195288,5.155345452318386,-6.806590018250572,-0.036313745795969354,1.4816679981219553e-06,7.595412356083977e-06,0.0,0.0,nan,nan,nan,nan,nan,nan,1081.0,0.9698488712310791,18.882598876953125,2.7182647526870714,2.5254243323284147,1.6207913160324097,1.4283473491668701,0.9698488712310791,30.0,31.0,-0.16635040981649907,-0.22907125420403063,0.19173259671096662
1776384127.6631458,5.155345452318386,-6.806590018250572,-0.036313745795969354,1.4816679981219553e-06,7.595412356083977e-06,0.0,0.0,nan,nan,nan,nan,nan,nan,1081.0,0.9752864241600037,18.865236282348633,2.717794926711302,2.526226303064832,1.6151785850524902,1.4177895784378052,0.9752864241600037,30.0,31.0,-0.16635040981649907,-0.22907125420403063,0.19173259671096662
1776384127.7104225,5.155345452958536,-6.80659001821256,-0.03631374643635638,1.4802050797201073e-06,7.5307848881826264e-06,0.0,0.0,nan,nan,nan,nan,nan,nan,1081.0,0.9752864241600037,18.865236282348633,2.717794926711302,2.526226303064832,1.6151785850524902,1.4177895784378052,0.9752864241600037,30.0,31.0,-0.16635040981667468,-0.2290712535636436,0.19173259644668048
1776384127.7604554,5.155345452958536,-6.80659001821256,-0.03631374643635638,1.4802050797201073e-06,7.5307848881826264e-06,0.0,0.0,nan,nan,nan,nan,nan,nan,1081.0,0.9752864241600037,18.865236282348633,2.717794926711302,2.526226303064832,1.6151785850524902,1.4177895784378052,0.9752864241600037,30.0,31.0,-0.16635040981667468,-0.2290712535636436,0.19173259644668048
1776384127.8104012,5.155345453589997,-6.806590018170753,-0.03631374708703056,1.4778694558651532e-06,7.460617913281529e-06,0.0,0.0,nan,nan,nan,nan,nan,nan,1081.0,0.9752864241600037,18.865236282348633,2.717794926711302,2.526226303064832,1.6151785850524902,1.4177895784378052,0.9752864241600037,30.0,31.0,-0.16635040981934765,-0.22907125291296943,0.19173259618979818
1776384127.8601677,5.155345453589997,-6.806590018170753,-0.03631374708703056,1.4778694558651532e-06,7.460617913281529e-06,0.0,0.0,nan,nan,nan,nan,nan,nan,1081.0,0.9752864241600037,18.865236282348633,2.717794926711302,2.526226303064832,1.6151785850524902,1.4177895784378052,0.9752864241600037,30.0,31.0,-0.16635040981934765,-0.22907125291296943,0.19173259618979818
1776384127.9094567,5.155345454218476,-6.806590018128464,-0.036313747737812055,1.475670277864801e-06,7.390585628327449e-06,0.0,0.0,nan,nan,nan,nan,nan,nan,1081.0,0.9743523001670837,18.8709659576416,2.717656303621022,2.5256655976287967,1.6257647275924683,1.4242522716522217,0.9743523001670837,30.0,31.0,-0.1663504098223832,-0.22907125226218794,0.1917325959347301
1776384127.9664624,5.155345454845615,-6.806590018086013,-0.03631374838832061,1.473530592370656e-06,7.320626734714657e-06,0.0,0.0,nan,nan,nan,nan,nan,nan,1081.0,0.9743523001670837,18.8709659576416,2.717656303621022,2.5256655976287967,1.6257647275924683,1.4242522716522217,0.9743523001670837,30.0,31.0,-0.16635040982555854,-0.22907125161167938,0.19173259568042916
1776384128.0147262,5.155345455471966,-6.80659001804363,-0.03631374903873366,1.470975565547527e-06,7.251894267627018e-06,0.0,0.0,nan,nan,nan,nan,nan,nan,1081.0,0.9743523001670837,18.8709659576416,2.717656303621022,2.5256655976287967,1.6257647275924683,1.4242522716522217,0.9743523001670837,30.0,31.0,-0.16635040982864605,-0.22907125096126632,0.1917325954264344
1776384128.0643,5.155345456099353,-6.806590018026316,-0.03631374959816466,1.466177607787637e-06,7.171912273680587e-06,0.0,0.0,nan,nan,nan,nan,nan,nan,1081.0,0.9783205389976501,18.858264923095703,2.7177837992795193,2.525504926454145,1.6358444690704346,1.4188836812973022,0.9783205389976501,30.0,31.0,-0.1663504098153918,-0.22907125040183532,0.19173259514976887
1776384128.1192896,5.155345456738166,-6.806590018029477,-0.036313750067344386,1.460658383788588e-06,7.074058348281897e-06,0.0,0.0,nan,nan,nan,nan,nan,nan,1081.0,0.9783205389976501,18.858264923095703,2.7177837992795193,2.525504926454145,1.6358444690704346,1.4188836812973022,0.9783205389976501,30.0,31.0,-0.1663504097906958,-0.2290712499326556,0.1917325948496633
1776384128.160279,5.1553454573816815,-6.806590018034434,-0.036313750529085684,1.4549478471893274e-06,6.9755946978477244e-06,0.0,0.0,nan,nan,nan,nan,nan,nan,1081.0,0.9784666299819946,18.85194969177246,2.7178258254062677,2.525745648909383,1.6323537826538086,1.4270230531692505,0.9784666299819946,30.0,31.0,-0.16635040976508497,-0.22907124947091428,0.19173259454577984
1776384128.2124684,5.155345458025387,-6.80659001804243,-0.03631375098423348,1.4494082287810989e-06,6.876656393716357e-06,0.0,0.0,nan,nan,nan,nan,nan,nan,1081.0,0.9784666299819946,18.85194969177246,2.7178258254062677,2.525745648909383,1.6323537826538086,1.4270230531692505,0.9784666299819946,30.0,31.0,-0.16635040973707316,-0.2290712490157665,0.19173259423911856
1776384128.2598476,5.155345458656984,-6.806590018059304,-0.03631375141109469,1.4452451455102435e-06,6.773328070546808e-06,0.0,0.0,nan,nan,nan,nan,nan,nan,1081.0,0.9784666299819946,18.85194969177246,2.7178258254062677,2.525745648909383,1.6323537826538086,1.4270230531692505,0.9784666299819946,30.0,31.0,-0.16635040970244522,-0.2290712485889053,0.19173259393023384
1776384128.3109412,5.155345459269092,-6.806590018061991,-0.036313751891221935,1.4430131186275103e-06,6.682888558121517e-06,0.0,0.0,nan,nan,nan,nan,nan,nan,1081.0,0.9819843769073486,18.863494873046875,2.717988584738545,2.5258472236946097,1.6201817989349365,1.42024827003479,0.9819843769073486,30.0,31.0,-0.16635040967620993,-0.22907124810877805,0.19173259364297712
1776384128.3602505,5.155345459269092,-6.806590018061991,-0.036313751891221935,1.4430131186275103e-06,6.682888558121517e-06,0.0,0.0,nan,nan,nan,nan,nan,nan,1081.0,0.9819843769073486,18.863494873046875,2.717988584738545,2.5258472236946097,1.6201817989349365,1.42024827003479,0.9819843769073486,30.0,31.0,-0.16635040967620993,-0.22907124810877805,0.19173259364297712
1776384128.4096441,5.1553454604342885,-6.8065900180454255,-0.03631375293722999,1.4432915273435533e-06,6.552045292880748e-06,0.0,0.0,nan,nan,nan,nan,nan,nan,1081.0,0.9731299877166748,18.85146713256836,2.7174260398505683,2.52553407210536,1.6284879446029663,1.4199934005737305,0.9731299877166748,30.0,31.0,-0.1663504096353457,-0.22907124706277,0.1917325931153493
1776384128.4601104,5.155345461009648,-6.806590018040075,-0.03631375345012167,1.443782445718644e-06,6.501667833035181e-06,0.0,0.0,nan,nan,nan,nan,nan,nan,1081.0,0.9731299877166748,18.85146713256836,2.7174260398505683,2.52553407210536,1.6284879446029663,1.4199934005737305,0.9731299877166748,30.0,31.0,-0.16635040961268444,-0.22907124654987832,0.1917325928523091
1776384128.510231,5.155345461583656,-6.806590018034662,-0.03631375396202796,1.4443278023351298e-06,6.4512717249477484e-06,0.0,0.0,nan,nan,nan,nan,nan,nan,1081.0,0.9731299877166748,18.85146713256836,2.7174260398505683,2.52553407210536,1.6284879446029663,1.4199934005737305,0.9731299877166748,30.0,31.0,-0.16635040959013112,-0.22907124603797202,0.19173259258995343
1776384128.5601819,5.155345462157039,-6.806590018029213,-0.0363137544735639,1.4448963285468546e-06,6.400901928521676e-06,0.0,0.0,nan,nan,nan,nan,nan,nan,1081.0,0.9711621999740601,18.856922149658203,2.7176751969700934,2.5259082498431473,1.6222498416900635,1.428662657737732,0.9711621999740601,30.0,31.0,-0.1663504095676259,-0.2290712455264361,0.19173259232792023
1776384128.6097043,5.155345462730104,-6.806590018023752,-0.03631375498490163,1.4454751129194093e-06,6.350569834040684e-06,0.0,0.0,nan,nan,nan,nan,nan,nan,1081.0,0.9711621999740601,18.856922149658203,2.7176751969700934,2.5259082498431473,1.6222498416900635,1.428662657737732,0.9711621999740601,30.0,31.0,-0.16635040954513952,-0.22907124501509835,0.19173259206604568
1776384128.6603298,5.155345463302991,-6.8065900180183,-0.03631375549609728,1.4460577541343082e-06,6.3002779488494865e-06,0.0,0.0,nan,nan,nan,nan,nan,nan,1081.0,0.9799748063087463,18.87606430053711,2.7178413277417834,2.525627768130645,1.6157984733581543,1.4170705080032349,0.9799748063087463,30.0,31.0,-0.16635040952265231,-0.2290712445039027,0.1917325918042463
1776384128.7112792,5.155345463878566,-6.806590018013867,-0.036313756002651285,1.4483101761288242e-06,6.2580302709074365e-06,0.0,0.0,nan,nan,nan,nan,nan,nan,1081.0,0.9799748063087463,18.87606430053711,2.7178413277417834,2.525627768130645,1.6157984733581543,1.4170705080032349,0.9799748063087463,30.0,31.0,-0.1663504094996862,-0.22907124399734868,0.19173259154029357
1776384128.768165,5.155345464470285,-6.806590018013779,-0.036313756494317354,1.4557175917752269e-06,6.233110928522303e-06,0.0,0.0,nan,nan,nan,nan,nan,nan,1081.0,0.9799748063087463,18.87606430053711,2.7178413277417834,2.525627768130645,1.6157984733581543,1.4170705080032349,0.9799748063087463,30.0,31.0,-0.16635040947438348,-0.22907124350568264,0.19173259126498185
1776384128.815442,5.155345465075829,-6.806590018016445,-0.03631375698236615,1.462700891849572e-06,6.208434916032281e-06,0.0,0.0,nan,nan,nan,nan,nan,nan,1081.0,0.9819446802139282,18.87786102294922,2.717768545232362,2.5256372852224316,1.6301515102386475,1.4144272804260254,0.9819446802139282,30.0,31.0,-0.16635040944717513,-0.22907124301763382,0.19173259098079798
1776384128.8633943,5.15534546568675,-6.8065900180198815,-0.03631375747122252,1.4694420177379219e-06,6.1837738620942284e-06,0.0,0.0,nan,nan,nan,nan,nan,nan,1081.0,0.9819446802139282,18.87786102294922,2.717768545232362,2.5256372852224316,1.6301515102386475,1.4144272804260254,0.9819446802139282,30.0,31.0,-0.16635040941931542,-0.22907124252877747,0.19173259069343002
1776384128.9154541,5.15534546568675,-6.8065900180198815,-0.03631375747122252,1.4747992102940195e-06,6.155125611842529e-06,0.0,0.0,nan,nan,nan,nan,nan,nan,1081.0,0.9819446802139282,18.87786102294922,2.717768545232362,2.5256372852224316,1.6301515102386475,1.4144272804260254,0.9819446802139282,30.0,31.0,-0.16635040941931542,-0.22907124252877747,0.19173259069343002
1776384128.9595895,5.155345466306411,-6.806590018029151,-0.03631375793403244,1.4747992102940195e-06,6.155125611842529e-06,0.0,0.0,nan,nan,nan,nan,nan,nan,1081.0,0.9769618511199951,18.852476119995117,2.7184307287403215,2.5254056974777237,1.609462857246399,1.4265670776367188,0.9769618511199951,30.0,31.0,-0.1663504093884265,-0.22907124206596755,0.1917325903968313
1776384129.0126176,5.155345466930402,-6.806590018047159,-0.03631375837078669,1.4775966529810481e-06,6.12633937982254e-06,0.0,0.0,nan,nan,nan,nan,nan,nan,1081.0,0.9769618511199951,18.852476119995117,2.7184307287403215,2.5254056974777237,1.609462857246399,1.4265670776367188,0.9769618511199951,30.0,31.0,-0.16635040935144674,-0.2290712416292133,0.1917325900904831
1776384129.0601485,5.155345467543,-6.8065900180751955,-0.03631375877536554,1.4817732345374878e-06,6.092171482437231e-06,0.0,0.0,nan,nan,nan,nan,nan,nan,1081.0,0.9769618511199951,18.852476119995117,2.7184307287403215,2.5254056974777237,1.609462857246399,1.4265670776367188,0.9769618511199951,30.0,31.0,-0.16635040930709893,-0.22907124122463446,0.19173258978056143
1776384129.110553,5.155345468150041,-6.806590018103279,-0.03631375917417652,1.4862241143420697e-06,6.057470563251265e-06,0.0,0.0,nan,nan,nan,nan,nan,nan,1081.0,0.9778388142585754,18.84707260131836,2.7179718670968542,2.5252491026200072,1.6135056018829346,1.4277796745300293,0.9778388142585754,30.0,31.0,-0.16635040926305222,-0.22907124082582347,0.19173258947318447
1776384129.1642013,5.155345468754738,-6.806590018131216,-0.036313759571436,1.4907678601512793e-06,6.02269519374791e-06,0.0,0.0,nan,nan,nan,nan,nan,nan,1081.0,0.9778388142585754,18.84707260131836,2.7179718670968542,2.5252491026200072,1.6135056018829346,1.4277796745300293,0.9778388142585754,30.0,31.0,-0.1663504092192148,-0.22907124042856397,0.19173258916702815
1776384129.2111795,5.155345468754738,-6.806590018131216,-0.036313759571436,1.4907678601512793e-06,6.02269519374791e-06,0.0,0.0,nan,nan,nan,nan,nan,nan,1081.0,0.9778388142585754,18.84707260131836,2.7179718670968542,2.5252491026200072,1.6135056018829346,1.4277796745300293,0.9778388142585754,30.0,31.0,-0.1663504092192148,-0.22907124042856397,0.19173258916702815
1776384129.2683434,5.15534546935844,-6.806590018163654,-0.03631375995280491,1.4954461301574168e-06,5.9855346553373094e-06,0.0,0.0,nan,nan,nan,nan,nan,nan,1081.0,0.9778388142585754,18.84707260131836,2.7179718670968542,2.5252491026200072,1.6135056018829346,1.4277796745300293,0.9778388142585754,30.0,31.0,-0.16635040917235788,-0.22907124004719506,0.19173258885735067
1776384129.3138573,5.155345469964896,-6.8065900182191665,-0.03631376024426908,1.5002216630839202e-06,5.929311420357301e-06,0.0,0.0,nan,nan,nan,nan,nan,nan,1081.0,0.974386990070343,18.87128257751465,2.717849253284832,2.525665133371554,1.6213511228561401,1.4242784976959229,0.974386990070343,30.0,31.0,-0.1663504091111124,-0.2290712397557309,0.19173258852596786
1776384129.3622632,5.155345469964896,-6.8065900182191665,-0.03631376024426908,1.5002216630839202e-06,5.929311420357301e-06,0.0,0.0,nan,nan,nan,nan,nan,nan,1081.0,0.974386990070343,18.87128257751465,2.717849253284832,2.525665133371554,1.6213511228561401,1.4242784976959229,0.974386990070343,30.0,31.0,-0.1663504091111124,-0.2290712397557309,0.19173258852596786
1776384129.4108117,5.1553454711843365,-6.806590018336938,-0.036313760772203184,1.5002073766718372e-06,5.7691966703073465e-06,0.0,0.0,nan,nan,nan,nan,nan,nan,1081.0,0.974386990070343,18.87128257751465,2.717849253284832,2.525665133371554,1.6213511228561401,1.4242784976959229,0.974386990070343,30.0,31.0,-0.16635040898736017,-0.2290712392277968,0.19173258785419342
1776384129.4597435,5.155345471805279,-6.806590018400881,-0.03631376100814858,1.4970926598600362e-06,5.674965431794318e-06,0.0,0.0,nan,nan,nan,nan,nan,nan,1081.0,0.976521909236908,18.872163772583008,2.7179059379636743,2.525670470217048,1.6337714195251465,1.4286352396011353,0.976521909236908,30.0,31.0,-0.16635040892350944,-0.2290712389918514,0.19173258750860755
1776384129.512163,5.1553454724292775,-6.8065900184653465,-0.036313761243765987,1.493849468635457e-06,5.580766193003165e-06,0.0,0.0,nan,nan,nan,nan,nan,nan,1081.0,0.976521909236908,18.872163772583008,2.7179059379636743,2.525670470217048,1.6337714195251465,1.4286352396011353,0.976521909236908,30.0,31.0,-0.16635040885927813,-0.229071238756234,0.19173258716113628
1776384129.5602446,5.1553454724292775,-6.8065900184653465,-0.036313761243765987,1.493849468635457e-06,5.580766193003165e-06,0.0,0.0,nan,nan,nan,nan,nan,nan,1081.0,0.9715569019317627,18.868331909179688,2.717854340025719,2.526158390972435,1.6337952613830566,1.4269989728927612,0.9715569019317627,30.0,31.0,-0.16635040885927813,-0.229071238756234,0.19173258716113628
1776384129.6121497,5.155345473054936,-6.806590018525326,-0.036313761497860676,1.4869314053364445e-06,5.4426422240822554e-06,0.0,0.0,nan,nan,nan,nan,nan,nan,1081.0,0.9715569019317627,18.868331909179688,2.717854340025719,2.526158390972435,1.6337952613830566,1.4269989728927612,0.9715569019317627,30.0,31.0,-0.1663504087978288,-0.2290712385021393,0.19173258681686314
1776384129.6607096,5.155345474310686,-6.806590018636391,-0.03631376205998766,1.4833690353550977e-06,5.3842273846315065e-06,0.0,0.0,nan,nan,nan,nan,nan,nan,1081.0,0.9690077304840088,18.87052345275879,2.7174673976995236,2.525870585487649,1.624808669090271,1.4286046028137207,0.9690077304840088,30.0,31.0,-0.1663504086788372,-0.22907123794001233,0.191732586134126
1776384129.7104914,5.155345474940192,-6.806590018692144,-0.03631376234090976,1.4807838527000564e-06,5.330668007305672e-06,0.0,0.0,nan,nan,nan,nan,nan,nan,1081.0,0.9690077304840088,18.87052345275879,2.7174673976995236,2.525870585487649,1.624808669090271,1.4286046028137207,0.9690077304840088,30.0,31.0,-0.16635040861919398,-0.2290712376590902,0.19173258579180374
1776384129.7661922,5.155345475571637,-6.806590018759086,-0.036313762585106754,1.4798014503721128e-06,5.2775556440568144e-06,0.0,0.0,nan,nan,nan,nan,nan,nan,1081.0,0.9690077304840088,18.87052345275879,2.7174673976995236,2.525870585487649,1.624808669090271,1.4286046028137207,0.9690077304840088,30.0,31.0,-0.1663504085519405,-0.22907123741489321,0.1917325854386751
1776384129.8103628,5.155345475571637,-6.806590018759086,-0.036313762585106754,1.4798014503721128e-06,5.2775556440568144e-06,0.0,0.0,nan,nan,nan,nan,nan,nan,1081.0,0.9742942452430725,18.87455177307129,2.717549355740243,2.525155895606311,1.6266227960586548,1.4251097440719604,0.9742942452430725,30.0,31.0,-0.1663504085519405,-0.22907123741489321,0.1917325854386751
1776384129.8602133,5.155345476206566,-6.806590018837248,-0.036313762778805846,1.4785699358610816e-06,5.214168370010292e-06,0.0,0.0,nan,nan,nan,nan,nan,nan,1081.0,0.9742942452430725,18.87455177307129,2.717549355740243,2.525155895606311,1.6266227960586548,1.4251097440719604,0.9742942452430725,30.0,31.0,-0.16635040847841476,-0.22907123722119413,0.19173258507399377
1776384129.914642,5.155345476840818,-6.806590018915838,-0.036313762971243856,1.4755274355388968e-06,5.14589281212505e-06,0.0,0.0,nan,nan,nan,nan,nan,nan,1081.0,0.9742942452430725,18.87455177307129,2.717549355740243,2.525155895606311,1.6266227960586548,1.4251097440719604,0.9742942452430725,30.0,31.0,-0.16635040840455778,-0.22907123702875612,0.19173258470924967
1776384129.9672225,5.1553454774704495,-6.80659001899382,-0.03631376316561618,1.4720596368217244e-06,5.076903094333363e-06,0.0,0.0,nan,nan,nan,nan,nan,nan,1081.0,0.9789039492607117,18.85837173461914,2.718079385164157,2.5256087690700597,1.620711088180542,1.4281129837036133,0.9789039492607117,30.0,31.0,-0.16635040833095574,-0.2290712368343838,0.19173258434719362
1776384130.0102105,5.1553454774704495,-6.80659001899382,-0.03631376316561618,1.4720596368217244e-06,5.076903094333363e-06,0.0,0.0,nan,nan,nan,nan,nan,nan,1081.0,0.9789039492607117,18.85837173461914,2.718079385164157,2.5256087690700597,1.620711088180542,1.4281129837036133,0.9789039492607117,30.0,31.0,-0.16635040833095574,-0.2290712368343838,0.19173258434719362
1776384130.0637643,5.15534547809494,-6.8065900190674045,-0.036313763376748825,1.4690976409976277e-06,5.0116651157390985e-06,0.0,0.0,nan,nan,nan,nan,nan,nan,1081.0,0.9789039492607117,18.85837173461914,2.718079385164157,2.5256087690700597,1.620711088180542,1.4281129837036133,0.9789039492607117,30.0,31.0,-0.16635040825996367,-0.22907123662325116,0.1917325839914222
1776384130.1161857,5.155345478694966,-6.806590019123645,-0.03631376365791812,1.4687763357982795e-06,4.964216005271544e-06,0.0,0.0,nan,nan,nan,nan,nan,nan,1081.0,0.9789039492607117,18.85837173461914,2.718079385164157,2.5256087690700597,1.620711088180542,1.4281129837036133,0.9789039492607117,30.0,31.0,-0.1663504081987393,-0.22907123634208187,0.19173258366238838
1776384130.1612966,5.155345479283539,-6.806590019177412,-0.03631376394447959,1.4689959284409057e-06,4.917688500147234e-06,0.0,0.0,nan,nan,nan,nan,nan,nan,1081.0,0.9854118824005127,18.85532569885254,2.7182882082451285,2.5262311483464472,1.627008318901062,1.4237531423568726,0.9854118824005127,30.0,31.0,-0.16635040813905697,-0.22907123605552038,0.19173258334087415
1776384130.2095554,5.155345479867029,-6.8065900192304,-0.03631376423084496,1.4694260136145934e-06,4.871256035767117e-06,0.0,0.0,nan,nan,nan,nan,nan,nan,1081.0,0.9854118824005127,18.85532569885254,2.7182882082451285,2.5262311483464472,1.627008318901062,1.4237531423568726,0.9854118824005127,30.0,31.0,-0.16635040807998636,-0.22907123576915503,0.19173258302241386
1776384130.2646735,5.155345480448206,-6.8065900192830915,-0.03631376451671165,1.4699491293983978e-06,4.824853243644128e-06,0.0,0.0,nan,nan,nan,nan,nan,nan,1081.0,0.9765334129333496,18.865516662597656,2.717637470483118,2.5258810485363523,1.62477445602417,1.4012833833694458,0.9765334129333496,30.0,31.0,-0.16635040802117668,-0.22907123548328834,0.19173258270529378
1776384130.312451,5.155345481028306,-6.806590019335656,-0.036313764802263386,1.4705140403854695e-06,4.778478943951094e-06,0.0,0.0,nan,nan,nan,nan,nan,nan,1081.0,0.9765334129333496,18.865516662597656,2.717637470483118,2.5258810485363523,1.62477445602417,1.4012833833694458,0.9765334129333496,30.0,31.0,-0.16635040796248482,-0.2290712351977366,0.1917325823887875
1776384130.36417,5.155345481607882,-6.806590019388163,-0.03631376508762967,1.4710969315274328e-06,4.73213764766363e-06,0.0,0.0,nan,nan,nan,nan,nan,nan,1081.0,0.9765334129333496,18.865516662597656,2.717637470483118,2.5258810485363523,1.62477445602417,1.4012833833694458,0.9765334129333496,30.0,31.0,-0.16635040790384842,-0.2290712349123703,0.19173258207257501
1776384130.4101536,5.155345482187176,-6.806590019440648,-0.03631376537286125,1.4716869954332489e-06,4.685832511869691e-06,0.0,0.0,nan,nan,nan,nan,nan,nan,1081.0,0.9700167775154114,18.875972747802734,2.718161442288638,2.5261570630862504,1.6215646266937256,1.4260247945785522,0.9700167775154114,30.0,31.0,-0.1663504078452368,-0.22907123462713874,0.19173258175651361
1776384130.4612446,5.155345482756894,-6.806590019502599,-0.0363137656321131,1.473433626605713e-06,4.6354063966391774e-06,0.0,0.0,nan,nan,nan,nan,nan,nan,1081.0,0.9700167775154114,18.875972747802734,2.718161442288638,2.5261570630862504,1.6215646266937256,1.4260247945785522,0.9700167775154114,30.0,31.0,-0.16635040777929527,-0.22907123436788687,0.19173258143653135
1776384130.510299,5.155345483317071,-6.806590019566682,-0.03631376587781267,1.4758776008316165e-06,4.5827775620189135e-06,0.0,0.0,nan,nan,nan,nan,nan,nan,1081.0,0.9793381094932556,18.863100051879883,2.7175466050492956,2.5253802333649946,1.631271243095398,1.4283533096313477,0.9793381094932556,30.0,31.0,-0.1663504077121674,-0.22907123412218733,0.1917325811191008
1776384130.566816,5.155345483891706,-6.8065900196410425,-0.03631376607205878,1.4813727160244609e-06,4.533211211352359e-06,0.0,0.0,nan,nan,nan,nan,nan,nan,1081.0,0.9793381094932556,18.863100051879883,2.7175466050492956,2.5253802333649946,1.631271243095398,1.4283533096313477,0.9793381094932556,30.0,31.0,-0.16635040764020026,-0.2290712339279412,0.19173258078584648
1776384130.6184716,5.155345484487171,-6.806590019742179,-0.03631376617001795,1.4868004743257322e-06,4.466236991362431e-06,0.0,0.0,nan,nan,nan,nan,nan,nan,1081.0,0.9793381094932556,18.863100051879883,2.7175466050492956,2.5253802333649946,1.631271243095398,1.4283533096313477,0.9793381094932556,30.0,31.0,-0.1663504075514099,-0.22907123382998204,0.19173258041919747
1776384130.6601195,5.155345485096535,-6.806590019848671,-0.036313766246850024,1.4934029387042395e-06,4.408129973000273e-06,0.0,0.0,nan,nan,nan,nan,nan,nan,1081.0,0.9791725873947144,18.87114906311035,2.7182067818491684,2.5257386441253424,1.6367590427398682,1.4332525730133057,0.9791725873947144,30.0,31.0,-0.16635040745978694,-0.22907123375314997,0.19173258004134014
1776384130.7103326,5.1553454857085175,-6.806590019958331,-0.03631376632151949,1.4975615987805378e-06,4.355003701556298e-06,0.0,0.0,nan,nan,nan,nan,nan,nan,1081.0,0.9791725873947144,18.87114906311035,2.7182067818491684,2.5257386441253424,1.6367590427398682,1.4332525730133057,0.9791725873947144,30.0,31.0,-0.16635040736529924,-0.22907123367848048,0.19173257965946014
1776384130.7602448,5.155345486320433,-6.806590020068145,-0.036313766395721224,1.5017937152721065e-06,4.301959516645696e-06,0.0,0.0,nan,nan,nan,nan,nan,nan,1081.0,0.9776464104652405,18.866823196411133,2.7176963457567176,2.5259486763963763,1.617314100265503,1.4254451990127563,0.9776464104652405,30.0,31.0,-0.16635040727069927,-0.22907123360427875,0.19173257927747436
1776384130.8161037,5.155345486932473,-6.806590020178548,-0.036313766469048145,1.5060303127230361e-06,4.255451741560225e-06,0.0,0.0,nan,nan,nan,nan,nan,nan,1081.0,0.9776464104652405,18.866823196411133,2.7176963457567176,2.5259486763963763,1.617314100265503,1.4254451990127563,0.9776464104652405,30.0,31.0,-0.1663504071755996,-0.22907123353095182,0.19173257889491072
1776384130.8601575,5.155345487545921,-6.8065900202934255,-0.036313766533400044,1.510260429974794e-06,4.225842485247148e-06,0.0,0.0,nan,nan,nan,nan,nan,nan,1081.0,0.9776464104652405,18.866823196411133,2.7176963457567176,2.5259486763963763,1.617314100265503,1.4254451990127563,0.9776464104652405,30.0,31.0,-0.1663504070769341,-0.22907123346659994,0.19173257850773018
1776384130.9159615,5.155345488160225,-6.806590020408676,-0.036313766596440464,1.5144313030881874e-06,4.1960059424275084e-06,0.0,0.0,nan,nan,nan,nan,nan,nan,1081.0,0.9773446321487427,18.844701766967773,2.717425776344003,2.5249531454075296,1.618730068206787,1.4284132719039917,0.9773446321487427,30.0,31.0,-0.16635040697805284,-0.2290712334035595,0.19173257811982178
1776384130.9615178,5.155345488160225,-6.806590020408676,-0.036313766596440464,1.5144313030881874e-06,4.1960059424275084e-06,0.0,0.0,nan,nan,nan,nan,nan,nan,1081.0,0.9773446321487427,18.844701766967773,2.717425776344003,2.5249531454075296,1.618730068206787,1.4284132719039917,0.9773446321487427,30.0,31.0,-0.16635040697805284,-0.2290712334035595,0.19173257811982178
1776384131.0120964,5.155345488770576,-6.8065900205288905,-0.03631376664719944,1.5191226649843828e-06,4.164169895690571e-06,0.0,0.0,nan,nan,nan,nan,nan,nan,1081.0,0.9773446321487427,18.844701766967773,2.717425776344003,2.5249531454075296,1.618730068206787,1.4284132719039917,0.9773446321487427,30.0,31.0,-0.16635040687523728,-0.22907123335280055,0.19173257772935884
1776384131.0596635,5.155345489368962,-6.806590020654941,-0.03631376667588944,1.5249348629023868e-06,4.128264714414378e-06,0.0,0.0,nan,nan,nan,nan,nan,nan,1081.0,0.9803882241249084,18.8543643951416,2.717790015200351,2.5253143867390877,1.6201237440109253,1.4231364727020264,0.9803882241249084,30.0,31.0,-0.16635040676825977,-0.22907123332411056,0.1917325773392995
1776384131.1122158,5.155345489961933,-6.806590020780401,-0.03631376670212019,1.5298842831946645e-06,4.086988508473637e-06,0.0,0.0,nan,nan,nan,nan,nan,nan,1081.0,0.9803882241249084,18.8543643951416,2.717790015200351,2.5253143867390877,1.6201237440109253,1.4231364727020264,0.9803882241249084,30.0,31.0,-0.1663504066619095,-0.2290712332978798,0.19173257695228238
1776384131.1601973,5.155345490539241,-6.806590020900274,-0.03631376673978687,1.5316890713289746e-06,4.028652229834881e-06,0.0,0.0,nan,nan,nan,nan,nan,nan,1081.0,0.9803882241249084,18.8543643951416,2.717790015200351,2.5253143867390877,1.6201237440109253,1.4231364727020264,0.9803882241249084,30.0,31.0,-0.16635040655948416,-0.22907123326021311,0.19173257657750048
1776384131.21042,5.155345491118168,-6.806590021025881,-0.036313766740277184,1.5329947142951076e-06,3.962548170327604e-06,0.0,0.0,nan,nan,nan,nan,nan,nan,1081.0,0.9658330082893372,18.886808395385742,2.7175955560668323,2.5262074995603174,1.6350771188735962,1.4239208698272705,0.9658330082893372,30.0,31.0,-0.16635040645493157,-0.22907123325972278,0.1917325761968898
1776384131.2613268,5.1553454917060675,-6.80659002115577,-0.03631376671867434,1.5333717309123148e-06,3.891992380438353e-06,0.0,0.0,nan,nan,nan,nan,nan,nan,1081.0,0.9658330082893372,18.886808395385742,2.7175955560668323,2.5262074995603174,1.6350771188735962,1.4239208698272705,0.9658330082893372,30.0,31.0,-0.16635040634853188,-0.22907123328132564,0.19173257580831338
1776384131.310193,5.1553454917060675,-6.80659002115577,-0.03631376671867434,1.5333717309123148e-06,3.891992380438353e-06,0.0,0.0,nan,nan,nan,nan,nan,nan,1081.0,0.9658330082893372,18.886808395385742,2.7175955560668323,2.5262074995603174,1.6350771188735962,1.4239208698272705,0.9658330082893372,30.0,31.0,-0.16635040634853188,-0.22907123328132564,0.19173257580831338
1776384131.366277,5.155345492315971,-6.806590021293787,-0.03631376666352069,1.531588683197403e-06,3.8136262022515173e-06,0.0,0.0,nan,nan,nan,nan,nan,nan,1081.0,0.9716981649398804,18.863292694091797,2.718451577077631,2.5256347876094507,1.6225835084915161,1.4253987073898315,0.9716981649398804,30.0,31.0,-0.16635040623800731,-0.2290712333364793,0.19173257540230249
1776384131.4112728,5.155345492935369,-6.806590021433349,-0.03631376660735495,1.5293730827306041e-06,3.7350205515930437e-06,0.0,0.0,nan,nan,nan,nan,nan,nan,1081.0,0.9716981649398804,18.863292694091797,2.718451577077631,2.5256347876094507,1.6225835084915161,1.4253987073898315,0.9716981649398804,30.0,31.0,-0.1663504061263795,-0.22907123339264504,0.19173257499050486
1776384131.463186,5.155345492935369,-6.806590021433349,-0.03631376660735495,1.5293730827306041e-06,3.7350205515930437e-06,0.0,0.0,nan,nan,nan,nan,nan,nan,1081.0,0.9716981649398804,18.863292694091797,2.718451577077631,2.5256347876094507,1.6225835084915161,1.4253987073898315,0.9716981649398804,30.0,31.0,-0.1663504061263795,-0.22907123339264504,0.19173257499050486
1776384131.5103486,5.155345493555395,-6.806590021574727,-0.03631376655247917,1.524955103549981e-06,3.6626071399041294e-06,0.0,0.0,nan,nan,nan,nan,nan,nan,1081.0,0.9716981649398804,18.863292694091797,2.718451577077631,2.5256347876094507,1.6225835084915161,1.4253987073898315,0.9716981649398804,30.0,31.0,-0.16635040601283732,-0.2290712334475208,0.19173257457680776
1776384131.5629368,5.155345494171272,-6.806590021723614,-0.036313766476562,1.5230792045816724e-06,3.5987091083516885e-06,0.0,0.0,nan,nan,nan,nan,nan,nan,1081.0,0.9761759638786316,18.846420288085938,2.718733161274313,2.5260727210916083,1.6271650791168213,1.4239741563796997,0.9761759638786316,30.0,31.0,-0.16635040589364586,-0.22907123352343797,0.19173257415839523
1776384131.611188,5.155345494171272,-6.806590021723614,-0.036313766476562,1.5230792045816724e-06,3.5987091083516885e-06,0.0,0.0,nan,nan,nan,nan,nan,nan,1081.0,0.9761759638786316,18.846420288085938,2.718733161274313,2.5260727210916083,1.6271650791168213,1.4239741563796997,0.9761759638786316,30.0,31.0,-0.16635040589364586,-0.22907123352343797,0.19173257415839523
1776384131.6595254,5.155345495382551,-6.806590022031702,-0.03631376628073775,1.5212742405995542e-06,3.463809049289057e-06,0.0,0.0,nan,nan,nan,nan,nan,nan,1081.0,0.9768922328948975,18.878049850463867,2.7173350747264613,2.5260406340458803,1.623828649520874,1.4248417615890503,0.9768922328948975,30.0,31.0,-0.16635040564840672,-0.22907123371926225,0.19173257332197136
1776384131.7150156,5.155345495984992,-6.806590022185522,-0.03631376618065779,1.5205089874249702e-06,3.3962975954407988e-06,0.0,0.0,nan,nan,nan,nan,nan,nan,1081.0,0.9768922328948975,18.878049850463867,2.7173350747264613,2.5260406340458803,1.623828649520874,1.4248417615890503,0.9768922328948975,30.0,31.0,-0.16635040552610136,-0.2290712338193422,0.19173257290544563
1776384131.7632945,5.155345496586692,-6.806590022339238,-0.03631376608035607,1.5197719913423093e-06,3.3288314490087603e-06,0.0,0.0,nan,nan,nan,nan,nan,nan,1081.0,0.9768922328948975,18.878049850463867,2.7173350747264613,2.5260406340458803,1.623828649520874,1.4248417615890503,0.9768922328948975,30.0,31.0,-0.1663504054038941,-0.2290712339196439,0.19173257248935702
1776384131.8133543,5.155345497191888,-6.8065900224960325,-0.03631376596306844,1.5186871419744227e-06,3.257849706866859e-06,0.0,0.0,nan,nan,nan,nan,nan,nan,1081.0,0.9748679399490356,18.881587982177734,2.7179250067080973,2.5255688170552255,1.6209717988967896,1.4278208017349243,0.9748679399490356,30.0,31.0,-0.16635040528035672,-0.22907123403693153,0.19173257206891672
1776384131.8673022,5.155345497191888,-6.8065900224960325,-0.03631376596306844,1.5186871419744227e-06,3.257849706866859e-06,0.0,0.0,nan,nan,nan,nan,nan,nan,1081.0,0.9748679399490356,18.881587982177734,2.7179250067080973,2.5255688170552255,1.6209717988967896,1.4278208017349243,0.9748679399490356,30.0,31.0,-0.16635040528035672,-0.22907123403693153,0.19173257206891672
1776384131.9097252,5.155345497808158,-6.806590022658267,-0.03631376581924615,1.5166718393602108e-06,3.180834035323568e-06,0.0,0.0,nan,nan,nan,nan,nan,nan,1081.0,0.9748679399490356,18.881587982177734,2.7179250067080973,2.5255688170552255,1.6209717988967896,1.4278208017349243,0.9748679399490356,30.0,31.0,-0.1663504051543146,-0.22907123418075384,0.1917325716385076
1776384131.9595118,5.155345498427753,-6.806590022822918,-0.03631376567083686,1.5146030183427845e-06,3.10326084116611e-06,0.0,0.0,nan,nan,nan,nan,nan,nan,1081.0,0.9748679399490356,18.881587982177734,2.7179250067080973,2.5255688170552255,1.6209717988967896,1.4278208017349243,0.9748679399490356,30.0,31.0,-0.1663504050264162,-0.22907123432916313,0.1917325712044126
1776384132.0103092,5.155345498427753,-6.806590022822918,-0.03631376567083686,1.5146030183427845e-06,3.10326084116611e-06,0.0,0.0,nan,nan,nan,nan,nan,nan,1081.0,0.9742473363876343,18.880842208862305,2.7174195355005994,2.525477438335015,1.6327168941497803,1.4316359758377075,0.9742473363876343,30.0,31.0,-0.1663504050264162,-0.22907123432916313,0.1917325712044126
1776384132.060113,5.15534549903637,-6.806590022990747,-0.036313765515811294,1.5137924217795527e-06,3.0239517756839662e-06,0.0,0.0,nan,nan,nan,nan,nan,nan,1081.0,0.9742473363876343,18.880842208862305,2.7174195355005994,2.525477438335015,1.6327168941497803,1.4316359758377075,0.9742473363876343,30.0,31.0,-0.16635040489557337,-0.2290712344841887,0.19173257077261321
1776384132.1115308,5.155345499620613,-6.80659002313611,-0.03631376544697082,1.5153320243004954e-06,2.9658447026613504e-06,0.0,0.0,nan,nan,nan,nan,nan,nan,1081.0,0.9742473363876343,18.880842208862305,2.7174195355005994,2.525477438335015,1.6327168941497803,1.4316359758377075,0.9742473363876343,30.0,31.0,-0.16635040477808072,-0.22907123455302916,0.1917325703720428
1776384132.164122,5.155345500190361,-6.80659002328197,-0.03631376537474534,1.5177601135286065e-06,2.9080440154654023e-06,0.0,0.0,nan,nan,nan,nan,nan,nan,1081.0,0.9517626762390137,18.84891700744629,2.717546186052352,2.525230761058556,1.629815697669983,1.4174379110336304,0.9517626762390137,30.0,31.0,-0.16635040465988749,-0.22907123462525464,0.19173256997777824
1776384132.2100992,5.155345500751996,-6.806590023444784,-0.0363137652394912,1.5181676149568757e-06,2.8427861864500923e-06,0.0,0.0,nan,nan,nan,nan,nan,nan,1081.0,0.9517626762390137,18.84891700744629,2.717546186052352,2.525230761058556,1.629815697669983,1.4174379110336304,0.9517626762390137,30.0,31.0,-0.16635040453046623,-0.22907123476050878,0.1917325695722838
1776384132.2601557,5.155345501308617,-6.806590023608255,-0.03631376509582925,1.5188660227156429e-06,2.7768106770989507e-06,0.0,0.0,nan,nan,nan,nan,nan,nan,1081.0,0.9517626762390137,18.84891700744629,2.717546186052352,2.525230761058556,1.629815697669983,1.4174379110336304,0.9517626762390137,30.0,31.0,-0.1663504044010077,-0.22907123490417072,0.1917325691685411
1776384132.3101094,5.155345501308617,-6.806590023608255,-0.03631376509582925,1.5188660227156429e-06,2.7768106770989507e-06,0.0,0.0,nan,nan,nan,nan,nan,nan,1081.0,0.9774750471115112,18.8618221282959,2.7176475095925343,2.525423406263087,1.6253948211669922,1.4154161214828491,0.9774750471115112,30.0,31.0,-0.1663504044010077,-0.22907123490417072,0.1917325691685411
1776384132.3651617,5.155345501860728,-6.806590023774922,-0.03631376494261571,1.5211963467219489e-06,2.7154029844053007e-06,0.0,0.0,nan,nan,nan,nan,nan,nan,1081.0,0.9774750471115112,18.8618221282959,2.7176475095925343,2.525423406263087,1.6253948211669922,1.4154161214828491,0.9774750471115112,30.0,31.0,-0.16635040426910158,-0.22907123505738428,0.19173256876406855
1776384132.413187,5.155345502409936,-6.80659002395533,-0.036313764735879786,1.5253118626930825e-06,2.665220245801016e-06,0.0,0.0,nan,nan,nan,nan,nan,nan,1081.0,0.9774750471115112,18.8618221282959,2.7176475095925343,2.525423406263087,1.6253948211669922,1.4154161214828491,0.9774750471115112,30.0,31.0,-0.1663504041284616,-0.2290712352641202,0.19173256834878513
1776384132.4655492,5.155345502966209,-6.806590024140889,-0.036313764504864905,1.5288755443983625e-06,2.6109985263737753e-06,0.0,0.0,nan,nan,nan,nan,nan,nan,1081.0,0.9688698053359985,18.8554744720459,2.7178885669315664,2.5254067744231725,1.605100154876709,1.4274308681488037,0.9688698053359985,30.0,31.0,-0.16635040398524473,-0.22907123549513508,0.19173256792565477
1776384132.5178328,5.1553455035247495,-6.806590024325274,-0.03631376427609648,1.5324063830375216e-06,2.5508963127787208e-06,0.0,0.0,nan,nan,nan,nan,nan,nan,1081.0,0.9688698053359985,18.8554744720459,2.7178885669315664,2.5254067744231725,1.605100154876709,1.4274308681488037,0.9688698053359985,30.0,31.0,-0.1663504038430694,-0.2290712357239035,0.19173256750250786
1776384132.6320684,5.1553455035247495,-6.806590024325274,-0.03631376427609648,1.5324063830375216e-06,2.5508963127787208e-06,0.0,0.0,nan,nan,nan,nan,nan,nan,1081.0,0.9688698053359985,18.8554744720459,2.7178885669315664,2.5254067744231725,1.605100154876709,1.4274308681488037,0.9688698053359985,30.0,31.0,-0.1663504038430694,-0.2290712357239035,0.19173256750250786
1776384132.6602514,5.1553455035247495,-6.806590024325274,-0.03631376427609648,1.5324063830375216e-06,2.5508963127787208e-06,0.0,0.0,nan,nan,nan,nan,nan,nan,1081.0,0.9688698053359985,18.8554744720459,2.7178885669315664,2.5254067744231725,1.605100154876709,1.4274308681488037,0.9688698053359985,30.0,31.0,-0.1663504038430694,-0.2290712357239035,0.19173256750250786
1776384132.7262836,5.1553455035247495,-6.806590024325274,-0.03631376427609648,1.5324063830375216e-06,2.5508963127787208e-06,0.0,0.0,nan,nan,nan,nan,nan,nan,1081.0,0.9688698053359985,18.8554744720459,2.7178885669315664,2.5254067744231725,1.605100154876709,1.4274308681488037,0.9688698053359985,30.0,31.0,-0.1663504038430694,-0.2290712357239035,0.19173256750250786
1776384132.7601476,5.155345504083526,-6.806590024509721,-0.03631376404870162,1.5359314083599416e-06,2.4909572748872655e-06,0.0,0.0,nan,nan,nan,nan,nan,nan,1081.0,0.9688698053359985,18.8554744720459,2.7178885669315664,2.5254067744231725,1.605100154876709,1.4274308681488037,0.9688698053359985,30.0,31.0,-0.16635040370070958,-0.22907123595129836,0.19173256707919642
1776384132.8103375,5.155345504083526,-6.806590024509721,-0.03631376404870162,1.5359314083599416e-06,2.4909572748872655e-06,0.0,0.0,nan,nan,nan,nan,nan,nan,1081.0,0.9823430180549622,18.85263442993164,2.7181610712069917,2.525746188901184,1.616302728652954,1.4295958280563354,0.9823430180549622,30.0,31.0,-0.16635040370070958,-0.22907123595129836,0.19173256707919642
1776384132.8642178,5.1553455046177,-6.8065900246923405,-0.03631376384026536,1.5423900311461172e-06,2.4375241025631083e-06,0.0,0.0,nan,nan,nan,nan,nan,nan,1081.0,0.9823430180549622,18.85263442993164,2.7181610712069917,2.525746188901184,1.616302728652954,1.4295958280563354,0.9823430180549622,30.0,31.0,-0.16635040355747577,-0.22907123615973463,0.19173256666895258
1776384132.9102032,5.155345505144445,-6.806590024874934,-0.03631376362419527,1.5533429612130818e-06,2.395098776105993e-06,0.0,0.0,nan,nan,nan,nan,nan,nan,1081.0,0.9823430180549622,18.85263442993164,2.7181610712069917,2.525746188901184,1.616302728652954,1.4295958280563354,0.9823430180549622,30.0,31.0,-0.1663504034147258,-0.2290712363758047,0.19173256626218935
1776384132.9602652,5.155345505694096,-6.806590025085782,-0.03631376329443499,1.5622394364112505e-06,2.331532222318017e-06,0.0,0.0,nan,nan,nan,nan,nan,nan,1081.0,0.9796438217163086,18.86981773376465,2.717700276575521,2.5257533980061053,1.6222901344299316,1.4236394166946411,0.9796438217163086,30.0,31.0,-0.16635040325541003,-0.229071236705565,0.19173256581975723
1776384133.0123024,5.155345505694096,-6.806590025085782,-0.03631376329443499,1.5622394364112505e-06,2.331532222318017e-06,0.0,0.0,nan,nan,nan,nan,nan,nan,1081.0,0.9796438217163086,18.86981773376465,2.717700276575521,2.5257533980061053,1.6222901344299316,1.4236394166946411,0.9796438217163086,30.0,31.0,-0.16635040325541003,-0.229071236705565,0.19173256581975723
1776384133.060561,5.155345506420919,-6.806590025436066,-0.03631376240213992,1.5498690684954501e-06,2.1280384258802537e-06,0.0,0.0,nan,nan,nan,nan,nan,nan,1081.0,0.9796438217163086,18.86981773376465,2.717700276575521,2.5257533980061053,1.6222901344299316,1.4236394166946411,0.9796438217163086,30.0,31.0,-0.16635040301681317,-0.22907123759786008,0.19173256517145457
1776384133.1112173,5.155345506420919,-6.806590025436066,-0.03631376240213992,1.5498690684954501e-06,2.1280384258802537e-06,0.0,0.0,nan,nan,nan,nan,nan,nan,1081.0,0.9796438217163086,18.86981773376465,2.717700276575521,2.5257533980061053,1.6222901344299316,1.4236394166946411,0.9796438217163086,30.0,31.0,-0.16635040301681317,-0.22907123759786008,0.19173256517145457
1776384133.1614833,5.155345507044788,-6.806590025542195,-0.03631376239781954,1.5512288147059482e-06,2.1614844301526375e-06,0.0,0.0,nan,nan,nan,nan,nan,nan,1081.0,0.9784528613090515,18.847841262817383,2.7182591676601757,2.5251148237935626,1.6353211402893066,1.4268991947174072,0.9784528613090515,30.0,31.0,-0.16635040293381576,-0.22907123760218046,0.19173256478716738
1776384133.2094939,5.155345508226409,-6.806590025835098,-0.03631376155405934,1.4872218607986329e-06,1.9927200069339804e-06,0.0,0.0,nan,nan,nan,nan,nan,nan,1081.0,0.9784528613090515,18.847841262817383,2.7182591676601757,2.5251148237935626,1.6353211402893066,1.4268991947174072,0.9784528613090515,30.0,31.0,-0.16635040276444563,-0.22907123844594063,0.19173256397798574
1776384133.264238,5.1553455096383365,-6.806590026162443,-0.03631376071348432,1.413691922760539e-06,1.8197302799860346e-06,0.0,0.0,nan,nan,nan,nan,nan,nan,1081.0,0.9784528613090515,18.847841262817383,2.7182591676601757,2.5251148237935626,1.6353211402893066,1.4268991947174072,0.9784528613090515,30.0,31.0,-0.1663504025687151,-0.22907123928651565,0.1917325630311346
1776384133.3096566,5.155345511146064,-6.806590026500959,-0.03631375990189369,1.3371316875759646e-06,1.6516169923732027e-06,0.0,0.0,nan,nan,nan,nan,nan,nan,1081.0,0.9677892923355103,18.86542320251465,2.7181108112582226,2.525648800658652,1.628797173500061,1.4319642782211304,0.9677892923355103,30.0,31.0,-0.16635040236253526,-0.22907124009810628,0.19173256202980973
1776384133.3593254,5.1553455126986725,-6.8065900268450825,-0.03631375910090007,1.2601193669340992e-06,1.4905783358198631e-06,0.0,0.0,nan,nan,nan,nan,nan,nan,1081.0,0.9677892923355103,18.86542320251465,2.7181108112582226,2.525648800658652,1.628797173500061,1.4319642782211304,0.9677892923355103,30.0,31.0,-0.16635040215137034,-0.22907124089909991,0.1917325610026332
1776384133.416909,5.155345514270748,-6.806590027191302,-0.036313758306844864,1.1823629238548218e-06,1.3300319631598334e-06,0.0,0.0,nan,nan,nan,nan,nan,nan,1081.0,0.9677892923355103,18.86542320251465,2.7181108112582226,2.525648800658652,1.628797173500061,1.4319642782211304,0.9677892923355103,30.0,31.0,-0.1663504019381569,-0.22907124169315513,0.19173255996454217
1776384133.461169,5.155345515857325,-6.806590027543386,-0.036313757489772,1.103785693360914e-06,1.1638180061952515e-06,0.0,0.0,nan,nan,nan,nan,nan,nan,1081.0,0.9818354845046997,18.870912551879883,2.7177969832645315,2.525624963998144,1.6106523275375366,1.4291291236877441,0.9818354845046997,30.0,31.0,-0.16635040172180263,-0.22907124251022798,0.19173255891451052
1776384133.5143015,5.155345517452801,-6.806590027897738,-0.03631375666599233,1.0247847577788487e-06,9.958965635358061e-07,0.0,0.0,nan,nan,nan,nan,nan,nan,1081.0,0.9818354845046997,18.870912551879883,2.7177969832645315,2.525624963998144,1.6106523275375366,1.4291291236877441,0.9818354845046997,30.0,31.0,-0.16635040150414485,-0.22907124333400763,0.19173255785833043
1776384133.5614474,5.155345517452801,-6.806590027897738,-0.03631375666599233,1.0247847577788487e-06,9.958965635358061e-07,0.0,0.0,nan,nan,nan,nan,nan,nan,1081.0,0.9818354845046997,18.870912551879883,2.7177969832645315,2.525624963998144,1.6106523275375366,1.4291291236877441,0.9818354845046997,30.0,31.0,-0.16635040150414485,-0.22907124333400763,0.19173255785833043
1776384133.6105666,5.15534552064759,-6.806590028609202,-0.03631375501957346,8.640384531714396e-07,6.672726689933523e-07,0.0,0.0,nan,nan,nan,nan,nan,nan,1081.0,0.9706586599349976,18.864530563354492,2.7175028142170374,2.525683251300382,1.6201879978179932,1.4231045246124268,0.9706586599349976,30.0,31.0,-0.1663504010661021,-0.22907124498042652,0.19173255574174167
1776384133.6656578,5.155345522241263,-6.80659002896552,-0.03631375419556615,7.830109902846905e-07,5.055582138854455e-07,0.0,0.0,nan,nan,nan,nan,nan,nan,1081.0,0.9706586599349976,18.864530563354492,2.7175028142170374,2.525683251300382,1.6201879978179932,1.4231045246124268,0.9706586599349976,30.0,31.0,-0.16635040084643632,-0.22907124580443383,0.19173255468466102
1776384133.7101054,5.155345523834945,-6.806590029323371,-0.036313753361918784,7.020926285922689e-07,3.419447101688254e-07,0.0,0.0,nan,nan,nan,nan,nan,nan,1081.0,0.9830498695373535,18.857084274291992,2.718479849198259,2.5258780945748804,1.6232861280441284,1.42335844039917,0.9830498695373535,30.0,31.0,-0.166350400626157,-0.2290712466380812,0.19173255362621866
1776384133.7610524,5.155345523834945,-6.806590029323371,-0.036313753361918784,7.020926285922689e-07,3.419447101688254e-07,0.0,0.0,nan,nan,nan,nan,nan,nan,1081.0,0.9830498695373535,18.857084274291992,2.718479849198259,2.5258780945748804,1.6232861280441284,1.42335844039917,0.9830498695373535,30.0,31.0,-0.166350400626157,-0.2290712466380812,0.19173255362621866
1776384133.811195,5.155345525429871,-6.806590029682986,-0.03631375251705087,6.21219204007381e-07,1.759847108419829e-07,0.0,0.0,nan,nan,nan,nan,nan,nan,1081.0,0.9830498695373535,18.857084274291992,2.718479849198259,2.5258780945748804,1.6232861280441284,1.42335844039917,0.9830498695373535,30.0,31.0,-0.1663504004052307,-0.2290712474829491,0.19173255256563668
1776384133.8621862,5.155345527025566,-6.806590030042848,-0.03631375167079097,5.403534615659707e-07,1.0017609933899027e-08,0.0,0.0,nan,nan,nan,nan,nan,nan,1081.0,0.9759135842323303,18.865156173706055,2.717610217045017,2.5253134409323463,1.634170413017273,1.4185943603515625,0.9759135842323303,30.0,31.0,-0.1663504001842174,-0.229071248329209,0.19173255150447743
1776384133.913049,5.155345528621033,-6.806590030403096,-0.036313750817133346,4.5739698114350735e-07,-1.6663436661333514e-07,0.0,0.0,nan,nan,nan,nan,nan,nan,1081.0,0.9759135842323303,18.865156173706055,2.717610217045017,2.5253134409323463,1.634170413017273,1.4185943603515625,0.9759135842323303,30.0,31.0,-0.16635039996351586,-0.22907124918286664,0.19173255044308327
1776384133.9623053,5.155345530236095,-6.806590030774411,-0.03631374990818774,3.723135166374922e-07,-3.567288031768221e-07,0.0,0.0,nan,nan,nan,nan,nan,nan,1081.0,0.9839540123939514,18.859254837036133,2.717732737287121,2.525873638486248,1.6241402626037598,1.4142569303512573,0.9839540123939514,30.0,31.0,-0.16635039973773633,-0.22907125009181223,0.19173254936277354
1776384134.010567,5.155345531502294,-6.806590030978805,-0.03631374978664013,3.3055403464482837e-07,-3.526197164650666e-07,0.0,0.0,nan,nan,nan,nan,nan,nan,1081.0,0.9839540123939514,18.859254837036133,2.717732737287121,2.525873638486248,1.6241402626037598,1.4142569303512573,0.9839540123939514,30.0,31.0,-0.16635039959103545,-0.22907125021335986,0.1917325485925683
1776384134.06012,5.1553455324384645,-6.806590031095132,-0.03631374992790676,3.107727174410607e-07,-2.6620578557879917e-07,0.0,0.0,nan,nan,nan,nan,nan,nan,1081.0,0.9839540123939514,18.859254837036133,2.717732737287121,2.525873638486248,1.6241402626037598,1.4142569303512573,0.9839540123939514,30.0,31.0,-0.16635039949530625,-0.22907125007209322,0.19173254805390877
1776384134.1094224,5.155345533233071,-6.806590031188836,-0.03631375007339474,2.976561625862462e-07,-1.7293358768868052e-07,0.0,0.0,nan,nan,nan,nan,nan,nan,1081.0,0.9795830249786377,18.87192726135254,2.718441008418716,2.5252339327816182,1.6021214723587036,1.4281247854232788,0.9795830249786377,30.0,31.0,-0.166350399416642,-0.22907124992660524,0.19173254760115666
1776384134.1601875,5.155345533233071,-6.806590031188836,-0.03631375007339474,2.976561625862462e-07,-1.7293358768868052e-07,0.0,0.0,nan,nan,nan,nan,nan,nan,1081.0,0.9795830249786377,18.87192726135254,2.718441008418716,2.5252339327816182,1.6021214723587036,1.4281247854232788,0.9795830249786377,30.0,31.0,-0.166350399416642,-0.22907124992660524,0.19173254760115666
1776384134.2161815,5.155345533961973,-6.806590031273212,-0.03631375021072534,2.875508294050267e-07,-7.765194413947809e-08,0.0,0.0,nan,nan,nan,nan,nan,nan,1081.0,0.9795830249786377,18.87192726135254,2.718441008418716,2.5252339327816182,1.6021214723587036,1.4281247854232788,0.9795830249786377,30.0,31.0,-0.16635039934569243,-0.22907124978927465,0.1917325471872402
1776384134.2611837,5.155345534660272,-6.806590031353537,-0.03631375034226254,2.7884531260184505e-07,1.838156673218919e-08,0.0,0.0,nan,nan,nan,nan,nan,nan,1081.0,0.9795830249786377,18.87192726135254,2.718441008418716,2.5252339327816182,1.6021214723587036,1.4281247854232788,0.9795830249786377,30.0,31.0,-0.16635039927823328,-0.22907124965773745,0.1917325467911529
1776384134.3101075,5.155345535344304,-6.8065900314320915,-0.036313750470408766,2.7078990886396814e-07,1.1472465074930367e-07,0.0,0.0,nan,nan,nan,nan,nan,nan,1081.0,0.9763597249984741,18.86758804321289,2.7175540000503533,2.5260795356066517,1.6294209957122803,1.4175080060958862,0.9763597249984741,30.0,31.0,-0.16635039921234748,-0.2290712495295912,0.19173254640327178
1776384134.3643167,5.155345536019989,-6.806590031510515,-0.036313750596824526,2.613210651150814e-07,2.1298453685917192e-07,0.0,0.0,nan,nan,nan,nan,nan,nan,1081.0,0.9763597249984741,18.86758804321289,2.7175540000503533,2.5260795356066517,1.6294209957122803,1.4175080060958862,0.9763597249984741,30.0,31.0,-0.16635039914645502,-0.22907124940317547,0.19173254601939144
1776384134.4106798,5.1553455366855125,-6.806590031595242,-0.03631375070061074,2.506197653470492e-07,3.081852208810379e-07,0.0,0.0,nan,nan,nan,nan,nan,nan,1081.0,0.9773738384246826,18.86444091796875,2.718148574412255,2.5259592274619522,1.6166976690292358,1.4063142538070679,0.9773738384246826,30.0,31.0,-0.16635039907605179,-0.22907124929938924,0.19173254563466122
1776384134.460798,5.155345537350975,-6.806590031684222,-0.036313750780060244,2.420910546556524e-07,4.095211297227687e-07,0.0,0.0,nan,nan,nan,nan,nan,nan,1081.0,0.9773738384246826,18.86444091796875,2.718148574412255,2.5259592274619522,1.6166976690292358,1.4063142538070679,0.9773738384246826,30.0,31.0,-0.16635039900371584,-0.22907124921993974,0.19173254524619482
1776384134.512502,5.155345537350975,-6.806590031684222,-0.036313750780060244,2.420910546556524e-07,4.095211297227687e-07,0.0,0.0,nan,nan,nan,nan,nan,nan,1081.0,0.9773738384246826,18.86444091796875,2.718148574412255,2.5259592274619522,1.6166976690292358,1.4063142538070679,0.9773738384246826,30.0,31.0,-0.16635039900371584,-0.22907124921993974,0.19173254524619482
1776384134.560321,5.155345538682762,-6.806590031830808,-0.036313751056581994,2.2374279739875606e-07,6.44276438439794e-07,0.0,0.0,nan,nan,nan,nan,nan,nan,1081.0,0.9769762754440308,18.874601364135742,2.7177473733427346,2.5255120373211613,1.6199567317962646,1.4201385974884033,0.9769762754440308,30.0,31.0,-0.16635039887921574,-0.229071248943418,0.19173254449663046
1776384134.6121833,5.155345539337655,-6.806590031903422,-0.036313751201072,2.1121465387818482e-07,7.610031724660551e-07,0.0,0.0,nan,nan,nan,nan,nan,nan,1081.0,0.9769762754440308,18.874601364135742,2.7177473733427346,2.5255120373211613,1.6199567317962646,1.4201385974884033,0.9769762754440308,30.0,31.0,-0.166350398816651,-0.22907124879892798,0.191732544127569
1776384134.6609066,5.155345539987138,-6.806590031975425,-0.03631375134441275,1.9896166908081832e-07,8.779442624243386e-07,0.0,0.0,nan,nan,nan,nan,nan,nan,1081.0,0.9776440858840942,18.864540100097656,2.7171851330945933,2.5255824059667114,1.630932331085205,1.419569730758667,0.9776440858840942,30.0,31.0,-0.16635039875461013,-0.22907124865558723,0.19173254376156615
1776384134.7121902,5.1553455406601065,-6.8065900320637756,-0.036313751453657346,2.084939077050092e-07,1.1164243404488332e-06,0.0,0.0,nan,nan,nan,nan,nan,nan,1081.0,0.9776440858840942,18.864540100097656,2.7171851330945933,2.5255824059667114,1.630932331085205,1.419569730758667,0.9776440858840942,30.0,31.0,-0.1663503986803354,-0.22907124854634264,0.19173254337016374
1776384134.7594478,5.155345541417914,-6.806590032181333,-0.036313751512947176,2.0090991475279402e-07,1.2923572070930633e-06,0.0,0.0,nan,nan,nan,nan,nan,nan,1081.0,0.9776440858840942,18.864540100097656,2.7171851330945933,2.5255824059667114,1.630932331085205,1.419569730758667,0.9776440858840942,30.0,31.0,-0.16635039858471576,-0.2290712484870528,0.191732542913426
1776384134.810239,5.15534554214237,-6.806590032219947,-0.03631375164545002,2.646290566310426e-07,1.4381947185537602e-06,0.0,0.0,nan,nan,nan,nan,nan,nan,1081.0,0.9731283187866211,18.874954223632812,2.7177301634251245,2.52578456915029,1.6220523118972778,1.4241141080856323,0.9731283187866211,30.0,31.0,-0.1663503985597973,-0.22907124835454995,0.19173254254208308
1776384134.8613186,5.155345543215506,-6.806590032330858,-0.03631375162419247,3.728944178951725e-07,1.734906367514878e-06,0.0,0.0,nan,nan,nan,nan,nan,nan,1081.0,0.9731283187866211,18.874954223632812,2.7177301634251245,2.52578456915029,1.6220523118972778,1.4241141080856323,0.9731283187866211,30.0,31.0,-0.1663503984899468,-0.2290712483758075,0.19173254194447187
1776384134.909851,5.155345544416546,-6.806590032461444,-0.036313751615573084,5.70831004411458e-07,2.3271360583993268e-06,0.0,0.0,nan,nan,nan,nan,nan,nan,1081.0,0.9704145789146423,18.85381317138672,2.718404307286018,2.525624243486909,1.6269817352294922,1.4278132915496826,0.9704145789146423,30.0,31.0,-0.1663503984038731,-0.22907124838442688,0.1917325412699192
1776384134.960689,5.155345545674804,-6.806590032601832,-0.036313751613766015,5.70831004411458e-07,2.3271360583993268e-06,0.0,0.0,nan,nan,nan,nan,nan,nan,1081.0,0.9704145789146423,18.85381317138672,2.718404307286018,2.525624243486909,1.6269817352294922,1.4278132915496826,0.9704145789146423,30.0,31.0,-0.1663503983094318,-0.22907124838623397,0.19173254056006156
1776384135.009683,5.155345546958876,-6.806590032745897,-0.036313751616413294,6.667004240582253e-07,2.6236739350030683e-06,0.0,0.0,nan,nan,nan,nan,nan,nan,1081.0,0.9788663387298584,18.85950469970703,2.7185219404986345,2.525277827028471,1.6244338750839233,1.4246901273727417,0.9788663387298584,30.0,31.0,-0.16635039821182931,-0.2290712483835867,0.19173253983493574
1776384135.0603964,5.155345548258059,-6.8065900328928315,-0.036313751615387226,7.640550834032479e-07,2.9319407898292193e-06,0.0,0.0,nan,nan,nan,nan,nan,nan,1081.0,0.9788663387298584,18.85950469970703,2.7185219404986345,2.525277827028471,1.6244338750839233,1.4246901273727417,0.9788663387298584,30.0,31.0,-0.16635039811225694,-0.22907124838461276,0.19173253910023666
1776384135.1141071,5.1553455495662135,-6.806590033041511,-0.03631375161267297,8.609319619423508e-07,3.239775329196802e-06,0.0,0.0,nan,nan,nan,nan,nan,nan,1081.0,0.9788663387298584,18.85950469970703,2.7185219404986345,2.525277827028471,1.6244338750839233,1.4246901273727417,0.9788663387298584,30.0,31.0,-0.16635039801142798,-0.229071248387327,0.1917325383598182
1776384135.160087,5.155345550878417,-6.806590033190901,-0.0363137516097938,9.575945815978758e-07,3.547347593417359e-06,0.0,0.0,nan,nan,nan,nan,nan,nan,1081.0,0.9659720063209534,18.851320266723633,2.7178043724760537,2.525374830566707,1.611885905265808,1.4239602088928223,0.9659720063209534,30.0,31.0,-0.1663503979100517,-0.22907124839020618,0.19173253761688636
1776384135.2101874,5.15534555219267,-6.806590033340712,-0.03631375160649881,1.05417289715999e-06,3.855209782167672e-06,0.0,0.0,nan,nan,nan,nan,nan,nan,1081.0,0.9659720063209534,18.851320266723633,2.7178043724760537,2.525374830566707,1.611885905265808,1.4239602088928223,0.9659720063209534,30.0,31.0,-0.16635039780836786,-0.22907124839350118,0.19173253687262748
1776384135.2602427,5.15534555219267,-6.806590033340712,-0.03631375160649881,1.05417289715999e-06,3.855209782167672e-06,0.0,0.0,nan,nan,nan,nan,nan,nan,1081.0,0.9659720063209534,18.851320266723633,2.7178043724760537,2.525374830566707,1.611885905265808,1.4239602088928223,0.9659720063209534,30.0,31.0,-0.16635039780836786,-0.22907124839350118,0.19173253687262748
1776384135.3132098,5.1553455535077415,-6.806590033491208,-0.036313751599252396,1.1509026668555454e-06,4.169715901831024e-06,0.0,0.0,nan,nan,nan,nan,nan,nan,1081.0,0.9659720063209534,18.851320266723633,2.7178043724760537,2.525374830566707,1.611885905265808,1.4239602088928223,0.9659720063209534,30.0,31.0,-0.16635039770640697,-0.22907124840074758,0.19173253612738214
1776384135.3621347,5.155345554823297,-6.806590033642051,-0.0363137515902931,1.2476151179683103e-06,4.483904700067593e-06,0.0,0.0,nan,nan,nan,nan,nan,nan,1081.0,0.9736449122428894,18.84838104248047,2.717987464987272,2.5255903828121484,1.637359380722046,1.4272816181182861,0.9736449122428894,30.0,31.0,-0.16635039760427994,-0.22907124840970688,0.19173253538160417
1776384135.4117694,5.155345554823297,-6.806590033642051,-0.0363137515902931,1.2476151179683103e-06,4.483904700067593e-06,0.0,0.0,nan,nan,nan,nan,nan,nan,1081.0,0.9736449122428894,18.84838104248047,2.717987464987272,2.5255903828121484,1.637359380722046,1.4272816181182861,0.9736449122428894,30.0,31.0,-0.16635039760427994,-0.22907124840970688,0.19173253538160417
1776384135.4641776,5.155345556144609,-6.806590033794518,-0.036313751574362695,1.3485596227573425e-06,4.814334321987657e-06,0.0,0.0,nan,nan,nan,nan,nan,nan,1081.0,0.9736449122428894,18.84838104248047,2.717987464987272,2.5255903828121484,1.637359380722046,1.4272816181182861,0.9736449122428894,30.0,31.0,-0.16635039750140304,-0.22907124842563728,0.19173253463170936
1776384135.510269,5.1553455573587845,-6.806590033923357,-0.03631375164507618,1.3654853188245885e-06,4.9138213572206315e-06,0.0,0.0,nan,nan,nan,nan,nan,nan,1081.0,0.9667821526527405,18.865476608276367,2.7177862351300206,2.5258511447900047,1.6220643520355225,1.420461654663086,0.9667821526527405,30.0,31.0,-0.1663503974099889,-0.22907124835492382,0.19173253395258985
1776384135.5610611,5.15534555829316,-6.806590033993936,-0.03631375181978174,1.3566037898300747e-06,4.920320443420358e-06,0.0,0.0,nan,nan,nan,nan,nan,nan,1081.0,0.9667821526527405,18.865476608276367,2.7177862351300206,2.5258511447900047,1.6220643520355225,1.420461654663086,0.9667821526527405,30.0,31.0,-0.16635039735672474,-0.22907124818021823,0.19173253345525756
1776384135.6222854,5.155345559107314,-6.806590034046231,-0.036313751986008745,1.3524744163374485e-06,4.927579842383295e-06,0.0,0.0,nan,nan,nan,nan,nan,nan,1081.0,0.9667821526527405,18.865476608276367,2.7177862351300206,2.5258511447900047,1.6220643520355225,1.420461654663086,0.9667821526527405,30.0,31.0,-0.16635039731817525,-0.22907124801399123,0.19173253303005924
1776384135.6608374,5.155345559864509,-6.806590034090502,-0.036313752143384045,1.3505110456257415e-06,4.934730914047533e-06,0.0,0.0,nan,nan,nan,nan,nan,nan,1081.0,0.9816356897354126,18.8568172454834,2.7179424231742733,2.5256317674910016,1.6295541524887085,1.4254446029663086,0.9816356897354126,30.0,31.0,-0.16635039728642023,-0.22907124785661592,0.19173253263847184
1776384135.7106297,5.155345559864509,-6.806590034090502,-0.036313752143384045,1.3505110456257415e-06,4.934730914047533e-06,0.0,0.0,nan,nan,nan,nan,nan,nan,1081.0,0.9816356897354126,18.8568172454834,2.7179424231742733,2.5256317674910016,1.6295541524887085,1.4254446029663086,0.9816356897354126,30.0,31.0,-0.16635039728642023,-0.22907124785661592,0.19173253263847184
1776384135.7639143,5.155345560594541,-6.8065900341311325,-0.03631375229541263,1.349579118734967e-06,4.94178052634592e-06,0.0,0.0,nan,nan,nan,nan,nan,nan,1081.0,0.9816356897354126,18.8568172454834,2.7179424231742733,2.5256317674910016,1.6295541524887085,1.4254446029663086,0.9816356897354126,30.0,31.0,-0.16635039725782705,-0.22907124770458737,0.19173253226274858
1776384135.8118973,5.155345561311595,-6.806590034170135,-0.036313752444272755,1.3491374401307306e-06,4.948785462109471e-06,0.0,0.0,nan,nan,nan,nan,nan,nan,1081.0,0.9816356897354126,18.8568172454834,2.7179424231742733,2.5256317674910016,1.6295541524887085,1.4254446029663086,0.9816356897354126,30.0,31.0,-0.16635039723069167,-0.22907124755572722,0.19173253189450642
1776384135.8621979,5.155345561311595,-6.806590034170135,-0.036313752444272755,1.3491374401307306e-06,4.948785462109471e-06,0.0,0.0,nan,nan,nan,nan,nan,nan,1081.0,0.9733597636222839,18.846105575561523,2.7178264871225877,2.5253083745222007,1.617133378982544,1.4289991855621338,0.9733597636222839,30.0,31.0,-0.16635039723069167,-0.22907124755572722,0.19173253189450642
1776384135.9127474,5.155345562022423,-6.806590034208458,-0.03631375259111642,1.3489295353297097e-06,4.9557793286430204e-06,0.0,0.0,nan,nan,nan,nan,nan,nan,1081.0,0.9733597636222839,18.846105575561523,2.7178264871225877,2.5253083745222007,1.617133378982544,1.4289991855621338,0.9733597636222839,30.0,31.0,-0.16635039720420153,-0.22907124740888357,0.1917325315297633
1776384135.9650495,5.155345562022423,-6.806590034208458,-0.03631375259111642,1.3489295353297097e-06,4.9557793286430204e-06,0.0,0.0,nan,nan,nan,nan,nan,nan,1081.0,0.9733597636222839,18.846105575561523,2.7178264871225877,2.5253083745222007,1.617133378982544,1.4289991855621338,0.9733597636222839,30.0,31.0,-0.16635039720420153,-0.22907124740888357,0.1917325315297633
1776384136.0112674,5.155345563436556,-6.806590034284612,-0.036313752880692336,1.3487877397244548e-06,4.969800007965886e-06,0.0,0.0,nan,nan,nan,nan,nan,nan,1081.0,0.9854551553726196,18.862403869628906,2.7178138372084257,2.5256530225142746,1.6320147514343262,1.4247492551803589,0.9854551553726196,30.0,31.0,-0.16635039715183178,-0.22907124711930765,0.1917325308042138
1776384136.0613184,5.155345563436556,-6.806590034284612,-0.036313752880692336,1.3487877397244548e-06,4.969800007965886e-06,0.0,0.0,nan,nan,nan,nan,nan,nan,1081.0,0.9854551553726196,18.862403869628906,2.7178138372084257,2.5256530225142746,1.6320147514343262,1.4247492551803589,0.9854551553726196,30.0,31.0,-0.16635039715183178,-0.22907124711930765,0.1917325308042138
1776384136.111163,5.155345564142114,-6.806590034322757,-0.03631375302382706,1.3487683907406081e-06,4.976839103216763e-06,0.0,0.0,nan,nan,nan,nan,nan,nan,1081.0,0.9854551553726196,18.862403869628906,2.7178138372084257,2.5256530225142746,1.6320147514343262,1.4247492551803589,0.9854551553726196,30.0,31.0,-0.16635039712568234,-0.22907124697617293,0.19173253044208116
1776384136.1606529,5.155345564847255,-6.8065900343610295,-0.036313753165956794,1.3487605110187513e-06,4.983901121877638e-06,0.0,0.0,nan,nan,nan,nan,nan,nan,1081.0,0.9736690521240234,18.86644172668457,2.7178836722378374,2.525971981351839,1.625239372253418,1.4246625900268555,0.9736690521240234,30.0,31.0,-0.16635039709948568,-0.22907124683404317,0.1917325300800296
1776384136.2101214,5.155345565552135,-6.806590034399449,-0.03631375330711731,1.348758428677885e-06,4.990986628957165e-06,0.0,0.0,nan,nan,nan,nan,nan,nan,1081.0,0.9736690521240234,18.86644172668457,2.7178836722378374,2.525971981351839,1.625239372253418,1.4246625900268555,0.9736690521240234,30.0,31.0,-0.16635039707322466,-0.22907124669288267,0.1917325297179687
1776384136.2621624,5.155345566255916,-6.806590034422929,-0.03631375349886831,1.3485800883383546e-06,5.008339494550768e-06,0.0,0.0,nan,nan,nan,nan,nan,nan,1081.0,0.9736690521240234,18.86644172668457,2.7178836722378374,2.525971981351839,1.625239372253418,1.4246625900268555,0.9736690521240234,30.0,31.0,-0.16635039705703084,-0.22907124650113167,0.19173252936964336
1776384136.309721,5.155345566255916,-6.806590034422929,-0.03631375349886831,1.3485800883383546e-06,5.008339494550768e-06,0.0,0.0,nan,nan,nan,nan,nan,nan,1081.0,0.9736690521240234,18.86644172668457,2.7178836722378374,2.525971981351839,1.625239372253418,1.4246625900268555,0.9736690521240234,30.0,31.0,-0.16635039705703084,-0.22907124650113167,0.19173252936964336
1776384136.3613195,5.155345566956848,-6.806590034438204,-0.036313753724233386,1.3484586945576212e-06,5.032974169333741e-06,0.0,0.0,nan,nan,nan,nan,nan,nan,1081.0,0.9745882153511047,18.859920501708984,2.717766481235444,2.5256777162653012,1.6294176578521729,1.422136902809143,0.9745882153511047,30.0,31.0,-0.16635039704572854,-0.22907124627576658,0.19173252902990545
1776384136.4133263,5.155345567656156,-6.806590034452937,-0.03631375395186625,1.348388051883715e-06,5.057961694783011e-06,0.0,0.0,nan,nan,nan,nan,nan,nan,1081.0,0.9745882153511047,18.859920501708984,2.717766481235444,2.5256777162653012,1.6294176578521729,1.422136902809143,0.9745882153511047,30.0,31.0,-0.1663503970346925,-0.22907124604813373,0.19173252869140311
1776384136.4601088,5.155345568354571,-6.80659003446763,-0.03631375417908996,1.3483447417830746e-06,5.0830374174433014e-06,0.0,0.0,nan,nan,nan,nan,nan,nan,1081.0,0.9745882153511047,18.859920501708984,2.717766481235444,2.5256777162653012,1.6294176578521729,1.422136902809143,0.9745882153511047,30.0,31.0,-0.1663503970237039,-0.22907124582091,0.1917325283533528
1776384136.5105696,5.15534556905249,-6.806590034482408,-0.03631375440546358,1.3483160641794555e-06,5.108156010944793e-06,0.0,0.0,nan,nan,nan,nan,nan,nan,1081.0,0.9693682193756104,18.86946678161621,2.718074479553018,2.525117979288546,1.6129181385040283,1.4167649745941162,0.9693682193756104,30.0,31.0,-0.16635039701269222,-0.2290712455945364,0.1917325280154569
1776384136.5606031,5.15534556905249,-6.806590034482408,-0.03631375440546358,1.3483160641794555e-06,5.108156010944793e-06,0.0,0.0,nan,nan,nan,nan,nan,nan,1081.0,0.9693682193756104,18.86946678161621,2.718074479553018,2.525117979288546,1.6129181385040283,1.4167649745941162,0.9693682193756104,30.0,31.0,-0.16635039701269222,-0.2290712455945364,0.1917325280154569
1776384136.6131988,5.155345569750124,-6.8065900344969,-0.036313754631385024,1.348296221623743e-06,5.1286285389500265e-06,0.0,0.0,nan,nan,nan,nan,nan,nan,1081.0,0.9693682193756104,18.86946678161621,2.718074479553018,2.525117979288546,1.6129181385040283,1.4167649745941162,0.9693682193756104,30.0,31.0,-0.1663503970019991,-0.22907124536861495,0.19173252767794682
1776384136.6644034,5.155345570447211,-6.806590034507728,-0.03631375486341578,1.3482662359256546e-06,5.1359742670668355e-06,0.0,0.0,nan,nan,nan,nan,nan,nan,1081.0,0.9789006114006042,18.863277435302734,2.7178640157728697,2.5257744650042984,1.6219736337661743,1.4262993335723877,0.9789006114006042,30.0,31.0,-0.16635039699436593,-0.2290712451365842,0.19173252734393495
1776384136.7143154,5.155345571143748,-6.806590034518386,-0.03631375509578449,1.3482566036455156e-06,5.143567152872688e-06,0.0,0.0,nan,nan,nan,nan,nan,nan,1081.0,0.9789006114006042,18.863277435302734,2.7178640157728697,2.5257744650042984,1.6219736337661743,1.4262993335723877,0.9789006114006042,30.0,31.0,-0.16635039698685009,-0.2290712449042155,0.19173252701032906
1776384136.763596,5.155345571839953,-6.806590034529139,-0.03631375532740721,1.3482542862205956e-06,5.151205383015775e-06,0.0,0.0,nan,nan,nan,nan,nan,nan,1081.0,0.9789006114006042,18.863277435302734,2.7178640157728697,2.5257744650042984,1.6219736337661743,1.4262993335723877,0.9789006114006042,30.0,31.0,-0.1663503969792992,-0.22907124467259277,0.1917325266767945
1776384136.8112702,5.155345571839953,-6.806590034529139,-0.03631375532740721,1.3482542862205956e-06,5.151205383015775e-06,0.0,0.0,nan,nan,nan,nan,nan,nan,1081.0,0.9748106002807617,18.87314224243164,2.7179563268260973,2.525893798885603,1.6104555130004883,1.4278969764709473,0.9748106002807617,30.0,31.0,-0.1663503969792992,-0.22907124467259277,0.1917325266767945
1776384136.8623128,5.155345572535933,-6.806590034540026,-0.03631375555813805,1.3482560994806067e-06,5.158872700366973e-06,0.0,0.0,nan,nan,nan,nan,nan,nan,1081.0,0.9748106002807617,18.87314224243164,2.7179563268260973,2.525893798885603,1.6104555130004883,1.4278969764709473,0.9748106002807617,30.0,31.0,-0.1663503969716903,-0.22907124444186194,0.19173252634324495
1776384136.9111454,5.155345573231746,-6.806590034551062,-0.03631375578795632,1.348260172542507e-06,5.166568590271072e-06,0.0,0.0,nan,nan,nan,nan,nan,nan,1081.0,0.9748106002807617,18.87314224243164,2.7179563268260973,2.525893798885603,1.6104555130004883,1.4278969764709473,0.9748106002807617,30.0,31.0,-0.16635039696401321,-0.22907124421204367,0.1917325260096411
1776384136.9618607,5.155345573231746,-6.806590034551062,-0.03631375578795632,1.3482647931429365e-06,5.174291813439664e-06,0.0,0.0,nan,nan,nan,nan,nan,nan,1081.0,0.9829221367835999,18.88480567932129,2.7175659961881293,2.5261756411786402,1.6108431816101074,1.4257553815841675,0.9829221367835999,30.0,31.0,-0.16635039696401321,-0.22907124421204367,0.1917325260096411
1776384137.0142884,5.155345573927419,-6.80659003456225,-0.03631375601685276,1.3482647931429365e-06,5.174291813439664e-06,0.0,0.0,nan,nan,nan,nan,nan,nan,1081.0,0.9829221367835999,18.88480567932129,2.7175659961881293,2.5261756411786402,1.6108431816101074,1.4257553815841675,0.9829221367835999,30.0,31.0,-0.16635039695626802,-0.2290712439831472,0.1917325256759689
1776384137.0602353,5.155345574622964,-6.806590034573594,-0.03631375624482088,1.3482699819125805e-06,5.182043217429632e-06,0.0,0.0,nan,nan,nan,nan,nan,nan,1081.0,0.9829221367835999,18.88480567932129,2.7175659961881293,2.5261756411786402,1.6108431816101074,1.4257553815841675,0.9829221367835999,30.0,31.0,-0.16635039694845047,-0.2290712437551791,0.19173252534221788
1776384137.111628,5.155345575318387,-6.806590034585096,-0.03631375647186237,1.3482749547729752e-06,5.1898203410645946e-06,0.0,0.0,nan,nan,nan,nan,nan,nan,1081.0,0.9829221367835999,18.88480567932129,2.7175659961881293,2.5261756411786402,1.6108431816101074,1.4257553815841675,0.9829221367835999,30.0,31.0,-0.16635039694055884,-0.22907124352813762,0.19173252500838356
1776384137.1631114,5.155345575318387,-6.806590034585096,-0.03631375647186237,1.3482749547729752e-06,5.1898203410645946e-06,0.0,0.0,nan,nan,nan,nan,nan,nan,1081.0,0.9765509366989136,18.877222061157227,2.7183979611833484,2.525691676589421,1.6155728101730347,1.4268875122070312,0.9765509366989136,30.0,31.0,-0.16635039694055884,-0.22907124352813762,0.19173252500838356
1776384137.212195,5.1553455760136915,-6.80659003459675,-0.036313756697990196,1.3482803594936575e-06,5.197625054415193e-06,0.0,0.0,nan,nan,nan,nan,nan,nan,1081.0,0.9765509366989136,18.877222061157227,2.7183979611833484,2.525691676589421,1.6155728101730347,1.4268875122070312,0.9765509366989136,30.0,31.0,-0.16635039693259734,-0.22907124330200979,0.19173252467446944
1776384137.2601507,5.155345576709044,-6.806590034612733,-0.03631375690925317,1.3483758865148235e-06,5.202947524750379e-06,0.0,0.0,nan,nan,nan,nan,nan,nan,1081.0,0.9765509366989136,18.877222061157227,2.7183979611833484,2.525691676589421,1.6155728101730347,1.4268875122070312,0.9765509366989136,30.0,31.0,-0.1663503969217295,-0.2290712430907468,0.19173252433670218
1776384137.3132844,5.155345577406661,-6.806590034639789,-0.036313757077780714,1.3485267253805937e-06,5.199265624318868e-06,0.0,0.0,nan,nan,nan,nan,nan,nan,1081.0,0.9682556986808777,18.852102279663086,2.7180784764276624,2.52565832086509,1.626108169555664,1.422051191329956,0.9682556986808777,30.0,31.0,-0.16635039690395245,-0.22907124292221925,0.19173252398808024
1776384137.3602874,5.155345578105847,-6.8065900346679475,-0.03631375724081169,1.3486160653448064e-06,5.1950936149856875e-06,0.0,0.0,nan,nan,nan,nan,nan,nan,1081.0,0.9682556986808777,18.852102279663086,2.7180784764276624,2.52565832086509,1.626108169555664,1.422051191329956,0.9682556986808777,30.0,31.0,-0.16635039688565406,-0.22907124275918828,0.19173252363775153
1776384137.4121509,5.15534557880579,-6.806590034696533,-0.036313757402120006,1.3486747513261675e-06,5.19085612741498e-06,0.0,0.0,nan,nan,nan,nan,nan,nan,1081.0,0.9682556986808777,18.852102279663086,2.7180784764276624,2.52565832086509,1.626108169555664,1.422051191329956,0.9682556986808777,30.0,31.0,-0.16635039686712128,-0.22907124259787998,0.19173252328669374
1776384137.459422,5.155345579506059,-6.806590034725388,-0.03631375756229733,1.3487176810953575e-06,5.1866088761629006e-06,0.0,0.0,nan,nan,nan,nan,nan,nan,1081.0,0.9810206890106201,18.8663387298584,2.7180824485451507,2.5256320855224845,1.6318871974945068,1.4239764213562012,0.9810206890106201,30.0,31.0,-0.16635039684843833,-0.22907124243770266,0.1917325229352448
1776384137.5095081,5.155345580206429,-6.8065900347544686,-0.036313757721422896,1.3487526294846385e-06,5.18236082902e-06,0.0,0.0,nan,nan,nan,nan,nan,nan,1081.0,0.9810206890106201,18.8663387298584,2.7180824485451507,2.5256320855224845,1.6318871974945068,1.4239764213562012,0.9810206890106201,30.0,31.0,-0.1663503968296339,-0.2290712422785771,0.19173252258354906
1776384137.5612476,5.155345580906797,-6.806590034783755,-0.03631375787950036,1.3487838583046657e-06,5.178114155082238e-06,0.0,0.0,nan,nan,nan,nan,nan,nan,1081.0,0.9730231761932373,18.861061096191406,2.7176368817149434,2.525210500390735,1.6150619983673096,1.4276310205459595,0.9730231761932373,30.0,31.0,-0.1663503968107234,-0.22907124212049962,0.1917325222316722
1776384137.6111417,5.155345581607107,-6.806590034813238,-0.036313758036533125,1.3488133343788859e-06,5.173867405622291e-06,0.0,0.0,nan,nan,nan,nan,nan,nan,1081.0,0.9730231761932373,18.861061096191406,2.7176368817149434,2.525210500390735,1.6150619983673096,1.4276310205459595,0.9730231761932373,30.0,31.0,-0.1663503967917142,-0.22907124196346684,0.19173252187964848
1776384137.6621768,5.155345582307331,-6.806590034843001,-0.03631375819243465,1.3488381139934195e-06,5.171562082870433e-06,0.0,0.0,nan,nan,nan,nan,nan,nan,1081.0,0.9730231761932373,18.861061096191406,2.7176368817149434,2.525210500390735,1.6150619983673096,1.4276310205459595,0.9730231761932373,30.0,31.0,-0.16635039677253013,-0.22907124180756533,0.19173252152741727
1776384137.7100976,5.155345583007638,-6.80659003487547,-0.036313758343005945,1.3488659691449905e-06,5.179913409783282e-06,0.0,0.0,nan,nan,nan,nan,nan,nan,1081.0,0.9729837775230408,18.87405776977539,2.717993680466997,2.5250658371722805,1.6304985284805298,1.4305068254470825,0.9729837775230408,30.0,31.0,-0.1663503967511528,-0.22907124165699405,0.19173252117275183
1776384137.7603035,5.15534558370811,-6.80659003490843,-0.03631375849146455,1.3488804080952535e-06,5.188093350837746e-06,0.0,0.0,nan,nan,nan,nan,nan,nan,1081.0,0.9729837775230408,18.87405776977539,2.717993680466997,2.5250658371722805,1.6304985284805298,1.4305068254470825,0.9729837775230408,30.0,31.0,-0.16635039672949287,-0.22907124150853542,0.19173252081757597
1776384137.8112493,5.155345584408615,-6.806590034941627,-0.03631375863872741,1.3488902894104736e-06,5.196286664087306e-06,0.0,0.0,nan,nan,nan,nan,nan,nan,1081.0,0.9825652837753296,18.87453842163086,2.7180239693309067,2.5263318850732333,1.625917673110962,1.41399347782135,0.9825652837753296,30.0,31.0,-0.1663503967077103,-0.22907124136127258,0.19173252046217376
1776384137.8614824,5.155345584408615,-6.806590034941627,-0.03631375863872741,1.3488902894104736e-06,5.196286664087306e-06,0.0,0.0,nan,nan,nan,nan,nan,nan,1081.0,0.9825652837753296,18.87453842163086,2.7180239693309067,2.5263318850732333,1.625917673110962,1.41399347782135,0.9825652837753296,30.0,31.0,-0.1663503967077103,-0.22907124136127258,0.19173252046217376
1776384137.9122262,5.155345585108498,-6.8065900349631585,-0.03631375882496905,1.3487367570290718e-06,5.212373120138475e-06,0.0,0.0,nan,nan,nan,nan,nan,nan,1081.0,0.9825652837753296,18.87453842163086,2.7180239693309067,2.5263318850732333,1.625917673110962,1.41399347782135,0.9825652837753296,30.0,31.0,-0.16635039669384757,-0.22907124117503092,0.19173252011738706
1776384137.9600892,5.155345585805346,-6.806590034972299,-0.036313759059739305,1.3486008167962502e-06,5.2391878008649565e-06,0.0,0.0,nan,nan,nan,nan,nan,nan,1081.0,0.9806674718856812,18.854385375976562,2.7178740254383635,2.5253703046830602,1.6163471937179565,1.4233087301254272,0.9806674718856812,30.0,31.0,-0.16635039668763096,-0.22907124094026068,0.19173251978498004
1776384138.009422,5.155345586500312,-6.806590034980682,-0.036313759298020706,1.3485239180627925e-06,5.266504187623653e-06,0.0,0.0,nan,nan,nan,nan,nan,nan,1081.0,0.9806674718856812,18.854385375976562,2.7178740254383635,2.5253703046830602,1.6163471937179565,1.4233087301254272,0.9806674718856812,30.0,31.0,-0.16635039668176752,-0.22907124070197926,0.19173251945411873
1776384138.0646071,5.1553455871942475,-6.8065900349889965,-0.03631375953599955,1.348479003037038e-06,5.293932317699965e-06,0.0,0.0,nan,nan,nan,nan,nan,nan,1081.0,0.9806674718856812,18.854385375976562,2.7178740254383635,2.5253703046830602,1.6163471937179565,1.4233087301254272,0.9806674718856812,30.0,31.0,-0.16635039667596474,-0.22907124046400043,0.1917325191237982
1776384138.1143405,5.155345587887618,-6.806590034997409,-0.0363137597730391,1.348451600972305e-06,5.321409842540233e-06,0.0,0.0,nan,nan,nan,nan,nan,nan,1081.0,0.9765535593032837,18.85906219482422,2.7179421664497347,2.5260177310208984,1.6207122802734375,1.4288488626480103,0.9765535593032837,30.0,31.0,-0.16635039667013246,-0.22907124022696088,0.19173251879365336
1776384138.1605737,5.155345587887618,-6.806590034997409,-0.0363137597730391,1.348451600972305e-06,5.321409842540233e-06,0.0,0.0,nan,nan,nan,nan,nan,nan,1081.0,0.9765535593032837,18.85906219482422,2.7179421664497347,2.5260177310208984,1.6207122802734375,1.4288488626480103,0.9765535593032837,30.0,31.0,-0.16635039667013246,-0.22907124022696088,0.19173251879365336
1776384138.2112842,5.155345588580657,-6.806590035005972,-0.03631376000904302,1.34843244304495e-06,5.348924807343065e-06,0.0,0.0,nan,nan,nan,nan,nan,nan,1081.0,0.9765535593032837,18.85906219482422,2.7179421664497347,2.5260177310208984,1.6207122802734375,1.4288488626480103,0.9765535593032837,30.0,31.0,-0.1663503966642369,-0.22907123999095697,0.19173251846353023
1776384138.2635424,5.155345589273466,-6.806590035013153,-0.036313760246329076,1.3484090278036101e-06,5.366227488375218e-06,0.0,0.0,nan,nan,nan,nan,nan,nan,1081.0,0.9773110151290894,18.859472274780273,2.717845663056122,2.5252323527741347,1.61460542678833,1.423247218132019,0.9773110151290894,30.0,31.0,-0.16635039665959184,-0.2290712397536709,0.19173251813473696
1776384138.309792,5.155345589965638,-6.806590035017368,-0.036313760489170704,1.3483900772733115e-06,5.374927395420388e-06,0.0,0.0,nan,nan,nan,nan,nan,nan,1081.0,0.9773110151290894,18.859472274780273,2.717845663056122,2.5252323527741347,1.61460542678833,1.423247218132019,0.9773110151290894,30.0,31.0,-0.16635039665735857,-0.22907123951082928,0.19173251780886613
1776384138.3703718,5.155345590657336,-6.8065900350215855,-0.03631376073168985,1.3483844769589653e-06,5.383731573644761e-06,0.0,0.0,nan,nan,nan,nan,nan,nan,1081.0,0.9773110151290894,18.859472274780273,2.717845663056122,2.5252323527741347,1.61460542678833,1.423247218132019,0.9773110151290894,30.0,31.0,-0.1663503966551353,-0.22907123926831013,0.19173251748321254
1776384138.4142597,5.155345591348737,-6.806590035025941,-0.03631376097328784,1.3483854964059337e-06,5.392577203964292e-06,0.0,0.0,nan,nan,nan,nan,nan,nan,1081.0,0.9805213809013367,18.857975006103516,2.71823771936159,2.5255366820527048,1.6318464279174805,1.4254446029663086,0.9805213809013367,30.0,31.0,-0.16635039665285145,-0.22907123902671214,0.19173251715757553
1776384138.4660935,5.155345592039934,-6.806590035030459,-0.03631376121386192,1.3483957715121588e-06,5.410358220731053e-06,0.0,0.0,nan,nan,nan,nan,nan,nan,1081.0,0.9805213809013367,18.857975006103516,2.71823771936159,2.5255366820527048,1.6318464279174805,1.4254446029663086,0.9805213809013367,30.0,31.0,-0.16635039665049542,-0.22907123878613805,0.19173251683188935
1776384138.5116167,5.155345592730977,-6.806590035035158,-0.036313761453393115,1.3483957715121588e-06,5.410358220731053e-06,0.0,0.0,nan,nan,nan,nan,nan,nan,1081.0,0.9726006388664246,18.861906051635742,2.7177011271961082,2.526028839855241,1.6227824687957764,1.4248086214065552,0.9726006388664246,30.0,31.0,-0.166350396648053,-0.22907123854660688,0.19173251650611547
1776384138.5632236,5.155345593421886,-6.806590035040034,-0.03631376169188592,1.3484025072696214e-06,5.419291982365456e-06,0.0,0.0,nan,nan,nan,nan,nan,nan,1081.0,0.9726006388664246,18.861906051635742,2.7177011271961082,2.526028839855241,1.6227824687957764,1.4248086214065552,0.9726006388664246,30.0,31.0,-0.16635039664552725,-0.22907123830811407,0.1917325161802464
1776384138.6122878,5.155345594112672,-6.806590035045095,-0.0363137619293357,1.3484094224628774e-06,5.428255998237892e-06,0.0,0.0,nan,nan,nan,nan,nan,nan,1081.0,0.9726006388664246,18.861906051635742,2.7177011271961082,2.526028839855241,1.6227824687957764,1.4248086214065552,0.9726006388664246,30.0,31.0,-0.1663503966429118,-0.2290712380706643,0.1917325158542717
1776384138.6598024,5.15534559480334,-6.806590035050335,-0.03631376216574746,1.348416521577558e-06,5.437247734725667e-06,0.0,0.0,nan,nan,nan,nan,nan,nan,1081.0,0.9845194220542908,18.843345642089844,2.7179729318751105,2.5254276777718307,1.6274689435958862,1.416149377822876,0.9845194220542908,30.0,31.0,-0.16635039664021178,-0.22907123783425254,0.19173251552819234
1776384138.7095182,5.155345595493892,-6.806590035055761,-0.03631376240111688,1.3484236410126235e-06,5.446269329683449e-06,0.0,0.0,nan,nan,nan,nan,nan,nan,1081.0,0.9845194220542908,18.843345642089844,2.7179729318751105,2.5254276777718307,1.6274689435958862,1.416149377822876,0.9845194220542908,30.0,31.0,-0.16635039663742138,-0.2290712375988831,0.19173251520200327
1776384138.7746432,5.155345596184329,-6.806590035061367,-0.0363137626354468,1.3484305853254391e-06,5.455319453232136e-06,0.0,0.0,nan,nan,nan,nan,nan,nan,1081.0,0.9845194220542908,18.843345642089844,2.7179729318751105,2.5254276777718307,1.6274689435958862,1.416149377822876,0.9845194220542908,30.0,31.0,-0.16635039663454573,-0.22907123736455318,0.19173251487570792
1776384138.8153255,5.155345596874654,-6.806590035067159,-0.0363137628687383,1.34843777703528e-06,5.464398022623606e-06,0.0,0.0,nan,nan,nan,nan,nan,nan,1081.0,0.9828148484230042,18.854557037353516,2.717963712784452,2.52562128458885,1.6220262050628662,1.4255398511886597,0.9828148484230042,30.0,31.0,-0.1663503966315795,-0.22907123713126168,0.19173251454930035
1776384138.8602724,5.155345597564866,-6.806590035073134,-0.03631376310098883,1.3484447399402037e-06,5.473506234044244e-06,0.0,0.0,nan,nan,nan,nan,nan,nan,1081.0,0.9828148484230042,18.854557037353516,2.717963712784452,2.52562128458885,1.6220262050628662,1.4255398511886597,0.9828148484230042,30.0,31.0,-0.16635039662852555,-0.22907123689901115,0.19173251422278373
1776384138.9114542,5.1553455982549625,-6.806590035079291,-0.03631376333219574,1.3484517303134372e-06,5.482643686476249e-06,0.0,0.0,nan,nan,nan,nan,nan,nan,1081.0,0.9741552472114563,18.85256004333496,2.717645138639967,2.5255879950177986,1.6250536441802979,1.4159210920333862,0.9741552472114563,30.0,31.0,-0.1663503966253841,-0.22907123666780424,0.19173251389615856
1776384138.9595695,5.1553455989449475,-6.806590035085632,-0.03631376356236255,1.3484584416614544e-06,5.4918102466523464e-06,0.0,0.0,nan,nan,nan,nan,nan,nan,1081.0,0.9741552472114563,18.85256004333496,2.717645138639967,2.5255879950177986,1.6250536441802979,1.4159210920333862,0.9741552472114563,30.0,31.0,-0.1663503966221549,-0.22907123643763744,0.19173251356942347
1776384139.011247,5.155345599634815,-6.806590035092154,-0.03631376379149328,1.3484652593949555e-06,5.501005901805263e-06,0.0,0.0,nan,nan,nan,nan,nan,nan,1081.0,0.9741552472114563,18.85256004333496,2.717645138639967,2.5255879950177986,1.6250536441802979,1.4159210920333862,0.9741552472114563,30.0,31.0,-0.16635039661883913,-0.2290712362085067,0.19173251324258261
1776384139.0626435,5.155345599634815,-6.806590035092154,-0.03631376379149328,1.3484652593949555e-06,5.501005901805263e-06,0.0,0.0,nan,nan,nan,nan,nan,nan,1081.0,0.9788387417793274,18.85112762451172,2.717705826368958,2.5256358491415387,1.621873378753662,1.4247952699661255,0.9788387417793274,30.0,31.0,-0.16635039661883913,-0.2290712362085067,0.19173251324258261
1776384139.109789,5.155345600324571,-6.80659003509886,-0.03631376401958196,1.3484718258361459e-06,5.510229928717653e-06,0.0,0.0,nan,nan,nan,nan,nan,nan,1081.0,0.9788387417793274,18.85112762451172,2.717705826368958,2.5256358491415387,1.621873378753662,1.4247952699661255,0.9788387417793274,30.0,31.0,-0.16635039661543496,-0.229071235980418,0.1917325129156311
1776384139.1609917,5.155345601014211,-6.806590035105747,-0.03631376424663155,1.3484787291743434e-06,5.519483536370881e-06,0.0,0.0,nan,nan,nan,nan,nan,nan,1081.0,0.9788387417793274,18.85112762451172,2.717705826368958,2.5256358491415387,1.621873378753662,1.4247952699661255,0.9788387417793274,30.0,31.0,-0.16635039661194453,-0.22907123575336844,0.19173251258857296
1776384139.2093353,5.155345601703737,-6.806590035112818,-0.03631376447263717,1.348485234908841e-06,5.528765280651236e-06,0.0,0.0,nan,nan,nan,nan,nan,nan,1081.0,0.9788387417793274,18.85112762451172,2.717705826368958,2.5256358491415387,1.621873378753662,1.4247952699661255,0.9788387417793274,30.0,31.0,-0.16635039660836487,-0.2290712355273628,0.19173251226140464
1776384139.2607055,5.155345601703737,-6.806590035112818,-0.03631376447263717,1.348485234908841e-06,5.528765280651236e-06,0.0,0.0,nan,nan,nan,nan,nan,nan,1081.0,0.9751513004302979,18.85816764831543,2.717715006807576,2.52536000236104,1.6261686086654663,1.4026873111724854,0.9751513004302979,30.0,31.0,-0.16635039660836487,-0.2290712355273628,0.19173251226140464
1776384139.309414,5.1553456023929245,-6.806590035112313,-0.03631376472312292,1.3483634503589847e-06,5.54269330505255e-06,0.0,0.0,nan,nan,nan,nan,nan,nan,1081.0,0.9751513004302979,18.85816764831543,2.717715006807576,2.52536000236104,1.6261686086654663,1.4026873111724854,0.9751513004302979,30.0,31.0,-0.1663503966100112,-0.22907123527687706,0.19173251194110025
1776384139.3595283,5.155345603078787,-6.806590035093407,-0.03631376504282136,1.348189013639325e-06,5.571938509202221e-06,0.0,0.0,nan,nan,nan,nan,nan,nan,1081.0,0.9751513004302979,18.85816764831543,2.717715006807576,2.52536000236104,1.6261686086654663,1.4026873111724854,0.9751513004302979,30.0,31.0,-0.16635039662332657,-0.22907123495717863,0.1917325116386292
1776384139.413263,5.155345603762226,-6.806590035073177,-0.036313765369070584,1.3480955036989084e-06,5.602072360567155e-06,0.0,0.0,nan,nan,nan,nan,nan,nan,1081.0,0.9751766324043274,18.861244201660156,2.7173703145804393,2.5255213810202557,1.635368824005127,1.42503023147583,0.9751766324043274,30.0,31.0,-0.16635039663725285,-0.2290712346309294,0.19173251133845873
1776384139.4617941,5.1553456044450146,-6.806590035061755,-0.03631376566412536,1.3482069517120618e-06,5.6261243618059e-06,0.0,0.0,nan,nan,nan,nan,nan,nan,1081.0,0.9751766324043274,18.861244201660156,2.7173703145804393,2.5255213810202557,1.635368824005127,1.42503023147583,0.9751766324043274,30.0,31.0,-0.16635039664532722,-0.22907123433587462,0.19173251103079447
1776384139.5101545,5.155345605130096,-6.806590035059628,-0.03631376592121408,1.3483249491346597e-06,5.642247677501289e-06,0.0,0.0,nan,nan,nan,nan,nan,nan,1081.0,0.9820995926856995,18.853458404541016,2.717681658256947,2.525851368711079,1.627178430557251,1.4152687788009644,0.9820995926856995,30.0,31.0,-0.16635039664781567,-0.2290712340787859,0.1917325107138365
1776384139.5602589,5.155345605816491,-6.806590035058414,-0.03631376617385619,1.348394912929713e-06,5.6580446203963466e-06,0.0,0.0,nan,nan,nan,nan,nan,nan,1081.0,0.9820995926856995,18.853458404541016,2.717681658256947,2.525851368711079,1.627178430557251,1.4152687788009644,0.9820995926856995,30.0,31.0,-0.16635039664986329,-0.2290712338261438,0.19173251039545905
1776384139.6111357,5.155345606503508,-6.8065900350576,-0.036313766424841305,1.3484386710369775e-06,5.6737968385061746e-06,0.0,0.0,nan,nan,nan,nan,nan,nan,1081.0,0.9820995926856995,18.853458404541016,2.717681658256947,2.525851368711079,1.627178430557251,1.4152687788009644,0.9820995926856995,30.0,31.0,-0.16635039665169118,-0.22907123357515868,0.1917325100764373
1776384139.6654413,5.15534560719066,-6.806590035053854,-0.036313766680082266,1.3484533069678308e-06,5.672105827670277e-06,0.0,0.0,nan,nan,nan,nan,nan,nan,1081.0,0.9652225375175476,18.870895385742188,2.717619247562239,2.5255811000047315,1.6227084398269653,1.4222532510757446,0.9652225375175476,30.0,31.0,-0.16635039665604906,-0.22907123331991772,0.1917325097599489
1776384139.7099774,5.15534560719066,-6.806590035053854,-0.036313766680082266,1.3484533069678308e-06,5.672105827670277e-06,0.0,0.0,nan,nan,nan,nan,nan,nan,1081.0,0.9652225375175476,18.870895385742188,2.717619247562239,2.5255811000047315,1.6227084398269653,1.4222532510757446,0.9652225375175476,30.0,31.0,-0.16635039665604906,-0.22907123331991772,0.1917325097599489
1776384139.7602048,5.155345607877339,-6.806590035048397,-0.036313766938927065,1.3484739155036687e-06,5.6675478775211526e-06,0.0,0.0,nan,nan,nan,nan,nan,nan,1081.0,0.9652225375175476,18.870895385742188,2.717619247562239,2.5255811000047315,1.6227084398269653,1.4222532510757446,0.9652225375175476,30.0,31.0,-0.16635039666175572,-0.2290712330610729,0.19173250944519452
1776384139.8120964,5.155345608563705,-6.806590035043043,-0.03631376719707784,1.3485011849965859e-06,5.6630306113384346e-06,0.0,0.0,nan,nan,nan,nan,nan,nan,1081.0,0.9652225375175476,18.870895385742188,2.717619247562239,2.5255811000047315,1.6227084398269653,1.4222532510757446,0.9652225375175476,30.0,31.0,-0.16635039666741414,-0.22907123280292213,0.1917325091304948
1776384139.860966,5.155345608563705,-6.806590035043043,-0.03631376719707784,1.3485011849965859e-06,5.6630306113384346e-06,0.0,0.0,nan,nan,nan,nan,nan,nan,1081.0,0.9763102531433105,18.85765266418457,2.718014962302657,2.525136261670201,1.6166592836380005,1.431383728981018,0.9763102531433105,30.0,31.0,-0.16635039666741414,-0.22907123280292213,0.1917325091304948
1776384139.9095316,5.155345609249841,-6.806590035038551,-0.036313767453212194,1.3485591670499602e-06,5.674638754095589e-06,0.0,0.0,nan,nan,nan,nan,nan,nan,1081.0,0.9763102531433105,18.85765266418457,2.718014962302657,2.525136261670201,1.6166592836380005,1.431383728981018,0.9763102531433105,30.0,31.0,-0.1663503966723956,-0.2290712325467878,0.19173250881513926
1776384139.959517,5.155345609936119,-6.8065900350368835,-0.03631376770293884,1.3485591670499602e-06,5.674638754095589e-06,0.0,0.0,nan,nan,nan,nan,nan,nan,1081.0,0.9763102531433105,18.85765266418457,2.718014962302657,2.525136261670201,1.6166592836380005,1.431383728981018,0.9763102531433105,30.0,31.0,-0.16635039667516957,-0.22907123229706114,0.19173250849721726
1776384140.009469,5.155345610622527,-6.806590035035592,-0.03631376795082962,1.3485768913714276e-06,5.684807574937445e-06,0.0,0.0,nan,nan,nan,nan,nan,nan,1081.0,0.9799299240112305,18.866458892822266,2.7177479902315094,2.525855847178029,1.6276172399520874,1.4241173267364502,0.9799299240112305,30.0,31.0,-0.16635039667774787,-0.22907123204917035,0.19173250817890206
1776384140.0602489,5.155345611308951,-6.806590035034546,-0.03631376819745095,1.3485904814016221e-06,5.694995271576957e-06,0.0,0.0,nan,nan,nan,nan,nan,nan,1081.0,0.9799299240112305,18.866458892822266,2.7177479902315094,2.525855847178029,1.6276172399520874,1.4241173267364502,0.9799299240112305,30.0,31.0,-0.1663503966802028,-0.22907123180254904,0.19173250786036278
1776384140.112066,5.155345611995326,-6.806590035033723,-0.03631376844289653,1.3486016037190076e-06,5.705212898582319e-06,0.0,0.0,nan,nan,nan,nan,nan,nan,1081.0,0.9799299240112305,18.866458892822266,2.7177479902315094,2.525855847178029,1.6276172399520874,1.4241173267364502,0.9799299240112305,30.0,31.0,-0.16635039668254434,-0.22907123155710346,0.1917325075416478
1776384140.1601932,5.155345611995326,-6.806590035033723,-0.03631376844289653,1.3486016037190076e-06,5.705212898582319e-06,0.0,0.0,nan,nan,nan,nan,nan,nan,1081.0,0.9772079586982727,18.86600112915039,2.7176880159386876,2.5255099569172614,1.6356054544448853,1.4261337518692017,0.9772079586982727,30.0,31.0,-0.16635039668254434,-0.22907123155710346,0.1917325075416478
1776384140.2112534,5.155345612681622,-6.806590035033117,-0.036313768687173315,1.3486114123566983e-06,5.715460465203805e-06,0.0,0.0,nan,nan,nan,nan,nan,nan,1081.0,0.9772079586982727,18.86600112915039,2.7176880159386876,2.5255099569172614,1.6356054544448853,1.4261337518692017,0.9772079586982727,30.0,31.0,-0.16635039668477883,-0.22907123131282667,0.1917325072227785
1776384140.2625005,5.155345614053922,-6.80659003503254,-0.03631376917223966,1.348629712238636e-06,5.736048516356262e-06,0.0,0.0,nan,nan,nan,nan,nan,nan,1081.0,0.9814440608024597,18.849727630615234,2.7183997781600917,2.5255646972706782,1.6249994039535522,1.4185538291931152,0.9814440608024597,30.0,31.0,-0.16635039668893312,-0.22907123082776032,0.19173250658461274
1776384140.309915,5.155345614053922,-6.80659003503254,-0.03631376917223966,1.348629712238636e-06,5.736048516356262e-06,0.0,0.0,nan,nan,nan,nan,nan,nan,1081.0,0.9814440608024597,18.849727630615234,2.7183997781600917,2.5255646972706782,1.6249994039535522,1.4185538291931152,0.9814440608024597,30.0,31.0,-0.16635039668893312,-0.22907123082776032,0.19173250658461274
1776384140.3661976,5.155345614739914,-6.806590035032568,-0.03631376941302859,1.3486385288311654e-06,5.7463888415680315e-06,0.0,0.0,nan,nan,nan,nan,nan,nan,1081.0,0.9814440608024597,18.849727630615234,2.7183997781600917,2.5255646972706782,1.6249994039535522,1.4185538291931152,0.9814440608024597,30.0,31.0,-0.16635039669085527,-0.22907123058697137,0.191732506265324
1776384140.4114394,5.155345615425796,-6.806590035032807,-0.03631376965265747,1.3486470329135162e-06,5.756759845669946e-06,0.0,0.0,nan,nan,nan,nan,nan,nan,1081.0,0.9814440608024597,18.849727630615234,2.7183997781600917,2.5255646972706782,1.6249994039535522,1.4185538291931152,0.9814440608024597,30.0,31.0,-0.16635039669267285,-0.2290712303473425,0.19173250594589897
1776384140.4612157,5.155345615425796,-6.806590035032807,-0.03631376965265747,1.3486470329135162e-06,5.756759845669946e-06,0.0,0.0,nan,nan,nan,nan,nan,nan,1081.0,0.9790347814559937,18.854372024536133,2.7177384844761443,2.5256933549997402,1.6206694841384888,1.4221760034561157,0.9790347814559937,30.0,31.0,-0.16635039669267285,-0.2290712303473425,0.19173250594589897
1776384140.5138493,5.155345616111571,-6.806590035033254,-0.03631376989112512,1.3486556877259894e-06,5.767161515679727e-06,0.0,0.0,nan,nan,nan,nan,nan,nan,1081.0,0.9790347814559937,18.854372024536133,2.7177384844761443,2.5256933549997402,1.6206694841384888,1.4221760034561157,0.9790347814559937,30.0,31.0,-0.1663503966943886,-0.22907123010887487,0.19173250562633926
1776384140.5651937,5.155345616111571,-6.806590035033254,-0.03631376989112512,1.3486556877259894e-06,5.767161515679727e-06,0.0,0.0,nan,nan,nan,nan,nan,nan,1081.0,0.9790347814559937,18.854372024536133,2.7177384844761443,2.5256933549997402,1.6206694841384888,1.4221760034561157,0.9790347814559937,30.0,31.0,-0.1663503966943886,-0.22907123010887487,0.19173250562633926
1776384140.6101086,5.1553456167972325,-6.806590035033912,-0.03631377012842573,1.3486641516881857e-06,5.777594880394052e-06,0.0,0.0,nan,nan,nan,nan,nan,nan,1081.0,0.9790347814559937,18.854372024536133,2.7177384844761443,2.5256933549997402,1.6206694841384888,1.4221760034561157,0.9790347814559937,30.0,31.0,-0.16635039669600205,-0.22907122987157424,0.1917325053066469
1776384140.6596735,5.155345617482785,-6.806590035034779,-0.03631377036456683,1.3486726708517156e-06,5.788058196683454e-06,0.0,0.0,nan,nan,nan,nan,nan,nan,1081.0,0.9846036434173584,18.851444244384766,2.717887806793146,2.5253860756153808,1.624787449836731,1.4256597757339478,0.9846036434173584,30.0,31.0,-0.16635039669751175,-0.22907122963543314,0.19173250498681865
1776384140.7104392,5.155345618168228,-6.806590035035857,-0.03631377059954325,1.348680860666038e-06,5.798552852958535e-06,0.0,0.0,nan,nan,nan,nan,nan,nan,1081.0,0.9846036434173584,18.851444244384766,2.717887806793146,2.5253860756153808,1.624787449836731,1.4256597757339478,0.9846036434173584,30.0,31.0,-0.166350396698919,-0.22907122940045674,0.19173250466685615
1776384140.7642426,5.155345618851909,-6.806590035015867,-0.036313770907504615,1.3484431155284656e-06,5.824088815324185e-06,0.0,0.0,nan,nan,nan,nan,nan,nan,1081.0,0.9846036434173584,18.851444244384766,2.717887806793146,2.5253860756153808,1.624787449836731,1.4256597757339478,0.9846036434173584,30.0,31.0,-0.1663503967143579,-0.22907122909249536,0.19173250436636066
1776384140.8131475,5.155345619532007,-6.806590034988546,-0.03631377124701256,1.3483117151121812e-06,5.8565752782072625e-06,0.0,0.0,nan,nan,nan,nan,nan,nan,1081.0,0.982154130935669,18.86207389831543,2.7174979132375268,2.5252573897877424,1.6182063817977905,1.4128257036209106,0.982154130935669,30.0,31.0,-0.16635039673398447,-0.2290712287529874,0.19173250407402054
1776384140.8653543,5.155345620210167,-6.80659003496066,-0.03631377158859126,1.3482422246114855e-06,5.889433646029204e-06,0.0,0.0,nan,nan,nan,nan,nan,nan,1081.0,0.982154130935669,18.86207389831543,2.7174979132375268,2.5252573897877424,1.6182063817977905,1.4128257036209106,0.982154130935669,30.0,31.0,-0.16635039675390875,-0.22907122841140873,0.19173250378308274
1776384140.9122715,5.155345620887284,-6.806590034932743,-0.0363137719295588,1.3482059897090558e-06,5.922392549824824e-06,0.0,0.0,nan,nan,nan,nan,nan,nan,1081.0,0.982154130935669,18.86207389831543,2.7174979132375268,2.5252573897877424,1.6182063817977905,1.4128257036209106,0.982154130935669,30.0,31.0,-0.16635039677388447,-0.22907122807044117,0.19173250349265816
1776384140.962147,5.155345620887284,-6.806590034932743,-0.0363137719295588,1.3482059897090558e-06,5.922392549824824e-06,0.0,0.0,nan,nan,nan,nan,nan,nan,1081.0,0.9703193306922913,18.860414505004883,2.7182126309891523,2.525415624307386,1.6257493495941162,1.423884630203247,0.9703193306922913,30.0,31.0,-0.16635039677388447,-0.22907122807044117,0.19173250349265816
1776384141.0104277,5.155345621563826,-6.806590034904934,-0.03631377226946403,1.3481869065140143e-06,5.955406518328798e-06,0.0,0.0,nan,nan,nan,nan,nan,nan,1081.0,0.9703193306922913,18.860414505004883,2.7182126309891523,2.525415624307386,1.6257493495941162,1.423884630203247,0.9703193306922913,30.0,31.0,-0.16635039679383226,-0.22907122773053595,0.19173250320240554
1776384141.0602496,5.155345622240031,-6.806590034877286,-0.036313772608237045,1.3481758356911952e-06,5.9884667838326484e-06,0.0,0.0,nan,nan,nan,nan,nan,nan,1081.0,0.9724088311195374,18.852951049804688,2.7181576580277866,2.5256422525229563,1.6269930601119995,1.4229965209960938,0.9724088311195374,30.0,31.0,-0.16635039681371513,-0.22907122739176294,0.19173250291216726
1776384141.1153212,5.155345622916009,-6.806590034849817,-0.0363137729458766,1.3481690049137074e-06,6.021572898711274e-06,0.0,0.0,nan,nan,nan,nan,nan,nan,1081.0,0.9724088311195374,18.852951049804688,2.7181576580277866,2.5256422525229563,1.6269930601119995,1.4229965209960938,0.9724088311195374,30.0,31.0,-0.16635039683351852,-0.2290712270541234,0.19173250262187563
1776384141.1612213,5.155345623591675,-6.806590034818897,-0.03631377328881112,1.3481433229759703e-06,6.035244761173191e-06,0.0,0.0,nan,nan,nan,nan,nan,nan,1081.0,0.9724088311195374,18.852951049804688,2.7181576580277866,2.5256422525229563,1.6269930601119995,1.4229965209960938,0.9724088311195374,30.0,31.0,-0.16635039685625497,-0.22907122671118885,0.19173250233478437
1776384141.2103775,5.155345624266613,-6.806590034786167,-0.03631377363572773,1.3481316825773633e-06,6.04650304547538e-06,0.0,0.0,nan,nan,nan,nan,nan,nan,1081.0,0.9706371426582336,18.87455177307129,2.7175463150211443,2.525961710251244,1.629402995109558,1.4264065027236938,0.9706371426582336,30.0,31.0,-0.1663503968803943,-0.22907122636427224,0.19173250204963377
1776384141.2614381,5.155345624941101,-6.806590034753497,-0.03631377398201253,1.348130980229202e-06,6.057844577347237e-06,0.0,0.0,nan,nan,nan,nan,nan,nan,1081.0,0.9706371426582336,18.87455177307129,2.7175463150211443,2.525961710251244,1.629402995109558,1.4264065027236938,0.9706371426582336,30.0,31.0,-0.16635039690451714,-0.22907122601798746,0.1917325017646393
1776384141.3096354,5.155345625615297,-6.80659003472098,-0.03631377432725226,1.348136404496733e-06,6.06922808474617e-06,0.0,0.0,nan,nan,nan,nan,nan,nan,1081.0,0.9706371426582336,18.87455177307129,2.7175463150211443,2.525961710251244,1.629402995109558,1.4264065027236938,0.9706371426582336,30.0,31.0,-0.1663503969285763,-0.22907122567274774,0.1917325014796456
1776384141.3601623,5.155345625615297,-6.80659003472098,-0.03631377432725226,1.348136404496733e-06,6.06922808474617e-06,0.0,0.0,nan,nan,nan,nan,nan,nan,1081.0,0.9757565855979919,18.870864868164062,2.7183459852163048,2.5255084278708924,1.6168212890625,1.4273186922073364,0.9757565855979919,30.0,31.0,-0.1663503969285763,-0.22907122567274774,0.1917325014796456
1776384141.4101126,5.155345626289288,-6.806590034688635,-0.036313774671376954,1.34814474281954e-06,6.080649569911327e-06,0.0,0.0,nan,nan,nan,nan,nan,nan,1081.0,0.9757565855979919,18.870864868164062,2.7183459852163048,2.5255084278708924,1.6168212890625,1.4273186922073364,0.9757565855979919,30.0,31.0,-0.16635039695256218,-0.22907122532862303,0.19173250119459492
1776384141.4621801,5.155345626963111,-6.806590034656471,-0.03631377501438566,1.3481544445812378e-06,6.092105013714702e-06,0.0,0.0,nan,nan,nan,nan,nan,nan,1081.0,0.9757565855979919,18.870864868164062,2.7183459852163048,2.5255084278708924,1.6168212890625,1.4273186922073364,0.9757565855979919,30.0,31.0,-0.16635039697646734,-0.22907122498561433,0.1917325009094616
1776384141.5102086,5.1553456276368,-6.8065900346266535,-0.03631377534917064,1.3482163466633967e-06,6.102598719202438e-06,0.0,0.0,nan,nan,nan,nan,nan,nan,1081.0,0.9805022478103638,18.85577392578125,2.7178466060335826,2.5256533512556993,1.6309579610824585,1.4224294424057007,0.9805022478103638,30.0,31.0,-0.16635039699880744,-0.22907122465082935,0.1917325006223149
1776384141.560377,5.155345628313183,-6.806590034614,-0.036313775619685594,1.3484648566606356e-06,6.099382073118388e-06,0.0,0.0,nan,nan,nan,nan,nan,nan,1081.0,0.9805022478103638,18.85577392578125,2.7178466060335826,2.5256533512556993,1.6309579610824585,1.4224294424057007,0.9805022478103638,30.0,31.0,-0.16635039701021986,-0.22907122438031438,0.19173250031872222
1776384141.6101289,5.155345628992085,-6.806590034603369,-0.03631377587987751,1.3485978857736932e-06,6.094844586304896e-06,0.0,0.0,nan,nan,nan,nan,nan,nan,1081.0,0.9805022478103638,18.85577392578125,2.7178466060335826,2.5256533512556993,1.6309579610824585,1.4224294424057007,0.9805022478103638,30.0,31.0,-0.16635039702068594,-0.22907122412012249,0.19173250001216685
1776384141.6600914,5.155345629672207,-6.806590034593369,-0.03631377613752004,1.3486839239939736e-06,6.090183542591738e-06,0.0,0.0,nan,nan,nan,nan,nan,nan,1081.0,0.9767124652862549,18.865341186523438,2.7183547402619213,2.5255604462582806,1.6221929788589478,1.4194748401641846,0.9767124652862549,30.0,31.0,-0.1663503970308092,-0.22907122386247994,0.19173249970448503
1776384141.710107,5.155345630352883,-6.806590034583735,-0.036313776393705685,1.3487456199417995e-06,6.085502532040121e-06,0.0,0.0,nan,nan,nan,nan,nan,nan,1081.0,0.9767124652862549,18.865341186523438,2.7183547402619213,2.5255604462582806,1.6221929788589478,1.4194748401641846,0.9767124652862549,30.0,31.0,-0.1663503970407258,-0.22907122360629428,0.19173249939622172
1776384141.759787,5.1553456310337715,-6.806590034574381,-0.0363137766486178,1.3487949693070352e-06,6.0808178020152935e-06,0.0,0.0,nan,nan,nan,nan,nan,nan,1081.0,0.9819673299789429,18.868757247924805,2.717969517593137,2.5256283629507705,1.6189987659454346,1.422156810760498,0.9819673299789429,30.0,31.0,-0.16635039705049187,-0.2290712233513822,0.19173249908761203
1776384141.8111026,5.1553456317147015,-6.806590034565281,-0.0363137769022588,1.3488385997927185e-06,6.076134051485909e-06,0.0,0.0,nan,nan,nan,nan,nan,nan,1081.0,0.9819673299789429,18.868757247924805,2.717969517593137,2.5256283629507705,1.6189987659454346,1.422156810760498,0.9819673299789429,30.0,31.0,-0.16635039706012592,-0.2290712230977412,0.19173249877875725
1776384141.859898,5.155345632395603,-6.8065900345576,-0.036313777152805,1.3488795784858021e-06,6.08006050304381e-06,0.0,0.0,nan,nan,nan,nan,nan,nan,1081.0,0.9819673299789429,18.868757247924805,2.717969517593137,2.5256283629507705,1.6189987659454346,1.422156810760498,0.9819673299789429,30.0,31.0,-0.16635039706863647,-0.22907122284719497,0.1917324984686603
1776384141.9103076,5.155345633076819,-6.806590034552149,-0.03631377739842735,1.3489067382268814e-06,6.09194759963676e-06,0.0,0.0,nan,nan,nan,nan,nan,nan,1081.0,0.9793168902397156,18.86529541015625,2.7176490803761797,2.525780456395472,1.611826777458191,1.4280973672866821,0.9793168902397156,30.0,31.0,-0.16635039707540006,-0.22907122260157264,0.19173249815644386
1776384141.960171,5.1553456337557035,-6.806590034521258,-0.03631377773381758,1.3486405942609962e-06,6.123258499256358e-06,0.0,0.0,nan,nan,nan,nan,nan,nan,1081.0,0.9793168902397156,18.86529541015625,2.7176490803761797,2.525780456395472,1.611826777458191,1.4280973672866821,0.9793168902397156,30.0,31.0,-0.1663503970989433,-0.2290712222661824,0.19173249786782864
1776384142.0095906,5.1553456337557035,-6.806590034521258,-0.03631377773381758,1.3486405942609962e-06,6.123258499256358e-06,0.0,0.0,nan,nan,nan,nan,nan,nan,1081.0,0.9793168902397156,18.86529541015625,2.7176490803761797,2.525780456395472,1.611826777458191,1.4280973672866821,0.9793168902397156,30.0,31.0,-0.1663503970989433,-0.2290712222661824,0.19173249786782864
1776384142.0602894,5.155345634431201,-6.8065900344865335,-0.03631377808803762,1.3485235355158827e-06,6.1585603806934604e-06,0.0,0.0,nan,nan,nan,nan,nan,nan,1081.0,0.9795544743537903,18.86977195739746,2.7178259783602776,2.525741591893812,1.6368985176086426,1.4216946363449097,0.9795544743537903,30.0,31.0,-0.1663503971243993,-0.22907122191196236,0.19173249758418254
1776384142.1106098,5.155345635104905,-6.806590034451395,-0.03631377844349318,1.3484637930762687e-06,6.1941662777248394e-06,0.0,0.0,nan,nan,nan,nan,nan,nan,1081.0,0.9795544743537903,18.86977195739746,2.7178259783602776,2.525741591893812,1.6368985176086426,1.4216946363449097,0.9795544743537903,30.0,31.0,-0.16635039715008598,-0.2290712215565068,0.19173249730173775
1776384142.1602168,5.155345635104905,-6.806590034451395,-0.03631377844349318,1.3484637930762687e-06,6.1941662777248394e-06,0.0,0.0,nan,nan,nan,nan,nan,nan,1081.0,0.9795544743537903,18.86977195739746,2.7178259783602776,2.525741591893812,1.6368985176086426,1.4216946363449097,0.9795544743537903,30.0,31.0,-0.16635039715008598,-0.2290712215565068,0.19173249730173775
1776384142.209333,5.155345635777645,-6.806590034416281,-0.03631377879809361,1.3484350505198493e-06,6.22986443983011e-06,0.0,0.0,nan,nan,nan,nan,nan,nan,1081.0,0.9805172681808472,18.865175247192383,2.7172695162889586,2.5256753713239624,1.6179355382919312,1.4240542650222778,0.9805172681808472,30.0,31.0,-0.16635039717579525,-0.22907122120190637,0.19173249701972025
1776384142.2632847,5.155345636449853,-6.806590034381316,-0.03631377915147422,1.3484216694045485e-06,6.265619887784045e-06,0.0,0.0,nan,nan,nan,nan,nan,nan,1081.0,0.9805172681808472,18.865175247192383,2.7172695162889586,2.5256753713239624,1.6179355382919312,1.4240542650222778,0.9805172681808472,30.0,31.0,-0.16635039720145242,-0.22907122084852577,0.19173249673781823
1776384142.3101037,5.155345637793427,-6.806590034311983,-0.036313779854420414,1.3484143318447503e-06,6.3372750132230375e-06,0.0,0.0,nan,nan,nan,nan,nan,nan,1081.0,0.9805172681808472,18.865175247192383,2.7172695162889586,2.5256753713239624,1.6179355382919312,1.4240542650222778,0.9805172681808472,30.0,31.0,-0.1663503972525033,-0.22907122014557957,0.19173249617387828
1776384142.359369,5.155345637793427,-6.806590034311983,-0.036313779854420414,1.3484143318447503e-06,6.3372750132230375e-06,0.0,0.0,nan,nan,nan,nan,nan,nan,1081.0,0.9739357233047485,18.846147537231445,2.7182322842009525,2.5254635370587235,1.6271636486053467,1.4322577714920044,0.9739357233047485,30.0,31.0,-0.1663503972525033,-0.22907122014557957,0.19173249617387828
1776384142.4124756,5.155345638464933,-6.806590034275695,-0.03631378020720055,1.3483985435033034e-06,6.360391291230092e-06,0.0,0.0,nan,nan,nan,nan,nan,nan,1081.0,0.9739357233047485,18.846147537231445,2.7182322842009525,2.5254635370587235,1.6271636486053467,1.4322577714920044,0.9739357233047485,30.0,31.0,-0.16635039727951473,-0.22907121979279943,0.19173249589347416
1776384142.461407,5.155345639135727,-6.806590034235681,-0.036313780567556866,1.3483799425891923e-06,6.372939467375179e-06,0.0,0.0,nan,nan,nan,nan,nan,nan,1081.0,0.9739357233047485,18.846147537231445,2.7182322842009525,2.5254635370587235,1.6271636486053467,1.4322577714920044,0.9739357233047485,30.0,31.0,-0.16635039730950146,-0.22907121943244313,0.1917324956166994
1776384142.5109506,5.1553456398059705,-6.806590034195655,-0.03631378092760341,1.3483775474343336e-06,6.385624942175877e-06,0.0,0.0,nan,nan,nan,nan,nan,nan,1081.0,0.9805063605308533,18.865007400512695,2.7178536321585316,2.5260625609887173,1.6273553371429443,1.4313955307006836,0.9805063605308533,30.0,31.0,-0.16635039733950926,-0.22907121907239658,0.19173249534019113
1776384142.5601025,5.155345640475877,-6.8065900341557874,-0.03631378128656235,1.348382281822424e-06,6.398364375816961e-06,0.0,0.0,nan,nan,nan,nan,nan,nan,1081.0,0.9805063605308533,18.865007400512695,2.7178536321585316,2.5260625609887173,1.6273553371429443,1.4313955307006836,0.9805063605308533,30.0,31.0,-0.16635039736945054,-0.22907121871343764,0.19173249506369958
1776384142.6193242,5.155345640475877,-6.8065900341557874,-0.03631378128656235,1.348382281822424e-06,6.398364375816961e-06,0.0,0.0,nan,nan,nan,nan,nan,nan,1081.0,0.9805063605308533,18.865007400512695,2.7178536321585316,2.5260625609887173,1.6273553371429443,1.4313955307006836,0.9805063605308533,30.0,31.0,-0.16635039736945054,-0.22907121871343764,0.19173249506369958
1776384142.6594484,5.155345641145551,-6.806590034116115,-0.036313781644288466,1.3483910148520178e-06,6.411144327007087e-06,0.0,0.0,nan,nan,nan,nan,nan,nan,1081.0,0.9784678816795349,18.85747718811035,2.7182165169804104,2.525476501112299,1.6235458850860596,1.430597186088562,0.9784678816795349,30.0,31.0,-0.16635039739930566,-0.2290712183557115,0.1917324947871434
1776384142.7123632,5.155345641815053,-6.80659003407665,-0.03631378200076065,1.348401692177554e-06,6.423962345595782e-06,0.0,0.0,nan,nan,nan,nan,nan,nan,1081.0,0.9784678816795349,18.85747718811035,2.7182165169804104,2.525476501112299,1.6235458850860596,1.430597186088562,0.9784678816795349,30.0,31.0,-0.1663503974290672,-0.22907121799923932,0.19173249451048424
1776384142.7603114,5.1553456424844075,-6.806590034037396,-0.036313782355977854,1.348413205629901e-06,6.436818982668479e-06,0.0,0.0,nan,nan,nan,nan,nan,nan,1081.0,0.9784678816795349,18.85747718811035,2.7182165169804104,2.525476501112299,1.6235458850860596,1.430597186088562,0.9784678816795349,30.0,31.0,-0.16635039745873184,-0.22907121764402213,0.19173249423370659
1776384142.811705,5.155345643153626,-6.806590033998357,-0.036313782709942066,1.3484252428738436e-06,6.4497124283525275e-06,0.0,0.0,nan,nan,nan,nan,nan,nan,1081.0,0.9759517312049866,18.875898361206055,2.717709379544642,2.5254460639415384,1.635912299156189,1.428587555885315,0.9759517312049866,30.0,31.0,-0.1663503974882962,-0.22907121729005792,0.19173249395680195
1776384142.8609807,5.1553456438227165,-6.806590033959531,-0.03631378306265115,1.348437119472808e-06,6.462644138532259e-06,0.0,0.0,nan,nan,nan,nan,nan,nan,1081.0,0.9759517312049866,18.875898361206055,2.717709379544642,2.5254460639415384,1.635912299156189,1.428587555885315,0.9759517312049866,30.0,31.0,-0.1663503975177625,-0.22907121693734883,0.19173249367976816
1776384142.909745,5.15534564449168,-6.806590033920921,-0.03631378341410871,1.348449155774718e-06,6.475613858491673e-06,0.0,0.0,nan,nan,nan,nan,nan,nan,1081.0,0.977328360080719,18.862869262695312,2.717762270644238,2.5260065896280905,1.6148591041564941,1.41824209690094,0.977328360080719,30.0,31.0,-0.16635039754712788,-0.22907121658589127,0.1917324934026025
1776384142.964326,5.1553456451605175,-6.806590033882526,-0.03631378376431553,1.348461187708856e-06,6.488621395239731e-06,0.0,0.0,nan,nan,nan,nan,nan,nan,1081.0,0.977328360080719,18.862869262695312,2.717762270644238,2.5260065896280905,1.6148591041564941,1.41824209690094,0.977328360080719,30.0,31.0,-0.1663503975763931,-0.22907121623568444,0.19173249312530524
1776384143.010164,5.155345645829231,-6.806590033844344,-0.036313784113271026,1.3484730622235136e-06,6.501667059360615e-06,0.0,0.0,nan,nan,nan,nan,nan,nan,1081.0,0.977328360080719,18.862869262695312,2.717762270644238,2.5260065896280905,1.6148591041564941,1.41824209690094,0.977328360080719,30.0,31.0,-0.16635039760556009,-0.22907121588672896,0.19173249284787725
1776384143.0602634,5.155345645829231,-6.806590033844344,-0.036313784113271026,1.3484730622235136e-06,6.501667059360615e-06,0.0,0.0,nan,nan,nan,nan,nan,nan,1081.0,0.977328360080719,18.862869262695312,2.717762270644238,2.5260065896280905,1.6148591041564941,1.41824209690094,0.977328360080719,30.0,31.0,-0.16635039760556009,-0.22907121588672896,0.19173249284787725
1776384143.1122172,5.155345646497819,-6.806590033806375,-0.036313784460976425,1.3484849646052323e-06,6.514749035482676e-06,0.0,0.0,nan,nan,nan,nan,nan,nan,1081.0,0.9745931029319763,18.847797393798828,2.717693397339354,2.525451132965128,1.6206556558609009,1.4200739860534668,0.9745931029319763,30.0,31.0,-0.16635039763462872,-0.22907121553902354,0.19173249257031838
1776384143.1603029,5.1553456471651895,-6.806590033751355,-0.036313784866975264,1.3482580409621065e-06,6.5396194146316515e-06,0.0,0.0,nan,nan,nan,nan,nan,nan,1081.0,0.9745931029319763,18.847797393798828,2.717693397339354,2.525451132965128,1.6206556558609009,1.4200739860534668,0.9745931029319763,30.0,31.0,-0.16635039767513565,-0.22907121513302472,0.19173249230841874
1776384143.22122,5.15534564782795,-6.806590033680656,-0.03631378533511902,1.3480836443698449e-06,6.578167385123792e-06,0.0,0.0,nan,nan,nan,nan,nan,nan,1081.0,0.9745931029319763,18.847797393798828,2.717693397339354,2.525451132965128,1.6206556558609009,1.4200739860534668,0.9745931029319763,30.0,31.0,-0.16635039772521928,-0.22907121466488095,0.1917324920625419
1776384143.2612705,5.155345648489439,-6.806590033623663,-0.03631378575505186,1.3482493831180797e-06,6.606595508297736e-06,0.0,0.0,nan,nan,nan,nan,nan,nan,1081.0,0.9565607905387878,18.859012603759766,2.718043897407789,2.5255008435232886,1.6239731311798096,1.425157070159912,0.9565607905387878,30.0,31.0,-0.16635039776615654,-0.2290712142449481,0.19173249180512628
1776384143.3143346,5.155345649153492,-6.806590033575733,-0.0363137861364337,1.3483901198443181e-06,6.6269614409325495e-06,0.0,0.0,nan,nan,nan,nan,nan,nan,1081.0,0.9565607905387878,18.859012603759766,2.718043897407789,2.5255008435232886,1.6239731311798096,1.425157070159912,0.9565607905387878,30.0,31.0,-0.1663503978018043,-0.22907121386356627,0.19173249153849448
1776384143.3601866,5.155345649818879,-6.806590033528751,-0.03631378651322802,1.3484822216828516e-06,6.647014137556824e-06,0.0,0.0,nan,nan,nan,nan,nan,nan,1081.0,0.9813793897628784,18.877546310424805,2.7179394071020537,2.526031846580875,1.6262543201446533,1.4189287424087524,0.9813793897628784,30.0,31.0,-0.16635039783699077,-0.22907121348677195,0.19173249127040343
1776384143.4100947,5.155345650484896,-6.80659003348221,-0.03631378688812761,1.348547709333897e-06,6.667027475409898e-06,0.0,0.0,nan,nan,nan,nan,nan,nan,1081.0,0.9813793897628784,18.877546310424805,2.7179394071020537,2.526031846580875,1.6262543201446533,1.4189287424087524,0.9813793897628784,30.0,31.0,-0.16635039787194048,-0.22907121311187237,0.19173249100162937
1776384143.460605,5.155345651151164,-6.80659003343598,-0.0363137872615805,1.348599862349917e-06,6.687043015942289e-06,0.0,0.0,nan,nan,nan,nan,nan,nan,1081.0,0.9813793897628784,18.877546310424805,2.7179394071020537,2.526031846580875,1.6262543201446533,1.4189287424087524,0.9813793897628784,30.0,31.0,-0.1663503979067257,-0.2290712127384195,0.19173249073246243
1776384143.5101042,5.155345651817493,-6.806590033390023,-0.03631378763365655,1.3486449251421259e-06,6.7070687365242725e-06,0.0,0.0,nan,nan,nan,nan,nan,nan,1081.0,0.9686709046363831,18.856624603271484,2.718005706489803,2.525757700109045,1.627363681793213,1.42951238155365,0.9686709046363831,30.0,31.0,-0.1663503979413719,-0.22907121236634342,0.19173249046302562
1776384143.563332,5.1553456524837555,-6.806590033343083,-0.036313788006760515,1.348660939680524e-06,6.7214124812232436e-06,0.0,0.0,nan,nan,nan,nan,nan,nan,1081.0,0.9686709046363831,18.856624603271484,2.718005706489803,2.525757700109045,1.627363681793213,1.42951238155365,0.9686709046363831,30.0,31.0,-0.16635039797690027,-0.22907121199323946,0.19173249019449004
1776384143.6102087,5.1553456524837555,-6.806590033343083,-0.036313788006760515,1.348660939680524e-06,6.7214124812232436e-06,0.0,0.0,nan,nan,nan,nan,nan,nan,1081.0,0.9686709046363831,18.856624603271484,2.718005706489803,2.525757700109045,1.627363681793213,1.42951238155365,0.9686709046363831,30.0,31.0,-0.16635039797690027,-0.22907121199323946,0.19173249019449004
1776384143.6604307,5.155345653149756,-6.806590033295716,-0.03631378838038072,1.348668901422619e-06,6.735490538654678e-06,0.0,0.0,nan,nan,nan,nan,nan,nan,1081.0,0.9827534556388855,18.860248565673828,2.7178674360649326,2.525503618680916,1.6152714490890503,1.4258588552474976,0.9827534556388855,30.0,31.0,-0.16635039801279594,-0.22907121161961927,0.19173248992645375
1776384143.7107944,5.15534565381556,-6.806590033248557,-0.03631378875277915,1.3486909275169346e-06,6.763801996968238e-06,0.0,0.0,nan,nan,nan,nan,nan,nan,1081.0,0.9827534556388855,18.860248565673828,2.7178674360649326,2.525503618680916,1.6152714490890503,1.4258588552474976,0.9827534556388855,30.0,31.0,-0.1663503980485942,-0.22907121124722082,0.19173248965832565
1776384143.7602725,5.155345654481204,-6.806590033201631,-0.03631378912380924,1.3486909275169346e-06,6.763801996968238e-06,0.0,0.0,nan,nan,nan,nan,nan,nan,1081.0,0.9827534556388855,18.860248565673828,2.7178674360649326,2.525503618680916,1.6152714490890503,1.4258588552474976,0.9827534556388855,30.0,31.0,-0.16635039808428356,-0.22907121087619076,0.19173248939006562
1776384143.8095286,5.15534565514671,-6.806590033154947,-0.03631378949344753,1.3487032510918871e-06,6.778020896280316e-06,0.0,0.0,nan,nan,nan,nan,nan,nan,1081.0,0.9731356501579285,18.871265411376953,2.71809953649655,2.5254341302394825,1.6285969018936157,1.429275393486023,0.9731356501579285,30.0,31.0,-0.16635039811985836,-0.22907121050655244,0.19173248912165505
1776384143.8601437,5.155345655812087,-6.806590033108507,-0.03631378986169296,1.3487157396262584e-06,6.792280642303978e-06,0.0,0.0,nan,nan,nan,nan,nan,nan,1081.0,0.9731356501579285,18.871265411376953,2.71809953649655,2.5254341302394825,1.6285969018936157,1.429275393486023,0.9731356501579285,30.0,31.0,-0.16635039815531805,-0.22907121013830703,0.19173248885308908
1776384143.9142478,5.155345655812087,-6.806590033108507,-0.03631378986169296,1.3487157396262584e-06,6.792280642303978e-06,0.0,0.0,nan,nan,nan,nan,nan,nan,1081.0,0.9731356501579285,18.871265411376953,2.71809953649655,2.5254341302394825,1.6285969018936157,1.429275393486023,0.9731356501579285,30.0,31.0,-0.16635039815531805,-0.22907121013830703,0.19173248885308908
1776384143.9601662,5.155345655812087,-6.806590033108507,-0.03631378986169296,1.3487157396262584e-06,6.792280642303978e-06,0.0,0.0,nan,nan,nan,nan,nan,nan,1081.0,0.9731356501579285,18.871265411376953,2.71809953649655,2.5254341302394825,1.6285969018936157,1.429275393486023,0.9731356501579285,30.0,31.0,-0.16635039815531805,-0.22907121013830703,0.19173248885308908
1776384144.0103517,5.155345656477339,-6.80659003306231,-0.036313790228540276,1.3487283458564644e-06,6.806580897195935e-06,0.0,0.0,nan,nan,nan,nan,nan,nan,1081.0,0.9731356501579285,18.871265411376953,2.71809953649655,2.5254341302394825,1.6285969018936157,1.429275393486023,0.9731356501579285,30.0,31.0,-0.16635039819066327,-0.2290712097714597,0.19173248858436592
1776384144.0596662,5.155345657142469,-6.806590033016356,-0.03631379059400034,1.3487408442680832e-06,6.820921311186473e-06,0.0,0.0,nan,nan,nan,nan,nan,nan,1081.0,0.9741861820220947,18.87272071838379,2.718438786284776,2.525709206608569,1.62371826171875,1.4263455867767334,0.9741861820220947,30.0,31.0,-0.16635039822589404,-0.22907120940599965,0.19173248831548478
1776384144.1111293,5.155345657807475,-6.806590032970647,-0.03631379095807204,1.3487532871059513e-06,6.835302016626612e-06,0.0,0.0,nan,nan,nan,nan,nan,nan,1081.0,0.9741861820220947,18.87272071838379,2.718438786284776,2.525709206608569,1.62371826171875,1.4263455867767334,0.9741861820220947,30.0,31.0,-0.16635039826100767,-0.22907120904192796,0.19173248804644458
1776384144.1609666,5.155345658472362,-6.806590032925179,-0.0363137913207503,1.3487655697049307e-06,6.849724090200088e-06,0.0,0.0,nan,nan,nan,nan,nan,nan,1081.0,0.9741861820220947,18.87272071838379,2.718438786284776,2.525709206608569,1.62371826171875,1.4263455867767334,0.9741861820220947,30.0,31.0,-0.16635039829600842,-0.22907120867924968,0.19173248777724594
1776384144.215126,5.155345659137126,-6.806590032879954,-0.036313791682041456,1.3487777639558524e-06,6.864186987514387e-06,0.0,0.0,nan,nan,nan,nan,nan,nan,1081.0,0.9826978445053101,18.845916748046875,2.717370524602726,2.52641359684243,1.6257067918777466,1.4176015853881836,0.9826978445053101,30.0,31.0,-0.1663503983308946,-0.22907120831795852,0.19173248750788974
1776384144.2692108,5.155345659800915,-6.806590032819798,-0.03631379209400427,1.348561842042853e-06,6.888865046823989e-06,0.0,0.0,nan,nan,nan,nan,nan,nan,1081.0,0.9826978445053101,18.845916748046875,2.717370524602726,2.52641359684243,1.6257067918777466,1.4176015853881836,0.9826978445053101,30.0,31.0,-0.16635039837583504,-0.22907120790599572,0.19173248725220213
1776384144.3101215,5.155345659800915,-6.806590032819798,-0.03631379209400427,1.348561842042853e-06,6.888865046823989e-06,0.0,0.0,nan,nan,nan,nan,nan,nan,1081.0,0.9805104732513428,18.87602424621582,2.7175715544728853,2.5256929297124726,1.6215522289276123,1.4295402765274048,0.9805104732513428,30.0,31.0,-0.16635039837583504,-0.22907120790599572,0.19173248725220213
1776384144.360988,5.155345660459763,-6.806590032740412,-0.03631379258100462,1.3483666465809854e-06,6.9303406667508095e-06,0.0,0.0,nan,nan,nan,nan,nan,nan,1081.0,0.9805104732513428,18.87602424621582,2.7175715544728853,2.5256929297124726,1.6215522289276123,1.4295402765274048,0.9805104732513428,30.0,31.0,-0.16635039843266047,-0.22907120741899537,0.19173248701583526
1776384144.4093535,5.15534566111558,-6.8065900326597,-0.036313793073819045,1.3482286290657836e-06,7.015120493455976e-06,0.0,0.0,nan,nan,nan,nan,nan,nan,1081.0,0.9805104732513428,18.87602424621582,2.7175715544728853,2.5256929297124726,1.6215522289276123,1.4295402765274048,0.9805104732513428,30.0,31.0,-0.16635039849014677,-0.22907120692618094,0.1917324867820529
1776384144.4633358,5.155345661769762,-6.806590032578787,-0.036313793566475384,1.3482286290657836e-06,7.015120493455976e-06,0.0,0.0,nan,nan,nan,nan,nan,nan,1081.0,0.9808244705200195,18.85097885131836,2.7175880332548896,2.52562702316924,1.6329602003097534,1.42477548122406,0.9808244705200195,30.0,31.0,-0.16635039854778935,-0.2290712064335246,0.19173248654920877
1776384144.510201,5.155345662423071,-6.806590032497944,-0.03631379405796437,1.3482134131379733e-06,7.057691312017004e-06,0.0,0.0,nan,nan,nan,nan,nan,nan,1081.0,0.9808244705200195,18.85097885131836,2.7175880332548896,2.52562702316924,1.6329602003097534,1.42477548122406,0.9808244705200195,30.0,31.0,-0.1663503986054414,-0.22907120594203562,0.1917324863167093
1776384144.5613391,5.155345663075885,-6.806590032417256,-0.03631379454814091,1.34821200652472e-06,7.100330954078808e-06,0.0,0.0,nan,nan,nan,nan,nan,nan,1081.0,0.979447603225708,18.852516174316406,2.7183130460133937,2.5257184748487065,1.637938141822815,1.4313098192214966,0.979447603225708,30.0,31.0,-0.16635039866304532,-0.22907120545185908,0.1917324860843021
1776384144.614333,5.155345663728391,-6.806590032336759,-0.036313795036977244,1.3482174619027971e-06,7.14303685003475e-06,0.0,0.0,nan,nan,nan,nan,nan,nan,1081.0,0.979447603225708,18.852516174316406,2.7183130460133937,2.5257184748487065,1.637938141822815,1.4313098192214966,0.979447603225708,30.0,31.0,-0.16635039872057586,-0.22907120496302275,0.1917324858518705
1776384144.6609144,5.155345664380684,-6.8065900322564685,-0.03631379552447929,1.3482257778367573e-06,7.185805177181186e-06,0.0,0.0,nan,nan,nan,nan,nan,nan,1081.0,0.979447603225708,18.852516174316406,2.7183130460133937,2.5257184748487065,1.637938141822815,1.4313098192214966,0.979447603225708,30.0,31.0,-0.16635039877801905,-0.2290712044755207,0.19173248561935452
1776384144.710343,5.155345665032824,-6.806590032175497,-0.03631379601198997,1.3482285471633073e-06,7.219999193757994e-06,0.0,0.0,nan,nan,nan,nan,nan,nan,1081.0,0.982012927532196,18.852338790893555,2.7177882680840013,2.5251788594181495,1.620619773864746,1.4292101860046387,0.982012927532196,30.0,31.0,-0.16635039883613664,-0.22907120398801,0.19173248538751303
1776384144.7633824,5.155345665684272,-6.806590032088851,-0.03631379651099901,1.3481962607521316e-06,7.235372939923207e-06,0.0,0.0,nan,nan,nan,nan,nan,nan,1081.0,0.982012927532196,18.852338790893555,2.7177882680840013,2.5251788594181495,1.620619773864746,1.4292101860046387,0.982012927532196,30.0,31.0,-0.16635039889880376,-0.22907120348900098,0.1917324851610161
1776384144.814207,5.155345666337341,-6.806590032022305,-0.0363137969369614,1.348517883528554e-06,7.236178400905579e-06,0.0,0.0,nan,nan,nan,nan,nan,nan,1081.0,0.9787708520889282,18.85169792175293,2.7182316632870718,2.5257639015752105,1.6120963096618652,1.4209461212158203,0.9787708520889282,30.0,31.0,-0.16635039894840659,-0.22907120306303858,0.19173248491597358
1776384144.865393,5.155345666994267,-6.806590031962317,-0.03631379733363965,1.3487109171089073e-06,7.231174322481854e-06,0.0,0.0,nan,nan,nan,nan,nan,nan,1081.0,0.9787708520889282,18.85169792175293,2.7182316632870718,2.5257639015752105,1.6120963096618652,1.4209461212158203,0.9787708520889282,30.0,31.0,-0.16635039899438725,-0.22907120266636033,0.1917324846633315
1776384144.9103675,5.155345668312715,-6.8065900318447925,-0.036313798116673936,1.3489224338417518e-06,7.220598111925149e-06,0.0,0.0,nan,nan,nan,nan,nan,nan,1081.0,0.9787708520889282,18.85169792175293,2.7182316632870718,2.5257639015752105,1.6120963096618652,1.4209461212158203,0.9787708520889282,30.0,31.0,-0.16635039908505064,-0.22907120188332605,0.19173248415373967
1776384144.9603245,5.155345668312715,-6.8065900318447925,-0.036313798116673936,1.3489224338417518e-06,7.220598111925149e-06,0.0,0.0,nan,nan,nan,nan,nan,nan,1081.0,0.9839542508125305,18.8494873046875,2.718320024443599,2.5255306836158975,1.632712483406067,1.4250060319900513,0.9839542508125305,30.0,31.0,-0.16635039908505064,-0.22907120188332605,0.19173248415373967
1776384145.0094545,5.155345668972738,-6.806590031786624,-0.036313798505679076,1.3489917152190722e-06,7.215281149151106e-06,0.0,0.0,nan,nan,nan,nan,nan,nan,1081.0,0.9839542508125305,18.8494873046875,2.718320024443599,2.5255306836158975,1.632712483406067,1.4250060319900513,0.9839542508125305,30.0,31.0,-0.1663503991300575,-0.22907120149432092,0.1917324838980462
1776384145.0617368,5.155345669632863,-6.806590031728901,-0.036313798892994915,1.3490451032608139e-06,7.2133469687881194e-06,0.0,0.0,nan,nan,nan,nan,nan,nan,1081.0,0.9839542508125305,18.8494873046875,2.718320024443599,2.5255306836158975,1.632712483406067,1.4250060319900513,0.9839542508125305,30.0,31.0,-0.16635039917478348,-0.22907120110700507,0.191732483641911
1776384145.1174293,5.155345670293274,-6.806590031675848,-0.03631379927007742,1.3491007901366754e-06,7.229679466377517e-06,0.0,0.0,nan,nan,nan,nan,nan,nan,1081.0,0.9780758619308472,18.879804611206055,2.7175380867681054,2.525865773141162,1.628541111946106,1.4285125732421875,0.9780758619308472,30.0,31.0,-0.16635039921582945,-0.22907120072992257,0.19173248338150964
1776384145.1602879,5.155345670954082,-6.806590031623612,-0.03631379964359618,1.3491317515006748e-06,7.245668096334526e-06,0.0,0.0,nan,nan,nan,nan,nan,nan,1081.0,0.9780758619308472,18.879804611206055,2.7175380867681054,2.525865773141162,1.628541111946106,1.4285125732421875,0.9780758619308472,30.0,31.0,-0.16635039925641207,-0.2290712003564038,0.19173248312019944
1776384145.2094414,5.155345672267138,-6.806590031459592,-0.036313800606707594,1.348680724665961e-06,7.3236474054120624e-06,0.0,0.0,nan,nan,nan,nan,nan,nan,1081.0,0.9753458499908447,18.86672592163086,2.7179114620074643,2.5252295424619144,1.6179269552230835,1.420058250427246,0.9753458499908447,30.0,31.0,-0.16635039937617654,-0.2290711993932924,0.19173248265427004
1776384145.2617862,5.155345672918379,-6.8065900313700896,-0.036313801118768294,1.3486010072173798e-06,7.369307478442652e-06,0.0,0.0,nan,nan,nan,nan,nan,nan,1081.0,0.9753458499908447,18.86672592163086,2.7179114620074643,2.5252295424619144,1.6179269552230835,1.420058250427246,0.9753458499908447,30.0,31.0,-0.16635039944044638,-0.22907119888123167,0.1917324824303972
1776384145.3118837,5.155345672918379,-6.8065900313700896,-0.036313801118768294,1.3485695850083875e-06,7.415128240782631e-06,0.0,0.0,nan,nan,nan,nan,nan,nan,1081.0,0.9830651879310608,18.873626708984375,2.7182865411897814,2.525463744549356,1.6219836473464966,1.420807123184204,0.9830651879310608,30.0,31.0,-0.16635039944044638,-0.22907119888123167,0.1917324824303972
1776384145.3603983,5.155345673568149,-6.806590031280492,-0.03631380163015023,1.3485626759455352e-06,7.4610348795732975e-06,0.0,0.0,nan,nan,nan,nan,nan,nan,1081.0,0.9830651879310608,18.873626708984375,2.7182865411897814,2.525463744549356,1.6219836473464966,1.420807123184204,0.9830651879310608,30.0,31.0,-0.16635039950482244,-0.22907119836984974,0.19173248220729341
1776384145.4103153,5.155345674865667,-6.806590031101733,-0.036313802648721756,1.348567418937023e-06,7.50701478515598e-06,0.0,0.0,nan,nan,nan,nan,nan,nan,1081.0,0.9830651879310608,18.873626708984375,2.7182865411897814,2.525463744549356,1.6219836473464966,1.420807123184204,0.9830651879310608,30.0,31.0,-0.16635039963346507,-0.22907119735127823,0.19173248176164112
1776384145.4602566,5.155345674865667,-6.806590031101733,-0.036313802648721756,1.348567418937023e-06,7.50701478515598e-06,0.0,0.0,nan,nan,nan,nan,nan,nan,1081.0,0.9720571041107178,18.859970092773438,2.7179077363036277,2.5255848981749027,1.6253268718719482,1.4294121265411377,0.9720571041107178,30.0,31.0,-0.16635039963346507,-0.22907119735127823,0.19173248176164112
1776384145.5111887,5.155345675513916,-6.806590031012677,-0.036313803155763616,1.3485785341503172e-06,7.553064651558545e-06,0.0,0.0,nan,nan,nan,nan,nan,nan,1081.0,0.9720571041107178,18.859970092773438,2.7179077363036277,2.5255848981749027,1.6253268718719482,1.4294121265411377,0.9720571041107178,30.0,31.0,-0.1663503996976583,-0.22907119684423638,0.1917324815387655
1776384145.5606182,5.1553456761622325,-6.8065900309284,-0.03631380365247794,1.3486575857406715e-06,7.599775414425513e-06,0.0,0.0,nan,nan,nan,nan,nan,nan,1081.0,0.9720571041107178,18.859970092773438,2.7179077363036277,2.5255848981749027,1.6253268718719482,1.4294121265411377,0.9720571041107178,30.0,31.0,-0.1663503997580624,-0.22907119634752204,0.1917324813116287
1776384145.61127,5.15534567681132,-6.806590030845427,-0.03631380414331093,1.3486822535777669e-06,7.643198223239058e-06,0.0,0.0,nan,nan,nan,nan,nan,nan,1081.0,0.9756291508674622,18.850812911987305,2.717899023880019,2.525350014772545,1.6205404996871948,1.421583652496338,0.9756291508674622,30.0,31.0,-0.1663503998177531,-0.22907119585668906,0.1917324810829795
1776384145.6596985,5.155345677459892,-6.806590030754456,-0.0363138046497219,1.3486324745237238e-06,7.659508889632884e-06,0.0,0.0,nan,nan,nan,nan,nan,nan,1081.0,0.9756291508674622,18.850812911987305,2.717899023880019,2.525350014772545,1.6205404996871948,1.421583652496338,0.9756291508674622,30.0,31.0,-0.1663503998839318,-0.2290711953502781,0.19173248086164874
1776384145.7104177,5.155345678107439,-6.806590030662097,-0.036313805160049256,1.3486136249693443e-06,7.676713554308145e-06,0.0,0.0,nan,nan,nan,nan,nan,nan,1081.0,0.9756291508674622,18.850812911987305,2.717899023880019,2.525350014772545,1.6205404996871948,1.421583652496338,0.9756291508674622,30.0,31.0,-0.16635039995108725,-0.22907119483995073,0.19173248064202364
1776384145.7610955,5.15534567875424,-6.80659003056892,-0.03631380567148246,1.3486029060588119e-06,7.69408068825764e-06,0.0,0.0,nan,nan,nan,nan,nan,nan,1081.0,0.9793500900268555,18.892789840698242,2.7182232611825574,2.525554561174558,1.6176615953445435,1.4337775707244873,0.9793500900268555,30.0,31.0,-0.16635040001892765,-0.22907119432851752,0.19173248042346988
1776384145.818238,5.155345679400543,-6.806590030475856,-0.03631380618182301,1.3486058622478088e-06,7.711552394742574e-06,0.0,0.0,nan,nan,nan,nan,nan,nan,1081.0,0.9793500900268555,18.892789840698242,2.7182232611825574,2.525554561174558,1.6176615953445435,1.4337775707244873,0.9793500900268555,30.0,31.0,-0.16635040008674054,-0.22907119381817698,0.19173248020504735
1776384145.8593082,5.155345680046529,-6.806590030382992,-0.03631380669075212,1.3486153458188591e-06,7.729081468819843e-06,0.0,0.0,nan,nan,nan,nan,nan,nan,1081.0,0.970370352268219,18.860666275024414,2.7178764618402496,2.525795821625726,1.6260234117507935,1.4257855415344238,0.970370352268219,30.0,31.0,-0.1663504001544777,-0.22907119330924786,0.1917324799865959
1776384145.9101155,5.15534568069228,-6.806590030290145,-0.036313807198588025,1.348622900335508e-06,7.746599709508463e-06,0.0,0.0,nan,nan,nan,nan,nan,nan,1081.0,0.970370352268219,18.860666275024414,2.7178764618402496,2.525795821625726,1.6260234117507935,1.4257855415344238,0.970370352268219,30.0,31.0,-0.16635040022229275,-0.22907119280141197,0.19173247976823823
1776384145.9601388,5.1553456813377165,-6.806590030196995,-0.03631380770619893,1.348630518271474e-06,7.764233902092004e-06,0.0,0.0,nan,nan,nan,nan,nan,nan,1081.0,0.970370352268219,18.860666275024414,2.7178764618402496,2.525795821625726,1.6260234117507935,1.4257855415344238,0.970370352268219,30.0,31.0,-0.1663504002904214,-0.22907119229380105,0.19173247955029576
1776384146.02433,5.1553456813377165,-6.806590030196995,-0.03631380770619893,1.348630518271474e-06,7.764233902092004e-06,0.0,0.0,nan,nan,nan,nan,nan,nan,1081.0,0.969410240650177,18.866775512695312,2.7174284122918735,2.5262439143908098,1.6300649642944336,1.4313956499099731,0.969410240650177,30.0,31.0,-0.1663504002904214,-0.22907119229380105,0.19173247955029576
1776384146.0625029,5.155345681984928,-6.806590030119751,-0.036313808154218204,1.3489098029439088e-06,7.768993517361885e-06,0.0,0.0,nan,nan,nan,nan,nan,nan,1081.0,0.969410240650177,18.866775512695312,2.7174284122918735,2.5262439143908098,1.6300649642944336,1.4313956499099731,0.969410240650177,30.0,31.0,-0.1663504003483998,-0.22907119184578179,0.19173247931744875
1776384146.118163,5.155345682632327,-6.806590030019347,-0.03631380868091653,1.3487869306186154e-06,7.791257331711983e-06,0.0,0.0,nan,nan,nan,nan,nan,nan,1081.0,0.969410240650177,18.866775512695312,2.7174284122918735,2.5262439143908098,1.6300649642944336,1.4313956499099731,0.969410240650177,30.0,31.0,-0.16635040042202898,-0.22907119131908346,0.191732479105013
1776384146.1596158,5.155345682632327,-6.806590030019347,-0.03631380868091653,1.3487869306186154e-06,7.791257331711983e-06,0.0,0.0,nan,nan,nan,nan,nan,nan,1081.0,0.969410240650177,18.866775512695312,2.7174284122918735,2.5262439143908098,1.6300649642944336,1.4313956499099731,0.969410240650177,30.0,31.0,-0.16635040042202898,-0.22907119131908346,0.191732479105013
1776384146.2111475,5.155345683277603,-6.80659002991642,-0.03631380922116269,1.348782499906957e-06,7.816178954711487e-06,0.0,0.0,nan,nan,nan,nan,nan,nan,1081.0,0.9737635850906372,18.888328552246094,2.7175714781061573,2.5259030722095464,1.6218780279159546,1.4278552532196045,0.9737635850906372,30.0,31.0,-0.1663504004968102,-0.2290711907788373,0.19173247889579828
1776384146.2602923,5.155345683921709,-6.8065900298132735,-0.036313809761921646,1.3488127055793927e-06,7.841328440828103e-06,0.0,0.0,nan,nan,nan,nan,nan,nan,1081.0,0.9737635850906372,18.888328552246094,2.7175714781061573,2.5259030722095464,1.6218780279159546,1.4278552532196045,0.9737635850906372,30.0,31.0,-0.16635040057172024,-0.22907119023807834,0.19173247868732288
1776384146.3204653,5.155345684565147,-6.80659002971025,-0.03631381030142295,1.3488623577778111e-06,7.866536828668138e-06,0.0,0.0,nan,nan,nan,nan,nan,nan,1081.0,0.9737635850906372,18.888328552246094,2.7175714781061573,2.5259030722095464,1.6218780279159546,1.4278552532196045,0.9737635850906372,30.0,31.0,-0.1663504006466025,-0.22907118969857704,0.19173247847904906
1776384146.3601959,5.155345685208192,-6.80659002960887,-0.03631381083687601,1.3489187557571844e-06,7.90318025208658e-06,0.0,0.0,nan,nan,nan,nan,nan,nan,1081.0,0.9759328961372375,18.865812301635742,2.717719187789444,2.5256249726163675,1.6331483125686646,1.424038052558899,0.9759328961372375,30.0,31.0,-0.1663504007202144,-0.22907118916312397,0.19173247826950404
1776384146.4114048,5.155345685851517,-6.806590029511778,-0.036313811361328975,1.348967022617736e-06,7.95267699645058e-06,0.0,0.0,nan,nan,nan,nan,nan,nan,1081.0,0.9759328961372375,18.865812301635742,2.717719187789444,2.5256249726163675,1.6331483125686646,1.424038052558899,0.9759328961372375,30.0,31.0,-0.16635040079059993,-0.22907118863867101,0.19173247805603297
1776384146.460355,5.155345686495039,-6.806590029414892,-0.03631381188371618,1.3489964353296868e-06,8.002090308051204e-06,0.0,0.0,nan,nan,nan,nan,nan,nan,1081.0,0.9772017598152161,18.86956214904785,2.717788250825672,2.5256442031030684,1.6205456256866455,1.4242660999298096,0.9772017598152161,30.0,31.0,-0.16635040086098357,-0.2290711881162838,0.19173247784228817
1776384146.5112987,5.155345687129138,-6.806590029311647,-0.036313812354988866,1.3451960824254486e-06,8.10242284516017e-06,0.0,0.0,nan,nan,nan,nan,nan,nan,1081.0,0.9772017598152161,18.86956214904785,2.717788250825672,2.5256442031030684,1.6205456256866455,1.4242660999298096,0.9772017598152161,30.0,31.0,-0.1663504009422524,-0.2290711876450111,0.19173247763855664
1776384146.5624251,5.155345687439142,-6.80659003071796,-0.03631380615712638,1.326384930784015e-06,8.979988520251676e-06,0.0,0.0,nan,nan,nan,nan,nan,nan,1081.0,0.9772017598152161,18.86956214904785,2.717788250825672,2.5256442031030684,1.6205456256866455,1.4242660999298096,0.9772017598152161,30.0,31.0,-0.16635040013899938,-0.2290711938428736,0.1917324762495555
1776384146.612374,5.155345687281736,-6.806590035140507,-0.03631378647672246,1.3094719494422381e-06,1.038664072645877e-05,0.0,0.0,nan,nan,nan,nan,nan,nan,1081.0,0.9713183641433716,18.853290557861328,2.718168334096367,2.5255164823049823,1.6267197132110596,1.4250543117523193,0.9713183641433716,30.0,31.0,-0.16635039758989678,-0.22907121352327753,0.19173247240842625
1776384146.6601698,5.155345686623543,-6.806590041541766,-0.03631375655067826,1.2842127043458453e-06,1.202364941667747e-05,0.0,0.0,nan,nan,nan,nan,nan,nan,1081.0,0.9713183641433716,18.853290557861328,2.718168334096367,2.5255164823049823,1.6267197132110596,1.4250543117523193,0.9713183641433716,30.0,31.0,-0.1663503940219805,-0.22907124344932173,0.19173246704901312
1776384146.7093272,5.155345685251706,-6.806590048032367,-0.036313722963499,1.2490483712599437e-06,1.4294807906144427e-05,0.0,0.0,nan,nan,nan,nan,nan,nan,1081.0,0.9790154099464417,18.862632751464844,2.717924636563805,2.5258018236547373,1.6352581977844238,1.424117922782898,0.9790154099464417,30.0,31.0,-0.16635039068790836,-0.229071277036501,0.19173246194265806
1776384146.7610927,5.155345681982092,-6.806590049143386,-0.03631370361047822,1.0638958989682921e-06,1.4775505617537671e-05,0.0,0.0,nan,nan,nan,nan,nan,nan,1081.0,0.9790154099464417,18.862632751464844,2.717924636563805,2.5258018236547373,1.6352581977844238,1.424117922782898,0.9790154099464417,30.0,31.0,-0.16635039130394888,-0.22907129638952176,0.19173246248099376
1776384146.8136833,5.155345666193716,-6.806589942974516,-0.03631406267494797,-1.3820894050294315e-06,-4.7515611024553276e-05,0.0,0.0,nan,nan,nan,nan,nan,nan,1081.0,0.9790154099464417,18.862632751464844,2.717924636563805,2.5258018236547373,1.6352581977844238,1.424117922782898,0.9790154099464417,30.0,31.0,-0.16635046259795744,-0.22907093732505202,0.19173256379880885
1776384146.8612392,5.15534563264547,-6.806589890778649,-0.03631431178710541,2.3140932981496442e-07,-9.59623381708976e-06,0.0,0.0,nan,nan,nan,nan,nan,nan,1081.0,0.9791128635406494,18.864870071411133,2.71783287496505,2.525526224242882,1.628577709197998,1.4207638502120972,0.9791128635406494,30.0,31.0,-0.1663504897921064,-0.22907068821289456,0.1917326256107809
1776384146.911201,5.1553456170682805,-6.8065898845310215,-0.036314340448480184,8.2985828647231e-07,-6.758706016677543e-06,0.0,0.0,nan,nan,nan,nan,nan,nan,1081.0,0.9791128635406494,18.864870071411133,2.71783287496505,2.525526224242882,1.628577709197998,1.4207638502120972,0.9791128635406494,30.0,31.0,-0.16635049273760855,-0.22907065955151978,0.19173263839024732
1776384146.9600666,5.155345609710578,-6.806589882845361,-0.03631434512978887,1.1252751742905812e-06,-6.332843036830131e-06,0.0,0.0,nan,nan,nan,nan,nan,nan,1081.0,0.9764893651008606,18.86212158203125,2.717366451967876,2.525563377972248,1.6160162687301636,1.4242873191833496,0.9764893651008606,30.0,31.0,-0.16635049370872987,-0.2290706548702111,0.19173264330653542
1776384147.0101094,5.155345605260366,-6.806589882022997,-0.036314346640554405,1.3412663374838878e-06,-6.270913978560783e-06,0.0,0.0,nan,nan,nan,nan,nan,nan,1081.0,0.9764893651008606,18.86212158203125,2.717366451967876,2.525563377972248,1.6160162687301636,1.4242873191833496,0.9764893651008606,30.0,31.0,-0.16635049422495096,-0.22907065335944557,0.19173264610556046
1776384147.06053,5.155345605011865,-6.806589881927588,-0.03631434720064547,1.3745682873831848e-06,-6.278071230263634e-06,0.0,0.0,nan,nan,nan,nan,nan,nan,1081.0,0.9698061347007751,18.86992835998535,2.717635783357382,2.52590237143838,1.6203348636627197,1.4271141290664673,0.9698061347007751,30.0,31.0,-0.1663504942578782,-0.2290706527993545,0.19173264630566034
1776384147.1151667,5.1553456052193045,-6.806589881888751,-0.03631434784028335,1.3901458419661018e-06,-6.284540828728854e-06,0.0,0.0,nan,nan,nan,nan,nan,nan,1081.0,0.9698061347007751,18.86992835998535,2.717635783357382,2.52590237143838,1.6203348636627197,1.4271141290664673,0.9698061347007751,30.0,31.0,-0.16635049424324003,-0.22907065215971664,0.191732646243491
1776384147.164282,5.155345605639438,-6.806589881874433,-0.036314348532791633,1.3973649460234982e-06,-6.289565909540029e-06,0.0,0.0,nan,nan,nan,nan,nan,nan,1081.0,0.9655075669288635,18.87131690979004,2.7178149696966765,2.5259458276252302,1.6342003345489502,1.4224128723144531,0.9655075669288635,30.0,31.0,-0.16635049420678158,-0.22907065146720834,0.19173264606063187
1776384147.2143571,5.155345606158129,-6.806589881871205,-0.03631434925361459,1.4006860356122124e-06,-6.293602854593827e-06,0.0,0.0,nan,nan,nan,nan,nan,nan,1081.0,0.9655075669288635,18.87131690979004,2.7178149696966765,2.5259458276252302,1.6342003345489502,1.4224128723144531,0.9655075669288635,30.0,31.0,-0.16635049416011863,-0.22907065074638538,0.19173264582208716
1776384147.2603629,5.155345606722337,-6.806589881873306,-0.03631434998781465,1.4022037978078725e-06,-6.297085302558024e-06,0.0,0.0,nan,nan,nan,nan,nan,nan,1081.0,0.9655075669288635,18.87131690979004,2.7178149696966765,2.5259458276252302,1.6342003345489502,1.4224128723144531,0.9655075669288635,30.0,31.0,-0.16635049410850825,-0.22907065001218532,0.19173264555764244
1776384147.3093162,5.155345607307592,-6.806589881878218,-0.036314350727422076,1.402892101338868e-06,-6.300280798317527e-06,0.0,0.0,nan,nan,nan,nan,nan,nan,1081.0,0.971025288105011,18.876461029052734,2.7175649778364326,2.525811561817123,1.6219353675842285,1.4230165481567383,0.971025288105011,30.0,31.0,-0.16635049405433638,-0.22907064927257792,0.1917326452809134
1776384147.3651943,5.155345607902652,-6.806589881884845,-0.03631435146839399,1.403200268894819e-06,-6.303330954169956e-06,0.0,0.0,nan,nan,nan,nan,nan,nan,1081.0,0.971025288105011,18.876461029052734,2.7175649778364326,2.525811561817123,1.6219353675842285,1.4230165481567383,0.971025288105011,30.0,31.0,-0.16635049399867735,-0.229070648531606,0.19173264499810408
1776384147.410009,5.15534560850238,-6.806589881892698,-0.03631435220875494,1.4033350569363666e-06,-6.3063103325695906e-06,0.0,0.0,nan,nan,nan,nan,nan,nan,1081.0,0.971025288105011,18.876461029052734,2.7175649778364326,2.525811561817123,1.6219353675842285,1.4230165481567383,0.971025288105011,30.0,31.0,-0.16635049394202028,-0.22907064779124503,0.19173264471203683
1776384147.4633896,5.15534560850238,-6.806589881892698,-0.03631435220875494,1.4033910671414374e-06,-6.309252424810246e-06,0.0,0.0,nan,nan,nan,nan,nan,nan,1081.0,0.9776602387428284,18.87391471862793,2.718145066229532,2.525411044287638,1.6188220977783203,1.4258909225463867,0.9776602387428284,30.0,31.0,-0.16635049394202028,-0.22907064779124503,0.19173264471203683
1776384147.5131927,5.155345609104434,-6.8065898819015676,-0.0363143529475396,1.4033910671414374e-06,-6.309252424810246e-06,0.0,0.0,nan,nan,nan,nan,nan,nan,1081.0,0.9776602387428284,18.87391471862793,2.718145066229532,2.525411044287638,1.6188220977783203,1.4258909225463867,0.9776602387428284,30.0,31.0,-0.1663504938845825,-0.22907064705246039,0.1917326444239873
1776384147.5605452,5.155345609707745,-6.806589881911364,-0.036314353684279224,1.4034112731413555e-06,-6.3121740964993026e-06,0.0,0.0,nan,nan,nan,nan,nan,nan,1081.0,0.9776602387428284,18.87391471862793,2.718145066229532,2.525411044287638,1.6188220977783203,1.4258909225463867,0.9776602387428284,30.0,31.0,-0.16635049382645872,-0.22907064631572077,0.1917326441345321
1776384147.6094785,5.155345610311836,-6.8065898819220525,-0.036314354418737704,1.4034154585741377e-06,-6.315085032337354e-06,0.0,0.0,nan,nan,nan,nan,nan,nan,1081.0,0.9741970896720886,18.873409271240234,2.7177382855918206,2.5255316165811306,1.6267119646072388,1.4294064044952393,0.9741970896720886,30.0,31.0,-0.1663504937676896,-0.22907064558126228,0.19173264384392472
1776384147.6604397,5.15534561091649,-6.80658988193362,-0.03631435515079006,1.4034126276600914e-06,-6.317987414050961e-06,0.0,0.0,nan,nan,nan,nan,nan,nan,1081.0,0.9741970896720886,18.873409271240234,2.7177382855918206,2.5255316165811306,1.6267119646072388,1.4294064044952393,0.9741970896720886,30.0,31.0,-0.16635049370829155,-0.22907064484920991,0.19173264355227698
1776384147.717206,5.155345611521614,-6.806589881946066,-0.03631435588035308,1.4034067322076722e-06,-6.320883271373733e-06,0.0,0.0,nan,nan,nan,nan,nan,nan,1081.0,0.9741970896720886,18.873409271240234,2.7177382855918206,2.5255316165811306,1.6267119646072388,1.4294064044952393,0.9741970896720886,30.0,31.0,-0.16635049364827006,-0.2290706441196469,0.19173264325963316
1776384147.7633417,5.155345611521614,-6.806589881946066,-0.03631435588035308,1.4034067322076722e-06,-6.320883271373733e-06,0.0,0.0,nan,nan,nan,nan,nan,nan,1081.0,0.9805498719215393,18.852861404418945,2.7178423762542026,2.525432645948422,1.6193336248397827,1.4239166975021362,0.9805498719215393,30.0,31.0,-0.16635049364827006,-0.2290706441196469,0.19173264325963316
1776384147.8133047,5.155345612127164,-6.806589881959398,-0.036314356607377515,1.4033919280175615e-06,-6.326658783507404e-06,0.0,0.0,nan,nan,nan,nan,nan,nan,1081.0,0.9805498719215393,18.852861404418945,2.7178423762542026,2.525432645948422,1.6193336248397827,1.4239166975021362,0.9805498719215393,30.0,31.0,-0.16635049358762113,-0.22907064339262245,0.19173264296600753
1776384147.8602073,5.155345612733126,-6.806589881973617,-0.03631435733182506,1.4033919280175615e-06,-6.326658783507404e-06,0.0,0.0,nan,nan,nan,nan,nan,nan,1081.0,0.9805498719215393,18.852861404418945,2.7178423762542026,2.525432645948422,1.6193336248397827,1.4239166975021362,0.9805498719215393,30.0,31.0,-0.16635049352634618,-0.22907064266817492,0.19173264267140436
1776384147.9125266,5.155345613339497,-6.806589881988733,-0.03631435805366324,1.4033841142983214e-06,-6.329538953278155e-06,0.0,0.0,nan,nan,nan,nan,nan,nan,1081.0,0.9708271622657776,18.873817443847656,2.717705491513262,2.525774212516048,1.6304174661636353,1.4248676300048828,0.9708271622657776,30.0,31.0,-0.16635049346443742,-0.22907064194633675,0.19173264237581625
1776384147.9627194,5.155345613946275,-6.806589882004755,-0.03631435877284492,1.4033768935691838e-06,-6.332412505189972e-06,0.0,0.0,nan,nan,nan,nan,nan,nan,1081.0,0.9708271622657776,18.873817443847656,2.717705491513262,2.525774212516048,1.6304174661636353,1.4248676300048828,0.9708271622657776,30.0,31.0,-0.16635049340189226,-0.22907064122715506,0.19173264207923776
1776384148.0135028,5.155345613946275,-6.806589882004755,-0.03631435877284492,1.4033768935691838e-06,-6.332412505189972e-06,0.0,0.0,nan,nan,nan,nan,nan,nan,1081.0,0.9708271622657776,18.873817443847656,2.717705491513262,2.525774212516048,1.6304174661636353,1.4248676300048828,0.9708271622657776,30.0,31.0,-0.16635049340189226,-0.22907064122715506,0.19173264207923776
1776384148.0605342,5.155345614553466,-6.806589882021689,-0.03631435948933849,1.4033695567540576e-06,-6.335282719107929e-06,0.0,0.0,nan,nan,nan,nan,nan,nan,1081.0,0.975610613822937,18.86154556274414,2.7175702466444216,2.525530902625258,1.6350250244140625,1.4216163158416748,0.975610613822937,30.0,31.0,-0.16635049333870683,-0.2290706405106615,0.19173264178165933
1776384148.110299,5.155345615161072,-6.80658988203954,-0.03631436020312764,1.4033626449785452e-06,-6.338146349260622e-06,0.0,0.0,nan,nan,nan,nan,nan,nan,1081.0,0.975610613822937,18.86154556274414,2.7175702466444216,2.525530902625258,1.6350250244140625,1.4216163158416748,0.975610613822937,30.0,31.0,-0.16635049327487827,-0.22907063979687234,0.19173264148307695
1776384148.1619444,5.1553456157691,-6.806589882058323,-0.03631436091415182,1.4033560322032004e-06,-6.341004661264679e-06,0.0,0.0,nan,nan,nan,nan,nan,nan,1081.0,0.975610613822937,18.86154556274414,2.7175702466444216,2.525530902625258,1.6350250244140625,1.4216163158416748,0.975610613822937,30.0,31.0,-0.1663504932103967,-0.22907063908584815,0.19173264118347244
1776384148.2109993,5.155345616377553,-6.806589882078042,-0.03631436162239405,1.403349740988932e-06,-6.343858799586419e-06,0.0,0.0,nan,nan,nan,nan,nan,nan,1081.0,0.9693858027458191,18.855098724365234,2.718184620004137,2.5257368988879914,1.6254546642303467,1.418479561805725,0.9693858027458191,30.0,31.0,-0.1663504931452602,-0.22907063837760594,0.19173264088284173
1776384148.276639,5.155345616377553,-6.806589882078042,-0.03631436162239405,1.403349740988932e-06,-6.343858799586419e-06,0.0,0.0,nan,nan,nan,nan,nan,nan,1081.0,0.9693858027458191,18.855098724365234,2.718184620004137,2.5257368988879914,1.6254546642303467,1.418479561805725,0.9693858027458191,30.0,31.0,-0.1663504931452602,-0.22907063837760594,0.19173264088284173
1776384148.3117146,5.1553456169864385,-6.806589882098703,-0.03631436232782655,1.4033437037875348e-06,-6.346706642218282e-06,0.0,0.0,nan,nan,nan,nan,nan,nan,1081.0,0.9693858027458191,18.855098724365234,2.718184620004137,2.5257368988879914,1.6254546642303467,1.418479561805725,0.9693858027458191,30.0,31.0,-0.16635049307946648,-0.22907063767217342,0.1917326405811764
1776384148.3603365,5.1553456169864385,-6.806589882098703,-0.03631436232782655,1.4033437037875348e-06,-6.346706642218282e-06,0.0,0.0,nan,nan,nan,nan,nan,nan,1081.0,0.9693858027458191,18.855098724365234,2.718184620004137,2.5257368988879914,1.6254546642303467,1.418479561805725,0.9693858027458191,30.0,31.0,-0.16635049307946648,-0.22907063767217342,0.1917326405811764
1776384148.4154387,5.15534561759576,-6.806589882120318,-0.036314363030409864,1.4033380425788292e-06,-6.349549492443775e-06,0.0,0.0,nan,nan,nan,nan,nan,nan,1081.0,0.9693858027458191,18.855098724365234,2.718184620004137,2.5257368988879914,1.6254546642303467,1.418479561805725,0.9693858027458191,30.0,31.0,-0.1663504930130069,-0.22907063696959012,0.19173264027846382
1776384148.4602344,5.15534561759576,-6.806589882120318,-0.036314363030409864,1.4033380425788292e-06,-6.349549492443775e-06,0.0,0.0,nan,nan,nan,nan,nan,nan,1081.0,0.974902868270874,18.859210968017578,2.7181625426311826,2.5257275090775018,1.6261152029037476,1.4248229265213013,0.974902868270874,30.0,31.0,-0.1663504930130069,-0.22907063696959012,0.19173264027846382
1776384148.5203092,5.155345618205521,-6.806589882142889,-0.0363143637301236,1.4033322928693087e-06,-6.352386381687994e-06,0.0,0.0,nan,nan,nan,nan,nan,nan,1081.0,0.974902868270874,18.859210968017578,2.7181625426311826,2.5257275090775018,1.6261152029037476,1.4248229265213013,0.974902868270874,30.0,31.0,-0.16635049294588095,-0.2290706362698764,0.19173263997470003
1776384148.5624025,5.155345618205521,-6.806589882142889,-0.0363143637301236,1.4033322928693087e-06,-6.352386381687994e-06,0.0,0.0,nan,nan,nan,nan,nan,nan,1081.0,0.974902868270874,18.859210968017578,2.7181625426311826,2.5257275090775018,1.6261152029037476,1.4248229265213013,0.974902868270874,30.0,31.0,-0.16635049294588095,-0.2290706362698764,0.19173263997470003
1776384148.6142488,5.1553456188157245,-6.806589882166428,-0.03631436442692222,1.4033272147014962e-06,-6.355218843985122e-06,0.0,0.0,nan,nan,nan,nan,nan,nan,1081.0,0.974902868270874,18.859210968017578,2.7181625426311826,2.5257275090775018,1.6261152029037476,1.4248229265213013,0.974902868270874,30.0,31.0,-0.16635049287808237,-0.22907063557307777,0.19173263966987422
1776384148.660234,5.1553456188157245,-6.806589882166428,-0.03631436442692222,1.4033272147014962e-06,-6.355218843985122e-06,0.0,0.0,nan,nan,nan,nan,nan,nan,1081.0,0.974902868270874,18.859210968017578,2.7181625426311826,2.5257275090775018,1.6261152029037476,1.4248229265213013,0.974902868270874,30.0,31.0,-0.16635049287808237,-0.22907063557307777,0.19173263966987422
1776384148.718505,5.155345619426378,-6.806589882190938,-0.03631436512078558,1.403322076214833e-06,-6.35804557876422e-06,0.0,0.0,nan,nan,nan,nan,nan,nan,1081.0,0.9845269918441772,18.85950469970703,2.71753261846927,2.525945858118834,1.6291074752807617,1.4231610298156738,0.9845269918441772,30.0,31.0,-0.16635049280960898,-0.22907063487921442,0.19173263936397886
1776384148.7812912,5.155345620037486,-6.806589882216429,-0.03631436581168344,1.403317628794805e-06,-6.360866677043252e-06,0.0,0.0,nan,nan,nan,nan,nan,nan,1081.0,0.9845269918441772,18.85950469970703,2.71753261846927,2.525945858118834,1.6291074752807617,1.4231610298156738,0.9845269918441772,30.0,31.0,-0.16635049274045483,-0.22907063418831655,0.19173263905700438
1776384148.8885496,5.155345620037486,-6.806589882216429,-0.03631436581168344,1.403317628794805e-06,-6.360866677043252e-06,0.0,0.0,nan,nan,nan,nan,nan,nan,1081.0,0.9845269918441772,18.85950469970703,2.71753261846927,2.525945858118834,1.6291074752807617,1.4231610298156738,0.9845269918441772,30.0,31.0,-0.16635049274045483,-0.22907063418831655,0.19173263905700438
1776384148.9769502,5.155345620037486,-6.806589882216429,-0.03631436581168344,1.403317628794805e-06,-6.360866677043252e-06,0.0,0.0,nan,nan,nan,nan,nan,nan,1081.0,0.9845269918441772,18.85950469970703,2.71753261846927,2.525945858118834,1.6291074752807617,1.4231610298156738,0.9845269918441772,30.0,31.0,-0.16635049274045483,-0.22907063418831655,0.19173263905700438
1776384149.0718627,5.155345620037486,-6.806589882216429,-0.03631436581168344,1.4033133706648812e-06,-6.363682200161949e-06,0.0,0.0,nan,nan,nan,nan,nan,nan,1081.0,0.9845269918441772,18.85950469970703,2.71753261846927,2.525945858118834,1.6291074752807617,1.4231610298156738,0.9845269918441772,30.0,31.0,-0.16635049274045483,-0.22907063418831655,0.19173263905700438
1776384149.1132135,5.155345621873583,-6.8065898822988595,-0.03631436786623685,1.4033055830746353e-06,-6.3692969564581674e-06,0.0,0.0,nan,nan,nan,nan,nan,nan,1081.0,0.9845269918441772,18.85950469970703,2.71753261846927,2.525945858118834,1.6291074752807617,1.4231610298156738,0.9845269918441772,30.0,31.0,-0.1663504925288678,-0.22907063213376314,0.1917326381295155
1776384149.1787543,5.155345622486557,-6.806589882328346,-0.03631436854495242,1.4033022223086298e-06,-6.372096420499107e-06,0.0,0.0,nan,nan,nan,nan,nan,nan,1081.0,0.9808614253997803,18.853519439697266,2.7180868786424535,2.525879009044726,1.609937071800232,1.4315022230148315,0.9808614253997803,30.0,31.0,-0.16635049245694952,-0.22907063145504755,0.1917326378181358
1776384149.2186403,5.1553456231000085,-6.806589882358848,-0.03631436922054391,1.4032992247738609e-06,-6.374890421868083e-06,0.0,0.0,nan,nan,nan,nan,nan,nan,1081.0,0.9808614253997803,18.853519439697266,2.7180868786424535,2.525879009044726,1.609937071800232,1.4315022230148315,0.9808614253997803,30.0,31.0,-0.16635049238433197,-0.22907063077945608,0.1917326375056351
1776384149.2624397,5.1553456237139414,-6.80658988239037,-0.0363143698929928,1.4032960817571003e-06,-6.377677375637541e-06,0.0,0.0,nan,nan,nan,nan,nan,nan,1081.0,0.9808614253997803,18.853519439697266,2.7180868786424535,2.525879009044726,1.609937071800232,1.4315022230148315,0.9808614253997803,30.0,31.0,-0.16635049231101162,-0.22907063010700718,0.19173263719200717
1776384149.3099205,5.15534562432836,-6.806589882422925,-0.03631437056225982,1.403293639478428e-06,-6.3804593574242305e-06,0.0,0.0,nan,nan,nan,nan,nan,nan,1081.0,0.9774230718612671,18.851991653442383,2.717585582792704,2.525699020365416,1.6111466884613037,1.4263931512832642,0.9774230718612671,30.0,31.0,-0.16635049223698087,-0.22907062943774015,0.19173263687723965
1776384149.3623564,5.15534562494327,-6.8065898824565165,-0.03631437122831485,1.4032911204059928e-06,-6.383235914560724e-06,0.0,0.0,nan,nan,nan,nan,nan,nan,1081.0,0.9774230718612671,18.851991653442383,2.717585582792704,2.525699020365416,1.6111466884613037,1.4263931512832642,0.9774230718612671,30.0,31.0,-0.16635049216223752,-0.22907062877168513,0.19173263656132533
1776384149.410157,5.155345625558675,-6.806589882491152,-0.03631437189113395,1.4032891379683427e-06,-6.386007394802176e-06,0.0,0.0,nan,nan,nan,nan,nan,nan,1081.0,0.9674974679946899,18.86502456665039,2.7175666665060447,2.526164337994323,1.6105316877365112,1.4287610054016113,0.9674974679946899,30.0,31.0,-0.16635049208677763,-0.22907062810886603,0.19173263624425707
1776384149.463604,5.155345625558675,-6.806589882491152,-0.03631437189113395,1.4032891379683427e-06,-6.386007394802176e-06,0.0,0.0,nan,nan,nan,nan,nan,nan,1081.0,0.9674974679946899,18.86502456665039,2.7175666665060447,2.526164337994323,1.6105316877365112,1.4287610054016113,0.9674974679946899,30.0,31.0,-0.16635049208677763,-0.22907062810886603,0.19173263624425707
1776384149.5149546,5.155345626174579,-6.806589882526835,-0.03631437255069062,1.4032872726374297e-06,-6.3887722973311225e-06,0.0,0.0,nan,nan,nan,nan,nan,nan,1081.0,0.9674974679946899,18.86502456665039,2.7175666665060447,2.526164337994323,1.6105316877365112,1.4287610054016113,0.9674974679946899,30.0,31.0,-0.16635049201059965,-0.22907062744930937,0.19173263592602846
1776384149.5644336,5.155345626790989,-6.806589882563575,-0.03631437320695694,1.4032858142157797e-06,-6.391531583215946e-06,0.0,0.0,nan,nan,nan,nan,nan,nan,1081.0,0.9674974679946899,18.86502456665039,2.7175666665060447,2.526164337994323,1.6105316877365112,1.4287610054016113,0.9674974679946899,30.0,31.0,-0.16635049193369827,-0.22907062679304305,0.19173263560662995
1776384149.6135392,5.155345627407904,-6.806589882601378,-0.03631437385989499,1.4032844559995743e-06,-6.394285312908694e-06,0.0,0.0,nan,nan,nan,nan,nan,nan,1081.0,0.975064218044281,18.85495948791504,2.71786147262298,2.5258561444752625,1.6273040771484375,1.4261411428451538,0.975064218044281,30.0,31.0,-0.16635049185606923,-0.22907062614010498,0.1917326352860549
1776384149.6603415,5.155345628025332,-6.8065898826402496,-0.03631437450949285,1.4032833844931568e-06,-6.397033617237392e-06,0.0,0.0,nan,nan,nan,nan,nan,nan,1081.0,0.975064218044281,18.85495948791504,2.71786147262298,2.5258561444752625,1.6273040771484375,1.4261411428451538,0.975064218044281,30.0,31.0,-0.16635049177771039,-0.22907062549050713,0.19173263496429596
1776384149.7103786,5.155345628643274,-6.806589882680195,-0.03631437515570694,1.4032825217006542e-06,-6.399774662259915e-06,0.0,0.0,nan,nan,nan,nan,nan,nan,1081.0,0.9755449891090393,18.865903854370117,2.7182403509535247,2.526090834883953,1.608788013458252,1.4238954782485962,0.9755449891090393,30.0,31.0,-0.16635049169861876,-0.22907062484429302,0.19173263464134652
1776384149.7619143,5.155345629261737,-6.806589882721221,-0.03631437579852353,1.4032823641447939e-06,-6.402511704838201e-06,0.0,0.0,nan,nan,nan,nan,nan,nan,1081.0,0.9755449891090393,18.865903854370117,2.7182403509535247,2.526090834883953,1.608788013458252,1.4238954782485962,0.9755449891090393,30.0,31.0,-0.1663504916187907,-0.22907062420147645,0.19173263431719886
1776384149.8107674,5.155345629880726,-6.806589882763335,-0.0363143764379145,1.4032819715791428e-06,-6.405242971947476e-06,0.0,0.0,nan,nan,nan,nan,nan,nan,1081.0,0.9755449891090393,18.865903854370117,2.7182403509535247,2.526090834883953,1.608788013458252,1.4238954782485962,0.9755449891090393,30.0,31.0,-0.166350491538221,-0.2290706235620855,0.19173263399184312
1776384149.873187,5.155345629880726,-6.806589882763335,-0.0363143764379145,1.4032819715791428e-06,-6.405242971947476e-06,0.0,0.0,nan,nan,nan,nan,nan,nan,1081.0,0.9755449891090393,18.865903854370117,2.7182403509535247,2.526090834883953,1.608788013458252,1.4238954782485962,0.9755449891090393,30.0,31.0,-0.166350491538221,-0.2290706235620855,0.19173263399184312
1776384149.9126315,5.155345629880726,-6.806589882763335,-0.0363143764379145,1.4032819715791428e-06,-6.405242971947476e-06,0.0,0.0,nan,nan,nan,nan,nan,nan,1081.0,0.9755449891090393,18.865903854370117,2.7182403509535247,2.526090834883953,1.608788013458252,1.4238954782485962,0.9755449891090393,30.0,31.0,-0.166350491538221,-0.2290706235620855,0.19173263399184312
1776384149.960379,5.155345630500242,-6.80658988280654,-0.03631437707385249,1.4032819047203513e-06,-6.407967135445615e-06,0.0,0.0,nan,nan,nan,nan,nan,nan,1081.0,0.9755449891090393,18.865903854370117,2.7182403509535247,2.526090834883953,1.608788013458252,1.4238954782485962,0.9755449891090393,30.0,31.0,-0.16635049145690964,-0.2290706229261475,0.1917326336652769
1776384150.010424,5.155345630500242,-6.80658988280654,-0.03631437707385249,1.4032819047203513e-06,-6.407967135445615e-06,0.0,0.0,nan,nan,nan,nan,nan,nan,1081.0,0.9753777384757996,18.858638763427734,2.717642435202656,2.5254802424405005,1.611686110496521,1.4194304943084717,0.9753777384757996,30.0,31.0,-0.16635049145690964,-0.2290706229261475,0.1917326336652769
1776384150.0603833,5.15534563112029,-6.806589882850844,-0.03631437770630922,1.4032823728653828e-06,-6.410685744498319e-06,0.0,0.0,nan,nan,nan,nan,nan,nan,1081.0,0.9753777384757996,18.858638763427734,2.717642435202656,2.5254802424405005,1.611686110496521,1.4194304943084717,0.9753777384757996,30.0,31.0,-0.1663504913748507,-0.22907062229369077,0.19173263333748986
1776384150.1102042,5.15534563112029,-6.806589882850844,-0.03631437770630922,1.4032823728653828e-06,-6.410685744498319e-06,0.0,0.0,nan,nan,nan,nan,nan,nan,1081.0,0.972303032875061,18.869470596313477,2.718034373291326,2.5259350561970213,1.6125738620758057,1.426335334777832,0.972303032875061,30.0,31.0,-0.1663504913748507,-0.22907062229369077,0.19173263333748986
1776384150.160762,5.155345631740873,-6.80658988289625,-0.036314378335261334,1.4032827295798875e-06,-6.413399432773662e-06,0.0,0.0,nan,nan,nan,nan,nan,nan,1081.0,0.972303032875061,18.869470596313477,2.718034373291326,2.5259350561970213,1.6125738620758057,1.426335334777832,0.972303032875061,30.0,31.0,-0.16635049129204374,-0.22907062166473866,0.1917326330084784
1776384150.211581,5.155345632361995,-6.806589882942768,-0.03631437896068412,1.4032835007526102e-06,-6.4161068660682975e-06,0.0,0.0,nan,nan,nan,nan,nan,nan,1081.0,0.972303032875061,18.869470596313477,2.718034373291326,2.5259350561970213,1.6125738620758057,1.426335334777832,0.972303032875061,30.0,31.0,-0.16635049120848253,-0.22907062103931586,0.19173263267823212
1776384150.264372,5.155345632361995,-6.806589882942768,-0.03631437896068412,1.4032835007526102e-06,-6.4161068660682975e-06,0.0,0.0,nan,nan,nan,nan,nan,nan,1081.0,0.972303032875061,18.869470596313477,2.718034373291326,2.5259350561970213,1.6125738620758057,1.426335334777832,0.972303032875061,30.0,31.0,-0.16635049120848253,-0.22907062103931586,0.19173263267823212
1776384150.3103027,5.1553456329836616,-6.806589882990398,-0.036314379582546866,1.403284726098775e-06,-6.4188072929171224e-06,0.0,0.0,nan,nan,nan,nan,nan,nan,1081.0,0.972303032875061,18.869470596313477,2.718034373291326,2.5259350561970213,1.6125738620758057,1.426335334777832,0.972303032875061,30.0,31.0,-0.16635049112416825,-0.22907062041745313,0.1917326323467479
1776384150.3662283,5.1553456329836616,-6.806589882990398,-0.036314379582546866,1.403284726098775e-06,-6.4188072929171224e-06,0.0,0.0,nan,nan,nan,nan,nan,nan,1081.0,0.984602689743042,18.869102478027344,2.71832175816131,2.5252512689599382,1.6324381828308105,1.4214160442352295,0.984602689743042,30.0,31.0,-0.16635049112416825,-0.22907062041745313,0.1917326323467479
1776384150.4124777,5.1553456336058785,-6.80658988303915,-0.036314380200834155,1.4032859805487123e-06,-6.421502863420154e-06,0.0,0.0,nan,nan,nan,nan,nan,nan,1081.0,0.984602689743042,18.869102478027344,2.71832175816131,2.5252512689599382,1.6324381828308105,1.4214160442352295,0.984602689743042,30.0,31.0,-0.1663504910390938,-0.22907061979916582,0.1917326320140145
1776384150.4604447,5.155345634228644,-6.806589883089027,-0.03631438081551969,1.403287449099726e-06,-6.424192992705584e-06,0.0,0.0,nan,nan,nan,nan,nan,nan,1081.0,0.984602689743042,18.869102478027344,2.71832175816131,2.5252512689599382,1.6324381828308105,1.4214160442352295,0.984602689743042,30.0,31.0,-0.16635049095325896,-0.2290706191844803,0.19173263168003044
1776384150.5117915,5.155345634851964,-6.806589883140034,-0.036314381426579015,1.4032890673899462e-06,-6.42687617536457e-06,0.0,0.0,nan,nan,nan,nan,nan,nan,1081.0,0.9761297702789307,18.855913162231445,2.718087611763043,2.5254293774476144,1.6042859554290771,1.4319719076156616,0.9761297702789307,30.0,31.0,-0.1663504908666601,-0.22907061857342098,0.19173263134478763
1776384150.5614393,5.155345635475842,-6.806589883192176,-0.03631438203397987,1.4032911307020654e-06,-6.429553556000484e-06,0.0,0.0,nan,nan,nan,nan,nan,nan,1081.0,0.9761297702789307,18.855913162231445,2.718087611763043,2.5254293774476144,1.6042859554290771,1.4319719076156616,0.9761297702789307,30.0,31.0,-0.1663504907792959,-0.22907061796602013,0.19173263100828064
1776384150.6388216,5.15534563610028,-6.8065898832454605,-0.03631438263770557,1.4032931794888739e-06,-6.4322259298332e-06,0.0,0.0,nan,nan,nan,nan,nan,nan,1081.0,0.9761297702789307,18.855913162231445,2.718087611763043,2.5254293774476144,1.6042859554290771,1.4319719076156616,0.9761297702789307,30.0,31.0,-0.1663504906911609,-0.22907061736229442,0.19173263067050222
1776384150.662851,5.15534563610028,-6.8065898832454605,-0.03631438263770557,1.4032931794888739e-06,-6.4322259298332e-06,0.0,0.0,nan,nan,nan,nan,nan,nan,1081.0,0.9750856757164001,18.862960815429688,2.7176000253675605,2.5260088564433034,1.6213704347610474,1.4152971506118774,0.9750856757164001,30.0,31.0,-0.1663504906911609,-0.22907061736229442,0.19173263067050222
1776384150.71143,5.155345636725281,-6.806589883299888,-0.036314383237738765,1.4032955762010287e-06,-6.434891652477381e-06,0.0,0.0,nan,nan,nan,nan,nan,nan,1081.0,0.9750856757164001,18.862960815429688,2.7176000253675605,2.5260088564433034,1.6213704347610474,1.4152971506118774,0.9750856757164001,30.0,31.0,-0.16635049060225612,-0.2290706167622612,0.19173263033144963
1776384150.7662742,5.155345637350848,-6.806589883355467,-0.0363143838340504,1.4032981982511144e-06,-6.437551351162401e-06,0.0,0.0,nan,nan,nan,nan,nan,nan,1081.0,0.9750856757164001,18.862960815429688,2.7176000253675605,2.5260088564433034,1.6213704347610474,1.4152971506118774,0.9750856757164001,30.0,31.0,-0.16635049051257636,-0.2290706161659496,0.1917326299911149
1776384150.8184125,5.155345637976989,-6.8065898834122,-0.03631438442662023,1.4033010282505508e-06,-6.44020528308366e-06,0.0,0.0,nan,nan,nan,nan,nan,nan,1081.0,0.9750856757164001,18.862960815429688,2.7176000253675605,2.5260088564433034,1.6213704347610474,1.4152971506118774,0.9750856757164001,30.0,31.0,-0.1663504904221203,-0.22907061557337977,0.19173262964949114
1776384150.8597178,5.155345637976989,-6.8065898834122,-0.03631438442662023,1.4033010282505508e-06,-6.44020528308366e-06,0.0,0.0,nan,nan,nan,nan,nan,nan,1081.0,0.9750856757164001,18.862960815429688,2.7176000253675605,2.5260088564433034,1.6213704347610474,1.4152971506118774,0.9750856757164001,30.0,31.0,-0.1663504904221203,-0.22907061557337977,0.19173262964949114
1776384150.9111686,5.155345637976989,-6.8065898834122,-0.03631438442662023,1.4033040686628769e-06,-6.4428531864882094e-06,0.0,0.0,nan,nan,nan,nan,nan,nan,1081.0,0.9739020466804504,18.876306533813477,2.7178116237312198,2.5256905351456176,1.6238640546798706,1.422057867050171,0.9739020466804504,30.0,31.0,-0.1663504904221203,-0.22907061557337977,0.19173262964949114
1776384150.9642408,5.155345638603704,-6.80658988347009,-0.036314385015430654,1.4033040686628769e-06,-6.4428531864882094e-06,0.0,0.0,nan,nan,nan,nan,nan,nan,1081.0,0.9739020466804504,18.876306533813477,2.7178116237312198,2.5256905351456176,1.6238640546798706,1.422057867050171,0.9739020466804504,30.0,31.0,-0.1663504903308878,-0.22907061498456932,0.19173262930657684
1776384151.0097978,5.155345639230997,-6.806589883529144,-0.036314385600453844,1.4033074381171504e-06,-6.44549654039868e-06,0.0,0.0,nan,nan,nan,nan,nan,nan,1081.0,0.9785977005958557,18.864126205444336,2.7183924601874234,2.525683224023976,1.6231017112731934,1.4131518602371216,0.9785977005958557,30.0,31.0,-0.16635049023887372,-0.22907061439954612,0.19173262896236284
1776384151.0605059,5.155345639858866,-6.806589883589366,-0.03631438618167081,1.4033108136522367e-06,-6.448131345008231e-06,0.0,0.0,nan,nan,nan,nan,nan,nan,1081.0,0.9785977005958557,18.864126205444336,2.7183924601874234,2.525683224023976,1.6231017112731934,1.4131518602371216,0.9785977005958557,30.0,31.0,-0.16635049014607628,-0.22907061381832916,0.19173262861684678
1776384151.114435,5.155345640487322,-6.8065898836507595,-0.036314386759064406,1.4033146026400632e-06,-6.450762061898275e-06,0.0,0.0,nan,nan,nan,nan,nan,nan,1081.0,0.9785977005958557,18.864126205444336,2.7183924601874234,2.525683224023976,1.6231017112731934,1.4131518602371216,0.9785977005958557,30.0,31.0,-0.16635049005249392,-0.22907061324093558,0.19173262827002063
1776384151.1848323,5.155345640487322,-6.8065898836507595,-0.036314386759064406,1.4033146026400632e-06,-6.450762061898275e-06,0.0,0.0,nan,nan,nan,nan,nan,nan,1081.0,0.9785977005958557,18.864126205444336,2.7183924601874234,2.525683224023976,1.6231017112731934,1.4131518602371216,0.9785977005958557,30.0,31.0,-0.16635049005249392,-0.22907061324093558,0.19173262827002063
1776384151.2470295,5.155345641116365,-6.806589883713328,-0.036314387332615806,1.4033185346704332e-06,-6.453385989240045e-06,0.0,0.0,nan,nan,nan,nan,nan,nan,1081.0,0.9785977005958557,18.864126205444336,2.7183924601874234,2.525683224023976,1.6231017112731934,1.4131518602371216,0.9785977005958557,30.0,31.0,-0.16635048995812482,-0.22907061266738418,0.1917326279218816
1776384151.2607613,5.155345641116365,-6.806589883713328,-0.036314387332615806,1.4033185346704332e-06,-6.453385989240045e-06,0.0,0.0,nan,nan,nan,nan,nan,nan,1081.0,0.9856545925140381,18.85113525390625,2.7177088458597605,2.5253618768353543,1.6318354606628418,1.4328640699386597,0.9856545925140381,30.0,31.0,-0.16635048995812482,-0.22907061266738418,0.1917326279218816
1776384151.3114417,5.155345641745996,-6.806589883777077,-0.036314387902296345,1.403322638949383e-06,-6.4560042986946575e-06,0.0,0.0,nan,nan,nan,nan,nan,nan,1081.0,0.9856545925140381,18.85113525390625,2.7177088458597605,2.5253618768353543,1.6318354606628418,1.4328640699386597,0.9856545925140381,30.0,31.0,-0.16635048986296658,-0.22907061209770363,0.19173262757242374
1776384151.3601127,5.155345642376219,-6.806589883842008,-0.03631438846809352,1.4033270087341325e-06,-6.458616492604448e-06,0.0,0.0,nan,nan,nan,nan,nan,nan,1081.0,0.9856545925140381,18.85113525390625,2.7177088458597605,2.5253618768353543,1.6318354606628418,1.4328640699386597,0.9856545925140381,30.0,31.0,-0.1663504897670186,-0.22907061153190647,0.19173262722164428
1776384151.4107914,5.155345643007038,-6.806589883908129,-0.03631438902998702,1.4033313330051781e-06,-6.461222305275064e-06,0.0,0.0,nan,nan,nan,nan,nan,nan,1081.0,0.9685064554214478,18.869247436523438,2.718203701540676,2.5258347088447777,1.6241015195846558,1.4307175874710083,0.9685064554214478,30.0,31.0,-0.16635048967027594,-0.22907061097001297,0.1917326268695348
1776384151.465944,5.1553456436384515,-6.8065898839754375,-0.03631438958796317,1.4033361224516896e-06,-6.463823375968197e-06,0.0,0.0,nan,nan,nan,nan,nan,nan,1081.0,0.9685064554214478,18.869247436523438,2.718203701540676,2.5258347088447777,1.6241015195846558,1.4307175874710083,0.9685064554214478,30.0,31.0,-0.16635048957274076,-0.2290706104120368,0.191732626516097
1776384151.510774,5.1553456436384515,-6.8065898839754375,-0.03631438958796317,1.4033361224516896e-06,-6.463823375968197e-06,0.0,0.0,nan,nan,nan,nan,nan,nan,1081.0,0.9685064554214478,18.869247436523438,2.718203701540676,2.5258347088447777,1.6241015195846558,1.4307175874710083,0.9685064554214478,30.0,31.0,-0.16635048957274076,-0.2290706104120368,0.191732626516097
1776384151.5602171,5.155345644270469,-6.806589884043943,-0.03631439014200263,1.4033409249967276e-06,-6.466418516143844e-06,0.0,0.0,nan,nan,nan,nan,nan,nan,1081.0,0.9761585593223572,18.858898162841797,2.7174929416808236,2.5259556236807583,1.6216535568237305,1.4285064935684204,0.9761585593223572,30.0,31.0,-0.1663504894744072,-0.22907060985799735,0.19173262616131917
1776384151.6099062,5.155345644270469,-6.806589884043943,-0.03631439014200263,1.4033409249967276e-06,-6.466418516143844e-06,0.0,0.0,nan,nan,nan,nan,nan,nan,1081.0,0.9761585593223572,18.858898162841797,2.7174929416808236,2.5259556236807583,1.6216535568237305,1.4285064935684204,0.9761585593223572,30.0,31.0,-0.1663504894744072,-0.22907060985799735,0.19173262616131917
1776384151.664286,5.1553456455363085,-6.806589884184546,-0.036314391238190184,1.403351233738101e-06,-6.471589145635698e-06,0.0,0.0,nan,nan,nan,nan,nan,nan,1081.0,0.9761585593223572,18.858898162841797,2.7174929416808236,2.5259556236807583,1.6216535568237305,1.4285064935684204,0.9761585593223572,30.0,31.0,-0.16635048927534898,-0.2290706087618098,0.19173262544774325
1776384151.7112007,5.1553456455363085,-6.806589884184546,-0.036314391238190184,1.403351233738101e-06,-6.471589145635698e-06,0.0,0.0,nan,nan,nan,nan,nan,nan,1081.0,0.9761585593223572,18.858898162841797,2.7174929416808236,2.5259556236807583,1.6216535568237305,1.4285064935684204,0.9761585593223572,30.0,31.0,-0.16635048927534898,-0.2290706087618098,0.19173262544774325
1776384151.7602022,5.15534564617014,-6.8065898842566535,-0.03631439178029531,1.403356770779223e-06,-6.474165080144177e-06,0.0,0.0,nan,nan,nan,nan,nan,nan,1081.0,0.9801694750785828,18.861469268798828,2.71809472936265,2.526274733429154,1.6382701396942139,1.4256552457809448,0.9801694750785828,30.0,31.0,-0.16635048917461903,-0.22907060821970468,0.1917326250889324
1776384151.8149915,5.155345646804582,-6.806589884329968,-0.03631439231839067,1.403362223291235e-06,-6.476735485232215e-06,0.0,0.0,nan,nan,nan,nan,nan,nan,1081.0,0.9801694750785828,18.861469268798828,2.71809472936265,2.526274733429154,1.6382701396942139,1.4256552457809448,0.9801694750785828,30.0,31.0,-0.16635048907308722,-0.2290706076816093,0.19173262472876923
1776384151.8693311,5.155345646804582,-6.806589884329968,-0.03631439231839067,1.403362223291235e-06,-6.476735485232215e-06,0.0,0.0,nan,nan,nan,nan,nan,nan,1081.0,0.9801694750785828,18.861469268798828,2.71809472936265,2.526274733429154,1.6382701396942139,1.4256552457809448,0.9801694750785828,30.0,31.0,-0.16635048907308722,-0.2290706076816093,0.19173262472876923
1776384151.9104497,5.155345647442672,-6.806589884431345,-0.036314392762627,1.4054094889029596e-06,-6.43980314995607e-06,0.0,0.0,nan,nan,nan,nan,nan,nan,1081.0,0.9801694750785828,18.861469268798828,2.71809472936265,2.526274733429154,1.6382701396942139,1.4256552457809448,0.9801694750785828,30.0,31.0,-0.16635048895259252,-0.229070607237373,0.1917326243420704
1776384151.963478,5.155345648168156,-6.806589884732332,-0.03631439234275793,1.4096710639837286e-06,-6.430052362711617e-06,0.0,0.0,nan,nan,nan,nan,nan,nan,1081.0,0.9745329022407532,18.880434036254883,2.7175046293190737,2.52602286002078,1.6302118301391602,1.4214602708816528,0.9745329022407532,30.0,31.0,-0.1663504887181724,-0.22907060765724205,0.19173262373802377
1776384152.0103762,5.155345648936107,-6.806589885034028,-0.03631439189744126,1.4110404281316563e-06,-6.429993403612799e-06,0.0,0.0,nan,nan,nan,nan,nan,nan,1081.0,0.9745329022407532,18.880434036254883,2.7175046293190737,2.52602286002078,1.6302118301391602,1.4214602708816528,0.9745329022407532,30.0,31.0,-0.16635048848701106,-0.22907060810255872,0.19173262311358458
1776384152.0631204,5.155345648936107,-6.806589885034028,-0.03631439189744126,1.4110404281316563e-06,-6.429993403612799e-06,0.0,0.0,nan,nan,nan,nan,nan,nan,1081.0,0.9768442511558533,18.857948303222656,2.7180764768875716,2.525302531655673,1.6384124755859375,1.4289697408676147,0.9768442511558533,30.0,31.0,-0.16635048848701106,-0.22907060810255872,0.19173262311358458
1776384152.1095119,5.155345649722263,-6.806589885337577,-0.036314391454124434,1.4116794922540928e-06,-6.4303081988321425e-06,0.0,0.0,nan,nan,nan,nan,nan,nan,1081.0,0.9768442511558533,18.857948303222656,2.7180764768875716,2.525302531655673,1.6384124755859375,1.4289697408676147,0.9768442511558533,30.0,31.0,-0.16635048825446846,-0.22907060854587555,0.1917326224790328
1776384152.1614618,5.155345650516715,-6.806589885641639,-0.036314391014347316,1.4119827801834178e-06,-6.4305852537157035e-06,0.0,0.0,nan,nan,nan,nan,nan,nan,1081.0,0.9768442511558533,18.857948303222656,2.7180764768875716,2.525302531655673,1.6384124755859375,1.4289697408676147,0.9768442511558533,30.0,31.0,-0.16635048802137745,-0.22907060898565268,0.19173262184016662
1776384152.2125728,5.155345651314906,-6.806589885945758,-0.03631439057700126,1.4121314385132699e-06,-6.430810659425008e-06,0.0,0.0,nan,nan,nan,nan,nan,nan,1081.0,0.9768442511558533,18.857948303222656,2.7180764768875716,2.525302531655673,1.6384124755859375,1.4289697408676147,0.9768442511558533,30.0,31.0,-0.16635048778813272,-0.22907060942299873,0.1917326211995091
1776384152.26023,5.155345651314906,-6.806589885945758,-0.03631439057700126,1.4121314385132699e-06,-6.430810659425008e-06,0.0,0.0,nan,nan,nan,nan,nan,nan,1081.0,0.9761844277381897,18.86210060119629,2.717516231217062,2.5255571112031263,1.6377848386764526,1.4154484272003174,0.9761844277381897,30.0,31.0,-0.16635048778813272,-0.22907060942299873,0.1917326211995091
1776384152.3118052,5.155345652114754,-6.806589886249751,-0.036314390141274806,1.4122566304841471e-06,-6.431185997399216e-06,0.0,0.0,nan,nan,nan,nan,nan,nan,1081.0,0.9761844277381897,18.86210060119629,2.717516231217062,2.5255571112031263,1.6377848386764526,1.4154484272003174,0.9761844277381897,30.0,31.0,-0.1663504875549207,-0.22907060985872518,0.19173262055819265
1776384152.3594365,5.155345653716152,-6.806589886857114,-0.03631438927313996,1.412289011447105e-06,-6.4313585604408014e-06,0.0,0.0,nan,nan,nan,nan,nan,nan,1081.0,0.9797773361206055,18.861921310424805,2.7177590110255654,2.5255360457937925,1.6129056215286255,1.4255883693695068,0.9797773361206055,30.0,31.0,-0.16635048708886344,-0.22907061072686002,0.19173261927531807
1776384152.410321,5.155345654517082,-6.806589887160437,-0.03631438884041817,1.4123146301958818e-06,-6.431526759063307e-06,0.0,0.0,nan,nan,nan,nan,nan,nan,1081.0,0.9797773361206055,18.861921310424805,2.7177590110255654,2.5255360457937925,1.6129056215286255,1.4255883693695068,0.9797773361206055,30.0,31.0,-0.1663504868560726,-0.22907061115958183,0.1917326186340901
1776384152.4604723,5.155345654517082,-6.806589887160437,-0.03631438884041817,1.4123146301958818e-06,-6.431526759063307e-06,0.0,0.0,nan,nan,nan,nan,nan,nan,1081.0,0.9797773361206055,18.861921310424805,2.7177590110255654,2.5255360457937925,1.6129056215286255,1.4255883693695068,0.9797773361206055,30.0,31.0,-0.1663504868560726,-0.22907061115958183,0.1917326186340901
1776384152.5101836,5.155345655318009,-6.806589887463511,-0.03631438840852234,1.4123379974289691e-06,-6.431693828029501e-06,0.0,0.0,nan,nan,nan,nan,nan,nan,1081.0,0.9797773361206055,18.861921310424805,2.7177590110255654,2.5255360457937925,1.6129056215286255,1.4255883693695068,0.9797773361206055,30.0,31.0,-0.1663504866234523,-0.22907061159147765,0.19173261799308425
1776384152.5604134,5.155345656118907,-6.806589887766336,-0.03631438797742517,1.4123597993627463e-06,-6.431860121455396e-06,0.0,0.0,nan,nan,nan,nan,nan,nan,1081.0,0.9774596095085144,18.86956787109375,2.717649941914176,2.525299891902195,1.6200380325317383,1.426199197769165,0.9774596095085144,30.0,31.0,-0.16635048639100425,-0.2290706120225748,0.191732617352313
1776384152.6133153,5.155345656919751,-6.806589888068909,-0.03631438754711285,1.4123811087514212e-06,-6.432026546872663e-06,0.0,0.0,nan,nan,nan,nan,nan,nan,1081.0,0.9774596095085144,18.86956787109375,2.717649941914176,2.525299891902195,1.6200380325317383,1.426199197769165,0.9774596095085144,30.0,31.0,-0.16635048615873058,-0.22907061245288712,0.1917326167117894
1776384152.6625583,5.155345657720538,-6.806589888371227,-0.03631438711758146,1.4124018325408427e-06,-6.432192631620509e-06,0.0,0.0,nan,nan,nan,nan,nan,nan,1081.0,0.9780529141426086,18.853010177612305,2.7179219513773147,2.525902040878356,1.6172749996185303,1.4196336269378662,0.9780529141426086,30.0,31.0,-0.16635048592663512,-0.22907061288241853,0.1917326160715179
1776384152.710324,5.155345658521258,-6.806589888673295,-0.03631438668883111,1.4124225869940931e-06,-6.4323585547032955e-06,0.0,0.0,nan,nan,nan,nan,nan,nan,1081.0,0.9780529141426086,18.853010177612305,2.7179219513773147,2.525902040878356,1.6172749996185303,1.4196336269378662,0.9780529141426086,30.0,31.0,-0.16635048569471308,-0.22907061331116887,0.1917326154314995
1776384152.7603216,5.155345659321914,-6.80658988897511,-0.036314386260857055,1.4124433677984928e-06,-6.432524420741875e-06,0.0,0.0,nan,nan,nan,nan,nan,nan,1081.0,0.9780529141426086,18.853010177612305,2.7179219513773147,2.525902040878356,1.6172749996185303,1.4196336269378662,0.9780529141426086,30.0,31.0,-0.1663504854629668,-0.22907061373914292,0.1917326147917337
1776384152.8102932,5.155345660122505,-6.806589889276673,-0.036314385833661214,1.412463832119795e-06,-6.432689121862332e-06,0.0,0.0,nan,nan,nan,nan,nan,nan,1081.0,0.9864196181297302,18.883342742919922,2.7178268149757034,2.5258858750243567,1.6270387172698975,1.4258097410202026,0.9864196181297302,30.0,31.0,-0.16635048523139603,-0.22907061416633878,0.19173261415222173
1776384152.8623152,5.155345660923029,-6.8065898895779835,-0.03631438540724349,1.4124845814090808e-06,-6.432854814245092e-06,0.0,0.0,nan,nan,nan,nan,nan,nan,1081.0,0.9864196181297302,18.883342742919922,2.7178268149757034,2.5258858750243567,1.6270387172698975,1.4258097410202026,0.9864196181297302,30.0,31.0,-0.1663504850000016,-0.2290706145927565,0.19173261351296483
1776384152.910231,5.155345661723488,-6.806589889879043,-0.03631438498159669,1.4125051973801356e-06,-6.433019233742118e-06,0.0,0.0,nan,nan,nan,nan,nan,nan,1081.0,0.9864196181297302,18.883342742919922,2.7178268149757034,2.5258858750243567,1.6270387172698975,1.4258097410202026,0.9864196181297302,30.0,31.0,-0.16635048476878164,-0.22907061501840328,0.19173261287395985
1776384152.9612212,5.155345661723488,-6.806589889879043,-0.03631438498159669,1.4125051973801356e-06,-6.433019233742118e-06,0.0,0.0,nan,nan,nan,nan,nan,nan,1081.0,0.9745094776153564,18.86720848083496,2.7174296191067304,2.5257027362788054,1.6200073957443237,1.4190102815628052,0.9745094776153564,30.0,31.0,-0.16635048476878164,-0.22907061501840328,0.19173261287395985
1776384153.0102623,5.155345662523882,-6.80658989017985,-0.036314384556730424,1.4125256751161832e-06,-6.433184525552709e-06,0.0,0.0,nan,nan,nan,nan,nan,nan,1081.0,0.9745094776153564,18.86720848083496,2.7174296191067304,2.5257027362788054,1.6200073957443237,1.4190102815628052,0.9745094776153564,30.0,31.0,-0.16635048453773782,-0.22907061544326957,0.19173261223520943
1776384153.060224,5.15534566332421,-6.806589890480406,-0.036314384132629815,1.4125463843285301e-06,-6.433348994728543e-06,0.0,0.0,nan,nan,nan,nan,nan,nan,1081.0,0.9811362624168396,18.870405197143555,2.718414750615278,2.5253771893509454,1.6302566528320312,1.428390622138977,0.9811362624168396,30.0,31.0,-0.166350484306869,-0.22907061586737015,0.1917326115967109
1776384153.1136515,5.155345664124472,-6.80658989078071,-0.036314383709309304,1.4125669078787657e-06,-6.43351357909418e-06,0.0,0.0,nan,nan,nan,nan,nan,nan,1081.0,0.9811362624168396,18.870405197143555,2.718414750615278,2.5253771893509454,1.6302566528320312,1.428390622138977,0.9811362624168396,30.0,31.0,-0.16635048407617453,-0.22907061629069067,0.19173261095846583
1776384153.1632483,5.15534566492467,-6.806589891080765,-0.036314383286759615,1.412587402569486e-06,-6.433677767094367e-06,0.0,0.0,nan,nan,nan,nan,nan,nan,1081.0,0.9811362624168396,18.870405197143555,2.718414750615278,2.5253771893509454,1.6302566528320312,1.428390622138977,0.9811362624168396,30.0,31.0,-0.16635048384565365,-0.22907061671324036,0.19173261032047184
1776384153.2106361,5.155345665724799,-6.806589891380569,-0.036314382864980906,1.412607986464376e-06,-6.433841715857947e-06,0.0,0.0,nan,nan,nan,nan,nan,nan,1081.0,0.9774956107139587,18.853599548339844,2.7177681812635734,2.52544835159881,1.6212799549102783,1.426147699356079,0.9774956107139587,30.0,31.0,-0.166350483615308,-0.22907061713501908,0.19173260968273176
1776384153.2622914,5.155345667324867,-6.806589891979426,-0.03631438202372516,1.4126489388136307e-06,-6.434169956457564e-06,0.0,0.0,nan,nan,nan,nan,nan,nan,1081.0,0.9774956107139587,18.853599548339844,2.7177681812635734,2.52544835159881,1.6212799549102783,1.426147699356079,0.9774956107139587,30.0,31.0,-0.16635048315514034,-0.22907061797627482,0.19173260840800516
1776384153.309406,5.155345668124802,-6.806589892278478,-0.036314381604254556,1.4126694549019474e-06,-6.434333980200824e-06,0.0,0.0,nan,nan,nan,nan,nan,nan,1081.0,0.9786350131034851,18.859533309936523,2.7175889824078547,2.5257880000889545,1.6206434965133667,1.422843337059021,0.9786350131034851,30.0,31.0,-0.16635048292531848,-0.22907061839574544,0.19173260777102066
1776384153.3603036,5.155345668124802,-6.806589892278478,-0.036314381604254556,1.4126694549019474e-06,-6.434333980200824e-06,0.0,0.0,nan,nan,nan,nan,nan,nan,1081.0,0.9786350131034851,18.859533309936523,2.7175889824078547,2.5257880000889545,1.6206434965133667,1.422843337059021,0.9786350131034851,30.0,31.0,-0.16635048292531848,-0.22907061839574544,0.19173260777102066
1776384153.4103587,5.155345668924672,-6.806589892577281,-0.03631438118555617,1.4126899867844208e-06,-6.434497706134213e-06,0.0,0.0,nan,nan,nan,nan,nan,nan,1081.0,0.9786350131034851,18.859533309936523,2.7175889824078547,2.5257880000889545,1.6206434965133667,1.422843337059021,0.9786350131034851,30.0,31.0,-0.16635048269567002,-0.22907061881444382,0.19173260713428766
1776384153.4602203,5.155345669724477,-6.8065898928758335,-0.03631438076762854,1.4127103027076434e-06,-6.434661362911329e-06,0.0,0.0,nan,nan,nan,nan,nan,nan,1081.0,0.9749593138694763,18.853857040405273,2.717511584094892,2.5255743214943145,1.6244852542877197,1.4215128421783447,0.9749593138694763,30.0,31.0,-0.16635048246619608,-0.22907061923237143,0.19173260649780613
1776384153.5111668,5.155345670524218,-6.806589893174137,-0.036314380350466004,1.4127307766908029e-06,-6.434824666411608e-06,0.0,0.0,nan,nan,nan,nan,nan,nan,1081.0,0.9749593138694763,18.853857040405273,2.717511584094892,2.5255743214943145,1.6244852542877197,1.4215128421783447,0.9749593138694763,30.0,31.0,-0.1663504822368954,-0.22907061964953399,0.19173260586157484
1776384153.5630794,5.155345670524218,-6.806589893174137,-0.036314380350466004,1.4127307766908029e-06,-6.434824666411608e-06,0.0,0.0,nan,nan,nan,nan,nan,nan,1081.0,0.9749593138694763,18.853857040405273,2.717511584094892,2.5255743214943145,1.6244852542877197,1.4215128421783447,0.9749593138694763,30.0,31.0,-0.1663504822368954,-0.22907061964953399,0.19173260586157484
1776384153.6103446,5.155345671323893,-6.806589893472191,-0.036314379934073916,1.4127511134955472e-06,-6.43498787866857e-06,0.0,0.0,nan,nan,nan,nan,nan,nan,1081.0,0.9749593138694763,18.853857040405273,2.717511584094892,2.5255743214943145,1.6244852542877197,1.4215128421783447,0.9749593138694763,30.0,31.0,-0.16635048200776825,-0.22907062006592607,0.19173260522559507
1776384153.6623409,5.155345672123502,-6.806589893769995,-0.03631437951844738,1.4127714171869925e-06,-6.4351514424775145e-06,0.0,0.0,nan,nan,nan,nan,nan,nan,1081.0,0.9758065342903137,18.875736236572266,2.7176178558682205,2.52591652134085,1.631300449371338,1.4255242347717285,0.9758065342903137,30.0,31.0,-0.16635048177881603,-0.2290706204815526,0.1917326045898676
1776384153.7102196,5.155345672123502,-6.806589893769995,-0.03631437951844738,1.4127714171869925e-06,-6.4351514424775145e-06,0.0,0.0,nan,nan,nan,nan,nan,nan,1081.0,0.9758065342903137,18.875736236572266,2.7176178558682205,2.52591652134085,1.631300449371338,1.4255242347717285,0.9758065342903137,30.0,31.0,-0.16635048177881603,-0.2290706204815526,0.1917326045898676
1776384153.7604728,5.155345673722524,-6.806589894364857,-0.036314378689499084,1.412812419285477e-06,-6.435478077718623e-06,0.0,0.0,nan,nan,nan,nan,nan,nan,1081.0,0.970676064491272,18.857696533203125,2.7176564176472993,2.5255772706145465,1.6217108964920044,1.4333540201187134,0.970676064491272,30.0,31.0,-0.16635048132142938,-0.2290706213105009,0.19173260331916395
1776384153.8102403,5.155345674521938,-6.806589894661914,-0.03631437827616921,1.4128325902616359e-06,-6.435640943978518e-06,0.0,0.0,nan,nan,nan,nan,nan,nan,1081.0,0.970676064491272,18.857696533203125,2.7176564176472993,2.5255772706145465,1.6217108964920044,1.4333540201187134,0.970676064491272,30.0,31.0,-0.16635048109299674,-0.22907062172383078,0.19173260268418735
1776384153.8643894,5.155345675321287,-6.806589894958725,-0.03631437786360373,1.412853029535255e-06,-6.435803468710359e-06,0.0,0.0,nan,nan,nan,nan,nan,nan,1081.0,0.970676064491272,18.857696533203125,2.7176564176472993,2.5255772706145465,1.6217108964920044,1.4333540201187134,0.970676064491272,30.0,31.0,-0.16635048086473558,-0.22907062213639626,0.19173260204945983
1776384153.910103,5.155345676120573,-6.8065898952552875,-0.036314377451804034,1.4128733622142906e-06,-6.435966434259586e-06,0.0,0.0,nan,nan,nan,nan,nan,nan,1081.0,0.9825697541236877,18.862213134765625,2.7173424965799353,2.525633810485154,1.6150909662246704,1.4254099130630493,0.9825697541236877,30.0,31.0,-0.16635048063664676,-0.22907062254819593,0.19173260141498108
1776384153.9695358,5.155345676120573,-6.8065898952552875,-0.036314377451804034,1.4128733622142906e-06,-6.435966434259586e-06,0.0,0.0,nan,nan,nan,nan,nan,nan,1081.0,0.9825697541236877,18.862213134765625,2.7173424965799353,2.525633810485154,1.6150909662246704,1.4254099130630493,0.9825697541236877,30.0,31.0,-0.16635048063664676,-0.22907062254819593,0.19173260141498108
1776384154.0101776,5.155345676919793,-6.8065898955516015,-0.03631437704076435,1.4128936033435104e-06,-6.436128843855836e-06,0.0,0.0,nan,nan,nan,nan,nan,nan,1081.0,0.9825697541236877,18.862213134765625,2.7173424965799353,2.525633810485154,1.6150909662246704,1.4254099130630493,0.9825697541236877,30.0,31.0,-0.16635048040873163,-0.22907062295923564,0.19173260078075338
1776384154.0633566,5.155345677718947,-6.806589895847668,-0.03631437663049133,1.4129138921002288e-06,-6.436292082099682e-06,0.0,0.0,nan,nan,nan,nan,nan,nan,1081.0,0.9710689187049866,18.844457626342773,2.717468386772713,2.524995552901558,1.6285271644592285,1.4260433912277222,0.9710689187049866,30.0,31.0,-0.16635048018098864,-0.22907062336950865,0.1917326001467752
1776384154.1114473,5.155345678518036,-6.806589896143485,-0.036314376220981354,1.4129341431670575e-06,-6.436454159425892e-06,0.0,0.0,nan,nan,nan,nan,nan,nan,1081.0,0.9710689187049866,18.844457626342773,2.717468386772713,2.524995552901558,1.6285271644592285,1.4260433912277222,0.9710689187049866,30.0,31.0,-0.16635047995341906,-0.22907062377901863,0.19173259951304772
1776384154.16038,5.15534567931706,-6.806589896439056,-0.03631437581223048,1.4129544732851968e-06,-6.436616196054892e-06,0.0,0.0,nan,nan,nan,nan,nan,nan,1081.0,0.9710689187049866,18.844457626342773,2.717468386772713,2.524995552901558,1.6285271644592285,1.4260433912277222,0.9710689187049866,30.0,31.0,-0.1663504797260215,-0.2290706241877695,0.191732598879569
1776384154.211296,5.155345680116022,-6.806589896734379,-0.03631437540423717,1.4129747305546714e-06,-6.436777536785297e-06,0.0,0.0,nan,nan,nan,nan,nan,nan,1081.0,0.973484218120575,18.850101470947266,2.717597601702652,2.5251093126122486,1.630309820175171,1.4276084899902344,0.973484218120575,30.0,31.0,-0.16635047949879708,-0.22907062459576283,0.19173259824633848
1776384154.2652183,5.155345680116022,-6.806589896734379,-0.03631437540423717,1.4129747305546714e-06,-6.436777536785297e-06,0.0,0.0,nan,nan,nan,nan,nan,nan,1081.0,0.973484218120575,18.850101470947266,2.717597601702652,2.5251093126122486,1.630309820175171,1.4276084899902344,0.973484218120575,30.0,31.0,-0.16635047949879708,-0.22907062459576283,0.19173259824633848
1776384154.3196867,5.155345680914916,-6.806589897029457,-0.03631437499700599,1.412994783773827e-06,-6.436940019528947e-06,0.0,0.0,nan,nan,nan,nan,nan,nan,1081.0,0.973484218120575,18.850101470947266,2.717597601702652,2.5251093126122486,1.630309820175171,1.4276084899902344,0.973484218120575,30.0,31.0,-0.16635047927174257,-0.229070625002994,0.1917325976133564
1776384154.3631117,5.155345681713748,-6.8065898973242875,-0.03631437459053959,1.4130152848520893e-06,-6.437101486237998e-06,0.0,0.0,nan,nan,nan,nan,nan,nan,1081.0,0.9775736331939697,18.86476707458496,2.717866689600843,2.5255391650417125,1.6284900903701782,1.4267308712005615,0.9775736331939697,30.0,31.0,-0.1663504790448596,-0.22907062540946038,0.19173259698062178
1776384154.412462,5.155345682512517,-6.806589897618872,-0.036314374184824506,1.4130353165476598e-06,-6.437263138886319e-06,0.0,0.0,nan,nan,nan,nan,nan,nan,1081.0,0.9775736331939697,18.86476707458496,2.717866689600843,2.5255391650417125,1.6284900903701782,1.4267308712005615,0.9775736331939697,30.0,31.0,-0.1663504788181486,-0.22907062581517548,0.19173259634813428
1776384154.463468,5.155345682512517,-6.806589897618872,-0.036314374184824506,1.4130353165476598e-06,-6.437263138886319e-06,0.0,0.0,nan,nan,nan,nan,nan,nan,1081.0,0.9775736331939697,18.86476707458496,2.717866689600843,2.5255391650417125,1.6284900903701782,1.4267308712005615,0.9775736331939697,30.0,31.0,-0.1663504788181486,-0.22907062581517548,0.19173259634813428
1776384154.5107539,5.155345683311221,-6.80658989791321,-0.036314373779869555,1.4130554993882893e-06,-6.437424067550413e-06,0.0,0.0,nan,nan,nan,nan,nan,nan,1081.0,0.9727967977523804,18.84988784790039,2.7181377957861916,2.525282665111675,1.6252740621566772,1.4274866580963135,0.9727967977523804,30.0,31.0,-0.1663504785916095,-0.2290706262201304,0.19173259571589588
1776384154.5602,5.15534568410986,-6.806589898207303,-0.0363143733756693,1.4130757329320985e-06,-6.437585822021675e-06,0.0,0.0,nan,nan,nan,nan,nan,nan,1081.0,0.9727967977523804,18.84988784790039,2.7181377957861916,2.525282665111675,1.6252740621566772,1.4274866580963135,0.9727967977523804,30.0,31.0,-0.16635047836524108,-0.2290706266243307,0.19173259508390425
1776384154.6117382,5.1553456849084345,-6.806589898501148,-0.036314372972229586,1.4130958115633593e-06,-6.437747240793456e-06,0.0,0.0,nan,nan,nan,nan,nan,nan,1081.0,0.9727967977523804,18.84988784790039,2.7181377957861916,2.525282665111675,1.6252740621566772,1.4274866580963135,0.9727967977523804,30.0,31.0,-0.16635047813904547,-0.2290706270277704,0.1917325944521621
1776384154.663521,5.155345685706946,-6.806589898794747,-0.03631437256955014,1.4131159298566357e-06,-6.437908240829782e-06,0.0,0.0,nan,nan,nan,nan,nan,nan,1081.0,0.9787156581878662,18.860010147094727,2.718362971547574,2.5253289375285766,1.6257693767547607,1.4300326108932495,0.9787156581878662,30.0,31.0,-0.16635047791302093,-0.22907062743044984,0.19173259382066707
1776384154.7103198,5.155345685706946,-6.806589898794747,-0.03631437256955014,1.4131159298566357e-06,-6.437908240829782e-06,0.0,0.0,nan,nan,nan,nan,nan,nan,1081.0,0.9787156581878662,18.860010147094727,2.718362971547574,2.5253289375285766,1.6257693767547607,1.4300326108932495,0.9787156581878662,30.0,31.0,-0.16635047791302093,-0.22907062743044984,0.19173259382066707
1776384154.7614133,5.155345686505393,-6.806589899088101,-0.03631437216762573,1.4131360773520309e-06,-6.4380691900362535e-06,0.0,0.0,nan,nan,nan,nan,nan,nan,1081.0,0.9787156581878662,18.860010147094727,2.718362971547574,2.5253289375285766,1.6257693767547607,1.4300326108932495,0.9787156581878662,30.0,31.0,-0.16635047768716704,-0.22907062783237425,0.19173259318941918
1776384154.810408,5.155345687303775,-6.80658989938121,-0.03631437176645405,1.413156213671516e-06,-6.438229936438555e-06,0.0,0.0,nan,nan,nan,nan,nan,nan,1081.0,0.9787156581878662,18.860010147094727,2.718362971547574,2.5253289375285766,1.6257693767547607,1.4300326108932495,0.9787156581878662,30.0,31.0,-0.16635047746148315,-0.22907062823354593,0.19173259255841724
1776384154.8599045,5.155345688102093,-6.806589899674074,-0.03631437136603994,1.4131763047070674e-06,-6.438391171808398e-06,0.0,0.0,nan,nan,nan,nan,nan,nan,1081.0,0.9728989005088806,18.84674644470215,2.717402056066335,2.525470917281647,1.6211879253387451,1.4282585382461548,0.9728989005088806,30.0,31.0,-0.16635047723597052,-0.22907062863396005,0.19173259192766323
1776384154.9095652,5.155345688900349,-6.806589899966691,-0.036314370966379635,1.413196136978562e-06,-6.438551589971372e-06,0.0,0.0,nan,nan,nan,nan,nan,nan,1081.0,0.9728989005088806,18.84674644470215,2.717402056066335,2.525470917281647,1.6211879253387451,1.4282585382461548,0.9728989005088806,30.0,31.0,-0.16635047701062966,-0.22907062903362035,0.19173259129715597
1776384154.9618323,5.155345689698537,-6.806589900259065,-0.036314370567470444,1.413216346140985e-06,-6.438712418123063e-06,0.0,0.0,nan,nan,nan,nan,nan,nan,1081.0,0.9728989005088806,18.84674644470215,2.717402056066335,2.525470917281647,1.6211879253387451,1.4282585382461548,0.9728989005088806,30.0,31.0,-0.16635047678545795,-0.22907062943252954,0.19173259066689546
1776384155.0104456,5.155345689698537,-6.806589900259065,-0.036314370567470444,1.413216346140985e-06,-6.438712418123063e-06,0.0,0.0,nan,nan,nan,nan,nan,nan,1081.0,0.9726578593254089,18.864601135253906,2.7175369208108267,2.525800394977716,1.632657527923584,1.4277417659759521,0.9726578593254089,30.0,31.0,-0.16635047678545795,-0.22907062943252954,0.19173259066689546
1776384155.0650516,5.155345691294728,-6.80658990084308,-0.03631436977191835,1.4132565880198167e-06,-6.439033438880307e-06,0.0,0.0,nan,nan,nan,nan,nan,nan,1081.0,0.9726578593254089,18.864601135253906,2.7175369208108267,2.525800394977716,1.632657527923584,1.4277417659759521,0.9726578593254089,30.0,31.0,-0.16635047633562486,-0.22907063022808163,0.19173258940711022
