timestamp_sec,odom_linear_x,odom_angular_z,cmd_linear_x,cmd_angular_z,scan_min,scan_mean,scan_std,scan_front_min,scan_left_min,scan_right_min,traj_cross_track_error,traj_heading_error,traj_goal_distance
1776514753.6220565,nan,nan,nan,nan,nan,nan,nan,nan,nan,nan,nan,nan,nan
1776514753.7499595,0.028969175109048666,-0.016600366835354336,nan,nan,nan,nan,nan,nan,nan,nan,nan,nan,nan
1776514753.886258,0.02249906531597434,-0.07502763119841184,nan,nan,0.4687879681587219,2.5916874285211837,2.6914529758384496,1.155105471611023,0.4687879681587219,1.9347995519638062,nan,nan,nan
1776514753.9969773,0.020021458242455884,-0.03228004504704621,nan,nan,0.4687879681587219,2.5916874285211837,2.6914529758384496,1.155105471611023,0.4687879681587219,1.9347995519638062,nan,nan,nan
1776514754.1169882,0.01626636258894971,-0.04070096187297726,nan,nan,0.4706592559814453,2.5935078973190087,2.687670131047639,1.1696994304656982,0.4706592559814453,1.9192862510681152,nan,nan,nan
1776514754.2377949,0.012710725173509166,-0.04980958581712287,nan,nan,0.4718899130821228,2.5935428117735313,2.6891458195318085,1.1812162399291992,0.4718899130821228,1.9362099170684814,nan,nan,nan
1776514754.3514965,0.009234330813035704,-0.059661497973702175,nan,nan,0.4692423641681671,2.5969607923507247,2.6868957640183972,1.1900196075439453,0.4692423641681671,1.933409571647644,nan,nan,nan
1776514754.4663928,0.0057098519865139245,-0.07036917580596,nan,nan,0.4678955078125,2.5984177374928006,2.6911262438367043,1.1964173316955566,0.4678955078125,1.9438295364379883,nan,nan,nan
1776514754.5884402,0.0020176091404587055,-0.08198245425608099,nan,nan,0.4678955078125,2.5984177374928006,2.6911262438367043,1.1964173316955566,0.4678955078125,1.9438295364379883,nan,nan,nan
1776514754.7227423,-0.0019464509837109813,-0.09457217923602959,nan,nan,0.4729158580303192,2.5988799690593734,2.6895761261226347,1.184641718864441,0.4729158580303192,1.9304096698760986,nan,nan,nan
1776514754.832354,-0.010907873632888495,-0.1220724785519177,nan,nan,0.4623746871948242,2.607507854975781,2.705344333516577,1.19942045211792,0.4623746871948242,1.9359618425369263,nan,nan,nan
1776514754.9459252,0.03053842573598568,0.006274677431412398,nan,nan,0.4623746871948242,2.607507854975781,2.705344333516577,1.19942045211792,0.4623746871948242,1.9359618425369263,nan,nan,nan
1776514755.0659742,0.021375173706240196,-0.036255296044386646,nan,nan,0.4678080677986145,2.6098127173506254,2.7023924010479505,1.2206138372421265,0.4678080677986145,1.936021327972412,nan,nan,nan
1776514755.1803408,0.017751055381985507,-0.05487882261725553,nan,nan,0.463461309671402,2.6129843272840834,2.6993464963886167,1.2274017333984375,0.463461309671402,1.9402958154678345,nan,nan,nan
1776514755.2944422,0.011516281155922212,-0.09373453381409674,nan,nan,0.4696381092071533,2.612611913273006,2.699234336739595,1.2235101461410522,0.4696381092071533,1.9308420419692993,nan,nan,nan
1776514755.4113946,0.005979857253684898,-0.13392179740363044,nan,nan,0.4677715599536896,2.6115697506232793,2.7010176138323345,1.22602117061615,0.4677715599536896,1.9359967708587646,nan,nan,nan
1776514755.5221477,0.020607267942482924,-0.0553268079387554,nan,nan,0.4677715599536896,2.6115697506232793,2.7010176138323345,1.22602117061615,0.4677715599536896,1.9359967708587646,nan,nan,nan
1776514755.6369755,0.028892900590223255,0.008843329948160387,nan,nan,0.47545674443244934,2.6072464659741144,2.676341860856616,1.2605801820755005,0.47545674443244934,1.928556203842163,nan,nan,nan
1776514755.762401,0.07880855428096098,0.027631398030295625,nan,nan,0.47545674443244934,2.6072464659741144,2.676341860856616,1.2605801820755005,0.47545674443244934,1.928556203842163,nan,nan,nan
1776514756.1187632,0.33189103719467394,-0.5319844599287755,nan,nan,0.4814389646053314,2.6203473893499947,2.669024398573467,1.3278182744979858,0.4814389646053314,1.9123337268829346,nan,nan,nan
1776514756.2317023,0.3254869711367891,-0.7325380677158234,nan,nan,0.49465835094451904,2.6448408300186284,2.6739703874073912,1.4467121362686157,0.49465835094451904,1.901853084564209,nan,nan,nan
1776514756.3510091,0.356980644155025,-0.9823745506925822,0.6962109296242232,0.7254695037662219,0.4991576075553894,2.6758527573229096,2.6687704069688016,1.681073546409607,0.4991576075553894,1.898403286933899,nan,nan,nan
1776514756.4655287,0.4359358206144794,-0.9048563674616864,0.6868362886733673,0.7740399603822254,0.5197134613990784,2.701389391978067,2.635905692071504,1.9688011407852173,0.5197134613990784,1.8781358003616333,nan,nan,nan
1776514756.575021,0.4989753926549733,-0.8923192661884528,0.6760064761285143,0.8284723278269224,0.5392545461654663,2.7425390596085406,2.6383637406332126,1.9182251691818237,0.5392545461654663,1.869800329208374,nan,nan,nan
1776514756.6876235,0.4988361170821509,-0.9221414273214437,0.6760064761285143,0.7117144232458453,0.5450509786605835,2.7811039656979633,2.6233729971230653,1.8824303150177002,0.5450509786605835,1.8327183723449707,nan,nan,nan
1776514756.8104603,0.4775105064416716,-1.1134163152516994,0.6499768047417471,1.2125063081280385,0.5735574960708618,2.819549513017547,2.6005706854602426,1.847642183303833,0.5735574960708618,1.8209015130996704,nan,nan,nan
1776514756.9235954,0.454659126071644,-1.1313310915898587,0.6279741303901479,1.1252862203705192,0.5951344966888428,2.8547540063333114,2.572497839802867,1.807180404663086,0.5951344966888428,1.7972689867019653,nan,nan,nan
1776514757.041629,0.4643583278963097,-1.002344257078021,0.6179026600127981,1.0498805562120312,0.6158958673477173,2.8885225123216665,2.5644567585881237,1.7896257638931274,0.6158958673477173,1.7882863283157349,nan,nan,nan
1776514757.155931,0.44014779610225246,-0.8455062120418645,0.6003280644463115,1.1546076548039783,0.6300691962242126,2.928520387405604,2.578351503901955,1.7673735618591309,0.6300691962242126,1.7752418518066406,nan,nan,nan
1776514757.2684379,0.38922600979763927,-0.7695198447517761,0.585143484241938,1.3427317126577718,0.6514149904251099,2.9537629444879254,2.559708277535019,1.7528421878814697,0.6514149904251099,1.7671507596969604,nan,nan,nan
1776514757.378378,0.3618438329618399,-0.7436169447005423,0.5528037648782779,1.5,0.660290002822876,2.966955534459043,2.5584723067497204,1.7375727891921997,0.660290002822876,1.7525639533996582,nan,nan,nan
1776514757.4897597,0.35272412112066476,-0.7279174133622852,0.5384044984219827,1.5,0.6903359889984131,2.957757940951814,2.5501377743388236,1.717781662940979,0.6903359889984131,1.7333072423934937,nan,nan,nan
1776514757.599975,0.33471231239821,-0.3729853811703978,0.528075935270336,1.5,0.7052080631256104,2.9407212323441096,2.530922173640358,1.7080546617507935,0.7052080631256104,1.7020450830459595,nan,nan,nan
1776514757.7183523,0.4301960690464242,0.19228841556225781,0.5278248053632038,1.5,0.7286368608474731,2.933044223240633,2.5319404871453854,1.682834267616272,0.7286368608474731,1.6768817901611328,nan,nan,nan
1776514757.831799,0.5374752691269953,0.19585647681981927,0.5294959050561945,1.5,0.7286368608474731,2.933044223240633,2.5319404871453854,1.682834267616272,0.7286368608474731,1.6768817901611328,nan,nan,nan
1776514757.9517167,0.49968588381422635,0.17928332434287622,0.5157850242288345,1.5,0.7234992980957031,2.9256496580522664,2.529529952432644,1.6705986261367798,0.7234992980957031,1.681667447090149,nan,nan,nan
1776514758.062619,0.4497710005559963,0.1546523433094847,0.51859254149969,1.5,0.7593497037887573,2.917051737998835,2.519208197187276,1.6522433757781982,0.7593497037887573,1.6534594297409058,nan,nan,nan
1776514758.1803792,0.428209677715851,0.11745765003326757,0.5198087459882835,1.5,0.7738916277885437,2.899186398892575,2.5222820742860583,1.6333080530166626,0.7738916277885437,1.627540946006775,nan,nan,nan
1776514758.298504,0.5209901750271169,0.16278043647908322,0.5219354166492466,1.5,0.7901121973991394,2.8815113182535446,2.5165499565393996,1.6178377866744995,0.7901121973991394,1.6150225400924683,nan,nan,nan
1776514758.4217682,0.6237372974918225,0.3625682459468871,0.5095791205837025,1.5,0.802570641040802,2.8538757454566004,2.515177540209786,1.6137324571609497,0.802570641040802,1.5992261171340942,nan,nan,nan
1776514758.5415995,0.5749308037576265,0.35844841674889943,0.5164921152398128,1.5,0.8161690831184387,2.8323808552268255,2.5098522493535875,1.5978803634643555,0.8161690831184387,1.5922174453735352,nan,nan,nan
1776514758.6513531,0.5333578222111341,0.5274203711002872,0.5233479500181041,1.5,0.8267955183982849,2.8097356313582815,2.506194767337916,1.5854681730270386,0.8267955183982849,1.5753475427627563,nan,nan,nan
1776514758.7692893,0.4575839378082423,0.6703951392421724,0.5247254886912698,1.5,0.8473025560379028,2.788101681176432,2.5007225707913117,1.5767897367477417,0.8473025560379028,1.5508100986480713,nan,nan,nan
1776514758.9089592,0.5320789804028232,0.5385744131696009,0.5343124756177074,1.4961358741810062,0.8473025560379028,2.788101681176432,2.5007225707913117,1.5767897367477417,0.8473025560379028,1.5508100986480713,nan,nan,nan
1776514759.0262437,0.5842982464721808,0.5533111631321094,0.5496583883241309,1.395232465185405,0.85373854637146,2.768947400007945,2.497518428413294,1.548866868019104,0.85373854637146,1.530295729637146,nan,nan,nan
1776514759.1348364,0.5786072478762827,0.5161708586910629,0.5595712858704793,1.3437262245125015,0.8818708658218384,2.7521745895038148,2.493347655511983,1.5567034482955933,0.8818708658218384,1.5273998975753784,-0.04223039763753267,0.721172795751147,14.375914615750272
1776514759.1464214,0.5949487866284654,0.4133776242659954,0.5740384536947049,1.3232088360302585,0.8963422179222107,2.736678128712272,2.483392491061144,1.5440744161605835,0.8963422179222107,1.4983757734298706,-0.002546647038016381,0.7696366814701504,14.359538692476553
1776514759.196463,0.5947550271766525,0.3906333154421179,0.5815082014480835,1.2327690106503917,0.9105572700500488,2.722176808433109,2.4806408332127585,1.5358667373657227,0.9105572700500488,1.4913182258605957,0.1990076993482169,0.8359465554836247,14.297768100686026
1776514759.2470684,0.5908374561285079,0.3810075876258034,0.5714936585857716,1.4665547617211905,0.9105572700500488,2.722176808433109,2.4806408332127585,1.5358667373657227,0.9105572700500488,1.4913182258605957,0.24984898706316072,0.5784164089179065,14.065266124691213
1776514759.2988217,0.5868367105702983,0.3703906928493593,0.5750814607630698,1.271155594015881,0.9241795539855957,2.707687880847324,2.4748303385906762,1.542411208152771,0.9241795539855957,1.4837250709533691,0.2439827518285256,0.5713198542474454,14.056513763644245
1776514759.346548,0.582807838586154,0.35915478814483826,0.5785467873499268,1.2534797650846021,0.9241795539855957,2.707687880847324,2.4748303385906762,1.542411208152771,0.9241795539855957,1.4837250709533691,0.23837486900286936,0.564409781554668,14.04779462149028
1776514759.4443507,0.582807838586154,0.35915478814483826,0.5785467873499268,1.2534797650846021,0.9241795539855957,2.707687880847324,2.4748303385906762,1.542411208152771,0.9241795539855957,1.4837250709533691,0.23837486900286936,0.564409781554668,14.04779462149028
1776514759.5240657,0.5798144545353883,0.33974252723318343,0.5785467873499268,1.2534797650846021,0.9241795539855957,2.707687880847324,2.4748303385906762,1.542411208152771,0.9241795539855957,1.4837250709533691,0.23837486900286936,0.564409781554668,14.04779462149028
1776514759.551428,0.5798144545353883,0.33974252723318343,0.5785467873499268,1.2534797650846021,0.9241795539855957,2.707687880847324,2.4748303385906762,1.542411208152771,0.9241795539855957,1.4837250709533691,0.2330906350883637,0.5577839668379696,14.039101266268961
1776514759.5982397,0.5811937018924745,0.31124651291383837,0.5850816492431008,1.2068751314069854,0.9241795539855957,2.707687880847324,2.4748303385906762,1.542411208152771,0.9241795539855957,1.4837250709533691,0.2282482284020602,0.5517544622160958,14.030303972256895
1776514759.6465883,0.5777671360869302,0.30379284961024283,0.587990197022174,1.2062209492826255,0.9318917393684387,2.701721014522161,2.488586374658596,1.522362232208252,0.9318917393684387,1.479866623878479,0.22371631685097504,0.5460649356553829,14.021460291269188
1776514759.696934,0.5741518479890265,0.29118094274280304,0.5907253061700471,1.1892097260880437,0.9318917393684387,2.701721014522161,2.488586374658596,1.522362232208252,0.9318917393684387,1.479866623878479,0.21934568538729773,0.5404697978610762,14.012654710941918
1776514759.7464013,0.57052114640055,0.2794885061044971,0.5933933438812996,1.1767824592298632,0.9437811970710754,2.6911986415635427,2.4859618267869465,1.4971323013305664,0.9437811970710754,1.4573713541030884,0.2662550127200979,0.5081897796878583,14.003879973106002
1776514759.7971718,0.57052114640055,0.2794885061044971,0.590610598481935,1.262860533021094,0.9437811970710754,2.6911986415635427,2.4859618267869465,1.4971323013305664,0.9437811970710754,1.4573713541030884,0.2662550127200979,0.5081897796878583,14.003879973106002
1776514759.8465495,0.566940893562066,0.26600455301149484,0.5931153630391108,1.1802889513061061,0.9437811970710754,2.6911986415635427,2.4859618267869465,1.4971323013305664,0.9437811970710754,1.4573713541030884,0.2619778309805392,0.5030936555492616,13.995138000213599
1776514759.906934,0.5634079056867641,0.2519637916124268,0.5954676294557374,1.1709823167991549,0.9607043266296387,2.679933192992409,2.476564884850196,1.515751838684082,0.9607043266296387,1.4322929382324219,0.2579970089616938,0.4982754438782708,13.98642624145048
1776514759.9498346,0.5599136531396038,0.23766122144116328,0.5954676294557374,1.2007564031100724,0.9607043266296387,2.679933192992409,2.476564884850196,1.515751838684082,0.9607043266296387,1.4322929382324219,0.2542993639810558,0.49372973809020493,13.977744710029457
1776514759.9975781,0.5564579712624267,0.2234629115744947,0.5976722336115166,1.1563581517186543,0.9607043266296387,2.679933192992409,2.476564884850196,1.515751838684082,0.9607043266296387,1.4322929382324219,0.25088199859511334,0.48946421301790266,13.969092635911863
1776514760.0474977,0.5530399958783629,0.20951602496968402,0.5997277567090187,1.1500635370539043,0.9758262038230896,2.6719011783489575,2.476229864890195,1.4929345846176147,0.9758262038230896,1.4299910068511963,0.24773050774648825,0.4854716107485306,13.960469979155496
1776514760.0965598,0.5530399958783629,0.20951602496968402,0.6016398610382965,1.1407133940271603,0.9758262038230896,2.6719011783489575,2.476229864890195,1.4929345846176147,0.9758262038230896,1.4299910068511963,0.24773050774648825,0.4854716107485306,13.960469979155496
1776514760.1464796,0.5496642788449482,0.1959349716148128,0.6016398610382965,1.1654865083525923,0.9758262038230896,2.6719011783489575,2.476229864890195,1.4929345846176147,0.9758262038230896,1.4299910068511963,0.24483277411204976,0.48174724795965684,13.951876481935248
1776514760.196487,0.5463339472109926,0.1827530767689803,0.6034129114950596,1.1338668133766738,0.9758262038230896,2.6719011783489575,2.476229864890195,1.4929345846176147,0.9758262038230896,1.4299910068511963,0.24217401722219595,0.478282450301849,13.943312028006266
1776514760.2474074,0.5429343016163429,0.16899825770188107,0.605053061575489,1.1232940795113746,0.9877601861953735,2.6700567062754637,2.482710857654581,1.4802473783493042,0.9877601861953735,1.4216355085372925,0.23974317364272343,0.4750729357768132,13.934776624447489
1776514760.2970552,0.5429343016163429,0.16899825770188107,0.6065642982245261,1.117705653456802,0.9877601861953735,2.6700567062754637,2.482710857654581,1.4802473783493042,0.9877601861953735,1.4216355085372925,0.23974317364272343,0.4750729357768132,13.934776624447489
1776514760.3503835,0.5385560532790017,0.13444274817865512,0.596485392732061,1.324459191059304,0.9958563446998596,2.6560648943846363,2.461537365837366,1.470545768737793,0.9958563446998596,1.3996936082839966,0.2808070286058233,0.46949385422751966,13.917773047655787
1776514760.3979988,0.5385560532790017,0.13444274817865512,0.5977783496076271,1.1710907440603748,0.9958563446998596,2.6560648943846363,2.461537365837366,1.470545768737793,0.9958563446998596,1.3996936082839966,0.2808070286058233,0.46949385422751966,13.917773047655787
1776514760.4465,0.5392908321558727,0.12819622059338123,0.5977783496076271,1.1875522879564169,0.9958563446998596,2.6560648943846363,2.461537365837366,1.470545768737793,0.9958563446998596,1.3996936082839966,0.2788682740017704,0.467216116001499,13.909226304499391
1776514760.5000763,0.5386650864472491,0.12062373395372104,0.5989046824711342,1.165912586765222,1.0072165727615356,2.656424382017455,2.4700385015846287,1.4598392248153687,1.0072165727615356,1.3883779048919678,0.2770267442800799,0.46502455235490425,13.900665617162199
1776514760.549524,0.5388478805218548,0.1187057647048918,0.5999823857820467,1.1616312730093052,1.0072165727615356,2.656424382017455,2.4700385015846287,1.4598392248153687,1.0072165727615356,1.3883779048919678,0.2752703958389831,0.46290752454364614,13.892094818254863
1776514760.5972142,0.5392054709133814,0.11383724505137237,0.6020214566392915,1.1368832395179211,1.0072165727615356,2.656424382017455,2.4700385015846287,1.4598392248153687,1.0072165727615356,1.3883779048919678,0.2735797524453258,0.46084444908745154,13.883511881619464
1776514760.647521,0.5369630964553592,0.10916938436469467,0.6020214566392915,1.1633059620611916,1.0222607851028442,2.651301025682638,2.466556708672335,1.4552505016326904,1.0222607851028442,1.3755543231964111,0.27200308434970977,0.4589011671024186,13.874931150769532
1776514760.6990402,0.5344129491581756,0.10566916592030626,0.602962895955196,1.145857250322442,1.0222607851028442,2.651301025682638,2.466556708672335,1.4552505016326904,1.0222607851028442,1.3755543231964111,0.27048422348282797,0.4570123032147315,13.866374658458703
1776514760.7480974,0.5322870919215006,0.09767446866996105,0.6038745307822025,1.1408819070104192,1.0222607851028442,2.651301025682638,2.466556708672335,1.4552505016326904,1.0222607851028442,1.3755543231964111,0.2690826192183886,0.4552520680055024,13.857844628949387
1776514760.8024912,0.5295005312405017,0.09792093898868695,0.6047206009154255,1.1371238517814477,1.0329711437225342,2.644676229338421,2.4605378444646147,1.4405076503753662,1.0329711437225342,1.3698680400848389,0.267736114064612,0.45352028373394754,13.849362100845713
1776514760.8504143,0.5295005312405017,0.09792093898868695,0.6055448198102126,1.1327487051649519,1.0329711437225342,2.644676229338421,2.4605378444646147,1.4405076503753662,1.0329711437225342,1.3698680400848389,0.267736114064612,0.45352028373394754,13.849362100845713
1776514760.8969464,0.5193465000445947,0.09153698143181249,0.6055448198102126,1.1431724582273575,1.0329711437225342,2.644676229338421,2.4605378444646147,1.4405076503753662,1.0329711437225342,1.3698680400848389,0.31007833191725376,0.45177599345100805,13.840976847238103
1776514760.9465015,0.5193465000445947,0.09153698143181249,0.5953629821905698,1.338494698329784,1.0329711437225342,2.644676229338421,2.4605378444646147,1.4405076503753662,1.0329711437225342,1.3698680400848389,0.31007833191725376,0.45177599345100805,13.840976847238103
1776514760.9963787,0.5203178360862519,0.08228831271240679,0.5961134138196721,1.1875882920370955,1.0439932346343994,2.640502856463663,2.4538472343566586,1.437376856803894,1.0439932346343994,1.3506683111190796,0.3088018076267538,0.4502447523513782,13.832700080579235
1776514761.0537324,0.5408550353291838,0.08510283752041285,0.5961134138196721,1.1970662067447309,1.0439932346343994,2.640502856463663,2.4538472343566586,1.437376856803894,1.0439932346343994,1.3506683111190796,0.30761580670106736,0.44880351257091144,13.824240404669165
1776514761.0967464,0.5846348364177733,0.11497978341821467,0.5968158331914758,1.1837141085585647,1.0439932346343994,2.640502856463663,2.4538472343566586,1.437376856803894,1.0439932346343994,1.3506683111190796,0.306274276259856,0.447147551026838,13.815269580945838
1776514761.148338,0.694362843975936,0.1684262691211248,0.5976175680950017,1.1782530989971691,1.0536870956420898,2.6341201355896207,2.4481398016481557,1.4191511869430542,1.0536870956420898,1.3424263000488281,0.30403509543301743,0.4443170295269714,13.804939856979498
1776514761.1965384,0.684004315295628,0.23692773862992617,0.5989743876833277,1.1624666728980635,1.0536870956420898,2.6341201355896207,2.4481398016481557,1.4191511869430542,1.0536870956420898,1.3424263000488281,0.3008390758662708,0.4403319422366452,13.793828736326223
1776514761.2486126,0.6686823763337806,0.3949649570476616,0.6008956090554392,1.1470758624016704,1.0799741744995117,2.6295097218300874,2.4507758837273212,1.4211764335632324,1.0799741744995117,1.3278485536575317,0.2961916596764421,0.4343377057861308,13.782889788857878
1776514761.2999623,0.5997863440476555,0.4930436378016424,0.6037451441414201,1.113254805022897,1.0799741744995117,2.6295097218300874,2.4507758837273212,1.4211764335632324,1.0799741744995117,1.3278485536575317,0.2883109902591139,0.4240535795475048,13.772990273875944
1776514761.3471954,0.5383983759619949,0.5776744348705242,0.6086106281814021,1.062528255317077,1.0799741744995117,2.6295097218300874,2.4507758837273212,1.4211764335632324,1.0799741744995117,1.3278485536575317,0.27946977228950226,0.41252993513038827,13.763885241698295
1776514761.3969297,0.5316140451639312,0.2410834773795013,0.6140652355465368,1.0242522758036359,1.0749486684799194,2.6132387009955025,2.443184853784195,1.4224414825439453,1.0749486684799194,1.3235583305358887,0.3137431283401607,0.4056819749259697,13.754966868453698
1776514761.4486303,0.527510577428402,0.20291069394086036,0.607345778679008,1.2146195587205508,1.0749486684799194,2.6132387009955025,2.443184853784195,1.4224414825439453,1.0749486684799194,1.3235583305358887,0.310089333856594,0.40130050237707093,13.74623214892972
1776514761.4966838,0.532236263495168,0.19122952639170107,0.6094933472025585,1.09378553340499,1.0941693782806396,2.6043791426871246,2.442091652392047,1.4162932634353638,1.0941693782806396,1.3088139295578003,0.30685368999773993,0.3973736393214167,13.737430731570948
1776514761.5481148,0.520844234757,0.18085560845069712,0.611408251110573,1.08579536313059,1.0941693782806396,2.6043791426871246,2.442091652392047,1.4162932634353638,1.0941693782806396,1.3088139295578003,0.30381202743064306,0.39362801600527597,13.728725527779972
1776514761.5966673,0.5277505470639064,0.18118381997876382,0.6132235246060007,1.0746513521029635,1.0941693782806396,2.6043791426871246,2.442091652392047,1.4162932634353638,1.0941693782806396,1.3088139295578003,0.30094338893272277,0.3900581923288913,13.719991529029656
1776514761.646662,0.5616857750748621,0.18896664593283358,0.6149459721368644,1.0656775285323805,1.0974301099777222,2.6027330181093595,2.449336941816649,1.4027495384216309,1.0974301099777222,1.3045768737792969,0.2980642348812814,0.3864368385370388,13.71089323362866
1776514761.6965094,0.5899966243736696,0.223480323627631,0.6166854980195463,1.0587365303134704,1.0974301099777222,2.6027330181093595,2.449336941816649,1.4027495384216309,1.0974301099777222,1.3045768737792969,0.29482579301999123,0.3823142260309584,13.701253737506365
1776514761.7483635,0.5932341730301015,0.25819426740914614,0.6186559168702939,1.0411361478589845,1.0974301099777222,2.6027330181093595,2.449336941816649,1.4027495384216309,1.0974301099777222,1.3045768737792969,0.29106383943736525,0.37746637517409,13.691281766134352
1776514761.8005345,0.5711632780578547,0.2629613536794403,0.6209613274130388,1.0294724248299043,1.1140986680984497,2.594566451632017,2.4375039667990626,1.3945884704589844,1.1140986680984497,1.29432213306427,0.287062868436206,0.3722423124218597,13.681490398367632
1776514761.846654,0.5711632780578547,0.2629613536794403,0.6234323096759554,1.0081351663450628,1.1140986680984497,2.594566451632017,2.4375039667990626,1.3945884704589844,1.1140986680984497,1.29432213306427,0.287062868436206,0.3722423124218597,13.681490398367632
1776514761.9013352,0.5494433889320026,0.2750878950702366,0.6259865746782021,0.9948359561620025,1.1140986680984497,2.594566451632017,2.4375039667990626,1.3945884704589844,1.1140986680984497,1.29432213306427,0.2829615162615832,0.36681115437099615,13.672081505882018
1776514761.9494953,0.5506387272589468,0.2797154618114533,0.6259865746782021,1.0263624304102739,1.114978551864624,2.584352313534845,2.432935112100557,1.4020358324050903,1.114978551864624,1.2784420251846313,0.3142350645746874,0.36133968691520657,13.662784559688216
1776514761.9986348,0.5532737961871353,0.29249268545853335,0.619637651390921,1.1431978009810368,1.114978551864624,2.584352313534845,2.432935112100557,1.4020358324050903,1.114978551864624,1.2784420251846313,0.3094699824088471,0.3555946035440546,13.653415017818974
1776514762.0475667,0.5572488904807537,0.2977861745249056,0.6224470754406353,1.0132251479492076,1.1241399049758911,2.5825738800994564,2.4425169439898036,1.4142340421676636,1.1241399049758911,1.275584101676941,0.3046747793816135,0.349743417337957,13.643990451323624
1776514762.100487,0.5559746240605398,0.29833300243116245,0.6252937987412055,0.988655947347284,1.1241399049758911,2.5825738800994564,2.4425169439898036,1.4142340421676636,1.1241399049758911,1.275584101676941,0.2997626677477692,0.3436886159388072,13.634490859517593
1776514762.1502008,0.5505265548191769,0.2809113313921135,0.6282269952646962,0.9761418875409418,1.1241399049758911,2.5825738800994564,2.4425169439898036,1.4142340421676636,1.1241399049758911,1.275584101676941,0.2951523863702882,0.3379467959752185,13.625000727367206
1776514762.2005303,0.5586105230047721,0.28115278117564424,0.6309964957616263,0.9635364251895999,1.1451245546340942,2.5797752351478556,2.4512594808073085,1.4035447835922241,1.1451245546340942,1.266563057899475,0.290590569722711,0.33218996219756886,13.615372971700095
1776514762.2546272,0.563935349231102,0.2847511506525837,0.6337579870145575,0.9480675395850393,1.1451245546340942,2.5797752351478556,2.4512594808073085,1.4035447835922241,1.1451245546340942,1.266563057899475,0.28606556413335593,0.3264052864720174,13.605645521262932
1776514762.3002017,0.568050319957757,0.28043976130958276,0.6365179976262295,0.928024742956916,1.1397660970687866,2.5715323500231833,2.4372065940981966,1.404837965965271,1.1397660970687866,1.2465792894363403,0.2817001463460243,0.32075793055425916,13.595829562588303
1776514762.3484626,0.570166870524413,0.2679690747254275,0.6391993425656093,0.9157820854872374,1.1397660970687866,2.5715323500231833,2.4372065940981966,1.404837965965271,1.1397660970687866,1.2465792894363403,0.2775905442321536,0.31537494697871976,13.585935319153316
1776514762.3980012,0.5721083210251566,0.2377749674154248,0.6417421976994557,0.9042769009543838,1.1397660970687866,2.5715323500231833,2.4372065940981966,1.404837965965271,1.1397660970687866,1.2465792894363403,0.30424341024744167,0.31023833164265874,13.575972293314704
1776514762.4464893,0.5774774063136409,0.18067196404924457,0.6364639277577003,1.0363780524319397,1.154137372970581,2.5634602860760403,2.429188156006788,1.4058012962341309,1.154137372970581,1.2501280307769775,0.3008955303661935,0.30624931242292575,13.565902963877594
1776514762.4964974,0.5542948145653304,0.23869609730061608,0.6384245188693001,0.9300531047029256,1.154137372970581,2.5634602860760403,2.429188156006788,1.4058012962341309,1.154137372970581,1.2501280307769775,0.29740690284776927,0.30202674491128845,13.556031608357799
1776514762.5466115,0.553097380406577,0.23878441828924274,0.6404859719072014,0.9214411975861324,1.154137372970581,2.5634602860760403,2.429188156006788,1.4058012962341309,1.154137372970581,1.2501280307769775,0.29339182316334095,0.2971207421821986,13.546359713044188
1776514762.5966837,0.5783979568238238,0.2230415821219795,0.6428714527518226,0.8918803514697475,1.1656396389007568,2.5713333116429036,2.45072857226016,1.4070435762405396,1.1656396389007568,1.2364284992218018,0.28992738927388106,0.2928338631540961,13.536359406320772
1776514762.6466267,0.5915830243414223,0.2433680537280438,0.6449448162198351,0.8915211136469189,1.1656396389007568,2.5713333116429036,2.45072857226016,1.4070435762405396,1.1656396389007568,1.2364284992218018,0.28592746783716655,0.2878185027814966,13.526062807326973
1776514762.6964936,0.6143489749085222,0.2624551931298675,0.647357097326215,0.8739751852943202,1.1725841760635376,2.5644775396359396,2.4413358519261554,1.406227946281433,1.1725841760635376,1.2270315885543823,0.2820350273905013,0.282731337848161,13.512825094730346
1776514762.7486413,0.6932596735779342,0.2967317437546498,0.6497623985001086,0.8589341382443192,1.1725841760635376,2.5644775396359396,2.4413358519261554,1.406227946281433,1.1725841760635376,1.2270315885543823,0.27781083099712056,0.27691021596253657,13.496030871893646
1776514762.8036277,0.6831336545014555,0.34453627337968457,0.6524568101192154,0.8413786659598074,1.1821486949920654,2.5630631097260723,2.450788701987544,1.4115619659423828,1.1821486949920654,1.2197409868240356,0.2999095301515574,0.2707392864852274,13.483006212438626
1776514762.8545077,0.6547497110736366,0.43140380433699466,0.648615798185944,0.947861839547196,1.1821486949920654,2.5630631097260723,2.450788701987544,1.4115619659423828,1.1821486949920654,1.2197409868240356,0.29289364175041943,0.2623839434383559,13.47128829657197
1776514762.8995256,0.6238617309099962,0.5989247055777107,0.6527232981161547,0.8250032737924913,1.1821486949920654,2.5630631097260723,2.450788701987544,1.4115619659423828,1.1821486949920654,1.2197409868240356,0.28239405258808614,0.24976203269476488,13.460344075198122
1776514762.94779,0.6238617309099962,0.5989247055777107,0.6589033295932682,0.7495561922079814,1.1821486949920654,2.5630631097260723,2.450788701987544,1.4115619659423828,1.1821486949920654,1.2197409868240356,0.28239405258808614,0.24976203269476488,13.460344075198122
1776514762.9966245,0.6163443569251521,0.28506001330155256,0.6589033295932682,0.8382666880384679,1.1841784715652466,2.559660140945336,2.442489768430942,1.4143465757369995,1.1841784715652466,1.21963369846344,0.27534937928164893,0.24127902643180804,13.449154505832293
1776514763.0503466,0.5937482998464617,0.26169404677066016,0.6630538290201182,0.7591565224050055,1.1841784715652466,2.559660140945336,2.442489768430942,1.4143465757369995,1.1841784715652466,1.21963369846344,0.2707417957160338,0.23559262880451223,13.438292666293867
1776514763.0995018,0.6090299019366955,0.21947878477725133,0.665807131414296,0.7664391513667218,1.1841784715652466,2.559660140945336,2.442489768430942,1.4143465757369995,1.1841784715652466,1.21963369846344,0.26696886092773614,0.2308813906050199,13.427400272901023
1776514763.148488,0.6112104383642208,0.21448290501896322,0.6680770576768049,0.7574754269225625,1.1829729080200195,2.5549146725445517,2.435506495612373,1.4123361110687256,1.1829729080200195,1.2083889245986938,0.2635962876129143,0.22660690284071972,13.416336192780138
1776514763.196604,0.6154922913908216,0.22592186759902727,0.6701238027261441,0.7441750503919343,1.1829729080200195,2.5549146725445517,2.435506495612373,1.4123361110687256,1.1829729080200195,1.2083889245986938,0.2602264243722686,0.22227371362383674,13.405188462398913
1776514763.2474759,0.6214087872924877,0.2230965475394421,0.6721863012435141,0.7360598538480083,1.1964776515960693,2.5629815479652622,2.454120434389511,1.4134905338287354,1.1964776515960693,1.2042244672775269,0.25673358317299305,0.21771473310426798,13.393928837093984
1776514763.2967784,0.6316716382364526,0.21579931252064619,0.6743430117712108,0.7227681677863259,1.1964776515960693,2.5629815479652622,2.454120434389511,1.4134905338287354,1.1964776515960693,1.2042244672775269,0.27463696617939753,0.21337546792432746,13.382526162488299
1776514763.349675,0.6523049993208778,0.22643031872489786,0.6710463535039802,0.8122171565017005,1.1987571716308594,2.5642904573629344,2.449943938275474,1.4320555925369263,1.1987571716308594,1.2006216049194336,0.2709530423117069,0.20899713921848317,13.370831493505985
1776514763.3964472,0.7013046426087304,0.2862002201748466,0.675572760951601,0.6889345883669079,1.1987571716308594,2.5642904573629344,2.449943938275474,1.4320555925369263,1.1987571716308594,1.2006216049194336,0.266929523389158,0.20414642555118298,13.358599769031954
1776514763.4466717,0.7013046426087304,0.2862002201748466,0.6783229499409513,0.6927166160932403,1.1987571716308594,2.5642904573629344,2.449943938275474,1.4320555925369263,1.1987571716308594,1.2006216049194336,0.26229835564914766,0.19849237298379852,13.345761074835137
1776514763.5015,0.6926886775499578,0.35537023442594773,0.6783229499409513,0.7272974289088503,1.1862053871154785,2.5657852154766156,2.455605183894655,1.4299147129058838,1.2011247873306274,1.1862053871154785,0.2570328582927859,0.19195790927130615,13.332951905776568
1776514763.5475097,0.6571297625961604,0.3789971512768252,0.6814795051142523,0.6683177526340132,1.1862053871154785,2.5657852154766156,2.455605183894655,1.4299147129058838,1.2011247873306274,1.1862053871154785,0.25110940339373594,0.18448981129154132,13.320523515058843
1776514763.5998185,0.6346490313682136,0.30723214156317513,0.6884173484760692,0.5830060846688362,1.1802884340286255,2.5648279184549634,2.448136495182977,1.4358336925506592,1.214760422706604,1.1802884340286255,0.2455992700899376,0.17747012664738063,13.308693785363035
1776514763.6464946,0.6471594812813672,0.3399268995520726,0.6913941776635587,0.6146656448137676,1.1802884340286255,2.5648279184549634,2.448136495182977,1.4358336925506592,1.214760422706604,1.1802884340286255,0.24076394121795092,0.17119038981970627,13.2967968889533
1776514763.6996815,0.6595998350566786,0.3284579391967259,0.6913941776635587,0.6526046990653795,1.1802884340286255,2.5648279184549634,2.448136495182977,1.4358336925506592,1.214760422706604,1.1802884340286255,0.2521076705393877,0.16455411102485354,13.284648972675921
1776514763.750494,0.6594134007107076,0.3163356041827528,0.6903937159371154,0.669426959099311,1.1802884340286255,2.5648279184549634,2.448136495182977,1.4358336925506592,1.214760422706604,1.1802884340286255,0.2466706153594587,0.15812540684351725,13.272380414741432
1776514763.796494,0.6594134007107076,0.3163356041827528,0.6935638910132317,0.5913013243059446,1.1821500062942505,2.566070142661279,2.4466604248105965,1.456168532371521,1.222292184829712,1.1821500062942505,0.2466706153594587,0.15812540684351725,13.272380414741432
1776514763.8483024,0.6767307958910407,0.31181981511002,0.6935638910132317,0.6402063370672482,1.1821500062942505,2.566070142661279,2.4466604248105965,1.456168532371521,1.222292184829712,1.1821500062942505,0.24144624140193205,0.15185440328538916,13.260002134079341
1776514763.896793,0.7077850318037212,0.33446589669737337,0.6966363142468042,0.5836214037846433,1.1821500062942505,2.566070142661279,2.4466604248105965,1.456168532371521,1.222292184829712,1.1821500062942505,0.23611349451627348,0.14537786010633386,13.24696820445541
1776514763.9497428,0.7017568399922256,0.3558427332889719,0.6997935985521256,0.5638196562471732,1.17702317237854,2.5685890898673653,2.4449951054609373,1.459632396697998,1.2147401571273804,1.17702317237854,0.2304657911786744,0.13841257619151662,13.233800250828436
1776514763.9974895,0.7009983884137702,0.3721481094452395,0.7031670992893494,0.5419705052051345,1.17702317237854,2.5685890898673653,2.4449951054609373,1.459632396697998,1.2147401571273804,1.17702317237854,0.22463683282875507,0.13110722921964232,13.22061828281435
1776514764.047607,0.7023197128904092,0.36836119792423533,0.7066814939456539,0.5220435140872217,1.1752419471740723,2.5761584869476515,2.4557514882327607,1.490957260131836,1.2214869260787964,1.1752419471740723,0.21876884790617035,0.12364111455179572,13.207379107668096
1776514764.1009116,0.7053246047696959,0.3548788808892857,0.7102507382531423,0.4963710832582847,1.1752419471740723,2.5761584869476515,2.4557514882327607,1.490957260131836,1.2214869260787964,1.1752419471740723,0.22476890767616114,0.11638292371062475,13.194049423055711
1776514764.146615,0.7041800348255749,0.31088761891395655,0.7107710166266324,0.5356494581112377,1.1752419471740723,2.5761584869476515,2.4557514882327607,1.490957260131836,1.2214869260787964,1.1752419471740723,0.21925085791713145,0.10995520732078184,13.18069033317125
1776514764.1967678,0.7041800348255749,0.31088761891395655,0.713961325755064,0.48391782083571777,1.1713038682937622,2.583708697507825,2.4613764911329072,1.4962577819824219,1.222386121749878,1.1713038682937622,0.21925085791713145,0.10995520732078184,13.18069033317125
1776514764.2474966,0.6969093777494674,0.33249666886203955,0.7171397579125657,0.4602349071122177,1.1713038682937622,2.583708697507825,2.4613764911329072,1.4962577819824219,1.222386121749878,1.1713038682937622,0.2137961224420985,0.10351292582866242,13.167402129441381
1776514764.3056092,0.6982288676017965,0.35777407291523133,0.7171397579125657,0.5054870976424818,1.1713038682937622,2.583708697507825,2.4613764911329072,1.4962577819824219,1.222386121749878,1.1713038682937622,0.20808843139522437,0.09667129100004263,13.154176657320926
1776514764.3474894,0.7075050958354137,0.4002118474468897,0.7204937538083915,0.4467718401313502,1.1713038682937622,2.583708697507825,2.4613764911329072,1.4962577819824219,1.222386121749878,1.1713038682937622,0.2018466486129429,0.08907075061877931,13.14077810359136
1776514764.3966756,0.7075050958354137,0.4002118474468897,0.7241948343762803,0.4122267987972333,1.1607636213302612,2.5848964583972998,2.4474399023228526,1.527281641960144,1.2294485569000244,1.1607636213302612,0.2018466486129429,0.08907075061877931,13.14077810359136
1776514764.447493,0.7114316053746986,0.3744441970346899,0.7241948343762803,0.4651723749926847,1.1607636213302612,2.5848964583972998,2.4474399023228526,1.527281641960144,1.2294485569000244,1.1607636213302612,0.19575967363917723,0.08155564056911102,13.127209173965605
1776514764.4966471,0.7149076819646901,0.3906260984315241,0.7278329828835763,0.39362519421028286,1.1607636213302612,2.5848964583972998,2.4474399023228526,1.527281641960144,1.2294485569000244,1.1607636213302612,0.18954323250387717,0.07375209018451104,13.113541429417083
1776514764.5466466,0.7149076819646901,0.3906260984315241,0.7315845201573599,0.37572952695336753,1.1745855808258057,2.593131841497218,2.4480281799057164,1.541987657546997,1.2249995470046997,1.1745855808258057,0.18954323250387717,0.07375209018451104,13.113541429417083
1776514764.5964706,0.7208190192330849,0.3832049769606766,0.7337417767769274,0.38204422831779206,1.1745855808258057,2.593131841497218,2.4480281799057164,1.541987657546997,1.2249995470046997,1.1745855808258057,0.18331369707469272,0.05826189641629759,13.086489548740214
1776514764.6511598,0.7208190192330849,0.3832049769606766,0.7374916173406141,0.3414631171997903,1.1745855808258057,2.593131841497218,2.4480281799057164,1.541987657546997,1.2249995470046997,1.1745855808258057,0.18331369707469272,0.05826189641629759,13.086489548740214
1776514764.6969488,0.7299788397401136,0.4459435853113468,0.741389549974161,0.3234742360486529,1.1608120203018188,2.600780866743788,2.4617763040259235,1.5724436044692993,1.2158771753311157,1.1608120203018188,0.17657447880363547,0.050406004883296274,13.072592544663102
1776514764.7476768,0.7379239640221055,0.43199826988430023,0.741389549974161,0.36691685729050916,1.1608120203018188,2.600780866743788,2.4617763040259235,1.5724436044692993,1.2158771753311157,1.1608120203018188,0.16962667604484696,0.04219386030883876,13.058418057238242
1776514764.7965221,0.7206628543590294,0.4458753606829517,0.7454397967502238,0.2874299392707562,1.1608120203018188,2.600780866743788,2.4617763040259235,1.5724436044692993,1.2158771753311157,1.1608120203018188,0.1626423402996922,0.03380375848780742,13.044317260809079
1776514764.849663,0.7206628543590294,0.4458753606829517,0.7495490778678916,0.2667636095106866,1.1608120203018188,2.600780866743788,2.4617763040259235,1.5724436044692993,1.2158771753311157,1.1608120203018188,0.1626423402996922,0.03380375848780742,13.044317260809079
1776514764.898524,0.7156276781722579,0.4462401221260026,0.7495490778678916,0.32029098361204866,1.1681655645370483,2.6092653564564285,2.449128194662593,1.5916430950164795,1.2315369844436646,1.1681655645370483,0.15571015548892714,0.02532914637817718,13.030497034068516
1776514764.946631,0.7197373543372135,0.43594203118853153,0.7536688798309008,0.24160311443264434,1.1681655645370483,2.6092653564564285,2.449128194662593,1.5916430950164795,1.2315369844436646,1.1681655645370483,0.14897581348406344,0.01701162602816747,13.016570067834897
1776514764.9967775,0.7234752897732254,0.38128062161773657,0.7576948397141292,0.2215911559405151,1.1724315881729126,2.617603394855072,2.448913353590281,1.6263247728347778,1.232293963432312,1.1724315881729126,0.14371497914022743,0.009263520953868176,13.002599202500209
1776514765.0464947,0.7417731444020266,0.27975092128810314,0.7611900393895796,0.20933841863276312,1.1724315881729126,2.617603394855072,2.448913353590281,1.6263247728347778,1.232293963432312,1.1724315881729126,0.1382400621662797,0.0030772254082406247,12.98834903071642
1776514765.104691,0.7595656593955713,0.21856475177060927,0.7643018812197901,0.19552609491562106,1.1724315881729126,2.617603394855072,2.448913353590281,1.6263247728347778,1.232293963432312,1.1724315881729126,0.13460779922137608,-0.0011167046647230228,12.97368347443395
1776514765.1526701,0.768595108229626,0.20113146472169086,0.7663915119023357,0.19819282322686194,1.1736892461776733,2.6274621342201128,2.4487307931032194,1.6561952829360962,1.2307504415512085,1.1736892461776733,0.1313189639887052,-0.004983363309188971,12.958734790262303
1776514765.196502,0.7723618742292706,0.19033048481597134,0.7683029628014193,0.1909571925652709,1.1736892461776733,2.6274621342201128,2.4487307931032194,1.6561952829360962,1.2307504415512085,1.1736892461776733,0.12844298799639886,-0.008429659748782514,12.943685187102265
1776514765.2474654,0.7749362185886989,0.18911683810943408,0.7699926717545666,0.1779447572408212,1.172692060470581,2.6414420697338374,2.456453495674084,1.6685142517089844,1.225096583366394,1.172692060470581,0.12570362540611366,-0.011768097315390691,12.928577878711
1776514765.298707,0.7844776814655042,0.23278076847220416,0.7716177536459687,0.17497103236236117,1.172692060470581,2.6414420697338374,2.456453495674084,1.6685142517089844,1.225096583366394,1.172692060470581,0.12272920653672334,-0.015465072843468097,12.913349438191831
1776514765.3464053,0.7893597306908693,0.2656853024568594,0.7734024603489168,0.16062023906387463,1.174248456954956,2.6496229877524855,2.4529242261393085,1.686819076538086,1.2271381616592407,1.174248456954956,0.11711028880464269,-0.03677600281936799,12.897976251414633
1776514765.3966594,0.785391265951892,0.230221382545313,0.7807854880106531,0.04829988522385546,1.174248456954956,2.6496229877524855,2.4529242261393085,1.686819076538086,1.2271381616592407,1.174248456954956,0.11282694369976443,-0.04165668668977396,12.882509796299859
1776514765.4467373,0.7719122498211491,0.14805560491642195,0.7832314824607961,0.09359009900488972,1.174248456954956,2.6496229877524855,2.4529242261393085,1.686819076538086,1.2271381616592407,1.174248456954956,0.11022862841623982,-0.044680106922142415,12.86729095863084
1776514765.4975228,0.7619897539094045,0.11525389458495182,0.7847328155773075,0.09992118177269606,1.174248456954956,2.6496229877524855,2.4529242261393085,1.686819076538086,1.2271381616592407,1.174248456954956,0.10860199630620726,-0.04659311840706887,12.852301820798457
1776514765.5465994,0.7766112049031222,0.14737722420344243,0.7856783700848151,0.10249857523264498,1.1753450632095337,2.6633440221932947,2.45310150334055,1.701865792274475,1.2311776876449585,1.1753450632095337,0.10635373629934386,-0.049294259751018144,12.837203766111935
1776514765.598488,0.7872661217719661,0.10049299804925413,0.7870012511828505,0.08804207871753783,1.1753450632095337,2.6633440221932947,2.45310150334055,1.701865792274475,1.2311776876449585,1.1753450632095337,0.10451561224419378,-0.051545534097853285,12.821856547448974
1776514765.6478689,0.7872661217719661,0.10049299804925413,0.7880948152618621,0.0866690020549948,1.1753450632095337,2.6633440221932947,2.45310150334055,1.701865792274475,1.2311776876449585,1.1753450632095337,0.10451561224419378,-0.051545534097853285,12.821856547448974
1776514765.6964076,0.7887110086663501,0.08613774652670171,0.7880948152618621,0.1000296270750738,1.169262409210205,2.66216667331445,2.4368241429901705,1.699458360671997,1.2233471870422363,1.169262409210205,0.09799706024234495,-0.10882318155669649,12.806397040393362
1776514765.7466128,0.7887110086663501,0.08613774652670171,0.794224768345196,-0.26497352417485276,1.169262409210205,2.66216667331445,2.4368241429901705,1.699458360671997,1.2233471870422363,1.169262409210205,0.09799706024234495,-0.10882318155669649,12.806397040393362
1776514765.79695,0.790959680629395,0.10543252574534033,0.7932803703500062,-0.016833730896615218,1.169262409210205,2.66216667331445,2.4368241429901705,1.699458360671997,1.2233471870422363,1.169262409210205,0.09633752763748293,-0.11070245219514133,12.790904979482114
1776514765.848507,0.7870614607513071,0.012789260014296384,0.7932803703500062,-0.006532940829471062,1.1737836599349976,2.668238528010803,2.4278711492298686,1.7193195819854736,1.2255287170410156,1.1737836599349976,0.09571539657762207,-0.11140555347768114,12.775421836857076
1776514765.896485,0.7870614607513071,0.012789260014296384,0.7929267249638101,-0.013511719083905343,1.1737836599349976,2.668238528010803,2.4278711492298686,1.7193195819854736,1.2255287170410156,1.1737836599349976,0.09571539657762207,-0.11140555347768114,12.775421836857076
1776514765.9576719,0.7955096935719173,-0.003647080454689477,0.7930813793338592,-0.005891430490883015,1.1737836599349976,2.668238528010803,2.4278711492298686,1.7193195819854736,1.2255287170410156,1.1737836599349976,0.09598404056136633,-0.11109499602716125,12.759817580108322
1776514765.9964414,0.7925880659035061,-0.014091840393822703,0.7930813793338592,-0.007821263072445662,1.1766517162322998,2.6727248511856954,2.4208013031460607,1.7091398239135742,1.2274272441864014,1.1766517162322998,0.09626608878127674,-0.11075511749360475,12.744249180828922
1776514766.0614452,0.7933711704803914,-0.013739479524709131,0.7932476214746724,-0.004655133433446812,1.1766517162322998,2.6727248511856954,2.4208013031460607,1.7091398239135742,1.2274272441864014,1.1766517162322998,0.09666478223602282,-0.11026632068160927,12.728708177302645
1776514766.0978284,0.7924864569971684,-0.0051930966471013165,0.7934849553326272,-0.0026689727418775754,1.1766517162322998,2.6727248511856954,2.4208013031460607,1.7091398239135742,1.2274272441864014,1.1766517162322998,0.09699572122367683,-0.10985201939569308,12.713154122749604
1776514766.1466084,0.7924579380189111,0.014574223582045293,0.7910041375833157,-0.055185232124697864,1.1725225448608398,2.6712004442550206,2.397039926859268,1.7065919637680054,1.2228096723556519,1.1725225448608398,0.0861676914399005,-0.10967900235549735,12.697607355893359
1776514766.1965244,0.7843531358777406,0.020414382485446646,0.7910041375833157,-0.019919557636005315,1.1725225448608398,2.6712004442550206,2.397039926859268,1.7065919637680054,1.2228096723556519,1.1725225448608398,0.08572566445259877,-0.11018892174456055,12.666699257950544
1776514766.2473533,0.7868305493493102,0.032331584013778544,0.790749969353578,-0.02531942580264549,1.183164119720459,2.6818169978456736,2.3979575605637726,1.7210487127304077,1.2225885391235352,1.183164119720459,0.08535068198245055,-0.11064145852527821,12.651279947420276
1776514766.2977262,0.7871861892627824,0.0349831876505063,0.7905287634724997,-0.02568421948491929,1.183164119720459,2.6818169978456736,2.3979575605637726,1.7210487127304077,1.2225885391235352,1.183164119720459,0.0849537887656906,-0.11113103842516062,12.635868013540493
1776514766.3465338,0.788413281718645,0.030885959111959013,0.7902916640099091,-0.027162801803634982,1.1758801937103271,2.6836078880452976,2.380870161439263,1.923310399055481,1.2250854969024658,1.1758801937103271,0.0845891728609997,-0.11158421930515713,12.62043593881598
1776514766.3976247,0.7874433038276143,0.0254247099696543,0.790072890155528,-0.028246024820436786,1.1758801937103271,2.6836078880452976,2.380870161439263,1.923310399055481,1.2250854969024658,1.1758801937103271,0.07316324884199893,-0.11190000544754211,12.604990603791776
1776514766.4496434,0.7865196563618893,0.01219698698029948,0.787105137182872,-0.08245749843020383,1.1758801937103271,2.6836078880452976,2.380870161439263,1.923310399055481,1.2250854969024658,1.1758801937103271,0.07300815157917034,-0.11204927840789816,12.589587346381899
1776514766.496493,0.780354844249845,-0.012380434500601308,0.7870242562437395,-0.04405052354034111,1.178330659866333,2.6930464327500774,2.379698518140858,2.2413523197174072,1.210534930229187,1.178330659866333,0.07322570030028153,-0.11177152748696009,12.574273280056532
1776514766.550494,0.7820599031413316,0.0015533214932299908,0.7871568487793221,-0.04058362570942232,1.178330659866333,2.6930464327500774,2.379698518140858,2.2413523197174072,1.210534930229187,1.178330659866333,0.07341540574322225,-0.11150608385902125,12.558950154269985
1776514766.5967696,0.7804509068413416,0.01890963923375835,0.7872789787667661,-0.0401943640099634,1.1802687644958496,2.6949672622883574,2.356969578616084,2.3390583992004395,1.2284237146377563,1.1802687644958496,0.07336591175036783,-0.1115277454682018,12.543645228198393
1776514766.6485047,0.7838593880130363,-0.0007027681477463401,0.7872604410299963,-0.04226263589263537,1.1802687644958496,2.6949672622883574,2.356969578616084,2.3390583992004395,1.2284237146377563,1.1802687644958496,0.07323220405357156,-0.11168356192184989,12.528299971736041
1776514766.7045045,0.7876679393292247,-0.02941295807408974,0.7871831180833821,-0.04352136897600729,1.1802687644958496,2.6949672622883574,2.356969578616084,2.3390583992004395,1.2284237146377563,1.1802687644958496,0.06248755865901495,-0.11123740590574113,12.512880689669542
1776514766.7464032,0.7879611454393943,-0.026070696090135275,0.7846003911284644,-0.09313457998265258,1.171734094619751,2.7023934039884314,2.3512144512658506,2.3052496910095215,1.219419240951538,1.171734094619751,0.0630463349374264,-0.1106012266197561,12.497439527504733
1776514766.7985978,0.786326857453736,-0.06108848611213748,0.7849193329506998,-0.05157101091489309,1.171734094619751,2.7023934039884314,2.3512144512658506,2.3052496910095215,1.219419240951538,1.171734094619751,0.06412127336480672,-0.10935569121165714,12.482049770836802
1776514766.8466184,0.7871839975739764,-0.02618955277322069,0.7855389673486673,-0.044319261743872164,1.171734094619751,2.7023934039884314,2.3512144512658506,2.3052496910095215,1.219419240951538,1.171734094619751,0.06475177355364914,-0.10861290927681286,12.46664130130721
1776514766.9035323,0.7870263994931236,-0.029817202838966515,0.785905832338012,-0.0455251988289723,1.1796255111694336,2.7072087021253375,2.3383475545694647,2.2629716396331787,1.224855661392212,1.1796255111694336,0.06530171149611619,-0.10796346699124662,12.451229041284309
1776514766.947019,0.7870263994931236,-0.029817202838966515,0.7862262605394723,-0.04495583463653723,1.1796255111694336,2.7072087021253375,2.3383475545694647,2.2629716396331787,1.224855661392212,1.1796255111694336,0.06530171149611619,-0.10796346699124662,12.451229041284309
1776514766.9968548,0.7862717033342312,-0.036459983173219745,0.7866496803499814,-0.03999413421008745,1.1796255111694336,2.7072087021253375,2.3383475545694647,2.2629716396331787,1.224855661392212,1.1796255111694336,0.06601400943948549,-0.10709232153131762,12.435836419949316
1776514767.0475745,0.7862717033342312,-0.036459983173219745,0.7866496803499814,-0.046324474684830634,1.1810228824615479,2.715418620643298,2.328088045778178,2.242561101913452,1.2155872583389282,1.1810228824615479,0.06601400943948549,-0.10709232153131762,12.435836419949316
1776514767.0980115,0.7863552990832616,-0.04102669081062426,0.7844580400598391,-0.08727627388929979,1.1810228824615479,2.715418620643298,2.328088045778178,2.242561101913452,1.2155872583389282,1.1810228824615479,0.05621736417670492,-0.10610262754532343,12.420451374426177
1776514767.1464956,0.7869220976755917,-0.0315380930510402,0.7849003729455358,-0.05078725604256688,1.1810228824615479,2.715418620643298,2.328088045778178,2.242561101913452,1.2155872583389282,1.1810228824615479,0.05699669566386467,-0.10522426557770762,12.405044103995165
1776514767.1964931,0.780876064581222,-0.027656101010805473,0.7853178577460267,-0.04885543985281152,1.1834304332733154,2.724149386602679,2.317597353374029,2.2015273571014404,1.2175359725952148,1.1834304332733154,0.05771720792830304,-0.10438170947109207,12.389738085879436
1776514767.2495747,0.7821703370651771,-0.008700756446310187,0.7855146401493842,-0.05065454993000044,1.1834304332733154,2.724149386602679,2.317597353374029,2.2015273571014404,1.2175359725952148,1.1834304332733154,0.058054972479406886,-0.10398290326937995,12.374427459740597
1776514767.2966313,0.7838732853375957,-0.014061987914723567,0.7856859111244474,-0.050238754550789556,1.1834304332733154,2.724149386602679,2.317597353374029,2.2015273571014404,1.2175359725952148,1.1834304332733154,0.05834613978401415,-0.1036332717897295,12.359101187724686
1776514767.3476486,0.7854770355056183,-0.024771578754500534,0.7856859111244474,-0.05246459678923439,1.1807631254196167,2.732652480904423,2.311233398057352,2.176569938659668,1.230886697769165,1.1807631254196167,0.05881806989142757,-0.10305701262720249,12.343744787917288
1776514767.3985405,0.784038916516525,-0.0030958814249194668,0.7862562937105506,-0.042085990871488545,1.1807631254196167,2.732652480904423,2.311233398057352,2.176569938659668,1.230886697769165,1.1807631254196167,0.04939695913986902,-0.10208579434734891,12.313040504125745
1776514767.4466157,0.784038916516525,-0.0030958814249194668,0.7838640112859894,-0.09447615412150188,1.1765646934509277,2.738905215572142,2.2880616435935197,2.146798610687256,1.2206705808639526,1.1765646934509277,0.04939695913986902,-0.10208579434734891,12.313040504125745
1776514767.4986072,0.784029212523165,0.004623617792642094,0.7842569913346953,-0.05572913832544242,1.1765646934509277,2.738905215572142,2.2880616435935197,2.146798610687256,1.2206705808639526,1.1765646934509277,0.05087370721627216,-0.10201136744216224,12.294179654294501
1776514767.55152,0.7752641566239198,-0.026032667762111657,0.7842569913346953,-0.06106562108386889,1.1765646934509277,2.738905215572142,2.2880616435935197,2.146798610687256,1.2206705808639526,1.1765646934509277,0.05311881951983416,-0.10172213439898789,12.273974117304448
1776514767.596538,0.7752641566239198,-0.026032667762111657,0.7849037448872817,-0.049019853597029484,1.1765646934509277,2.738905215572142,2.2880616435935197,2.146798610687256,1.2206705808639526,1.1765646934509277,0.05311881951983416,-0.10172213439898789,12.273974117304448
1776514767.6466796,0.7819145489795329,-0.037260376167461674,0.7852604605999404,-0.05101629174594185,1.1715338230133057,2.7496212095601154,2.284083913901605,2.1077349185943604,1.2222986221313477,1.1715338230133057,0.05370754042738768,-0.10097799852771941,12.258749699109519
1776514767.696615,0.7862726479978432,-0.04733802342195286,0.7852604605999404,-0.05565152459532387,1.1715338230133057,2.7496212095601154,2.284083913901605,2.1077349185943604,1.2222986221313477,1.1715338230133057,0.054494214160550225,-0.1000053191776841,12.243382991101912
1776514767.7475193,0.7851960819278896,-0.03722946214319102,0.7857310525987071,-0.04699489369629297,1.1715338230133057,2.7496212095601154,2.284083913901605,2.1077349185943604,1.2222986221313477,1.1715338230133057,0.04528305084253964,-0.09913269128366228,12.228023904402713
1776514767.7998328,0.7850160660198247,-0.029110356121171153,0.7836541752528946,-0.09094436728706301,1.1842833757400513,2.760451303820826,2.2758360590735527,2.0729358196258545,1.2248531579971313,1.1842833757400513,0.045859829033790656,-0.09848137989474812,12.21268441027293
1776514767.8527114,0.7822615269392786,-0.058372922015431025,0.7839818905459858,-0.059289831572448846,1.1842833757400513,2.760451303820826,2.2758360590735527,2.0729358196258545,1.2248531579971313,1.1842833757400513,0.04675084763959081,-0.09745557901271082,12.197417802394522
1776514767.8983896,0.7840063097380446,-0.043992889598207616,0.7844936514816179,-0.05306707039814669,1.1842833757400513,2.760451303820826,2.2758360590735527,2.0729358196258545,1.2248531579971313,1.1842833757400513,0.04760407479029216,-0.09645760642756432,12.182099745971856
1776514767.946499,0.7840063097380446,-0.043992889598207616,0.7849880970474357,-0.05177443602052008,1.1837512254714966,2.773274488519674,2.268372357325624,2.0406689643859863,1.2200284004211426,1.1837512254714966,0.04760407479029216,-0.09645760642756432,12.182099745971856
1776514767.9974966,0.7852067969777923,-0.035782772481111676,0.7853943938482834,-0.050166774968942285,1.1837512254714966,2.773274488519674,2.268372357325624,2.0406689643859863,1.2200284004211426,1.1837512254714966,0.04829541988685132,-0.09562875701144011,12.166768905677218
1776514768.046461,0.7863020044321866,-0.03742529457973105,0.7853943938482834,-0.05564376462258189,1.1837512254714966,2.773274488519674,2.268372357325624,2.0406689643859863,1.2200284004211426,1.1837512254714966,0.0489333012046162,-0.09484374200833326,12.15142345102594
1776514768.0974824,0.7869249143094873,-0.04003315985840056,0.7857749441412301,-0.048711722123603425,1.1778523921966553,2.787835800460265,2.2635799878052194,2.020965814590454,1.2328559160232544,1.1778523921966553,0.04961560228383555,-0.0939920323122301,12.136067395560326
1776514768.1469436,0.7861745199063109,-0.04724774830936564,0.7861853627281021,-0.046011061847035586,1.1778523921966553,2.787835800460265,2.2635799878052194,2.020965814590454,1.2328559160232544,1.1778523921966553,0.04961560228383555,-0.0939920323122301,12.136067395560326
1776514768.1965616,0.7861745199063109,-0.04724774830936564,0.7842723466458732,-0.08579507649714407,1.1778523921966553,2.787835800460265,2.2635799878052194,2.020965814590454,1.2328559160232544,1.1778523921966553,0.04102592275940975,-0.0930935210339218,12.120717575786838
1776514768.2466614,0.7867181406691601,-0.04716983072781283,0.7847722901422247,-0.05314993810823643,1.1842999458312988,2.8002610297031034,2.2605058614018385,1.9845330715179443,1.2367843389511108,1.1842999458312988,0.04189649519959826,-0.09209152374312149,12.105375758221138
1776514768.2964675,0.7867181406691601,-0.04716983072781283,0.7847722901422247,-0.059747059969686045,1.1842999458312988,2.8002610297031034,2.2605058614018385,1.9845330715179443,1.2367843389511108,1.1842999458312988,0.04189649519959826,-0.09209152374312149,12.105375758221138
1776514768.3484957,0.7843982002569342,-0.07362665341061764,0.7854833650021301,-0.04468641500855145,1.1842999458312988,2.8002610297031034,2.2605058614018385,1.9845330715179443,1.2367843389511108,1.1842999458312988,0.043126375728312016,-0.09065886314787333,12.09006836685502
1776514768.3965948,0.7841152345848592,-0.027839719541194293,0.7854833650021301,-0.055876048145713605,1.1842999458312988,2.8002610297031034,2.2605058614018385,1.9845330715179443,1.2367843389511108,1.1842999458312988,0.04403294532616309,-0.0895911019646515,12.074767524831637
1776514768.4556556,0.7838476257975688,-0.025291175308746482,0.7860107936720907,-0.046034527960340466,1.1787992715835571,2.817458719704352,2.258956818737584,1.9361658096313477,1.2415142059326172,1.1787992715835571,0.04441988936899344,-0.08912288171234004,12.059495085181728
1776514768.499595,0.7838476257975688,-0.025291175308746482,0.7862394052415311,-0.04885777184944293,1.1787992715835571,2.817458719704352,2.258956818737584,1.9361658096313477,1.2415142059326172,1.1787992715835571,0.04441988936899344,-0.08912288171234004,12.059495085181728
1776514768.5465147,0.7861029766669485,-0.02841236989222864,0.7865214104504631,-0.04664333187908209,1.1787992715835571,2.817458719704352,2.258956818737584,1.9361658096313477,1.2415142059326172,1.1787992715835571,0.04489198083139831,-0.0885406025680334,12.044177384769602
1776514768.6024802,0.7870889208905664,-0.03240922044236339,0.7865214104504631,-0.05033678720541957,1.172503113746643,2.8407632165435945,2.2681905995239604,1.9234071969985962,1.2545970678329468,1.172503113746643,0.03664438681067067,-0.2157849922720802,12.028845133269431
1776514768.6518278,0.787550934865948,-0.030429069447473995,0.7488145876401067,-0.7685326922989785,1.172503113746643,2.8407632165435945,2.2681905995239604,1.9234071969985962,1.2545970678329468,1.172503113746643,0.03720168786822314,-0.2151548334060942,12.013506316920221
1776514768.7030268,0.7879079701438895,-0.03270594346078841,0.7491314719890859,-0.26066053465848626,1.172503113746643,2.8407632165435945,2.2681905995239604,1.9234071969985962,1.2545970678329468,1.172503113746643,0.03778697351680782,-0.2144806644645994,11.998165206699436
1776514768.7485847,0.806385289655142,-0.08164292683135238,0.7494677312761477,-0.25938798668509694,1.1712028980255127,2.8613268232919022,2.276848401749839,1.8934932947158813,1.264686942100525,1.1712028980255127,0.03920507636245035,-0.21282428052865887,11.982529817681838
1776514768.7966146,0.7735786844690691,-0.1470501322497851,0.7502888806953131,-0.24646672172680234,1.1712028980255127,2.8613268232919022,2.276848401749839,1.8934932947158813,1.264686942100525,1.1712028980255127,0.04067023639013917,-0.21104901257463304,11.967219165450905
1776514768.8464656,0.7475613654143738,-0.23781736452815058,0.751155176049418,-0.24373903288086493,1.1758517026901245,2.887845149754816,2.2941882852342967,1.8679981231689453,1.2741457223892212,1.1758517026901245,0.04397503310385281,-0.2070358933618286,11.95261530656164
1776514768.8965874,0.748501154494311,-0.23903876103786464,0.7531116582008589,-0.21636634029303908,1.1758517026901245,2.887845149754816,2.2941882852342967,1.8679981231689453,1.2741457223892212,1.1758517026901245,0.027840790149372296,-0.5077543813575705,11.938059773123664
1776514768.9465322,0.7449763441785319,-0.2320021509259667,0.5741880976564084,-1.5,1.1758517026901245,2.887845149754816,2.2941882852342967,1.8679981231689453,1.2741457223892212,1.1758517026901245,0.03187403762057339,-0.50320595465795,11.923556313867184
1776514768.9985936,0.730783741322601,-0.19825816419561712,0.576165785296213,-0.7070932579785562,1.1715037822723389,2.9178893990697516,2.327455105679512,1.829044222831726,1.283768892288208,1.1715037822723389,0.03511735078734307,-0.49949148080468153,11.909333316621764
1776514769.0464256,0.6998364491086495,-0.13975615840447358,0.5791165813042325,-0.6755136962197864,1.1715037822723389,2.9178893990697516,2.327455105679512,1.829044222831726,1.283768892288208,1.1715037822723389,0.03990857995028266,-0.49386040930117625,11.88182500402399
1776514769.0966432,0.6746539555863055,-0.1622730835974847,0.580174345140278,-0.6955409877379337,1.1722133159637451,2.950912282160319,2.378359875633309,1.8268355131149292,1.2910170555114746,1.1722133159637451,0.0418679783850803,-0.49149771697653116,11.868628543283773
1776514769.1640656,0.6543368809058591,-0.18135405190032064,0.581172130542161,-0.69347064251184,1.1722133159637451,2.950912282160319,2.378359875633309,1.8268355131149292,1.2910170555114746,1.1722133159637451,0.04448467318013366,-0.4882902007042738,11.855849325044408
1776514769.206865,0.6363381647182961,-0.18061558944882602,0.58251726379267,-0.6787081769517729,1.170829176902771,2.981810584760837,2.4306973138227232,1.8051997423171997,1.3124122619628906,1.170829176902771,0.0006534441626794285,-0.4848327683487432,11.843472738677143
1776514769.2476654,0.6242939564507418,-0.19850817542308158,0.6644114927913471,-0.9073665554305292,1.170829176902771,2.981810584760837,2.4306973138227232,1.8051997423171997,1.3124122619628906,1.170829176902771,0.0038827172411805,-0.48115446370458015,11.83134148891526
1776514769.2977962,0.6319927906009715,-0.2732327958546456,0.6662551949074951,-0.7266803091726619,1.170829176902771,2.981810584760837,2.4306973138227232,1.8051997423171997,1.3124122619628906,1.170829176902771,0.00804018155618319,-0.4763454858694197,11.819150351966025
1776514769.355503,0.6319927906009715,-0.2732327958546456,0.6686493897087207,-0.7027050606311418,1.1625890731811523,3.027067266273675,2.5267092283146475,1.7867311239242554,1.3193933963775635,1.1625890731811523,0.00804018155618319,-0.4763454858694197,11.819150351966025
1776514769.400502,0.6350505931399474,-0.38590383742433676,0.6686493897087207,-0.7354022828386716,1.1625890731811523,3.027067266273675,2.5267092283146475,1.7867311239242554,1.3193933963775635,1.1625890731811523,0.013537223307998558,-0.46989167241389856,11.8069365077548
1776514769.4506314,0.6411630376442656,-0.48906245945766036,0.671841711997724,-0.6749208622160738,1.1625890731811523,3.027067266273675,2.5267092283146475,1.7867311239242554,1.3193933963775635,1.1625890731811523,0.021173786520094662,-0.460807635403568,11.794679069380015
1776514769.498336,0.644151779981997,-0.5112810014394741,0.6763096562900648,-0.6365587312530199,1.1505845785140991,3.0830008840252137,2.680479454336384,1.7839651107788086,1.3307642936706543,1.1505845785140991,0.029258012804346978,-0.4510437591134484,11.782341834195746
1776514769.5509481,0.644151779981997,-0.5112810014394741,0.6810807666749299,-0.607611427492199,1.1505845785140991,3.0830008840252137,2.680479454336384,1.7839651107788086,1.3307642936706543,1.1505845785140991,0.029258012804346978,-0.4510437591134484,11.782341834195746
1776514769.6002605,0.6568917744337462,-0.5969379478634473,0.6862228055185136,-0.5783092636709273,1.1505845785140991,3.0830008840252137,2.680479454336384,1.7839651107788086,1.3307642936706543,1.1505845785140991,0.04468262547162177,-0.42894033966777045,11.765960555208435
1776514769.6480882,0.6568917744337462,-0.5969379478634473,0.691156726511873,-0.5411161223757752,1.153317928314209,3.141321486063736,2.8396119897531085,1.7689710855484009,1.3639278411865234,1.153317928314209,0.04468262547162177,-0.42894033966777045,11.765960555208435
1776514769.6986806,0.6565534468634885,-0.6110433043638669,0.6867466284780556,-0.693348148683939,1.153317928314209,3.141321486063736,2.8396119897531085,1.7689710855484009,1.3639278411865234,1.153317928314209,0.01378925424425112,-0.4168866556839135,11.75351958242484
1776514769.7485163,0.6613025686149087,-0.5971687304302027,0.6867466284780556,-0.6379673194018518,1.153317928314209,3.141321486063736,2.8396119897531085,1.7689710855484009,1.3639278411865234,1.153317928314209,0.02419336586039278,-0.4049850644601546,11.741072342441484
1776514769.7965033,0.6685193070513323,-0.5928600835355732,0.6985601557532589,-0.37801104372795125,1.1400715112686157,3.1869987861410984,2.961231513002141,1.780238389968872,1.3807947635650635,1.1400715112686157,0.034342476541927514,-0.39319338691181027,11.728604037254334
1776514769.8488758,0.6816031143294684,-0.5430182460629327,0.6985601557532589,-0.5718025226473552,1.1400715112686157,3.1869987861410984,2.961231513002141,1.780238389968872,1.3807947635650635,1.1400715112686157,0.04368059050322154,-0.3821679392560865,11.715883495835335
1776514769.8970625,0.693522170233708,-0.4849099412570348,0.7040004858151077,-0.48534033501886026,1.1400715112686157,3.1869987861410984,2.961231513002141,1.780238389968872,1.3807947635650635,1.1400715112686157,0.05195041336154149,-0.3722362779081997,11.702966091357334
1776514769.9532943,0.7024635725947771,-0.4180523138863758,0.7088653463528125,-0.43155880291312354,1.1436840295791626,3.2394117492972208,3.084601792187368,1.7710959911346436,1.405958652496338,1.1436840295791626,0.05891984561509184,-0.3637166593993142,11.689929151053295
1776514769.998976,0.7141749700019894,-0.32974296628122735,0.7130071364631951,-0.44278333925481245,1.1436840295791626,3.2394117492972208,3.084601792187368,1.7710959911346436,1.405958652496338,1.1436840295791626,0.0296106261745549,-0.35671839866336286,11.676754236213528
1776514770.0842364,0.7141749700019894,-0.32974296628122735,0.7075807261702463,-0.599890722110451,1.1436840295791626,3.2394117492972208,3.084601792187368,1.7710959911346436,1.405958652496338,1.1436840295791626,0.0296106261745549,-0.35671839866336286,11.676754236213528
1776514770.1413417,0.7141749700019894,-0.32974296628122735,0.7075807261702463,-0.599890722110451,1.1436840295791626,3.2394117492972208,3.084601792187368,1.7710959911346436,1.405958652496338,1.1436840295791626,0.0296106261745549,-0.35671839866336286,11.676754236213528
1776514770.1503365,0.7141749700019894,-0.32974296628122735,0.7075807261702463,-0.5243222714273403,1.1436840295791626,3.2394117492972208,3.084601792187368,1.7710959911346436,1.405958652496338,1.1436840295791626,0.0296106261745549,-0.35671839866336286,11.676754236213528
1776514770.196686,0.7141749700019894,-0.32974296628122735,0.7075807261702463,-0.5251315870082675,1.1436840295791626,3.2394117492972208,3.084601792187368,1.7710959911346436,1.405958652496338,1.1436840295791626,0.0296106261745549,-0.35671839866336286,11.676754236213528
1776514770.2489884,0.7077969008053024,-0.42463575328733455,0.7075807261702463,-0.5255507634309589,1.1288946866989136,3.2898855318524682,3.1950292309765485,1.75819730758667,1.413923978805542,1.1288946866989136,0.03596192376792787,-0.3494715086995268,11.66363627821429
1776514770.3004878,0.7018707470566727,-0.5062787702704269,0.7112103823536504,-0.4540252431305556,1.1288946866989136,3.2898855318524682,3.1950292309765485,1.75819730758667,1.413923978805542,1.1288946866989136,0.04392458877956551,-0.3401553189939032,11.650661561443412
1776514770.3464987,0.6981020309720777,-0.5775701385825232,0.7158255070541577,-0.4258484157426164,1.1288946866989136,3.2898855318524682,3.1950292309765485,1.75819730758667,1.413923978805542,1.1288946866989136,0.05292938399342481,-0.32957016207756695,11.637850776394956
1776514770.3975012,0.6984502428188029,-0.6005841601993888,0.7210585593846244,-0.37825286726803037,1.1202698945999146,3.303208121759378,3.228462731278373,1.7610117197036743,1.444244146347046,1.1202698945999146,0.06265089443230822,-0.317979539052752,11.625146110863456
1776514770.446671,0.7017873158768584,-0.5607724970835891,0.7267537544621712,-0.34239823787593193,1.1202698945999146,3.303208121759378,3.228462731278373,1.7610117197036743,1.444244146347046,1.1202698945999146,0.07201670192529543,-0.30662457125884246,11.612507888739911
1776514770.4966338,0.7017873158768584,-0.5607724970835891,0.7322933289326986,-0.3183656385427185,1.1202698945999146,3.303208121759378,3.228462731278373,1.7610117197036743,1.444244146347046,1.1202698945999146,0.07201670192529543,-0.30662457125884246,11.612507888739911
1776514770.546685,0.7054349320500696,-0.5577740906752735,0.7322933289326986,-0.3875716645392773,1.1130810976028442,3.3050017455018965,3.2337241059108637,1.761240839958191,1.4518988132476807,1.1130810976028442,0.08086324860433255,-0.29569237740604615,11.59983484754654
1776514770.5965745,0.7102628199328479,-0.5396020527104749,0.7375836729745989,-0.29629157040242743,1.1130810976028442,3.3050017455018965,3.2337241059108637,1.761240839958191,1.4518988132476807,1.1130810976028442,0.06128066203265599,-0.28495811176160435,11.587164336504237
1776514770.6466,0.7102628199328479,-0.5396020527104749,0.7356544555389801,-0.3966807867991428,1.1130810976028442,3.3050017455018965,3.2337241059108637,1.761240839958191,1.4518988132476807,1.1130810976028442,0.06128066203265599,-0.28495811176160435,11.587164336504237
1776514770.698618,0.7410912192067718,-0.4514873138286061,0.7356544555389801,-0.36975604087988584,1.1130810976028442,3.3050017455018965,3.2337241059108637,1.761240839958191,1.4518988132476807,1.1130810976028442,0.07008321795695678,-0.2749292081499337,11.57436907498493
1776514770.7484953,0.7517204104082539,-0.38577007523718365,0.7406807926431718,-0.2762548587503,1.0958490371704102,3.3028846379235097,3.2406702524236777,1.7640844583511353,1.4973008632659912,1.0958490371704102,0.0767613688203895,-0.2671504419224898,11.5610199676204
1776514770.8068974,0.7517204104082539,-0.38577007523718365,0.744541741204441,-0.26745816483549206,1.0958490371704102,3.3028846379235097,3.2406702524236777,1.7640844583511353,1.4973008632659912,1.0958490371704102,0.0767613688203895,-0.2671504419224898,11.5610199676204
1776514770.8485873,0.7629672972559025,-0.3921230274297616,0.744541741204441,-0.3201992718276065,1.0958490371704102,3.3028846379235097,3.2406702524236777,1.7640844583511353,1.4973008632659912,1.0958490371704102,0.08273848032230444,-0.26007333905504343,11.547683826777881
1776514770.8964708,0.7727309804737128,-0.3818567045838531,0.7480295621058086,-0.25385542292942104,1.080405354499817,3.298617779381511,3.2396778835385773,1.7623498439788818,1.5264630317687988,1.080405354499817,0.08854940812166212,-0.25303958060239246,11.534115048313211
1776514770.9477403,0.7382552047049428,-0.3631652908123518,0.751463368277989,-0.23518903676400005,1.080405354499817,3.298617779381511,3.2396778835385773,1.7623498439788818,1.5264630317687988,1.080405354499817,0.09460811232359914,-0.24559648681462729,11.520876861249874
1776514770.997643,0.7154318810007925,-0.37412203972395736,0.7550742279974514,-0.2197221799777511,1.080405354499817,3.298617779381511,3.2396778835385773,1.7623498439788818,1.5264630317687988,1.080405354499817,0.07616457103832455,-0.2390362651921426,11.508366984038497
1776514771.049276,0.7220446069792383,-0.40290848268104557,0.7522633176478579,-0.3168839580622647,1.0782172679901123,3.2891980366614217,3.2344055565017804,1.7568732500076294,1.6021711826324463,1.0782172679901123,0.08293503456352974,-0.23133813847730414,11.495902006498733
1776514771.1000724,0.7220446069792383,-0.40290848268104557,0.7561249499363645,-0.20919629054581929,1.0782172679901123,3.2891980366614217,3.2344055565017804,1.7568732500076294,1.6021711826324463,1.0782172679901123,0.08293503456352974,-0.23133813847730414,11.495902006498733
1776514771.1478662,0.7201430581008034,-0.3894669864186903,0.759923794081038,-0.18255313226703312,1.0782172679901123,3.2891980366614217,3.2344055565017804,1.7568732500076294,1.6021711826324463,1.0782172679901123,0.08953109329029937,-0.22370729081470503,11.483492865176386
1776514771.1968396,0.7224760145214786,-0.3861901797240871,0.759923794081038,-0.23454734879692332,1.0574651956558228,3.278544324730195,3.2432789300256855,1.7692506313323975,1.5955533981323242,1.0574651956558228,0.095940286847858,-0.21615903141858686,11.471115357161356
1776514771.2467482,0.7269332741927091,-0.4120287533194438,0.763652423488456,-0.16386206342610554,1.0574651956558228,3.278544324730195,3.2432789300256855,1.7692506313323975,1.5955533981323242,1.0574651956558228,0.10255086966848787,-0.20823132138155986,11.458716850075044
1776514771.3046925,0.7199786354869422,-0.3869837643281987,0.7675380491696222,-0.14198455418295908,1.0574651956558228,3.278544324730195,3.2432789300256855,1.7692506313323975,1.5955533981323242,1.0574651956558228,0.108863395681912,-0.20052503795748886,11.446476661175412
1776514771.349636,0.7334384996142564,-0.3975150422120745,0.771286565083745,-0.12360288147585051,1.0404481887817383,3.2302586725748434,3.203430899062772,1.7676706314086914,1.59493088722229,1.0404481887817383,0.11525422485440298,-0.19257105813845854,11.434219201147501
1776514771.396629,0.7928505192004344,-0.2175575716984869,0.7751241683845412,-0.09825431082019384,1.0404481887817383,3.2302586725748434,3.203430899062772,1.7676706314086914,1.59493088722229,1.0404481887817383,0.10101115714137895,-0.18706878490006035,11.421261656459034
1776514771.4463785,0.7981323596768497,-0.23284210297066324,0.7730755518276107,-0.1873780754166698,1.0314682722091675,3.1702182831089325,3.107241637935591,1.7802221775054932,1.5806849002838135,1.0314682722091675,0.1046176532696687,-0.1829092057273485,11.407946052459929
1776514771.4992564,0.7981323596768497,-0.23284210297066324,0.775149071020299,-0.1220543257723502,1.0314682722091675,3.1702182831089325,3.107241637935591,1.7802221775054932,1.5806849002838135,1.0314682722091675,0.1046176532696687,-0.1829092057273485,11.407946052459929
1776514771.5506477,0.7666088044745463,-0.24984864114744915,0.7776102988064679,-0.10359038042243805,1.0314682722091675,3.1702182831089325,3.107241637935591,1.7802221775054932,1.5806849002838135,1.0314682722091675,0.10884949300422589,-0.1779277622521323,11.394841223761725
1776514771.5967011,0.7503439354179281,-0.19684741193953906,0.779530004891093,-0.10025932342476375,1.0314682722091675,3.1702182831089325,3.107241637935591,1.7802221775054932,1.5806849002838135,1.0314682722091675,0.11212448182452281,-0.17401915903102408,11.382347903118834
1776514771.6472263,0.7516621682003153,-0.34712280531049367,0.779530004891093,-0.12419897590938901,1.0238621234893799,3.1103943209202614,3.0061956790263387,1.775563359260559,1.5682106018066406,1.0238621234893799,0.11635011274400925,-0.16883848836457055,11.369868543586634
1776514771.700454,0.7491728874357386,-0.4249785428897589,0.7820454516694106,-0.08434234805695763,1.0238621234893799,3.1103943209202614,3.0061956790263387,1.775563359260559,1.5682106018066406,1.0238621234893799,0.12234790528826263,-0.16138313096300302,11.357475083564532
1776514771.7472754,0.7422514009427106,-0.5198013959090804,0.7856443954630015,-0.03124057269241489,1.0238621234893799,3.1103943209202614,3.0061956790263387,1.775563359260559,1.5682106018066406,1.0238621234893799,0.11438832132547828,-0.15224572309099543,11.345239395361435
1776514771.7963936,0.7457363459989502,-0.530682869246058,0.7861970545085418,-0.07908967046606596,1.0140525102615356,2.999000415330017,2.780462189434044,1.7734792232513428,1.5658646821975708,1.0140525102615356,0.12356880683364868,-0.14172811648791234,11.333150764030977
1776514771.8487618,0.7457363459989502,-0.530682869246058,0.7914554667054641,0.0055741295435384475,1.0140525102615356,2.999000415330017,2.780462189434044,1.7734792232513428,1.5658646821975708,1.0140525102615356,0.12356880683364868,-0.14172811648791234,11.333150764030977
1776514771.8973963,0.7966265301149621,-0.3265730635396391,0.7958665100960784,0.029513456098150807,1.0140525102615356,2.999000415330017,2.780462189434044,1.7734792232513428,1.5658646821975708,1.0140525102615356,0.13121027264968207,-0.132851709327291,11.320832564108487
1776514771.9474878,0.8205857498430702,-0.20516967541688763,0.7980495934100618,0.010336881375848397,1.0028438568115234,2.9383200439008488,2.6396138119704355,1.7731451988220215,1.542425274848938,1.0028438568115234,0.13493250086250086,-0.12840498859745897,11.307664907812608
1776514771.9965782,0.8194075040454065,-0.14950139017139535,0.7995975851498853,0.009219464663708264,1.0028438568115234,2.9383200439008488,2.6396138119704355,1.7731451988220215,1.542425274848938,1.0028438568115234,0.1375472524176434,-0.12522972306914606,11.294522891316516
1776514772.0480044,0.8197893948685209,-0.17061885097172658,0.7995975851498853,-0.009978911838453388,1.0028438568115234,2.9383200439008488,2.6396138119704355,1.7731451988220215,1.542425274848938,1.0028438568115234,0.13979694974111995,-0.12242695331188877,11.281450106929613
1776514772.0962944,0.822368986350012,-0.19593584296431518,0.7990507155925667,0.013020711242861801,0.9871082901954651,2.8871282499548907,2.5347530155125075,1.778187870979309,1.546118140220642,0.9871082901954651,0.13060378378693582,-0.11901914080212776,11.268370852580558
1776514772.146451,0.8107275941877937,-0.2610332584889492,0.7995867940897121,-0.03136087695681765,0.9871082901954651,2.8871282499548907,2.5347530155125075,1.778187870979309,1.546118140220642,0.9871082901954651,0.1342201953595199,-0.11485538519337897,11.255412659892741
1776514772.2044628,0.7849963746697385,-0.3153514608056493,0.7983360186235471,0.02850701450643147,0.9871082901954651,2.8871282499548907,2.5347530155125075,1.778187870979309,1.546118140220642,0.9871082901954651,0.13886030295916324,-0.10941595156187395,11.242828946537468
1776514772.2493875,0.7610030099713084,-0.3462672692972097,0.7956436700916156,0.03671103667941651,0.9884883165359497,2.8288304617733564,2.398067660733773,1.7774930000305176,1.5234099626541138,0.9884883165359497,0.14405916976804423,-0.10321121330002349,11.230742057366216
1776514772.29961,0.7559141189807799,-0.3813922983611728,0.7925962289424595,0.21362866458051405,0.9884883165359497,2.8288304617733564,2.398067660733773,1.7774930000305176,1.5234099626541138,0.9884883165359497,0.1499028713552541,-0.09609414576669477,11.218910408102383
1776514772.3466284,0.7739855584616807,-0.23361795360412635,0.7891308372331505,0.09886156979483894,0.9682047367095947,2.7683711365678594,2.2757514256446463,1.7513395547866821,1.5198882818222046,0.9682047367095947,0.15478644694602595,-0.09006146350907383,11.207147891613776
1776514772.396658,0.8117838243350165,-0.0910170358342364,0.7862110251521421,0.10899694258408862,0.9682047367095947,2.7683711365678594,2.2757514256446463,1.7513395547866821,1.5198882818222046,0.9682047367095947,0.14791505884728268,-0.08767164454258247,11.194784178963118
1776514772.4464061,0.8023674864865332,-0.052949782419981904,0.787273465642408,0.053434910058712315,0.9515804648399353,2.735252277262226,2.2317516602142526,1.756946325302124,1.5174492597579956,0.9515804648399353,0.14914232790333484,-0.08626142820117402,11.182351200631341
1776514772.4965074,0.7924047962946013,-0.008822585970998564,0.7865693332646884,0.08012683838869875,0.9515804648399353,2.735252277262226,2.2317516602142526,1.756946325302124,1.5174492597579956,0.9515804648399353,0.14952529872507747,-0.08581514175497294,11.170115519524666
1776514772.5484993,0.7924047962946013,-0.008822585970998564,0.786347864412673,0.07364135022103284,0.9515804648399353,2.735252277262226,2.2317516602142526,1.756946325302124,1.5174492597579956,0.9515804648399353,0.14952529872507747,-0.08581514175497294,11.170115519524666
1776514772.5965989,0.7946706019056344,-0.02631989145618305,0.786347396270622,0.07098507098310537,0.9573023915290833,2.71279282480561,2.210984689557379,1.7497739791870117,1.5089346170425415,0.9573023915290833,0.14952277239555745,-0.08581119612250868,11.157899750391362
1776514772.647893,0.7742747899083242,0.01372795083127793,0.7862140310383285,0.07358143411805708,0.9573023915290833,2.71279282480561,2.210984689557379,1.7497739791870117,1.5089346170425415,0.9573023915290833,0.14942225904316708,-0.08592803363059338,11.133880474493786
1776514772.6966288,0.7742747899083242,0.01372795083127793,0.7864054401376881,0.06836734669756488,0.9573023915290833,2.71279282480561,2.210984689557379,1.7497739791870117,1.5089346170425415,0.9573023915290833,0.14942225904316708,-0.08592803363059338,11.133880474493786
1776514772.7485673,0.7707821548989052,-0.07436308329644961,0.7864054401376881,0.07093757716113261,0.9586296081542969,2.6942485997679055,2.1950700037407462,1.7731133699417114,1.4916419982910156,0.9586296081542969,0.14974753860163623,-0.08550955092568774,11.122018095948603
1776514772.7964997,0.7698812734548847,-0.0855619815473938,0.7862062945315803,0.07461770964667372,0.9586296081542969,2.6942485997679055,2.1950700037407462,1.7731133699417114,1.4916419982910156,0.9586296081542969,0.14247090991808586,-0.084071953539064,11.110227274110558
1776514772.8464284,0.7767412692638864,-0.03523261168659176,0.7876374776915803,0.04598983447851937,0.9586296081542969,2.6942485997679055,2.1950700037407462,1.7731133699417114,1.4916419982910156,0.9586296081542969,0.14332248124797742,-0.08308664243739113,11.098409774673621
1776514772.8966916,0.7767412692638864,-0.03523261168659176,0.7871469946079792,0.07358249253331203,0.9496327042579651,2.673632959157201,2.177578383650801,1.750577688217163,1.4880727529525757,0.9496327042579651,0.14332248124797742,-0.08308664243739113,11.098409774673621
1776514772.94851,0.7869725267370532,0.024836651938944056,0.787250024349469,0.06514096021912169,0.9496327042579651,2.673632959157201,2.177578383650801,1.750577688217163,1.4880727529525757,0.9496327042579651,0.14314711962668314,-0.08329678034068966,11.086428161471956
1776514772.9964824,0.7867333849563571,0.043940667043558396,0.787250024349469,0.06657704046743897,0.9496327042579651,2.673632959157201,2.177578383650801,1.750577688217163,1.4880727529525757,0.9496327042579651,0.1423034561817242,-0.08430772148307981,11.074419455333375
1776514773.0465088,0.7867333849563571,0.043940667043558396,0.7877456910574678,0.057817459694674195,0.9496327042579651,2.673632959157201,2.177578383650801,1.750577688217163,1.4880727529525757,0.9496327042579651,0.1423034561817242,-0.08430772148307981,11.074419455333375
1776514773.0966365,0.7873201289516268,0.030961164604674615,0.7882123517059068,0.054677404590542385,0.9630952477455139,2.656640527151339,2.1621456433238064,1.7375953197479248,1.4786165952682495,0.9630952477455139,0.14151859233340347,-0.08526798919258716,11.062411923274935
1776514773.146684,0.7928775350995175,-0.006557751501526807,0.788566562107584,0.05474650304322093,0.9630952477455139,2.656640527151339,2.1621456433238064,1.7375953197479248,1.4786165952682495,0.9630952477455139,0.13196733668598473,-0.08641838871692319,11.038321532982055
1776514773.1964693,0.7860793059806853,-0.02538138208792239,0.7909413799958704,0.015919841100773383,0.9611670970916748,2.643046031937789,2.1556174853943557,1.7444490194320679,1.4628523588180542,0.9611670970916748,0.13211357575421323,-0.0862461985845522,11.02623647361064
1776514773.24931,0.7793168524064177,-0.06496629980401727,0.7908563145136129,0.04749066338115874,0.9611670970916748,2.643046031937789,2.1556174853943557,1.7444490194320679,1.4628523588180542,0.9611670970916748,0.13254941275613408,-0.08572532289377052,11.014329266488092
1776514773.296574,0.7690375232619385,-0.16865892103297483,0.79060063839571,0.05109564791657912,0.9637668132781982,2.623850559769241,2.141580285079063,1.7359939813613892,1.4480750560760498,0.9637668132781982,0.13427363118755595,-0.08364898175381744,11.00254546454599
1776514773.3463943,0.7645081439072563,-0.23004469679987877,0.7895847598318048,0.0671024965898296,0.9637668132781982,2.623850559769241,2.141580285079063,1.7359939813613892,1.4480750560760498,0.9637668132781982,0.1373791536656937,-0.07985807899107228,10.9909403988935
1776514773.3965597,0.7672478250860081,-0.16851559244003983,0.7877407153937455,0.08742610126084979,0.9637668132781982,2.623850559769241,2.141580285079063,1.7359939813613892,1.4480750560760498,0.9637668132781982,0.14042091352337055,-0.076084461540664,10.979403726458754
1776514773.4465175,0.7672478250860081,-0.16851559244003983,0.7859175790234966,0.09676323711171006,0.9599388241767883,2.593102773949573,2.1053143147091613,1.7258543968200684,1.4435179233551025,0.9599388241767883,0.14042091352337055,-0.076084461540664,10.979403726458754
1776514773.4988856,0.7961944364709341,-0.012079282985144818,0.7870639236187795,0.05206784060325719,0.9599388241767883,2.593102773949573,2.1053143147091613,1.7258543968200684,1.4435179233551025,0.9599388241767883,0.13418445322846587,-0.07456573511554584,10.967686073034832
1776514773.5485404,0.791421235151372,0.013246487711023684,0.7870639236187795,0.06853589447064617,0.9599388241767883,2.593102773949573,2.1053143147091613,1.7258543968200684,1.4435179233551025,0.9599388241767883,0.13409473943077532,-0.07465527977058707,10.955738660026848
1776514773.5966835,0.7876130495660376,0.021119752588392153,0.7871116039992091,0.0677441222768665,0.971753716468811,2.5768781065610025,2.0924118733571007,1.6966052055358887,1.4383678436279297,0.971753716468811,0.13360864960198168,-0.07522044884152118,10.943907071106826
1776514773.6465998,0.7888425125146153,0.022404932565050665,0.7873923459759267,0.0632418121411354,0.971753716468811,2.5768781065610025,2.0924118733571007,1.6966052055358887,1.4383678436279297,0.971753716468811,0.13300800846785954,-0.07593180101143697,10.932074208467014
1776514773.6966054,0.7931054884681884,-0.00425219009598044,0.7877428861493018,0.06052373806480387,0.9716184139251709,2.5643125619191354,2.0861396171246644,1.7075730562210083,1.4274758100509644,0.9716184139251709,0.1326456248325295,-0.07636588785449401,10.920213773940956
1776514773.750516,0.7846144515766813,-0.022971288884893526,0.7879557511414609,0.06097811889150193,0.9716184139251709,2.5643125619191354,2.0861396171246644,1.7075730562210083,1.4274758100509644,0.9716184139251709,0.13278630417937604,-0.07618820549109737,10.90833967107572
1776514773.7976832,0.7739132427042796,-0.0698432547542086,0.7878705488843045,0.06540546188942196,0.9716184139251709,2.5643125619191354,2.0861396171246644,1.7075730562210083,1.4274758100509644,0.9716184139251709,0.12560059236660664,-0.07570855011357845,10.896712525396106
1776514773.8490183,0.7663944352525928,-0.13238182340997776,0.7895470447554171,0.03165768234544092,0.9824329614639282,2.543016632269313,2.062136995267668,1.682475209236145,1.4245460033416748,0.9824329614639282,0.12710137441741787,-0.07399917122954154,10.885196495958958
1776514773.8974805,0.7822078394657656,-0.06344985318144734,0.7886902215910824,0.06956696350419714,0.9824329614639282,2.543016632269313,2.062136995267668,1.682475209236145,1.4245460033416748,0.9824329614639282,0.12913876015376696,-0.07164307830315217,10.873782764602462
1776514773.9485066,0.7822078394657656,-0.06344985318144734,0.7866700024473327,0.0981836456234087,0.9933881163597107,2.5227310226870068,2.0427565175947144,1.6934456825256348,1.4171786308288574,0.9933881163597107,0.13059528887257005,-0.06992862586864396,10.862235710223558
1776514774.0004985,0.7921584226567222,0.013134715680798822,0.7866700024473327,0.07157936938757438,0.9933881163597107,2.5227310226870068,2.0427565175947144,1.6934456825256348,1.4171786308288574,0.9933881163597107,0.13053441601488142,-0.07000098850331693,10.850503347678194
1776514774.047533,0.7871990228000337,0.03548282195246732,0.7867056039451787,0.07100987572593778,0.9933881163597107,2.5227310226870068,2.0427565175947144,1.6934456825256348,1.4171786308288574,0.9933881163597107,0.12996765814259081,-0.07069561509915119,10.838806147486707
1776514774.100433,0.7872889537175226,0.03748269445428726,0.7870429223758295,0.06506625095137115,0.9959362745285034,2.5123898646657277,2.0390116111755243,1.6797860860824585,1.4041255712509155,0.9959362745285034,0.12915738327796644,-0.07170346199530311,10.82713652872222
1776514774.1474884,0.7891644535814363,0.01399714125135817,0.7875293087726374,0.06082108509864662,0.9959362745285034,2.5123898646657277,2.0390116111755243,1.6797860860824585,1.4041255712509155,0.9959362745285034,0.12134820555213889,-0.07243091993641744,10.815449157200321
1776514774.1967652,0.7935179334617418,-0.01496883972744794,0.789700909783058,0.02916298730226782,1.0029774904251099,2.500251606258389,2.0321816004645012,1.6679563522338867,1.385056972503662,1.0029774904251099,0.1210934224822384,-0.0727189553363942,10.80371382599176
1776514774.246505,0.7865281049232277,-0.04339314578842006,0.7898457650286663,0.05172301286032781,1.0029774904251099,2.500251606258389,2.0321816004645012,1.6679563522338867,1.385056972503662,1.0029774904251099,0.12143786432633207,-0.07231064091336797,10.791959310931148
1776514774.2980714,0.7722717304574476,-0.0727132174942533,0.7896446376455074,0.05747435160201578,1.0029774904251099,2.500251606258389,2.0321816004645012,1.6679563522338867,1.385056972503662,1.0029774904251099,0.12214793724729374,-0.07145493824190338,10.780488950591193
1776514774.3465023,0.7722717304574476,-0.0727132174942533,0.789226102521415,0.06318189930237224,1.0029774904251099,2.500251606258389,2.0321816004645012,1.6679563522338867,1.385056972503662,1.0029774904251099,0.12214793724729374,-0.07145493824190338,10.780488950591193
1776514774.396617,0.771450766725506,-0.09673839238095347,0.789226102521415,0.05761902669053404,1.002480149269104,2.4860638076789283,2.0240267480616856,1.652308702468872,1.3887779712677002,1.002480149269104,0.12342918334404347,-0.06989569447464178,10.769085137808984
1776514774.4465997,0.771450766725506,-0.09673839238095347,0.7884666402502007,0.07168703725482475,1.002480149269104,2.4860638076789283,2.0240267480616856,1.652308702468872,1.3887779712677002,1.002480149269104,0.12342918334404347,-0.06989569447464178,10.769085137808984
1776514774.496542,0.7693068155230512,-0.11091741392505045,0.7875449320872887,0.0795261759553043,1.002480149269104,2.4860638076789283,2.0240267480616856,1.652308702468872,1.3887779712677002,1.002480149269104,0.1249672045762323,-0.06798809871606887,10.757738946851639
1776514774.5465338,0.7666022656299252,-0.1144244125123308,0.7875449320872887,0.06748502293231658,1.002480149269104,2.4860638076789283,2.0240267480616856,1.652308702468872,1.3887779712677002,1.002480149269104,0.11996608014700369,-0.09207609666808447,10.746460196508796
1776514774.6415277,0.7666022656299252,-0.1144244125123308,0.7955498548700187,-0.07764763321437501,1.002480149269104,2.4860638076789283,2.0240267480616856,1.652308702468872,1.3887779712677002,1.002480149269104,0.11996608014700369,-0.09207609666808447,10.746460196508796
1776514774.646455,0.7666022656299252,-0.1144244125123308,0.7955498548700187,0.021815754675538066,1.0212690830230713,2.467484090308367,2.006488854469564,1.64699125289917,1.3699109554290771,1.0212690830230713,0.11996608014700369,-0.09207609666808447,10.746460196508796
1776514774.6976357,0.7647858813673823,-0.12419474299697682,0.7955498548700187,0.02183808410009739,1.0212690830230713,2.467484090308367,2.006488854469564,1.64699125289917,1.3699109554290771,1.0212690830230713,0.12189382495528174,-0.08987127639617358,10.735240865335674
1776514774.7465703,0.7647858813673823,-0.12419474299697682,0.7944467135021976,0.03946081320159554,1.0212690830230713,2.467484090308367,2.006488854469564,1.64699125289917,1.3699109554290771,1.0212690830230713,0.12189382495528174,-0.08987127639617358,10.735240865335674
1776514774.7965932,0.7766908396847493,-0.08978427983535547,0.7933013828044717,0.05416385291364792,1.0212690830230713,2.467484090308367,2.006488854469564,1.64699125289917,1.3699109554290771,1.0212690830230713,0.12387923003085166,-0.08756767418659364,10.724023151312878
1776514774.848365,0.8020761286808976,-0.02432150956586147,0.7930458914463805,0.03949187784830567,1.0352805852890015,2.4506226060128014,1.9920351396759235,1.64847731590271,1.368614912033081,1.0352805852890015,0.12431780824000564,-0.08704992543879234,10.712415329433796
1776514774.8971617,0.7967134427704082,0.016338870236064236,0.7930458914463805,0.036332977768056454,1.0352805852890015,2.4506226060128014,1.9920351396759235,1.64847731590271,1.368614912033081,1.0352805852890015,0.12427748550807999,-0.08709847373387056,10.700806572494129
1776514774.9464755,0.7970867767621818,-0.018317966127426383,0.7930696462974476,0.03594780168728215,1.0391005277633667,2.4372279019845404,1.9813059746871124,1.6262847185134888,1.3549137115478516,1.0391005277633667,0.12414206972836869,-0.0872578608567124,10.68923754531106
1776514774.998768,0.7879760188088207,-0.041031458992113204,0.7931483994683306,0.03482041534570736,1.0391005277633667,2.4372279019845404,1.9813059746871124,1.6262847185134888,1.3549137115478516,1.0391005277633667,0.11580615508394033,-0.2207054174528333,10.67767393289856
1776514775.0476625,0.7751547787610362,-0.07213356781979735,0.7673856341943597,-0.7189815142684319,1.0391005277633667,2.4372279019845404,1.9813059746871124,1.6262847185134888,1.3549137115478516,1.0391005277633667,0.11662951915533831,-0.21977101402722007,10.66638164970766
1776514775.0966406,0.7715967752538053,-0.14361607880804883,0.7678547548995236,-0.1816282160779635,1.0499922037124634,2.423852123781887,1.9725746973954463,1.625481367111206,1.3502064943313599,1.0499922037124634,0.11843999728384932,-0.2176751776461342,10.655185678585463
1776514775.151745,0.7715967752538053,-0.14361607880804883,0.7688978295746125,-0.16941074309454215,1.0499922037124634,2.423852123781887,1.9725746973954463,1.625481367111206,1.3502064943313599,1.0499922037124634,0.11843999728384932,-0.2176751776461342,10.655185678585463
1776514775.19968,0.7858240986459676,-0.19002036559729624,0.7706507494634667,-0.1461257458461707,1.0499922037124634,2.423852123781887,1.9725746973954463,1.625481367111206,1.3502064943313599,1.0499922037124634,0.12144891792703001,-0.2141227780505179,10.64393720404514
1776514775.2466173,0.7689781201442986,-0.15733242624824886,0.7706507494634667,-0.17211983903269465,1.0499922037124634,2.423852123781887,1.9725746973954463,1.625481367111206,1.3502064943313599,1.0499922037124634,0.12386686456411733,-0.21121489337583188,10.632858368677825
1776514775.3004992,0.7666787617562678,-0.14486387295925376,0.7720742797249247,-0.14505774262492346,1.060786247253418,2.409561783599148,1.9613200047552837,1.6288245916366577,1.3507192134857178,1.060786247253418,0.12617720294101006,-0.20838194230630003,10.621896840755882
1776514775.3474936,0.7666787617562678,-0.14486387295925376,0.7734497112953705,-0.13883043958618466,1.060786247253418,2.409561783599148,1.9613200047552837,1.6288245916366577,1.3507192134857178,1.060786247253418,0.12617720294101006,-0.20838194230630003,10.621896840755882
1776514775.4026604,0.7749633891969471,-0.135424406691314,0.7734497112953705,-0.1566961860788015,1.060786247253418,2.409561783599148,1.9613200047552837,1.6288245916366577,1.3507192134857178,1.060786247253418,0.12820286613788548,-0.20585230323374143,10.610896011039666
1776514775.4475226,0.7757157599168021,-0.1271882271882076,0.7746684773612995,-0.13581772259241426,1.0564805269241333,2.39662266968578,1.9569367137323816,1.616874098777771,1.3435454368591309,1.0564805269241333,0.11003876834931041,-0.20327442444417357,10.599877382906858
1776514775.4972532,0.776925528542686,-0.11448429557385295,0.7708129307796576,-0.21734555273382888,1.0564805269241333,2.39662266968578,1.9569367137323816,1.616874098777771,1.3435454368591309,1.0564805269241333,0.11193650446549064,-0.20108375674711873,10.588884607086653
1776514775.5467393,0.774821961744058,-0.21699180011243197,0.7719045472361105,-0.15103030983603838,1.0564805269241333,2.39662266968578,1.9569367137323816,1.616874098777771,1.3435454368591309,1.0564805269241333,0.11475907248252959,-0.19774769693016886,10.577975972524262
1776514775.5965922,0.774821961744058,-0.21699180011243197,0.7735499311251502,-0.13329693297942366,1.0632020235061646,2.384324365253254,1.9501096710581431,1.6233842372894287,1.3284577131271362,1.0632020235061646,0.11475907248252959,-0.19774769693016886,10.577975972524262
1776514775.6491756,0.7704184847986452,-0.16485723213221812,0.7735499311251502,-0.157110104091122,1.0632020235061646,2.384324365253254,1.9501096710581431,1.6233842372894287,1.3284577131271362,1.0632020235061646,0.11772506006689329,-0.19420207630460426,10.56703866742387
1776514775.7739623,0.758647784169795,-0.15985964128886673,0.775290133771568,-0.12441240164124501,1.0632020235061646,2.384324365253254,1.9501096710581431,1.6233842372894287,1.3284577131271362,1.0632020235061646,0.12001899803023722,-0.19140727910064467,10.556421845824593
1776514775.9089658,0.758647784169795,-0.15985964128886673,0.775290133771568,-0.12441240164124501,1.0632020235061646,2.384324365253254,1.9501096710581431,1.6233842372894287,1.3284577131271362,1.0632020235061646,0.12001899803023722,-0.19140727910064467,10.556421845824593
1776514775.9635522,0.758647784169795,-0.15985964128886673,0.775290133771568,-0.12441240164124501,1.0632020235061646,2.384324365253254,1.9501096710581431,1.6233842372894287,1.3284577131271362,1.0632020235061646,0.12001899803023722,-0.19140727910064467,10.556421845824593
1776514776.0177705,0.7635723544377343,-0.18874697085126985,0.7766507493554393,-0.14057889892767958,1.0632020235061646,2.384324365253254,1.9501096710581431,1.6233842372894287,1.3284577131271362,1.0632020235061646,0.12272386649642844,-0.18804081334800138,10.545812211913635
1776514776.0552785,0.7635723544377343,-0.18874697085126985,0.7782749866196597,-0.11207490861184397,1.0754423141479492,2.3713363095856064,1.9414681527701874,1.6154158115386963,1.3268358707427979,1.0754423141479492,0.12272386649642844,-0.18804081334800138,10.545812211913635
1776514776.0992827,0.7650475439702783,-0.20162213936065296,0.7782749866196597,-0.13158273552965868,1.0754423141479492,2.3713363095856064,1.9414681527701874,1.6154158115386963,1.3268358707427979,1.0754423141479492,0.10736155448768911,-0.18428182203260363,10.535218398461467
1776514776.14863,0.764363544029364,-0.2109154530169001,0.7754562015617688,-0.1841001223119288,1.0754423141479492,2.3713363095856064,1.9414681527701874,1.6154158115386963,1.3268358707427979,1.0754423141479492,0.11077100019577213,-0.18036209076978688,10.524675643780187
1776514776.1984866,0.764363544029364,-0.2109154530169001,0.7774129066337943,-0.11204477741412747,1.0819610357284546,2.356811580009531,1.9266433761834818,1.6362487077713013,1.3298519849777222,1.0819610357284546,0.11077100019577213,-0.18036209076978688,10.524675643780187
1776514776.2484884,0.7673080384120733,-0.20782335731336768,0.7794305561569989,-0.09913900849106165,1.0819610357284546,2.356811580009531,1.9266433761834818,1.6362487077713013,1.3298519849777222,1.0819610357284546,0.11425135641227294,-0.17628852021033564,10.514175013242761
1776514776.2977273,0.7688043028312211,-0.178589957607145,0.7811955141901424,-0.09279895228081303,1.0819610357284546,2.356811580009531,1.9266433761834818,1.6362487077713013,1.3298519849777222,1.0819610357284546,0.1172628142506105,-0.17269541071789796,10.503704891483151
1776514776.3465743,0.7705490985375976,-0.17583062028751403,0.7811955141901424,-0.1156530130798393,1.074313759803772,2.349767525917286,1.9293786710586098,1.63929283618927,1.3046596050262451,1.074313759803772,0.12001489306378738,-0.16935066466092505,10.493245266012703
1776514776.3982596,0.7705490985375976,-0.17583062028751403,0.7828255669470154,-0.08440415511629074,1.074313759803772,2.349767525917286,1.9293786710586098,1.63929283618927,1.3046596050262451,1.074313759803772,0.12001489306378738,-0.16935066466092505,10.493245266012703
1776514776.4464185,0.7724098945151946,-0.1923818159536208,0.7845014157075062,-0.07607107311224853,1.074313759803772,2.349767525917286,1.9293786710586098,1.63929283618927,1.3046596050262451,1.074313759803772,0.10948889408535323,-0.16229882802754217,10.472407352183753
1776514776.4995,0.7724098945151946,-0.1923818159536208,0.7821475294617972,-0.14162342537695388,1.074313759803772,2.349767525917286,1.9293786710586098,1.63929283618927,1.3046596050262451,1.074313759803772,0.10948889408535323,-0.16229882802754217,10.472407352183753
1776514776.5465946,0.7672110102606893,-0.19543673225569938,0.7821475294617972,-0.11069929143569442,1.0928975343704224,2.33881127801237,1.9181282578828287,1.6363199949264526,1.3124092817306519,1.0928975343704224,0.1127240599278354,-0.15860180012510147,10.46211157574829
1776514776.6015267,0.7672110102606893,-0.19543673225569938,0.7839979590667862,-0.07587929102135667,1.0928975343704224,2.33881127801237,1.9181282578828287,1.6363199949264526,1.3124092817306519,1.0928975343704224,0.1127240599278354,-0.15860180012510147,10.46211157574829
1776514776.6466668,0.7621846399317295,-0.23477989830231222,0.7860175516332176,-0.06259419649465728,1.0928975343704224,2.33881127801237,1.9181282578828287,1.6363199949264526,1.3124092817306519,1.0928975343704224,0.11621566247397216,-0.15453141182222635,10.45195987254208
1776514776.697686,0.7582635183364254,-0.25111528322452725,0.7860175516332176,-0.08889631700645773,1.088576078414917,2.3324775903121284,1.9170906852776828,1.65610671043396,1.30486261844635,1.088576078414917,0.12015268977869978,-0.1498584067648438,10.441933918372241
1776514776.7469368,0.7614767180000267,-0.25825458399433737,0.7883181239300762,-0.046267569290483035,1.088576078414917,2.3324775903121284,1.9170906852776828,1.65610671043396,1.30486261844635,1.088576078414917,0.12426742911161912,-0.14488111041230167,10.431960018799037
1776514776.796624,0.7609505363739764,-0.2468666142923888,0.7907486812206836,-0.03097146577473852,1.088576078414917,2.3324775903121284,1.9170906852776828,1.65610671043396,1.30486261844635,1.088576078414917,0.12815510672830488,-0.140084781554779,10.422044899451182
1776514776.8475187,0.7669927780903782,-0.2218134290356413,0.7930713480601947,-0.02102793732286772,1.101322054862976,2.324054006842085,1.9096792548614943,1.6415051221847534,1.3058451414108276,1.101322054862976,0.11829578690745494,-0.13549549121031512,10.412167018294218
1776514776.8983686,0.8008663307285757,-0.09949676194427531,0.7918718007617904,-0.07273664241883684,1.101322054862976,2.324054006842085,1.9096792548614943,1.6415051221847534,1.3058451414108276,1.101322054862976,0.12108841056971738,-0.13233998281470333,10.402118250702335
1776514776.9489243,0.7955813516039242,-0.09454006034565254,0.7934590842754519,-0.026510492017116263,1.101322054862976,2.324054006842085,1.9096792548614943,1.6415051221847534,1.3058451414108276,1.101322054862976,0.12268718451173435,-0.1304737552843585,10.391891079328957
1776514776.9964926,0.7955813516039242,-0.09454006034565254,0.7943845190173366,-0.029375209591475156,1.1030569076538086,2.3196571466550022,1.9066526494397107,1.6710556745529175,1.295975685119629,1.1030569076538086,0.12268718451173435,-0.1304737552843585,10.391891079328957
1776514777.065089,0.8003355159745266,-0.07946472330382924,0.7950771298306957,-0.029345788999451637,1.1030569076538086,2.3196571466550022,1.9066526494397107,1.6710556745529175,1.295975685119629,1.1030569076538086,0.12387474628987102,-0.12906895083697076,10.381679267436963
1776514777.0976453,0.8046905325453545,-0.10475561783286312,0.7950771298306957,-0.03754583960010407,1.1030569076538086,2.3196571466550022,1.9066526494397107,1.6710556745529175,1.295975685119629,1.1030569076538086,0.12513052934229632,-0.1275453627820551,10.37146632894949
1776514777.1467056,0.7870188608831177,-0.06865986502808497,0.7958201918152833,-0.022078239643675075,1.110557198524475,2.3192045750384196,1.91339994254182,1.653438687324524,1.2939543724060059,1.110557198524475,0.12665156398244462,-0.12567897580293813,10.361332938793419
1776514777.200529,0.7833163178136977,-0.09919800623594448,0.7967260808987534,-0.016554159956843083,1.110557198524475,2.3192045750384196,1.91339994254182,1.653438687324524,1.2939543724060059,1.110557198524475,0.1152517492378129,-0.1243877678959798,10.35140645212485
1776514777.2581286,0.7813531280779266,-0.1373142428102006,0.7942148657970546,-0.06849957032446823,1.110557198524475,2.3192045750384196,1.91339994254182,1.653438687324524,1.2939543724060059,1.110557198524475,0.1152517492378129,-0.1243877678959798,10.35140645212485
1776514777.2964215,0.7834617757785206,-0.14773328286968726,0.7952645564793597,-0.018555209598639447,1.1148343086242676,2.312800561797277,1.9019172288599164,1.6673862934112549,1.2892858982086182,1.1148343086242676,0.11956072054092892,-0.11944285097367652,10.331734145271904
1776514777.3482652,0.7899605820315339,-0.08392336641095097,0.7966853033036847,-0.0103125186547398,1.1148343086242676,2.312800561797277,1.9019172288599164,1.6673862934112549,1.2892858982086182,1.1148343086242676,0.12138520819715665,-0.1172974554168982,10.321928335386954
1776514777.396433,0.7971750499583642,-0.020278932425433133,0.797745784948952,-0.009021425867848815,1.1146271228790283,2.3123877871157834,1.904283543308769,1.6570992469787598,1.2788227796554565,1.1146271228790283,0.12189091647691999,-0.11669151038843642,10.3120308343326
1776514777.452627,0.7977711152070941,-0.016911174139046983,0.7980428880434216,-0.017064399480908106,1.1146271228790283,2.3123877871157834,1.904283543308769,1.6570992469787598,1.2788227796554565,1.1146271228790283,0.12203310460913912,-0.1165151738996412,10.30212851245513
1776514777.4969666,0.7977711152070941,-0.016911174139046983,0.7981280936696036,-0.019207177826880653,1.1146271228790283,2.3123877871157834,1.904283543308769,1.6570992469787598,1.2788227796554565,1.1146271228790283,0.12203310460913912,-0.1165151738996412,10.30212851245513
1776514777.5476346,0.7986570422207107,-0.025977104232233324,0.7982709497482977,-0.01757378740843435,1.1226750612258911,2.3063073759273065,1.8901237103734485,1.6745152473449707,1.2828383445739746,1.1226750612258911,0.1222697408961298,-0.11621794627688248,10.292238182318853
1776514777.6024184,0.8011650995147299,-0.04580710625477769,0.7955943046360852,-0.06585505616600987,1.1226750612258911,2.3063073759273065,1.8901237103734485,1.6745152473449707,1.2828383445739746,1.1226750612258911,0.11110510071067813,-0.11572921693930649,10.282352973214431
1776514777.665522,0.8062651924420516,-0.08484194850742445,0.7955943046360852,-0.034861790528452855,1.1226750612258911,2.3063073759273065,1.8901237103734485,1.6745152473449707,1.2828383445739746,1.1226750612258911,0.1120042180651799,-0.11468606337502649,10.272439231741034
1776514777.6989095,0.788547894943606,-0.08573774096063749,0.7961129652074179,-0.02644941844297364,1.1311885118484497,2.3031685485760445,1.8852043568467651,1.6676955223083496,1.2678965330123901,1.1311885118484497,0.11347187304529194,-0.11296507625195518,10.262654647127917
1776514777.7470634,0.7838653125296995,-0.11363592205640731,0.7969646906568661,-0.012874818965092771,1.1311885118484497,2.3031685485760445,1.8852043568467651,1.6676955223083496,1.2678965330123901,1.1311885118484497,0.11481740706028767,-0.11132642932132872,10.25301511353183
1776514777.7981193,0.7822242302332086,-0.1284822309335543,0.7977625863692205,-0.011705641932288948,1.1311885118484497,2.3031685485760445,1.8852043568467651,1.6676955223083496,1.2678965330123901,1.1311885118484497,0.11660119124996014,-0.10915052945113282,10.243458119970894
1776514777.8468544,0.7800859665196938,-0.14184143292973642,0.7988213519486728,-0.00244849347159363,1.1359679698944092,2.3027729897671114,1.8856672583988212,1.662424087524414,1.2685093879699707,1.1359679698944092,0.11865276192585075,-0.1065985183035375,10.233976225535484
1776514777.8991125,0.7793614774923946,-0.1532991890146312,0.7999470891196762,0.006457455436269381,1.1359679698944092,2.3027729897671114,1.8856672583988212,1.662424087524414,1.2685093879699707,1.1359679698944092,0.11049847955422819,-0.1037974161390966,10.22455248410006
1776514777.9505117,0.7865264296554151,-0.12766991533954047,0.7987823403287185,-0.03245063739015981,1.1309254169464111,2.2997316120952287,1.8809474563937836,1.6627129316329956,1.2710795402526855,1.1309254169464111,0.11296069877404304,-0.10097595201092613,10.21517584040232
1776514777.9974828,0.7865264296554151,-0.12766991533954047,0.7998071704720005,0.010182273696210118,1.1309254169464111,2.2997316120952287,1.8809474563937836,1.6627129316329956,1.2710795402526855,1.1309254169464111,0.11296069877404304,-0.10097595201092613,10.21517584040232
1776514778.0464942,0.8046804759110012,-0.06759038893976693,0.7998071704720005,-0.008664201588477057,1.1309254169464111,2.2997316120952287,1.8809474563937836,1.6627129316329956,1.2710795402526855,1.1309254169464111,0.11425936985518845,-0.09946422641938055,10.205628332608981
1776514778.0965016,0.8046399927783697,-0.04437213653050058,0.7990566221939192,0.00545151410764084,1.1309254169464111,2.2997316120952287,1.8809474563937836,1.6627129316329956,1.2710795402526855,1.1309254169464111,0.11492155394797234,-0.09867419350903195,10.196023289537061
1776514778.1475995,0.8047361630744797,-0.03748590532375382,0.79866854258764,0.0028430325187079712,1.1388628482818604,2.2963233895041566,1.8732973127880508,1.6619964838027954,1.2544991970062256,1.1388628482818604,0.11541768017832044,-0.0980709691442998,10.18647169318807
1776514778.1965866,0.8047361630744797,-0.03748590532375382,0.7983746159554672,0.0028992564301000686,1.1388628482818604,2.2963233895041566,1.8732973127880508,1.6619964838027954,1.2544991970062256,1.1388628482818604,0.11541768017832044,-0.0980709691442998,10.18647169318807
1776514778.2465982,0.8095531416266808,-0.09041670380152968,0.7983746159554672,-0.00043810683230988655,1.1388628482818604,2.2963233895041566,1.8732973127880508,1.6619964838027954,1.2544991970062256,1.1388628482818604,0.116319557735489,-0.09694543292022459,10.176904838375535
1776514778.2988703,0.7883863614509335,-0.004649565575427863,0.7998883782993719,-0.02839357141481589,1.138899564743042,2.2948810812723406,1.8696689589594304,1.6603258848190308,1.2642179727554321,1.138899564743042,0.10731851151286581,-0.09618801143076411,10.167495191305983
1776514778.3473136,0.7885147637975299,-0.12205917439488012,0.7997372526254519,-0.0061036920302007976,1.138899564743042,2.2948810812723406,1.8696689589594304,1.6603258848190308,1.2642179727554321,1.138899564743042,0.10879731648265609,-0.09444158387557822,10.148880154078778
1776514778.3972764,0.7897102369405209,-0.10391292953382106,0.7990267197315326,0.004839378542112156,1.146187424659729,2.2914668606123807,1.8625551960142994,1.6605137586593628,1.248293399810791,1.146187424659729,0.11052331399807393,-0.09239453185372681,10.139661076025158
1776514778.446575,0.7897102369405209,-0.10391292953382106,0.798018593791529,0.01475911547774638,1.146187424659729,2.2914668606123807,1.8625551960142994,1.6605137586593628,1.248293399810791,1.146187424659729,0.11052331399807393,-0.09239453185372681,10.139661076025158
1776514778.4972656,0.7986595147114574,-0.004144312221028157,0.797462505314195,0.011910960435696664,1.146187424659729,2.2914668606123807,1.8625551960142994,1.6605137586593628,1.248293399810791,1.146187424659729,0.1114362627830491,-0.09129294408142274,10.121126490711026
1776514778.5465298,0.7978372365252361,-0.0063551728855735234,0.79748008612147,0.004508759119285067,1.1545490026474,2.290469137526132,1.858654259745445,1.6365959644317627,1.2434685230255127,1.1545490026474,0.10219838717968102,-0.09142664416730761,10.11186753015862
1776514778.5977135,0.8008922087537619,-0.03363855047743274,0.7998454667975665,-0.03936699534928303,1.1545490026474,2.290469137526132,1.858654259745445,1.6365959644317627,1.2434685230255127,1.1545490026474,0.10229971490157594,-0.0913091228674992,10.102612824198715
1776514778.647614,0.8056412045642823,-0.0812136382747728,0.7997870262477027,-0.007691917739993451,1.1582386493682861,2.290263683237928,1.8604469725158097,1.669998288154602,1.2493821382522583,1.1582386493682861,0.10309820437037225,-0.0903776985182353,10.093334574764167
1776514778.6977613,0.8095063056384404,-0.1109445812280421,0.7993250080837722,8.449019212941437e-05,1.1582386493682861,2.290263683237928,1.8604469725158097,1.669998288154602,1.2493821382522583,1.1582386493682861,0.10442789530660719,-0.08880017513072042,10.084004663110033
1776514778.751358,0.7908497282891209,-0.03434081733680698,0.7985482194193367,0.008539970224016497,1.1556910276412964,2.2868029752558408,1.8520343492443108,1.6578296422958374,1.250484824180603,1.1556910276412964,0.1052545501738882,-0.08779920551242493,10.074855610829632
1776514778.7977262,0.7908497282891209,-0.03434081733680698,0.7980596308996591,0.007273599078029087,1.1556910276412964,2.2868029752558408,1.8520343492443108,1.6578296422958374,1.250484824180603,1.1556910276412964,0.1052545501738882,-0.08779920551242493,10.074855610829632
1776514778.8506992,0.7890348176409566,-0.06054888867993,0.7980596308996591,0.001467697176055863,1.1556910276412964,2.2868029752558408,1.8520343492443108,1.6578296422958374,1.250484824180603,1.1556910276412964,0.10581425503977378,-0.08709241875576229,10.065813265097336
1776514778.9005806,0.784903343622352,-0.11003967623809176,0.7977206849815905,0.007948536801457476,1.1556910276412964,2.2868029752558408,1.8520343492443108,1.6578296422958374,1.250484824180603,1.1556910276412964,0.09844450413923714,-0.08561476636179405,10.056830520336772
1776514778.9466271,0.7874874197926467,-0.09609448120536762,0.7991641195382146,-0.02314716213735727,1.1548986434936523,2.2891970072268997,1.8602640335326757,1.664048671722412,1.2393871545791626,1.1548986434936523,0.10014543537705603,-0.08368633451772345,10.04791843435541
1776514778.999625,0.7995978292791618,-0.04041274649432669,0.7981955239499445,0.013399206180540454,1.1548986434936523,2.2891970072268997,1.8602640335326757,1.664048671722412,1.2393871545791626,1.1548986434936523,0.10120665856342244,-0.08246661501389224,10.038931429754758
1776514779.0471957,0.798712055885972,-0.007340279550697581,0.7975865742459074,0.011114851223669932,1.1557214260101318,2.286413564823161,1.8548458049081564,1.662434458732605,1.2444628477096558,1.1557214260101318,0.10131990043063535,-0.08232962496982621,10.029914631717485
1776514779.1008685,0.7991147468779184,-0.01546917098418851,0.7975196800830313,0.005607994668695817,1.1557214260101318,2.286413564823161,1.8548458049081564,1.662434458732605,1.2444628477096558,1.1557214260101318,0.10129028918663638,-0.08236174521664652,10.020933108083424
1776514779.1484036,0.8012205985961998,-0.03376469910478569,0.7975361357856287,0.004423349575610717,1.1557214260101318,2.286413564823161,1.8548458049081564,1.662434458732605,1.2444628477096558,1.1557214260101318,0.10153316373193196,-0.08206113844770169,10.011951632724307
1776514779.1971586,0.8012205985961998,-0.03376469910478569,0.7973907615049097,0.009991631660725413,1.1601645946502686,2.2870969719405974,1.8552107991129139,1.6455405950546265,1.2430752515792847,1.1601645946502686,0.10153316373193196,-0.08206113844770169,10.011951632724307
1776514779.2465045,0.8046494937747265,-0.06074117166763459,0.7973907615049097,0.0054134250563536105,1.1601645946502686,2.2870969719405974,1.8552107991129139,1.6455405950546265,1.2430752515792847,1.1601645946502686,0.10205002774572149,-0.08141110812158775,10.002966588758012
1776514779.3008635,0.8034352291649736,-0.08160223688129818,0.7970785032821228,0.011210179405622736,1.1601645946502686,2.2870969719405974,1.8552107991129139,1.6455405950546265,1.2430752515792847,1.1601645946502686,0.09507217575682764,-0.08010408110188844,9.993966589881552
1776514779.3464866,0.7894482027997856,-0.01938501548338989,0.7984709544178082,-0.017872867091573957,1.1756747961044312,2.284834288646511,1.850121703906408,1.644982099533081,1.2263782024383545,1.1756747961044312,0.09544571843498609,-0.07966689845082853,9.985146314701806
1776514779.3989816,0.7919301396050182,-0.06654885012112233,0.7982544105206155,0.0034374532472359106,1.1756747961044312,2.284834288646511,1.850121703906408,1.644982099533081,1.2263782024383545,1.1756747961044312,0.0958958914382396,-0.07912643789654422,9.976361166174215
1776514779.447157,0.790124739602341,-0.06287279996955551,0.797989637968596,0.005430137570302524,1.1624252796173096,2.28217640770022,1.8438594938350465,1.6437911987304688,1.2314707040786743,1.1624252796173096,0.09788559776718356,-0.07672850252974461,9.95893387552396
1776514779.4972014,0.7939684527490094,-0.03323668677541133,0.7968168100709982,0.023504498522298016,1.1624252796173096,2.28217640770022,1.8438594938350465,1.6437911987304688,1.2314707040786743,1.1624252796173096,0.09857800475397197,-0.07586499603404534,9.950239339282104
1776514779.5475874,0.7965561284471283,0.013884623937374128,0.7964005416915318,0.01669207261123272,1.1689879894256592,2.280561597892027,1.841692752392693,1.6439095735549927,1.2287859916687012,1.1689879894256592,0.09098682154066301,-0.07587747148136709,9.941539481214884
1776514779.5975566,0.7965561284471283,0.013884623937374128,0.7983170129865358,-0.019940471620420914,1.1689879894256592,2.280561597892027,1.841692752392693,1.6439095735549927,1.2287859916687012,1.1689879894256592,0.09098682154066301,-0.07587747148136709,9.941539481214884
1776514779.6479018,0.7966279727523512,0.005539786602829558,0.7983170129865358,0.00025280735592815573,1.1689879894256592,2.280561597892027,1.841692752392693,1.6439095735549927,1.2287859916687012,1.1689879894256592,0.09069979244514484,-0.0762082717188921,9.932840363613193
1776514779.7006314,0.8019849181312979,-0.05123043636187837,0.7984819683851133,-0.00305613613467837,1.1689879894256592,2.280561597892027,1.841692752392693,1.6439095735549927,1.2287859916687012,1.1689879894256592,0.0911096938188534,-0.0757353415454553,9.924129258692776
1776514779.747292,0.8071588663536153,-0.07485056986814456,0.7982462527903764,0.0034931971762917754,1.176367163658142,2.2809374827571096,1.8415693818687888,1.6375980377197266,1.2247602939605713,1.176367163658142,0.09230737825791357,-0.07481954253854023,9.916583987715958
1776514779.801493,0.7974639963451431,-0.06151183790122373,0.7976880125897972,0.010164526655840552,1.176367163658142,2.2809374827571096,1.8415693818687888,1.6375980377197266,1.2247602939605713,1.176367163658142,0.09566917607111783,-0.0733574602633838,9.913836707438067
1776514779.8567085,0.7881638187380388,-0.03593309088458329,0.7964314565038259,0.027196887529047486,1.176367163658142,2.2809374827571096,1.8415693818687888,1.6375980377197266,1.2247602939605713,1.176367163658142,0.09597848537286327,-0.07309794623711374,9.9056076317427
1776514779.89702,0.7881638187380388,-0.03593309088458329,0.7962808466324303,0.013910041265603608,1.1793428659439087,2.2783797475389593,1.8362226335319978,1.6409047842025757,1.2196955680847168,1.1793428659439087,0.09597848537286327,-0.07309794623711374,9.9056076317427
1776514779.946505,0.7889232791191438,-0.04289683130938177,0.7960135946794691,0.017864805746810118,1.1793428659439087,2.2783797475389593,1.8362226335319978,1.6409047842025757,1.2196955680847168,1.1793428659439087,0.09641852880015672,-0.07253951406110198,9.897117766355812
1776514780.0095232,0.7879770656566022,-0.06419805121680797,0.7960135946794691,0.013560432165543198,1.1793428659439087,2.2783797475389593,1.8362226335319978,1.6409047842025757,1.2196955680847168,1.1793428659439087,0.09012580639577844,-0.07146648248238208,9.888665100288089
1776514780.0467892,0.7943024294507617,-0.020092587802017805,0.7972989118833308,-0.008672266332046133,1.1773552894592285,2.275962399399799,1.8308180029379213,1.6438424587249756,1.2208863496780396,1.1773552894592285,0.09068568175989011,-0.07082536370082781,9.880206469168414
1776514780.0963547,0.7970477465703747,-0.01879344640240982,0.7969783100327396,0.012837003690447739,1.1773552894592285,2.275962399399799,1.8308180029379213,1.6438424587249756,1.2208863496780396,1.1773552894592285,0.09068568175989011,-0.07082536370082781,9.880206469168414
1776514780.1464803,0.7969248342319941,-0.002534171859316913,0.7968917115640227,0.009671276776596228,1.1773552894592285,2.275962399399799,1.8308180029379213,1.6438424587249756,1.2208863496780396,1.1773552894592285,0.09074483710541484,-0.07075520246182393,9.863226413708166
1776514780.1965642,0.7972408415458034,-0.005597387110257498,0.7969437577387462,0.00763395296353102,1.1753393411636353,2.2763740973379964,1.8321946162587124,1.646897792816162,1.2206486463546753,1.1753393411636353,0.09074483710541484,-0.07075520246182393,9.863226413708166
1776514780.2466795,0.7972408415458034,-0.005597387110257498,0.796993737531393,0.007483386080121822,1.1753393411636353,2.2763740973379964,1.8321946162587124,1.646897792816162,1.2206486463546753,1.1753393411636353,0.09066069529632659,-0.07085797409309752,9.854764520829214
1776514780.2969182,0.8028219676383171,-0.050448774903109374,0.7970030002162951,0.00790141835914605,1.1844968795776367,2.2774858320343836,1.8337603085686192,1.643831491470337,1.2013909816741943,1.1844968795776367,0.08390458995533898,-0.07048533610631513,9.837847376323332
1776514780.3465874,0.7956823494334199,-0.04589458550098998,0.7985919374410229,-0.02142081178858734,1.1844968795776367,2.2774858320343836,1.8337603085686192,1.643831491470337,1.2013909816741943,1.1844968795776367,0.08478648494234758,-0.06947673926527892,9.829401031077065
1776514780.400956,0.7956823494334199,-0.04589458550098998,0.7980872927888065,0.007383564184171518,1.1844968795776367,2.2774858320343836,1.8337603085686192,1.643831491470337,1.2013909816741943,1.1844968795776367,0.08478648494234758,-0.06947673926527892,9.829401031077065
1776514780.448662,0.7929786192144652,-0.04418051030468939,0.7980872927888065,0.001875578211375014,1.1901402473449707,2.2747799173535075,1.8287667695646341,1.6434330940246582,1.2132562398910522,1.1901402473449707,0.08511709383023325,-0.06907560462395324,9.821058822232605
1776514780.4981,0.7860579042179747,-0.09507002524603193,0.7978916616494882,0.005543489859098087,1.1901402473449707,2.2747799173535075,1.8287667695646341,1.6434330940246582,1.2132562398910522,1.1901402473449707,0.0861969373901158,-0.06779613066115042,9.812813519540704
1776514780.5508363,0.7759974487484245,-0.1747157969265432,0.797261288362813,0.014577999798245811,1.1921792030334473,2.278851526297429,1.8393389590173461,1.6224513053894043,1.2157373428344727,1.1921792030334473,0.08818563940187887,-0.06539144535238806,9.804674390614037
1776514780.5984955,0.8044893254305148,-0.06408121856814568,0.7943815430902833,0.057725099402408137,1.1921792030334473,2.278851526297429,1.8393389590173461,1.6224513053894043,1.2157373428344727,1.1921792030334473,0.08686178383945861,-0.059654251289430194,9.788578478193937
1776514780.6526804,0.8065244466063596,-0.05614442236091236,0.7711772453714348,0.014712527738801868,1.1921792030334473,2.278851526297429,1.8393389590173461,1.6224513053894043,1.2157373428344727,1.1921792030334473,0.08770479499802089,-0.05868018007324305,9.78032733375502
1776514780.696992,0.8065244466063596,-0.05614442236091236,0.7707064952285703,0.028135333213870725,1.1889362335205078,2.2720304676826966,1.825804120770247,1.651526689529419,1.2010079622268677,1.1889362335205078,0.08770479499802089,-0.05868018007324305,9.78032733375502
1776514780.7469943,0.7554842944800688,-0.13582493150400726,0.769742372733891,0.050184551768068096,1.1889362335205078,2.2720304676826966,1.825804120770247,1.651526689529419,1.2010079622268677,1.1889362335205078,0.08942785079623333,-0.0566820978263014,9.772461887394492
1776514780.8022213,0.7699673639926404,-0.09663443979140836,0.769742372733891,0.029277106665886173,1.1889362335205078,2.2720304676826966,1.825804120770247,1.651526689529419,1.2010079622268677,1.1889362335205078,0.09090227155149683,-0.054951735122202805,9.764707797532855
1776514780.846669,0.7795629533581931,-0.05742252166141573,0.768911775169519,0.045254884806499335,1.1906030178070068,2.2737881781104314,1.8290242688683498,1.6570497751235962,1.2035049200057983,1.1906030178070068,0.09155701182603246,-0.05415239099599428,9.756860183449271
1776514780.8979974,0.768483633104405,-0.019252214444904638,0.7685345270152845,0.041548766034749246,1.1906030178070068,2.2737881781104314,1.8290242688683498,1.6570497751235962,1.2035049200057983,1.1906030178070068,0.09239339447998202,-0.0531274222051078,9.749074662884063
1776514780.9466214,0.759993309884237,0.011681458511347447,0.7680515700760292,0.04594280512757742,1.1906030178070068,2.2737881781104314,1.8290242688683498,1.6570497751235962,1.2035049200057983,1.1906030178070068,0.0865926958588841,-0.05365590605272036,9.741456026933427
1776514780.9964905,0.759993309884237,0.011681458511347447,0.6290381729934599,0.009158529555480348,1.200520396232605,2.272777056164702,1.8285579814123518,1.6528440713882446,1.2069134712219238,1.200520396232605,0.0865926958588841,-0.05365590605272036,9.741456026933427
1776514781.0464947,0.7583042941947687,-0.0403787891989963,0.6290381729934599,0.030301110015000698,1.200520396232605,2.272777056164702,1.8285579814123518,1.6528440713882446,1.2069134712219238,1.200520396232605,0.08692733753818896,-0.05327779404317423,9.73388401400861
1776514781.098546,0.7583042941947687,-0.0403787891989963,0.628887336653446,0.03389574743423251,1.200520396232605,2.272777056164702,1.8285579814123518,1.6528440713882446,1.2069134712219238,1.200520396232605,0.08692733753818896,-0.05327779404317423,9.73388401400861
1776514781.1495242,0.7418353503917392,-0.05880486267346878,0.6286465458469844,0.03690617054485635,1.200520396232605,2.272777056164702,1.8285579814123518,1.6528440713882446,1.2069134712219238,1.200520396232605,0.08745748013708435,-0.05267052407638467,9.726481788296843
1776514781.196843,0.7301704697621267,0.01280951606465153,0.6286465458469844,0.03327706909766885,1.1952874660491943,2.271512894802464,1.8267689464376289,1.6516354084014893,1.1985316276550293,1.1952874660491943,0.08754769514763974,-0.052569193212968324,9.719219880937658
1776514781.2475886,0.7107678722910238,0.014828662924835017,0.6286060162825997,0.03423438998064211,1.1952874660491943,2.271512894802464,1.8267689464376289,1.6516354084014893,1.1985316276550293,1.1952874660491943,0.08724849358613784,-0.05292279223976548,9.712172610107244
1776514781.3121154,0.6906980250465354,0.0129302134361396,0.6287443269759904,0.030315058304819505,1.1952874660491943,2.271512894802464,1.8267689464376289,1.6516354084014893,1.1985316276550293,1.1952874660491943,0.08698284725180716,-0.05324558867778073,9.70533555506733
1776514781.3467095,0.6906980250465354,0.0129302134361396,0.6288690921010177,0.029805609850041548,1.1934844255447388,2.274483707191545,1.8332818987170112,1.6504639387130737,1.1997219324111938,1.1934844255447388,0.08698284725180716,-0.05324558867778073,9.70533555506733
1776514781.396538,0.670819220255529,0.011517771622500034,0.6288690921010177,0.03188128863516218,1.1934844255447388,2.274483707191545,1.8332818987170112,1.6504639387130737,1.1997219324111938,1.1934844255447388,0.08673641082336686,-0.05354927416353933,9.698702751210826
1776514781.447496,0.670819220255529,0.011517771622500034,0.6289857746299938,0.02900911934046477,1.1934844255447388,2.274483707191545,1.8332818987170112,1.6504639387130737,1.1997219324111938,1.1934844255447388,0.08673641082336686,-0.05354927416353933,9.698702751210826
1776514781.4966345,0.6507600765422982,0.007499134740966154,0.6289857746299938,0.03113981351750151,1.1934844255447388,2.274483707191545,1.8332818987170112,1.6504639387130737,1.1997219324111938,1.1934844255447388,0.08117776270522387,-0.05377666266753245,9.692263346425426
1776514781.5466309,0.6335829835342911,-0.006119716435179436,0.4469628765066709,0.0015422267795280123,1.1958940029144287,2.2764414892937714,1.8377597726619634,1.646651268005371,1.1958940029144287,1.205432415008545,0.08118540574697436,-0.05376575698556796,9.686009593290438
1776514781.5975642,0.6218551422968296,-0.051511779886356274,0.08,-0.3039807975042087,1.1958940029144287,2.2764414892937714,1.8377597726619634,1.646651268005371,1.1958940029144287,1.205432415008545,0.08168598729371862,-0.05318557655358369,9.679863099053511
1776514781.6494775,0.6057089713340835,-0.06258614558210646,0.4411656354865925,-0.14237801411609946,1.1958940029144287,2.2764414892937714,1.8377597726619634,1.646651268005371,1.1958940029144287,1.205432415008545,0.08281925175156296,-0.051860565633603195,9.673837172854332
1776514781.703531,0.6057089713340835,-0.06258614558210646,0.44153881430805747,-0.08590490661854902,1.1924420595169067,2.2751318665150686,1.83480676084044,1.6535836458206177,1.1935360431671143,1.1924420595169067,0.08281925175156296,-0.051860565633603195,9.673837172854332
1776514781.7564797,0.5626100884841273,0.024008776969916063,0.44153881430805747,-0.09443438488197406,1.1924420595169067,2.2751318665150686,1.83480676084044,1.6535836458206177,1.1935360431671143,1.1924420595169067,0.0827848647145579,-0.051889777465880305,9.668206313851922
1776514781.8005621,0.5626100884841273,0.024008776969916063,0.4415292542707908,-0.09485563889401728,1.1924420595169067,2.2751318665150686,1.83480676084044,1.6535836458206177,1.1935360431671143,1.1924420595169067,0.0827848647145579,-0.051889777465880305,9.668206313851922
1776514781.846627,0.5496294761517869,0.03276877598610899,0.4415292542707908,-0.09474873405390473,1.1924420595169067,2.2751318665150686,1.83480676084044,1.6535836458206177,1.1935360431671143,1.1924420595169067,0.08199122022754207,-0.05282564117624583,9.662831796937382
1776514781.900905,0.5496294761517869,0.03276877598610899,0.4412666382389263,-0.1047586471770121,1.1924420595169067,2.2751318665150686,1.83480676084044,1.6535836458206177,1.1935360431671143,1.1924420595169067,0.08199122022754207,-0.05282564117624583,9.662831796937382
1776514781.94953,0.5303804719107933,0.034991948263566566,0.4410875365549511,-0.10357779386898573,1.1969355344772339,2.2730917464131895,1.831251429484914,1.632775902748108,1.1969355344772339,1.2086013555526733,0.08145571890252587,-0.05346896981179455,9.657667656955006
1776514781.997806,0.5136261286448103,0.08338140271272909,0.4410875365549511,-0.09957418331603524,1.1969355344772339,2.2730917464131895,1.831251429484914,1.632775902748108,1.1969355344772339,1.2086013555526733,0.08040641979619825,-0.054752463423012876,9.65265722405175
1776514782.046724,0.5000848804750507,0.12656161196558263,0.44073291362922484,-0.11239947514340931,1.1969355344772339,2.2730917464131895,1.831251429484914,1.632775902748108,1.1969355344772339,1.2086013555526733,0.07870617998769122,-0.05685653405388297,9.647785035332365
1776514782.0970664,0.4828117829924751,0.10954725315774104,0.4401543812791943,-0.12353409972971034,1.1926428079605103,2.275671631180501,1.837910889743693,1.6295981407165527,1.1926428079605103,1.2073436975479126,0.07083823966742153,2.9100549603273214,9.643013841439888
1776514782.1490831,0.4828117829924751,0.10954725315774104,0.4394914981893518,-0.13087704517623797,1.1926428079605103,2.275671631180501,1.837910889743693,1.6295981407165527,1.1926428079605103,1.2073436975479126,0.07083823966742153,2.9100549603273214,9.643013841439888
1776514782.1967037,0.47684140476326675,0.10285174547264775,0.43889597515209,-0.13638739609898443,1.1926428079605103,2.275671631180501,1.837910889743693,1.6295981407165527,1.1926428079605103,1.2073436975479126,0.06884166648521581,2.9079185587696466,9.63821348613348
1776514782.246486,0.4643996527263057,0.11440138157517295,0.43889597515209,-0.12247320569904319,1.1902246475219727,2.2740945948372278,1.8331164567507747,1.6143027544021606,1.1902246475219727,1.207166314125061,0.0668263810052808,2.905778774614613,9.633456663783639
1776514782.2995613,0.4576594329097518,0.03540248034921295,0.6139584085245539,-0.23259425998827604,1.1902246475219727,2.2740945948372278,1.8331164567507747,1.6143027544021606,1.1902246475219727,1.207166314125061,0.06497624873172922,2.90375372063178,9.62886783704663
1776514782.347664,0.4442600401305158,0.08969967536871955,0.6139584085245539,-0.1575440765828349,1.1869858503341675,2.2780292062821155,1.8430623187646569,1.6165977716445923,1.1869858503341675,1.2121912240982056,0.06331112186007329,2.9019999586008765,9.624343219004809
1776514782.3976343,0.4304958538223437,0.08814951277681869,0.6124944985242813,-0.19124122420530917,1.1869858503341675,2.2780292062821155,1.8430623187646569,1.6165977716445923,1.1869858503341675,1.2121912240982056,0.06160869595860349,2.9002539024280476,9.61983041614973
1776514782.4490614,0.4266226912717609,0.09396370828845527,0.6124944985242813,-0.16848896412757652,1.1869858503341675,2.2780292062821155,1.8430623187646569,1.6165977716445923,1.1869858503341675,1.2121912240982056,0.05960721480319084,2.8981381127731103,9.615283438783553
1776514782.5006216,0.4199521201733529,0.08697828838773553,0.6116163544720441,-0.18872293423379763,1.1913233995437622,2.276521702919924,1.837794470696942,1.5995835065841675,1.1913233995437622,1.2169140577316284,0.05763493739868769,2.896048960141931,9.610894978792043
1776514782.5466175,0.3857308039639695,0.09686726696646221,0.6107500574583572,-0.1936818582613806,1.1913233995437622,2.276521702919924,1.837794470696942,1.5995835065841675,1.1913233995437622,1.2169140577316284,0.05561500470205866,2.8938595868999846,9.60674589874894
1776514782.5965354,0.3857308039639695,0.09686726696646221,0.6098515774008021,-0.2065520346991216,1.1913233995437622,2.276521702919924,1.837794470696942,1.5995835065841675,1.1913233995437622,1.2169140577316284,0.05561500470205866,2.8938595868999846,9.60674589874894
1776514782.6515954,0.34366772426844344,0.0559596451265207,0.6098515774008021,-0.18839583889522707,1.1913233995437622,2.276521702919924,1.837794470696942,1.5995835065841675,1.1913233995437622,1.2169140577316284,0.05430416450757947,2.8925538927137544,9.602923104371195
1776514782.696767,0.34366772426844344,0.0559596451265207,0.6092945160678692,-0.2018142656196649,1.1871169805526733,2.273317464847018,1.8298167845709217,1.5910803079605103,1.1871169805526733,1.212440013885498,0.05430416450757947,2.8925538927137544,9.602923104371195
1776514782.7465181,0.29235869805690057,0.04953627212250338,0.6092945160678692,-0.19285461791240807,1.1871169805526733,2.273317464847018,1.8298167845709217,1.5910803079605103,1.1871169805526733,1.212440013885498,0.053354328238141985,2.8917914187708007,9.59952441117657
1776514782.7996264,0.22672514097752844,-0.002333742148323663,0.6089323697008656,-0.20109729660926706,1.1871169805526733,2.273317464847018,1.8298167845709217,1.5910803079605103,1.1871169805526733,1.212440013885498,0.0527727179026605,2.8915596668105565,9.596650125753614
1776514782.8469307,0.16017046070108604,0.08788975421470914,0.6087637593704788,-0.20012300538816052,1.1871169805526733,2.273317464847018,1.8298167845709217,1.5910803079605103,1.1871169805526733,1.212440013885498,0.05273617525720925,2.8921894141740423,9.594305293389104
1776514782.8964922,0.16017046070108604,0.08788975421470914,0.6088987856485553,-0.19427096560494247,1.1866954565048218,2.2780107495742854,1.842011861942621,1.599108338356018,1.1866954565048218,1.2208261489868164,0.05273617525720925,2.8921894141740423,9.594305293389104
1776514782.9615011,0.09587583385560287,0.11138628206825722,0.6081552776178837,-0.21423224211309702,1.1866954565048218,2.2780107495742854,1.842011861942621,1.599108338356018,1.1866954565048218,1.2208261489868164,0.05109128674258137,2.8903541724711923,9.592900060536252
1776514783.0645008,0.09587583385560287,0.11138628206825722,0.6081552776178837,-0.21423224211309702,1.1866954565048218,2.2780107495742854,1.842011861942621,1.599108338356018,1.1866954565048218,1.2208261489868164,0.05109128674258137,2.8903541724711923,9.592900060536252
1776514783.1056075,0.012199823721209483,-0.1214029811961959,0.6081552776178837,-0.20228798779648474,1.1796842813491821,2.2790486013084292,1.8439436920350398,1.595599889755249,1.1796842813491821,1.2245947122573853,0.06317350927856821,-0.17075965130740123,9.59171093306562
1776514783.1466231,0.01635327833213066,-0.20193615858276878,0.6081552776178837,-0.20303402020326725,1.1796842813491821,2.2790486013084292,1.8439436920350398,1.595599889755249,1.1796842813491821,1.2245947122573853,0.06548404914860759,-0.16775656991404564,9.591485272948312
1776514783.196775,0.01635327833213066,-0.20193615858276878,0.6102652971295508,-0.13275533602626471,1.1796842813491821,2.2790486013084292,1.8439436920350398,1.595599889755249,1.1796842813491821,1.2245947122573853,0.06548404914860759,-0.16775656991404564,9.591485272948312
1776514783.25039,0.01635327833213066,-0.20193615858276878,0.6102652971295508,-0.18817620954837438,1.1796842813491821,2.2790486013084292,1.8439436920350398,1.595599889755249,1.1796842813491821,1.2245947122573853,0.06548404914860759,-0.16775656991404564,9.591485272948312
1776514783.2965338,0.04440737949496449,-0.34381917359897335,0.6122762987433598,-0.14224825850433387,1.1795870065689087,2.276936338854321,1.8396983083750422,1.5938524007797241,1.1795870065689087,1.2182552814483643,0.06965282229454728,-0.1624519457934394,9.591049894010922
1776514783.346619,0.10961929690109483,-0.554601738318483,0.6157032784988327,-0.09289914602333689,1.1795870065689087,2.276936338854321,1.8396983083750422,1.5938524007797241,1.1795870065689087,1.2182552814483643,0.07679499644742446,-0.15344654319543294,9.590161326345749
1776514783.4070268,0.3304440977989204,-1.1424300478085267,0.6157032784988327,-0.14953143918308193,1.1795870065689087,2.276936338854321,1.8396983083750422,1.5938524007797241,1.1795870065689087,1.2182552814483643,0.08991518625699557,-0.13710935133401908,9.588064556869861
1776514783.4464343,0.3198307103931718,-1.1145482612025843,0.6219529605059578,-0.010394456014598985,1.1831237077713013,2.279383936378274,1.8494505697871322,1.6742253303527832,1.1831237077713013,1.2139557600021362,0.10830516804547008,-0.11387607374581349,9.584675779188084
1776514783.496642,0.3198307103931718,-1.1145482612025843,0.6307870616725757,0.11395461756121986,1.1831237077713013,2.279383936378274,1.8494505697871322,1.6742253303527832,1.1831237077713013,1.2139557600021362,0.10830516804547008,-0.11387607374581349,9.584675779188084
1776514783.5465317,0.40250237095289,-1.0894219139101426,0.7715346648039852,0.133478743833558,1.1831237077713013,2.279383936378274,1.8494505697871322,1.6742253303527832,1.1831237077713013,1.2139557600021362,0.11880985201287292,-0.08972313560106776,9.581277650115826
1776514783.597604,0.3081221244885681,-0.9212057015477606,0.7715346648039852,0.01284473647779898,1.1970455646514893,2.2755092049394903,1.8402609183652971,1.6762207746505737,1.1970455646514893,1.2071666717529297,0.13720468060560442,-0.06893668585692853,9.57825828812106
1776514783.6480927,0.2819239470996693,-0.8323734278982109,0.7613899015999307,0.19870742579288458,1.1970455646514893,2.2755092049394903,1.8402609183652971,1.6762207746505737,1.1970455646514893,1.2071666717529297,0.1521131759816428,-0.05086358710278083,9.575083628274173
1776514783.6964686,0.2172418788966439,-0.671298578366513,0.7528347118206183,0.24287534910329336,1.1970455646514893,2.2755092049394903,1.8402609183652971,1.6762207746505737,1.1970455646514893,1.2071666717529297,0.1641724921164473,-0.03540905464789329,9.572011516646628
1776514783.7464774,0.2172418788966439,-0.671298578366513,0.7456875571457524,0.2615484734025572,1.189691424369812,2.2799453580963953,1.848053894591081,1.6167064905166626,1.189691424369812,1.2026982307434082,0.1641724921164473,-0.03540905464789329,9.572011516646628
1776514783.799604,0.1832929038181177,-0.4862909712185352,0.7456875571457524,0.16579416204951133,1.189691424369812,2.2799453580963953,1.848053894591081,1.6167064905166626,1.189691424369812,1.2026982307434082,0.1725853474952668,-0.023696579318570443,9.569017600356446
1776514783.8466191,0.15254942141082506,-0.11640949576856509,0.7404485998496055,0.26536429381358184,1.189691424369812,2.2799453580963953,1.848053894591081,1.6167064905166626,1.189691424369812,1.2026982307434082,0.17605008487894816,-0.017851451129507312,9.566407873912102
1776514783.8988807,0.14290829164047433,0.2526605591182555,0.7380134869552762,0.24409956491174167,1.1955567598342896,2.2822221317961744,1.851920752477219,1.617630958557129,1.1955567598342896,1.2063437700271606,0.1738104365542141,-0.01934410012783172,9.56444555818809
1776514783.9477527,0.21700182402708348,0.4686090783675554,0.7389666066942409,0.19357885539106442,1.1955567598342896,2.2822221317961744,1.851920752477219,1.617630958557129,1.1955567598342896,1.2063437700271606,0.16677282219020226,-0.027599085878976803,9.563114742970535
1776514783.9991727,0.3279233171736068,0.4945669571449223,0.7474427705144897,0.04448501142815636,1.1923534870147705,2.281431271123401,1.8512955326222773,1.6578288078308105,1.1923534870147705,1.2056002616882324,0.15881142937127143,-0.03704485209692576,9.561148639630314
1776514784.0478072,0.5842054076130146,0.966202943831016,0.7528815594096735,0.05243689026751115,1.1923534870147705,2.281431271123401,1.8512955326222773,1.6578288078308105,1.1923534870147705,1.2056002616882324,0.13503533164470605,-0.06558568655381397,9.554154583266277
1776514784.097482,0.6305745682085575,0.8279266120285789,0.7610099435426966,-0.025790505645170672,1.1923534870147705,2.281431271123401,1.8512955326222773,1.6578288078308105,1.1923534870147705,1.2056002616882324,0.11964687625418621,-0.08426374071050324,9.549179643721601
1776514784.15054,0.6305745682085575,0.8279266120285789,0.7698468364859342,-0.0978213873887934,1.1918188333511353,2.2811796800832194,1.8535488626176062,1.7433141469955444,1.1918188333511353,1.204364538192749,0.11964687625418621,-0.08426374071050324,9.549179643721601
1776514784.1966739,0.6354219224949226,0.8273045013997199,0.7698468364859342,0.02492755004357045,1.1918188333511353,2.2811796800832194,1.8535488626176062,1.7433141469955444,1.1918188333511353,1.204364538192749,0.10679495288854035,-0.10009219457547874,9.54379925883515
1776514784.246667,0.6271036176408572,0.920790676425693,0.7751286273390651,-0.12896830088912137,1.1918188333511353,2.2811796800832194,1.8535488626176062,1.7433141469955444,1.1918188333511353,1.204364538192749,0.09248005716251859,-0.11797200887259152,9.538345812832079
1776514784.3020587,0.6271036176408572,0.920790676425693,0.7667710863351245,-0.1769422571179372,1.190739631652832,2.2778308072870908,1.8456770344018543,1.6323890686035156,1.190739631652832,1.2196463346481323,0.09248005716251859,-0.11797200887259152,9.538345812832079
1776514784.3465734,0.6232718808132064,0.9364032778337039,0.7778622463713651,-0.3059174474584275,1.190739631652832,2.2778308072870908,1.8456770344018543,1.6323890686035156,1.190739631652832,1.2196463346481323,0.06405304092258465,-0.13671114264687945,9.532741026220515
1776514784.397635,0.6150547131720144,0.8591578479164478,0.7778622463713651,-0.13943194599067893,1.190739631652832,2.2778308072870908,1.8456770344018543,1.6323890686035156,1.190739631652832,1.2196463346481323,0.04797017346223986,-0.15503198175832356,9.527030574410146
1776514784.4469576,0.6269315978072953,0.8210922922407912,0.7686795288201539,-0.30898828033433234,1.190739631652832,2.2778308072870908,1.8456770344018543,1.6323890686035156,1.190739631652832,1.2196463346481323,0.033347761025345035,-0.17191296259819738,9.521099921602639
1776514784.4965205,0.6269315978072953,0.8210922922407912,0.7602680062508917,-0.34646580937182303,1.1825170516967773,2.282769612202922,1.8539548516803177,1.5652132034301758,1.1825170516967773,1.22979736328125,0.033347761025345035,-0.17191296259819738,9.521099921602639
1776514784.5471065,0.6331265047827747,0.7287004493052389,0.7602680062508917,-0.24077551857171317,1.1825170516967773,2.282769612202922,1.8539548516803177,1.5652132034301758,1.1825170516967773,1.22979736328125,0.020180072291480805,-0.18732491909191756,9.514920136043491
1776514784.5964808,0.6512166855157374,0.660856962147925,0.7526344008717163,-0.38635877189879697,1.1825170516967773,2.282769612202922,1.8539548516803177,1.5652132034301758,1.1825170516967773,1.22979736328125,0.008443915913905087,-0.2012657409530494,9.508450794159382
1776514784.6486673,0.6587442000733764,0.5566988253136937,0.7457734593434503,-0.41225776400497516,1.1675961017608643,2.280019930730144,1.842491918461631,1.521512508392334,1.1675961017608643,1.2302284240722656,-0.0015652058239687683,-0.21333949601603489,9.501736345474947
1776514784.696691,0.6551216296836865,0.447693026179935,0.7398705092478701,-0.4342697049160457,1.1675961017608643,2.280019930730144,1.842491918461631,1.521512508392334,1.1675961017608643,1.2302284240722656,-0.009664315224967135,-0.22326543111507272,9.494900034281764
1776514784.7489903,0.6529793453652977,0.36735536699265675,0.735050271851088,-0.44856049576379164,1.1675961017608643,2.280019930730144,1.842491918461631,1.521512508392334,1.1675961017608643,1.2302284240722656,-0.03903443355308295,-0.2312966314699617,9.488005318740361
1776514784.7994936,0.6469799306547839,0.3257531532187164,0.7254002659330339,-0.5627486635616676,1.150165319442749,2.285410375974445,1.8544839407067835,1.4756767749786377,1.150165319442749,1.230602741241455,-0.045062750336801655,-0.23809829142382985,9.481093940811888
1776514784.8476062,0.6396668819477572,0.30671839189256345,0.7219766653164537,-0.5076870066619614,1.150165319442749,2.285410375974445,1.8544839407067835,1.4756767749786377,1.150165319442749,1.230602741241455,-0.05052752141548525,-0.24435176521350307,9.474213839601271
1776514784.901485,0.6320477959954484,0.25182692731961354,0.7188485703435169,-0.5210073153629768,1.1484794616699219,2.2855555907539697,1.85335964282403,1.4652888774871826,1.1484794616699219,1.2426763772964478,-0.055262003412803434,-0.24985163123787235,9.467346595655073
1776514784.9475048,0.6320477959954484,0.25182692731961354,0.7161155183933694,-0.5306140916520741,1.1484794616699219,2.2855555907539697,1.85335964282403,1.4652888774871826,1.1484794616699219,1.2426763772964478,-0.055262003412803434,-0.24985163123787235,9.467346595655073
1776514784.9964216,0.631143892483382,0.12401256235366705,0.7138732548642047,-0.5407634670375265,1.14152193069458,2.2844213255018575,1.848088690571633,1.438636064529419,1.14152193069458,1.2618454694747925,-0.06176302448618684,-0.2575657000758378,9.453583822246001
1776514785.0466242,0.6415579073957253,0.04921334029835682,0.7123173218082464,-0.539140178995395,1.14152193069458,2.2844213255018575,1.848088690571633,1.438636064529419,1.14152193069458,1.2618454694747925,-0.06316361792852582,-0.2592675582090458,9.446609803625757
1776514785.0995164,0.6415579073957253,0.04921334029835682,0.7114878519834787,-0.5361402866543761,1.14152193069458,2.2844213255018575,1.848088690571633,1.438636064529419,1.14152193069458,1.2618454694747925,-0.06316361792852582,-0.2592675582090458,9.446609803625757
1776514785.147275,0.6601740826016184,-0.03160465216820218,0.7114162579898627,-0.5272310555842915,1.14152193069458,2.2844213255018575,1.848088690571633,1.438636064529419,1.14152193069458,1.2618454694747925,-0.06328443619503621,-0.25941451460352905,9.439476238838045
1776514785.1992428,0.6784136096163054,-0.19126636411785347,0.7114162579898627,-0.526966535520634,1.1396291255950928,2.286760422281376,1.8555083833901282,1.4201416969299316,1.1396291255950928,1.2568961381912231,-0.08709634636914323,-0.2573423231120259,9.432157042665574
1776514785.2465663,0.7011247968053719,-0.4271122736970472,0.7059958702436088,-0.6303760984262301,1.1396291255950928,2.286760422281376,1.8555083833901282,1.4201416969299316,1.1396291255950928,1.2568961381912231,-0.08155925584747376,-0.2510300143990768,9.424653128187344
1776514785.2964406,0.7013483014454654,-0.561489669852037,0.7091586634946951,-0.49985280555330724,1.1396291255950928,2.286760422281376,1.8555083833901282,1.4201416969299316,1.1396291255950928,1.2568961381912231,-0.072702727727505,-0.24081283720635213,9.417142881341585
1776514785.346584,0.7207724893772239,-0.42577283213829015,0.7142513181948902,-0.44958285233470885,1.142619013786316,2.2816455799820905,1.8497871027345916,1.4487178325653076,1.142619013786316,1.2595845460891724,-0.06492589631400159,-0.2317105680441831,9.409716734302863
1776514785.3967595,0.717300356781537,-0.30899423221738836,0.7187597150765004,-0.42773252437974973,1.142619013786316,2.2816455799820905,1.8497871027345916,1.4487178325653076,1.142619013786316,1.2595845460891724,-0.05901712563837294,-0.2246739258547119,9.40227882654937
1776514785.4526207,0.7149212120666324,-0.2743124130329054,0.7222189850998108,-0.42389151782345924,1.1337002515792847,2.288202463422629,1.8676462647436467,1.4716556072235107,1.1337002515792847,1.2558764219284058,-0.05455060190967698,-0.21924287583546986,9.394970986151355
1776514785.4967237,0.7211767321755357,-0.3111494691995768,0.7248652430848299,-0.4196148648922188,1.1337002515792847,2.288202463422629,1.8676462647436467,1.4716556072235107,1.1337002515792847,1.2558764219284058,-0.05001951161089471,-0.21364971348635317,9.387718407204938
1776514785.5476835,0.7224948530988866,-0.31261454503685937,0.7275731632978757,-0.4060904247231386,1.1337002515792847,2.288202463422629,1.8676462647436467,1.4716556072235107,1.1337002515792847,1.2558764219284058,-0.065982969605341,-0.20778850972562948,9.380517390421327
1776514785.5965164,0.7190768198611142,-0.3477423776356832,0.7251915089362778,-0.4841751069567941,1.1304444074630737,2.2862180482447974,1.865611470047765,1.4802329540252686,1.1304444074630737,1.2725987434387207,-0.06045662104442817,-0.20151498688434696,9.373434218974504
1776514785.6475115,0.7121728221690964,-0.37700221343034673,0.7283407351691871,-0.392657842278158,1.1304444074630737,2.2862180482447974,1.865611470047765,1.4802329540252686,1.1304444074630737,1.2725987434387207,-0.05437085251955989,-0.19449990901267727,9.366531010364291
1776514785.696501,0.7121728221690964,-0.37700221343034673,0.7318385706415214,-0.3718636522369545,1.1334325075149536,2.2847252248284113,1.8654523512865977,1.508005976676941,1.1334325075149536,1.2770110368728638,-0.05437085251955989,-0.19449990901267727,9.366531010364291
1776514785.7486036,0.7084870371475374,-0.410595328083403,0.7318385706415214,-0.41640878041129586,1.1334325075149536,2.2847252248284113,1.8654523512865977,1.508005976676941,1.1334325075149536,1.2770110368728638,-0.0478666564257737,-0.1868715739832449,9.359761394938545
1776514785.799595,0.7045594332193172,-0.4537437809830328,0.7356135618653965,-0.347408012476156,1.1334325075149536,2.2847252248284113,1.8654523512865977,1.508005976676941,1.1334325075149536,1.2770110368728638,-0.04082035607199294,-0.17847217106328217,9.353142954815208
1776514785.8486493,0.7025984114441428,-0.5093982806108325,0.7397410623721389,-0.31558740202034324,1.1309610605239868,2.2914849867101736,1.8815698083103907,1.5284446477890015,1.1309610605239868,1.2757693529129028,-0.03306102043561446,-0.16906978933621114,9.346674988743331
1776514785.8978276,0.693166103806137,-0.48342113354999666,0.744329081836086,-0.28804897889556325,1.1309610605239868,2.2914849867101736,1.8815698083103907,1.5284446477890015,1.1309610605239868,1.2757693529129028,-0.025124215847357856,-0.15929360481808674,9.340404559083561
1776514785.9469128,0.7149309400344244,-0.2893140757759778,0.7490664882574016,-0.2584265639105727,1.1271936893463135,2.2968690307133732,1.893601036132164,1.5615713596343994,1.1271936893463135,1.269471287727356,-0.0339443892347393,-0.15147664127217875,9.334308823145394
1776514786.0014832,0.747742760158904,-0.17188606205047915,0.7509972790829548,-0.2852765249629291,1.1271936893463135,2.2968690307133732,1.893601036132164,1.5615713596343994,1.1271936893463135,1.269471287727356,-0.03049812563048243,-0.14756140449344185,9.327850216386947
1776514786.0466056,0.7490341486350834,-0.18610279594335127,0.7509972790829548,-0.30928560230442637,1.1271936893463135,2.2968690307133732,1.893601036132164,1.5615713596343994,1.1271936893463135,1.269471287727356,-0.02747178554266927,-0.14406940441466637,9.321419137521087
1776514786.0989459,0.7490341486350834,-0.18610279594335127,0.7509972790829548,-0.30928560230442637,1.1271936893463135,2.2968690307133732,1.893601036132164,1.5615713596343994,1.1271936893463135,1.269471287727356,-0.02747178554266927,-0.14406940441466637,9.321419137521087
1776514786.1489885,0.7535675357733664,-0.2747735910674719,0.7546447126208732,-0.25946274128588065,1.1365959644317627,2.2951901776166452,1.8918160294120958,1.5748292207717896,1.1365959644317627,1.2736300230026245,-0.020254856493536588,-0.13550163609098864,9.30871529131297
1776514786.1975348,0.7527493763758275,-0.25366100809356357,0.756955318058152,-0.24637461853995857,1.1365959644317627,2.2951901776166452,1.8918160294120958,1.5748292207717896,1.1365959644317627,1.2736300230026245,-0.016281327765518883,-0.1306620446056173,9.302478856517803
1776514786.247162,0.7459094718609172,-0.3337829701122247,0.7593117329135164,-0.23438340585839007,1.1263319253921509,2.303560300517369,1.9103642283590987,1.5929889678955078,1.1263319253921509,1.2734993696212769,-0.011904799618065814,-0.12519999580228264,9.296335669731922
1776514786.298928,0.739127543045282,-0.3946897156806134,0.7619439916716083,-0.21251588108910355,1.1263319253921509,2.303560300517369,1.9103642283590987,1.5929889678955078,1.1263319253921509,1.2734993696212769,-0.01828304955415727,-0.1183308871956002,9.290367623503847
1776514786.3480523,0.7378812314143571,-0.39481515178338766,0.7660763095209417,-0.17306797358373294,1.1396796703338623,2.3086486986453174,1.92186209813464,1.6038697957992554,1.1396796703338623,1.269256591796875,-0.01160250834384019,-0.11071377991575176,9.284547813122995
1776514786.3981502,0.7786025470383334,-0.22650061628821416,0.7698333608661222,-0.15401408445985273,1.1396796703338623,2.3086486986453174,1.92186209813464,1.6038697957992554,1.1396796703338623,1.269256591796875,-3.74787277639399e-05,-0.0972414295661998,9.273221202397554
1776514786.4474509,0.7571921991020419,-0.18824782703199766,0.7727629550820676,-0.14943718170399334,1.1318225860595703,2.313248133681418,1.9308621698681454,1.659908652305603,1.1318225860595703,1.2642191648483276,0.0028405675207028303,-0.09375589363657877,9.267498450423755
1776514786.4969766,0.773589172772794,-0.11532426465488721,0.7744641727969751,-0.1557687239371478,1.1318225860595703,2.313248133681418,1.9308621698681454,1.659908652305603,1.1318225860595703,1.2642191648483276,0.005212369463288846,-0.09086257935611186,9.26187251235626
1776514786.551753,0.773589172772794,-0.11532426465488721,0.7758719948850374,-0.15146622897692655,1.1318225860595703,2.313248133681418,1.9308621698681454,1.659908652305603,1.1318225860595703,1.2642191648483276,0.005212369463288846,-0.09086257935611186,9.26187251235626
1776514786.6004672,0.7754394526410199,-0.11618413698141271,0.7758719948850374,-0.16984970280413383,1.1373889446258545,2.323776713793858,1.9532083738593693,1.6589207649230957,1.1373889446258545,1.2631926536560059,-0.002005068064238502,-0.08880034466562181,9.256243298974114
1776514786.6470869,0.7764226290495697,-0.11704979117660984,0.7746306263414379,-0.19404241776145068,1.1373889446258545,2.323776713793858,1.9532083738593693,1.6589207649230957,1.1373889446258545,1.2631926536560059,-0.00017040052285161034,-0.08673115271034681,9.25066017668476
1776514786.697524,0.774943376003472,-0.15753118645167688,0.7756723363093443,-0.157831937679967,1.1373889446258545,2.323776713793858,1.9532083738593693,1.6589207649230957,1.1373889446258545,1.2631926536560059,0.0020740192654378764,-0.08415377538317331,9.245131705669918
1776514786.748693,0.7694497990440334,-0.17245284511880146,0.7769595957476019,-0.14673874938673176,1.128464698791504,2.327249483859285,1.9612833715031561,1.6608545780181885,1.128464698791504,1.261655330657959,0.0046795830565968255,-0.08110630895591275,9.2397007657251
1776514786.7985554,0.7717701800223535,-0.17730358791518996,0.7784694884226069,-0.13564050072968606,1.128464698791504,2.327249483859285,1.9612833715031561,1.6608545780181885,1.128464698791504,1.261655330657959,0.00744475728122479,-0.07781226823049853,9.234345110299698
1776514786.8466072,0.7714031982018175,-0.20497149375540305,0.7800886437303292,-0.12807889981743048,1.1418265104293823,2.333454817891893,1.975365590777419,1.684084415435791,1.1418265104293823,1.2623342275619507,0.01032227753125764,-0.07431388416312062,9.229040740001492
1776514786.896598,0.7714031982018175,-0.20497149375540305,0.7817933263722032,-0.10912680627846112,1.1418265104293823,2.333454817891893,1.975365590777419,1.684084415435791,1.1418265104293823,1.2623342275619507,0.01032227753125764,-0.07431388416312062,9.229040740001492
1776514786.9536092,0.7704500118679801,-0.23570776949742386,0.7817933263722032,-0.136038135015982,1.1418265104293823,2.333454817891893,1.975365590777419,1.684084415435791,1.1418265104293823,1.2623342275619507,0.013686274282637245,-0.07015326111420139,9.223828797761833
1776514786.9968162,0.7604065508251194,-0.25926732183749845,0.7838060280072483,-0.09849039122305105,1.1418265104293823,2.333454817891893,1.975365590777419,1.684084415435791,1.1418265104293823,1.2623342275619507,0.010826055072111207,-0.06551208451806317,9.218741055612373
1776514787.0494034,0.752869454530767,-0.29209649385495057,0.7843847822131144,-0.11392745370519791,1.151519775390625,2.341950748277747,1.9928117846255498,1.6997243165969849,1.151519775390625,1.2586100101470947,0.015388648379656755,-0.06031352819729152,9.213812632148194
1776514787.099413,0.7528534065163194,-0.3118478201282029,0.7869901514964319,-0.07142440402353331,1.151519775390625,2.341950748277747,1.9928117846255498,1.6997243165969849,1.151519775390625,1.2586100101470947,0.02032451850932182,-0.05459278227076575,9.208999760126463
1776514787.147501,0.7517621262814405,-0.31902420039893115,0.7898357996285347,-0.054195770077526226,1.151519775390625,2.341950748277747,1.9928117846255498,1.6997243165969849,1.151519775390625,1.2586100101470947,0.025451201170718973,-0.048546672917213374,9.204306596295162
1776514787.1965332,0.754464261718679,-0.3082334979391353,0.7928206342782015,-0.037447332636162574,1.1522469520568848,2.352740077262229,2.014046652636338,1.7202967405319214,1.1522469520568848,1.259469747543335,0.030451489144485644,-0.04253958002635122,9.199706156193573
1776514787.2486103,0.7533975321493238,-0.31614685585061664,0.795762692857032,-0.015928976768696,1.1522469520568848,2.352740077262229,2.014046652636338,1.7202967405319214,1.1522469520568848,1.259469747543335,0.035346709057587966,-0.036546562369776825,9.195208631532976
1776514787.297502,0.7523177372004709,-0.3276408196837351,0.7986743332189747,-0.0011449998572952633,1.1515300273895264,2.3637326077991454,2.035767126938122,1.6945663690567017,1.1515300273895264,1.242795705795288,0.03732014967598157,-0.030305110066992602,9.190831336859413
1776514787.3504665,0.7529761426314795,-0.3318474376207153,0.7990807531004106,0.0010371547050668194,1.1515300273895264,2.3637326077991454,2.035767126938122,1.6945663690567017,1.1515300273895264,1.242795705795288,0.04302147493365549,-0.023874013432791275,9.186568294368032
1776514787.3963928,0.7520398085129448,-0.3687878023475211,0.7958433120779005,0.03490069861471789,1.1515300273895264,2.3637326077991454,2.035767126938122,1.6945663690567017,1.1515300273895264,1.242795705795288,0.04881744283313366,-0.017214982144179436,9.182416869950035
1776514787.4477494,0.7520398085129448,-0.3687878023475211,0.7925181994064205,0.05458054156837732,1.1422938108444214,2.3706375762999445,2.048318605528326,1.6638115644454956,1.1422938108444214,1.2520487308502197,0.04881744283313366,-0.017214982144179436,9.182416869950035
1776514787.4965034,0.7519154454265146,-0.3887800950326902,0.7925181994064205,0.010897346212662126,1.1422938108444214,2.3706375762999445,2.048318605528326,1.6638115644454956,1.1422938108444214,1.2520487308502197,0.05526789168616525,-0.00967575500436596,9.178418544138632
1776514787.5511608,0.7637614529097938,-0.3129427924365803,0.7887817026963089,0.08097584740597694,1.1422938108444214,2.3706375762999445,2.048318605528326,1.6638115644454956,1.1422938108444214,1.2520487308502197,0.06098878378547595,-0.002872796588719251,9.174480435614512
1776514787.6024988,0.7415088313994043,-0.2791411151544528,0.7854352095309015,0.09519002976314217,1.154362440109253,2.386138371027365,2.077829854436891,1.6066937446594238,1.154362440109253,1.2383447885513306,0.0656311290815153,0.002762478436659388,9.170720930393149
1776514787.648598,0.7503603620578428,-0.19411768963518494,0.7826874615091935,0.09625444431697802,1.154362440109253,2.386138371027365,2.077829854436891,1.6066937446594238,1.154362440109253,1.2383447885513306,0.06932331098382039,0.007319871045023685,9.167075726135828
1776514787.6999326,0.7513560983162578,-0.16768458001816952,0.7804809617394707,0.11785988695597227,1.154362440109253,2.386138371027365,2.077829854436891,1.6066937446594238,1.154362440109253,1.2383447885513306,0.0729372351753877,0.24550368749008852,9.163474553536002
1776514787.7485147,0.7502265219958327,-0.1490420338174248,0.7061518818108062,1.31238039377971,1.1604982614517212,2.397473956455686,2.1005549247721076,1.6006550788879395,1.1604982614517212,1.2331738471984863,0.0755769238109964,0.24850719266809126,9.15995675123927
1776514787.7967799,0.7426951893521098,-0.019348197698304,0.7046599115439939,0.4953143617157511,1.1604982614517212,2.397473956455686,2.1005549247721076,1.6006550788879395,1.1604982614517212,1.2331738471984863,0.07681803015381394,0.2499410355904241,9.156533161952646
1776514787.8466945,0.7249539047152995,-0.002679062305538803,0.7039524164256392,0.4906200809118141,1.1520822048187256,2.4127306534558066,2.132929403640725,1.5922448635101318,1.1520822048187256,1.2317392826080322,0.07666961882157497,0.2497674766012041,9.153182532593993
1776514787.8966126,0.7027719065453755,-0.02193923751790539,0.7040376011169603,0.48005438210718204,1.1520822048187256,2.4127306534558066,2.132929403640725,1.5922448635101318,1.1520822048187256,1.2317392826080322,0.07674864253780922,0.2498619994873207,9.149950404581972
1776514787.948085,0.688819299820317,0.010689621085889937,0.7039916583892608,0.48265006816697525,1.1520822048187256,2.4127306534558066,2.132929403640725,1.5922448635101318,1.1520822048187256,1.2317392826080322,0.0768096323103214,0.24993345637306827,9.1468215709008
1776514787.9963999,0.6832349599723296,0.04065368740430941,0.7039566148681039,0.48335701322899594,1.1691370010375977,2.4184472549854883,2.1457584909094725,1.5786099433898926,1.1691370010375977,1.2252403497695923,0.07641814523493695,0.2494479877227387,9.14374140542398
1776514788.0464833,0.6832349599723296,0.04065368740430941,0.70418898722138,0.4790093695110319,1.1691370010375977,2.4184472549854883,2.1457584909094725,1.5786099433898926,1.1691370010375977,1.2252403497695923,0.07641814523493695,0.2494479877227387,9.14374140542398
1776514788.099532,0.69096713429876,0.05248259747697842,0.70418898722138,0.4828259075856038,1.1760588884353638,2.428957475985122,2.170881858436384,1.587357759475708,1.1760588884353638,1.2310086488723755,0.10007230842231518,0.33309580769882013,9.14067295897459
1776514788.1466572,0.6829189385826892,0.21065831271586008,0.681514952121907,1.0282312296186966,1.1760588884353638,2.428957475985122,2.170881858436384,1.587357759475708,1.1760588884353638,1.2310086488723755,0.09779957231564823,0.33049354953964843,9.137583198248207
1776514788.1965399,0.7104372475552082,0.1415117690287277,0.6828163139053551,0.6289976518168627,1.1760588884353638,2.428957475985122,2.170881858436384,1.587357759475708,1.1760588884353638,1.2310086488723755,0.09468131603767554,0.3268722121108324,9.134435656345573
1776514788.2486959,0.7146866061839264,0.15128162552276647,0.6846160889674727,0.6111835706964466,1.1760588884353638,2.428957475985122,2.170881858436384,1.587357759475708,1.1760588884353638,1.2310086488723755,0.09147909495858392,0.32308441545809935,9.131282053652628
1776514788.2965071,0.7317011742693523,0.1541481995671686,0.6864836317421691,0.6015690549209218,1.1687304973602295,2.4439356318234737,2.2007906288331687,1.6084965467453003,1.1687304973602295,1.2199770212173462,0.08924679302677849,0.3204301282737798,9.127922621900643
1776514788.3485103,0.7315901411398891,0.1737915316551738,0.6877893722405934,0.6021613644232556,1.1687304973602295,2.4439356318234737,2.2007906288331687,1.6084965467453003,1.1687304973602295,1.2199770212173462,0.08689959218761154,0.31758145299906665,9.124545709275266
1776514788.4014916,0.7273682370584966,0.16919898441698497,0.6891784959289833,0.5952710570572335,1.1696833372116089,2.4545922348832336,2.2241882384752563,1.6215598583221436,1.1696833372116089,1.2236101627349854,0.08441795132462371,0.31450151743058535,9.121163526484082
1776514788.4494777,0.7080781045793377,0.15464578263599854,0.690666251385631,0.5838621810053177,1.1696833372116089,2.4545922348832336,2.2241882384752563,1.6215598583221436,1.1696833372116089,1.2236101627349854,0.11274748435635398,0.3115760926134239,9.117798608543339
1776514788.4964862,0.7080781045793377,0.15464578263599854,0.6843463280104402,0.7156619250717232,1.1696833372116089,2.4545922348832336,2.2241882384752563,1.6215598583221436,1.1696833372116089,1.2236101627349854,0.11274748435635398,0.3115760926134239,9.117798608543339
1776514788.5494916,0.666269802270716,0.13051687719426325,0.6843463280104402,0.6419851089983014,1.1696833372116089,2.4545922348832336,2.2241882384752563,1.6215598583221436,1.1696833372116089,1.2236101627349854,0.11049229333215174,0.3089932896814318,9.114592567620932
1776514788.5971167,0.6467873989399975,0.09793591555839107,0.6856378209694969,0.6172818871979179,1.1844580173492432,2.4645041263732064,2.245682020946541,1.6100401878356934,1.1844580173492432,1.2107527256011963,0.10875015682857311,0.30696994796139226,9.111517136926793
1776514788.6486447,0.6464645772913327,0.06957099760290274,0.6866433750500098,0.6169354092951533,1.1844580173492432,2.4645041263732064,2.245682020946541,1.6100401878356934,1.1844580173492432,1.2107527256011963,0.10757918663503493,0.30558824719014593,9.10848223646047
1776514788.6975129,0.6657294414975193,0.05356008340788796,0.6873253357547304,0.6185662832227077,1.1798195838928223,2.471992619825005,2.257673466612875,1.6208969354629517,1.1798195838928223,1.2174447774887085,0.10680663383324124,0.30466422537122534,9.105403250979771
1776514788.7534602,0.708809067698132,0.06981579358192967,0.6877787451700801,0.6196403842324743,1.1798195838928223,2.471992619825005,2.257673466612875,1.6208969354629517,1.1798195838928223,1.2174447774887085,0.10611035139333108,0.303815230286897,9.102189412222852
1776514788.7975047,0.7211769267799072,0.12752411763759855,0.6881919269685495,0.6187815225259404,1.1798195838928223,2.471992619825005,2.257673466612875,1.6208969354629517,1.1798195838928223,1.2174447774887085,0.10486317117490948,0.3022682700891189,9.098789250284169
1776514788.8487694,0.6712694162189201,0.3276847211822083,0.6889393652389696,0.6110229143386273,1.178481936454773,2.471074600003584,2.257084381483489,1.6237595081329346,1.178481936454773,1.2071818113327026,0.1303077497613127,0.29740156327242595,9.095553499769913
1776514788.9021745,0.6682166333372143,0.28265040470198255,0.68389000934387,0.7151353204970613,1.178481936454773,2.471074600003584,2.257084381483489,1.6237595081329346,1.178481936454773,1.2071818113327026,0.1239253745884657,0.2901883027846149,9.092277690789704
1776514788.9467106,0.7043031079185057,-0.1846644876424319,0.6875180808240146,0.5851152949798275,1.192160964012146,2.471690458792652,2.2580810753422327,1.6258583068847656,1.192160964012146,1.2084168195724487,0.12436581100511895,0.29075017015148563,9.08884101146576
1776514789.000911,0.7043031079185057,-0.1846644876424319,0.687249767984294,0.6362472917502674,1.192160964012146,2.471690458792652,2.2580810753422327,1.6258583068847656,1.192160964012146,1.2084168195724487,0.12436581100511895,0.29075017015148563,9.08884101146576
1776514789.0477931,0.6867332942823237,-0.05193003916586454,0.687249767984294,0.6334370516531733,1.192160964012146,2.471690458792652,2.2580810753422327,1.6258583068847656,1.192160964012146,1.2084168195724487,0.12653492150308104,0.29328288955076737,9.085512208018645
1776514789.0994878,0.6623707124488644,-0.10153299977034595,0.6859939907070087,0.6579925497905932,1.192160964012146,2.471690458792652,2.2580810753422327,1.6258583068847656,1.192160964012146,1.2084168195724487,0.1281600690643436,0.29523426808099945,9.082318125305283
1776514789.1465936,0.6418505554533712,-0.11398013441440621,0.6850380675331057,0.6606931653825209,1.1953028440475464,2.4697362547335415,2.2523827702122214,1.6222789287567139,1.1953028440475464,1.2068731784820557,0.1298928490389465,0.2973438326625396,9.079285378270841
1776514789.1996055,0.629642231880452,-0.10734399529091886,0.6840107288966744,0.6675385362080151,1.1953028440475464,2.4697362547335415,2.2523827702122214,1.6222789287567139,1.1953028440475464,1.2068731784820557,0.1316793478807154,0.2995526603592021,9.07636996122366
1776514789.248407,0.6222670194256157,-0.1018648370562399,0.6829420594334832,0.6749553748693787,1.1953028440475464,2.4697362547335415,2.2523827702122214,1.6222789287567139,1.1953028440475464,1.2068731784820557,0.13334146056831922,0.30164014371734116,9.073542319759092
1776514789.297844,0.6222670194256157,-0.1018648370562399,0.6819387116959281,0.6803633684726278,1.1941014528274536,2.4686178930593132,2.2485390584875535,1.6005960702896118,1.1941014528274536,1.2055134773254395,0.13334146056831922,0.30164014371734116,9.073542319759092
1776514789.3466256,0.6220948489351293,-0.0979508381864091,0.6819387116959281,0.6687242302362173,1.1941014528274536,2.4686178930593132,2.2485390584875535,1.6005960702896118,1.1941014528274536,1.2055134773254395,0.1648021451452715,0.30363288104420183,9.070773985962436
1776514789.3964858,0.6305903805923136,-0.09549248786387848,0.6734526527310152,0.830783582735042,1.1941014528274536,2.4686178930593132,2.2485390584875535,1.6005960702896118,1.1941014528274536,1.2055134773254395,0.16647536871089486,0.3055655391922244,9.068024525498188
1776514789.447594,0.6518100434791319,-0.08280295093823957,0.6724898561110317,0.7365823003870595,1.1983206272125244,2.4645627676393014,2.2372167079135816,1.6020437479019165,1.1983206272125244,1.1987425088882446,0.1680586097849285,0.3074121907911566,9.065267800795105
1776514789.499071,0.6518100434791319,-0.08280295093823957,0.6715738169126743,0.7426617787736055,1.1983206272125244,2.4645627676393014,2.2372167079135816,1.6020437479019165,1.1983206272125244,1.1987425088882446,0.1680586097849285,0.3074121907911566,9.065267800795105
1776514789.5506885,0.7622071789105327,-0.09018224213421121,0.6715738169126743,0.7318018854092186,1.1983206272125244,2.4645627676393014,2.2372167079135816,1.6020437479019165,1.1983206272125244,1.1987425088882446,0.16933635836987748,0.308905732492258,9.062257540826389
1776514789.598416,0.7020541508407073,0.1282973793957349,0.6708336325929587,0.7493149099170229,1.1983206272125244,2.4645627676393014,2.2372167079135816,1.6020437479019165,1.1983206272125244,1.1987425088882446,0.16876538721720777,0.30817768047899124,9.059174846399994
1776514789.6526527,0.7020541508407073,0.1282973793957349,0.6711813718871462,0.731125240798268,1.1854439973831177,2.4630823966863526,2.231947027657267,1.5859169960021973,1.1986536979675293,1.1854439973831177,0.16876538721720777,0.30817768047899124,9.059174846399994
1776514789.7005026,0.6172567399532537,0.2917685361579837,0.6711813718871462,0.7366535143293991,1.1854439973831177,2.4630823966863526,2.231947027657267,1.5859169960021973,1.1986536979675293,1.1854439973831177,0.16445208432127636,0.3029164942541667,9.05639814563049
1776514789.7496488,0.611390754380628,-0.10485174884186406,0.6737414563598718,0.6870395720795887,1.1854439973831177,2.4630823966863526,2.231947027657267,1.5859169960021973,1.1986536979675293,1.1854439973831177,0.16252171065103843,0.3005931453518599,9.053679691320745
1776514789.7974653,0.611390754380628,-0.10485174884186406,0.6748784482174176,0.702634753464694,1.1946938037872314,2.464086344460444,2.2360320108667895,1.596346378326416,1.1980633735656738,1.1946938037872314,0.16252171065103843,0.3005931453518599,9.053679691320745
1776514789.8463762,0.5962927931730129,-0.09039624838163422,0.6667876400559977,0.86383205174275,1.1946938037872314,2.464086344460444,2.2360320108667895,1.596346378326416,1.1980633735656738,1.1946938037872314,0.19472408913725525,0.3035558818535143,9.048572945081975
1776514789.896603,0.5962927931730129,-0.09039624838163422,0.6659338826184277,0.7816089830380848,1.1946938037872314,2.464086344460444,2.2360320108667895,1.596346378326416,1.1980633735656738,1.1946938037872314,0.19472408913725525,0.3035558818535143,9.048572945081975
1776514789.9488492,0.5738345111373487,-0.08256569958179652,0.6659338826184277,0.7712248792240674,1.1900874376296997,2.460826142643691,2.226085291289542,1.5890381336212158,1.201087474822998,1.1900874376296997,0.19618014930793343,0.30524641415085074,9.046138062396368
1776514789.996626,0.5799085285859142,-0.08164170386446505,0.6650936064121626,0.7876286902092949,1.1900874376296997,2.460826142643691,2.226085291289542,1.5890381336212158,1.201087474822998,1.1900874376296997,0.1976599168041048,0.30699853807561805,9.043752880293775
1776514790.046891,0.5859540959633533,-0.0755007541427817,0.6642301103041925,0.792362237998967,1.1954777240753174,2.460924059786695,2.226284995208796,1.5790899991989136,1.2079294919967651,1.1954777240753174,0.19899210125958103,0.3085854859284245,9.041394507242533
1776514790.1035051,0.5963078845681026,-0.07255695128666559,0.6627135375535058,0.8130567241781682,1.1954777240753174,2.460924059786695,2.226284995208796,1.5790899991989136,1.2079294919967651,1.1954777240753174,0.20023627593758087,0.31009614610794206,9.039028862356554
1776514790.1510243,0.6057337040039532,-0.05738191356749569,0.6627135375535058,0.7936936562482629,1.1954777240753174,2.460924059786695,2.226284995208796,1.5790899991989136,1.2079294919967651,1.1954777240753174,0.2013049770669496,0.31142009552157224,9.036641398063596
1776514790.1967618,0.6086851330686207,-0.04314202477429358,0.6615964692156191,0.8183253576317747,1.191410779953003,2.458704654096344,2.2198357585705573,1.5744808912277222,1.2124541997909546,1.191410779953003,0.20209434006387228,0.31241341817244694,9.03426234650106
1776514790.2467706,0.605876652892409,-0.0276448082894608,0.6615964692156191,0.8019109615834324,1.191410779953003,2.458704654096344,2.2198357585705573,1.5744808912277222,1.2124541997909546,1.191410779953003,0.20265150085142683,0.3131269383101609,9.031909136494406
1776514790.2964969,0.5997254827635424,-0.0012256619715380183,0.6533813905559717,0.9561865855482604,1.1823623180389404,2.4570975018032826,2.217373916834246,1.5645591020584106,1.2092612981796265,1.1823623180389404,0.23365083696888425,0.3133521375995342,9.029603024900482
1776514790.3464956,0.5874899923261638,-0.001438712480077647,0.6533813905559717,0.8509170218625521,1.1823623180389404,2.4570975018032826,2.217373916834246,1.5645591020584106,1.2092612981796265,1.1823623180389404,0.23365673019251404,0.31336014987644867,9.027332227334139
1776514790.4016376,0.5598418756549116,-0.03751702858374731,0.6533776620260809,0.8521073902959629,1.1823623180389404,2.4570975018032826,2.217373916834246,1.5645591020584106,1.2092612981796265,1.1823623180389404,0.2338373449910377,0.31357824664660305,9.025189294326132
1776514790.4464447,0.5662098692992414,-0.02796332186032356,0.6532710800012097,0.8550930713734353,1.1823623180389404,2.4570975018032826,2.217373916834246,1.5645591020584106,1.2092612981796265,1.1823623180389404,0.23429894514068444,0.3141253047300433,9.023076733266034
1776514790.4965434,0.5662098692992414,-0.02796332186032356,0.6530015805001355,0.8599473431021158,1.18425452709198,2.4556773498475164,2.214025760434087,1.576041579246521,1.2172784805297852,1.18425452709198,0.23429894514068444,0.3141253047300433,9.023076733266034
1776514790.5472145,0.5664286662316275,-0.03728511911031934,0.6530015805001355,0.8572815343371616,1.18425452709198,2.4556773498475164,2.214025760434087,1.576041579246521,1.2172784805297852,1.18425452709198,0.23480744538706522,0.314741926684966,9.020980996491316
1776514790.5974958,0.5665338579154238,-0.03879299396014642,0.6523494447893013,0.8704089603038144,1.18425452709198,2.4556773498475164,2.214025760434087,1.576041579246521,1.2172784805297852,1.18425452709198,0.23539762193753627,0.3154655517229986,9.018904780630349
1776514790.656102,0.5873496126211096,-0.043374405382584955,0.6519970658124106,0.8697030696717704,1.1838983297348022,2.454059849063298,2.2109086304541887,1.548583745956421,1.2300682067871094,1.1838983297348022,0.23598953683042492,0.31619132466543726,9.016843446987394
1776514790.6986418,0.6244615928772486,-0.02317803716195423,0.6519970658124106,0.866226315132802,1.1838983297348022,2.454059849063298,2.2109086304541887,1.548583745956421,1.2300682067871094,1.1838983297348022,0.2365788932848737,0.3169398050610097,9.014664843933772
1776514790.7465913,0.6658955055469128,0.026077008552576338,0.6516389734751291,0.8739456229845791,1.1838983297348022,2.454059849063298,2.2109086304541887,1.548583745956421,1.2300682067871094,1.1838983297348022,0.23657657059961368,0.31693478938288044,9.012363424412927
1776514790.796548,0.6658955055469128,0.026077008552576338,0.6516409631816908,0.8703271392295694,1.1800657510757446,2.4530280049921296,2.2074086145225027,1.5504987239837646,1.2219483852386475,1.1800657510757446,0.23657657059961368,0.31693478938288044,9.012363424412927
1776514790.8515077,0.6656324901519356,0.08902384515199827,0.6516409631816908,0.8714458244724935,1.1800657510757446,2.4530280049921296,2.2074086145225027,1.5504987239837646,1.2219483852386475,1.1800657510757446,0.2667189450510782,0.31876561909227413,9.009984048661074
1776514790.8995697,0.6450929129003017,0.14050694790904125,0.6435324525012915,1.0270971999760707,1.1800657510757446,2.4530280049921296,2.2074086145225027,1.5504987239837646,1.2219483852386475,1.1800657510757446,0.2649400683408052,0.3166633766627749,9.007658481941391
1776514790.9477062,0.6291921457388282,0.14948275920383017,0.6445693573125402,0.9006547769545393,1.1733319759368896,2.449581453030469,2.1999245563223337,1.5584182739257812,1.2245210409164429,1.1733319759368896,0.2623453057937923,0.31354073432179014,9.005385630291956
1776514791.0006278,0.6202803914365844,0.18238371920472604,0.6460975773298632,0.8872212042122305,1.1733319759368896,2.449581453030469,2.1999245563223337,1.5584182739257812,1.2245210409164429,1.1733319759368896,0.2596359099571814,0.31023244022645174,9.003137471337087
1776514791.046593,0.6196677775627655,0.1893736422622582,0.6477066674273839,0.8787760866405865,1.1772844791412354,2.4492260170247575,2.1995541851349087,1.56124746799469,1.2231067419052124,1.1772844791412354,0.25660440466817613,0.30647925680335336,9.000878660364322
1776514791.0997155,0.6331449440317611,0.22223387194894484,0.651452087277267,0.8250400766143928,1.1772844791412354,2.4492260170247575,2.1995541851349087,1.56124746799469,1.2231067419052124,1.1772844791412354,0.2534108692409153,0.3024584774072229,8.998578636287759
1776514791.1483932,0.6521709273307847,0.2654511739953578,0.6537315140773128,0.837138191307394,1.1782793998718262,2.4484476004343803,2.199005154576005,1.589692234992981,1.2272872924804688,1.1782793998718262,0.24966831441044735,0.29768596675448056,8.996146907467072
1776514791.2024856,0.6169471219768007,0.2716142175201591,0.6570991259836623,0.8139953359286957,1.1782793998718262,2.4484476004343803,2.199005154576005,1.589692234992981,1.2272872924804688,1.1782793998718262,0.265917741666206,0.2897478722621568,8.99125937451581
1776514791.250534,0.6169471219768007,0.2716142175201591,0.6518593248667122,0.9667724773284664,1.1782793998718262,2.4484476004343803,2.199005154576005,1.589692234992981,1.2272872924804688,1.1782793998718262,0.265917741666206,0.2897478722621568,8.99125937451581
1776514791.2974331,0.686108093249344,0.21792344324137966,0.6518593248667122,0.8785181436187877,1.170324683189392,2.445541387129227,2.192346059022599,1.607325792312622,1.2200722694396973,1.170324683189392,0.26247405169105914,0.2856377910869392,8.988681537210288
1776514791.3514698,0.7067174906997,0.284323346178073,0.6538779574695102,0.836776517840069,1.170324683189392,2.445541387129227,2.192346059022599,1.607325792312622,1.2200722694396973,1.170324683189392,0.2583078175621477,0.2806655056937464,8.98575675774908
1776514791.3977132,0.7067174906997,0.284323346178073,0.6563200883800898,0.8238734648410136,1.170324683189392,2.445541387129227,2.192346059022599,1.607325792312622,1.2200722694396973,1.170324683189392,0.2583078175621477,0.2806655056937464,8.98575675774908
1776514791.4466164,0.6849582755053608,0.29355439436465897,0.6563200883800898,0.8530280663994869,1.170324683189392,2.445541387129227,2.192346059022599,1.607325792312622,1.2200722694396973,1.170324683189392,0.25356828809649923,0.27490902093119884,8.982853343975385
1776514791.4991605,0.6849582755053608,0.29355439436465897,0.6591262655389466,0.799389964129049,1.170324683189392,2.445541387129227,2.192346059022599,1.607325792312622,1.2200722694396973,1.170324683189392,0.25356828809649923,0.27490902093119884,8.982853343975385
1776514791.5466657,0.6612247190557065,0.2706247519292888,0.6591262655389466,0.836992768348877,1.1748758554458618,2.4422991017739495,2.1829992129752323,1.6231770515441895,1.2231513261795044,1.1748758554458618,0.24915212395312197,0.26944432459159473,8.979996602173715
1776514791.5974674,0.6291560458782354,0.248405082934874,0.6617692538781668,0.7838867541874679,1.1748758554458618,2.4422991017739495,2.1829992129752323,1.6231770515441895,1.2231513261795044,1.1748758554458618,0.24512609146127917,0.2644025986981543,8.977189988599056
1776514791.646867,0.6291560458782354,0.248405082934874,0.6641954973162745,0.778503739482638,1.1748758554458618,2.4422991017739495,2.1829992129752323,1.6231770515441895,1.2231513261795044,1.1748758554458618,0.24512609146127917,0.2644025986981543,8.977189988599056
1776514791.7020876,0.6089532714560016,0.228815422621128,0.6641954973162745,0.8080257296212889,1.1748758554458618,2.4422991017739495,2.1829992129752323,1.6231770515441895,1.2231513261795044,1.1748758554458618,0.24152251032759753,0.2598307392189223,8.97447863337052
1776514791.7480388,0.6258657928414842,0.2702534624749666,0.6663837204161472,0.7661103624372299,1.1691913604736328,2.4401754026165943,2.178378047495472,1.6360434293746948,1.2300432920455933,1.1691913604736328,0.23799351492375698,0.25528212593744437,8.971708188431926
1776514791.8105078,0.6270711767631314,0.23357844893151317,0.668546638976729,0.7591154440653302,1.1691913604736328,2.4401754026165943,2.178378047495472,1.6360434293746948,1.2300432920455933,1.1691913604736328,0.259296967159956,0.2506998292549928,8.968861785232566
1776514791.8580651,0.6270711767631314,0.23357844893151317,0.6644612120842931,0.8663097329961031,1.1691913604736328,2.4401754026165943,2.178378047495472,1.6360434293746948,1.2300432920455933,1.1691913604736328,0.259296967159956,0.2506998292549928,8.968861785232566
1776514791.9084952,0.6270711767631314,0.23357844893151317,0.6644612120842931,0.8065073595183252,1.1691913604736328,2.4401754026165943,2.178378047495472,1.6360434293746948,1.2300432920455933,1.1691913604736328,0.259296967159956,0.2506998292549928,8.968861785232566
1776514791.9547153,0.6402077023420658,0.23538864676535232,0.6644612120842931,0.8065073595183252,1.1707686185836792,2.4390638570450283,2.1743908014330104,1.6409351825714111,1.2272319793701172,1.1707686185836792,0.25548565643497534,0.24621788723465973,8.965953274874696
1776514792.0044923,0.6750892982418518,0.2540849126257823,0.6666766061526815,0.7632550473381503,1.1707686185836792,2.4390638570450283,2.1743908014330104,1.6409351825714111,1.2272319793701172,1.1707686185836792,0.25162498595995986,0.24161282355369565,8.962895617608119
1776514792.046842,0.6750892982418518,0.2540849126257823,0.6689389129430554,0.7517138510773327,1.1707686185836792,2.4390638570450283,2.1743908014330104,1.6409351825714111,1.2272319793701172,1.1707686185836792,0.25162498595995986,0.24161282355369565,8.962895617608119
1776514792.1758382,0.7036513259972058,0.2838545025957514,0.6714638475842327,0.7345191099191182,1.1707686185836792,2.4390638570450283,2.1743908014330104,1.6409351825714111,1.2272319793701172,1.1707686185836792,0.247351420596867,0.2364414086619885,8.95961081023114
1776514792.2078617,0.7036513259972058,0.2838545025957514,0.6714638475842327,0.7345191099191182,1.1707686185836792,2.4390638570450283,2.1743908014330104,1.6409351825714111,1.2272319793701172,1.1707686185836792,0.247351420596867,0.2364414086619885,8.95961081023114
1776514792.2644572,0.6803100899429877,0.38262752675895206,0.6714638475842327,0.7664922995186703,1.1776072978973389,2.4385049043156064,2.1716258088946194,1.6803637742996216,1.2155441045761108,1.1776072978973389,0.24169505823725276,0.22947053397111375,8.956337269014117
1776514792.2972918,0.6803100899429877,0.38262752675895206,0.6748410958123006,0.7066259212094942,1.1776072978973389,2.4385049043156064,2.1716258088946194,1.6803637742996216,1.2155441045761108,1.1776072978973389,0.24169505823725276,0.22947053397111375,8.956337269014117
1776514792.3479493,0.6598130012253998,0.4847155012528911,0.6748410958123006,0.7471937382154261,1.1776072978973389,2.4385049043156064,2.1716258088946194,1.6803637742996216,1.2155441045761108,1.1776072978973389,0.23400322911010463,0.21991639863969267,8.953077719529745
1776514792.3974438,0.6796517106642231,0.1948454193732073,0.6794545946451397,0.6644509306513253,1.1794323921203613,2.4380749820229304,2.1670299961857946,1.7348538637161255,1.2194762229919434,1.1794323921203613,0.2285756189293376,0.21310144834476782,8.949622296860275
1776514792.453456,0.6464070987650327,0.2512768432263555,0.682730538493272,0.6590708303129886,1.1794323921203613,2.4380749820229304,2.1670299961857946,1.7348538637161255,1.2194762229919434,1.1794323921203613,0.22489298635727029,0.20837170309958195,8.946226795929846
1776514792.4975297,0.6464070987650327,0.2512768432263555,0.684982890570085,0.6617251597564361,1.1794323921203613,2.4380749820229304,2.1670299961857946,1.7348538637161255,1.2194762229919434,1.1794323921203613,0.22489298635727029,0.20837170309958195,8.946226795929846
1776514792.5542421,0.6464070987650327,0.2512768432263555,0.684982890570085,0.6892406253138005,1.1794323921203613,2.4380749820229304,2.1670299961857946,1.7348538637161255,1.2194762229919434,1.1794323921203613,0.22489298635727029,0.20837170309958195,8.946226795929846
1776514792.607882,0.6415882127718072,0.24246109687799935,0.684982890570085,0.6892406253138005,1.1794323921203613,2.4380749820229304,2.1670299961857946,1.7348538637161255,1.2194762229919434,1.1794323921203613,0.24142751982707522,0.2035774127169652,8.942863974680677
1776514792.6525905,0.6415882127718072,0.24246109687799935,0.6821585894428268,0.7448853194018533,1.1794323921203613,2.4380749820229304,2.1670299961857946,1.7348538637161255,1.2194762229919434,1.1794323921203613,0.24142751982707522,0.2035774127169652,8.942863974680677
1776514792.6966271,0.6566901059597903,0.2772092425023558,0.6821585894428268,0.7053794888981327,1.1778558492660522,2.4373395718654804,2.165034554988894,1.7579902410507202,1.2192555665969849,1.1778558492660522,0.23735386017406962,0.19880349782030957,8.939422247768826
1776514792.746785,0.6474378380268135,0.24056978812718996,0.6845218478464479,0.6610354933422835,1.1778558492660522,2.4373395718654804,2.165034554988894,1.7579902410507202,1.2192555665969849,1.1778558492660522,0.23330480653268,0.19398957975622336,8.935936785525234
1776514792.7965555,0.6474378380268135,0.24056978812718996,0.6868901064220222,0.6431830829757916,1.1778558492660522,2.4373395718654804,2.165034554988894,1.7579902410507202,1.2192555665969849,1.1778558492660522,0.23330480653268,0.19398957975622336,8.935936785525234
1776514792.8465114,0.6692656727781383,0.23771340115761444,0.6891268517296509,0.6470911769663386,1.1847808361053467,2.4364096413708527,2.1601441294211314,1.7749847173690796,1.2177014350891113,1.1847808361053467,0.22583187889309977,0.18491792337049703,8.928762487768399
1776514792.8975942,0.6692656727781383,0.23771340115761444,0.6913133479751997,0.5988986977535632,1.1847808361053467,2.4364096413708527,2.1601441294211314,1.7749847173690796,1.2177014350891113,1.1847808361053467,0.22583187889309977,0.18491792337049703,8.928762487768399
1776514792.9480517,0.7128450654538635,0.26546741388476214,0.6913133479751997,0.653066582998859,1.178797721862793,2.4348801229972734,2.154329651390703,1.8138920068740845,1.200553059577942,1.178797721862793,0.21800320140176946,0.17511225914244485,8.920953898928511
1776514792.9969666,0.7206955048920645,0.2576502921556904,0.6960317606868696,0.5652868749793939,1.178797721862793,2.4348801229972734,2.154329651390703,1.8138920068740845,1.200553059577942,1.178797721862793,0.21404492231148897,0.17003869880045722,8.916866809349827
1776514793.0470197,0.7100459795251849,0.2537101060266937,0.6984498439133768,0.583753441025322,1.196728229522705,2.434477647954286,2.1503078250013083,1.843036413192749,1.2120213508605957,1.196728229522705,0.2269685509970529,0.16543710699305905,8.912735015474297
1776514793.0996952,0.7100459795251849,0.2537101060266937,0.6964815351906862,0.649694097918409,1.196728229522705,2.434477647954286,2.1503078250013083,1.843036413192749,1.2120213508605957,1.196728229522705,0.2269685509970529,0.16543710699305905,8.912735015474297
1776514793.1645226,0.7100459795251849,0.2537101060266937,0.6964815351906862,0.6235340846246507,1.196728229522705,2.434477647954286,2.1503078250013083,1.843036413192749,1.2120213508605957,1.196728229522705,0.2269685509970529,0.16543710699305905,8.912735015474297
1776514793.1977732,0.7100459795251849,0.2537101060266937,0.6964815351906862,0.6235340846246507,1.196728229522705,2.434477647954286,2.1503078250013083,1.843036413192749,1.2120213508605957,1.196728229522705,0.2269685509970529,0.16543710699305905,8.912735015474297
1776514793.2464979,0.7100459795251849,0.2537101060266937,0.6964815351906862,0.6235340846246507,1.196728229522705,2.434477647954286,2.1503078250013083,1.843036413192749,1.2120213508605957,1.196728229522705,0.2269685509970529,0.16543710699305905,8.912735015474297
1776514793.2964854,0.668189951239446,0.3033416001375225,0.6992766955971725,0.5670193623064209,1.196728229522705,2.434477647954286,2.1503078250013083,1.843036413192749,1.2120213508605957,1.196728229522705,0.2221567388002348,0.15978502223274407,8.90876703623987
1776514793.347859,0.6443535977342599,0.12080309553502033,0.6992766955971725,0.6075617394447287,1.196728229522705,2.434477647954286,2.1503078250013083,1.843036413192749,1.2120213508605957,1.196728229522705,0.2190572981437809,0.15614442411604387,8.90487386798069
1776514793.4062583,0.6496475526564446,0.09704413860400582,0.701077122115275,0.5758965484551382,1.1992156505584717,2.4334601943521563,2.142462907458148,1.8616818189620972,1.2083219289779663,1.1992156505584717,0.21722088739521492,0.15392329980593908,8.90103690548493
1776514793.4472606,0.6530653246675293,0.08161804668095907,0.7021618124307429,0.5780521323739838,1.1992156505584717,2.4334601943521563,2.142462907458148,1.8616818189620972,1.2083219289779663,1.1992156505584717,0.21582739247693483,0.1522109756615476,8.897176606211383
1776514793.5080044,0.6530653246675293,0.08161804668095907,0.7029924239105791,0.5738100560405877,1.1992156505584717,2.4334601943521563,2.142462907458148,1.8616818189620972,1.2083219289779663,1.1992156505584717,0.21582739247693483,0.1522109756615476,8.897176606211383
1776514793.5470471,0.6533332637702897,0.06888921677627308,0.7029924239105791,0.5863290062252624,1.1958801746368408,2.433099059238134,2.1405775219570837,1.8423858880996704,1.1994547843933105,1.1958801746368408,0.2147047276926693,0.15080526824899324,8.893315481627646
1776514793.5985274,0.6653288646498262,0.0692106578942078,0.7036689335117292,0.5731480143698487,1.1958801746368408,2.433099059238134,2.1405775219570837,1.8423858880996704,1.1994547843933105,1.1958801746368408,0.21359352174479757,0.14938249118588023,8.889432524779313
1776514793.6466746,0.7014555275326501,0.08979655648572406,0.7043473349882646,0.5689216430770047,1.1958801746368408,2.433099059238134,2.1405775219570837,1.8423858880996704,1.1994547843933105,1.1958801746368408,0.22714101269945428,0.14785408335510616,8.885387163683998
1776514793.696673,0.7014555275326501,0.08979655648572406,0.7013613214603078,0.6333688795354255,1.1958801746368408,2.433099059238134,2.1405775219570837,1.8423858880996704,1.1994547843933105,1.1958801746368408,0.22714101269945428,0.14785408335510616,8.885387163683998
1776514793.7466958,0.7014555275326501,0.08979655648572406,0.7013613214603078,0.5956495916553841,1.1958283185958862,2.429172958630748,2.1291908370215933,1.8187474012374878,1.1975668668746948,1.1958283185958862,0.22714101269945428,0.14785408335510616,8.885387163683998
1776514793.796626,0.7412827261272681,0.13163189684610885,0.7024958742684371,0.5730200113775381,1.1958283185958862,2.429172958630748,2.1291908370215933,1.8187474012374878,1.1975668668746948,1.1958283185958862,0.22517541860215223,0.14557114372793048,8.881100688081139
1776514793.8609498,0.7318130630751193,0.19676780286547615,0.7024958742684371,0.589166432751788,1.1958283185958862,2.429172958630748,2.1291908370215933,1.8187474012374878,1.1975668668746948,1.1958283185958862,0.22242716259301878,0.14233454794745068,8.87670915175862
1776514793.8987045,0.7318130630751193,0.19676780286547615,0.7024958742684371,0.589166432751788,1.1958283185958862,2.429172958630748,2.1291908370215933,1.8187474012374878,1.1975668668746948,1.1958283185958862,0.22242716259301878,0.14233454794745068,8.87670915175862
1776514793.952669,0.7257366010719442,0.237442083138343,0.7040946816012732,0.5800303908498682,1.1958283185958862,2.429172958630748,2.1291908370215933,1.8187474012374878,1.1975668668746948,1.1958283185958862,0.218722327989194,0.13788614376413766,8.872347123354125
1776514793.996698,0.7257366010719442,0.237442083138343,0.7062738530927646,0.5367122914158662,1.1959939002990723,2.4294074802460437,2.1268301380706682,1.7986297607421875,1.1959939002990723,1.2037864923477173,0.218722327989194,0.13788614376413766,8.872347123354125
1776514794.046634,0.7192211068289498,0.2621962402819773,0.7062738530927646,0.5675779823270597,1.1959939002990723,2.4294074802460437,2.1268301380706682,1.7986297607421875,1.1959939002990723,1.2037864923477173,0.21461114993007688,0.1328743974665942,8.867965870518717
1776514794.1015518,0.7192211068289498,0.2621962402819773,0.7087131589269743,0.5261923265900204,1.1959939002990723,2.4294074802460437,2.1268301380706682,1.7986297607421875,1.1959939002990723,1.2037864923477173,0.21461114993007688,0.1328743974665942,8.867965870518717
1776514794.1504922,0.709311320760418,0.2573941668979743,0.7087131589269743,0.5536390918458615,1.194954752922058,2.4290764235876754,2.123441479048223,1.796360969543457,1.194954752922058,1.2084143161773682,0.21050464414846703,0.1277924959229185,8.863593700463449
1776514794.196905,0.6781950910615466,0.2646805920853638,0.7111709308161691,0.5083312042933612,1.194954752922058,2.4290764235876754,2.123441479048223,1.796360969543457,1.194954752922058,1.2084143161773682,0.2063655578426163,0.12257648284757278,8.85930427805237
1776514794.2466428,0.6850092015307836,0.2646341355875629,0.7136744642263404,0.49396235723929577,1.194954752922058,2.4290764235876754,2.123441479048223,1.796360969543457,1.194954752922058,1.2084143161773682,0.2024437939121207,0.11755674996799248,8.855045974358609
1776514794.2977831,0.6967740491670431,0.2968383945224825,0.7160682739431077,0.4798327333699109,1.1899369955062866,2.4292433030289926,2.1210797018689216,1.765265941619873,1.1899369955062866,1.2181169986724854,0.20923970775125966,0.11186410403582805,8.850664051038146
1776514794.3524942,0.7003016831574934,0.27957895652031994,0.7159496445166508,0.5138186313564721,1.1899369955062866,2.4292433030289926,2.1210797018689216,1.765265941619873,1.1899369955062866,1.2181169986724854,0.20453857389176,0.1063553417880592,8.846192775039288
1776514794.4068391,0.7101348697732847,0.27772005118371734,0.71867678367862,0.4613969326464228,1.1899369955062866,2.4292433030289926,2.1210797018689216,1.765265941619873,1.1899369955062866,1.2181169986724854,0.19990324924957045,0.10083193576642044,8.841664555456397
1776514794.458002,0.7101348697732847,0.27772005118371734,0.7213914391745107,0.4474014679565059,1.1899369955062866,2.4292433030289926,2.1210797018689216,1.765265941619873,1.1899369955062866,1.2181169986724854,0.19990324924957045,0.10083193576642044,8.841664555456397
1776514794.4965625,0.7205898485166118,0.28984698012027205,0.7213914391745107,0.4811917761456541,1.183641791343689,2.427826393323293,2.111410689723619,1.774208426475525,1.183641791343689,1.2240917682647705,0.1952976966553509,0.09528972324441953,8.836920272546676
1776514794.550623,0.7205898485166118,0.28984698012027205,0.7241038579344141,0.42887235388955813,1.183641791343689,2.427826393323293,2.111410689723619,1.774208426475525,1.183641791343689,1.2240917682647705,0.1952976966553509,0.09528972324441953,8.836920272546676
1776514794.5986552,0.724000187118263,0.3058670310627396,0.7241038579344141,0.4656922403747765,1.183641791343689,2.427826393323293,2.111410689723619,1.774208426475525,1.183641791343689,1.2240917682647705,0.1904219858764942,0.08930981720920589,8.832110075997113
1776514794.6657,0.7244693701107727,0.3025339032866315,0.7270069107405459,0.4092393287949063,1.1730304956436157,2.425684600820374,2.103555173081536,1.7668683528900146,1.1730304956436157,1.2278385162353516,0.18563191306206991,0.0833426700813528,8.827235522271005
1776514794.6966546,0.7229342852723019,0.26277855848089443,0.7298848102855797,0.40417985788629984,1.1730304956436157,2.425684600820374,2.103555173081536,1.7668683528900146,1.1730304956436157,1.2278385162353516,0.18117846409561122,0.07769054472212494,8.82229598546692
1776514794.7636218,0.7172542997998921,0.220394580223832,0.732589674525711,0.36797683139387827,1.1730304956436157,2.425684600820374,2.103555173081536,1.7668683528900146,1.1730304956436157,1.2278385162353516,0.18476212113827647,0.07291520556460379,8.817348095723686
1776514794.7968218,0.7088666886279739,0.2248040175656084,0.7330236879150653,0.4099743135094351,1.1636329889297485,2.426225511152142,2.100449137028287,1.7479392290115356,1.1636329889297485,1.2373158931732178,0.18092502920455164,0.0684575199948387,8.812415282853673
1776514794.8495042,0.7094263579351735,0.24919258600737534,0.7352387870418982,0.36906194660684555,1.1636329889297485,2.426225511152142,2.100449137028287,1.7479392290115356,1.1636329889297485,1.2373158931732178,0.17692830410338384,0.06373963087424189,8.807461005020459
1776514794.9146228,0.7094263579351735,0.24919258600737534,0.7375669707211596,0.3586831352806993,1.1636329889297485,2.426225511152142,2.100449137028287,1.7479392290115356,1.1636329889297485,1.2373158931732178,0.17692830410338384,0.06373963087424189,8.807461005020459
1776514794.9495194,0.7190223711854848,0.304921895075649,0.7375669707211596,0.38876016730765983,1.1636329889297485,2.426225511152142,2.100449137028287,1.7479392290115356,1.1636329889297485,1.2373158931732178,0.17248225487786975,0.05840696423263528,8.802442171560276
1776514795.0073576,0.7190223711854848,0.304921895075649,0.740180521785639,0.3336162638425399,1.1568920612335205,2.4260044153038822,2.096330848861464,1.7360153198242188,1.1568920612335205,1.2436895370483398,0.17248225487786975,0.05840696423263528,8.802442171560276
1776514795.0506358,0.7307280358968113,0.31372652366247883,0.740180521785639,0.37382558979634894,1.1568920612335205,2.4260044153038822,2.096330848861464,1.7360153198242188,1.1568920612335205,1.2436895370483398,0.1672894004004592,0.05208339411507995,8.797249274031742
1776514795.0967145,0.7335734909392965,0.29798208329151626,0.7432597207468619,0.31185567575917206,1.1568920612335205,2.4260044153038822,2.096330848861464,1.7360153198242188,1.1568920612335205,1.2436895370483398,0.16240628261450812,0.0460366315428099,8.791953939108614
1776514795.1510642,0.7335734909392965,0.29798208329151626,0.7461833599491572,0.3004109621941166,1.1496835947036743,2.4248057155009226,2.088189112960079,1.7321068048477173,1.1496835947036743,1.2571357488632202,0.16240628261450812,0.0460366315428099,8.791953939108614
1776514795.1966484,0.7423844493035948,0.21587475526474184,0.7461833599491572,0.3395236574333875,1.1496835947036743,2.4248057155009226,2.088189112960079,1.7321068048477173,1.1496835947036743,1.2571357488632202,0.15852808735345517,0.04115542105018041,8.786554614218801
1776514795.2466288,0.7457158418974632,0.23818839766977182,0.7485274040928789,0.3016742017462084,1.1496835947036743,2.4248057155009226,2.088189112960079,1.7321068048477173,1.1496835947036743,1.2571357488632202,0.158477353079792,0.03641718405179953,8.781076802873052
1776514795.300603,0.7456803747461394,0.2348233086308399,0.7498668954893886,0.2970265897702513,1.1465306282043457,2.423661589512221,2.082455720258893,1.7189637422561646,1.1465306282043457,1.2665016651153564,0.1544110401881315,0.03171698293960504,8.77554935246628
1776514795.3532052,0.7461381373842381,0.19726537505800146,0.7522076626495015,0.2738079368080231,1.1465306282043457,2.423661589512221,2.082455720258893,1.7189637422561646,1.1465306282043457,1.2665016651153564,0.15087226768692497,0.027561630850477192,8.769966484487622
1776514795.3966978,0.7468917080817791,0.15415668761561965,0.7542629319047613,0.2673408675940118,1.1465306282043457,2.423661589512221,2.082455720258893,1.7189637422561646,1.1465306282043457,1.2665016651153564,0.14803733530560015,0.02417196835574345,8.764349444262207
1776514795.4465346,0.7468917080817791,0.15415668761561965,0.7559264403633806,0.26247660153029223,1.1292141675949097,2.4242958093990783,2.080526456758658,1.6989068984985352,1.1292141675949097,1.27297842502594,0.14803733530560015,0.02417196835574345,8.764349444262207
1776514795.4982793,0.7503368153759772,0.14379145008627037,0.7572632410825463,0.25896641336514153,1.1292141675949097,2.4242958093990783,2.080526456758658,1.6989068984985352,1.1292141675949097,1.27297842502594,0.1457818256550087,0.021427638758541395,8.758726732948865
1776514795.5486283,0.7551162840310404,0.18762075182471172,0.7585171785453387,0.2537857985059573,1.1292141675949097,2.4242958093990783,2.080526456758658,1.6989068984985352,1.1292141675949097,1.27297842502594,0.14251777081329128,0.01540937663161615,8.747363672922114
1776514795.5966344,0.7551162840310404,0.18762075182471172,0.7597708962981982,0.24464543068582004,1.1216009855270386,2.42259611044627,2.074793788504942,1.6887547969818115,1.1216009855270386,1.2766560316085815,0.14251777081329128,0.01540937663161615,8.747363672922114
1776514795.6480424,0.7530647934666532,0.20992061945482227,0.7617916590511989,0.22512939055334724,1.1216009855270386,2.42259611044627,2.074793788504942,1.6887547969818115,1.1216009855270386,1.2766560316085815,0.13897632425874512,0.011379668698561801,8.741618327130679
1776514795.696822,0.7552694976276834,0.1971332796489845,0.7638305957656815,0.21134512661515592,1.1042368412017822,2.4203440740525335,2.0657621630452407,1.68009614944458,1.1042368412017822,1.288936734199524,0.13543644591668832,0.007283642368975579,8.735835061644945
1776514795.7466912,0.7605449470615607,0.16288748409355522,0.7655952597004078,0.20905139716210897,1.1042368412017822,2.4203440740525335,2.0657621630452407,1.68009614944458,1.1042368412017822,1.288936734199524,0.1324013004955474,0.0037129020525512035,8.729988637492387
1776514795.7967923,0.7628709266942949,0.1495418210697892,0.7655952597004078,0.2285985159976702,1.1042368412017822,2.4203440740525335,2.0657621630452407,1.68009614944458,1.1042368412017822,1.288936734199524,0.12985853488686405,0.0006656928810931245,8.724087944538345
1776514795.8464606,0.7648367678440355,0.15958039236239874,0.7670892552018043,0.20064040325200638,1.1042368412017822,2.4203440740525335,2.0657621630452407,1.68009614944458,1.1042368412017822,1.288936734199524,0.12722703685759487,-0.0025442639620608665,8.718149054522488
1776514795.8975773,0.7650307434336003,0.12874354214164618,0.7686511806212631,0.19523578607806924,1.1028351783752441,2.4190733071061663,2.061299780858433,1.6687451601028442,1.1028351783752441,1.2946640253067017,0.12500082639494275,-0.005306499032724496,8.712178336630275
1776514795.9486291,0.7627059247340741,0.09566150758492349,0.7699856114776373,0.17779199173479396,1.1028351783752441,2.4190733071061663,2.061299780858433,1.6687451601028442,1.1028351783752441,1.2946640253067017,0.12248147481661284,-0.007542826146536702,8.706211529452553
1776514795.9991636,0.7627059247340741,0.09566150758492349,0.7712466596672439,0.1840766216691392,1.1052840948104858,2.418888871367611,2.0607936661773874,1.6601157188415527,1.1052840948104858,1.3070236444473267,0.12248147481661284,-0.007542826146536702,8.706211529452553
1776514796.050648,0.7628464131941619,0.07838957843049758,0.7712466596672439,0.1963048019014638,1.1052840948104858,2.418888871367611,2.0607936661773874,1.6601157188415527,1.1052840948104858,1.3070236444473267,0.12106380109111911,-0.009166098056147987,8.70024926699
1776514796.09769,0.7666410405638912,0.09992821285361728,0.7720584295807594,0.18329297149352702,1.1052840948104858,2.418888871367611,2.0607936661773874,1.6601157188415527,1.1052840948104858,1.3070236444473267,0.11960383583683629,-0.010868336396622102,8.694279106882599
1776514796.1468642,0.768609805053378,0.14644641289370036,0.7729029675601715,0.17167650459386646,1.0916861295700073,2.4150275180562573,2.049908678831002,1.643693208694458,1.0916861295700073,1.3194159269332886,0.11742762947699481,-0.013448124190957991,8.68826723844033
1776514796.209586,0.768609805053378,0.14644641289370036,0.7741737121452656,0.16329884387516572,1.0916861295700073,2.4150275180562573,2.049908678831002,1.643693208694458,1.0916861295700073,1.3194159269332886,0.11742762947699481,-0.013448124190957991,8.68826723844033
1776514796.257613,0.7647631129098141,0.17018923605988062,0.7741737121452656,0.16329884387516572,1.0916861295700073,2.4150275180562573,2.049908678831002,1.643693208694458,1.0916861295700073,1.3194159269332886,0.11477577405163744,-0.01664280208146439,8.682253765311186
1776514796.297516,0.7647631129098141,0.17018923605988062,0.7757364895217975,0.15125504718866267,1.0916861295700073,2.4150275180562573,2.049908678831002,1.643693208694458,1.0916861295700073,1.3194159269332886,0.11477577405163744,-0.01664280208146439,8.682253765311186
1776514796.3466074,0.7671296916181092,0.16267367168109947,0.7774369026952752,0.13396937171247503,1.0916861295700073,2.4150275180562573,2.049908678831002,1.643693208694458,1.0916861295700073,1.3194159269332886,0.10682570561585455,-0.023569852619414924,8.670168268964527
1776514796.3965724,0.7749588548665548,0.10910685269537011,0.7796794809182409,0.1198204921647601,1.0850554704666138,2.4150359249026767,2.049169309655777,1.6229079961776733,1.0850554704666138,1.3339895009994507,0.10682570561585455,-0.023569852619414924,8.670168268964527
1776514796.4496365,0.7749588548665548,0.10910685269537011,0.781093987923417,0.12324858072538253,1.0850554704666138,2.4150359249026767,2.049169309655777,1.6229079961776733,1.0850554704666138,1.3339895009994507,0.10433443419753237,-0.026379519075696634,8.664046342990487
1776514796.4968812,0.778701896403472,0.08405288192923294,0.781093987923417,0.140034354723332,1.0680468082427979,2.411585165658116,2.0387087820479852,1.6148405075073242,1.0680468082427979,1.346178412437439,0.10281258520917205,-0.028132875303032212,8.657857382342181
1776514796.549621,0.7805931041008775,0.10187627067276554,0.7819684336121377,0.12450924711498099,1.0680468082427979,2.411585165658116,2.0387087820479852,1.6148405075073242,1.0680468082427979,1.346178412437439,0.10112289401912704,-0.03010967867175514,8.651648392741448
1776514796.5984137,0.7765591040610781,0.06962701699537846,0.7829477407352714,0.11599178353733544,1.0680468082427979,2.411585165658116,2.0387087820479852,1.6148405075073242,1.0680468082427979,1.346178412437439,0.09968729886481364,-0.03182442563687754,8.645453894126202
1776514796.64669,0.7774776340919852,0.04551491332073579,0.7837896398643927,0.1133574158740822,1.0663942098617554,2.409406701245868,2.035689313728852,1.599409818649292,1.0663942098617554,1.3531073331832886,0.09885646367066298,-0.032835617196519215,8.639267504768391
1776514796.6966326,0.7801830646008514,0.05989122031387705,0.7842821439700183,0.1156073823738609,1.0663942098617554,2.409406701245868,2.035689313728852,1.599409818649292,1.0663942098617554,1.3531073331832886,0.09807343835375282,-0.03380871264979876,8.633084226923984
1776514796.7465017,0.7801830646008514,0.05989122031387705,0.784751933076798,0.11359353046644885,1.0663942098617554,2.409406701245868,2.035689313728852,1.599409818649292,1.0663942098617554,1.3531073331832886,0.09807343835375282,-0.03380871264979876,8.633084226923984
1776514796.7965145,0.7825587033658139,0.085283936823008,0.784751933076798,0.11913181098972606,1.0663942098617554,2.409406701245868,2.035689313728852,1.599409818649292,1.0663942098617554,1.3531073331832886,0.09334683193623129,-0.03532016210199937,8.626879210769038
1776514796.8494658,0.7785148615070819,0.12001199099125233,0.7863662437406296,0.09039263673660858,1.0620518922805786,2.4070086475878707,2.030294597350381,1.5807222127914429,1.0620518922805786,1.35861337184906,0.09154746672784515,-0.03737334100715918,8.620683179210017
1776514796.8965456,0.774637874124439,0.13957379348704377,0.7873945738665876,0.09102782347631513,1.0620518922805786,2.4070086475878707,2.030294597350381,1.5807222127914429,1.0620518922805786,1.35861337184906,0.0893014345865043,-0.039979490780656185,8.614513889440767
1776514796.952505,0.774637874124439,0.13957379348704377,0.7886902959027847,0.07994490975269092,1.0620518922805786,2.4070086475878707,2.030294597350381,1.5807222127914429,1.0620518922805786,1.35861337184906,0.0893014345865043,-0.039979490780656185,8.614513889440767
1776514796.9993014,0.77431378602882,0.15062841812498937,0.7901448777903606,0.06791813695047785,1.0641789436340332,2.403665902546222,2.0228851571552706,1.5742088556289673,1.0641789436340332,1.3690422773361206,0.08680593673695305,-0.04292847802883126,8.608339967713224
1776514797.051521,0.7757046218463651,0.14303585959083814,0.791599900033078,0.061439250808204664,1.0641789436340332,2.403665902546222,2.0228851571552706,1.5742088556289673,1.0641789436340332,1.3690422773361206,0.08433499038462733,-0.0459011343214428,8.602145184939062
1776514797.101831,0.782405599222515,0.10001644171806938,0.791599900033078,0.08000057123955488,1.0641789436340332,2.403665902546222,2.0228851571552706,1.5742088556289673,1.0641789436340332,1.3690422773361206,0.08228367158118022,-0.04841103568568816,8.595902490043533
1776514797.148584,0.7887136010116994,0.02806834582545113,0.7928196047535353,0.04052192266572051,1.062669277191162,2.4002593933267797,2.015195658208032,1.560585379600525,1.062669277191162,1.3855278491973877,0.07641261484538615,-0.04955618773674547,8.589583041322335
1776514797.200511,0.783337895934448,-0.0337082613079717,0.7946197536252515,0.03960142205245847,1.062669277191162,2.4002593933267797,2.015195658208032,1.560585379600525,1.062669277191162,1.3855278491973877,0.07656102059478843,-0.04938974687817804,8.58329427421275
1776514797.246833,0.7781923047889743,-0.08117901120570958,0.7945357519360032,0.06450973805105925,1.062669277191162,2.4002593933267797,2.015195658208032,1.560585379600525,1.062669277191162,1.3855278491973877,0.07761321115557018,-0.048178549120455674,8.577082702486823
1776514797.297714,0.7781923047889743,-0.08117901120570958,0.793931464542524,0.0743170266129086,1.0682188272476196,2.397005358302516,2.0096871905226,1.5409940481185913,1.0682188272476196,1.394368290901184,0.07761321115557018,-0.048178549120455674,8.577082702486823
1776514797.3525767,0.7737932469370987,-0.09828685269498046,0.793931464542524,0.066677345471292,1.0682188272476196,2.397005358302516,2.0096871905226,1.5409940481185913,1.0682188272476196,1.394368290901184,0.07917386506778773,-0.04635004712607976,8.570967112021702
1776514797.3965254,0.7734339122066269,-0.09571981163280667,0.7930261991982199,0.08406401062406392,1.0682188272476196,2.397005358302516,2.0096871905226,1.5409940481185913,1.0682188272476196,1.394368290901184,0.08079493932302761,-0.044414201492077324,8.564914732815875
1776514797.4485285,0.7734339122066269,-0.09571981163280667,0.7920756517083788,0.08983846860985492,1.0682188272476196,2.397005358302516,2.0096871905226,1.5409940481185913,1.0682188272476196,1.394368290901184,0.08079493932302761,-0.044414201492077324,8.564914732815875
1776514797.4968889,0.7721735522032306,-0.08236863195002167,0.7920756517083788,0.07728199023783605,1.068587064743042,2.393560770482073,2.0057327366018067,1.523998737335205,1.068587064743042,1.4011059999465942,0.08232336945850315,-0.04255616497912042,8.558923096436256
1776514797.5487063,0.7897975407823582,0.04029919873697756,0.791170237090611,0.09411955812902612,1.068587064743042,2.393560770482073,2.0057327366018067,1.523998737335205,1.068587064743042,1.4011059999465942,0.08284275671386063,-0.04192882161065779,8.552916400604053
1776514797.596518,0.7893167158044779,0.07324049321718679,0.7908636953590914,0.08802447158053432,1.0763019323349,2.3914310710502926,2.0037308501858173,1.5129843950271606,1.0763019323349,1.3862911462783813,0.07736913612891519,-0.043360525339884104,8.546844214222077
1776514797.6485097,0.789927279408446,0.06159194393327076,0.7932886653772641,0.04108398527822309,1.0763019323349,2.3914310710502926,2.0037308501858173,1.5129843950271606,1.0763019323349,1.3862911462783813,0.07624266498367381,-0.044649346261249445,8.540781655881316
1776514797.698283,0.7899022923178783,0.060493600401349414,0.7932886653772641,0.07035048355849119,1.0763019323349,2.3914310710502926,2.0037308501858173,1.5129843950271606,1.0763019323349,1.3862911462783813,0.07520091567074043,-0.045862972795094714,8.534723673823411
1776514797.746846,0.7890572241629974,0.026259684978122595,0.7938910016335999,0.05886054694638297,1.0705289840698242,2.3887712281683218,1.9985694475809972,1.4890753030776978,1.0705289840698242,1.3741340637207031,0.07451328323342574,-0.046675250995109024,8.528663250297983
1776514797.8013241,0.7890572241629974,0.026259684978122595,0.7942917229038073,0.05964203640621757,1.0705289840698242,2.3887712281683218,1.9985694475809972,1.4890753030776978,1.0705289840698242,1.3741340637207031,0.07451328323342574,-0.046675250995109024,8.528663250297983
1776514797.8466234,0.7822768741962427,-0.038905917881497096,0.7941858293930315,0.06656384300968858,1.0705289840698242,2.3887712281683218,1.9985694475809972,1.4890753030776978,1.0705289840698242,1.3741340637207031,0.07469477177890416,-0.04646039957612623,8.522667924839034
1776514797.9083085,0.7765068244240347,-0.0821262227770301,0.7941858293930315,0.06522383203982002,1.0801056623458862,2.384773869849707,1.9920412842280475,1.4525420665740967,1.0801056623458862,1.3531689643859863,0.07572955278607087,-0.04518499742279758,8.516757848627929
1776514797.9471896,0.773265261986388,-0.10158789825358788,0.7935679519762935,0.07574356365691866,1.0801056623458862,2.384773869849707,1.9920412842280475,1.4525420665740967,1.0801056623458862,1.3531689643859863,0.0728951255650068,-0.04330723725991069,8.510932239592744
1776514797.9992683,0.7704031012635161,-0.10788756494655218,0.790730258306505,0.06486238429137971,1.0801056623458862,2.384773869849707,1.9920412842280475,1.4525420665740967,1.0801056623458862,1.3531689643859863,0.07469714620738058,-0.041258982465310914,8.505178044853578
1776514798.0493054,0.7704031012635161,-0.10788756494655218,0.7897065555654642,0.08544609127361431,1.0801056623458862,2.384773869849707,1.9920412842280475,1.4525420665740967,1.0801056623458862,1.3531689643859863,0.07469714620738058,-0.041258982465310914,8.505178044853578
1776514798.098667,0.7677358910900456,-0.09691638662159242,0.7897065555654642,0.07354951859413056,1.0831108093261719,2.3822041306641233,1.9895711777429061,1.4464260339736938,1.0831108093261719,1.3314623832702637,0.07651068160360923,-0.03916341117797098,8.499495149295143
1776514798.1474965,0.7728852769707935,-0.059114156026168166,0.7886667640616406,0.0934351618400477,1.0831108093261719,2.3822041306641233,1.9895711777429061,1.4464260339736938,1.0831108093261719,1.3314623832702637,0.0778575728041096,-0.03758180302313424,8.493858950814236
1776514798.2288938,0.784630464132105,0.03502924013879455,0.7878874795881864,0.09368119584987179,1.0831108093261719,2.3822041306641233,1.9895711777429061,1.4464260339736938,1.0831108093261719,1.3314623832702637,0.0781451192440395,-0.037246978818902626,8.488209724395755
1776514798.2503052,0.7859456500119117,0.069353636842013,0.7877219007932194,0.08629935203564187,1.1056853532791138,2.380462763818958,1.9900871173040438,1.418109655380249,1.1056853532791138,1.3207910060882568,0.07697562596086084,-0.038667634812173377,8.48250419299918
1776514798.2966323,0.7859456500119117,0.069353636842013,0.7884117566377515,0.06914412348467547,1.1056853532791138,2.380462763818958,1.9900871173040438,1.418109655380249,1.1056853532791138,1.3207910060882568,0.07697562596086084,-0.038667634812173377,8.48250419299918
1776514798.3465765,0.7868189883203036,0.06733815218793539,0.6539463267482271,0.03550165697951883,1.1056853532791138,2.380462763818958,1.9900871173040438,1.418109655380249,1.1056853532791138,1.3207910060882568,0.07188625431826039,-0.04002335918179119,8.476809386057091
1776514798.396585,0.7819437560819151,0.008760225746150749,0.6539463267482271,0.07147883152742907,1.1022768020629883,2.3761041089409924,1.9851462988927986,1.4224607944488525,1.1022768020629883,1.30205500125885,0.07119971339093396,-0.040797505463182435,8.471124442130971
1776514798.448552,0.700693436737446,0.07880831489362704,0.6544677281401332,0.06060634773873881,1.1071890592575073,2.37238970991641,1.9779530429848384,1.4016472101211548,1.1071890592575073,1.2953295707702637,0.06970682716816698,-0.04253937808132578,8.460559970328172
1776514798.496608,0.681469840666793,0.12987431004272254,0.6549800705544823,0.05591036840178384,1.1071890592575073,2.37238970991641,1.9779530429848384,1.4016472101211548,1.1071890592575073,1.2953295707702637,0.0679559223057843,-0.04461973785015197,8.455596365025231
1776514798.5484216,0.6703036820090342,0.1687259138425533,0.6558241899430111,0.04406281734000954,1.1071890592575073,2.37238970991641,1.9779530429848384,1.4016472101211548,1.1071890592575073,1.2953295707702637,0.06553134179421372,-0.047547276167824865,8.450739456614912
1776514798.6026099,0.6627290684051618,0.07289724839993413,0.6570038831306348,0.03206548538392644,1.1251957416534424,2.369032794297789,1.9724974889795355,1.38751220703125,1.1251957416534424,1.287300944328308,0.06359056435274102,-0.04991897871758288,8.445934182609497
1776514798.6480753,0.6565309867670293,0.021090045854253486,0.6579547194553502,0.028711560861222937,1.1251957416534424,2.369032794297789,1.9724974889795355,1.38751220703125,1.1251957416534424,1.287300944328308,0.05773797390861526,0.11510070711043045,8.441192958771085
1776514798.696389,0.6569231845848258,0.019524869604547475,0.45654752480233346,0.856724408944998,1.1353236436843872,2.366438979687898,1.9674617034399033,1.38096284866333,1.1353236436843872,1.2653815746307373,0.05699269386718942,0.11426521767361325,8.436455833566626
1776514798.746485,0.6405497095572503,-0.004336765499672772,0.45680315710129493,0.2918669562163735,1.1353236436843872,2.366438979687898,1.9674617034399033,1.38096284866333,1.1353236436843872,1.2653815746307373,0.05681678618852681,0.11407005245122187,8.43181881945683
1776514798.7964883,0.6192496892891557,0.009577305830403973,0.45686314844524767,0.2948760911936941,1.1353236436843872,2.366438979687898,1.9674617034399033,1.38096284866333,1.1353236436843872,1.2653815746307373,0.05685417577418709,0.11412085565407283,8.42732024558144
1776514798.8504398,0.5979392699730862,0.0166493766087721,0.4568488153339397,0.2967608576090938,1.1383047103881836,2.3647291040552862,1.9681314286188705,1.3526188135147095,1.1383047103881836,1.26119065284729,0.05673712444653724,0.11398766663818267,8.422983683948084
1776514798.8964975,0.5979392699730862,0.0166493766087721,0.4568892984207237,0.29527019498821805,1.1383047103881836,2.3647291040552862,1.9681314286188705,1.3526188135147095,1.1383047103881836,1.26119065284729,0.05673712444653724,0.11398766663818267,8.422983683948084
1776514798.9498067,0.5772839398300097,-0.0064405134236166055,0.4570014129764966,0.2923916280221314,1.1383047103881836,2.3647291040552862,1.9681314286188705,1.3526188135147095,1.1383047103881836,1.26119065284729,0.056419639784654446,0.11361279932468991,8.418815581907424
1776514798.996614,0.5535209174410488,-0.004399384582847682,0.4570014129764966,0.29502476020940627,1.1566985845565796,2.3601248361356384,1.959917938396254,1.3576618432998657,1.1566985845565796,1.2508678436279297,0.05637539692070655,0.11356021957991633,8.414782987706806
1776514799.0466242,0.5307916300016335,-0.03444706829731058,0.45701709439010973,0.2945500770978019,1.1566985845565796,2.3601248361356384,1.959917938396254,1.3576618432998657,1.1566985845565796,1.2508678436279297,0.0565318292239348,0.11375535421478891,8.410948334372648
1776514799.0985093,0.5307916300016335,-0.03444706829731058,0.45696008298047086,0.2966720110627726,1.1566985845565796,2.3601248361356384,1.959917938396254,1.3576618432998657,1.1566985845565796,1.2508678436279297,0.0565318292239348,0.11375535421478891,8.410948334372648
1776514799.147507,0.4952783311557323,0.007545382745469674,0.456836144595377,0.2991344281079335,1.166071891784668,2.359013400510105,1.9601975789176465,1.337023138999939,1.166071891784668,1.223411202430725,0.06623175107898416,1.9075848287134616,8.40376013834027
1776514799.1967385,0.4808663988615179,0.0501996998121358,0.08,1.5,1.166071891784668,2.359013400510105,1.9601975789176465,1.337023138999939,1.166071891784668,1.223411202430725,0.0658466489484079,1.9071417659644476,8.400346367156358
1776514799.2469914,0.4629574438278845,0.030276169166824768,0.12,1.5,1.1677790880203247,2.356501212393543,1.9554395148405854,1.3341525793075562,1.1677790880203247,1.224444031715393,0.06534417607155878,1.906556462924896,8.397071591991416
1776514799.2995057,0.4471038570512956,0.003718827760050818,0.12,1.5,1.1677790880203247,2.356501212393543,1.9554395148405854,1.3341525793075562,1.1677790880203247,1.224444031715393,0.06527796312725315,1.9064794779813412,8.393915739039391
1776514799.3466191,0.4471038570512956,0.003718827760050818,0.12,1.5,1.1677790880203247,2.356501212393543,1.9554395148405854,1.3341525793075562,1.1677790880203247,1.224444031715393,0.06527796312725315,1.9064794779813412,8.393915739039391
1776514799.3970208,0.42962940390193843,-0.010455871941771734,0.12,1.5,1.1677790880203247,2.356501212393543,1.9554395148405854,1.3341525793075562,1.1677790880203247,1.224444031715393,0.06556107537264368,1.9068169447113308,8.39088687464975
1776514799.4475167,0.4138858268436933,-0.034855666224542475,0.12,1.5,1.1857657432556152,2.355017698219151,1.9560718219628428,1.3359075784683228,1.1857657432556152,1.214063048362732,0.06615458426286044,1.9075315633890693,8.387986865370607
1776514799.4985616,0.4138858268436933,-0.034855666224542475,0.12,1.5,1.1857657432556152,2.355017698219151,1.9560718219628428,1.3359075784683228,1.1857657432556152,1.214063048362732,0.06615458426286044,1.9075315633890693,8.387986865370607
1776514799.5485067,0.39377726559820936,-0.0470050667271933,0.12,1.5,1.1857657432556152,2.355017698219151,1.9560718219628428,1.3359075784683228,1.1857657432556152,1.214063048362732,0.06722588681285752,1.9088358561853522,8.385209975704274
1776514799.5978363,0.36191424012697215,0.024944352260583575,0.25861282360022037,-1.5,1.1955353021621704,2.353566578424826,1.9565260675015876,1.3137149810791016,1.1955353021621704,1.2070484161376953,0.06746235837935409,1.9091421594581606,8.38264504973608
1776514799.6486661,0.32317298149394524,0.0762102676735843,0.25861282360022037,1.4158194042684042,1.1955353021621704,2.353566578424826,1.9565260675015876,1.3137149810791016,1.1955353021621704,1.2070484161376953,0.0652444979509687,1.9064162364156272,8.377989053361741
1776514799.696573,0.3392177179560781,0.11003675526477348,0.25921703531024887,1.3913222559300373,1.1846022605895996,2.350756028754969,1.9512516799276742,1.309376835823059,1.1846022605895996,1.2051219940185547,0.2408183845779187,0.640275186927189,8.37566637767901
1776514799.74865,0.3503450915336346,0.1076338984005448,0.25963512109427433,1.3931374415966002,1.1846022605895996,2.350756028754969,1.9512516799276742,1.309376835823059,1.1846022605895996,1.2051219940185547,0.2985225689727094,0.6378443001882955,8.37327494628221
1776514799.7964265,0.3773447818100628,0.10128200193154915,0.3966561572768555,1.5,1.1846022605895996,2.350756028754969,1.9512516799276742,1.309376835823059,1.1846022605895996,1.2051219940185547,0.29663949254168426,0.6356188780153161,8.370672059910817
1776514799.847564,0.3761591229175874,0.07556492530631628,0.39745331987635385,1.4624959031281766,1.1924638748168945,2.3493261629513964,1.9484511325326603,1.3096795082092285,1.2082717418670654,1.1924638748168945,0.29517465803245846,0.6340252507984178,8.367904775361254
1776514799.8982618,0.373786047223591,0.023584044330017446,0.3980454645434617,1.4603535056607075,1.1924638748168945,2.3493261629513964,1.9484511325326603,1.3096795082092285,1.2082717418670654,1.1924638748168945,0.2940997594611709,0.6329971558047176,8.365067787329997
1776514799.946518,0.371587046006479,0.048747338921324795,0.3984512460318971,1.4619619025256578,1.1924638748168945,2.3493261629513964,1.9484511325326603,1.3096795082092285,1.2082717418670654,1.1924638748168945,0.29308254957523305,0.6321247852498963,8.36216974801382
1776514800.0033565,0.371587046006479,0.048747338921324795,0.39881480349699006,1.4588193287427522,1.1968883275985718,2.348220905697423,1.9480195985365487,1.2995920181274414,1.2060668468475342,1.1968883275985718,0.29308254957523305,0.6321247852498963,8.36216974801382
1776514800.0465088,0.3679226794201131,-0.03852914656858608,0.39881480349699006,1.4654385277881699,1.1968883275985718,2.348220905697423,1.9480195985365487,1.2995920181274414,1.2060668468475342,1.1968883275985718,0.2923352064073017,0.6316596504640741,8.359229704393835
1776514800.0986419,0.3668290568945914,0.008061899612499732,0.3990461612763043,1.4596820559651291,1.1968883275985718,2.348220905697423,1.9480195985365487,1.2995920181274414,1.2060668468475342,1.1968883275985718,0.29177670662742916,0.6315604305343077,8.356205497667762
1776514800.1495636,0.3655310382379302,-0.005209019037831609,0.39916855022230924,1.4604317407545833,1.1880741119384766,2.3457412703185034,1.9446059164263818,1.298237919807434,1.2245492935180664,1.1880741119384766,0.29133463475694427,0.6317411239645598,8.353102828990806
1776514800.2165117,0.36190447603097436,-0.005630232711970462,0.39921271154058463,1.4615723330076993,1.1880741119384766,2.3457412703185034,1.9446059164263818,1.298237919807434,1.2245492935180664,1.1880741119384766,0.290817068230687,0.6319530522680222,8.34993669272944
1776514800.2476888,0.34601705948906836,-0.04377316030726801,0.3992643378247273,1.4610983986207227,1.1802828311920166,2.346124183348657,1.9475011266947893,1.2784658670425415,1.225864052772522,1.1802828311920166,0.29041914963156595,0.6319148168285578,8.347142348770397
1776514800.2964761,0.34601705948906836,-0.04377316030726801,0.39934493724139997,1.4596842536740493,1.1802828311920166,2.346124183348657,1.9475011266947893,1.2784658670425415,1.225864052772522,1.1802828311920166,0.29041914963156595,0.6319148168285578,8.347142348770397
1776514800.3487093,0.33520370698297225,0.08602803562083028,0.39934493724139997,1.4612672823951476,1.1802828311920166,2.346124183348657,1.9475011266947893,1.2784658670425415,1.225864052772522,1.1802828311920166,0.289173245502664,0.6304785039062296,8.34462428999694
1776514800.3986375,0.3327218462749479,0.05449717874261938,0.40028963227199815,1.4376549591821322,1.1706119775772095,2.342545408214495,1.940063288966602,1.293556809425354,1.2316704988479614,1.1706119775772095,0.28817089556362396,0.6292925371711133,8.342214448061844
1776514800.4476252,0.32315236318331997,0.05905789597044481,0.40028963227199815,1.4538341490853999,1.1706119775772095,2.342545408214495,1.940063288966602,1.293556809425354,1.2316704988479614,1.1706119775772095,0.2872099666734815,0.6281258609997906,8.339873033085297
1776514800.4992766,0.31229119735081484,0.06056830296518195,0.40070273600609047,1.443424507321057,1.1706119775772095,2.342545408214495,1.940063288966602,1.293556809425354,1.2316704988479614,1.1706119775772095,0.286369089816351,0.6271844196702655,8.337532411780153
1776514800.5532067,0.30258027167709806,0.03137552500476608,0.4010480676121731,1.4418038326997376,1.1701092720031738,2.341660707334365,1.9414493259452958,1.2784132957458496,1.2347753047943115,1.1701092720031738,0.34394533812395184,0.6259115152283677,8.33534575909329
1776514800.5964994,0.29026799735740366,0.06758792744694586,0.49312888038408953,1.5,1.1701092720031738,2.341660707334365,1.9414493259452958,1.2784132957458496,1.2347753047943115,1.1701092720031738,0.3428691317205919,0.6246611452967881,8.333242629881383
1776514800.6506064,0.2806063094881022,0.06382079302369911,0.4936982940383834,1.5,1.1701092720031738,2.341660707334365,1.9414493259452958,1.2784132957458496,1.2347753047943115,1.1701092720031738,0.34174900936682107,0.6233052879703357,8.331243763443455
1776514800.6986864,0.2806063094881022,0.06382079302369911,0.4943049196436962,1.5,1.1701092720031738,2.341660707334365,1.9414493259452958,1.2784132957458496,1.2347753047943115,1.1701092720031738,0.34174900936682107,0.6233052879703357,8.331243763443455
1776514800.7494924,0.28176733988934116,0.054598082797720486,0.4943049196436962,1.5,1.1634799242019653,2.342216408109356,1.9450848194596178,1.2767962217330933,1.235239863395691,1.1634799242019653,0.3407272715880395,0.6221071831391511,8.329226142982444
1776514800.7966506,0.2799096379425881,0.0328223368105144,0.4948483417368889,1.5,1.1634799242019653,2.342216408109356,1.9450848194596178,1.2767962217330933,1.235239863395691,1.1634799242019653,0.3398397693706027,0.6211255408139451,8.327183760828733
1776514800.848918,0.2799096379425881,0.0328223368105144,0.49530521468789585,1.5,1.1634799242019653,2.342216408109356,1.9450848194596178,1.2767962217330933,1.235239863395691,1.1634799242019653,0.3398397693706027,0.6211255408139451,8.327183760828733
1776514800.897156,0.26741420617825984,0.03231746678956363,0.49530521468789585,1.5,1.1544115543365479,2.3378852588175403,1.9358680805493516,1.2803189754486084,1.2403134107589722,1.1544115543365479,0.3391170258834403,0.6204319470704033,8.325116562274152
1776514800.9464917,0.24424823021523703,0.040974966498089335,0.49565011916665347,1.5,1.1544115543365479,2.3378852588175403,1.9358680805493516,1.2803189754486084,1.2403134107589722,1.1544115543365479,0.33838776994298214,0.619710733588165,8.32317697150534
1776514800.998409,0.22337217072610233,0.05217213297372858,0.49600361530329534,1.5,1.1544115543365479,2.3378852588175403,1.9358680805493516,1.2803189754486084,1.2403134107589722,1.1544115543365479,0.3375497009560552,0.6187823638129157,8.321433234248376
1776514801.046597,0.22337217072610233,0.05217213297372858,0.49643540110260054,1.5,1.1511000394821167,2.3377149646531423,1.936698098218769,1.2657326459884644,1.2425540685653687,1.1511000394821167,0.3375497009560552,0.6187823638129157,8.321433234248376
1776514801.0966656,0.19570785218658934,0.04899584506925028,0.49643540110260054,1.5,1.1511000394821167,2.3377149646531423,1.936698098218769,1.2657326459884644,1.2425540685653687,1.1511000394821167,0.33664302732727025,0.6177053384059299,8.319905241573744
1776514801.146557,0.16478416508193625,0.043737890685261606,0.49692117830183746,1.4986185078684569,1.1511000394821167,2.3377149646531423,1.936698098218769,1.2657326459884644,1.2425540685653687,1.1511000394821167,0.33585903653930715,0.6167742182239333,8.318586523367252
1776514801.19661,0.16478416508193625,0.043737890685261606,0.4973411804232138,1.4962162379013808,1.1511000394821167,2.3377149646531423,1.936698098218769,1.2657326459884644,1.2425540685653687,1.1511000394821167,0.33585903653930715,0.6167742182239333,8.318586523367252
1776514801.246621,0.13548977421675507,0.04166341335640684,0.4973411804232138,1.5,1.147805094718933,2.3383191924311295,1.9396168909448523,1.2760854959487915,1.2471003532409668,1.147805094718933,0.33515669390075187,0.6159339948098697,8.317486683328923
1776514801.2969172,0.09464597177598207,0.01259098796968358,0.49771900041583983,1.4944254784583366,1.147805094718933,2.3383191924311295,1.9396168909448523,1.2760854959487915,1.2471003532409668,1.147805094718933,0.33458611631854257,0.6152822256486433,8.316595552070881
1776514801.347481,0.04995764182595371,-0.02298492409442145,0.4980180291260539,1.4941140947570861,1.147805094718933,2.3383191924311295,1.9396168909448523,1.2760854959487915,1.2471003532409668,1.147805094718933,0.3343332726322218,0.6150518706225669,8.315980893604173
1776514801.3977041,0.04995764182595371,-0.02298492409442145,0.49813553605982047,1.4959125091960925,1.1445283889770508,2.33790948851918,1.9401701864630783,1.2691503763198853,1.25223970413208,1.1445283889770508,0.3343332726322218,0.6150518706225669,8.315980893604173
1776514801.4485233,0.06810754971265022,0.2862665057872598,0.49799159196716236,1.5,1.1445283889770508,2.33790948851918,1.9401701864630783,1.2691503763198853,1.25223970413208,1.1445283889770508,0.3329845963174067,0.6134519985755007,8.315613038686807
1776514801.497355,0.06810754971265022,0.2862665057872598,0.49885756409787885,1.4802524663740178,1.1445283889770508,2.33790948851918,1.9401701864630783,1.2691503763198853,1.25223970413208,1.1445283889770508,0.3329845963174067,0.6134519985755007,8.315613038686807
1776514801.5476184,0.16966407620465407,0.6092613705493466,0.49885756409787885,1.4930210164178668,1.1514339447021484,2.335440722358767,1.9325304802878953,1.2768447399139404,1.2549906969070435,1.1514339447021484,0.32433536456551837,0.6020073828371479,8.314707947170193
1776514801.5964956,0.2842545468297297,0.5004874513267187,0.5037919627832609,1.384915535941712,1.1514339447021484,2.335440722358767,1.9325304802878953,1.2768447399139404,1.2549906969070435,1.1514339447021484,0.3133170782370903,0.5877868539983123,8.312817513237079
1776514801.6508646,0.2749461284792512,0.6145024787379155,0.5099858357567635,1.3379249279703074,1.1514339447021484,2.335440722358767,1.9325304802878953,1.2768447399139404,1.2549906969070435,1.1514339447021484,0.30487689002115964,0.577005733622645,8.310804763440007
1776514801.696588,0.13982108624245487,0.4155145957080858,0.5147016936485652,1.3266844843571621,0.10000000149011612,2.025102548714758,1.9272820554220949,0.224765807390213,1.2483339309692383,0.10000000149011612,0.29960929206231274,0.5700034472441148,8.309745963122964
1776514801.7464128,0.14222863326600038,0.27626597625896826,0.5177151361766248,1.33732346068661,0.10000000149011612,2.025102548714758,1.9272820554220949,0.224765807390213,1.2483339309692383,0.10000000149011612,0.2933304319583044,0.5603220049443444,8.309715174422848
1776514801.7966077,0.14222863326600038,0.27626597625896826,0.5216496389109244,1.288570407259747,0.10000000149011612,2.025102548714758,1.9272820554220949,0.224765807390213,1.2483339309692383,0.10000000149011612,0.2933304319583044,0.5603220049443444,8.309715174422848
1776514801.849794,0.14222863326600038,0.27626597625896826,0.5216496389109244,1.3509110299309093,0.10000000149011612,2.025102548714758,1.9272820554220949,0.224765807390213,1.2483339309692383,0.10000000149011612,0.2933304319583044,0.5603220049443444,8.309715174422848
1776514801.9094427,0.14222863326600038,0.27626597625896826,0.5216496389109244,1.3509110299309093,0.10000000149011612,2.025102548714758,1.9272820554220949,0.224765807390213,1.2483339309692383,0.10000000149011612,0.2933304319583044,0.5603220049443444,8.309715174422848
1776514801.972343,0.14222863326600038,0.27626597625896826,0.5216496389109244,1.3509110299309093,0.10000000149011612,2.025102548714758,1.9272820554220949,0.224765807390213,1.2483339309692383,0.10000000149011612,0.2933304319583044,0.5603220049443444,8.309715174422848
1776514801.996489,0.09359097727532023,0.1360202165317077,0.5216496389109244,1.3509110299309093,1.1509671211242676,2.3365751560087555,1.931354467369905,1.3133876323699951,1.2567059993743896,1.1509671211242676,0.29033891685336355,0.556072295159833,8.308991930126357
1776514802.0467947,0.050946783689870614,0.042907603282952296,0.5234310676166447,1.3093349562094476,1.1509671211242676,2.3365751560087555,1.931354467369905,1.3133876323699951,1.2567059993743896,1.1509671211242676,0.28917286529921576,0.5543160554706046,8.308587878541946
1776514802.0968745,0.001776332052140632,0.024632335729468876,0.524151044122725,1.3253784232992958,1.1509671211242676,2.3365751560087555,1.931354467369905,1.3133876323699951,1.2567059993743896,1.1509671211242676,0.28927042800649994,0.5542901782723897,8.308465526846247
1776514802.1471233,0.0057327649435506365,-0.004335154009559095,0.5241351522534113,1.3356132319343845,1.1459782123565674,2.3366886450117326,1.9326275773623929,1.3096369504928589,1.258400321006775,1.1459782123565674,0.28927042800649994,0.5542901782723897,8.308465526846247
1776514802.2110124,0.0057327649435506365,-0.004335154009559095,0.5241964942944388,1.3340070956259924,1.1459782123565674,2.3366886450117326,1.9326275773623929,1.3096369504928589,1.258400321006775,1.1459782123565674,0.28918264534017063,0.5541301380509561,8.308524207385927
1776514802.261546,0.0057327649435506365,-0.004335154009559095,0.5241964942944388,1.3350312301713756,1.1459782123565674,2.3366886450117326,1.9326275773623929,1.3096369504928589,1.258400321006775,1.1459782123565674,0.28918264534017063,0.5541301380509561,8.308524207385927
1776514802.296837,-5.3945595740297736e-05,0.0016216862446053802,0.5241964942944388,1.3350312301713756,1.1459782123565674,2.3366886450117326,1.9326275773623929,1.3096369504928589,1.258400321006775,1.1459782123565674,0.28914756444911316,0.5540807146993422,8.308530748555599
1776514802.346683,-5.3945595740297736e-05,0.0016216862446053802,0.5242172789887425,1.3345860398587308,1.1459782123565674,2.3366886450117326,1.9326275773623929,1.3096369504928589,1.258400321006775,1.1459782123565674,0.28914756444911316,0.5540807146993422,8.308530748555599
1776514802.3964775,0.0013658470449679706,-0.0028706286531648964,0.5242172789887425,1.3349016363256707,1.1490212678909302,2.3360107633165472,1.9324550562340368,1.3011136054992676,1.2577025890350342,1.1490212678909302,0.28920065415062174,0.5541562511742091,8.308519795298219
1776514802.4465098,-3.054900649455767e-05,-0.002981160063869301,0.5241856341473405,1.335595779774734,1.1490212678909302,2.3360107633165472,1.9324550562340368,1.3011136054992676,1.2577025890350342,1.1490212678909302,0.2892602144467252,0.554243930538017,8.308508597321874
1776514802.4966025,-0.0015892488346852295,-0.0004609162715588984,0.5241557446475785,1.335704387783964,1.1490212678909302,2.3360107633165472,1.9324550562340368,1.3011136054992676,1.2577025890350342,1.1490212678909302,0.2892497286422475,0.5542285609236276,8.308517872530276
1776514802.547628,-0.0021881025584274704,0.0020248435463273294,0.5241557446475785,1.3352853067226407,1.144639253616333,2.336094399385161,1.9326217717626537,1.3039132356643677,1.239882230758667,1.144639253616333,0.28924166254483324,0.5542212476074808,8.30852114288946
1776514802.6002963,0.0002807320080169713,-0.0005337796681844623,0.524281449332048,1.3327348002116521,1.144639253616333,2.336094399385161,1.9326217717626537,1.3039132356643677,1.239882230758667,1.144639253616333,0.288974192077006,0.5537144350025969,8.308663131991642
1776514802.6868677,0.0002807320080169713,-0.0005337796681844623,0.5243513119474448,1.3331040895533421,1.146459698677063,2.3367394731620417,1.9337895797388673,1.3071184158325195,1.2518372535705566,1.146459698677063,0.288974192077006,0.5537144350025969,8.308663131991642
1776514802.73043,0.0002807320080169713,-0.0005337796681844623,0.5243513119474448,1.3331040895533421,1.146459698677063,2.3367394731620417,1.9337895797388673,1.3071184158325195,1.2518372535705566,1.146459698677063,0.288974192077006,0.5537144350025969,8.308663131991642
1776514802.7492046,0.0002807320080169713,-0.0005337796681844623,0.5243513119474448,1.3331040895533421,1.146459698677063,2.3367394731620417,1.9337895797388673,1.3071184158325195,1.2518372535705566,1.146459698677063,0.288974192077006,0.5537144350025969,8.308663131991642
1776514802.80181,0.0008039889336060369,-0.001002424818425464,0.5243513119474448,1.3340659325950437,1.146459698677063,2.3367394731620417,1.9337895797388673,1.3071184158325195,1.2518372535705566,1.146459698677063,0.28898458392354986,0.5537284498109043,8.308658847477554
1776514802.8496218,0.0005639584282544894,0.0007720765736173275,0.5243453155426365,1.3341943095463629,1.146459698677063,2.3367394731620417,1.9337895797388673,1.3071184158325195,1.2518372535705566,1.146459698677063,0.28898040719990925,0.5537231801585172,8.308654666787529
1776514802.8975515,0.0006629596351526661,-0.00046717397702379784,0.5243476324285299,1.3340578224103048,1.1431212425231934,2.336649309695594,1.9336135542222948,1.3101075887680054,1.254866600036621,1.1431212425231934,0.28898339579749954,0.5537275686812274,8.30864931721453
1776514802.9478068,0.0008160441344868305,-0.0010107660266807524,0.5243458160523802,1.3341263047662024,1.1431212425231934,2.336649309695594,1.9336135542222948,1.3101075887680054,1.254866600036621,1.1431212425231934,0.28899436508765625,0.5537428245777603,8.308642409093498
1776514802.9979532,2.438197819595875e-07,-0.003944815242846462,0.5243393678059988,1.3342334722733435,1.1431212425231934,2.336649309695594,1.9336135542222948,1.3101075887680054,1.254866600036621,1.1431212425231934,0.28898868516242243,0.5537369338486797,8.308637964589288
1776514803.072285,0.001015110655625067,-0.002759648591418225,0.5243421912358998,1.334085590410435,1.1477513313293457,2.3366336329572186,1.9332699590211635,1.3063701391220093,1.2581417560577393,1.1477513313293457,0.2890263565174841,0.5537963869403725,8.308620808738985
1776514803.0975335,0.0005776891722116158,-0.012944502745625136,0.5243421912358998,1.334122800791776,1.1477513313293457,2.3366336329572186,1.9332699590211635,1.3063701391220093,1.2581417560577393,1.1477513313293457,0.2890681843254629,0.5538613008793937,8.308607266343579
1776514803.1464794,0.0005776891722116158,-0.012944502745625136,0.5242919165036237,1.336962257221876,1.1477513313293457,2.3366336329572186,1.9332699590211635,1.3063701391220093,1.2581417560577393,1.1477513313293457,0.2890681843254629,0.5538613008793937,8.308607266343579
1776514803.1963809,0.014673003213226059,-0.1538525663782249,0.5242919165036237,1.3344362668356966,1.146907091140747,2.3364747428541155,1.9318233269127658,1.307754397392273,1.2446657419204712,1.146907091140747,0.29078839078427104,0.5561792468820913,8.308550692603296
1776514803.2466304,0.014673003213226059,-0.1538525663782249,0.5232998154668747,1.354956077061684,1.146907091140747,2.3364747428541155,1.9318233269127658,1.307754397392273,1.2446657419204712,1.146907091140747,0.29078839078427104,0.5561792468820913,8.308550692603296
1776514803.299977,0.03432754462306049,-0.21700318308731734,0.5232998154668747,1.3406220777406965,1.1498425006866455,2.3358607792832253,1.9343864162052504,1.2971819639205933,1.253693699836731,1.1498425006866455,0.2933147032419526,0.5596126685171974,8.30828952592057
1776514803.347067,0.06293083642090151,-0.2921020188292385,0.5218352966865064,1.3685820191797307,1.1498425006866455,2.3358607792832253,1.9343864162052504,1.2971819639205933,1.253693699836731,1.1498425006866455,0.2974292210869104,0.5651861054337217,8.307761581046433
1776514803.3971229,0.07689509624246228,-0.4119335218737363,0.519454822181297,1.3985363131517126,1.1498425006866455,2.3358607792832253,1.9343864162052504,1.2971819639205933,1.253693699836731,1.1498425006866455,0.30264706584238577,0.5725149766298885,8.306898156954688
1776514803.45093,0.2182091556329155,-0.7197703467171209,0.5122697348021871,1.5,1.1436796188354492,2.335917385058972,1.9371853450439012,1.2847453355789185,1.2499734163284302,1.1436796188354492,0.3186443202582437,0.5943579699577459,8.30430565389177
1776514803.4994926,0.23900896428664897,-0.8046886443314628,0.5070692623979967,1.5,1.1436796188354492,2.335917385058972,1.9371853450439012,1.2847453355789185,1.2499734163284302,1.1436796188354492,0.33360495467695994,0.6136257602683748,8.31017387208507
1776514803.5465126,0.23900896428664897,-0.8046886443314628,0.49866970151460793,1.5,1.1295087337493896,2.332501864455344,1.9316686312322322,1.2557722330093384,1.2739089727401733,1.1295087337493896,0.33360495467695994,0.6136257602683748,8.31017387208507
1776514803.5970566,0.23024580460641256,-0.760821559925569,0.49194681942182783,1.5,1.1295087337493896,2.332501864455344,1.9316686312322322,1.2557722330093384,1.2739089727401733,1.1295087337493896,0.345388089929959,0.6292194277961256,8.308572080919346
1776514803.6475909,0.22545279619548433,-0.681017461895942,0.49194681942182783,1.5,1.1295087337493896,2.332501864455344,1.9316686312322322,1.2557722330093384,1.2739089727401733,1.1295087337493896,0.3562247548124795,0.6437323118936685,8.307032965586238
1776514803.6965,0.2205093152779212,-0.5622592992618177,0.48571987002489775,1.5,1.1239434480667114,2.3337895075112556,1.93933199957588,1.2201122045516968,1.2754331827163696,1.1239434480667114,0.36532231624481026,0.6562128862181668,8.305636909621697
1776514803.7468746,0.17257413519409176,-0.420815137582247,0.48041608789318124,1.5,1.1239434480667114,2.3337895075112556,1.93933199957588,1.2201122045516968,1.2754331827163696,1.1239434480667114,0.37269584598632194,0.6662417968007204,8.304486272201252
1776514803.79685,0.13704136639229184,-0.1887004030127753,0.47613960400027716,1.5,1.1239434480667114,2.3337895075112556,1.93933199957588,1.2201122045516968,1.2754331827163696,1.1239434480667114,0.3771502189044767,0.672817162417841,8.30325303370472
1776514803.8470333,0.08329746517638978,-0.016713985509150212,0.47342353100078377,1.5,1.1260647773742676,2.3316997324946187,1.9334206357682517,1.209246039390564,1.281891942024231,1.1260647773742676,0.3782296827908234,0.6750449655453175,8.30210820848273
1776514803.8990247,0.0484698938435096,-0.09896412138784808,0.47260254261743,1.5,1.1260647773742676,2.3316997324946187,1.9334206357682517,1.209246039390564,1.281891942024231,1.1260647773742676,0.37746923834930446,0.6754488719704524,8.30074599222966
1776514803.9480689,0.04161357498766835,-0.1798813215226176,0.47267452101265395,1.5,1.1243443489074707,2.332361082144075,1.9307650362388464,1.207385778427124,1.2708722352981567,1.1243443489074707,0.37831931884643033,0.6789926190866399,8.298904834431559
1776514803.9968374,0.04161357498766835,-0.1798813215226176,0.4715688203898928,1.5,1.1243443489074707,2.332361082144075,1.9307650362388464,1.207385778427124,1.2708722352981567,1.1243443489074707,0.37831931884643033,0.6789926190866399,8.298904834431559
1776514804.049919,0.04978590376084976,-0.06448738564673319,0.470746775309837,1.5,1.1243443489074707,2.332361082144075,1.9307650362388464,1.207385778427124,1.2708722352981567,1.1243443489074707,0.3788224592881682,0.6817432311697932,8.297262810782719
1776514804.0968509,0.05773667689028701,-0.03211751161713392,0.470746775309837,1.5,1.1243443489074707,2.332361082144075,1.9307650362388464,1.207385778427124,1.2708722352981567,1.1243443489074707,0.37826548001535687,0.682116360965103,8.296143898658567
1776514804.147486,0.050832728830132665,-0.11065900783170549,0.47077966070844673,1.5,1.1218481063842773,2.333081484723157,1.9312515774706027,1.2028956413269043,1.2795747518539429,1.1218481063842773,0.37841459860749455,0.6839867680087105,8.294728814477736
1776514804.1969945,0.06753480845202295,0.006953213212212019,0.47026525005179487,1.5,1.1218481063842773,2.333081484723157,1.9312515774706027,1.2028956413269043,1.2795747518539429,1.1218481063842773,0.440849787976418,0.683850686454872,8.293735937250045
1776514804.249677,0.06706061369489584,-0.05470234300836009,0.49742766122257853,1.5,1.1248737573623657,2.3317464035380007,1.9265432793214123,1.2065529823303223,1.2724974155426025,1.1248737573623657,0.44060575586282225,0.6847222179763812,8.292487464816956
1776514804.29907,0.11221060025902187,0.14702699384451023,0.4972451284891821,1.5,1.1248737573623657,2.3317464035380007,1.9265432793214123,1.2065529823303223,1.2724974155426025,1.1248737573623657,0.4386924146966586,0.682439480823704,8.291814390926731
1776514804.347821,0.17620868062684122,0.17953297335857848,0.498366456865805,1.5,1.1248737573623657,2.3317464035380007,1.9265432793214123,1.2065529823303223,1.2724974155426025,1.1248737573623657,0.4360155517834401,0.6790018133355255,8.291022142711409
1776514804.396945,0.2733905967795041,0.14069321948159533,0.500003573216626,1.5,1.1202651262283325,2.333181735324595,1.932951072119907,1.2041517496109009,1.2874913215637207,1.1202651262283325,0.43330306352282333,0.6755125894209913,8.28970430082054
1776514804.4478846,0.3644710233169504,0.09435792015309993,0.501664102954371,1.5,1.1202651262283325,2.333181735324595,1.932951072119907,1.2041517496109009,1.2874913215637207,1.1202651262283325,0.43138502245912635,0.6730277706942992,8.287789464503474
1776514804.5000904,0.3644710233169504,0.09435792015309993,0.5028431985458964,1.5,1.1202651262283325,2.333181735324595,1.932951072119907,1.2041517496109009,1.2874913215637207,1.1202651262283325,0.43138502245912635,0.6730277706942992,8.287789464503474
1776514804.55283,0.4151793511952023,0.38607607130149035,0.5028431985458964,1.5,1.106872797012329,2.3299271601642535,1.9286104885131434,1.2064968347549438,1.2811353206634521,1.106872797012329,0.4278340324510476,0.6683332134414138,8.285538946896171
1776514804.5968103,0.43096269376939916,0.584757102089397,0.5050525240587401,1.5,1.106872797012329,2.3299271601642535,1.9286104885131434,1.2064968347549438,1.2811353206634521,1.106872797012329,0.41990374013191845,0.6579260564358902,8.282954024581876
1776514804.6472366,0.41791416466605436,0.5886147896713825,0.5099649616847074,1.5,1.106872797012329,2.3299271601642535,1.9286104885131434,1.2064968347549438,1.2811353206634521,1.106872797012329,0.4105139395040801,0.6455513109853316,8.28030934224792
1776514804.6968477,0.4304878052943413,0.4737823412761365,0.515796120169079,1.5,1.1155275106430054,2.327769392954873,1.9269765839279955,1.2109899520874023,1.2893894910812378,1.1155275106430054,0.4024676223464173,0.6348839273599741,8.277559910649986
1776514804.7489715,0.4098151475152604,0.29566913789687715,0.5208106595079102,1.5,1.1155275106430054,2.327769392954873,1.9269765839279955,1.2109899520874023,1.2893894910812378,1.1155275106430054,0.39669852101386405,0.6271839392141222,8.274801365903302
1776514804.796857,0.39957149543577924,0.1852304240098125,0.5244204697245521,1.5,1.1155275106430054,2.327769392954873,1.9269765839279955,1.2109899520874023,1.2893894910812378,1.1155275106430054,0.3932892425666174,0.6225979147752512,8.272113095762247
1776514804.8494978,0.398718922393446,0.13996309987120623,0.5265636947361422,1.5,1.107988715171814,2.323471714896697,1.9214841059200343,1.2185825109481812,1.2979843616485596,1.107988715171814,0.3908561358275332,0.6192912504560492,8.269446728507843
1776514804.8966713,0.398718922393446,0.13996309987120623,0.528102703643768,1.5,1.107988715171814,2.323471714896697,1.9214841059200343,1.2185825109481812,1.2979843616485596,1.107988715171814,0.3908561358275332,0.6192912504560492,8.269446728507843
1776514804.9509425,0.40702159034759494,0.21655070538409693,0.5297162851802204,1.5,1.107988715171814,2.323471714896697,1.9214841059200343,1.2185825109481812,1.2979843616485596,1.107988715171814,0.3883173643915192,0.6158133535468455,8.266718926876946
1776514804.9999917,0.4669408219310637,0.41060770859286294,0.5297162851802204,1.5,1.1027206182479858,2.3201163928890316,1.9189433546326602,1.2269461154937744,1.3060165643692017,1.1027206182479858,0.3837973497347299,0.6095290292078238,8.26378459829559
1776514805.049185,0.562359046296813,0.7231916405808743,0.5326149396886575,1.5,1.1027206182479858,2.3201163928890316,1.9189433546326602,1.2269461154937744,1.3060165643692017,1.1027206182479858,0.3757877985525589,0.5983525591644971,8.260229862809329
1776514805.0969903,0.5547211849631338,0.8344512487200557,0.5310718121966137,1.5,1.088104009628296,2.3175154429249583,1.917398542961288,1.233368158340454,1.3050261735916138,1.088104009628296,0.41969147727431544,0.5827354840366386,8.256221107373381
1776514805.149113,0.5349795032992977,0.9124416953429652,0.5310718121966137,1.5,1.088104009628296,2.3175154429249583,1.917398542961288,1.233368158340454,1.3050261735916138,1.088104009628296,0.405401462927161,0.564741937456179,8.252235996914044
1776514805.1970434,0.4910401245059691,1.1026664655946201,0.5397110888546254,1.405256839489025,1.088104009628296,2.3175154429249583,1.917398542961288,1.233368158340454,1.3050261735916138,1.088104009628296,0.3891190704398362,0.5441930683965648,8.24825848969784
1776514805.24687,0.47391488454662045,1.0670564848029245,0.5495679350981232,1.335812347091418,1.0927170515060425,2.317610814106012,1.915605577852418,1.259395718574524,1.3017312288284302,1.0927170515060425,0.3721114200098403,0.5226383036748957,8.244369776558322
1776514805.296979,0.47391488454662045,1.0670564848029245,0.5598891971285495,1.2753436159540108,1.0927170515060425,2.317610814106012,1.915605577852418,1.259395718574524,1.3017312288284302,1.0927170515060425,0.3721114200098403,0.5226383036748957,8.244369776558322
1776514805.3545809,0.47557634143698685,1.132373758034401,0.5598891971285495,1.4040617306940033,1.0927170515060425,2.317610814106012,1.915605577852418,1.259395718574524,1.3017312288284302,1.0927170515060425,0.3548179749386791,0.5006336127001978,8.240329731495361
1776514805.3990738,0.49924510349715245,1.0052432179479782,0.5704084587593975,1.2180780353063316,1.0927170515060425,2.317610814106012,1.915605577852418,1.259395718574524,1.3017312288284302,1.0927170515060425,0.33823950897257204,0.4795070436561414,8.236020314403998
1776514805.4477634,0.49924510349715245,1.0052432179479782,0.5805016715151923,1.1481622454181188,1.0978140830993652,2.318469927886589,1.9110560614004881,1.289353370666504,1.3097831010818481,1.0978140830993652,0.33823950897257204,0.4795070436561414,8.236020314403998
1776514805.4971206,0.545206854932883,0.8345476686987546,0.5805016715151923,1.28627616277033,1.0978140830993652,2.318469927886589,1.9110560614004881,1.289353370666504,1.3097831010818481,1.0978140830993652,0.3242795207619416,0.46163875799659626,8.231181589968754
1776514805.546907,0.563950753064656,0.8043920963280162,0.5890227085289438,1.1339500086474372,1.0978140830993652,2.318469927886589,1.9110560614004881,1.289353370666504,1.3097831010818481,1.0978140830993652,0.3121910282077329,0.44602199737430426,8.225874259969071
1776514805.596903,0.563950753064656,0.8043920963280162,0.5964417016268462,1.091597274629869,1.0924866199493408,2.3185245697416716,1.9034248357347505,1.3275556564331055,1.3119288682937622,1.0924866199493408,0.3121910282077329,0.44602199737430426,8.225874259969071
1776514805.650436,0.5840277909326583,0.7998004483549845,0.5964417016268462,1.1951902764180222,1.0924866199493408,2.3185245697416716,1.9034248357347505,1.3275556564331055,1.3119288682937622,1.0924866199493408,0.30045209570913406,0.43075588917823093,8.220236771898001
1776514805.6968706,0.5840277909326583,0.7998004483549845,0.6036744229113936,1.0726004869132442,1.0924866199493408,2.3185245697416716,1.9034248357347505,1.3275556564331055,1.3119288682937622,1.0924866199493408,0.30045209570913406,0.43075588917823093,8.220236771898001
1776514805.7481923,0.5984634382170029,0.7643794411920611,0.6036744229113936,1.1538604405063226,1.0924866199493408,2.3185245697416716,1.9034248357347505,1.3275556564331055,1.3119288682937622,1.0924866199493408,0.2888902549796063,0.4155833416729531,8.214262914553096
1776514805.7979858,0.6039511548750507,0.8067863159850314,0.6108363200767124,1.0202647797774245,1.0924866199493408,2.3185245697416716,1.9034248357347505,1.3275556564331055,1.3119288682937622,1.0924866199493408,0.3158933538246893,0.39977874352431797,8.208089464703493
1776514805.8469734,0.6039511548750507,0.8067863159850314,0.6084568266493693,1.1562813823863431,1.0929135084152222,2.323923792693485,1.9067052986665647,1.378104329109192,1.3019707202911377,1.0929135084152222,0.3158933538246893,0.39977874352431797,8.208089464703493
1776514805.896876,0.611124650892055,0.7098975593407733,0.6084568266493693,1.1265324191464614,1.0929135084152222,2.323923792693485,1.9067052986665647,1.378104329109192,1.3019707202911377,1.0929135084152222,0.30376095162013644,0.38531961210776144,8.201678339782726
1776514805.948911,0.6100005539806324,0.7865230974417536,0.6155627488015525,0.9967792807876331,1.0929135084152222,2.323923792693485,1.9067052986665647,1.378104329109192,1.3019707202911377,1.0929135084152222,0.29117478592955504,0.37017128214134626,8.195141400985294
1776514805.9970348,0.6106557317503681,0.781724221454983,0.6229759949461752,0.9559491156486792,1.0985987186431885,2.326514612735145,1.896097415695553,1.402064323425293,1.308135986328125,1.0985987186431885,0.2784633056214999,0.35473397501111475,8.188461403903414
1776514806.046906,0.6197785505622055,0.7053444835265874,0.63050173398027,0.8935617863451413,1.0985987186431885,2.326514612735145,1.896097415695553,1.402064323425293,1.308135986328125,1.0985987186431885,0.26687059079919484,0.3405200910561798,8.181552522603234
1776514806.0986137,0.6323914811489796,0.6311719552354979,0.6374029856228726,0.8712768745745546,1.0985987186431885,2.326514612735145,1.896097415695553,1.402064323425293,1.308135986328125,1.0985987186431885,0.25636932372807353,0.32749177181932276,8.17439040818677
1776514806.1468582,0.6323914811489796,0.6311719552354979,0.6436972343111151,0.8460274341019093,1.0901844501495361,2.333390503211996,1.896537061411537,1.461075782775879,1.3101222515106201,1.0901844501495361,0.25636932372807353,0.32749177181932276,8.17439040818677
1776514806.1972067,0.6333025598554127,0.5856765000800859,0.6436972343111151,0.9251586610793425,1.0901844501495361,2.333390503211996,1.896537061411537,1.461075782775879,1.3101222515106201,1.0901844501495361,0.24689256323331565,0.31559458094345294,8.167080026318253
1776514806.2469707,0.6204804315649245,0.5824344307331909,0.6494165914010377,0.8242200810020803,1.0901844501495361,2.333390503211996,1.896537061411537,1.461075782775879,1.3101222515106201,1.0901844501495361,0.23791774549351713,0.30419558009329833,8.159716127623902
1776514806.2978363,0.6335654952908241,0.5543752518343572,0.6548699657095103,0.7827728740690618,1.1007457971572876,2.3422724625007847,1.896033079289411,1.493965983390808,1.2939939498901367,1.1007457971572876,0.22919584133266924,0.29298780843525046,8.152295832056042
1776514806.3508842,0.6418446460521692,0.5804888338646709,0.6602060616222973,0.763858845763371,1.1007457971572876,2.3422724625007847,1.896033079289411,1.493965983390808,1.2939939498901367,1.1007457971572876,0.2484490948517433,0.2818360879167785,8.14458553955488
1776514806.3970137,0.6467708086503164,0.6343327231578304,0.6584767234806628,0.8613281740625437,1.1007457971572876,2.3422724625007847,1.896033079289411,1.493965983390808,1.2939939498901367,1.1007457971572876,0.2380814276749685,0.2696917538079682,8.136696305133542
1776514806.4476752,0.6507189075644167,0.664290492370903,0.6644897891596768,0.7232369091269631,1.098433494567871,2.352747317599986,1.8941959145308342,1.548728346824646,1.3042473793029785,1.098433494567871,0.2271072832852536,0.25668440590841335,8.128638719047686
1776514806.4973369,0.6523658214855408,0.6120124656826581,0.6708973309577604,0.6847906939795165,1.098433494567871,2.352747317599986,1.8941959145308342,1.548728346824646,1.3042473793029785,1.098433494567871,0.2166422468048009,0.24413248332719034,8.120452352819335
1776514806.5619113,0.6523658214855408,0.6120124656826581,0.6770490584735769,0.6555091951290386,1.098433494567871,2.352747317599986,1.8941959145308342,1.548728346824646,1.3042473793029785,1.098433494567871,0.2166422468048009,0.24413248332719034,8.120452352819335
1776514806.598663,0.6598323605448994,0.5751517905458541,0.6770490584735769,0.7345768087224179,1.1029009819030762,2.371579619384716,1.9033693444724156,1.5842039585113525,1.3035027980804443,1.1029009819030762,0.20696881407378756,0.23238170609324466,8.112084945435749
1776514806.6474557,0.6673004547757174,0.5522635760207536,0.6827769811472971,0.6198971768759064,1.1029009819030762,2.371579619384716,1.9033693444724156,1.5842039585113525,1.3035027980804443,1.1029009819030762,0.1979442636511,0.22127346890543076,8.103503928723686
1776514806.698443,0.6751909414561375,0.537934649273534,0.6881614742664022,0.6022167266682402,1.1029009819030762,2.371579619384716,1.9033693444724156,1.5842039585113525,1.3035027980804443,1.1029009819030762,0.1893640257232454,0.2105637417151779,8.094717016560024
1776514806.747676,0.6751909414561375,0.537934649273534,0.6933224178374924,0.5743652209610091,1.0998708009719849,2.410643574708485,1.980048943365265,1.6361167430877686,1.299468755722046,1.0998708009719849,0.1893640257232454,0.2105637417151779,8.094717016560024
1776514806.798505,0.6787954169646542,0.5121418072436316,0.6982778066643041,0.5519982802046051,1.0998708009719849,2.410643574708485,1.980048943365265,1.6361167430877686,1.299468755722046,1.0998708009719849,0.18119608811661098,0.20021706832253577,8.085767273815677
1776514806.8470955,0.6787604322599422,0.4591921921995064,0.7609598852598817,-0.5736182130480404,1.0998708009719849,2.410643574708485,1.980048943365265,1.6361167430877686,1.299468755722046,1.0998708009719849,0.19273367428839872,-0.03403132564485051,8.076728871092207
1776514806.8983202,0.6838288366709779,0.44174179012070147,0.7609598852598817,0.2550863699435334,1.1016125679016113,2.443762157274329,2.0443179087747567,1.6934645175933838,1.2974039316177368,1.1016125679016113,0.18501623960717284,-0.042948510757863545,8.067575711381815
1776514806.9476295,0.6927771068679832,0.4657305772204265,0.7654014906311942,0.19148354694364855,1.1016125679016113,2.443762157274329,2.0443179087747567,1.6934645175933838,1.2974039316177368,1.1016125679016113,0.17729769023344288,-0.05200198815620183,8.058249974991192
1776514806.9969127,0.7013291419840267,0.5211996321482988,0.7698815387449089,0.09212935652358263,1.1184648275375366,2.4774587138949666,2.1070544269111955,1.6999586820602417,1.2798972129821777,1.1184648275375366,0.16892308593201827,-0.06196642849569067,8.048643566200845
1776514807.0500224,0.7117492634269101,0.520771754675041,0.7747819823239248,0.1104933172551527,1.1184648275375366,2.4774587138949666,2.1070544269111955,1.6999586820602417,1.2798972129821777,1.1184648275375366,0.16016321312032633,-0.07253982551683263,8.038918477783817
1776514807.1532207,0.7117492634269101,0.520771754675041,0.7747819823239248,0.1104933172551527,1.1184648275375366,2.4774587138949666,2.1070544269111955,1.6999586820602417,1.2798972129821777,1.1184648275375366,0.16016321312032633,-0.07253982551683263,8.038918477783817
1776514807.2180007,0.7117492634269101,0.520771754675041,0.779950021438391,0.08408044775703227,1.1184648275375366,2.4774587138949666,2.1070544269111955,1.6999586820602417,1.2798972129821777,1.1184648275375366,0.16016321312032633,-0.07253982551683263,8.038918477783817
1776514807.2507923,0.7302917390308616,0.395237856230968,0.779950021438391,0.14657130606633773,1.1184648275375366,2.4774587138949666,2.1070544269111955,1.6999586820602417,1.2798972129821777,1.1184648275375366,0.15266298707298892,-0.08173009126446423,8.028880479440812
1776514807.2972476,0.7302917390308616,0.395237856230968,0.7844133528116568,0.04827741096940545,1.1108498573303223,2.502683749803231,2.1429443859184234,1.673507809638977,1.2804893255233765,1.1108498573303223,0.15266298707298892,-0.08173009126446423,8.028880479440812
1776514807.349956,0.7464902789538546,0.32182714238452703,0.7876889568150435,0.05820841692110701,1.1108498573303223,2.502683749803231,2.1429443859184234,1.673507809638977,1.2804893255233765,1.1108498573303223,0.14721411695180742,-0.08852469388178175,8.018474697993772
1776514807.3968663,0.7561706218041939,0.23592496888049028,0.7876889568150435,0.1023488181997519,1.1108498573303223,2.502683749803231,2.1429443859184234,1.673507809638977,1.2804893255233765,1.1108498573303223,0.1339508901618815,-0.25262648847612135,8.007837297595522
1776514807.4487302,0.7715179842959241,0.19542379764888304,0.7630202075474802,-0.8506891941654686,1.1108498573303223,2.502683749803231,2.1429443859184234,1.673507809638977,1.2804893255233765,1.1108498573303223,0.13043687823057043,-0.25665984455288726,7.996958920275176
1776514807.4968498,0.7797088813270654,0.12839793533058594,0.7610053368392954,-0.21595937013684977,1.1209899187088013,2.505494987159609,2.146865333649499,1.6594494581222534,1.2690815925598145,1.1209899187088013,0.12802369927449248,-0.2594867558603239,7.98590018767766
1776514807.5493438,0.7860630717626799,0.01959434513329251,0.7596056805762814,-0.21863181385570188,1.1209899187088013,2.505494987159609,2.146865333649499,1.6594494581222534,1.2690815925598145,1.1209899187088013,0.12700729482229028,-0.2606825386142593,7.974708810032421
1776514807.6010933,0.7708319849102618,-0.08767482077758086,0.7590147274832246,-0.2107627905615643,1.1325938701629639,2.4945288283421307,2.1351869852846432,1.6419854164123535,1.268487572669983,1.1325938701629639,0.12753057029192072,-0.26004469259073004,7.963700850759394
1776514807.6479778,0.7708319849102618,-0.08767482077758086,0.7593251897881597,-0.1980548825678419,1.1325938701629639,2.4945288283421307,2.1351869852846432,1.6419854164123535,1.268487572669983,1.1325938701629639,0.12753057029192072,-0.26004469259073004,7.963700850759394
1776514807.703544,0.7613075861324189,-0.16080932110393548,0.7605888871590339,-0.17911279613307055,1.1325938701629639,2.4945288283421307,2.1351869852846432,1.6419854164123535,1.268487572669983,1.1325938701629639,0.12964739214335902,-0.25743662736104506,7.952948975003138
1776514807.746967,0.7589472087420669,-0.1547655003105125,0.7605888871590339,-0.19517789796340884,1.1325938701629639,2.4945288283421307,2.1351869852846432,1.6419854164123535,1.268487572669983,1.1325938701629639,0.10685995778335744,-0.25445057063159093,7.942294028318653
1776514807.799877,0.7582698276776763,-0.11603050243707592,0.7556825495845607,-0.2876336097365224,1.1376984119415283,2.467056936957459,2.0953645199896296,1.6512649059295654,1.2638226747512817,1.1376984119415283,0.10895723807001434,-0.25206082654433654,7.931663770392352
1776514807.8522174,0.7582698276776763,-0.11603050243707592,0.7568801925612294,-0.20192691454706427,1.1376984119415283,2.467056936957459,2.0953645199896296,1.6512649059295654,1.2638226747512817,1.1376984119415283,0.10895723807001434,-0.25206082654433654,7.931663770392352
1776514807.8998773,0.7543316280853946,-0.20260410562535494,0.7568801925612294,-0.21736790028904676,1.1376984119415283,2.467056936957459,2.0953645199896296,1.6512649059295654,1.2638226747512817,1.1376984119415283,0.10895723807001434,-0.25206082654433654,7.931663770392352
1776514807.9512265,0.7543316280853946,-0.20260410562535494,0.758295017924716,-0.18565986566818862,1.1376984119415283,2.467056936957459,2.0953645199896296,1.6512649059295654,1.2638226747512817,1.1376984119415283,0.11140065146242323,-0.24920695087076683,7.92112415530862
1776514808.0009496,0.7589826998673741,-0.15760209825176932,0.758295017924716,-0.20982487479953382,1.1376984119415283,2.467056936957459,2.0953645199896296,1.6512649059295654,1.2638226747512817,1.1376984119415283,0.1141264871018784,-0.2459875213981323,7.910620531801543
1776514808.0497117,0.7600044615001248,-0.1595064969787483,0.7598833687581963,-0.18168957168953356,1.1409554481506348,2.443953537588093,2.0666310835838537,1.6370505094528198,1.2582099437713623,1.1409554481506348,0.11650432026348545,-0.24311882957931452,7.9001226360601695
1776514808.1022165,0.7611720555149124,-0.1396386349682606,0.7612858164241904,-0.17290830691225173,1.1409554481506348,2.443953537588093,2.0666310835838537,1.6370505094528198,1.2582099437713623,1.1409554481506348,0.11856789810564572,-0.24058257247269688,7.88964820855279
1776514808.1485584,0.7617036656078658,-0.13801344008060573,0.7625159900302676,-0.171239226619495,1.1380990743637085,2.4182262808828856,2.022540846989651,1.651943325996399,1.2604379653930664,1.1380990743637085,0.09692806386782443,-0.2381399785743995,7.879203068164694
1776514808.1967304,0.7617036656078658,-0.13801344008060573,0.75774667809386,-0.27734391514496004,1.1380990743637085,2.4182262808828856,2.022540846989651,1.651943325996399,1.2604379653930664,1.1380990743637085,0.09692806386782443,-0.2381399785743995,7.879203068164694
1776514808.2536666,0.7495428710221044,-0.23991553430088722,0.75774667809386,-0.21438099735274907,1.1380990743637085,2.4182262808828856,2.022540846989651,1.651943325996399,1.2604379653930664,1.1380990743637085,0.09995483250758558,-0.23469978508120476,7.868884851857359
1776514808.2989945,0.7495428710221044,-0.23991553430088722,0.7594726779691743,-0.1822059059340761,1.1380990743637085,2.4182262808828856,2.022540846989651,1.651943325996399,1.2604379653930664,1.1380990743637085,0.09995483250758558,-0.23469978508120476,7.868884851857359
1776514808.3478596,0.7469058404249092,-0.25783687724260634,0.7594726779691743,-0.20509337583683077,1.136773705482483,2.3898262376591193,1.9773466612671842,1.6586461067199707,1.2586308717727661,1.136773705482483,0.10401909189597774,-0.22999418030364194,7.8587439255975395
1776514808.396849,0.7471427764951328,-0.31886113881112704,0.7618144406727667,-0.16501751672953766,1.136773705482483,2.3898262376591193,1.9773466612671842,1.6586461067199707,1.2586308717727661,1.136773705482483,0.10846431821082747,-0.22474222959838475,7.848668333141054
1776514808.4487464,0.7391527988263675,-0.38854458888896043,0.7644051839015809,-0.13954063377951015,1.136773705482483,2.3898262376591193,1.9773466612671842,1.6586461067199707,1.2586308717727661,1.136773705482483,0.11401910579934671,-0.21807115125480364,7.838739264046188
1776514808.5051441,0.7258073698189368,-0.38989923472338206,0.7676728923100904,-0.11755676635182535,1.130325436592102,2.3445155121020758,1.8960472540920996,1.675408959388733,1.257916808128357,1.130325436592102,0.12003069973699915,-0.2107366806370456,7.829057882544275
1776514808.5468776,0.7258073698189368,-0.38989923472338206,0.771241465755351,-0.09237535823198359,1.130325436592102,2.3445155121020758,1.8960472540920996,1.675408959388733,1.257916808128357,1.130325436592102,0.12003069973699915,-0.2107366806370456,7.829057882544275
1776514808.5971076,0.7150313357953877,-0.4923270770378637,0.771241465755351,-0.13901328985969214,1.130325436592102,2.3445155121020758,1.8960472540920996,1.675408959388733,1.257916808128357,1.130325436592102,0.12661738051421256,-0.202523092709052,7.81959887091613
1776514808.651085,0.737957500050269,-0.414070787780051,0.7752011139310471,-0.06930991548008629,1.140467643737793,2.300579453264531,1.813348509871329,1.7229740619659424,1.2617768049240112,1.140467643737793,0.11425933638268915,-0.19375892930094646,7.810184054819644
1776514808.6996212,0.737957500050269,-0.414070787780051,0.7745408525641727,-0.1290070833427422,1.140467643737793,2.300579453264531,1.813348509871329,1.7229740619659424,1.2617768049240112,1.140467643737793,0.11425933638268915,-0.19375892930094646,7.810184054819644
1776514808.776419,0.7508725397681454,-0.24454539556788266,0.7776294601093536,-0.059879984051972285,1.140467643737793,2.300579453264531,1.813348509871329,1.7229740619659424,1.2617768049240112,1.140467643737793,0.11964246630687947,-0.18757300499992857,7.800660938925963
1776514808.8037794,0.7772743819275794,-0.09972294679140559,0.7776294601093536,-0.10319583770106051,1.140467643737793,2.300579453264531,1.813348509871329,1.7229740619659424,1.2617768049240112,1.140467643737793,0.12230963814207718,-0.18445078484255034,7.790857432964324
1776514808.8545773,0.7772743819275794,-0.09972294679140559,0.7791758090558893,-0.07866775063443507,1.1455061435699463,2.2803860703185133,1.7892932966072812,1.712566614151001,1.2444593906402588,1.1455061435699463,0.12230963814207718,-0.18445078484255034,7.790857432964324
1776514808.911971,0.776436838145792,-0.06826887204605539,0.7791758090558893,-0.09467893515139034,1.1455061435699463,2.2803860703185133,1.7892932966072812,1.712566614151001,1.2444593906402588,1.1455061435699463,0.12314625885785385,-0.18345025148603078,7.7809983175330135
1776514808.9468794,0.776436838145792,-0.06826887204605539,0.7796667868160906,-0.08732747588001019,1.1455061435699463,2.2803860703185133,1.7892932966072812,1.712566614151001,1.2444593906402588,1.1455061435699463,0.12314625885785385,-0.18345025148603078,7.7809983175330135
1776514808.998807,0.7768882420820492,-0.08172705135316244,0.7796667868160906,-0.09214141207752927,1.1455061435699463,2.2803860703185133,1.7892932966072812,1.712566614151001,1.2444593906402588,1.1455061435699463,0.12392734233142833,-0.18249557615885753,7.7711459121989295
1776514809.057981,0.7768882420820492,-0.08172705135316244,0.7801309289430399,-0.08362915046403512,1.1455061435699463,2.2803860703185133,1.7892932966072812,1.712566614151001,1.2444593906402588,1.1455061435699463,0.12392734233142833,-0.18249557615885753,7.7711459121989295
1776514809.0975142,0.7768882420820492,-0.08172705135316244,0.7801309289430399,-0.08362915046403512,1.1455061435699463,2.2803860703185133,1.7892932966072812,1.712566614151001,1.2444593906402588,1.1455061435699463,0.12392734233142833,-0.18249557615885753,7.7711459121989295
1776514809.1474998,0.7689996179177692,-0.16658304527230647,0.7801309289430399,-0.08994512016980397,1.1455061435699463,2.2803860703185133,1.7892932966072812,1.712566614151001,1.2444593906402588,1.1455061435699463,0.12591468209953977,-0.18002691822370043,7.7614323182306695
1776514809.1976593,0.7689996179177692,-0.16658304527230647,0.781322962786448,-0.06449964514325701,1.1455061435699463,2.2803860703185133,1.7892932966072812,1.712566614151001,1.2444593906402588,1.1455061435699463,0.12591468209953977,-0.18002691822370043,7.7614323182306695
1776514809.248985,0.7689996179177692,-0.16658304527230647,0.781322962786448,-0.08338264377117346,1.1428030729293823,2.272954084054945,1.7847706829630066,1.7083414793014526,1.257794737815857,1.1428030729293823,0.12591468209953977,-0.18002691822370043,7.7614323182306695
1776514809.2972386,0.7647449305026103,-0.2448470588312903,0.781322962786448,-0.08351400404315568,1.1428030729293823,2.272954084054945,1.7847706829630066,1.7083414793014526,1.257794737815857,1.1428030729293823,0.11148247876653777,-0.17610655613844106,7.751835723796862
1776514809.3669431,0.7647449305026103,-0.2448470588312903,0.7787837489304041,-0.12856400684178088,1.1428030729293823,2.272954084054945,1.7847706829630066,1.7083414793014526,1.257794737815857,1.1428030729293823,0.11148247876653777,-0.17610655613844106,7.751835723796862
1776514809.4032388,0.7599404063855159,-0.30167422467131083,0.7787837489304041,-0.12856400684178088,1.1428030729293823,2.272954084054945,1.7847706829630066,1.7083414793014526,1.257794737815857,1.1428030729293823,0.11597874789210288,-0.17095343323859036,7.742367749680191
1776514809.4464762,0.7528209283237971,-0.2951746944960462,0.7813596831620047,-0.0837458393359995,1.1409443616867065,2.262984661676617,1.77660845737173,1.692732810974121,1.257598876953125,1.1409443616867065,0.12092036415133328,-0.1652025595065882,7.733082627527319
1776514809.4988503,0.7475992346161533,-0.31543405625092436,0.7842152151042914,-0.030724030865935482,1.1409443616867065,2.262984661676617,1.77660845737173,1.692732810974121,1.257598876953125,1.1409443616867065,0.12592940183308232,-0.15925030379094862,7.7239528094059375
1776514809.5487158,0.7518787289108649,-0.2954844004366942,0.7871441242004712,-0.005304743582458492,1.1409443616867065,2.262984661676617,1.77660845737173,1.692732810974121,1.257598876953125,1.1409443616867065,0.13106000241978427,-0.15303883392880968,7.7149341885756355
1776514809.5990198,0.7658740373211734,-0.18800036810882148,0.790176247109719,0.007096084732468616,1.1442116498947144,2.256304012306524,1.7711372068861013,1.6620924472808838,1.2526249885559082,1.1442116498947144,0.13106000241978427,-0.15303883392880968,7.7149341885756355
1776514809.6556613,0.7658740373211734,-0.18800036810882148,0.7923722993245397,0.007000161639353332,1.1442116498947144,2.256304012306524,1.7711372068861013,1.6620924472808838,1.2526249885559082,1.1442116498947144,0.13473664246499792,-0.14850476634514231,7.705846239585379
1776514809.7021146,0.7767093070655995,-0.11024704324905504,0.7923722993245397,-0.02118260371216115,1.1442116498947144,2.256304012306524,1.7711372068861013,1.6620924472808838,1.2526249885559082,1.1442116498947144,0.12228577889076087,-0.14587689775872104,7.69665404219578
1776514809.7479072,0.7777316571456756,-0.13135935278196623,0.7899704849080299,-0.06681053820861996,1.1448853015899658,2.252104897282942,1.761636043166165,1.6358615159988403,1.2604258060455322,1.1448853015899658,0.1242816950929651,-0.14359684295361108,7.687447944561451
1776514809.796943,0.7811385762855106,-0.10677247418627098,0.7911118711364162,-0.01363988344025987,1.1448853015899658,2.252104897282942,1.761636043166165,1.6358615159988403,1.2604258060455322,1.1448853015899658,0.12631921355608638,-0.14123780852840717,7.678282541627441
1776514809.8508704,0.7811385762855106,-0.10677247418627098,0.7922858554281799,-0.007708415035996065,1.1448853015899658,2.252104897282942,1.761636043166165,1.6358615159988403,1.2604258060455322,1.1448853015899658,0.12631921355608638,-0.14123780852840717,7.678282541627441
1776514809.8972566,0.7777789240679472,-0.13682492005060173,0.7922858554281799,-0.021921255296397366,1.1434513330459595,2.251255126378803,1.7575374731043063,1.6396223306655884,1.2574976682662964,1.1434513330459595,0.12795130929199716,-0.13930537238559204,7.669177245565559
1776514809.947107,0.7718276390672274,-0.24764152712046741,0.7932382256736176,-0.003970334920490769,1.1434513330459595,2.251255126378803,1.7575374731043063,1.6396223306655884,1.2574976682662964,1.1434513330459595,0.1310136548304734,-0.13560731370419127,7.660170997521515
1776514809.9969757,0.777136982182198,-0.3137427414728862,0.7950453931801058,0.015745595771700285,1.1434513330459595,2.251255126378803,1.7575374731043063,1.6396223306655884,1.2574976682662964,1.1434513330459595,0.13546280634400532,-0.13013965425190338,7.651273681534442
1776514810.0469658,0.7570664179004124,-0.36103494633972155,0.7976975240081564,0.04661975565680852,1.1423678398132324,2.250223429858078,1.7558311105830968,1.6264715194702148,1.2577794790267944,1.1423678398132324,0.14034860759518378,-0.12400196854722806,7.642469386038281
1776514810.096868,0.7517376074443927,-0.3220540527159902,0.7993527020792376,0.06364958331646198,1.1423678398132324,2.250223429858078,1.7558311105830968,1.6264715194702148,1.2577794790267944,1.1423678398132324,0.13375995398503818,-0.015188462564762473,7.634012319060842
1776514810.1468496,0.7557565554170073,-0.2947950004515366,0.770545261113904,0.5424004128694307,1.1405051946640015,2.2474299298735487,1.749551988392666,1.5740282535552979,1.2614095211029053,1.1405051946640015,0.13881158419032516,-0.009346659119845335,7.625615388659265
1776514810.196783,0.7406180731429145,-0.1840371507902632,0.7676365453375947,0.24652130329864627,1.1405051946640015,2.2474299298735487,1.749551988392666,1.5740282535552979,1.2614095211029053,1.1405051946640015,0.1423101624138543,-0.00522944356369931,7.617433366738683
1776514810.248879,0.7472337554677767,-0.004498598372204225,0.7656020832695445,0.24404551671596927,1.1405051946640015,2.2474299298735487,1.749551988392666,1.5740282535552979,1.2614095211029053,1.1405051946640015,0.14382391735936814,-0.0034355024422786373,7.609394476939181
1776514810.2998717,0.7692339133449292,0.19290569737648494,0.7647183135092773,0.2362565523251765,1.1384596824645996,2.2425464262684445,1.7383786400591592,1.5829063653945923,1.2658058404922485,1.1384596824645996,0.14157616059832928,-0.006178210973398157,7.601049497898375
1776514810.3480117,0.7700181618570396,0.20354391694020832,0.7660527066017725,0.19952989923122247,1.1384596824645996,2.2425464262684445,1.7383786400591592,1.5829063653945923,1.2658058404922485,1.1384596824645996,0.13837512818941008,-0.01016352265208581,7.592620921183816
1776514810.3969038,0.7652623605500706,0.1270009625087507,0.7679752540388527,0.18280710569705608,1.1406747102737427,2.2423654468273475,1.7367186329025688,1.5989376306533813,1.2611844539642334,1.1406747102737427,0.13456742522807416,0.07771263579088783,7.58417672853791
1776514810.450835,0.7646790820423817,0.10681883558468917,0.7443294708210768,0.6621047342520234,1.1406747102737427,2.2423654468273475,1.7367186329025688,1.5989376306533813,1.2611844539642334,1.1406747102737427,0.13267509735898345,0.07553868514994266,7.5757560174025125
1776514810.4969416,0.7646790820423817,0.10681883558468917,0.7454150436235523,0.3231930632286853,1.1406747102737427,2.2423654468273475,1.7367186329025688,1.5989376306533813,1.2611844539642334,1.1406747102737427,0.13267509735898345,0.07553868514994266,7.5757560174025125
1776514810.5480163,0.7694432049684481,0.12510497326927375,0.7465645550489268,0.31395076726311516,1.1406747102737427,2.2423654468273475,1.7367186329025688,1.5989376306533813,1.2611844539642334,1.1406747102737427,0.13068730605598894,0.07322229937487157,7.567315582092058
1776514810.5969713,0.7694432049684481,0.12510497326927375,0.7465645550489268,0.3303873441029468,1.1427831649780273,2.240150197913093,1.7286437150179623,1.6138615608215332,1.2662174701690674,1.1427831649780273,0.13068730605598894,0.07322229937487157,7.567315582092058
1776514810.650865,0.7587379356869424,0.1944654110148521,0.7479551019953272,0.30358359023792336,1.1427831649780273,2.240150197913093,1.7286437150179623,1.6138615608215332,1.2662174701690674,1.1427831649780273,0.12830570131587102,0.07039950454669047,7.558854652816869
1776514810.6981237,0.7277669106121037,0.21386474472236439,0.7479551019953272,0.323157250581454,1.1427831649780273,2.240150197913093,1.7286437150179623,1.6138615608215332,1.2662174701690674,1.1427831649780273,0.12463827208406247,0.06598435102873018,7.5507084963585855
1776514810.7548704,0.7277669106121037,0.21386474472236439,0.7501155371467718,0.2843105340438966,1.1427831649780273,2.240150197913093,1.7286437150179623,1.6138615608215332,1.2662174701690674,1.1427831649780273,0.12463827208406247,0.06598435102873018,7.5507084963585855
1776514810.7968247,0.7418573615012736,0.2589248805023523,0.7501155371467718,0.3115398642975921,1.1429738998413086,2.2385280345128047,1.7233664582699524,1.6174418926239014,1.2515833377838135,1.1429738998413086,0.1206527124115685,0.06108941729479983,7.5425009419703954
1776514810.8508694,0.7418573615012736,0.2589248805023523,0.7524904796297408,0.2679233665094483,1.1429738998413086,2.2385280345128047,1.7233664582699524,1.6174418926239014,1.2515833377838135,1.1429738998413086,0.1206527124115685,0.06108941729479983,7.5425009419703954
1776514810.9059865,0.7480169109199948,0.20434935768303186,0.7524904796297408,0.2986540844210046,1.1429738998413086,2.2385280345128047,1.7233664582699524,1.6174418926239014,1.2515833377838135,1.1429738998413086,0.11875231918794327,0.0521352218956741,7.525799630287257
1776514810.9469519,0.754889846108849,0.16685142690799817,0.7554765534338497,0.2433733463100757,1.1382644176483154,2.236039675572313,1.716212730144346,1.6463676691055298,1.266790509223938,1.1382644176483154,0.11560363396057155,0.048519641641284805,7.517344997226766
1776514810.996982,0.7530713363385413,0.15067894184466857,0.7572823845823763,0.24889921739307413,1.1382644176483154,2.236039675572313,1.716212730144346,1.6463676691055298,1.266790509223938,1.1382644176483154,0.11289442199220584,0.04536309354098772,7.508829623909119
1776514811.0488653,0.7481855700987705,0.12543331568676577,0.7588489394664877,0.24282998159083488,1.1382644176483154,2.236039675572313,1.716212730144346,1.6463676691055298,1.266790509223938,1.1382644176483154,0.11062462682099339,0.04267107167117773,7.500336696542939
1776514811.1011558,0.7519625944457913,0.12187193266703418,0.7601746939731799,0.2391175439060783,1.1291683912277222,2.2339661387135648,1.7111956497647556,1.6604957580566406,1.2673860788345337,1.1291683912277222,0.10858359204166956,0.04020333816215488,7.491833519498152
1776514811.1519635,0.7563486432740772,0.13431928005741606,0.7613800001200959,0.2328278654440422,1.1291683912277222,2.2339661387135648,1.7111956497647556,1.6604957580566406,1.2673860788345337,1.1291683912277222,0.10656831980851733,0.03772193689216291,7.483288687285815
1776514811.1988657,0.7653859948898283,0.12919263390234073,0.7625826410784481,0.22893365880591682,1.1408710479736328,2.232037069067483,1.70494602622101,1.6732064485549927,1.2593791484832764,1.1408710479736328,0.10788468091843961,0.034987242163845245,7.474648056745009
1776514811.2468803,0.7546147461547765,0.13997964108126573,0.7630166326026766,0.23446452560926923,1.1408710479736328,2.232037069067483,1.70494602622101,1.6732064485549927,1.2593791484832764,1.1408710479736328,0.10550335573140812,0.03229194760126747,7.465983072209598
1776514811.2971272,0.7546147461547765,0.13997964108126573,0.7643714090273304,0.21493733890812536,1.1408710479736328,2.232037069067483,1.70494602622101,1.6732064485549927,1.2593791484832764,1.1408710479736328,0.10550335573140812,0.03229194760126747,7.465983072209598
1776514811.347368,0.7560210540972436,0.13318965409916667,0.7643714090273304,0.23327930185060072,1.1408710479736328,2.232037069067483,1.70494602622101,1.6732064485549927,1.2593791484832764,1.1408710479736328,0.10320100641749153,0.029634523500960908,7.4574000777418545
1776514811.3973217,0.7560210540972436,0.13318965409916667,0.7656956798025232,0.20853809453463154,1.1394120454788208,2.2308040209989874,1.6984160111139281,1.6817874908447266,1.2542831897735596,1.1394120454788208,0.10320100641749153,0.029634523500960908,7.4574000777418545
1776514811.4476707,0.761704641723381,0.13227004725698943,0.7656956798025232,0.22623267898926477,1.1394120454788208,2.2308040209989874,1.6984160111139281,1.6817874908447266,1.2542831897735596,1.1394120454788208,0.1009006732313873,0.026920903342828928,7.448749072938092
1776514811.5083745,0.7694525437822235,0.12565572490017587,0.7670351774096984,0.19849657953476954,1.1394120454788208,2.2308040209989874,1.6984160111139281,1.6817874908447266,1.2542831897735596,1.1394120454788208,0.09883935066008748,0.024479347772776605,7.439984139237802
1776514811.5468554,0.7694525437822235,0.12565572490017587,0.7670351774096984,0.2190351355494876,1.1394120454788208,2.2308040209989874,1.6984160111139281,1.6817874908447266,1.2542831897735596,1.1394120454788208,0.09883935066008748,0.024479347772776605,7.439984139237802
1776514811.6008666,0.7664288764099274,0.13523884433422934,0.7695264403480133,0.16862936828713923,1.1471202373504639,2.228070325039803,1.691773169881574,1.7058161497116089,1.2506513595581055,1.1471202373504639,0.09666224931716022,0.02183811722879403,7.4312052138076
1776514811.6468642,0.7638611893858708,0.13408998642451195,0.7695264403480133,0.20520779732781597,1.1471202373504639,2.228070325039803,1.691773169881574,1.7058161497116089,1.2506513595581055,1.1471202373504639,0.09448056604860922,0.01913965447958066,7.422445749206715
1776514811.7011206,0.7626786312472149,0.10197434799462486,0.770831794101468,0.18118659182751598,1.1471202373504639,2.228070325039803,1.691773169881574,1.7058161497116089,1.2506513595581055,1.1471202373504639,0.09437347290192988,0.01687760683193429,7.4136876345445915
1776514811.7519243,0.7626786312472149,0.10197434799462486,0.771492154915772,0.1863017731775144,1.1471202373504639,2.228070325039803,1.691773169881574,1.7058161497116089,1.2506513595581055,1.1471202373504639,0.09437347290192988,0.01687760683193429,7.4136876345445915
1776514811.7979183,0.7626786312472149,0.10197434799462486,0.771492154915772,0.19459428093203635,1.1471202373504639,2.228070325039803,1.691773169881574,1.7058161497116089,1.2506513595581055,1.1471202373504639,0.09437347290192988,0.01687760683193429,7.4136876345445915
1776514811.8470001,0.7648592220976468,0.08883030594384045,0.771492154915772,0.19481798962844224,1.151222825050354,2.2256534560536148,1.6838532392398258,1.7096914052963257,1.2504574060440063,1.151222825050354,0.09276556887741189,0.01504505442776588,7.404923670105032
1776514811.9039083,0.7648592220976468,0.08883030594384045,0.7724104614031178,0.1769828353544326,1.151222825050354,2.2256534560536148,1.6838532392398258,1.7096914052963257,1.2504574060440063,1.151222825050354,0.09276556887741189,0.01504505442776588,7.404923670105032
1776514811.9475763,0.7648592220976468,0.08883030594384045,0.7724104614031178,0.18965450626789854,1.151222825050354,2.2256534560536148,1.6838532392398258,1.7096914052963257,1.2504574060440063,1.151222825050354,0.09276556887741189,0.01504505442776588,7.404923670105032
1776514812.0019395,0.7731456284208809,0.11514535206765422,0.7733630195168324,0.1715106426359578,1.1490979194641113,2.222057247691194,1.6737573572107436,1.712556004524231,1.2502400875091553,1.1490979194641113,0.08920857025778667,0.01087943863455093,7.387300484061741
1776514812.0489213,0.7731456284208809,0.11514535206765422,0.7733630195168324,0.18421131704667187,1.1490979194641113,2.222057247691194,1.6737573572107436,1.712556004524231,1.2502400875091553,1.1490979194641113,0.08920857025778667,0.01087943863455093,7.387300484061741
1776514812.0998669,0.7716779959938671,0.130903557372037,0.7744731974773635,0.1637657319712038,1.1490979194641113,2.222057247691194,1.6737573572107436,1.712556004524231,1.2502400875091553,1.1490979194641113,0.08718061378493114,0.008445787622194834,7.37842726532823
1776514812.1488652,0.7718155989203564,0.12976971512946123,0.7756656647919828,0.15751610629433488,1.1490979194641113,2.222057247691194,1.6737573572107436,1.712556004524231,1.2502400875091553,1.1490979194641113,0.08500810362369937,0.0057868120088062636,7.369560371192618
1776514812.1997278,0.7718155989203564,0.12976971512946123,0.776957650524362,0.14510375885849075,1.148119330406189,2.2198745346422224,1.667138563772024,1.7213842868804932,1.239830732345581,1.148119330406189,0.08500810362369937,0.0057868120088062636,7.369560371192618
1776514812.2468388,0.7729693315926361,0.12683948519502586,0.7781008216892327,0.14213264633704417,1.148119330406189,2.2198745346422224,1.667138563772024,1.7213842868804932,1.239830732345581,1.148119330406189,0.08329548619726546,0.003245413532344643,7.360667779998064
1776514812.3033633,0.7747360874749901,0.10885281380138936,0.7781008216892327,0.1571381617758137,1.148119330406189,2.2198745346422224,1.667138563772024,1.7213842868804932,1.239830732345581,1.148119330406189,0.08120286689954404,0.0008850765604481725,7.351748023437045
1776514812.349283,0.7756423370257676,0.11823689068162486,0.7792890561043895,0.13479857278515872,1.1614278554916382,2.2177448152503296,1.6595627554067292,1.7092677354812622,1.246749758720398,1.1614278554916382,0.07914531868873875,-0.0014773751022296722,7.342806845868184
1776514812.420866,0.7756423370257676,0.11823689068162486,0.7804690447190622,0.12869704909281582,1.1614278554916382,2.2177448152503296,1.6595627554067292,1.7092677354812622,1.246749758720398,1.1614278554916382,0.07914531868873875,-0.0014773751022296722,7.342806845868184
1776514812.4470727,0.7760915131346825,0.07831788489980575,0.7804690447190622,0.14360545874821634,1.1614278554916382,2.2177448152503296,1.6595627554067292,1.7092677354812622,1.246749758720398,1.1614278554916382,0.07750620831482685,-0.0033923732323597466,7.3338334892761905
1776514812.5016224,0.773867926553496,0.04709001254389278,0.7814183000097245,0.11925598029571623,1.1614278554916382,2.2177448152503296,1.6595627554067292,1.7092677354812622,1.246749758720398,1.1614278554916382,0.07654040088058861,-0.004542435024721847,7.324895288413252
1776514812.549887,0.7757934530738353,0.045768198922002484,0.7819837007850139,0.12781649757755803,1.1623088121414185,2.2165585840112296,1.655933998247636,1.7005754709243774,1.2419650554656982,1.1623088121414185,0.07585569356521171,-0.0053749379671012565,7.315967941954598
1776514812.608848,0.7805461790305892,0.08003089286931363,0.782389347852355,0.12731487864287316,1.1623088121414185,2.2165585840112296,1.655933998247636,1.7005754709243774,1.2419650554656982,1.1623088121414185,0.07484885199696484,-0.00662228472736176,7.307016061528893
1776514812.6578643,0.7805461790305892,0.08003089286931363,0.7829923290204261,0.12222933671139767,1.1659353971481323,2.2148406549695463,1.6509362132459586,1.6660070419311523,1.2421683073043823,1.1659353971481323,0.07484885199696484,-0.00662228472736176,7.307016061528893
1776514812.6970026,0.7820937470300624,0.08635022160106175,0.7840168996961261,0.10841769200222075,1.1659353971481323,2.2148406549695463,1.6509362132459586,1.6660070419311523,1.2421683073043823,1.1659353971481323,0.0726687119254869,-0.008319339647674229,7.29802143383581
1776514812.7469878,0.7833034872694182,0.07958004594315811,0.7840168996961261,0.12333200173642238,1.1659353971481323,2.2148406549695463,1.6509362132459586,1.6660070419311523,1.2421683073043823,1.1659353971481323,0.07121416944334064,-0.009971639029723478,7.289015222034411
1776514812.7973151,0.7820000446032176,0.08132840015971955,0.7856072532447461,0.09372702041418315,1.1669851541519165,2.2100224992282738,1.6393820365311613,1.6807045936584473,1.237141728401184,1.1669851541519165,0.06989354622511917,-0.011501524619557335,7.280011256385539
1776514812.8469553,0.7820000446032176,0.08132840015971955,0.7856072532447461,0.11424426717287987,1.1669851541519165,2.2100224992282738,1.6393820365311613,1.6807045936584473,1.237141728401184,1.1669851541519165,0.06989354622511917,-0.011501524619557335,7.280011256385539
1776514812.8968675,0.7836533801599902,0.08819973099216297,0.7865430966222604,0.09691258455786664,1.1669851541519165,2.2100224992282738,1.6393820365311613,1.6807045936584473,1.237141728401184,1.1669851541519165,0.06681214171432376,-0.015169203798791941,7.262009878087047
1776514812.947884,0.7856865903507375,0.062200368392175465,0.7874107173516522,0.09264794700594227,1.1635963916778564,2.209534741903653,1.6355051418147688,1.6676796674728394,1.2337249517440796,1.1635963916778564,0.06564945023551105,-0.01659207102721688,7.252978815765058
1776514812.9999924,0.7856865903507375,0.062200368392175465,0.7881021184282719,0.09132893221571405,1.1635963916778564,2.209534741903653,1.6355051418147688,1.6676796674728394,1.2337249517440796,1.1635963916778564,0.06564945023551105,-0.01659207102721688,7.252978815765058
1776514813.0469713,0.7841424599143927,0.04684847390877334,0.7890994450480563,0.08133769265845309,1.1635963916778564,2.209534741903653,1.6355051418147688,1.6676796674728394,1.2337249517440796,1.1635963916778564,0.06296087205217976,-0.017734231447162574,7.243950969795741
1776514813.0968363,0.781488300557373,0.019795054477878656,0.7890994450480563,0.09428888543967875,1.1729868650436401,2.206915428525976,1.629054012206824,1.667476773262024,1.230351448059082,1.1729868650436401,0.06244309471646137,-0.01832166165329363,7.234969226219248
1776514813.1479619,0.7828857175974147,0.022611122774470086,0.789394405394374,0.08867611895557831,1.1729868650436401,2.206915428525976,1.629054012206824,1.667476773262024,1.230351448059082,1.1729868650436401,0.06214363657861083,-0.01866834277579371,7.226014331178205
1776514813.1968858,0.7885333683105602,0.05528098882428905,0.7899547858534557,0.08223693568009713,1.1729868650436401,2.206915428525976,1.629054012206824,1.667476773262024,1.230351448059082,1.1729868650436401,0.0614764740078132,-0.01945306179794476,7.217027556078402
1776514813.2489977,0.7890754065915665,0.05896843901605631,0.7899547858534557,0.0894012236945394,1.1740535497665405,2.2040674474700306,1.6209815866980242,1.655600905418396,1.2249815464019775,1.1740535497665405,0.06049344907332144,-0.020625332955114595,7.208017531580559
1776514813.2971823,0.7901483533978854,0.05192617087234117,0.7905307440609551,0.07849548224489353,1.1740535497665405,2.2040674474700306,1.6209815866980242,1.655600905418396,1.2249815464019775,1.1740535497665405,0.05958963379263349,-0.0217211835624605,7.199005625686319
1776514813.3479762,0.7890202263344979,0.059622091038556035,0.7910653436817454,0.07657812395771992,1.1740535497665405,2.2040674474700306,1.6209815866980242,1.655600905418396,1.2249815464019775,1.1740535497665405,0.058711137865839924,-0.022810071593193038,7.190003719343101
1776514813.403849,0.7890202263344979,0.059622091038556035,0.7915916133039024,0.07291690197128947,1.1759452819824219,2.2018930434519004,1.615386995019632,1.6323769092559814,1.2182234525680542,1.1759452819824219,0.058711137865839924,-0.022810071593193038,7.190003719343101
1776514813.447208,0.7903726271615653,0.05510360245923933,0.7915916133039024,0.08004792397770064,1.1759452819824219,2.2018930434519004,1.615386995019632,1.6323769092559814,1.2182234525680542,1.1759452819824219,0.05437099267735168,-0.025139824213451623,7.172023589156305
1776514813.499853,0.7908249177921135,0.057868210961985585,0.7933376606250739,0.04868086687765749,1.1730905771255493,2.20017861592119,1.6096526490532466,1.63094162940979,1.2180503606796265,1.1730905771255493,0.05334488000325743,-0.0263334503185213,7.163041309241968
1776514813.5491724,0.7908650800977665,0.020405535361276796,0.7939304563283651,0.05812522228713689,1.1730905771255493,2.20017861592119,1.6096526490532466,1.63094162940979,1.2180503606796265,1.1730905771255493,0.052749660695155354,-0.02703979751504354,7.154046359913959
1776514813.5980794,0.7884379636700024,0.0033225970061745414,0.7942782288090331,0.06023135021836751,1.1730905771255493,2.20017861592119,1.6096526490532466,1.63094162940979,1.2180503606796265,1.1730905771255493,0.05258745813729793,-0.027237759787611893,7.145108048928558
1776514813.6497881,0.7902283214558323,0.015140861040781606,0.7943745332899322,0.06300934057229465,1.1801526546478271,2.1962469840468795,1.6007302568458208,1.6435726881027222,1.225595235824585,1.1801526546478271,0.05248094161087047,-0.02737184222179878,7.1361932960534284
1776514813.7014422,0.7939126711632069,0.041650851555861575,0.7944389185361643,0.06300531981093466,1.1801526546478271,2.1962469840468795,1.6007302568458208,1.6435726881027222,1.225595235824585,1.1801526546478271,0.04917688786365748,-0.028007471781127613,7.127258638972277
1776514813.750224,0.7938397171953009,0.044627883530922834,0.7954495163570741,0.04291634944066623,1.182264804840088,2.192383819879149,1.591489046371065,1.6318761110305786,1.2124786376953125,1.182264804840088,0.04841620567199911,-0.02887115204680346,7.118319801928415
1776514813.7964742,0.7930963220945054,0.04948292809024422,0.796343275611417,0.042628059211424714,1.182264804840088,2.192383819879149,1.591489046371065,1.6318761110305786,1.2124786376953125,1.182264804840088,0.04761618362215292,-0.02979483530071292,7.109395277873452
1776514813.8473592,0.7917760931583117,0.052431021635712595,0.7968574945943654,0.042760531868567854,1.1892948150634766,2.1898289509772373,1.5849072173719612,1.6047194004058838,1.2163784503936768,1.1892948150634766,0.046731984513421865,-0.030835552470527217,7.100502763191211
1776514813.8988917,0.7937916314694226,0.0452914724630869,0.7968574945943654,0.04995717374648395,1.1892948150634766,2.1898289509772373,1.5849072173719612,1.6047194004058838,1.2163784503936768,1.1892948150634766,0.045895427861690485,-0.03183923193964888,7.091608681630151
1776514813.9569573,0.7963065095119538,0.029360711936165042,0.7973493371219558,0.04161823554451062,1.1892948150634766,2.1898289509772373,1.5849072173719612,1.6047194004058838,1.2163784503936768,1.1892948150634766,0.045281389522111304,-0.03258931113258634,7.082700451147633
1776514813.9964557,0.7963065095119538,0.029360711936165042,0.7977140969575522,0.03977909274376319,1.1892948150634766,2.1898289509772373,1.5849072173719612,1.6047194004058838,1.2163784503936768,1.1892948150634766,0.045281389522111304,-0.03258931113258634,7.082700451147633
1776514814.0488234,0.7962041626864281,0.026646997720676448,0.7825406770555613,-0.3408404314245041,1.1870850324630737,2.1860803531122692,1.5758877427926672,1.6019684076309204,1.2091833353042603,1.1870850324630737,0.04152309410684407,-0.0997255094977268,7.073796091141491
1776514814.1014254,0.7937704413650174,0.002166147748557732,0.7825406770555613,-0.06799127627592408,1.1870850324630737,2.1860803531122692,1.5758877427926672,1.6019684076309204,1.2091833353042603,1.1870850324630737,0.041250846310176614,-0.10003249474797155,7.06492357196898
1776514814.1489089,0.7937704413650174,0.002166147748557732,0.7823861147407325,-0.07083774308537708,1.1870850324630737,2.1860803531122692,1.5758877427926672,1.6019684076309204,1.2091833353042603,1.1870850324630737,0.041250846310176614,-0.10003249474797155,7.06492357196898
1776514814.208163,0.7593148287246231,-0.015020882945488038,0.7825069168492882,-0.06683430648048662,1.1870850324630737,2.1860803531122692,1.5758877427926672,1.6019684076309204,1.2091833353042603,1.1870850324630737,0.04146121589588653,-0.09979039127312589,7.0562867991265295
1776514814.2468963,0.752155073707628,0.013139368322210717,0.7825069168492882,-0.06857574033574812,1.1958322525024414,2.185074268613669,1.5729753060272207,1.6080375909805298,1.2017794847488403,1.1958322525024414,0.04134624480493437,-0.09992773661074023,7.0479244061953406
1776514814.297669,0.7671267858256567,-0.029209227675650866,0.7826136282518258,-0.0666075875659965,1.1958322525024414,2.185074268613669,1.5729753060272207,1.6080375909805298,1.2017794847488403,1.1958322525024414,0.041643075112491434,-0.09957295241615033,7.039496609295429
1776514814.3477025,0.7828172580236304,-0.05790150605545282,0.7826136282518258,-0.06819913542313848,1.1984059810638428,2.182385292017934,1.5674080989823267,1.6061875820159912,1.2053451538085938,1.1984059810638428,0.042375575489321415,-0.09868295195677629,7.030943956396327
1776514814.3994398,0.782164129828731,-0.04777091832349685,0.7830474184754117,-0.06047516070586962,1.1984059810638428,2.182385292017934,1.5674080989823267,1.6061875820159912,1.2053451538085938,1.1984059810638428,0.04321602102029931,-0.09764215015354011,7.022353405742395
1776514814.4498742,0.782164129828731,-0.04777091832349685,0.7835506352541243,-0.05672052417417237,1.1984059810638428,2.182385292017934,1.5674080989823267,1.6061875820159912,1.2053451538085938,1.1984059810638428,0.04321602102029931,-0.09764215015354011,7.022353405742395
1776514814.50186,0.7814955786729826,-0.03333463803550517,0.7835506352541243,-0.0632081689077155,1.1984059810638428,2.182385292017934,1.5674080989823267,1.6061875820159912,1.2053451538085938,1.1984059810638428,0.03417385578235632,-0.17829993682086043,7.01380839839222
1776514814.5468156,0.7814955786729826,-0.03333463803550517,0.7586878293473129,-0.5321440488806461,1.1998897790908813,2.179014953168645,1.5598837403605406,1.596310019493103,1.1998897790908813,1.2060236930847168,0.03417385578235632,-0.17829993682086043,7.01380839839222
1776514814.5970814,0.7818492900583122,-0.03428293009865923,0.7590232373460357,-0.19943436295406594,1.1998897790908813,2.179014953168645,1.5598837403605406,1.596310019493103,1.1998897790908813,1.2060236930847168,0.03476032511185351,-0.17762987350768344,7.005299629096144
1776514814.6469696,0.7730546592320603,-0.082967357940875,0.7590232373460357,-0.2042329702687876,1.1998897790908813,2.179014953168645,1.5598837403605406,1.596310019493103,1.1998897790908813,1.2060236930847168,0.035834196651511996,-0.1763754401127287,6.996882038491597
1776514814.696998,0.7705626057610708,-0.1259301247111869,0.759645094324617,-0.1932346059908993,1.1998897790908813,2.179014953168645,1.5598837403605406,1.596310019493103,1.1998897790908813,1.2060236930847168,0.03762997159851217,-0.1742473309602307,6.988564773955486
1776514814.74776,0.7705626057610708,-0.1259301247111869,0.7606935001739605,-0.18090872116874476,1.199791431427002,2.1769732535712483,1.5548109087067203,1.5973150730133057,1.199791431427002,1.2033284902572632,0.03762997159851217,-0.1742473309602307,6.988564773955486
1776514814.7971861,0.7593343218259523,-0.13036023857478757,0.7618994324687433,-0.17369237882395752,1.199791431427002,2.1769732535712483,1.5548109087067203,1.5973150730133057,1.199791431427002,1.2033284902572632,0.0396762240082868,-0.1717820570762324,6.9803918143872545
1776514814.8478336,0.756945777218534,-0.1517715524333015,0.7618994324687433,-0.18892738822430455,1.199791431427002,2.1769732535712483,1.5548109087067203,1.5973150730133057,1.199791431427002,1.2033284902572632,0.0420079177992948,-0.1689186095388217,6.97233787043084
1776514814.896848,0.756945777218534,-0.1517715524333015,0.7632887846145522,-0.16161102266576,1.199791431427002,2.1769732535712483,1.5548109087067203,1.5973150730133057,1.199791431427002,1.2033284902572632,0.0420079177992948,-0.1689186095388217,6.97233787043084
1776514814.9488637,0.7579439077430948,-0.16464213994054355,0.7632887846145522,-0.18148921249113062,1.194273829460144,2.172075423237133,1.5454138015911065,1.6040998697280884,1.194273829460144,1.2091929912567139,0.02811421951638715,-0.16566654249414398,6.964345412783513
1776514814.9970078,0.7597524703962428,-0.15972015577898105,0.7606981514197693,-0.22635734503366564,1.194273829460144,2.172075423237133,1.5454138015911065,1.6040998697280884,1.194273829460144,1.2091929912567139,0.03100164592355209,-0.16239372363842786,6.9564070680003285
1776514815.046855,0.7610027582463244,-0.1545516754545468,0.7623421721539754,-0.16395583279092024,1.194273829460144,2.172075423237133,1.5454138015911065,1.6040998697280884,1.194273829460144,1.2091929912567139,0.03373816379764155,-0.15923682677532142,6.948511842405565
1776514815.0967941,0.7605661088526664,-0.14753863584929774,0.7639157057799157,-0.1588294623998905,1.1863975524902344,2.171734878798528,1.5429293605357801,1.6311949491500854,1.1863975524902344,1.2159010171890259,0.03632689595629668,-0.1561966105273277,6.94068179897227
1776514815.1474352,0.7636954035056007,-0.11231133285007246,0.7654193268333351,-0.15109907624409774,1.1863975524902344,2.171734878798528,1.5429293605357801,1.6311949491500854,1.1863975524902344,1.2159010171890259,0.0384705743690516,-0.1536368598615463,6.932901545309341
1776514815.2054467,0.7645409422490532,-0.10245549265818336,0.7666762639797681,-0.1467636892369239,1.1863975524902344,2.171734878798528,1.5429293605357801,1.6311949491500854,1.1863975524902344,1.2159010171890259,0.04017493286092316,-0.15155914377974522,6.925146725903374
1776514815.2478104,0.7664251229877105,-0.10123268896082473,0.767687522822624,-0.1450106400309053,1.1890075206756592,2.1673854643497945,1.534110481133083,1.6293865442276,1.1890075206756592,1.2083041667938232,0.026888821207554592,-0.14955555883546567,6.917433048008619
1776514815.2978246,0.7672870699881511,-0.10048209126409595,0.7649004264703734,-0.20877641046659923,1.1890075206756592,2.1673854643497945,1.534110481133083,1.6293865442276,1.1890075206756592,1.2083041667938232,0.02868592354187216,-0.14753389823423602,6.909758789360645
1776514815.3470476,0.7647474102732188,-0.14390233000350913,0.7659193612269658,-0.1552664565251952,1.1918224096298218,2.1641468180207384,1.528079629398962,1.6336578130722046,1.1918224096298218,1.2122917175292969,0.02868592354187216,-0.14753389823423602,6.909758789360645
1776514815.417347,0.7647474102732188,-0.14390233000350913,0.7671906236370141,-0.14444774561604637,1.1918224096298218,2.1641468180207384,1.528079629398962,1.6336578130722046,1.1918224096298218,1.2122917175292969,0.030906049022009108,-0.14499178827332965,6.902147528546846
1776514815.471974,0.7594873581493912,-0.15074153188801118,0.7671906236370141,-0.16180950627495233,1.1918224096298218,2.1641468180207384,1.528079629398962,1.6336578130722046,1.1918224096298218,1.2122917175292969,0.030906049022009108,-0.14499178827332965,6.902147528546846
1776514815.497009,0.7594873581493912,-0.15074153188801118,0.7671906236370141,-0.16195215265515278,1.1918224096298218,2.1641468180207384,1.528079629398962,1.6336578130722046,1.1918224096298218,1.2122917175292969,0.03342588532829244,-0.14205556043796846,6.894655235641032
1776514815.546937,0.7613892341804213,-0.15839789218968353,0.7686477661800986,-0.1319813316203062,1.1868820190429688,2.1636243932893384,1.5262897012117742,1.6480058431625366,1.1868820190429688,1.215715765953064,0.036083429721846194,-0.13890272894833472,6.887231538546861
1776514815.5969753,0.7662992964351775,-0.1471517366916366,0.7702002601843716,-0.12515412064280126,1.1868820190429688,2.1636243932893384,1.5262897012117742,1.6480058431625366,1.1868820190429688,1.215715765953064,0.038607253940370734,-0.13585301212333378,6.879843896363974
1776514815.646947,0.7702142165307018,-0.12041573071517969,0.7716901845984401,-0.11775196926319664,1.1868820190429688,2.1636243932893384,1.5262897012117742,1.6480058431625366,1.1868820190429688,1.215715765953064,0.04076500441843872,-0.13319626766298426,6.872472271654234
1776514815.6969252,0.7687515063707802,-0.11283486596784012,0.7729778261678111,-0.11400910945923881,1.1857563257217407,2.159610242671596,1.517075444481392,1.628734827041626,1.1857563257217407,1.2151938676834106,0.029558064672810025,-0.1308812770847244,6.865156568549657
1776514815.7472603,0.7726751721650398,-0.08253531990862102,0.7717205278898583,-0.1542213880257814,1.1857563257217407,2.159610242671596,1.517075444481392,1.628734827041626,1.1857563257217407,1.2151938676834106,0.031171350236609774,-0.12905232989202609,6.857870011744606
1776514815.796833,0.7730202871106424,-0.0820476752490655,0.7717205278898583,-0.13727845743180556,1.182867407798767,2.1569730324617256,1.5119280338339125,1.6499747037887573,1.182867407798767,1.211268663406372,0.032581431388652826,-0.1274201523195379,6.850626066623748
1776514815.8486063,0.7717423512169994,-0.10741478729221476,0.77253287806047,-0.12259316310423818,1.182867407798767,2.1569730324617256,1.5119280338339125,1.6499747037887573,1.182867407798767,1.211268663406372,0.03430942945110782,-0.12538359489116874,6.843454394152491
1776514815.897307,0.7717423512169994,-0.10741478729221476,0.773538569652152,-0.11785689810949042,1.182867407798767,2.1569730324617256,1.5119280338339125,1.6499747037887573,1.182867407798767,1.211268663406372,0.03430942945110782,-0.12538359489116874,6.843454394152491
1776514815.9808488,0.7717423512169994,-0.10741478729221476,0.773538569652152,-0.11785689810949042,1.182867407798767,2.1569730324617256,1.5119280338339125,1.6499747037887573,1.182867407798767,1.211268663406372,0.03430942945110782,-0.12538359489116874,6.843454394152491
1776514815.9969068,0.7717423512169994,-0.10741478729221476,0.773538569652152,-0.12774771622259,1.182867407798767,2.1569730324617256,1.5119280338339125,1.6499747037887573,1.182867407798767,1.211268663406372,0.03430942945110782,-0.12538359489116874,6.843454394152491
1776514816.0491621,0.7718647799069632,-0.09986266504418784,0.773538569652152,-0.12784780170263693,1.182867407798767,2.1569730324617256,1.5119280338339125,1.6499747037887573,1.182867407798767,1.211268663406372,0.035997141623236195,-0.12335895013324466,6.836325594835372
1776514816.0996597,0.7727990062029331,-0.09329915023215593,0.774530773651747,-0.11077060506088006,1.184388518333435,2.1575121742834327,1.5128546929196258,1.6713377237319946,1.184388518333435,1.2181004285812378,0.03753018849017087,-0.12148352375393545,6.829238280952514
1776514816.1477642,0.7690814329167408,-0.11242560420531793,0.7754422208484212,-0.10507780351073795,1.184388518333435,2.1575121742834327,1.5128546929196258,1.6713377237319946,1.184388518333435,1.2181004285812378,0.02720527502322001,-0.11949354704960102,6.822227881511982
1776514816.197453,0.7690814329167408,-0.11242560420531793,0.7733975361319632,-0.15954153073409266,1.184388518333435,2.1575121742834327,1.5128546929196258,1.6713377237319946,1.184388518333435,1.2181004285812378,0.02720527502322001,-0.11949354704960102,6.822227881511982
1776514816.2491682,0.7668176844454222,-0.13523860512660832,0.7746831967307117,-0.10763615859082412,1.1744555234909058,2.155075098495589,1.5063251152007495,1.6677688360214233,1.1744555234909058,1.2102526426315308,0.02946981839967544,-0.11693999109288034,6.815306289739582
1776514816.2986717,0.7703489134319379,-0.14479639589354815,0.7746831967307117,-0.12221077718711228,1.1744555234909058,2.155075098495589,1.5063251152007495,1.6677688360214233,1.1744555234909058,1.2102526426315308,0.03198926493345494,-0.1140476480087877,6.808436862414865
1776514816.3549714,0.771848169028621,-0.13539449058492484,0.7761279533207701,-0.09491875709367598,1.1744555234909058,2.155075098495589,1.5063251152007495,1.6677688360214233,1.1744555234909058,1.2102526426315308,0.03439607870162931,-0.11123395860773783,6.801619507187859
1776514816.399949,0.7788683366071053,-0.10116011651195396,0.7775223034226441,-0.09025022808852065,1.1847378015518188,2.1498222198892147,1.4963245900240787,1.686978816986084,1.1847378015518188,1.2212915420532227,0.0364183943285295,-0.10883348571016083,6.794836723332898
1776514816.4469774,0.7755234305975828,-0.06754306063872585,0.7787040593719445,-0.08324118427942888,1.1847378015518188,2.1498222198892147,1.4963245900240787,1.686978816986084,1.1847378015518188,1.2212915420532227,0.03784984795011176,-0.10710119514835914,6.788083696702074
1776514816.4978313,0.7783697486386847,-0.05774879692596721,0.7795498270418877,-0.08480064397486645,1.1847378015518188,2.1498222198892147,1.4963245900240787,1.686978816986084,1.1847378015518188,1.2212915420532227,0.03876813628306436,-0.10596256881671084,6.781371233807069
1776514816.5473857,0.7783697486386847,-0.05774879692596721,0.7801000510746532,-0.08405344663777081,1.1803736686706543,2.148014458873336,1.4921383067617162,1.69840669631958,1.1803736686706543,1.2222012281417847,0.03876813628306436,-0.10596256881671084,6.781371233807069
1776514816.6005034,0.7795066679958363,-0.06110929919674419,0.7780406227825429,-0.12964272178361155,1.1803736686706543,2.148014458873336,1.4921383067617162,1.69840669631958,1.1803736686706543,1.2222012281417847,0.029262771845801117,-0.10476284186642504,6.774696956607904
1776514816.6483948,0.7799344315656717,-0.05954606713606309,0.7780406227825429,-0.10410807801176902,1.1803736686706543,2.148014458873336,1.4921383067617162,1.69840669631958,1.1803736686706543,1.2222012281417847,0.03030984179808427,-0.10356965974693183,6.768064017765585
1776514816.696822,0.7771393568293813,-0.096897686033378,0.7786385754039764,-0.09330267642103314,1.1921933889389038,2.1465199152481547,1.4883347302181236,1.7018827199935913,1.1921933889389038,1.2146092653274536,0.031864809456596754,-0.10176442205545977,6.761499585124858
1776514816.747033,0.7803772122741007,-0.04314494993851986,0.7795358938075337,-0.08411400118515644,1.1921933889389038,2.1465199152481547,1.4883347302181236,1.7018827199935913,1.1921933889389038,1.2146092653274536,0.032925389831338414,-0.1005049783474749,6.754978751365689
1776514816.7969623,0.7791364351955826,-0.059063444734751835,0.7801558043002044,-0.08476631086470379,1.1921933889389038,2.1465199152481547,1.4883347302181236,1.7018827199935913,1.1921933889389038,1.2146092653274536,0.03395165770565356,-0.09926454942926494,6.748501319237252
1776514816.84707,0.7794474092762564,-0.05203287278385178,0.7807617439016306,-0.08077987773330071,1.1894385814666748,2.144948766255798,1.4835589211648288,1.6967085599899292,1.1894385814666748,1.215413212776184,0.03504499033226821,-0.09792219735171914,6.7420726860655105
1776514816.9008956,0.7794474092762564,-0.05203287278385178,0.7814131223052503,-0.07721403248543249,1.1894385814666748,2.144948766255798,1.4835589211648288,1.6967085599899292,1.1894385814666748,1.215413212776184,0.03504499033226821,-0.09792219735171914,6.7420726860655105
1776514816.9468677,0.7796087759090577,-0.04881674809222754,0.7795644956394208,-0.12019154152355307,1.1894385814666748,2.144948766255798,1.4835589211648288,1.6967085599899292,1.1894385814666748,1.215413212776184,0.02635946255692967,-0.09670746044616296,6.735688085673308
1776514817.001732,0.779099979609294,-0.016150224922178474,0.7795644956394208,-0.09640281727273489,1.1860032081604004,2.143682640311235,1.4808068158202123,1.7135560512542725,1.1860032081604004,1.2115240097045898,0.027284528182045686,-0.09565833869502649,6.729345492542573
1776514817.0638413,0.779099979609294,-0.016150224922178474,0.7800913662672682,-0.08657128802159153,1.1860032081604004,2.143682640311235,1.4808068158202123,1.7135560512542725,1.1860032081604004,1.2115240097045898,0.027284528182045686,-0.09565833869502649,6.729345492542573
1776514817.0970626,0.7628750651902099,0.057965474646149186,0.7799817067670322,-0.09571299499244627,1.1860032081604004,2.143682640311235,1.4808068158202123,1.7135560512542725,1.1860032081604004,1.2115240097045898,0.027092064523254467,-0.0958767624743857,6.7231298048329515
1776514817.1531394,0.7756044259443127,-0.022372923541458985,0.7799817067670322,-0.09447170181668785,1.1860032081604004,2.143682640311235,1.4808068158202123,1.7135560512542725,1.1860032081604004,1.2115240097045898,0.026932507452880894,-0.09605890157276481,6.716927742762605
1776514817.1968412,0.780469322076045,-0.06398377952245389,0.7798904994377519,-0.09655296409878508,1.182541012763977,2.1411999658122314,1.4749936325285533,1.7065097093582153,1.182541012763977,1.2158470153808594,0.027827558014252407,-0.09499037151654766,6.710709107085175
1776514817.2468116,0.780469322076045,-0.06398377952245389,0.7804152405949583,-0.0855345457105198,1.182541012763977,2.1411999658122314,1.4749936325285533,1.7065097093582153,1.182541012763977,1.2158470153808594,0.027827558014252407,-0.09499037151654766,6.710709107085175
1776514817.2968547,0.7799881757487688,-0.062056519532187014,0.7804152405949583,-0.09238892951679589,1.182541012763977,2.1411999658122314,1.4749936325285533,1.7065097093582153,1.182541012763977,1.2158470153808594,0.028898039262622743,-0.09368345547717355,6.704518267011746
1776514817.3471653,0.7809519632271875,-0.053614548797598506,0.7810509383605724,-0.08089106945333452,1.1900720596313477,2.1393310500999823,1.4707777461899159,1.7024341821670532,1.1900720596313477,1.2193063497543335,0.020569116908088547,-0.09254911129729237,6.698368479725226
1776514817.3978448,0.7822055486796116,-0.05027732460672334,0.7792696662975964,-0.12220824273001991,1.1900720596313477,2.1393310500999823,1.4707777461899159,1.7024341821670532,1.1900720596313477,1.2193063497543335,0.021554815790065296,-0.09144780639956102,6.692266482590829
1776514817.4469073,0.7822055486796116,-0.05027732460672334,0.7798264277872193,-0.08937771526044903,1.1900720596313477,2.1393310500999823,1.4707777461899159,1.7024341821670532,1.1900720596313477,1.2193063497543335,0.021554815790065296,-0.09144780639956102,6.692266482590829
1776514817.497847,0.7775948184965715,-0.10010763906346933,0.780629450271197,-0.08063955926910009,1.186511754989624,2.1378216504168446,1.4655956805734667,1.7239110469818115,1.186511754989624,1.2162715196609497,0.022955266693350684,-0.08984027476974066,6.686220294572081
1776514817.5470772,0.7796069469295188,-0.08645716463093099,0.7815697771447132,-0.07438130748711862,1.186511754989624,2.1378216504168446,1.4655956805734667,1.7239110469818115,1.186511754989624,1.2162715196609497,0.02458389865417493,-0.0879477332719244,6.680258024230757
1776514817.6068406,0.7818068909755742,-0.06316502936819068,0.7815697771447132,-0.0866265225692403,1.186511754989624,2.1378216504168446,1.4655956805734667,1.7239110469818115,1.186511754989624,1.2162715196609497,0.025823359494130338,-0.0864688203329132,6.674310568198011
1776514817.6469586,0.7809918396921688,-0.04925272790730027,0.7822962168993052,-0.07398451024767565,1.1843442916870117,2.134586701229918,1.46086544525929,1.7232890129089355,1.1843442916870117,1.2153160572052002,0.02677995179575074,-0.08530988897899805,6.668415119921357
1776514817.6972814,0.7788311705074143,-0.022715325140846322,0.7828617789384098,-0.07125178283048775,1.1843442916870117,2.134586701229918,1.46086544525929,1.7232890129089355,1.1843442916870117,1.2153160572052002,0.027328426866075423,-0.08462565958363638,6.662573046070314
1776514817.7467606,0.7785219082275593,-0.012655888709493269,0.7831915788868329,-0.07516878213420082,1.1843442916870117,2.134586701229918,1.46086544525929,1.7232890129089355,1.1843442916870117,1.2153160572052002,0.027328426866075423,-0.08462565958363638,6.662573046070314
1776514817.7969482,0.7785219082275593,-0.012655888709493269,0.7831915788868329,-0.0778431483935899,1.1843442916870117,2.134586701229918,1.46086544525929,1.7232890129089355,1.1843442916870117,1.2153160572052002,0.0191734752899409,-0.08428537380894718,6.656778053865403
1776514817.8477147,0.7793236852943339,-0.01778714292178436,0.7812318111065599,-0.11416478554708659,1.1748303174972534,2.130456049281287,1.4514098340000272,1.7270132303237915,1.1748303174972534,1.2073075771331787,0.019455259027712557,-0.08395727511438439,6.651019173868796
1776514817.8998694,0.781168893033137,-0.07063062356113362,0.781394688242956,-0.08631190912492423,1.1748303174972534,2.130456049281287,1.4514098340000272,1.7270132303237915,1.1748303174972534,1.2073075771331787,0.020280195856108685,-0.08299339319649651,6.645307639364858
1776514817.94827,0.7829048640409966,-0.06308190905610707,0.7818724592607205,-0.08023606720339077,1.1803399324417114,2.1299146700522944,1.4486614348399776,1.7092958688735962,1.1803399324417114,1.2167340517044067,0.021370705305837567,-0.08170208671102847,6.639612274965996
1776514817.9989657,0.78256097449901,-0.06139490236498872,0.7831371116582101,-0.0613131199521679,1.1803399324417114,2.1299146700522944,1.4486614348399776,1.7092958688735962,1.1803399324417114,1.2167340517044067,0.023454407334775107,-0.07915471176482164,6.628360660278135
1776514818.0492039,0.78256097449901,-0.06139490236498872,0.7837471913542133,-0.06762526007449056,1.1896228790283203,2.127483258525273,1.4434212890132339,1.7070919275283813,1.1896228790283203,1.2121433019638062,0.023454407334775107,-0.07915471176482164,6.628360660278135
1776514818.0968401,0.7839546217582873,-0.054081693791008,0.7823688945671936,-0.09991619909078724,1.1896228790283203,2.127483258525273,1.4434212890132339,1.7070919275283813,1.1896228790283203,1.2121433019638062,0.016638777124924675,-0.07794313310102674,6.622812516690122
1776514818.146961,0.7846530859089287,-0.06300305892171583,0.7823688945671936,-0.08343006240521333,1.1896228790283203,2.127483258525273,1.4434212890132339,1.7070919275283813,1.1896228790283203,1.2121433019638062,0.017734094650425747,-0.07670623250246977,6.617308688419605
1776514818.196919,0.7816302196154246,-0.06059429209267793,0.7829912467512158,-0.07211459127826923,1.1931252479553223,2.1253463464352293,1.4385896156735192,1.6928232908248901,1.1931252479553223,1.2084879875183105,0.018906102972647887,-0.07536121916070282,6.6118754698145565
1776514818.2481241,0.7813535415708678,-0.04376499000440864,0.7836631965841105,-0.06813411791032965,1.1931252479553223,2.1253463464352293,1.4385896156735192,1.6928232908248901,1.1931252479553223,1.2084879875183105,0.019714913664228173,-0.07440806753968493,6.606486449283942
1776514818.2999842,0.782504977091615,-0.038633302512845254,0.7841338993322737,-0.06714158271930735,1.1931252479553223,2.1253463464352293,1.4385896156735192,1.6928232908248901,1.1931252479553223,1.2084879875183105,0.020366236999374898,-0.07362601855493639,6.60114168642789
1776514818.346974,0.7842815597128043,-0.04819445382219209,0.7845170065284603,-0.06707219957275011,1.1869444847106934,2.1232276281529727,1.4361592035966484,1.6808303594589233,1.1869444847106934,1.2060266733169556,0.021028160704767707,-0.0728121479536093,6.595828310015631
1776514818.3979065,0.7842815597128043,-0.04819445382219209,0.7849116950705909,-0.0639520132825912,1.1869444847106934,2.1232276281529727,1.4361592035966484,1.6808303594589233,1.1869444847106934,1.2060266733169556,0.021028160704767707,-0.0728121479536093,6.595828310015631
1776514818.448954,0.785475397359692,-0.0530551934803863,0.7849116950705909,-0.06958298731003522,1.1869444847106934,2.1232276281529727,1.4361592035966484,1.6808303594589233,1.1869444847106934,1.2060266733169556,0.014618207856526011,-0.07184988609366921,6.590550301061367
1776514818.4967434,0.785927150762379,-0.05173834196445346,0.7835658202736172,-0.09285763813249431,1.2020597457885742,2.122868233207858,1.4326372077768483,1.6851842403411865,1.2022209167480469,1.2020597457885742,0.015500460449424103,-0.07085258300669073,6.585315454054936
1776514818.5468361,0.7860801956819977,-0.054695911402872305,0.7840673927913815,-0.06725021708202546,1.2020597457885742,2.122868233207858,1.4326372077768483,1.6851842403411865,1.2022209167480469,1.2020597457885742,0.016414312210654536,-0.06980091222056795,6.580128580192254
1776514818.5998952,0.7848724748591019,-0.058508345867032956,0.784592151255326,-0.06471245228847057,1.2020597457885742,2.122868233207858,1.4326372077768483,1.6851842403411865,1.2022209167480469,1.2020597457885742,0.017306055311097246,-0.06875573195870283,6.5749944288579
1776514818.646909,0.7855994820322405,-0.06722639065404978,0.7851095209899598,-0.0623186337958808,1.1946496963500977,2.11956080598593,1.4276151844662277,1.6829662322998047,1.1946496963500977,1.212273120880127,0.01528499845474654,-0.06749841068355877,6.570069809235067
1776514818.6988585,0.7855994820322405,-0.06722639065404978,0.7849522646191998,-0.07194358557294256,1.1946496963500977,2.11956080598593,1.4276151844662277,1.6829662322998047,1.1946496963500977,1.212273120880127,0.01528499845474654,-0.06749841068355877,6.570069809235067
1776514818.746979,0.7862674478784804,-0.0629262006851641,0.7855497353791286,-0.05894754044185284,1.1946496963500977,2.11956080598593,1.4276151844662277,1.6829662322998047,1.1946496963500977,1.212273120880127,0.016305283700348283,-0.06628284326199707,6.565019199804919
1776514818.796859,0.785235619292333,-0.06128090142874741,0.7861399232575256,-0.05567271304399926,1.2007653713226318,2.117949662993728,1.4235370448026352,1.67958402633667,1.2007653713226318,1.2020756006240845,0.017301731111406954,-0.0650718320805323,6.560024506846033
1776514818.8468788,0.7850746132989765,-0.039846435358421806,0.7849336265277426,-0.08535634475831842,1.2007653713226318,2.117949662993728,1.4235370448026352,1.67958402633667,1.2007653713226318,1.2020756006240845,0.011567204995560687,-0.06421896118263865,6.555074052629976
1776514818.8969808,0.7851091477679615,-0.031936432077914564,0.7852446666002778,-0.0647334734632008,1.2007653713226318,2.117949662993728,1.4235370448026352,1.67958402633667,1.2007653713226318,1.2020756006240845,0.01211227210617688,-0.06359866418028126,6.550166871766663
1776514818.9469433,0.7838987540128786,-0.05220013110208274,0.7852446666002778,-0.06875540713505848,1.1863975524902344,2.116090219622955,1.4199474141324773,1.680029034614563,1.1863975524902344,1.201741099357605,0.0128469942106344,-0.06275157952938276,6.545318590544613
1776514819.0031335,0.7860217370407636,-0.05266549233097058,0.7856670002728527,-0.06128133135911466,1.1863975524902344,2.116090219622955,1.4199474141324773,1.680029034614563,1.1863975524902344,1.201741099357605,0.013677769924948568,-0.06177827468770969,6.540501896005775
1776514819.0470595,0.7860217370407636,-0.05266549233097058,0.7861488811085283,-0.05735184221338756,1.1863975524902344,2.116090219622955,1.4199474141324773,1.680029034614563,1.1863975524902344,1.201741099357605,0.013677769924948568,-0.06177827468770969,6.540501896005775
1776514819.0969903,0.7866471773539834,-0.050284948531243975,0.7861488811085283,-0.0638862903806915,1.2063422203063965,2.116996767231979,1.4216096825942268,1.6630403995513916,1.2063422203063965,1.2070392370224,0.014469852183279064,-0.06083062311625337,6.535726170176327
1776514819.1577575,0.7870510122150546,-0.045127000869305746,0.7866138282776354,-0.05554707410109881,1.2063422203063965,2.116996767231979,1.4216096825942268,1.6630403995513916,1.2063422203063965,1.2070392370224,0.015215200479328256,-0.05992421240146839,6.530998669510467
1776514819.1974342,0.7870785634128039,-0.05566065889876896,0.7875158603537159,-0.04477461152536496,1.2063422203063965,2.116996767231979,1.4216096825942268,1.6630403995513916,1.2063422203063965,1.2070392370224,0.01598220853101398,-0.05897020070035591,6.526314395035857
1776514819.2560053,0.7866800258130978,-0.059624722030180766,0.7866066905222352,-0.07297790198445293,1.201837182044983,2.115045547044244,1.4177853133530038,1.6808414459228516,1.2043660879135132,1.201837182044983,0.01110648779207013,-0.05782908714773771,6.521686823245867
1776514819.300389,0.7891136083881232,-0.04154104478831471,0.7866066905222352,-0.06165674780802122,1.201837182044983,2.115045547044244,1.4177853133530038,1.6808414459228516,1.2043660879135132,1.201837182044983,0.011939733330653873,-0.056878172484755685,6.517104629049783
1776514819.347973,0.7853149742171439,-0.0491911471420737,0.7870829245035932,-0.05229657563587085,1.201837182044983,2.115045547044244,1.4177853133530038,1.6808414459228516,1.2043660879135132,1.201837182044983,0.012776142295563703,-0.05590846913582259,6.512583504117406
1776514819.3971543,0.7853149742171439,-0.0491911471420737,0.7875652165004517,-0.049965432893849984,1.1931593418121338,2.1125400903377125,1.4132794723467368,1.6619796752929688,1.2055598497390747,1.1931593418121338,0.012776142295563703,-0.05590846913582259,6.512583504117406
1776514819.4468951,0.7863399407866323,-0.03400616415741076,0.7875652165004517,-0.056441005890288276,1.1931593418121338,2.1125400903377125,1.4132794723467368,1.6619796752929688,1.2055598497390747,1.1931593418121338,0.013314607157478425,-0.055269156984703416,6.5081041727528515
1776514819.4985962,0.7874189285906981,-0.032989096830583965,0.7878799170479677,-0.05118516062299137,1.1931593418121338,2.1125400903377125,1.4132794723467368,1.6619796752929688,1.2055598497390747,1.1931593418121338,0.013753439657082756,-0.05473376252265444,6.5036653252930545
1776514819.546869,0.787838133256548,-0.04106355787726431,0.7884638482536732,-0.04259093156451003,1.1968549489974976,2.1108222162139074,1.409887458732233,1.63968026638031,1.2056841850280762,1.1968549489974976,0.014293400893415548,-0.05406460275524094,6.499267331042848
1776514819.5989482,0.7885165608886723,-0.042206370453459145,0.7884638482536732,-0.05155762269790217,1.1968549489974976,2.1108222162139074,1.409887458732233,1.63968026638031,1.2056841850280762,1.1968549489974976,0.009550951037138489,-0.05332308813201342,6.494908800919389
1776514819.6466234,0.7891397170550476,-0.04049578520145204,0.7874763749843952,-0.07013405766263492,1.1944403648376465,2.112009476997806,1.4130199224022255,1.6350380182266235,1.2032486200332642,1.1944403648376465,0.010239644848536206,-0.0525390107750513,6.490593903166209
1776514819.698022,0.7891579482584865,-0.042302480961173804,0.7878694674848168,-0.050786101826425026,1.1944403648376465,2.112009476997806,1.4130199224022255,1.6350380182266235,1.2032486200332642,1.1944403648376465,0.010936059651472124,-0.05173254141308625,6.486327266668295
1776514819.7511168,0.788478630452203,-0.0568093040720739,0.7882707754365068,-0.04732770578243597,1.1944403648376465,2.112009476997806,1.4130199224022255,1.6350380182266235,1.2032486200332642,1.1944403648376465,0.011703371742243202,-0.050824956182705494,6.482104611902828
1776514819.8018215,0.7882617588700437,-0.048005801390905545,0.7887182619478877,-0.044528797067013313,1.195982813835144,2.1094656362233617,1.4072519637203138,1.6184799671173096,1.2093381881713867,1.195982813835144,0.012606538464703804,-0.04974183576107655,6.477943918033453
1776514819.848843,0.7893036191055721,-0.035240619834574334,0.7892491336800039,-0.04018320943661721,1.195982813835144,2.1094656362233617,1.4072519637203138,1.6184799671173096,1.2093381881713867,1.195982813835144,0.013283882813658665,-0.048912147420352936,6.473827554565616
1776514819.89684,0.7884273134040681,-0.01961796856614615,0.7896521371913432,-0.040105175673084484,1.195982813835144,2.1094656362233617,1.4072519637203138,1.6184799671173096,1.2093381881713867,1.195982813835144,0.008907566222863622,-0.04834701589883422,6.4697625559679235
1776514819.9488773,0.7873622292816724,-0.0065414371049514275,0.7887075422364881,-0.06177730754015379,1.1943427324295044,2.111772128655666,1.4105630378972982,1.6137930154800415,1.2088216543197632,1.1943427324295044,0.009128537504968032,-0.04809404796993877,6.465741319164438
1776514819.998192,0.7874330198642167,-0.03209447820866911,0.7888340580196691,-0.04834001033062042,1.1943427324295044,2.111772128655666,1.4105630378972982,1.6137930154800415,1.2088216543197632,1.1943427324295044,0.009509774320794084,-0.04765182183481953,6.461768081203299
1776514820.0515003,0.7874330198642167,-0.03209447820866911,0.7890539530150907,-0.046142832264788665,1.1943427324295044,2.111772128655666,1.4105630378972982,1.6137930154800415,1.2088216543197632,1.1943427324295044,0.009509774320794084,-0.04765182183481953,6.461768081203299
1776514820.0993583,0.7883320702661246,-0.02382618201438256,0.7890539530150907,-0.04899252701578401,1.1807794570922852,2.109028142541785,1.4078020394907695,1.611836552619934,1.218556523323059,1.1807794570922852,0.009975346487432118,-0.047104787279809324,6.4578294822346685
1776514820.1558433,0.7883320702661246,-0.02382618201438256,0.7893244468764863,-0.044654341880155775,1.1807794570922852,2.109028142541785,1.4078020394907695,1.611836552619934,1.218556523323059,1.1807794570922852,0.009975346487432118,-0.047104787279809324,6.4578294822346685
1776514820.1979594,0.7890191355388123,-0.029042347377949133,0.7893244468764863,-0.047603356310578195,1.1807794570922852,2.109028142541785,1.4078020394907695,1.611836552619934,1.218556523323059,1.1807794570922852,0.010426405961000168,-0.046561586247101217,6.453930509968725
1776514820.2622108,0.7896834778461629,-0.030225909410843108,0.7895902101529838,-0.042781256708274144,1.1804746389389038,2.1063711235194598,1.4030269631069248,1.5841485261917114,1.2178560495376587,1.1804746389389038,0.010927361716762535,-0.04594973281135495,6.450072672930634
1776514820.382702,0.7896834778461629,-0.030225909410843108,0.7895902101529838,-0.042781256708274144,1.1804746389389038,2.1063711235194598,1.4030269631069248,1.5841485261917114,1.2178560495376587,1.1804746389389038,0.010927361716762535,-0.04594973281135495,6.450072672930634
1776514820.3999074,0.7896834778461629,-0.030225909410843108,0.7898877699654449,-0.042728678355856274,1.1804746389389038,2.1063711235194598,1.4030269631069248,1.5841485261917114,1.2178560495376587,1.1804746389389038,0.010927361716762535,-0.04594973281135495,6.450072672930634
1776514820.4653082,0.7896834778461629,-0.030225909410843108,0.7898877699654449,-0.04463197356266692,1.1804746389389038,2.1063711235194598,1.4030269631069248,1.5841485261917114,1.2178560495376587,1.1804746389389038,0.010927361716762535,-0.04594973281135495,6.450072672930634
1776514820.497926,0.7899717425904809,-0.03600986223337591,0.7898877699654449,-0.04484248117999839,1.1804746389389038,2.1063711235194598,1.4030269631069248,1.5841485261917114,1.2178560495376587,1.1804746389389038,0.011479248826009647,-0.04526244024107984,6.446259622955518
1776514820.548239,0.7903198363155777,-0.03550161177356399,0.7902192874366522,-0.0365119208904368,1.1804746389389038,2.1063711235194598,1.4030269631069248,1.5841485261917114,1.2178560495376587,1.1804746389389038,0.011479248826009647,-0.04526244024107984,6.446259622955518
1776514820.6033738,0.7903198363155777,-0.03550161177356399,0.7902192874366522,-0.0365119208904368,1.1804746389389038,2.1063711235194598,1.4030269631069248,1.5841485261917114,1.2178560495376587,1.1804746389389038,0.007614211080412797,-0.04451830405010854,6.44249140707653
1776514820.646966,0.7903198363155777,-0.03550161177356399,0.7894536560582337,-0.04751847912015366,1.1804746389389038,2.1063711235194598,1.4030269631069248,1.5841485261917114,1.2178560495376587,1.1804746389389038,0.007614211080412797,-0.04451830405010854,6.44249140707653
1776514820.6973314,0.7905808463516169,-0.041273423860102076,0.7894536560582337,-0.047593845553892365,1.1804746389389038,2.1063711235194598,1.4030269631069248,1.5841485261917114,1.2178560495376587,1.1804746389389038,0.008274133042206006,-0.04376095520147627,6.4387715682185895
1776514820.7471242,0.7904635592779807,-0.048610545299381476,0.7898320140702226,-0.040811391788784165,1.188486933708191,2.107915548016692,1.4049298151798606,1.5770500898361206,1.2199583053588867,1.188486933708191,0.009012908024885302,-0.042906248591007945,6.435108086932129
1776514820.7998328,0.7906087487368032,-0.037792280252284954,0.7902575032167889,-0.03861427503387146,1.188486933708191,2.107915548016692,1.4049298151798606,1.5770500898361206,1.2199583053588867,1.188486933708191,0.009678569810702947,-0.04212252810714234,6.431490743227403
1776514820.8469646,0.7906087487368032,-0.037792280252284954,0.7906446917222973,-0.03436002552652481,1.1694005727767944,2.1049884092355633,1.4006977048617446,1.5950508117675781,1.2186241149902344,1.1694005727767944,0.009678569810702947,-0.04212252810714234,6.431490743227403
1776514820.9018512,0.7908333560531777,-0.02498036045896078,0.7908948622902265,-0.03645331318752634,1.1694005727767944,2.1049884092355633,1.4006977048617446,1.5950508117675781,1.2186241149902344,1.1694005727767944,0.012890225286466078,-0.037684927548899794,6.4261047158978615
1776514820.9467435,0.7912655138277227,-0.027005060280937628,0.7926965570584975,-0.005951552462705255,1.1694005727767944,2.1049884092355633,1.4006977048617446,1.5950508117675781,1.2186241149902344,1.1694005727767944,0.013269191520084211,-0.037215370977049966,6.422650232854249
1776514820.997424,0.7931755731358509,-0.004450310386688896,0.7929235323894872,-0.025563995662064153,1.1664756536483765,2.1059025662790063,1.4017481246953467,1.5639556646347046,1.2224669456481934,1.1664756536483765,0.009628153134461054,-0.037126209744237526,6.419229755758407
1776514821.072823,0.7937179568546826,-0.020331130160788722,0.7920309558614977,-0.045880480088521226,1.1664756536483765,2.1059025662790063,1.4017481246953467,1.5639556646347046,1.2224669456481934,1.1664756536483765,0.009900021247268465,-0.03681702936156339,6.415848229403639
1776514821.0969987,0.7922490944283176,-0.04022928382731712,0.792186037133074,-0.03097960203526127,1.1753315925598145,2.103943205673754,1.3992709300115922,1.5549219846725464,1.222663402557373,1.1753315925598145,0.01043745675927285,-0.036195604987854846,6.412515650033885
1776514821.1482751,0.7900847240303065,-0.050613721398836464,0.7924954697067375,-0.024537927476339982,1.1753315925598145,2.103943205673754,1.3992709300115922,1.5549219846725464,1.222663402557373,1.1753315925598145,0.011132626887686764,-0.03537949594119477,6.409242706817796
1776514821.1991708,0.7915619876783636,-0.04404186958186503,0.7928991631121626,-0.023488502407361347,1.1753315925598145,2.103943205673754,1.3992709300115922,1.5549219846725464,1.222663402557373,1.1753315925598145,0.011875609375300827,-0.03447974284187555,6.406012164158012
1776514821.246976,0.7943861724261233,-0.029239642844237395,0.7933383255668507,-0.02036003282763558,1.176436185836792,2.10429474857535,1.4008182213976534,1.5580792427062988,1.2303391695022583,1.176436185836792,0.012412692266394937,-0.033816962964673014,6.402824021737737
1776514821.297823,0.7942853825466157,-0.023034818590933256,0.7936592488210231,-0.021068786319309314,1.176436185836792,2.10429474857535,1.4008182213976534,1.5580792427062988,1.2303391695022583,1.176436185836792,0.009407585142832658,-0.033396365904934444,6.399675969136364
1776514821.3487673,0.7934873809111286,-0.015317464222954833,0.7930197290026122,-0.039291176205268424,1.173304557800293,2.1050025525741507,1.4026470874735573,1.5427579879760742,1.2298567295074463,1.173304557800293,0.009639560287230176,-0.0331327273253294,6.39657659652086
1776514821.3970346,0.7934315700057581,-0.02874593273757392,0.7931520055412897,-0.02567717763684013,1.173304557800293,2.1050025525741507,1.4026470874735573,1.5427579879760742,1.2298567295074463,1.173304557800293,0.01005357625558953,-0.032652314423228856,6.393520724363303
1776514821.4485447,0.7934315700057581,-0.02874593273757392,0.7933908531779045,-0.022471939526198796,1.173304557800293,2.1050025525741507,1.4026470874735573,1.5427579879760742,1.2298567295074463,1.173304557800293,0.01005357625558953,-0.032652314423228856,6.393520724363303
1776514821.499108,0.7934603591664692,-0.01957701588485777,0.7935549352360697,-0.022897944470160737,1.1706490516662598,2.1017964066012276,1.3994068921734528,1.53311026096344,1.2324373722076416,1.1706490516662598,0.010335376141229619,-0.03231992696971503,6.390508790970488
1776514821.551845,0.7939630577258079,-0.017211410223817388,0.793695472463976,-0.022477082125859398,1.1706490516662598,2.1017964066012276,1.3994068921734528,1.53311026096344,1.2324373722076416,1.1706490516662598,0.010574747479507568,-0.03203344250307111,6.387539455427983
1776514821.5969944,0.7942907936825744,-0.017529364527262076,0.793695472463976,-0.024331493911785455,1.1706490516662598,2.1017964066012276,1.3994068921734528,1.53311026096344,1.2324373722076416,1.1706490516662598,0.01081552082281903,-0.031739533796295294,6.384610882134504
1776514821.6468587,0.7945357321045684,-0.01981439201992127,0.7938384417843878,-0.021338249949536026,1.1657636165618896,2.1033418554602457,1.4027342336790578,1.513954997062683,1.2304922342300415,1.1657636165618896,0.007927004108033209,-0.03142666785583409,6.3817263374405835
1776514821.6968474,0.7945357321045684,-0.01981439201992127,0.7931981380355908,-0.03521749108826336,1.1657636165618896,2.1033418554602457,1.4027342336790578,1.513954997062683,1.2304922342300415,1.1657636165618896,0.007927004108033209,-0.03142666785583409,6.3817263374405835
1776514821.748999,0.7928603151416344,-0.035371530240462974,0.7931981380355908,-0.027307280321802588,1.1657636165618896,2.1033418554602457,1.4027342336790578,1.513954997062683,1.2304922342300415,1.1657636165618896,0.008371608123767527,-0.030929342714307362,6.3788907142438305
1776514821.801148,0.7928603151416344,-0.035371530240462974,0.7934494292871834,-0.022907194001873056,1.1657636165618896,2.1033418554602457,1.4027342336790578,1.513954997062683,1.2304922342300415,1.1657636165618896,0.008371608123767527,-0.030929342714307362,6.3788907142438305
1776514821.8471386,0.792995721784643,-0.03754676120879859,0.7934494292871834,-0.025966629613771712,1.1657636165618896,2.1033418554602457,1.4027342336790578,1.513954997062683,1.2304922342300415,1.1657636165618896,0.008957645244779405,-0.030251669967238437,6.376097688233593
1776514821.8994656,0.7949728326196089,-0.02919393400099485,0.7937868590108577,-0.019484110787427008,1.1644586324691772,2.102295240464859,1.4017546748608942,1.534223198890686,1.2398736476898193,1.1644586324691772,0.009437907676125956,-0.029688747206472965,6.373351654492557
1776514821.9481459,0.7941090948527054,-0.018018224899714066,0.7940655035165713,-0.01928154445223787,1.1644586324691772,2.102295240464859,1.4017546748608942,1.534223198890686,1.2398736476898193,1.1644586324691772,0.009768142181935002,-0.029294186226453467,6.3706489748451265
1776514822.0008466,0.7942542446466383,-0.01518218080112563,0.7942591996864407,-0.0188127355224198,1.157212734222412,2.10070941351168,1.400600780392354,1.5164738893508911,1.239736557006836,1.157212734222412,0.009938945313243241,-0.029084723300994597,6.367991220639945
1776514822.0509224,0.7945306464446145,-0.0142160180316129,0.7943608916946588,-0.019562676739305798,1.157212734222412,2.10070941351168,1.400600780392354,1.5164738893508911,1.239736557006836,1.157212734222412,0.010115348699524657,-0.028864544454361096,6.365374410031866
1776514822.0971582,0.7946737576476538,-0.015967956762346806,0.7944669954250592,-0.019049193979417327,1.157212734222412,2.10070941351168,1.400600780392354,1.5164738893508911,1.239736557006836,1.157212734222412,0.007445818928989711,-0.02862111088419661,6.362800035928171
1776514822.1499128,0.7946737576476538,-0.015967956762346806,0.7938624353225303,-0.03189912901363384,1.1446642875671387,2.101786770719163,1.403425976110139,1.4995791912078857,1.243115782737732,1.1446642875671387,0.007445818928989711,-0.02862111088419661,6.362800035928171
1776514822.196856,0.7950423842167278,-0.015312096620931899,0.7938624353225303,-0.02389954955616519,1.1446642875671387,2.101786770719163,1.403425976110139,1.4995791912078857,1.243115782737732,1.1446642875671387,0.007656036826770629,-0.02838133619999811,6.360267575243392
1776514822.2476656,0.794648838000747,-0.018744817752669573,0.7939825471443468,-0.02173801580769786,1.1446642875671387,2.101786770719163,1.403425976110139,1.4995791912078857,1.243115782737732,1.1446642875671387,0.007919593583531337,-0.028075046217873822,6.357778847383345
1776514822.2977338,0.794648838000747,-0.018744817752669573,0.7941347246420453,-0.02045661259845087,1.1446642875671387,2.101786770719163,1.403425976110139,1.4995791912078857,1.243115782737732,1.1446642875671387,0.007919593583531337,-0.028075046217873822,6.357778847383345
1776514822.3475676,0.7947058088504751,-0.020223143046370358,0.7941347246420453,-0.022483398272030684,1.1446642875671387,2.101786770719163,1.403425976110139,1.4995791912078857,1.243115782737732,1.1446642875671387,0.008183216607586918,-0.0277665729342903,6.355336093416578
1776514822.398148,0.7947058088504751,-0.020223143046370358,0.7942875301635106,-0.018882493172044025,1.1550652980804443,2.102938349769691,1.4067733588334772,1.5083807706832886,1.2494229078292847,1.1550652980804443,0.008183216607586918,-0.0277665729342903,6.355336093416578
1776514822.4521902,0.792793752573047,-0.03880397572360093,0.7945460241071016,-0.017020417315314753,1.1550652980804443,2.102938349769691,1.4067733588334772,1.5083807706832886,1.2494229078292847,1.1550652980804443,0.008622669981435793,-0.02723888831507254,6.352941066054735
1776514822.5224118,0.7933982917077017,-0.0385193424645025,0.7945460241071016,-0.02023947780996306,1.1550652980804443,2.102938349769691,1.4067733588334772,1.5083807706832886,1.2494229078292847,1.1550652980804443,0.009171895615806863,-0.026558602630348316,6.350590136349163
1776514822.5468647,0.796642420063128,-0.026082765937329142,0.7948749089586858,-0.015438095699094365,1.1578978300094604,2.1030133283325747,1.4078223963032315,1.4846333265304565,1.2466984987258911,1.1578978300094604,0.006983233316931653,-0.026035553166724235,6.34828349913368
1776514822.596956,0.796642420063128,-0.026082765937329142,0.794469819909184,-0.02946426573605552,1.1578978300094604,2.1030133283325747,1.4078223963032315,1.4846333265304565,1.2466984987258911,1.1578978300094604,0.006983233316931653,-0.026035553166724235,6.34828349913368
1776514822.6488214,0.7950797417259736,-0.01408909011691296,0.794469819909184,-0.02078884792945223,1.1578978300094604,2.1030133283325747,1.4078223963032315,1.4846333265304565,1.2466984987258911,1.1578978300094604,0.007260658006356391,-0.025721037818274062,6.346022514487104
1776514822.7048845,0.794566764639097,-0.015997925825688836,0.794627795228485,-0.017957486487623867,1.1545026302337646,2.1034728231306543,1.4111419351981023,1.4747902154922485,1.2493826150894165,1.1545026302337646,0.007437128343564164,-0.025512403329366995,6.343804534295844
1776514822.7569485,0.794566764639097,-0.015997925825688836,0.7947306834103555,-0.018057877056673586,1.1545026302337646,2.1034728231306543,1.4111419351981023,1.4747902154922485,1.2493826150894165,1.1545026302337646,0.007437128343564164,-0.025512403329366995,6.343804534295844
1776514822.7978337,0.7949380264167751,-0.015618614305051022,0.7947306834103555,-0.01941622390335395,1.1545026302337646,2.1034728231306543,1.4111419351981023,1.4747902154922485,1.2493826150894165,1.1545026302337646,0.01735852128652171,-0.02160343692632083,6.3489961605260765
1776514822.8469002,0.7949380264167751,-0.015618614305051022,0.7983253850248336,0.05068329954206062,1.137064814567566,2.103410205280858,1.4139945581846545,1.4763281345367432,1.2488808631896973,1.137064814567566,0.01735852128652171,-0.02160343692632083,6.3489961605260765
1776514822.896939,0.7950283025367223,-0.018416970692195875,0.7983253850248336,0.001102245728867031,1.137064814567566,2.103410205280858,1.4139945581846545,1.4763281345367432,1.2488808631896973,1.137064814567566,0.017568221481872398,-0.021348692726348595,6.346906700640753
1776514822.946371,0.7889099170500408,-0.08439597607371233,0.7986219391263467,0.006655189443390453,1.137064814567566,2.103410205280858,1.4139945581846545,1.4763281345367432,1.2488808631896973,1.137064814567566,0.018810328441280083,-0.019806663938299385,6.342905729681514
1776514822.9998527,0.7889099170500408,-0.08439597607371233,0.7991943368644788,0.013367687130934893,1.1514919996261597,2.103268377434645,1.415588820640708,1.446225881576538,1.2492866516113281,1.1514919996261597,0.018810328441280083,-0.019806663938299385,6.342905729681514
1776514823.0468395,0.7823787482315983,-0.16174429606303492,0.7991943368644788,0.006046475568361207,1.1514919996261597,2.103268377434645,1.415588820640708,1.446225881576538,1.2492866516113281,1.1514919996261597,0.018920751879666325,-0.017459432110104534,6.340996480503741
1776514823.1011558,0.7771648862972518,-0.2079907520174871,0.7998793884828467,0.01868469577825882,1.1514919996261597,2.103268377434645,1.415588820640708,1.446225881576538,1.2492866516113281,1.1514919996261597,0.022009110629481438,-0.013930517090788186,6.33918438108783
1776514823.146881,0.7740549076897802,-0.24118378154877856,0.7983542489067914,0.04050027270728844,1.1464484930038452,2.1048397302186457,1.4192521227101327,1.426600456237793,1.2462323904037476,1.1464484930038452,0.025681204120253265,-0.009670373024390444,6.337486476122398
1776514823.1968622,0.7653758007239121,-0.2222877928166378,0.7962360410085255,0.06278216230605158,1.1464484930038452,2.1048397302186457,1.4192521227101327,1.426600456237793,1.2462323904037476,1.1464484930038452,0.029517647510824474,-0.005151382772434265,6.335917548075622
1776514823.2475245,0.7584115884726348,-0.237313063401248,0.7940039400035539,0.07397971448008872,1.1464484930038452,2.1048397302186457,1.4192521227101327,1.426600456237793,1.2462323904037476,1.1464484930038452,0.03302281819627387,-0.0009337713863504238,6.3344558680306955
1776514823.2998571,0.7631513633816327,-0.19390874680720116,0.7919397058027171,0.0820732256903926,1.1411207914352417,2.1077604045700298,1.4269637990436899,1.421176552772522,1.2699044942855835,1.1411207914352417,0.036698500416002006,0.0035694326709715396,6.3331059671444985
1776514823.3498287,0.7741581586371837,-0.08120142013043778,0.7897525367472955,0.09905574437751999,1.1411207914352417,2.1077604045700298,1.4269637990436899,1.421176552772522,1.2699044942855835,1.1411207914352417,0.039233292221095034,0.27875172365731304,6.331823887208761
1776514823.3967464,0.7736624076411301,-0.05000181296303345,0.6496566601990229,1.5,1.1265459060668945,2.109953254378581,1.4338119968695304,1.398665428161621,1.266315221786499,1.1265459060668945,0.040047508438254165,0.27968042256402803,6.330589141743685
1776514823.4472125,0.7815335374427218,-0.010229757347127739,0.6492322143212895,0.5232601268116793,1.1265459060668945,2.109953254378581,1.4338119968695304,1.398665428161621,1.266315221786499,1.1265459060668945,0.04051159018899686,0.280209936226007,6.329411344704929
1776514823.4999654,0.7725691502351939,0.0015085111721810643,0.6489902454433258,0.5227766763305348,1.124861717224121,2.1103776654747213,1.4364713725866454,1.391352891921997,1.2722008228302002,1.124861717224121,0.040255605969908265,0.27991091600381635,6.328267870373212
1776514823.5479116,0.7479914354740038,-0.02700225607461921,0.649125487743267,0.5174652731740718,1.124861717224121,2.1103776654747213,1.4364713725866454,1.391352891921997,1.2722008228302002,1.124861717224121,0.040247874162272046,0.2799035278904971,6.327181285166182
1776514823.5970657,0.726346974098094,-0.0016496050529289834,0.6491291527679723,0.5198158664132423,1.124861717224121,2.1103776654747213,1.4364713725866454,1.391352891921997,1.2722008228302002,1.124861717224121,0.04015684778702855,0.2797910153844268,6.326168594756046
1776514823.646965,0.726346974098094,-0.0016496050529289834,0.6491788235383071,0.5193837970685061,1.118355393409729,2.111304550453207,1.4416945969445019,1.3885166645050049,1.276411771774292,1.118355393409729,0.04015684778702855,0.2797910153844268,6.326168594756046
1776514823.6978498,0.7163055519848373,0.003247749806261666,0.6491788235383071,0.520770287456996,1.118355393409729,2.111304550453207,1.4416945969445019,1.3885166645050049,1.276411771774292,1.118355393409729,0.040127337722429796,0.2797506792030243,6.325211889473545
1776514823.7488558,0.6959403383145903,-0.006879923474620403,0.6491959126263033,0.521061169909409,1.118355393409729,2.111304550453207,1.4416945969445019,1.3885166645050049,1.276411771774292,1.118355393409729,0.06703403227771917,0.5210703177888494,6.324301969431295
1776514823.7969143,0.6686949311162272,0.15376961600582453,0.6194216739851556,1.5,1.118355393409729,2.111304550453207,1.4416945969445019,1.3885166645050049,1.276411771774292,1.118355393409729,0.06703403227771917,0.5210703177888494,6.324301969431295
1776514823.8469832,0.6686949311162272,0.15376961600582453,0.6204225796895682,0.9243086302820128,1.1201050281524658,2.1111236800759285,1.444144201113332,1.3770842552185059,1.281739592552185,1.1201050281524658,0.06523679547428121,0.519010524877204,6.323450223976319
1776514823.9030156,0.6625268616488366,0.2269712180281024,0.6204225796895682,0.9437768015331828,1.1201050281524658,2.1111236800759285,1.444144201113332,1.3770842552185059,1.281739592552185,1.1201050281524658,0.06177969249255835,0.5149962978584488,6.322602285449114
1776514823.952864,0.6575549255746905,0.4018577153399617,0.6223620629254304,0.9076806390080022,1.1201050281524658,2.1111236800759285,1.444144201113332,1.3770842552185059,1.281739592552185,1.1201050281524658,0.055743691462641215,0.5078728101269718,6.321715800441808
1776514824.000058,0.6557936888081985,0.36716976028484577,0.6257795812019733,0.8699870379426925,1.1162899732589722,2.11228234452522,1.4486796265070905,1.361006498336792,1.2720450162887573,1.1162899732589722,0.04911530504359243,0.49992761808176245,6.320773482100452
1776514824.0469732,0.6641459185581842,0.3471902055168267,0.6295658689651505,0.8440061584889751,1.1162899732589722,2.11228234452522,1.4486796265070905,1.361006498336792,1.2720450162887573,1.1162899732589722,0.04325183208900696,0.492811084108753,6.319722184777997
1776514824.0968432,0.6680130586580819,0.32105123851558837,0.6329392310152938,0.8319078823671667,1.1162899732589722,2.11228234452522,1.4486796265070905,1.361006498336792,1.2720450162887573,1.1162899732589722,0.0378805863929049,0.48618357573781884,6.318605714339678
1776514824.1520314,0.6680130586580819,0.32105123851558837,0.6360589089092359,0.8121222218481537,1.117141842842102,2.115090556105015,1.4543353315142973,1.3893718719482422,1.282104253768921,1.117141842842102,0.0378805863929049,0.48618357573781884,6.318605714339678
1776514824.202869,0.6597001134948394,0.2912574750138515,0.6360589089092359,0.8583383335156094,1.117141842842102,2.115090556105015,1.4543353315142973,1.3893718719482422,1.282104253768921,1.117141842842102,0.07917312118438152,0.4800431713061707,6.317441149570179
1776514824.2551625,0.6382749110659536,0.26572157829231485,0.6456362854958081,1.013516768084942,1.117141842842102,2.115090556105015,1.4543353315142973,1.3893718719482422,1.282104253768921,1.117141842842102,0.07429240709939033,0.4744509879629783,6.316256339136521
1776514824.2968664,0.6257342933623066,0.2525282285003569,0.6484320367813198,0.8568113581603441,1.1022542715072632,2.1196231188099213,1.4622516191360668,1.3777674436569214,1.2838319540023804,1.1022542715072632,0.0699052919516924,0.4693494204670421,6.315061879663943
1776514824.3468752,0.6220338677785172,0.23572642520684056,0.6509660286974017,0.8465210306450015,1.1022542715072632,2.1196231188099213,1.4622516191360668,1.3777674436569214,1.2838319540023804,1.1022542715072632,0.06582452330186442,0.464536356087875,6.313844875947697
1776514824.4097898,0.627610164464046,0.22834727987350334,0.6533420404233252,0.8376507016582898,1.1015363931655884,2.1170904351868747,1.4599924320048263,1.3817030191421509,1.2835173606872559,1.1015363931655884,0.06195925750058667,0.4599104530567485,6.312592473910713
1776514824.4528587,0.6525451028353298,0.23431367527984293,0.6556113402539626,0.8303494703286999,1.1015363931655884,2.1170904351868747,1.4599924320048263,1.3817030191421509,1.2835173606872559,1.1015363931655884,0.0581951274441358,0.455326380079818,6.311290469008261
1776514824.4998548,0.7054073415869637,0.23089192421792895,0.6578434414617288,0.8151947635961894,1.1015363931655884,2.1170904351868747,1.4599924320048263,1.3817030191421509,1.2835173606872559,1.1015363931655884,0.05426450306046274,0.4504826635018496,6.309832375584344
1776514824.548152,0.7054073415869637,0.23089192421792895,0.6601901994482455,0.7993249446148009,1.1081472635269165,2.1188929385327278,1.4642032338908717,1.384061336517334,1.2796924114227295,1.1081472635269165,0.05426450306046274,0.4504826635018496,6.309832375584344
1776514824.5968857,0.6948059494126245,0.30375749390476636,0.6601901994482455,0.8309131460100257,1.1081472635269165,2.1188929385327278,1.4642032338908717,1.384061336517334,1.2796924114227295,1.1081472635269165,0.09309084117425043,0.4451666713371554,6.308312917870658
1776514824.6470244,0.695878958729047,0.29869425065583427,0.6518944400496856,0.9873911385091714,1.1081472635269165,2.1188929385327278,1.4642032338908717,1.384061336517334,1.2796924114227295,1.1081472635269165,0.08822364764764717,0.4393654939452257,6.306960288655372
1776514824.7008638,0.7030307622496529,0.3178100684927996,0.6547453024881298,0.8233687993641248,1.1081472635269165,2.1188929385327278,1.4642032338908717,1.384061336517334,1.2796924114227295,1.1081472635269165,0.08485083238231342,0.4345176333864427,6.3061417199427225
1776514824.7489219,0.7030307622496529,0.3178100684927996,0.6569526528914531,0.8225857963048788,1.0901347398757935,2.1238881366105127,1.4726414227570743,1.390655517578125,1.2789517641067505,1.0901347398757935,0.08485083238231342,0.4345176333864427,6.3061417199427225
1776514824.7967823,0.6757807725257924,0.3119641047830547,0.6591951853380649,0.8058040813242279,1.0901347398757935,2.1238881366105127,1.4726414227570743,1.390655517578125,1.2789517641067505,1.0901347398757935,0.07701305625161542,0.4238038409949464,6.304022624553799
1776514824.8492815,0.6555966707167045,0.2826608064879612,0.661927634346008,0.7862459523178509,1.0901347398757935,2.1238881366105127,1.4726414227570743,1.390655517578125,1.2789517641067505,1.0901347398757935,0.07211496459457514,0.41782764372005915,6.302366473676322
1776514824.8969715,0.6555966707167045,0.2826608064879612,0.6648352886805505,0.7734321507670289,1.1032429933547974,2.1266210596391604,1.4753106310369923,1.3906288146972656,1.2646939754486084,1.1032429933547974,0.07211496459457514,0.41782764372005915,6.302366473676322
1776514824.9480147,0.6310239529398339,0.24168065157957225,0.667368767909392,0.7482371380055589,1.1032429933547974,2.1266210596391604,1.4753106310369923,1.3906288146972656,1.2646939754486084,1.1032429933547974,0.06788322959525148,0.41258806511644536,6.300722344021012
1776514825.0000765,0.6129621627186682,0.15297264095559812,0.6594636618266208,0.9370074408665122,1.1015056371688843,2.1286777298721753,1.4792287993953002,1.39930260181427,1.2663490772247314,1.1015056371688843,0.10107073614435513,0.4047518700620968,6.297465511276138
1776514825.0467749,0.6137921492180626,0.11352759834107347,0.6611996508742355,0.8034788545710196,1.1015056371688843,2.1286777298721753,1.4792287993953002,1.39930260181427,1.2663490772247314,1.1015056371688843,0.09879836089944138,0.4021196705660252,6.295824371647985
1776514825.0978382,0.6226147762222698,0.08314192326137335,0.6625093052948539,0.8003279227162009,1.1015056371688843,2.1286777298721753,1.4792287993953002,1.39930260181427,1.2663490772247314,1.1015056371688843,0.09715958205343084,0.400194051627027,6.294166295758747
1776514825.146984,0.6453969892144314,0.07714992447407369,0.663461450866968,0.8004779945490873,1.097326636314392,2.1303171851257834,1.4810586656743778,1.394713282585144,1.2694727182388306,1.097326636314392,0.0959165320740582,0.39870199117172844,6.292482879824708
1776514825.1968496,0.7394603508933307,0.0697554084896847,0.6641924763892534,0.7985467399513356,1.097326636314392,2.1303171851257834,1.4810586656743778,1.394713282585144,1.2694727182388306,1.097326636314392,0.09456868773244298,0.39705794896632596,6.290617530820691
1776514825.2479258,0.7394603508933307,0.0697554084896847,0.6649924649808532,0.7929094372818166,1.0977641344070435,2.1318876294489817,1.4846147951542765,1.3814330101013184,1.2638282775878906,1.0977641344070435,0.09456868773244298,0.39705794896632596,6.290617530820691
1776514825.2998207,0.736375110367743,0.05137987571303112,0.6654768431508986,0.7950869124000304,1.0977641344070435,2.1318876294489817,1.4846147951542765,1.3814330101013184,1.2638282775878906,1.0977641344070435,0.09374038764660308,0.39607349700770517,6.288634133196518
1776514825.3468575,0.7268073899920976,0.09492459093500724,0.6564655745704622,0.9773110060661362,1.0977641344070435,2.1318876294489817,1.4846147951542765,1.3814330101013184,1.2638282775878906,1.0977641344070435,0.13106752370339453,0.39466217662958036,6.286712575845801
1776514825.3969264,0.7063187752400255,0.1323467872691619,0.6564655745704622,0.8521967167402167,1.0949110984802246,2.1380273735600417,1.4954267379150392,1.388155460357666,1.267668604850769,1.0949110984802246,0.1290060904606068,0.39229932309994625,6.284841975664672
1776514825.4469895,0.678587319305286,0.18113635832730235,0.6576466547359422,0.8326942583874208,1.0949110984802246,2.1380273735600417,1.4954267379150392,1.388155460357666,1.267668604850769,1.0949110984802246,0.12635021703596805,0.3892079431584922,6.283027532854997
1776514825.501041,0.6507510367026379,0.26438872031511,0.6591815212225582,0.8125202144792791,1.0949110984802246,2.1380273735600417,1.4954267379150392,1.388155460357666,1.267668604850769,1.0949110984802246,0.12258668760251107,0.3847634733998919,6.2812656462538845
1776514825.5470726,0.6309624190780623,0.25862354752395694,0.6613743821721976,0.7979757968702041,1.0923779010772705,2.1383692798076352,1.4962942527772827,1.392208456993103,1.2693581581115723,1.0923779010772705,0.11800844337880995,0.37928351349708667,6.279526906597119
1776514825.6028812,0.6213689319213426,0.23262921979173143,0.6640624884893557,0.7756551589965935,1.0923779010772705,2.1383692798076352,1.4962942527772827,1.392208456993103,1.2693581581115723,1.0923779010772705,0.11397143359318607,0.37437912249035693,6.27778872608795
1776514825.6470075,0.6227327971781155,0.20931215170708523,0.6664530444372172,0.7632850098528292,1.103272557258606,2.1412680273691227,1.5005182443421659,1.3846955299377441,1.2623330354690552,1.103272557258606,0.11040097889805156,0.3699771428545146,6.276028970562807
1776514825.6979706,0.6357308267772382,0.1961891313541717,0.668585353318427,0.7551541385047331,1.103272557258606,2.1412680273691227,1.5005182443421659,1.3846955299377441,1.2623330354690552,1.103272557258606,0.10715938327778396,0.3659195577717147,6.2742187950254
1776514825.7510397,0.653190326854121,0.19541928895938926,0.6705383592379184,0.7490731762283694,1.103272557258606,2.1412680273691227,1.5005182443421659,1.3846955299377441,1.2623330354690552,1.103272557258606,0.13951655817971886,0.3620314396833938,6.27233767192372
1776514825.7969506,0.6723895140194114,0.20768393843657762,0.6634730242273607,0.8955607627487341,1.0994620323181152,2.146726310308282,1.5076696920206005,1.39145827293396,1.2597929239273071,1.0994620323181152,0.13602622703398853,0.3580112115389233,6.270374841367948
1776514825.8471856,0.6775674262117815,0.2171987309772268,0.6654782515565364,0.7681117376797578,1.0994620323181152,2.146726310308282,1.5076696920206005,1.39145827293396,1.2597929239273071,1.0994620323181152,0.13234768437819272,0.3537145713941976,6.268343248884917
1776514825.8970954,0.6729273686750634,0.25190874024082044,0.6676083035463202,0.7594571721988191,1.0976988077163696,2.1482191722112933,1.5095179325938703,1.4036411046981812,1.2525407075881958,1.0976988077163696,0.12851273852024203,0.34916313266273336,6.266286006017513
1776514825.9468517,0.6742301321152409,0.23393089891157975,0.6698491127473337,0.749309881396062,1.0976988077163696,2.1482191722112933,1.5095179325938703,1.4036411046981812,1.2525407075881958,1.0976988077163696,0.12429764207998933,0.34407904655404603,6.264201218196058
1776514826.000202,0.6721587515878085,0.27282707840769094,0.6723348611607098,0.7260673725224676,1.0976988077163696,2.1482191722112933,1.5095179325938703,1.4036411046981812,1.2525407075881958,1.0976988077163696,0.12019019103742973,0.3390440536543903,6.262082171358447
1776514826.0499456,0.668893075675959,0.2639153311170145,0.6747797368353385,0.7171244203895036,1.10616135597229,2.151093864088032,1.5133975443380852,1.4112778902053833,1.245509147644043,1.10616135597229,0.11578625277115306,0.3335621284656196,6.2599274369821325
1776514826.0979261,0.6664254903572587,0.2543737672132115,0.677424468331296,0.6985057224669908,1.10616135597229,2.151093864088032,1.5133975443380852,1.4112778902053833,1.245509147644043,1.10616135597229,0.1439437049430039,0.32838209557928283,6.257742386175424
1776514826.1468809,0.6746616026258772,0.25140153638620616,0.6717791995921639,0.8378239251486179,1.1085717678070068,2.155708460869555,1.5178685734876398,1.4006134271621704,1.2461344003677368,1.1085717678070068,0.13953825260829128,0.3233286550153043,6.255514414688795
1776514826.200031,0.6977089932506124,0.26597888471652403,0.6743043369384254,0.7184570117220361,1.1085717678070068,2.155708460869555,1.5178685734876398,1.4006134271621704,1.2461344003677368,1.1085717678070068,0.13513277690824033,0.31819614325292866,6.253194387078377
1776514826.2468712,0.7147658984899601,0.2907306667869164,0.6768516201083035,0.7022162631462021,1.1066070795059204,2.1645034986111327,1.5278452036908203,1.4267370700836182,1.236992597579956,1.1066070795059204,0.1304666168954819,0.31269789855729846,6.250715947151149
1776514826.2965138,0.7026540177345725,0.3101685362909207,0.6824082315483617,0.6333314376144361,1.1066070795059204,2.1645034986111327,1.5278452036908203,1.4267370700836182,1.236992597579956,1.1066070795059204,0.12563227106440505,0.3069015576550295,6.248222630608929
1776514826.348382,0.7006396119418308,0.31389822620019875,0.6854887400964865,0.6456083523820811,1.1066070795059204,2.1645034986111327,1.5278452036908203,1.4267370700836182,1.236992597579956,1.1066070795059204,0.12044182514204083,0.30057114274185454,6.245701003878046
1776514826.397138,0.6997848393142704,0.2979627415735333,0.6884699030616246,0.6334534899570056,1.108743667602539,2.166442829188542,1.52829798904557,1.4187809228897095,1.2373297214508057,1.108743667602539,0.11546440858987483,0.2944038070490249,6.243121656931776
1776514826.4470475,0.6913224655929807,0.27270928928825094,0.6884699030616246,0.6693148396478596,1.108743667602539,2.166442829188542,1.52829798904557,1.4187809228897095,1.2373297214508057,1.108743667602539,0.1393008892159331,0.28859551843834114,6.2404939378007285
1776514826.497981,0.690603755370301,0.26049202147139267,0.6840894307548494,0.7507030528753116,1.1101768016815186,2.1704990384095693,1.5330943614391255,1.4217623472213745,1.2264857292175293,1.1101768016815186,0.13458750657470347,0.28321701287264084,6.237852167841156
1776514826.5478585,0.6928254181115938,0.24786006952419432,0.6867831847388354,0.6447654574539543,1.1101768016815186,2.1704990384095693,1.5330943614391255,1.4217623472213745,1.2264857292175293,1.1101768016815186,0.1302294709579066,0.2781669189632537,6.235169533278443
1776514826.6018286,0.7046797229904197,0.27003068390162915,0.6892954360088965,0.6325825484176933,1.1101768016815186,2.1704990384095693,1.5330943614391255,1.4217623472213745,1.2264857292175293,1.1101768016815186,0.12593186240070148,0.27310354909181617,6.23242720625651
1776514826.6467483,0.6969804816899291,0.3000660983366077,0.6917961769293148,0.6180176492433778,1.1131038665771484,2.174922310346591,1.5367524118200422,1.4223586320877075,1.2275978326797485,1.1131038665771484,0.12114528544253866,0.267365676680673,6.22963441915062
1776514826.6979635,0.6969804816899291,0.3000660983366077,0.6946089985978919,0.5988338282525132,1.1131038665771484,2.174922310346591,1.5367524118200422,1.4223586320877075,1.2275978326797485,1.1131038665771484,0.12114528544253866,0.267365676680673,6.22963441915062
1776514826.7538548,0.6710542767542256,0.1969328358706465,0.6946089985978919,0.6342342937263326,1.1131038665771484,2.174922310346591,1.5367524118200422,1.4223586320877075,1.2275978326797485,1.1131038665771484,0.11235487685858281,0.2566983658544575,6.224066629116215
1776514826.7968507,0.6710542767542256,0.1969328358706465,0.6998110285923891,0.5363485307554945,1.1112279891967773,2.1831615524750743,1.5450939018882661,1.4384762048721313,1.2124615907669067,1.1112279891967773,0.11235487685858281,0.2566983658544575,6.224066629116215
1776514826.8467548,0.6904036435040207,0.15774322979434152,0.6998110285923891,0.6045084080434914,1.1112279891967773,2.1831615524750743,1.5450939018882661,1.4384762048721313,1.2124615907669067,1.1112279891967773,0.13162091565217288,0.24980165177656,6.218336122962862
1776514826.8969913,0.66994840650404,0.14629701105487666,0.6968870667582157,0.6569866497828473,1.1112279891967773,2.1831615524750743,1.5450939018882661,1.4384762048721313,1.2124615907669067,1.1112279891967773,0.12896709029510545,0.24675015832829694,6.2154447613475385
1776514826.9528494,0.66994840650404,0.14629701105487666,0.6984102489137103,0.5919289911810124,1.107470154762268,2.184873746127359,1.5477040421727628,1.429601788520813,1.2082061767578125,1.107470154762268,0.12896709029510545,0.24675015832829694,6.2154447613475385
1776514826.996864,0.6420580184056691,0.0978390476582017,0.6984102489137103,0.6125128633502269,1.107470154762268,2.184873746127359,1.5477040421727628,1.429601788520813,1.2082061767578125,1.107470154762268,0.1269065348128981,0.2443542503909113,6.212681869408141
1776514827.0510492,0.6479225351173902,0.06559703119133803,0.6996003631176946,0.5903164306413493,1.107470154762268,2.184873746127359,1.5477040421727628,1.429601788520813,1.2082061767578125,1.107470154762268,0.12576106547992666,0.24299144805613726,6.209941178826056
1776514827.096819,0.6479225351173902,0.06559703119133803,0.7002706060433401,0.5936982140727788,1.1038504838943481,2.1924084117300087,1.5572152925857676,1.4271427392959595,1.193190097808838,1.1038504838943481,0.12576106547992666,0.24299144805613726,6.209941178826056
1776514827.1470184,0.6500378057181041,0.06122043700525047,0.7002706060433401,0.601882251180914,1.1038504838943481,2.1924084117300087,1.5572152925857676,1.4271427392959595,1.193190097808838,1.1038504838943481,0.12476024713068012,0.24178243219937623,6.207206989970686
1776514827.1970196,0.6522770694851222,0.05853777382984083,0.7008613367072433,0.5907935151238545,1.1038504838943481,2.1924084117300087,1.5572152925857676,1.4271427392959595,1.193190097808838,1.1038504838943481,0.12379843243697969,0.2406032024563176,6.204474762632329
1776514827.2663884,0.6522770694851222,0.05853777382984083,0.7014338983381122,0.5878706536084698,1.1038504838943481,2.1924084117300087,1.5572152925857676,1.4271427392959595,1.193190097808838,1.1038504838943481,0.12379843243697969,0.2406032024563176,6.204474762632329
1776514827.3021262,0.6624847098301048,0.05990418597782383,0.7014338983381122,0.595234866639359,1.1105414628982544,2.194307636927941,1.5591213101957266,1.4129379987716675,1.1838648319244385,1.1105414628982544,0.12284667885992828,0.23941888397063293,6.201728709481436
1776514827.3488588,0.6872860233328385,0.080273893089909,0.7020053494155208,0.5839544415869129,1.1105414628982544,2.194307636927941,1.5591213101957266,1.4129379987716675,1.1838648319244385,1.1105414628982544,0.14537165690863518,0.23807155911560685,6.198933227740477
1776514827.3968637,0.7479321535554136,0.09943686896316516,0.696706305906654,0.6921164888068359,1.1105414628982544,2.194307636927941,1.5591213101957266,1.4129379987716675,1.1838648319244385,1.1105414628982544,0.14372008209799098,0.2361783958754926,6.1959124988979655
1776514827.4489374,0.7382109571554274,0.15135519265955977,0.6976525884661684,0.6041959955914205,1.1111499071121216,2.2006025362852877,1.5684679546698017,1.3950321674346924,1.1849627494812012,1.1111499071121216,0.14169418894154356,0.23382760256829338,6.192824088078947
1776514827.5020494,0.725081628694779,0.22124600353809296,0.698821335667609,0.595248513431499,1.1111499071121216,2.2006025362852877,1.5684679546698017,1.3950321674346924,1.1849627494812012,1.1111499071121216,0.1385447488021888,0.23009796069879052,6.189785070939657
1776514827.5489907,0.725355879645582,0.22889371814286322,0.7006592943061871,0.5760326216188895,1.1111499071121216,2.2006025362852877,1.5684679546698017,1.3950321674346924,1.1849627494812012,1.1111499071121216,0.13475255526392088,0.22553581279532453,6.186746346882539
1776514827.5969892,0.713059156641853,0.22666950239973516,0.7028923284908011,0.561232090395321,1.0969229936599731,2.204695445425967,1.5717941241906976,1.4019306898117065,1.1842381954193115,1.0969229936599731,0.13097288555275305,0.22091101733033536,6.183691012600472
1776514827.6467535,0.6918545001760918,0.2307066614295496,0.7051397479882123,0.5415446303156339,1.0969229936599731,2.204695445425967,1.5717941241906976,1.4019306898117065,1.1842381954193115,1.0969229936599731,0.12747344714395437,0.21655491901877033,6.180688412839724
1776514827.7050557,0.6918545001760918,0.2307066614295496,0.7072413139944679,0.534668294072707,1.102824330329895,2.21050086504436,1.5772263389620618,1.4148350954055786,1.1680665016174316,1.102824330329895,0.12747344714395437,0.21655491901877033,6.180688412839724
1776514827.7472258,0.6843704525269696,0.21414731401800946,0.7072413139944679,0.5620496343173269,1.102824330329895,2.21050086504436,1.5772263389620618,1.4148350954055786,1.1680665016174316,1.102824330329895,0.14199614162104274,-0.042061254651531765,6.174762315563765
1776514827.8025746,0.6788944823562943,0.1969917254806652,0.7442743938185523,-0.5696351689262427,1.1007370948791504,2.214155209935671,1.5807686415009972,1.4176254272460938,1.156306266784668,1.1007370948791504,0.13869290937794843,-0.0458914245579094,6.171774863102191
1776514827.8467648,0.693348447684176,0.2254440546410185,0.7461013922982218,0.12594121921110268,1.1007370948791504,2.214155209935671,1.5807686415009972,1.4176254272460938,1.156306266784668,1.1007370948791504,0.1354891845003422,-0.0496652509866542,6.1687294527419025
1776514827.8969834,0.693348447684176,0.2254440546410185,0.7478892086258356,0.12384382772222627,1.1007370948791504,2.214155209935671,1.5807686415009972,1.4176254272460938,1.156306266784668,1.1007370948791504,0.1354891845003422,-0.0496652509866542,6.1687294527419025
1776514827.9480126,0.7233962197085487,0.2327866397583712,0.7497037474632132,0.11168898216275633,1.0980275869369507,2.222271658114875,1.5900500903146704,1.3988209962844849,1.15854012966156,1.0980275869369507,0.13226860514704286,-0.05352341331025301,6.165564366828959
1776514827.9970667,0.7354925095037301,0.20785914560191468,0.7497037474632132,0.1368293301153369,1.0980275869369507,2.222271658114875,1.5900500903146704,1.3988209962844849,1.15854012966156,1.0980275869369507,0.12913277619333258,-0.057324701240379805,6.162262426029937
1776514828.0540986,0.7452252386396085,0.19409345784473445,0.7532719415394402,0.06924030904861339,1.0980275869369507,2.222271658114875,1.5900500903146704,1.3988209962844849,1.15854012966156,1.0980275869369507,0.11661222062571575,-0.11131300848736064,6.1555459960489465
1776514828.0981355,0.7452252386396085,0.19409345784473445,0.7950856290701261,-0.19840267246401988,1.1039490699768066,2.22517955975881,1.592194720359478,1.4125685691833496,1.1471115350723267,1.1039490699768066,0.11661222062571575,-0.11131300848736064,6.1555459960489465
1776514828.1468709,0.7614925452108028,0.16730181400599498,0.7950856290701261,0.021795551085682173,1.1039490699768066,2.22517955975881,1.592194720359478,1.4125685691833496,1.1471115350723267,1.1039490699768066,0.11393966058767468,-0.11434715181056815,6.152099619819546
1776514828.203295,0.77912854560462,0.13266113163712692,0.7935685617626875,-0.0073819016839485885,1.1039490699768066,2.22517955975881,1.592194720359478,1.4125685691833496,1.1471115350723267,1.1039490699768066,0.11143371468915209,-0.11722188562597419,6.148536894394848
1776514828.2469769,0.7901354703547292,0.05731315182005076,0.7921377758914975,-0.013487289975077973,1.1028422117233276,2.22349316659181,1.585591024431228,1.4285603761672974,1.1335771083831787,1.1028422117233276,0.10984231391280314,-0.11908760995970419,6.144975699457326
1776514828.2968438,0.7901354703547292,0.05731315182005076,0.7912179645679638,-0.011610074953810319,1.1028422117233276,2.22349316659181,1.585591024431228,1.4285603761672974,1.1335771083831787,1.1028422117233276,0.10984231391280314,-0.11908760995970419,6.144975699457326
1776514828.3468494,0.7934085834960583,-0.013572182812672846,0.7912179645679638,-0.000532680132054715,1.1028422117233276,2.22349316659181,1.585591024431228,1.4285603761672974,1.1335771083831787,1.1028422117233276,0.10997618744644261,-0.11892697343318365,6.141369535795722
1776514828.3997574,0.7921911325814935,-0.0004501627222581428,0.7912963699720119,0.0009714566835625584,1.1063014268875122,2.2191665422905387,1.5811160180985206,1.4079222679138184,1.1337131261825562,1.1063014268875122,0.11018315076106416,-0.11867932892030114,6.1378209479138786
1776514828.4498484,0.7917763813745189,0.008016716518307033,0.7914173883221695,0.0020631132504368823,1.1063014268875122,2.2191665422905387,1.5811160180985206,1.4079222679138184,1.1337131261825562,1.1063014268875122,0.09836294610796553,-0.1186526941341069,6.134304560448066
1776514828.4969966,0.7914055606418333,0.01600180546455714,0.6525797977084213,-0.053723315956497375,1.1063014268875122,2.2191665422905387,1.5811160180985206,1.4079222679138184,1.1337131261825562,1.1063014268875122,0.09839065391677104,-0.11862106618805451,6.130830261889631
1776514828.547946,0.7706807470183138,0.04607343646242672,0.6525928549916629,-0.016261035867603427,1.1013154983520508,2.2165684124366978,1.577337362563906,1.3894069194793701,1.1332855224609375,1.1013154983520508,0.1056849775667365,-0.11199129620669096,6.133745863082299
1776514828.5993493,0.7706807470183138,0.04607343646242672,0.6556386696949331,0.0494893542164435,1.1013154983520508,2.2165684124366978,1.577337362563906,1.3894069194793701,1.1332855224609375,1.1013154983520508,0.1056849775667365,-0.11199129620669096,6.133745863082299
1776514828.6540682,0.7475627191953449,0.08614660843273002,0.655489625035326,0.0015211500238572276,1.1013154983520508,2.2165684124366978,1.577337362563906,1.3894069194793701,1.1332855224609375,1.1013154983520508,0.10537382282722674,-0.11235692780054457,6.130538892145191
1776514828.696869,0.7413491329637871,0.12534775846606708,0.655489625035326,0.0035001220482838748,1.1033679246902466,2.2154883859777317,1.5756562293683452,1.4013969898223877,1.1298582553863525,1.1033679246902466,0.10368237587584495,-0.1142964303636112,6.127393996259797
1776514828.7478113,0.7332189182151712,0.15805320266504927,0.6546905127424314,-0.013073171398933665,1.1033679246902466,2.2154883859777317,1.5756562293683452,1.4013969898223877,1.1298582553863525,1.1033679246902466,0.10138283093821127,-0.11701261886455167,6.12430014841879
1776514828.800945,0.7117649924991151,0.15074483034709732,0.653585778366726,-0.02668833393365071,1.1033679246902466,2.2154883859777317,1.5756562293683452,1.4013969898223877,1.1298582553863525,1.1033679246902466,0.09874510615063725,-0.12018766462015346,6.121276145189471
1776514828.8539786,0.6632576166667355,0.06286579498441183,0.6523048648554297,-0.043452079378202974,1.101709246635437,2.2128406487384624,1.5696607966742986,1.3788952827453613,1.1282153129577637,1.101709246635437,0.09754149777156546,-0.12162407156074856,6.118378556718221
1776514828.9049902,0.6530684370729593,0.021774038247254702,0.6517232356257892,-0.03168309942620475,1.101709246635437,2.2128406487384624,1.5696607966742986,1.3788952827453613,1.1282153129577637,1.101709246635437,0.09706451000119809,-0.12222779519818078,6.115666131252087
1776514828.9469671,0.6516866829396787,-0.025909788357448903,0.651484778192443,-0.02816888126995978,1.0960546731948853,2.211021860587608,1.567249310625477,1.383652925491333,1.1194264888763428,1.0960546731948853,0.08530675774207297,0.4664202113665076,6.112955272142218
1776514829.000808,0.6516866829396787,-0.025909788357448903,0.39259238852604894,1.5,1.0960546731948853,2.211021860587608,1.567249310625477,1.383652925491333,1.1194264888763428,1.0960546731948853,0.08530675774207297,0.4664202113665076,6.112955272142218
1776514829.053055,0.6335058990395479,-0.021881074837166777,0.392454458566514,0.9057571070661657,1.0960546731948853,2.211021860587608,1.567249310625477,1.383652925491333,1.1194264888763428,1.0960546731948853,0.08610566479921106,0.46733922609248524,6.107693647426849
1776514829.096992,0.6155202834560825,-0.04742532811101019,0.3923144743584466,0.9068529234300076,1.1053067445755005,2.2076442166680432,1.5651212174912825,1.3691858053207397,1.1189097166061401,1.1053067445755005,0.08666169248279021,0.4679830709796432,6.1052262694132375
1776514829.1469462,0.5986951639875913,-0.08007469793833388,0.3921203334816171,0.9097098519551983,1.1053067445755005,2.2076442166680432,1.5651212174912825,1.3691858053207397,1.1189097166061401,1.1053067445755005,0.08790249609423789,0.46946295468739185,6.102843407467037
1776514829.196964,0.5831827239575115,-0.10395322364804241,0.39167978392715935,0.9178447860435724,1.1053067445755005,2.2076442166680432,1.5651212174912825,1.3691858053207397,1.1189097166061401,1.1053067445755005,0.08958124101852089,0.4714924488539831,6.100562109451641
1776514829.2468417,0.5615657923742102,-0.11972479611987809,0.3910791131010927,0.9272739952473438,1.1015366315841675,2.2030534716693477,1.5589406808185209,1.3761717081069946,1.1140613555908203,1.1015366315841675,0.09164261763713649,0.4740234531968961,6.098386272358405
1776514829.2968612,0.5370520005267857,-0.12154058850338784,0.39033492749170745,0.9413477147957733,1.1015366315841675,2.2030534716693477,1.5589406808185209,1.3761717081069946,1.1140613555908203,1.1015366315841675,0.09297419509514898,0.47566274888129734,6.096394284328423
1776514829.347918,0.5191638766461603,-0.18740566648395723,0.3898534706236286,0.9376645604700602,1.0985194444656372,2.2006756462067174,1.557151112429602,1.3364338874816895,1.1141453981399536,1.0985194444656372,0.14055986461366443,0.5359278347105955,6.094508735841533
1776514829.3988564,0.5045657808615688,-0.20693550759840026,0.5066203169410396,1.4662203293178808,1.0985194444656372,2.2006756462067174,1.557151112429602,1.3364338874816895,1.1141453981399536,1.0985194444656372,0.14392332000865482,0.539826940960309,6.092671479219655
1776514829.452029,0.5066229695396147,-0.22390484049840423,0.505021490686584,1.1279274024212942,1.0985194444656372,2.2006756462067174,1.557151112429602,1.3364338874816895,1.1141453981399536,1.0985194444656372,0.14770758135781725,0.5442411120482344,6.0909090384921445
1776514829.497871,0.4808300598797023,-0.2600482033546578,0.5032163446738102,1.141106618382487,1.0962677001953125,2.1973765776402194,1.5566565751780534,1.3401777744293213,1.1155736446380615,1.0962677001953125,0.1517717067487117,0.5490280764139615,6.089283980865959
1776514829.5509288,0.465953104624854,-0.29407824158700746,0.5012670015634144,1.1612367739384222,1.0962677001953125,2.1973765776402194,1.5566565751780534,1.3401777744293213,1.1155736446380615,1.0962677001953125,0.1564189609865052,0.5545757039821702,6.087776160836448
1776514829.6031795,0.465953104624854,-0.29407824158700746,0.49902092242762697,1.1803719865567566,1.0962677001953125,2.1973765776402194,1.5566565751780534,1.3401777744293213,1.1155736446380615,1.0962677001953125,0.1564189609865052,0.5545757039821702,6.087776160836448
1776514829.6479688,0.4548920051385211,-0.37652643017785076,0.49902092242762697,1.14456443019204,1.0884004831314087,2.191191662471676,1.5512774594880028,1.3167495727539062,1.118058443069458,1.0884004831314087,0.16143806220554174,0.5605957885464705,6.0864131714917935
1776514829.6968658,0.45230209010604017,-0.3064485726300722,0.49658853037949624,1.1964168039173948,1.0884004831314087,2.191191662471676,1.5512774594880028,1.3167495727539062,1.118058443069458,1.0884004831314087,0.16583251009936317,0.5657952643027101,6.085237508063225
1776514829.7470925,0.45046442633060196,-0.29559408929809344,0.4944753388581815,1.2063817115886961,1.0884004831314087,2.191191662471676,1.5512774594880028,1.3167495727539062,1.118058443069458,1.0884004831314087,0.17088670054020078,0.5717771299127186,6.0842206250674105
1776514829.79722,0.45046442633060196,-0.29559408929809344,0.49204447925651534,1.2297858705289548,1.0835760831832886,2.189181527531224,1.5519416075481116,1.2974871397018433,1.1225030422210693,1.0835760831832886,0.17088670054020078,0.5717771299127186,6.0842206250674105
1776514829.8491938,0.43565643664456755,-0.3248049925851128,0.48985479188821973,1.2506080935110606,1.0835760831832886,2.189181527531224,1.5519416075481116,1.2974871397018433,1.1225030422210693,1.0835760831832886,0.17547788140529896,0.5771309308253146,6.083375878235076
1776514829.9002268,0.4358908249482052,-0.24412990882983998,0.48985479188821973,1.208097638544134,1.0835760831832886,2.189181527531224,1.5519416075481116,1.2974871397018433,1.1225030422210693,1.0835760831832886,0.1801020588894316,0.5825130231806026,6.082670716427228
1776514829.9509733,0.42608202535231743,-0.2378618900940999,0.4876517186574731,1.2596230899162388,1.0739513635635376,2.184778968235831,1.5505545484334113,1.2827337980270386,1.1293014287948608,1.0739513635635376,0.23968582311988335,0.5874256155927271,6.0819922862160585
1776514830.000923,0.42608202535231743,-0.2378618900940999,0.5728626542070101,1.5,1.0739513635635376,2.184778968235831,1.5505545484334113,1.2827337980270386,1.1293014287948608,1.0739513635635376,0.23968582311988335,0.5874256155927271,6.0819922862160585
1776514830.0484245,0.41109749640261145,-0.2075391422660225,0.5728626542070101,1.3170285702409954,1.0739513635635376,2.184778968235831,1.5505545484334113,1.2827337980270386,1.1293014287948608,1.0739513635635376,0.2439677067585277,0.5918956646473277,6.081532571422683
1776514830.1001587,0.388882698888042,-0.21425966831386967,0.5705411535898015,1.3628101404488413,1.062429666519165,2.1825231069993576,1.5510245768031035,1.2615609169006348,1.1288563013076782,1.062429666519165,0.2480448995214477,0.5961060084698617,6.081211620560976
1776514830.153002,0.37955752605824156,-0.2583447501599034,0.568343464662459,1.3685693746207772,1.062429666519165,2.1825231069993576,1.5510245768031035,1.2615609169006348,1.1288563013076782,1.062429666519165,0.2526365036931629,0.60108524555602,6.080866405717869
1776514830.1988482,0.37001350172520786,-0.18683919288979584,0.5658022077643063,1.3967081229768588,1.062429666519165,2.1825231069993576,1.5510245768031035,1.2615609169006348,1.1288563013076782,1.062429666519165,0.25651568250154727,0.6052890264776024,6.080560103883989
1776514830.2470257,0.33482543624351496,-0.16742623365056075,0.5636560528975426,1.3973822279784098,1.0688536167144775,2.1790435946064894,1.548418659672842,1.2400273084640503,1.1377512216567993,1.0688536167144775,0.25997637383749483,0.6088540072603552,6.08048051797625
1776514830.3050735,0.2842625122442215,-0.07160732888882404,0.5605043607496739,1.428179462863944,1.0688536167144775,2.1790435946064894,1.548418659672842,1.2400273084640503,1.1377512216567993,1.0688536167144775,0.2626593755559048,0.6110601001738984,6.0808528733027165
1776514830.3551846,0.21535755701321688,0.11557322897637712,0.5605043607496739,1.3879256610787405,1.0688536167144775,2.1790435946064894,1.548418659672842,1.2400273084640503,1.1377512216567993,1.0688536167144775,0.2636314066583622,0.6105814954675107,6.081785801533762
1776514830.3968558,0.1721967318355368,0.15236926342113863,0.5603938536790343,1.3900431852133308,1.0551164150238037,2.178860851728067,1.5524913579004762,1.2340621948242188,1.141846776008606,1.0551164150238037,0.26394938695652925,0.6089485440046313,6.083072716612854
1776514830.4471674,0.10927372943340807,0.3200345662034172,0.5607694689541577,1.3816573180153087,1.0551164150238037,2.178860851728067,1.5524913579004762,1.2340621948242188,1.141846776008606,1.0551164150238037,0.26200704511707795,0.604303689831183,6.0845794747825055
1776514830.4963584,0.0577038810020929,0.38609370861931985,0.5625524724012149,1.3545433210964497,1.0551164150238037,2.178860851728067,1.5524913579004762,1.2340621948242188,1.141846776008606,1.0551164150238037,0.25837643668740745,0.5973086149577508,6.086354271923487
1776514830.5469701,0.0577038810020929,0.38609370861931985,0.5654147280679692,1.319190123387751,1.0494835376739502,2.177767531393194,1.5511255406736828,1.2293903827667236,1.1510103940963745,1.0494835376739502,0.25837643668740745,0.5973086149577508,6.086354271923487
1776514830.5967536,0.0045974453582999725,0.3797850440750931,0.5692538064581456,1.2944374223360688,1.0494835376739502,2.177767531393194,1.5511255406736828,1.2293903827667236,1.1510103940963745,1.0494835376739502,0.24793553806766921,0.5800637754275344,6.089599678777925
1776514830.6469834,0.0045974453582999725,0.3797850440750931,0.5728451104171353,1.2625130798277142,1.0497102737426758,2.1783629135331215,1.5507069064917154,1.244875192642212,1.1492626667022705,1.0497102737426758,0.24793553806766921,0.5800637754275344,6.089599678777925
1776514830.6988578,0.04805455348630365,0.529898920551177,0.5765387226710014,1.2485760574978753,1.0497102737426758,2.1783629135331215,1.5507069064917154,1.244875192642212,1.1492626667022705,1.0497102737426758,0.2421142947980955,0.5720594414823301,6.0901217157746
1776514830.7503808,0.21720018747881414,0.9817887046726519,0.5765387226710014,1.295939690880986,1.0497102737426758,2.1783629135331215,1.5507069064917154,1.244875192642212,1.1492626667022705,1.0497102737426758,0.2307370181314919,0.5575588734561562,6.090089667931715
1776514830.7987766,0.21720018747881414,0.9817887046726519,0.5834387660497025,1.1693302306927695,1.0497102737426758,2.1783629135331215,1.5507069064917154,1.244875192642212,1.1492626667022705,1.0497102737426758,0.2307370181314919,0.5575588734561562,6.090089667931715
1776514830.8499866,0.4020557759979847,1.370752190471,0.5834387660497025,1.2563555036391982,1.0522058010101318,2.183687357854005,1.547111293833994,1.2518798112869263,1.141724705696106,1.0522058010101318,0.2156170916220861,0.537771807061637,6.093389159348258
1776514830.901146,0.4083430927167522,1.5350797697327998,0.608249837440823,0.8030267327164475,1.0522058010101318,2.183687357854005,1.547111293833994,1.2518798112869263,1.141724705696106,1.0522058010101318,0.18913588560063183,0.5060397549390838,6.091451719689552
1776514830.9469965,0.35237066460320193,1.2801651927083735,0.608249837440823,1.114019283167444,1.0522058010101318,2.183687357854005,1.547111293833994,1.2518798112869263,1.141724705696106,1.0522058010101318,0.16695162317278278,0.4779343617254189,6.090683666508637
1776514830.9984457,0.29403187208377635,1.130287673083163,0.6216569513913579,0.8629480702077408,1.0542857646942139,2.195457624683327,1.541901404871345,1.3151276111602783,1.131235122680664,1.0542857646942139,0.14787112842456823,0.45286402735498077,6.090522394810804
1776514831.0498548,0.25889338748553287,1.0511943342911587,0.6334385048768021,0.8121343528702917,1.0542857646942139,2.195457624683327,1.541901404871345,1.3151276111602783,1.131235122680664,1.0542857646942139,0.13188414062904097,0.43045065916340397,6.091337459375901
1776514831.0968149,0.19338815027418527,0.7956368770643968,0.6437025238736453,0.7770544547079444,1.0542857646942139,2.195457624683327,1.541901404871345,1.3151276111602783,1.131235122680664,1.0542857646942139,0.11938441403513789,0.4115349002490305,6.092949260999149
1776514831.1469622,0.17326253025944868,0.6402858173857456,0.6521157155727125,0.7559455712329695,1.0492218732833862,2.204548318997012,1.534500438261853,1.3604236841201782,1.1370221376419067,1.0492218732833862,0.11068244973652241,0.3971912179507461,6.0947169290488015
1776514831.2028632,0.16015004513306452,0.2669906484802882,0.6583004707997497,0.746274426809428,1.0492218732833862,2.204548318997012,1.534500438261853,1.3604236841201782,1.1370221376419067,1.0492218732833862,0.1068261800414298,0.38937435926446684,6.096089662644834
1776514831.2469497,0.15867733295509998,0.16944964847739274,0.6614485662310196,0.7694024119606455,1.0549921989440918,2.2087725992008673,1.5349925150421315,1.3732191324234009,1.134130597114563,1.0549921989440918,0.10753937401878455,0.38758101872225936,6.097234055856048
1776514831.300873,0.1807372646959101,0.13265221904572624,0.6617697112394515,0.8027789181442894,1.0549921989440918,2.2087725992008673,1.5349925150421315,1.3732191324234009,1.134130597114563,1.0549921989440918,0.10682050433861978,0.3838078021936,6.098487449445128
1776514831.3469865,0.24060145538460145,-0.08534885253516486,0.6630025092279119,0.7839179932344219,1.0549921989440918,2.2087725992008673,1.5349925150421315,1.3732191324234009,1.134130597114563,1.0549921989440918,0.1076859339888046,0.3837173081425407,6.09811961361146
1776514831.396973,0.3151790940223645,0.01934399984831888,0.6628105158338669,0.8035462178275696,1.0435212850570679,2.2095280276968126,1.536171897724058,1.3724323511123657,1.1333361864089966,1.0435212850570679,0.14540806034718012,0.38399107967986756,6.096471798555572
1776514831.4508903,0.3151790940223645,0.01934399984831888,0.6558396664821478,0.9662158627461428,1.0435212850570679,2.2095280276968126,1.536171897724058,1.3724323511123657,1.1333361864089966,1.0435212850570679,0.14540806034718012,0.38399107967986756,6.096471798555572
1776514831.505862,0.32789138094851017,0.0692762661756195,0.6558396664821478,0.8557733343877276,1.0435212850570679,2.2095280276968126,1.536171897724058,1.3724323511123657,1.1333361864089966,1.0435212850570679,0.14442930343804317,0.38287909284061306,6.094527184087421
1776514831.5467677,0.31214962061745183,0.109041665463525,0.6563976695382415,0.8468767025585535,1.0421062707901,2.2082805274042347,1.5331146483207554,1.3708606958389282,1.141061782836914,1.0421062707901,0.1429252790878442,0.3811422900636766,6.0926529086291055
1776514831.6040463,0.29930674817392616,0.1517420605968389,0.6572629884520338,0.8318132649959736,1.0421062707901,2.2082805274042347,1.5331146483207554,1.3708606958389282,1.141061782836914,1.0421062707901,0.14063677872341712,0.37850350558252066,6.090836370812328
1776514831.6481335,0.28949263748130416,0.187721314353448,0.6572629884520338,0.8476400659883784,1.0421062707901,2.2082805274042347,1.5331146483207554,1.3708606958389282,1.141061782836914,1.0421062707901,0.13770086400948967,0.3750971006393733,6.0890777931800715
1776514831.6979885,0.28949263748130416,0.187721314353448,0.6602721940905841,0.7889260558520822,1.045636534690857,2.2089012625259343,1.530673221437405,1.375059723854065,1.1302748918533325,1.045636534690857,0.13770086400948967,0.3750971006393733,6.0890777931800715
1776514831.749043,0.28079162280944064,0.10162743842165496,0.6602721940905841,0.8304446051966625,1.045636534690857,2.2089012625259343,1.530673221437405,1.375059723854065,1.1302748918533325,1.045636534690857,0.1353339976661153,0.3723177366720196,6.087395743715089
1776514831.7970705,0.29542110598913796,1.6974776047889122e-05,0.6623513221951485,0.793692095836362,1.0426393747329712,2.208047937288205,1.528837627199529,1.3804380893707275,1.1407281160354614,1.0426393747329712,0.1337886172872843,0.37050100111875595,6.083916930845224
1776514831.8488116,0.3051946502401166,-0.046937555630477384,0.6625449881303527,0.8145624674834036,1.0426393747329712,2.208047937288205,1.528837627199529,1.3804380893707275,1.1407281160354614,1.0426393747329712,0.13415643441471486,0.3709408728926207,6.082103583161157
1776514831.9001029,0.3111923144623863,-0.1033051798841121,0.6623291341175581,0.8213348554062139,1.0426393747329712,2.208047937288205,1.528837627199529,1.3804380893707275,1.1407281160354614,1.0426393747329712,0.1354552380093278,0.3724999943733205,6.080253241522912
1776514831.9467556,0.3090059859213593,-0.14665729636283314,0.6615652815971198,0.8329884218685287,1.042880654335022,2.2067980475165467,1.5290404717430417,1.371080756187439,1.1393595933914185,1.042880654335022,0.13758265863229163,0.3750720279664701,6.078407339792506
1776514831.996971,0.3090059859213593,-0.14665729636283314,0.660309002194051,0.8472031785127955,1.042880654335022,2.2067980475165467,1.5290404717430417,1.371080756187439,1.1393595933914185,1.042880654335022,0.13758265863229163,0.3750720279664701,6.078407339792506
1776514832.0551214,0.29339305253657294,-0.19654361461920253,0.660309002194051,0.8302342731768522,1.042880654335022,2.2067980475165467,1.5290404717430417,1.371080756187439,1.1393595933914185,1.042880654335022,0.1403898067798109,0.37849599450266147,6.076638902309615
1776514832.0968513,0.2722962141757946,-0.23419713814956677,0.6586428902307425,0.8627214654373443,1.0484700202941895,2.2002697777240834,1.5234349131681832,1.3719288110733032,1.1380051374435425,1.0484700202941895,0.14378795510491432,0.3827792284990479,6.074931242939349
1776514832.1508408,0.2614661347514386,-0.21719746622457853,0.6565872513338282,0.8766923421755217,1.0484700202941895,2.2002697777240834,1.5234349131681832,1.3719288110733032,1.1380051374435425,1.0484700202941895,0.14724404465366653,0.38708810657615766,6.073394808653866
1776514832.1989,0.2545597318310416,-0.23553995637627256,0.6545098309059519,0.8883411402628968,1.0358803272247314,2.197335261531057,1.5263684079159066,1.3464813232421875,1.1390269994735718,1.0358803272247314,0.15089025170897347,0.3916324812916173,6.071961840759489
1776514832.249394,0.25464860154080043,-0.2503750213419347,0.6523185618076859,0.9058556847091946,1.0358803272247314,2.197335261531057,1.5263684079159066,1.3464813232421875,1.1390269994735718,1.0358803272247314,0.15476535509266776,0.396497573220457,6.070574441201707
1776514832.2968416,0.26503971862602627,-0.27055106993674494,0.6499798100149198,0.9210226031948076,1.0358803272247314,2.197335261531057,1.5263684079159066,1.3464813232421875,1.1390269994735718,1.0358803272247314,0.15886659484661442,0.40168548403021154,6.069182987389249
1776514832.347861,0.27926987968238387,-0.28489684958826567,0.647493682570194,0.9354258376702493,1.0385005474090576,2.1906595394415067,1.5210383329705957,1.3317769765853882,1.1358543634414673,1.0385005474090576,0.2028241043721375,0.407231410619848,6.067757101068897
1776514832.3989892,0.31339703650236544,-0.32408866635774886,0.634863530724664,1.1332593162092488,1.0385005474090576,2.1906595394415067,1.5210383329705957,1.3317769765853882,1.1358543634414673,1.0385005474090576,0.20798225523962655,0.413163232385659,6.066248454376684
1776514832.446867,0.31339703650236544,-0.32408866635774886,0.6319027666116297,1.0315049835974648,1.0385005474090576,2.1906595394415067,1.5210383329705957,1.3317769765853882,1.1358543634414673,1.0385005474090576,0.20798225523962655,0.413163232385659,6.066248454376684
1776514832.4988954,0.3431929145275926,-0.3467997384490236,0.6319027666116297,0.9925556193621166,1.0367999076843262,2.1857995874456075,1.523147574644808,1.3119587898254395,1.1433601379394531,1.0367999076843262,0.21361039947197358,0.41969135035334204,6.06461895038073
1776514832.5501263,0.37831649658585403,-0.3621617800495668,0.6252614546332307,1.1157947673653046,1.0367999076843262,2.1857995874456075,1.523147574644808,1.3119587898254395,1.1433601379394531,1.0367999076843262,0.21946407956881153,0.4265485618408176,6.06288158164942
1776514832.5988646,0.3853051649682572,-0.3906483476140281,0.6252614546332307,1.0305059735243967,1.0367999076843262,2.1857995874456075,1.523147574644808,1.3119587898254395,1.1433601379394531,1.0367999076843262,0.22553185755833594,0.4337352822915579,6.06109167808939
1776514832.6468372,0.3853051649682572,-0.3906483476140281,0.6217200928536633,1.100305686862149,1.0367999076843262,2.1857995874456075,1.523147574644808,1.3119587898254395,1.1433601379394531,1.0367999076843262,0.22553185755833594,0.4337352822915579,6.06109167808939
1776514832.6989522,0.37767220461816003,-0.4498511101449839,0.6177347581870269,1.1244375501831247,1.037931203842163,2.179017416643501,1.5199201173056818,1.2839581966400146,1.1433753967285156,1.037931203842163,0.23231599006253956,0.4418629011329043,6.059379675381874
1776514832.7524354,0.37767220461816003,-0.4498511101449839,0.6177347581870269,1.073515667502704,1.037931203842163,2.179017416643501,1.5199201173056818,1.2839581966400146,1.1433753967285156,1.037931203842163,0.23231599006253956,0.4418629011329043,6.059379675381874
1776514832.798246,0.36979291135672493,-0.5099041844870856,0.6177347581870269,1.073515667502704,1.037931203842163,2.179017416643501,1.5199201173056818,1.2839581966400146,1.1433753967285156,1.037931203842163,0.24001897348087214,0.4512520166160433,6.0577339323315025
1776514832.846981,0.3653166253068206,-0.5375025086450602,0.6131646540303282,1.1528056856667348,1.037931203842163,2.179017416643501,1.5199201173056818,1.2839581966400146,1.1433753967285156,1.037931203842163,0.24834732098695567,0.4614853262794282,6.056223360721298
1776514832.896892,0.3628613223382639,-0.5402785514770814,0.6082005837530473,1.2021185490364614,1.0281645059585571,2.1725939094303492,1.5217825964445129,1.2531489133834839,1.1400343179702759,1.0281645059585571,0.25674140520469135,0.47190066390615104,6.054825278484671
1776514832.9484437,0.366835234803614,-0.5689442185249,0.6031689799946955,1.220936538483003,1.0281645059585571,2.1725939094303492,1.5217825964445129,1.2531489133834839,1.1400343179702759,1.0281645059585571,0.2653746781813761,0.4827539526538205,6.053508571564613
1776514832.996842,0.3847414362256683,-0.6015408471776307,0.5979544743552235,1.2527108339206832,1.0281152725219727,2.1682318092826116,1.5242743952355169,1.2326587438583374,1.15882408618927,1.0281152725219727,0.2745089849507295,0.4943802561001054,6.052250703242644
1776514833.0504954,0.39530852189753657,-0.5699730759788635,0.5923972640843868,1.2864228357628646,1.0281152725219727,2.1682318092826116,1.5242743952355169,1.2326587438583374,1.15882408618927,1.0281152725219727,0.2869478872919583,0.5128672373024108,6.052414731813232
1776514833.0970123,0.40269440629645636,-0.5352705548347042,0.5840863059577516,1.3798484411697347,1.0281152725219727,2.1682318092826116,1.5242743952355169,1.2326587438583374,1.15882408618927,1.0281152725219727,0.2953781762933247,0.5236210229493369,6.051297020448924
1776514833.1468408,0.40322643119614004,-0.4227125192134883,0.5789508131482679,1.361797404488978,1.0184494256973267,2.161461843813491,1.5221543928526484,1.199533462524414,1.1535234451293945,1.0184494256973267,0.30251240813792074,0.5328491049426562,6.05026605092919
1776514833.197152,0.4048508323150779,-0.3249349173419662,0.5745691237653002,1.3764848508558345,1.0184494256973267,2.161461843813491,1.5221543928526484,1.199533462524414,1.1535234451293945,1.0184494256973267,0.30796211364377446,0.5399945614510453,6.049305473855126
1776514833.246854,0.4049218844001831,-0.25898670160720644,0.5711950701554762,1.381999064158863,1.0184494256973267,2.161461843813491,1.5221543928526484,1.199533462524414,1.1535234451293945,1.0184494256973267,0.31209456689113224,0.5454853383608298,6.048401081197028
1776514833.3109343,0.4049218844001831,-0.25898670160720644,0.5686162744024025,1.3879740680462023,1.008200764656067,2.157010086921494,1.5208312325371143,1.1797584295272827,1.1589730978012085,1.008200764656067,0.31209456689113224,0.5454853383608298,6.048401081197028
1776514833.34711,0.3988927348086688,-0.2355264468223416,0.5686162744024025,1.3541927177005582,1.008200764656067,2.157010086921494,1.5208312325371143,1.1797584295272827,1.1589730978012085,1.008200764656067,0.3711294350001465,0.5541715185624813,6.04674211776429
1776514833.3967533,0.3951622689719611,-0.2518578914482811,0.5513073571824684,1.5,1.0090497732162476,2.1544923085398855,1.5214652771073178,1.1555744409561157,1.1760975122451782,1.0090497732162476,0.3751140912492639,0.5590991375228341,6.045992860926062
1776514833.4469635,0.4009557396523321,-0.2676663637991573,0.548923490498792,1.5,1.0090497732162476,2.1544923085398855,1.5214652771073178,1.1555744409561157,1.1760975122451782,1.0090497732162476,0.37916927972738046,0.5641726607487146,6.0452948411026535
1776514833.4969504,0.4009557396523321,-0.2676663637991573,0.54648099649906,1.5,1.0090497732162476,2.1544923085398855,1.5214652771073178,1.1555744409561157,1.1760975122451782,1.0090497732162476,0.37916927972738046,0.5641726607487146,6.0452948411026535
1776514833.5469487,0.3897501529076257,-0.21058933739940366,0.544332897107283,1.5,1.002566933631897,2.151849822464307,1.5220154184877945,1.1474711894989014,1.1832916736602783,1.002566933631897,0.3827117499857,0.5686562210582878,6.044657076638132
1776514833.596843,0.4340840894503606,0.0684814556462095,0.5427521555225401,1.5,1.002566933631897,2.151849822464307,1.5220154184877945,1.1474711894989014,1.1832916736602783,1.002566933631897,0.38530218322751053,0.571970336800455,6.044060934536293
1776514833.6469715,0.4340840894503606,0.0684814556462095,0.5423134025293851,1.5,0.9964367151260376,2.1492425046178836,1.5215583692459924,1.1405715942382812,1.1742525100708008,0.9964367151260376,0.38602860802419214,0.5728835294589948,6.043481493428057
1776514833.6968799,0.5002163252496796,0.3567135223992321,0.5423134025293851,1.5,0.9964367151260376,2.1492425046178836,1.5215583692459924,1.1405715942382812,1.1742525100708008,0.9964367151260376,0.3824594267122573,0.5681937975934701,6.042791443203446
1776514833.7505217,0.5874296924610721,0.7319924177325495,0.5486543633041956,1.3904241187729727,0.9970157146453857,2.1482136449694744,1.5170505067823787,1.1418328285217285,1.1821078062057495,0.9970157146453857,0.3652365062921411,0.5453111961860845,6.0409164274026015
1776514833.7978497,0.5874296924610721,0.7319924177325495,0.5552732654822768,1.3427374394262586,0.9970157146453857,2.1482136449694744,1.5170505067823787,1.1418328285217285,1.1821078062057495,0.9970157146453857,0.3652365062921411,0.5453111961860845,6.0409164274026015
1776514833.8497245,0.5668405821083435,0.9035136169331243,0.5552732654822768,1.4304384829584185,0.9970157146453857,2.1482136449694744,1.5170505067823787,1.1418328285217285,1.1821078062057495,0.9970157146453857,0.3531641433910959,0.5290783011337333,6.039737369613861
1776514833.8963292,0.5363314386773045,0.7980501207552128,0.5628607115479985,1.2794738028391117,0.9912570118904114,2.1504477360643355,1.5137320859028034,1.1661429405212402,1.1896792650222778,0.9912570118904114,0.34053930539153854,0.5119870719173435,6.038458935390245
1776514833.946939,0.49981114539789057,0.7948508084416939,0.5781114950108224,1.095995914397424,0.9912570118904114,2.1504477360643355,1.5137320859028034,1.1661429405212402,1.1896792650222778,0.9912570118904114,0.32902705494410156,0.49633459694022874,6.037075382447626
1776514833.9977129,0.5151022038014045,0.7586108772448237,0.5781114950108224,1.2999343142238722,0.9912570118904114,2.1504477360643355,1.5137320859028034,1.1661429405212402,1.1896792650222778,0.9912570118904114,0.36404764179149907,0.48091788272460245,6.035601570701656
1776514834.0560906,0.5355255540723632,0.6358543062086258,0.5736029871056536,1.3814708662749475,0.9920838475227356,2.1530272488677866,1.5086228956913577,1.1856560707092285,1.1899315118789673,0.9920838475227356,0.3528944174573278,0.4671784495325646,6.033937178140948
1776514834.0974896,0.5265818505133102,0.5824285243544827,0.5802606409316353,1.2015252406869845,0.9920838475227356,2.1530272488677866,1.5086228956913577,1.1856560707092285,1.1899315118789673,0.9920838475227356,0.34345310301762016,0.45541777942512973,6.032173770287281
1776514834.1512368,0.5356798328984043,0.7240412504129828,0.5859328398005234,1.1800577120262061,0.9920838475227356,2.1530272488677866,1.5086228956913577,1.1856560707092285,1.1899315118789673,0.9920838475227356,0.3328428316974122,0.4421183763969678,6.030294563286202
1776514834.198282,0.5356798328984043,0.7240412504129828,0.5923304610211012,1.144703437034949,0.9899435639381409,2.1574198992907396,1.5053813864874794,1.1976656913757324,1.193239450454712,0.9899435639381409,0.3328428316974122,0.4421183763969678,6.030294563286202
1776514834.2470722,0.5608286830875139,0.8893478361987809,0.5923304610211012,1.2186830798794224,0.9899435639381409,2.1574198992907396,1.5053813864874794,1.1976656913757324,1.193239450454712,0.9899435639381409,0.32005579320588434,0.42597821360649146,6.028194484968137
1776514834.2969592,0.5709367800769298,0.9238668473443579,0.6000720403022997,1.0686115720035396,0.9899435639381409,2.1574198992907396,1.5053813864874794,1.1976656913757324,1.193239450454712,0.9899435639381409,0.3054577618807098,0.4074449665421066,6.0258251200844555
1776514834.3527591,0.5681674445593313,0.9149715207647239,0.6089400533742713,1.0114800078270856,0.9899435639381409,2.1574198992907396,1.5053813864874794,1.1976656913757324,1.193239450454712,0.9899435639381409,0.2910671424552839,0.38902900961892484,6.023292452022254
1776514834.39689,0.5836725731278616,0.8690866915067267,0.6177229574079696,0.9602233301486761,1.0072988271713257,2.1646373911547947,1.497241630213535,1.2319343090057373,1.1811538934707642,1.0072988271713257,0.2910671424552839,0.38902900961892484,6.023292452022254
1776514834.447867,0.5836725731278616,0.8690866915067267,0.6262571526137853,0.9178200208155294,1.0072988271713257,2.1646373911547947,1.497241630213535,1.2319343090057373,1.1811538934707642,1.0072988271713257,0.2771477099344851,0.3710772302954445,6.020514134745544
1776514834.4967659,0.5964622113558482,0.7999734981746439,0.6262571526137853,1.0248162707783697,1.0072988271713257,2.1646373911547947,1.497241630213535,1.2319343090057373,1.1811538934707642,1.0072988271713257,0.26426675808346645,0.35431448510385144,6.017498641019113
1776514834.5516765,0.6098027541528308,0.7347202650490665,0.6331509822610694,0.9101018853339231,1.0112136602401733,2.17403950358187,1.4926367040580975,1.274247169494629,1.1827830076217651,1.0112136602401733,0.2856792235500784,0.3387780478725393,6.014248523614653
1776514834.5978353,0.5959704235060895,0.6844071320897087,0.6331509822610694,0.9854229585081757,1.0112136602401733,2.17403950358187,1.4926367040580975,1.274247169494629,1.1827830076217651,1.0112136602401733,0.2733533718594468,0.3242167508912026,6.010877931402037
1776514834.6468349,0.6020706110020417,0.6166721336282591,0.6403342600418828,0.8716435128388748,1.0112136602401733,2.17403950358187,1.4926367040580975,1.274247169494629,1.1827830076217651,1.0112136602401733,0.2623628440925337,0.3111115739853787,6.007394298744424
1776514834.6978445,0.6091736398411451,0.6246001163004509,0.6467733225727755,0.8077285266010734,1.0094542503356934,2.1802543285927434,1.483968702705724,1.3104667663574219,1.1851826906204224,1.0094542503356934,0.2518952986645198,0.2984912744959207,6.003755354606216
1776514834.7470715,0.6271452733354591,0.6224013748054588,0.6529448278776833,0.7891454843814597,1.0094542503356934,2.1802543285927434,1.483968702705724,1.3104667663574219,1.1851826906204224,1.0094542503356934,0.24125532003407119,0.28553312430773103,5.999880738630388
1776514834.800847,0.6451107250717472,0.5971889144721426,0.6592543845452494,0.7509766375830302,1.0111846923828125,2.1888065839894497,1.4793115690043592,1.3122971057891846,1.1842918395996094,1.0111846923828125,0.2308886579441874,0.2727563226842359,5.99577348126808
1776514834.847162,0.6555937926408253,0.536025759826176,0.6654442878464788,0.7285504039796478,1.0111846923828125,2.1888065839894497,1.4793115690043592,1.3122971057891846,1.1842918395996094,1.0111846923828125,0.22175285997070554,0.2613684294871307,5.991437776695432
1776514834.8966193,0.6575897777976261,0.5629591194688448,0.6709351190309857,0.6934863905596819,1.0185447931289673,2.196531600691895,1.4733609465176003,1.3467214107513428,1.183598279953003,1.0185447931289673,0.21283850824030248,0.2500963147241496,5.986963853714509
1776514834.9487107,0.6581308752410155,0.5533297668282258,0.676337727800682,0.6729834016500559,1.0185447931289673,2.196531600691895,1.4733609465176003,1.3467214107513428,1.183598279953003,1.0185447931289673,0.20400431045084455,0.23877387269794303,5.982365911206917
1776514834.9967415,0.6581308752410155,0.5533297668282258,0.6817342294109632,0.631700383340057,1.0185447931289673,2.196531600691895,1.4733609465176003,1.3467214107513428,1.183598279953003,1.0185447931289673,0.20400431045084455,0.23877387269794303,5.982365911206917
1776514835.0467181,0.6646886584240467,0.5384180213873778,0.7160308142803817,0.10226019829816979,1.0185447931289673,2.196531600691895,1.4733609465176003,1.3467214107513428,1.183598279953003,1.0185447931289673,0.21803035761253103,0.10366262714735908,5.977616497713519
1776514835.0977087,0.669895774056919,0.5070586658587524,0.7160308142803817,0.5118239183978193,1.0185447931289673,2.196531600691895,1.4733609465176003,1.3467214107513428,1.183598279953003,1.0185447931289673,0.20893831925704887,0.09304037300176404,5.972721443814459
1776514835.1467385,0.669895774056919,0.5070586658587524,0.7212962391067298,0.4140606929002829,1.0180526971817017,2.209111310617445,1.4736055764410223,1.3683393001556396,1.1841541528701782,1.0180526971817017,0.20893831925704887,0.09304037300176404,5.972721443814459
1776514835.1969075,0.6638592496885904,0.5511596250907597,0.7212962391067298,0.48173577653297284,1.0180526971817017,2.209111310617445,1.4736055764410223,1.3683393001556396,1.1841541528701782,1.0180526971817017,0.19985018866300974,0.08227777959591853,5.9677169713135685
1776514835.2469473,0.6827972202654476,0.46226777272644326,0.7265999741700644,0.3844945290591421,1.0180526971817017,2.209111310617445,1.4736055764410223,1.3683393001556396,1.1841541528701782,1.0180526971817017,0.19183419692506753,0.0726768302346612,5.962551644907199
1776514835.2999578,0.6910509388962657,0.3981808242129009,0.731308269909178,0.36711469527335433,1.0285687446594238,2.2188697035504537,1.4714286648789432,1.3915038108825684,1.1722856760025024,1.0285687446594238,0.18534154955036825,0.0647650966073986,5.957200398043045
1776514835.3467221,0.7050599768186689,0.3387790315087682,0.7351597024632356,0.35096124158267045,1.0285687446594238,2.2188697035504537,1.4714286648789432,1.3915038108825684,1.1722856760025024,1.0285687446594238,0.17991904956722898,0.05806021624312063,5.951698269871855
1776514835.3969233,0.7050599768186689,0.3387790315087682,0.7384035389609847,0.34104943532172194,1.0285687446594238,2.2188697035504537,1.4714286648789432,1.3915038108825684,1.1722856760025024,1.0285687446594238,0.17991904956722898,0.05806021624312063,5.951698269871855
1776514835.4466627,0.7214511112442448,0.3066421574539875,0.7411844907476797,0.33152068531783535,1.0181537866592407,2.2235598707507873,1.469173056133179,1.4097626209259033,1.1806423664093018,1.0181537866592407,0.17531471472550592,0.05227214693390303,5.946030625700235
1776514835.4977589,0.7214511112442448,0.3066421574539875,0.7411844907476797,0.3680886242989734,1.0181537866592407,2.2235598707507873,1.469173056133179,1.4097626209259033,1.1806423664093018,1.0181537866592407,0.17531471472550592,0.05227214693390303,5.946030625700235
1776514835.5507495,0.7342849339981781,0.2748159703865025,0.7411844907476797,0.3680886242989734,1.0181537866592407,2.2235598707507873,1.469173056133179,1.4097626209259033,1.1806423664093018,1.0181537866592407,0.1757199262546723,-0.08572321283143447,5.940198019374907
1776514835.5967438,0.7356430109155544,0.30641564276903854,0.7797210781766243,-0.3653981752753579,1.0181537866592407,2.2235598707507873,1.469173056133179,1.4097626209259033,1.1806423664093018,1.0181537866592407,0.17077702662157346,-0.09141268894406873,5.934293378594587
1776514835.6502914,0.7279624729930404,0.21815351776975278,0.7825597421957028,0.09647929502195982,1.0250568389892578,2.2264529332091256,1.4640532407773987,1.4030249118804932,1.1824077367782593,1.0250568389892578,0.16633559103150164,-0.09658421179294163,5.928387907394301
1776514835.696707,0.7516166853741727,0.17190444827199092,0.7851270103620853,0.08288899743433778,1.0250568389892578,2.2264529332091256,1.4640532407773987,1.4030249118804932,1.1824077367782593,1.0250568389892578,0.16300233034230388,-0.10053773023471502,5.922354395264155
1776514835.7516966,0.7751609029554956,0.15580732902535732,0.7886339641196538,0.05241841320048225,1.0297154188156128,2.226025738945501,1.45958092703052,1.4144591093063354,1.1799631118774414,1.0297154188156128,0.16036102175765576,-0.10373193429493954,5.91608131679075
1776514835.7967198,0.7879926402311958,0.0912831594429016,0.7886339641196538,0.09694877645912105,1.0297154188156128,2.226025738945501,1.45958092703052,1.4144591093063354,1.1799631118774414,1.0297154188156128,0.15877719103293125,-0.1056843453331604,5.909686310148889
1776514835.8477747,0.7916094924527353,0.049911911433701425,0.7895797645529863,0.07885755282831385,1.0253095626831055,2.2205013271617626,1.4498609649066418,1.4201174974441528,1.1815030574798584,1.0253095626831055,0.15794814531711998,-0.10672695005602117,5.903249299402614
1776514835.8986192,0.7894822870693424,0.05046513268459967,0.7849210005753253,0.021158696008255748,1.0253095626831055,2.2205013271617626,1.4498609649066418,1.4201174974441528,1.1815030574798584,1.0253095626831055,0.1460279065993862,-0.10819385109087054,5.890501859257784
1776514835.946738,0.787187535963604,0.0065617465209875945,0.7852061961305172,0.06552454102785707,1.0253095626831055,2.2205013271617626,1.4498609649066418,1.4201174974441528,1.1815030574798584,1.0253095626831055,0.14584755548767125,-0.10839580734370291,5.884171135508902
1776514835.9978802,0.787187535963604,0.0065617465209875945,0.785307126883335,0.06738318782107183,1.033828854560852,2.2150317867192597,1.4421906765905097,1.408550500869751,1.1828545331954956,1.033828854560852,0.14584755548767125,-0.10839580734370291,5.884171135508902
1776514836.050853,0.7877187497128728,0.04095788028140928,0.785307126883335,0.06858718815232195,1.033828854560852,2.2150317867192597,1.4421906765905097,1.408550500869751,1.1828545331954956,1.033828854560852,0.14534881504785058,-0.10899913592961208,5.877883372714634
1776514836.0967295,0.7836730404383729,0.046821891236475725,0.7855986638605125,0.06321354127194943,1.033828854560852,2.2150317867192597,1.4421906765905097,1.408550500869751,1.1828545331954956,1.033828854560852,0.14462805723633654,-0.10987303261051828,5.87160944860684
1776514836.1472094,0.7777670498604551,0.0998893786289351,0.7860205324330662,0.05904577091110056,1.0363167524337769,2.2105798339755527,1.4352682438668163,1.4034358263015747,1.1872296333312988,1.0363167524337769,0.14339706962493443,-0.11141581609075446,5.865405434995224
1776514836.2003574,0.7841844411531381,0.12457749839278945,0.7867549676015726,0.0504116854849059,1.0363167524337769,2.2105798339755527,1.4352682438668163,1.4034358263015747,1.1872296333312988,1.0363167524337769,0.13054555636838744,-0.11336607395539855,5.859196379276997
1776514836.2472086,0.7881818649727673,0.09470520825405128,0.6522789274785004,-0.009947157142214232,1.0363167524337769,2.2105798339755527,1.4352682438668163,1.4034358263015747,1.1872296333312988,1.0363167524337769,0.12906490089149258,-0.11506046388477509,5.852945701579053
1776514836.2969797,0.7641619331046786,0.08567334902247309,0.6529709789215142,0.02304266392610338,1.0411919355392456,2.2063373564350504,1.4282114526369187,1.399482011795044,1.2013002634048462,1.0411919355392456,0.1278077308976473,-0.11654160907217792,5.846868230641237
1776514836.3467522,0.7443990191122718,0.08581410586363149,0.652875708765142,0.020060914707538877,1.0411919355392456,2.2063373564350504,1.4282114526369187,1.399482011795044,1.2013002634048462,1.0411919355392456,0.12633610701187592,-0.11828371783018765,5.8409180913906935
1776514836.3975255,0.7238819494081727,0.0669127355793335,0.6521746058608063,0.01437228779514516,1.0355178117752075,2.2013855539572447,1.4198598615624927,1.4095121622085571,1.1906850337982178,1.0355178117752075,0.12539081388966977,-0.1194320612359484,5.835194039236566
1776514836.4473536,0.701303860698425,0.04187937436409583,0.6513760897205616,0.005560071908962997,1.0355178117752075,2.2013855539572447,1.4198598615624927,1.4095121622085571,1.1906850337982178,1.0355178117752075,0.12469013904349857,-0.12029499492587359,5.829647034015177
1776514836.497021,0.6840378039457524,0.06075421281238812,0.6513760897205616,0.019037457630603896,1.0355178117752075,2.2013855539572447,1.4198598615624927,1.4095121622085571,1.1906850337982178,1.0355178117752075,0.11156066402986592,0.4806412548996625,5.824254158329114
1776514836.54877,0.6840378039457524,0.06075421281238812,0.3793005267488366,1.5,1.0474133491516113,2.196172067790424,1.4122530806298252,1.3852533102035522,1.20378577709198,1.0474133491516113,0.11156066402986592,0.4806412548996625,5.824254158329114
1776514836.6018353,0.6636658074897975,0.06553320808737981,0.3793005267488366,0.9616733640424671,1.0474133491516113,2.196172067790424,1.4122530806298252,1.3852533102035522,1.20378577709198,1.0474133491516113,0.11039434977826657,0.4793191347718293,5.819023192274163
1776514836.6471229,0.6636658074897975,0.06553320808737981,0.3796957762079218,0.9501183784766687,1.0474133491516113,2.196172067790424,1.4122530806298252,1.3852533102035522,1.20378577709198,1.0474133491516113,0.11039434977826657,0.4793191347718293,5.819023192274163
1776514836.7007616,0.6427525852632106,0.06899984222059422,0.3796957762079218,0.9578784793156307,1.0474133491516113,2.196172067790424,1.4122530806298252,1.3852533102035522,1.20378577709198,1.0474133491516113,0.10929259306837003,0.4780562220482051,5.813947740847792
1776514836.747808,0.6272436939591807,0.03592804694286887,0.38007147665915286,0.9467331254871821,1.045695185661316,2.1928198196400546,1.405250211991571,1.409414529800415,1.204105019569397,1.045695185661316,0.10841126962349767,0.47702755754674875,5.809013907649743
1776514836.7972994,0.6083284307875797,0.02556534044668708,0.38037508005920007,0.9444945501504048,1.045695185661316,2.1928198196400546,1.405250211991571,1.409414529800415,1.204105019569397,1.045695185661316,0.10793859442170967,0.47647094871873064,5.804224454814215
1776514836.8473022,0.5884662605873016,0.02358830501461851,0.38053872834774943,0.9461651890154873,1.045695185661316,2.1928198196400546,1.405250211991571,1.409414529800415,1.204105019569397,1.045695185661316,0.10753846950888357,0.47598681197212067,5.79962095458845
1776514836.8976657,0.5662393756671467,-0.013097716862823494,0.3806794183770137,0.9454726405095955,1.0489301681518555,2.1897251644584452,1.4022863549257527,1.3821691274642944,1.210282802581787,1.0489301681518555,0.10737796063493948,0.4758026209263332,5.79515912416848
1776514836.949863,0.5541472605554819,-0.026399881994404427,0.3807341861443048,0.9466810720281311,1.0489301681518555,2.1897251644584452,1.4022863549257527,1.3821691274642944,1.210282802581787,1.0489301681518555,0.1075366170932659,0.4759979579639947,5.790849458980189
1776514836.9966962,0.5317994881799378,-0.0800264223225673,0.38067783877799655,0.9496373114468163,1.049942135810852,2.1818865835390966,1.3917825152959462,1.3756580352783203,1.2148650884628296,1.049942135810852,0.10812819957970887,0.47675281501977973,5.786678381513639
1776514837.047364,0.5317994881799378,-0.0800264223225673,0.3804633195937351,0.9552364204935269,1.049942135810852,2.1818865835390966,1.3917825152959462,1.3756580352783203,1.2148650884628296,1.049942135810852,0.10812819957970887,0.47675281501977973,5.786678381513639
1776514837.1001828,0.5157625512058395,-0.10522213724517668,0.3804633195937351,0.9505091114264284,1.049942135810852,2.1818865835390966,1.3917825152959462,1.3756580352783203,1.2148650884628296,1.049942135810852,0.1537616154442869,0.5928224933330648,5.782692327579254
1776514837.1488657,0.5010234933727338,-0.13881422705876653,0.48604760880241543,1.5,1.049942135810852,2.1818865835390966,1.3917825152959462,1.3756580352783203,1.2148650884628296,1.049942135810852,0.1555941703981461,0.5949525075745413,5.778862431891211
1776514837.201872,0.49227605654526113,-0.16378952698756144,0.48518355300361743,1.22222941581926,1.0437260866165161,2.1762948513692666,1.3875838028994956,1.386644959449768,1.2325303554534912,1.0437260866165161,0.15792302325226898,0.5976829414156967,5.775156780544326
1776514837.2562659,0.48555030132633215,-0.19117605779323257,0.484080103950003,1.2331210335135654,1.0437260866165161,2.1762948513692666,1.3875838028994956,1.386644959449768,1.2325303554534912,1.0437260866165161,0.16071573212039525,0.6009981888408334,5.771546257292996
1776514837.2980068,0.47998562707330183,-0.22292265588289978,0.4827475050115027,1.2441210862619418,1.0469821691513062,2.165569999943609,1.3791906399854992,1.3611061573028564,1.2287318706512451,1.0469821691513062,0.16394665221820487,0.6048794099468124,5.7680298915277195
1776514837.349725,0.47998562707330183,-0.22292265588289978,0.48119534030908984,1.2619010181529409,1.0469821691513062,2.165569999943609,1.3791906399854992,1.3611061573028564,1.2287318706512451,1.0469821691513062,0.16394665221820487,0.6048794099468124,5.7680298915277195
1776514837.4039962,0.4811270620648959,-0.23102443506812761,0.48119534030908984,1.235890235109115,1.0469821691513062,2.165569999943609,1.3791906399854992,1.3611061573028564,1.2287318706512451,1.0469821691513062,0.16394665221820487,0.6048794099468124,5.7680298915277195
1776514837.4470356,0.4811270620648959,-0.23102443506812761,0.48119534030908984,1.235890235109115,1.0469821691513062,2.165569999943609,1.3791906399854992,1.3611061573028564,1.2287318706512451,1.0469821691513062,0.1675701025583951,0.6092846047683712,5.7645867083106355
1776514837.4969852,0.47844750937347585,-0.26295081917881086,0.47944261174337727,1.270342923659455,1.0469821691513062,2.165569999943609,1.3791906399854992,1.3611061573028564,1.2287318706512451,1.0469821691513062,0.17136232885640668,0.6139607790276075,5.761186560079074
1776514837.550734,0.4727961210300545,-0.31117627572474976,0.47759320159893437,1.301826684483591,1.0465234518051147,2.159948833555562,1.378895117946278,1.3554847240447998,1.2427743673324585,1.0465234518051147,0.17577749934142894,0.619472939200892,5.757881522157403
1776514837.5978785,0.4659409556386207,-0.3762760160511982,0.475424481850696,1.308539347960172,1.0465234518051147,2.159948833555562,1.378895117946278,1.3554847240447998,1.2427743673324585,1.0465234518051147,0.18098902284029172,0.6260699402181416,5.754682799138593
1776514837.647773,0.4607183102237909,-0.43677216159636445,0.47284387591328775,1.3378927827653198,1.0475664138793945,2.147033486181007,1.371822463851248,1.3235381841659546,1.2547193765640259,1.0475664138793945,0.24637767342838462,0.6339746348152953,5.751596812552139
1776514837.698149,0.4607183102237909,-0.43677216159636445,0.5545458507941723,1.5,1.0475664138793945,2.147033486181007,1.371822463851248,1.3235381841659546,1.2547193765640259,1.0475664138793945,0.24637767342838462,0.6339746348152953,5.751596812552139
1776514837.7478642,0.45281718399889026,-0.5380123420220655,0.5499194540091595,1.4834946102608773,1.0475664138793945,2.147033486181007,1.371822463851248,1.3235381841659546,1.2547193765640259,1.0475664138793945,0.25438067725939245,0.6434692008797921,5.748594122040464
1776514837.797709,0.4488904099144949,-0.606373124801115,0.5444668386032164,1.5,1.0443137884140015,2.138306198353904,1.3726464224948856,1.2868943214416504,1.252773404121399,1.0443137884140015,0.26369319192844987,0.6547671379735281,5.74564901625554
1776514837.8498724,0.4464201535138576,-0.552513222438,0.5387703154866471,1.5,1.0443137884140015,2.138306198353904,1.3726464224948856,1.2868943214416504,1.252773404121399,1.0443137884140015,0.28226194808290317,0.6774699719090316,5.740353475365808
1776514837.89678,0.44309849931009165,-0.5271845615460969,0.5335460046194553,1.5,1.0354399681091309,2.131964443129152,1.374569479543545,1.243759274482727,1.2722364664077759,1.0354399681091309,0.29074734134665453,0.6880618891551965,5.737905283736115
1776514837.9467294,0.437584622746782,-0.5033429246054706,0.5284952669323372,1.5,1.0354399681091309,2.131964443129152,1.374569479543545,1.243759274482727,1.2722364664077759,1.0354399681091309,0.298703727453827,0.6981322739523421,5.735587248555229
1776514837.9964116,0.4287094061113867,-0.47730189880079216,0.5237209500905312,1.5,1.0354399681091309,2.131964443129152,1.374569479543545,1.243759274482727,1.2722364664077759,1.0354399681091309,0.30618578562545784,0.7077435689720813,5.733401378309342
1776514838.0470834,0.4287094061113867,-0.47730189880079216,0.5191921175645654,1.5,1.0231127738952637,2.1266506806663843,1.3731139156811518,1.2331453561782837,1.2819985151290894,1.0231127738952637,0.30618578562545784,0.7077435689720813,5.733401378309342
1776514838.1001098,0.4188267705109919,-0.4447879950232381,0.5191921175645654,1.5,1.0231127738952637,2.1266506806663843,1.3731139156811518,1.2331453561782837,1.2819985151290894,1.0231127738952637,0.31311174289097843,0.7167729788484393,5.7313523192096465
1776514838.147754,0.4150649411781332,-0.41020022993717914,0.5149631844115252,1.5,1.0231127738952637,2.1266506806663843,1.3731139156811518,1.2331453561782837,1.2819985151290894,1.0231127738952637,0.3194549614957546,0.725166496989144,5.729419568769403
1776514838.1966283,0.4113478482248849,-0.39470904568833476,0.5110557571021422,1.5,1.0211102962493896,2.1230599035497733,1.3719913669442565,1.1954423189163208,1.2775682210922241,1.0211102962493896,0.32540412601824265,0.7331526477528675,5.727578247372815
1776514838.2548897,0.4122931161290918,-0.3710764307965211,0.507359465428202,1.5,1.0211102962493896,2.1230599035497733,1.3719913669442565,1.1954423189163208,1.2775682210922241,1.0211102962493896,0.33093228698263066,0.7406820321429098,5.725816665923144
1776514838.2967727,0.4125396732956721,-0.352023176753317,0.5038947169438075,1.5,1.0211102962493896,2.1230599035497733,1.3719913669442565,1.1954423189163208,1.2775682210922241,1.0211102962493896,0.40413448677480657,0.74786158588462,5.724123451924396
1776514838.3467479,0.4116112715583376,-0.3316988985151376,0.48875686528505513,1.5,1.0201495885849,2.1194953704519914,1.3691830370709053,1.1761831045150757,1.3035367727279663,1.0201495885849,0.4094373608256349,0.7546081145034512,5.722498991310402
1776514838.3988526,0.4120353421056617,-0.3036329341825919,0.48553151301097364,1.5,1.0201495885849,2.1194953704519914,1.3691830370709053,1.1761831045150757,1.3035367727279663,1.0201495885849,0.4143046350852176,0.7608871396188298,5.7209418280426
1776514838.4539669,0.40642801551652025,-0.28804326848320655,0.48254683286525285,1.5,1.0072311162948608,2.1175104141455905,1.3693144902592291,1.1641803979873657,1.3043251037597656,1.0072311162948608,0.41886069137821935,0.7668489481921731,5.719451298595136
1776514838.4995797,0.3981838955501145,-0.26116788439632393,0.47972940027888034,1.5,1.0072311162948608,2.1175104141455905,1.3693144902592291,1.1641803979873657,1.3043251037597656,1.0072311162948608,0.4228982626907596,0.7722096626499745,5.718037217164564
1776514838.5488331,0.38949640965041027,-0.22722881449320073,0.47721093225993577,1.5,1.0072311162948608,2.1175104141455905,1.3693144902592291,1.1641803979873657,1.3043251037597656,1.0072311162948608,0.42652574135470644,0.7770894914836055,5.716707232702478
1776514838.5973132,0.36807346888437187,-0.18900846019610268,0.4749304555632045,1.5,0.9963163137435913,2.115901857476671,1.3690585838481693,1.1489626169204712,1.316279649734497,0.9963163137435913,0.4294537578086805,0.781077598454529,5.715474713172672
1776514838.6495092,0.3517560477911354,-0.1553182906641715,0.47307592546494437,1.5,0.9963163137435913,2.115901857476671,1.3690585838481693,1.1489626169204712,1.316279649734497,0.9963163137435913,0.4319601467380575,0.784533600150123,5.714341107183743
1776514838.69904,0.34226185566521444,-0.1169027812546861,0.47025707287317897,1.5,0.993151068687439,2.1137527112162413,1.368428152602171,1.1365219354629517,1.3365252017974854,0.993151068687439,0.4338580536888885,0.7871810628472183,5.713276267895332
1776514838.7488482,0.3483792751218941,-0.031584735130284855,0.4693372837578089,1.5,0.993151068687439,2.1137527112162413,1.368428152602171,1.1365219354629517,1.3365252017974854,0.993151068687439,0.43617244963179025,0.7904508758283912,5.711248093953233
1776514838.7970283,0.4200642612885459,0.19017213103963507,0.4687582974608393,1.5,0.9819657802581787,2.11161026725275,1.368722414897843,1.1230798959732056,1.3396648168563843,0.9819657802581787,0.43556314778892935,0.7895092008030516,5.7101936970845415
1776514838.8498962,0.5691575460930417,0.2525418144263824,0.46917551053233536,1.5,0.9819657802581787,2.11161026725275,1.368722414897843,1.1230798959732056,1.3396648168563843,0.9819657802581787,0.4327095700014604,0.7853293425039588,5.708748142877692
1776514838.896919,0.5691575460930417,0.2525418144263824,0.47106497245852347,1.5,0.9819657802581787,2.11161026725275,1.368722414897843,1.1230798959732056,1.3396648168563843,0.9819657802581787,0.4327095700014604,0.7853293425039588,5.708748142877692
1776514838.951732,0.5815962360300557,0.2568757790623933,0.47106497245852347,1.5,0.9833786487579346,2.1121516371633473,1.3710471202065584,1.1342357397079468,1.3492145538330078,0.9833786487579346,0.499552720427033,0.7802367592919583,5.706953370710629
1776514838.997733,0.5804364306728246,0.2758496658845943,0.12,1.5,0.9833786487579346,2.1121516371633473,1.3710471202065584,1.1342357397079468,1.3492145538330078,0.9833786487579346,0.4956522916710391,0.7749627376026159,5.705169450426605
1776514839.0487282,0.5688794811230392,0.31582431727468685,0.12,1.5,0.9833786487579346,2.1121516371633473,1.3710471202065584,1.1342357397079468,1.3492145538330078,0.9833786487579346,0.4914265491091632,0.7691762013898462,5.703376565538665
1776514839.096404,0.5688794811230392,0.31582431727468685,0.12,1.5,0.9815465211868286,2.1083067142775938,1.3664185954180212,1.122077226638794,1.367661476135254,0.9815465211868286,0.4914265491091632,0.7691762013898462,5.703376565538665
1776514839.1507735,0.5443067760327168,0.29538914397607186,0.12,1.5,0.9815465211868286,2.1083067142775938,1.3664185954180212,1.122077226638794,1.367661476135254,0.9815465211868286,0.4870747140423003,0.7631531063574946,5.701594683913428
1776514839.2042434,0.5178525318277862,0.2854892923677281,0.12,1.5,0.9815465211868286,2.1083067142775938,1.3664185954180212,1.122077226638794,1.367661476135254,0.9815465211868286,0.48292564747740335,0.7573391468999073,5.699850482672389
1776514839.2502253,0.48767377301763254,0.30284149503845426,0.4662477757037204,1.5,0.9740954041481018,2.1054550377336727,1.3637516867517119,1.1305944919586182,1.3769338130950928,0.9740954041481018,0.4788363449412974,0.7515475226884885,5.698162685668467
1776514839.2987242,0.45797035658541047,0.3576088952484064,0.4688999347220163,1.5,0.9740954041481018,2.1054550377336727,1.3637516867517119,1.1305944919586182,1.3769338130950928,0.9740954041481018,0.4742367192008744,0.7449716473606086,5.696534427497834
1776514839.346814,0.4331087333232662,0.4510521022263944,0.47190028550040924,1.5,0.9740954041481018,2.1054550377336727,1.3637516867517119,1.1305944919586182,1.3769338130950928,0.9740954041481018,0.4686420225538086,0.7369072204562098,5.694951736177007
1776514839.4005556,0.41567808269353934,0.6071062266754667,0.4755681885887015,1.5,0.9548866152763367,2.104765328403759,1.363202336402332,1.1388921737670898,1.3910059928894043,0.9548866152763367,0.4613858381362927,0.7263806249059511,5.693380846544116
1776514839.4473443,0.41567808269353934,0.6071062266754667,0.48034419381598803,1.5,0.9548866152763367,2.104765328403759,1.363202336402332,1.1388921737670898,1.3910059928894043,0.9548866152763367,0.4613858381362927,0.7263806249059511,5.693380846544116
1776514839.4997296,0.4173245962907564,0.6464054322073822,0.48034419381598803,1.5,0.9548866152763367,2.104765328403759,1.363202336402332,1.1388921737670898,1.3910059928894043,0.9548866152763367,0.45254759061404076,0.7135174916295908,5.69175358106315
1776514839.5466413,0.4348496704608166,0.6807365993803921,0.4861731095089763,1.5,0.9603779315948486,2.107319168643087,1.3625473458505062,1.1408804655075073,1.3928855657577515,0.9603779315948486,0.44348631304631597,0.7002739267281358,5.689990807894418
1776514839.5966742,0.468930404581783,0.7518680618763387,0.49216474962845036,1.5,0.9603779315948486,2.107319168643087,1.3625473458505062,1.1408804655075073,1.3928855657577515,0.9603779315948486,0.43375333144994555,0.6859919317767379,5.688015595790455
1776514839.647045,0.5156325715029318,0.8660247407986746,0.4986164195771272,1.5,0.9603779315948486,2.107319168643087,1.3625473458505062,1.1408804655075073,1.3928855657577515,0.9603779315948486,0.4847029044216749,0.669615905172277,5.685695952782829
1776514839.6998117,0.513180563516777,0.9303297728547756,0.49036241463750035,1.5,0.9642227292060852,2.108254571130825,1.3582160585081682,1.1583547592163086,1.4063297510147095,0.9642227292060852,0.4710497975688992,0.65154119475509,5.68313086808918
1776514839.7508554,0.513180563516777,0.9303297728547756,0.49886391648121226,1.5,0.9642227292060852,2.108254571130825,1.3582160585081682,1.1583547592163086,1.4063297510147095,0.9642227292060852,0.4710497975688992,0.65154119475509,5.68313086808918
1776514839.8008592,0.4984721418953766,0.9720469661199229,0.5077572749200735,1.5,0.9642227292060852,2.108254571130825,1.3582160585081682,1.1583547592163086,1.4063297510147095,0.9642227292060852,0.4567867855988521,0.6326159111036276,5.680475530640165
1776514839.8500566,0.5042356819225426,0.998765554523735,0.5077572749200735,1.5,0.950131356716156,2.111981998264073,1.3511577818787257,1.1776189804077148,1.4071815013885498,0.950131356716156,0.4419371452197411,0.6128836978798339,5.677631429837559
1776514839.9007337,0.5076581668259358,1.02770191169242,0.5170244039982718,1.5,0.950131356716156,2.111981998264073,1.3511577818787257,1.1776189804077148,1.4071815013885498,0.950131356716156,0.4266032961718754,0.5924696003510174,5.674604150395947
1776514839.9487243,0.5150510879554748,1.023416298541594,0.5266044812664026,1.4623778511447387,0.950131356716156,2.111981998264073,1.3511577818787257,1.1776189804077148,1.4071815013885498,0.950131356716156,0.4115678014308034,0.5724279924376053,5.671359894267836
1776514839.9998467,0.49154623898900796,0.961987448421425,0.5360050761569081,1.4242631053612607,0.9791338443756104,2.122295441338577,1.342552350710563,1.1982157230377197,1.4083774089813232,0.9791338443756104,0.3969923333652716,0.5529240028372167,5.668065353307137
1776514840.049153,0.49077770096574785,0.8408535460253773,0.545139211197531,1.3675601627969876,0.9791338443756104,2.122295441338577,1.342552350710563,1.1982157230377197,1.4083774089813232,0.9791338443756104,0.3842298051821206,0.5357977822343158,5.664632580667954
1776514840.107345,0.49077770096574785,0.8408535460253773,0.5531507100684973,1.3381661952207375,0.9791338443756104,2.122295441338577,1.342552350710563,1.1982157230377197,1.4083774089813232,0.9791338443756104,0.3842298051821206,0.5357977822343158,5.664632580667954
1776514840.1476576,0.5126143991165395,0.8389693468607587,0.5531507100684973,1.4425673710371592,0.9684193730354309,2.148629939964146,1.3589599986518444,1.2569646835327148,1.418226957321167,0.9684193730354309,0.37211438128065544,0.5194746553207843,5.660995450463697
1776514840.2017589,0.5407796490693219,0.9046638796331439,0.5607742724274554,1.2844111440876733,0.9684193730354309,2.148629939964146,1.3589599986518444,1.2569646835327148,1.418226957321167,0.9684193730354309,0.3601045058253057,0.5031799214674968,5.657018833571036
1776514840.248864,0.5616455377094848,0.8853402891288806,0.5683632865211239,1.2658247697549065,0.9684193730354309,2.148629939964146,1.3589599986518444,1.2569646835327148,1.418226957321167,0.9684193730354309,0.34741027731969465,0.48586477811036,5.652688764364503
1776514840.2971153,0.5554967159462897,0.9246919093513192,0.5764104722445362,1.2007010090364574,0.9759646654129028,2.2321049230281784,1.5953909738665555,1.2840523719787598,1.4176104068756104,0.9759646654129028,0.3792064474271021,0.4676352786491411,5.648182596276083
1776514840.3467193,0.5573686011262772,0.9644052702886078,0.5735020972266108,1.3648685482618448,0.9759646654129028,2.2321049230281784,1.5953909738665555,1.2840523719787598,1.4176104068756104,0.9759646654129028,0.36428975417350545,0.4492682968302839,5.643501709909199
1776514840.3994138,0.5702675216347708,0.9552127478273625,0.5824038588357973,1.162243287954352,0.9759646654129028,2.2321049230281784,1.5953909738665555,1.2840523719787598,1.4176104068756104,0.9759646654129028,0.34884665767550016,0.4301711245931048,5.63857777957907
1776514840.446632,0.5819416895362804,0.9579721900819617,0.5916427273797046,1.1058206900020489,0.9878641366958618,2.3206173969462003,1.7907660864940682,1.3472131490707397,1.424780249595642,0.9878641366958618,0.33380857362415495,0.41145225901370486,5.633394069743755
1776514840.496743,0.5819416895362804,0.9579721900819617,0.6006736069228756,1.0512026567625055,0.9878641366958618,2.3206173969462003,1.7907660864940682,1.3472131490707397,1.424780249595642,0.9878641366958618,0.33380857362415495,0.41145225901370486,5.633394069743755
1776514840.5466294,0.5853737270926845,0.9100459095845655,0.6006736069228756,1.171007960440711,0.9878641366958618,2.3206173969462003,1.7907660864940682,1.3472131490707397,1.424780249595642,0.9878641366958618,0.31908350850833034,0.39299840838930056,5.627958222347963
1776514840.5992498,0.5853737270926845,0.9100459095845655,0.6095514015068967,1.0004693958843225,1.0030049085617065,2.398666420873947,1.9391427213230992,1.3986623287200928,1.4145781993865967,1.0030049085617065,0.30484896736703926,0.37502814827799513,5.622334467096728
1776514840.6470253,0.5801144195204319,0.8374045868205766,0.6264176262653263,0.8232197460000559,1.0030049085617065,2.398666420873947,1.9391427213230992,1.3986623287200928,1.4145781993865967,1.0030049085617065,0.27845463301283546,0.3413282970941718,5.610716580315106
1776514840.6981952,0.5801144195204319,0.8374045868205766,0.6342575092943974,0.8702176666492754,1.004482388496399,2.4624313410512833,2.0373527500013946,1.4476522207260132,1.426387071609497,1.004482388496399,0.27845463301283546,0.3413282970941718,5.610716580315106
1776514840.746848,0.5851159557958293,0.8155226637448328,0.6418558590801198,0.8503245598249604,1.004482388496399,2.4624313410512833,2.0373527500013946,1.4476522207260132,1.426387071609497,1.004482388496399,0.26607651673556143,0.3253316382232816,5.604659528554196
1776514840.7969127,0.5875638374912094,0.7896519640333194,0.6418558590801198,0.935680805256459,1.004482388496399,2.4624313410512833,2.0373527500013946,1.4476522207260132,1.426387071609497,1.004482388496399,0.25416317515769327,0.30978809177999533,5.598420557986212
1776514840.851887,0.5874720071465317,0.764586037537953,0.6492102141618626,0.7809721060563699,1.004482388496399,2.4624313410512833,2.0373527500013946,1.4476522207260132,1.426387071609497,1.004482388496399,0.27179728428250627,0.2947412180344695,5.592037986418426
1776514840.897324,0.5874720071465317,0.764586037537953,0.648979543311157,0.8974810520532557,1.0183815956115723,2.526633629304849,2.1348438031395127,1.4800392389297485,1.4282065629959106,1.0183815956115723,0.27179728428250627,0.2947412180344695,5.592037986418426
1776514840.953855,0.5912586467283283,0.7436062413351374,0.648979543311157,0.8949740382219602,1.0183815956115723,2.526633629304849,2.1348438031395127,1.4800392389297485,1.4282065629959106,1.0183815956115723,0.2594421287470507,0.28014656179046105,5.585502291396868
1776514840.99728,0.6033916816639882,0.7422306083636216,0.6561795462544142,0.7685248792660179,1.0235631465911865,2.5763606255413976,2.195725231074923,1.5379291772842407,1.4267860651016235,1.0235631465911865,0.24734557244441716,0.2657131187698134,5.578762409109915
1776514841.053904,0.6297647901337717,0.7586562095623874,0.6632692424884592,0.7213824635059806,1.0235631465911865,2.5763606255413976,2.195725231074923,1.5379291772842407,1.4267860651016235,1.0235631465911865,0.23532147974642498,0.251202661206269,5.571702767659241
1776514841.108175,0.6443872083515693,0.7815921436189622,0.6703622419661457,0.6839682753184544,1.0235631465911865,2.5763606255413976,2.195725231074923,1.5379291772842407,1.4267860651016235,1.0235631465911865,0.22307071742180098,0.23624407138068726,5.564231024883263
1776514841.1468785,0.6443872083515693,0.7815921436189622,0.6776378392231138,0.6372533432508419,1.0235631465911865,2.5763606255413976,2.195725231074923,1.5379291772842407,1.4267860651016235,1.0235631465911865,0.22307071742180098,0.23624407138068726,5.564231024883263
1776514841.1998599,0.6496824383363122,0.8002689709526722,0.6776378392231138,0.7312123472964931,1.0366288423538208,2.6325702942928486,2.259653551452756,1.577425241470337,1.4246368408203125,1.0366288423538208,0.2105817099316931,0.22081260496255362,5.556526549618987
1776514841.248732,0.6450769706804668,0.8082587272320912,0.6851058797076983,0.594487925990196,1.0366288423538208,2.6325702942928486,2.259653551452756,1.577425241470337,1.4246368408203125,1.0366288423538208,0.1980639355165661,0.20507140167983895,5.548741420007881
1776514841.2968042,0.6370243699313312,0.7988720816210751,0.6926678957794705,0.5467036454241427,1.0366288423538208,2.6325702942928486,2.259653551452756,1.577425241470337,1.4246368408203125,1.0366288423538208,0.18591908176597285,0.1897113570047182,5.540864211917437
1776514841.3469422,0.6370243699313312,0.7988720816210751,0.7000292114336538,0.514192903946983,1.0459033250808716,2.6819510747722517,2.3112103965828132,1.6425782442092896,1.4250788688659668,1.0459033250808716,0.18591908176597285,0.1897113570047182,5.540864211917437
1776514841.3969984,0.6432885046287452,0.7999942690627945,0.7000292114336538,0.60326164895055,1.0459033250808716,2.6819510747722517,2.3112103965828132,1.6425782442092896,1.4250788688659668,1.0459033250808716,0.19115469103090693,0.17420501104968444,5.532841059760349
1776514841.4489794,0.6503764915091357,0.8197193369059604,0.7030516147662998,0.5474844047390549,1.0459033250808716,2.6819510747722517,2.3112103965828132,1.6425782442092896,1.4250788688659668,1.0459033250808716,0.1774593149032003,0.1584376505569698,5.524582903011797
1776514841.5037456,0.66279785157492,0.845689367144915,0.7109177104884421,0.44330666465078056,1.0715192556381226,2.718511614173127,2.3253864265445348,1.7273283004760742,1.4220962524414062,1.0715192556381226,0.1635533918325435,0.1422391088762438,5.516074823170995
1776514841.5487916,0.6643385004889397,0.869593101344298,0.7189575947728508,0.38817084572879135,1.0715192556381226,2.718511614173127,2.3253864265445348,1.7273283004760742,1.4220962524414062,1.0715192556381226,0.14938247683371933,0.12552432799061175,5.5073075584890185
1776514841.596759,0.6686956960345671,0.9273383150168388,0.7357636354224297,0.1778550189537829,1.074080467224121,2.747433490051813,2.3160049772794418,1.7960456609725952,1.4207462072372437,1.074080467224121,0.12005786845955682,0.09026009464324791,5.489135828786832
1776514841.6479182,0.66343536005981,0.9437684521113957,0.7444725906480824,0.23876488644109728,1.074080467224121,2.747433490051813,2.3160049772794418,1.7960456609725952,1.4207462072372437,1.074080467224121,0.10521373117168994,0.07203255022334476,5.479912274673037
1776514841.6977365,0.6744671365512346,0.9778046869080024,0.7533170256821977,0.1859697216731441,1.074080467224121,2.747433490051813,2.3160049772794418,1.7960456609725952,1.4207462072372437,1.074080467224121,0.0901878779216761,0.053330560532496296,5.470419709624898
1776514841.7467606,0.6744671365512346,0.9778046869080024,0.7623400978146386,0.13544101560761868,1.0956100225448608,2.76891089919317,2.2894961957190816,1.9163665771484375,1.4166789054870605,1.0956100225448608,0.0901878779216761,0.053330560532496296,5.470419709624898
1776514841.7984147,0.6489532074421327,0.999562235601419,0.7707931890172236,0.08830934182205784,1.0956100225448608,2.76891089919317,2.2894961957190816,1.9163665771484375,1.4166789054870605,1.0956100225448608,0.07821249384919424,0.03391879475992665,5.460720078912602
1776514841.8769393,0.6489532074421327,0.999562235601419,0.7805262587618976,0.019392063152654543,1.0956100225448608,2.76891089919317,2.2894961957190816,1.9163665771484375,1.4166789054870605,1.0956100225448608,0.061127628563922703,0.014534210142835402,5.451010746184683
1776514841.8996794,0.6429599320918686,0.9820342104154353,0.7901585113938333,-0.0008246127138785281,1.123390555381775,2.7889288050724774,2.2572541284443264,1.9360761642456055,1.409299612045288,1.123390555381775,0.04436576651156699,-0.004781016266957705,5.4414746500302495
1776514841.9471369,0.6592329929920904,1.013309932398111,0.7901585113938333,0.08823707774952415,1.123390555381775,2.7889288050724774,2.2572541284443264,1.9360761642456055,1.409299612045288,1.123390555381775,0.027694059859110047,-0.024249149695086958,5.431669832196393
1776514842.0007496,0.6857440059240719,1.0872182507078172,0.7998108588301287,-0.08858127648365727,1.123390555381775,2.7889288050724774,2.2572541284443264,1.9360761642456055,1.409299612045288,1.123390555381775,0.010419859495931452,-0.04473034306471879,5.421360371583418
1776514842.0471487,0.6836945638306502,1.119021829502406,0.7901013085348535,-0.1576456177028117,1.1347187757492065,2.807357577236574,2.222113784905627,1.8533731698989868,1.39139723777771,1.1347187757492065,-0.007907202132013916,-0.06694154395484997,5.410761586997949
1776514842.096747,0.6836945638306502,1.119021829502406,0.7792637527553745,-0.21526083321402048,1.1347187757492065,2.807357577236574,2.222113784905627,1.8533731698989868,1.39139723777771,1.1347187757492065,-0.007907202132013916,-0.06694154395484997,5.410761586997949
1776514842.1478493,0.6874337684587908,1.1163332192369548,0.7792637527553745,-0.08686222253182835,1.1347187757492065,2.807357577236574,2.222113784905627,1.8533731698989868,1.39139723777771,1.1347187757492065,-0.02564084418889747,-0.08862791297779515,5.399939933808123
1776514842.198551,0.7075386968932756,1.1731349131477256,0.7687226916306152,-0.27975404277978594,1.1347187757492065,2.807357577236574,2.222113784905627,1.8533731698989868,1.39139723777771,1.1347187757492065,-0.054216897410443866,-0.11052217711187895,5.388636562083745
1776514842.2466226,0.7075386968932756,1.1731349131477256,0.7553911322612421,-0.40219183419537236,1.1530537605285645,2.8255849148144225,2.1900344148965942,1.7646644115447998,1.3843250274658203,1.1530537605285645,-0.054216897410443866,-0.11052217711187895,5.388636562083745
1776514842.2968292,0.7074031825366397,1.177630829191862,0.7553911322612421,-0.22412972224978234,1.1530537605285645,2.8255849148144225,2.1900344148965942,1.7646644115447998,1.3843250274658203,1.1530537605285645,-0.07466746963919454,-0.1336642068680547,5.377118827293595
1776514842.346892,0.7221762892637492,1.152981419778948,0.7437578197278677,-0.43624343368221696,1.1530537605285645,2.8255849148144225,2.1900344148965942,1.7646644115447998,1.3843250274658203,1.1530537605285645,-0.09412889794137308,-0.15622193786906635,5.365441179691315
1776514842.3971686,0.7221762892637492,1.152981419778948,0.7325373751154354,-0.49783072451362786,1.1694730520248413,2.834186829978068,2.142892050688095,1.6719887256622314,1.3749302625656128,1.1694730520248413,-0.09412889794137308,-0.15622193786906635,5.365441179691315
1776514842.4468973,0.7251812479034055,1.1884912896372986,0.7228685072401749,-0.5438823395603418,1.1694730520248413,2.834186829978068,2.142892050688095,1.6719887256622314,1.3749302625656128,1.1694730520248413,-0.11013037087928984,-0.17635228320801444,5.35420339044825
1776514842.4968698,0.7114248897306698,1.2054541105649932,0.7228685072401749,-0.4119899331922001,1.1694730520248413,2.834186829978068,2.142892050688095,1.6719887256622314,1.3749302625656128,1.1694730520248413,-0.12918677455749614,-0.19941743422043046,5.34215354479457
1776514842.5467434,0.6944053262519353,1.3518980069016717,0.7116080512297905,-0.6322889102722592,1.2019579410552979,2.849532028792855,2.105100100740155,1.5859776735305786,1.3591314554214478,1.2019579410552979,-0.14964619561927783,-0.2246440415218418,5.330170231721221
1776514842.6007302,0.6944053262519353,1.3518980069016717,0.6993888270778263,-0.7014505267918728,1.2019579410552979,2.849532028792855,2.105100100740155,1.5859776735305786,1.3591314554214478,1.2019579410552979,-0.14964619561927783,-0.2246440415218418,5.330170231721221
1776514842.6469579,0.6660515471119011,1.2037087115257694,0.6993888270778263,-0.5482426626857357,1.2019579410552979,2.849532028792855,2.105100100740155,1.5859776735305786,1.3591314554214478,1.2019579410552979,-0.16944166475796857,-0.2493401399921762,5.318363028715879
1776514842.7005038,0.6486216289740926,1.054198530904362,0.6874854612831827,-0.7815890025550258,1.2019579410552979,2.849532028792855,2.105100100740155,1.5859776735305786,1.3591314554214478,1.2019579410552979,-0.21374184690624415,-0.271581254352937,5.306736910434993
1776514842.749869,0.6411741320793064,0.8062117753703734,0.6700943033608042,-0.8964814426158899,1.226169228553772,2.855229764266989,2.065462857042944,1.5261485576629639,1.3437473773956299,1.226169228553772,-0.22943154871946914,-0.2897192200097285,5.295187220756477
1776514842.7967124,0.615035718375455,0.5820631729647471,0.6610618681199698,-0.9297642308539213,1.226169228553772,2.855229764266989,2.065462857042944,1.5261485576629639,1.3437473773956299,1.226169228553772,-0.24106112424302553,-0.30342481002800303,5.283826516521027
1776514842.8467486,0.5825517392375832,0.3763281008425624,0.6542936498829168,-0.8936592338667676,1.2403405904769897,2.8463662632299065,2.0239906305862543,1.4820163249969482,1.3256090879440308,1.2403405904769897,-0.2487964119546376,-0.31270354027339753,5.27299852990248
1776514842.8991835,0.5825517392375832,0.3763281008425624,0.64974631291088,-0.8958185999856255,1.2403405904769897,2.8463662632299065,2.0239906305862543,1.4820163249969482,1.3256090879440308,1.2403405904769897,-0.2487964119546376,-0.31270354027339753,5.27299852990248
1776514842.9467611,0.6103905977192707,0.6033929233520815,0.64974631291088,-0.8378229094370078,1.2403405904769897,2.8463662632299065,2.0239906305862543,1.4820163249969482,1.3256090879440308,1.2403405904769897,-0.25651342836156443,-0.3221115329587272,5.262271907817166
1776514842.9966366,0.6576856091152071,0.8604416028841521,0.6451673868244422,-0.9255716259880463,1.2403405904769897,2.8463662632299065,2.0239906305862543,1.4820163249969482,1.3256090879440308,1.2403405904769897,-0.26856374643038256,-0.3371083445018441,5.25067846101307
1776514843.048529,0.6576856091152071,0.8604416028841521,0.6379315994390273,-1.005076904223964,1.2403405904769897,2.8463662632299065,2.0239906305862543,1.4820163249969482,1.3256090879440308,1.2403405904769897,-0.26856374643038256,-0.3371083445018441,5.25067846101307
1776514843.0967143,0.7193302683101953,1.0475841299161537,0.6379315994390273,-0.9086954512196633,1.2664971351623535,2.83726669978919,1.9821956759149268,1.4465718269348145,1.3189133405685425,1.2664971351623535,-0.2835803734555789,-0.3561995581230619,5.237942808496402
1776514843.1517758,0.7193302683101953,1.0475841299161537,0.6288018696147368,-1.0816526604988053,1.2664971351623535,2.83726669978919,1.9821956759149268,1.4465718269348145,1.3189133405685425,1.2664971351623535,-0.2835803734555789,-0.3561995581230619,5.237942808496402
1776514843.1997528,0.7423204163571275,1.05916925751828,0.6288018696147368,-0.9634100229100202,1.2664971351623535,2.83726669978919,1.9821956759149268,1.4465718269348145,1.3189133405685425,1.2664971351623535,-0.2999394833956831,-0.37757948194439694,5.22428194971875
1776514843.248878,0.7426859946564188,1.030477627831466,0.6186929952398568,-1.161839094988168,1.291792869567871,2.8341694237676403,1.9367297585542111,1.392069935798645,1.291792869567871,1.2938766479492188,-0.3544523807795546,-0.39866785817141115,5.21045716576717
1776514843.2997403,0.7565720281619119,0.978196929423679,0.5990509997555572,-1.359006178776864,1.291792869567871,2.8341694237676403,1.9367297585542111,1.392069935798645,1.291792869567871,1.2938766479492188,-0.3708868300050622,-0.4188302377273214,5.196372685625402
1776514843.3467221,0.7817654357081361,0.9386992011212846,0.5892640522750744,-1.336052252678292,1.291792869567871,2.8341694237676403,1.9367297585542111,1.392069935798645,1.291792869567871,1.2938766479492188,-0.38620393972631134,-0.43815442141290806,5.1818203327057475
1776514843.3969252,0.7817654357081361,0.9386992011212846,0.5799933691933553,-1.3611873822109066,1.2636810541152954,2.828547437140282,1.8964555389984976,1.3450942039489746,1.2636810541152954,1.3234076499938965,-0.38620393972631134,-0.43815442141290806,5.1818203327057475
1776514843.4478266,0.8136742103057495,0.9015021750887533,0.5799933691933553,-1.2495979312988639,1.2636810541152954,2.828547437140282,1.8964555389984976,1.3450942039489746,1.2636810541152954,1.3234076499938965,-0.4005292662153872,-0.45676795282399363,5.166615645360191
1776514843.4967248,0.789159350372172,0.8335262687061371,0.5711715981230042,-1.4179343915175613,1.2636810541152954,2.828547437140282,1.8964555389984976,1.3450942039489746,1.2636810541152954,1.3234076499938965,-0.4136695593751805,-0.4743824521393223,5.15126434150688
1776514843.5483515,0.793730201299135,0.7869751613404969,0.5629281844384443,-1.4566204458613736,1.2488577365875244,2.8140212934839846,1.846460815408696,1.2916233539581299,1.2488577365875244,1.3540019989013672,-0.4253472302185644,-0.4905206114180203,5.136008381030699
1776514843.60176,0.7825132083765394,0.7283329634098501,0.5554667267878761,-1.4914412333506888,1.2488577365875244,2.8140212934839846,1.846460815408696,1.2916233539581299,1.2488577365875244,1.3540019989013672,-0.43618409336797215,-0.5059807564226473,5.120842750931507
1776514843.6473968,0.7762072168242836,0.7238853229014272,0.5484069966729298,-1.5,1.2488577365875244,2.8140212934839846,1.846460815408696,1.2916233539581299,1.2488577365875244,1.3540019989013672,-0.44611717714374893,-0.5206132395794754,5.10579307396672
1776514843.6966648,0.768594916454947,0.6793239172327397,0.5418067642775223,-1.5,1.2204031944274902,2.801899129323227,1.8081470923049614,1.26492178440094,1.2204031944274902,1.3927559852600098,-0.5065206987004645,-0.481062131780017,5.090802462800711
1776514843.7470763,0.7603011858631262,0.670903680513606,0.5311886563061833,-1.5,1.2204031944274902,2.801899129323227,1.8081470923049614,1.26492178440094,1.2204031944274902,1.3927559852600098,-0.5164072196357737,-0.4947750957401926,5.075956252751066
1776514843.7969637,0.7537560263481335,0.6312701489800072,0.5249338171060122,-1.5,1.2204031944274902,2.801899129323227,1.8081470923049614,1.26492178440094,1.2204031944274902,1.3927559852600098,-0.5256932500764204,-0.5080648980351199,5.0611374877896695
1776514843.8472176,0.7537560263481335,0.6312701489800072,0.518945539627004,-1.5,1.2043354511260986,2.7788754722566984,1.7605253286401366,1.2356818914413452,1.2043354511260986,1.437462568283081,-0.5256932500764204,-0.5080648980351199,5.0611374877896695
1776514843.9087665,0.7215495757105568,0.5469971314010259,0.5133876215252738,-1.5,1.2043354511260986,2.7788754722566984,1.7605253286401366,1.2356818914413452,1.2043354511260986,1.437462568283081,-0.5417474815656602,-0.5321504862252955,5.032294420523044
1776514843.9467244,0.7215495757105568,0.5469971314010259,0.5082857618078949,-1.5,1.2043354511260986,2.7788754722566984,1.7605253286401366,1.2356818914413452,1.2043354511260986,1.437462568283081,-0.5417474815656602,-0.5321504862252955,5.032294420523044
1776514843.9969041,0.709595263414006,0.5275679568453874,0.5082857618078949,-1.5,1.1684175729751587,2.759057412866527,1.7214964395811536,1.1910203695297241,1.1684175729751587,1.4685410261154175,-0.548875479470248,-0.5433885696944862,5.01823712654215
1776514844.046866,0.709595263414006,0.5275679568453874,0.5034023309928447,-1.5,1.1684175729751587,2.759057412866527,1.7214964395811536,1.1910203695297241,1.1684175729751587,1.4685410261154175,-0.548875479470248,-0.5433885696944862,5.01823712654215
1776514844.1008637,0.7050945890523411,0.5049958978866878,0.5034023309928447,-1.5,1.1684175729751587,2.759057412866527,1.7214964395811536,1.1910203695297241,1.1684175729751587,1.4685410261154175,-0.5553884757770756,-0.5539786441096688,5.004334191169216
1776514844.146843,0.7000271676769128,0.4813207985692621,0.4988512742654967,-1.5,1.156088948249817,2.7418472366571205,1.6889404275464743,1.162558674812317,1.156088948249817,1.5064797401428223,-0.5613557350161397,-0.5640023935480738,4.990502678626492
1776514844.1971233,0.6930288118469367,0.4583839735058118,0.49459275074852205,-1.5,1.156088948249817,2.7418472366571205,1.6889404275464743,1.162558674812317,1.156088948249817,1.5064797401428223,-0.5668168082315593,-0.573489670713107,4.976768715128491
1776514844.2527294,0.6860156894390119,0.43000960091547646,0.49060865537068693,-1.5,1.156088948249817,2.7418472366571205,1.6889404275464743,1.162558674812317,1.156088948249817,1.5064797401428223,-0.6297601337568309,-0.23741189432534626,4.965956220089214
1776514844.2969022,0.6840389261424938,0.393702011312275,0.4682525393976252,-0.31453988993833126,1.156088948249817,2.7418472366571205,1.6889404275464743,1.162558674812317,1.156088948249817,1.5064797401428223,-0.6414831217049949,-0.24214817842581238,4.957359351842905
1776514844.3469338,0.6962335071184832,0.4005061209996578,0.46476576424210936,-1.3927605236027594,1.1242047548294067,2.7118696526837063,1.6452850996213964,1.1316628456115723,1.1242047548294067,1.536756992340088,-0.6485200156437405,-0.24927441587211807,4.945065307592314
1776514844.3980873,0.6885501206639748,0.36410742369080373,0.46169582703722584,-1.4108460389309314,1.1242047548294067,2.7118696526837063,1.6452850996213964,1.1316628456115723,1.1242047548294067,1.536756992340088,-0.653279682522673,-0.25723065031019243,4.931394770545627
1776514844.4487355,0.6885501206639748,0.36410742369080373,0.45890404482754055,-1.4260143633022588,1.0921661853790283,2.6917050111966483,1.6118115067796739,1.1076602935791016,1.0921661853790283,1.576534390449524,-0.653279682522673,-0.25723065031019243,4.931394770545627
1776514844.499697,0.6665933858254182,0.364496178383533,0.45890404482754055,-1.3840361792387175,1.0921661853790283,2.6917050111966483,1.6118115067796739,1.1076602935791016,1.0921661853790283,1.576534390449524,-0.6577705592408871,-0.26501879874581946,4.9179828010601305
1776514844.5468698,0.6563165251200286,0.35479484694449187,0.45620577804714163,-1.4443369009463454,1.0921661853790283,2.6917050111966483,1.6118115067796739,1.1076602935791016,1.0921661853790283,1.576534390449524,-0.6618849884097409,-0.272391286988549,4.904855222252083
1776514844.6021178,0.6447225645201696,0.364743297199473,0.45367959522059503,-1.461554610976131,1.0768029689788818,2.67418131852569,1.5903863651413659,1.0848379135131836,1.0768029689788818,1.6022109985351562,-0.6660896819306664,-0.28015942881312017,4.8919055995836285
1776514844.647551,0.6298053477633214,0.37387778330382654,0.45104463916589144,-1.481461352396218,1.0768029689788818,2.67418131852569,1.5903863651413659,1.0848379135131836,1.0768029689788818,1.6022109985351562,-0.6700147094462024,-0.2876400170889182,4.879264632135211
1776514844.6968787,0.6248934867830885,0.34831992158971364,0.44853268023887394,-1.496648884320111,1.0523502826690674,2.6509092965686243,1.5621187814931965,1.0620629787445068,1.0523502826690674,1.633865475654602,-0.673721357961578,-0.29493723719594667,4.866850332135482
1776514844.7470164,0.6337268236177316,0.34105041396441504,0.4461073740571846,-1.5,1.0523502826690674,2.6509092965686243,1.5621187814931965,1.0620629787445068,1.0523502826690674,1.633865475654602,-0.6771925999471852,-0.3020187256483904,4.854304056732948
1776514844.798752,0.6324606786048205,0.32561883335013375,0.44377959774123177,-1.5,1.0523502826690674,2.6509092965686243,1.5621187814931965,1.0620629787445068,1.0523502826690674,1.633865475654602,-0.6804149202509556,-0.30883284588697024,4.841682541040397
1776514844.8467386,0.6287853273027757,0.3079647081311108,0.4415639033501528,-1.5,1.031607985496521,2.6322063454646516,1.5418090400666382,1.039602279663086,1.031607985496521,1.6626336574554443,-0.6833660639774591,-0.31530477479387486,4.829128349271192
1776514844.8967528,0.6276782009704549,0.29977939376177304,0.439481925606373,-1.5,1.031607985496521,2.6322063454646516,1.5418090400666382,1.039602279663086,1.031607985496521,1.6626336574554443,-0.6860609196966558,-0.3214248681290097,4.8166106475375665
1776514844.946707,0.6276512025236667,0.29814176357565236,0.4375328079315967,-1.5,1.0100177526474,2.605514313422564,1.516400331161584,1.0180292129516602,1.0100177526474,1.6968697309494019,-0.6885779513437624,-0.32736983674972175,4.804100249388742
1776514845.0014877,0.6273148189071862,0.284632059899649,0.5180316873561148,-1.5,1.0100177526474,2.605514313422564,1.516400331161584,1.0180292129516602,1.0100177526474,1.6968697309494019,-0.7236497284582484,-0.33320758341594403,4.791577754757346
1776514845.0473473,0.661271508159082,0.26977276794128485,0.5180316873561148,-1.5,1.0100177526474,2.605514313422564,1.516400331161584,1.0180292129516602,1.0100177526474,1.6968697309494019,-0.7290230720480224,-0.344538605065132,4.765967136736959
1776514845.0970407,0.661271508159082,0.26977276794128485,0.5135593983703786,-1.5,0.9761068820953369,2.5828133619680766,1.4980897874616343,0.988638162612915,0.9761068820953369,1.7290995121002197,-0.7290230720480224,-0.344538605065132,4.765967136736959
1776514845.1511614,0.6723920092155008,0.22310658304324585,0.5135593983703786,-1.5,0.9761068820953369,2.5828133619680766,1.4980897874616343,0.988638162612915,0.9761068820953369,1.7290995121002197,-0.7312443174072628,-0.3494812228908526,4.752506110697466
1776514845.196865,0.6808367103746864,0.20648243085598608,0.5116391038195478,-1.5,0.9761068820953369,2.5828133619680766,1.4980897874616343,0.988638162612915,0.9761068820953369,1.7290995121002197,-0.7331460575927239,-0.35388611258363656,4.738882605852247
1776514845.24772,0.6582801050011202,0.1735462354553933,0.5099471074117882,-1.5,0.9601125121116638,2.5583908438792835,1.4811026568186314,0.9608542919158936,0.9601125121116638,1.755198359489441,-0.7348030772016316,-0.3578655751702715,4.725515606173006
1776514845.2988493,0.6551295571408084,0.17731737185547106,0.5084337243813203,-1.5,0.9601125121116638,2.5583908438792835,1.4811026568186314,0.9608542919158936,0.9601125121116638,1.755198359489441,-0.7363032588180947,-0.36160731257944057,4.712428351409596
1776514845.3467553,0.6652123988915087,0.17127402062331545,0.5070251508269357,-1.5,0.9601125121116638,2.5583908438792835,1.4811026568186314,0.9608542919158936,0.9601125121116638,1.755198359489441,-0.7376927483843021,-0.36522225888037796,4.699267776306643
1776514845.4008408,0.6807296568316695,0.17347185335455206,0.50567921020978,-1.5,0.9381387233734131,2.524992052324385,1.4616651866337123,0.9381387233734131,0.9383382201194763,1.7929030656814575,-0.7389994930020781,-0.36877307536113135,4.685787667088861
1776514845.4477112,0.6807296568316695,0.17347185335455206,0.504371610614078,-1.5,0.9381387233734131,2.524992052324385,1.4616651866337123,0.9381387233734131,0.9383382201194763,1.7929030656814575,-0.7389994930020781,-0.36877307536113135,4.685787667088861
1776514845.4970396,0.6773509391780054,0.16754977686997813,0.5031231626209043,-1.5,0.9080392122268677,2.5031082532011064,1.4523690022166713,0.9083284139633179,0.9080392122268677,1.8136576414108276,-0.7402049904426692,-0.3722011851441287,4.672240688592813
1776514845.5467541,0.6762617329685928,0.15952392368932503,0.5031231626209043,-1.5,0.9080392122268677,2.5031082532011064,1.4523690022166713,0.9083284139633179,0.9080392122268677,1.8136576414108276,-0.7413124691333866,-0.3754957695401895,4.658720035922959
1776514845.602864,0.6735363088141217,0.14970297905155955,0.5019360552339672,-1.5,0.9080392122268677,2.5031082532011064,1.4523690022166713,0.9083284139633179,0.9080392122268677,1.8136576414108276,-0.7427282237317216,-0.37865225728605956,4.645659717955234
1776514845.6468303,0.6713575831972175,0.14260819432394514,0.50071039896761,-1.5,0.9080392122268677,2.5031082532011064,1.4523690022166713,0.9083284139633179,0.9080392122268677,1.8136576414108276,-0.7518799934579866,-0.3816488906216964,4.64075053117919
1776514845.700724,0.6713575831972175,0.14260819432394514,0.4976029493878887,-1.5,0.8802108764648438,2.475085531639678,1.440783961914424,0.8802108764648438,0.8872194290161133,1.8470463752746582,-0.7518799934579866,-0.3816488906216964,4.64075053117919
1776514845.7483294,0.6689920544227765,0.13299557539524928,0.49525295355819254,-1.5,0.8802108764648438,2.475085531639678,1.440783961914424,0.8802108764648438,0.8872194290161133,1.8470463752746582,-0.7581093369071892,-0.3845375620606666,4.632906800314198
1776514845.7998433,0.665330230031749,0.1264673787523179,0.49525295355819254,-1.5,0.8802108764648438,2.475085531639678,1.440783961914424,0.8802108764648438,0.8872194290161133,1.8470463752746582,-0.7589046764818483,-0.3873142160003489,4.619590720041917
1776514845.847627,0.665330230031749,0.1264673787523179,0.4942868337724821,-1.5,0.8802108764648438,2.475085531639678,1.440783961914424,0.8802108764648438,0.8872194290161133,1.8470463752746582,-0.7589046764818483,-0.3873142160003489,4.619590720041917
1776514845.8968575,0.663138107171946,0.12276625931643312,0.4942868337724821,-1.5,0.8597232103347778,2.452538583865329,1.4356410624868776,0.8625123500823975,0.8597232103347778,1.8665406703948975,-0.7596288158832529,-0.38999184251677277,4.606330961215778
1776514845.9527411,0.663138107171946,0.12276625931643312,0.493365834469024,-1.5,0.8597232103347778,2.452538583865329,1.4356410624868776,0.8625123500823975,0.8597232103347778,1.8665406703948975,-0.7596288158832529,-0.38999184251677277,4.606330961215778
1776514845.9977722,0.6597518884840514,0.11792212086218877,0.493365834469024,-1.5,0.8597232103347778,2.452538583865329,1.4356410624868776,0.8625123500823975,0.8597232103347778,1.8665406703948975,-0.7602856718404583,-0.3925624558096994,4.593118983235317
1776514846.0467505,0.6495268984542285,0.1274269294249296,0.49249118962434746,-1.5,0.8359249234199524,2.4230863408949728,1.4251565191645377,0.8359249234199524,0.8455686569213867,1.90155029296875,-0.7993804288131979,-0.3950863777116791,4.580039474099683
1776514846.0967467,0.6495268984542285,0.1274269294249296,0.48793194617980407,-1.5,0.8359249234199524,2.4230863408949728,1.4251565191645377,0.8359249234199524,0.8455686569213867,1.90155029296875,-0.7993804288131979,-0.3950863777116791,4.580039474099683
1776514846.147922,0.642714425689528,0.11274205256960176,0.48705277980027284,-1.5,0.8359249234199524,2.4230863408949728,1.4251565191645377,0.8359249234199524,0.8455686569213867,1.90155029296875,-0.8001589377135435,-0.3975255996282654,4.567189898518131
1776514846.1968741,0.6501172345319528,0.10556063446967859,0.4862263723906155,-1.5,0.8035814762115479,2.3967383918003504,1.41969608516717,0.8083757162094116,0.8035814762115479,1.9278523921966553,-0.8008643265098884,-0.39984220474604526,4.554265147760912
1776514846.2538598,0.6485319087731474,0.10072083474334836,0.4862263723906155,-1.5,0.8035814762115479,2.3967383918003504,1.41969608516717,0.8083757162094116,0.8035814762115479,1.9278523921966553,-0.8015012370349559,-0.40203886980943326,4.541314030502943
1776514846.2968497,0.6454525194506071,0.09346249707257932,0.48471619282024786,-1.5,0.8035814762115479,2.3967383918003504,1.41969608516717,0.8083757162094116,0.8035814762115479,1.9278523921966553,-0.8020796285128787,-0.4041419314089525,4.528393827442186
1776514846.346741,0.6328511361746061,0.09307506040616126,0.4840323582594973,-1.5,0.7853562235832214,2.3693868889508702,1.4145584458495941,0.7853562235832214,0.7960049510002136,1.964756727218628,-0.802597643685256,-0.406117984042208,4.515659280251087
1776514846.3978522,0.636541222572282,0.10060442641937413,0.4840323582594973,-1.5,0.7853562235832214,2.3693868889508702,1.4145584458495941,0.7853562235832214,0.7960049510002136,1.964756727218628,-0.8031285604363497,-0.4082224494498463,4.503082878519807
1776514846.4466665,0.6476463608111994,0.10663651467982334,0.48330931692408297,-1.5,0.7469448447227478,2.340693680419622,1.409079362521221,0.7469448447227478,0.7597673535346985,1.9891897439956665,-0.8036658941451443,-0.41056151413863584,4.4901999889105
1776514846.4973755,0.6476307113837299,0.09247126842457454,0.48251897071660566,-1.5,0.7469448447227478,2.340693680419622,1.409079362521221,0.7469448447227478,0.7597673535346985,1.9891897439956665,-0.804547996424726,-0.41481569505411975,4.464325969471142
1776514846.5491533,0.6461620780109115,0.08810309311614681,0.48110551028581555,-1.5,0.7469448447227478,2.340693680419622,1.409079362521221,0.7469448447227478,0.7597673535346985,1.9891897439956665,-0.8049134797681716,-0.416764497981742,4.451429775124912
1776514846.5990765,0.6426508008746045,0.0848282635029027,0.48046774366353295,-1.5,0.7417199611663818,2.3139396045739513,1.4069592449480988,0.7417199611663818,0.7418877482414246,2.021989107131958,-0.805236817217438,-0.4186315694311784,4.438585948390053
1776514846.6466572,0.6332073925724248,0.07915321428030898,0.4798634826204756,-1.5,0.7417199611663818,2.3139396045739513,1.4069592449480988,0.7417199611663818,0.7418877482414246,2.021989107131958,-0.8055240674279724,-0.42042249842621593,4.425855063260083
1776514846.6967454,0.6332073925724248,0.07915321428030898,0.47928963544881054,-1.5,0.7130081057548523,2.2900555332869317,1.4082896382876455,0.7130081057548523,0.716739296913147,2.054046630859375,-0.8055240674279724,-0.42042249842621593,4.425855063260083
1776514846.752759,0.6195859869911113,0.07547813864363885,0.4787146374042083,-1.5,0.7130081057548523,2.2900555332869317,1.4082896382876455,0.7130081057548523,0.716739296913147,2.054046630859375,-0.8057798505337714,-0.4222458580760049,4.41338858055172
1776514846.8044944,0.6268778447581764,0.07397952643825256,0.4787146374042083,-1.5,0.7130081057548523,2.2900555332869317,1.4082896382876455,0.7130081057548523,0.716739296913147,2.054046630859375,-0.8059892174568823,-0.4238376197228748,4.400985828077623
1776514846.849873,0.6348911720657141,0.0684987708241181,0.47770580882680963,-1.5,0.682211697101593,2.2579643643089846,1.4048755588555082,0.682211697101593,0.6859923601150513,2.0716707706451416,-0.8061814956631562,-0.42548733666455374,4.388386216968599
1776514846.896856,0.636730440274967,0.06889073997526088,0.47770580882680963,-1.5,0.682211697101593,2.2579643643089846,1.4048755588555082,0.682211697101593,0.6859923601150513,2.0716707706451416,-0.8063409040327186,-0.4270421927524011,4.375689617045967
1776514846.9467647,0.6366122321372797,0.06695436140154544,0.4772302782130826,-1.5,0.682211697101593,2.2579643643089846,1.4048755588555082,0.682211697101593,0.6859923601150513,2.0716707706451416,-0.806474908196319,-0.4285270643091812,4.363006360329951
1776514846.9982355,0.6354444380451915,0.059662402950829856,0.476780745127957,-1.5,0.6621397733688354,2.2273120592855724,1.4027827395423416,0.6621397733688354,0.664691150188446,2.106757879257202,-0.806581703869022,-0.42996208794069424,4.350313891253449
1776514847.0494895,0.6349475441183845,0.06113009117906235,0.4763520260016121,-1.5,0.6621397733688354,2.2273120592855724,1.4027827395423416,0.6621397733688354,0.664691150188446,2.106757879257202,-0.8066645059219468,-0.43135062602195906,4.337634049811475
1776514847.0970292,0.6348091038522914,0.05871914472559805,0.4759423692215209,-1.5,0.6369048953056335,2.198766317277127,1.402367990498908,0.6369048953056335,0.651332676410675,2.1301987171173096,-0.8067251533763762,-0.4326586246071964,4.324972801309208
1776514847.146772,0.6338976384689073,0.05348394910057731,0.4755608464591382,-1.5,0.6369048953056335,2.198766317277127,1.402367990498908,0.6369048953056335,0.651332676410675,2.1301987171173096,-0.8067650336212684,-0.43392579212542626,4.312329178047228
1776514847.201357,0.5956032270650747,-0.07203890642602345,0.4751959897323211,-1.5,0.6369048953056335,2.198766317277127,1.402367990498908,0.6369048953056335,0.651332676410675,2.1301987171173096,-0.8069132359161724,-0.4328346317524583,4.300217610562913
1776514847.2478654,0.5956032270650747,-0.07203890642602345,0.47546416765843635,-1.5,0.6369048953056335,2.198766317277127,1.402367990498908,0.6369048953056335,0.651332676410675,2.1301987171173096,-0.8069132359161724,-0.4328346317524583,4.300217610562913
1776514847.2997572,0.5956032270650747,-0.07203890642602345,0.47546416765843635,-1.5,0.6369048953056335,2.198766317277127,1.402367990498908,0.6369048953056335,0.651332676410675,2.1301987171173096,-0.8069132359161724,-0.4328346317524583,4.300217610562913
1776514847.3466702,0.5216744519164396,-0.540996224359423,0.47546416765843635,-1.5,0.6050106883049011,2.1685379055999805,1.4033288623391225,0.6050106883049011,0.6272480487823486,2.1581034660339355,-0.8067777831918177,-0.42410468383457967,4.290324879714757
1776514847.3978837,0.5216744519164396,-0.540996224359423,0.47794268716197963,-1.5,0.6050106883049011,2.1685379055999805,1.4033288623391225,0.6050106883049011,0.6272480487823486,2.1581034660339355,-0.8067777831918177,-0.42410468383457967,4.290324879714757
1776514847.4468477,0.42942330614199414,-0.8387462684727817,0.47794268716197963,-1.5,0.6050106883049011,2.1685379055999805,1.4033288623391225,0.6050106883049011,0.6272480487823486,2.1581034660339355,-0.8063398886302406,-0.40858138025849144,4.281591350920928
1776514847.4978137,0.3968854752970594,-0.6022342028809862,0.48239956159280184,-1.5,0.6020052433013916,2.1402902737687186,1.395580627153795,0.6028451919555664,0.6020052433013916,2.1491599082946777,-0.8059659547118145,-0.3928497612447688,4.273491064827282
1776514847.5484254,0.3680772563393355,-0.16253030965216345,0.48689864626408746,-1.5,0.6020052433013916,2.1402902737687186,1.395580627153795,0.6028451919555664,0.6020052433013916,2.1491599082946777,-0.8058906432119435,-0.38509698425173666,4.265885918778661
1776514847.6010783,0.3328128771747705,0.14254422283162477,0.4890884023201039,-1.5,0.6020052433013916,2.1402902737687186,1.395580627153795,0.6028451919555664,0.6020052433013916,2.1491599082946777,-0.8061561830003205,-0.3857694540211447,4.258915961181384
1776514847.6467023,0.3328128771747705,0.14254422283162477,0.4888331947579987,-1.5,0.5837987661361694,2.120934919611819,1.3950723274724008,0.5837987661361694,0.5910899639129639,2.169168472290039,-0.8061561830003205,-0.3857694540211447,4.258915961181384
1776514847.6998255,0.29638736637351104,0.2604474051061767,0.4873968547425818,-1.5,0.5837987661361694,2.120934919611819,1.3950723274724008,0.5837987661361694,0.5910899639129639,2.169168472290039,-0.8065197400240248,-0.3905720384691571,4.252709609502966
1776514847.749833,0.24530454586021203,0.11603741879880584,0.4873968547425818,-1.5,0.5837987661361694,2.120934919611819,1.3950723274724008,0.5837987661361694,0.5910899639129639,2.169168472290039,-0.8072431626317074,-0.394883194063141,4.24738397787046
1776514847.7968335,0.22867190706442758,0.09805940882978639,0.48600742867913027,-1.5,0.5837987661361694,2.120934919611819,1.3950723274724008,0.5837987661361694,0.5910899639129639,2.169168472290039,-0.8080432997383972,-0.3970223711444023,4.2427091423272385
1776514847.8466816,0.20777362637956787,0.20268419402492865,0.48520682454549124,-1.5,0.5749839544296265,2.1094201128864376,1.397208505869201,0.5755754113197327,0.5749839544296265,2.183450222015381,-0.8085779922086923,-0.39985822617208533,4.238377252323689
1776514847.897716,0.20777362637956787,0.20268419402492865,0.4842780426352257,-1.5,0.5749839544296265,2.1094201128864376,1.397208505869201,0.5755754113197327,0.5749839544296265,2.183450222015381,-0.8085779922086923,-0.39985822617208533,4.238377252323689
1776514847.94712,0.15775123236668168,-0.06864648192331763,0.4836676668909952,-1.5,0.5749839544296265,2.1094201128864376,1.397208505869201,0.5755754113197327,0.5749839544296265,2.183450222015381,-0.8072961869323227,-0.4013804477689733,4.228379158365474
1776514847.997122,0.15775123236668168,-0.06864648192331763,0.4841748355177422,-1.5,0.5708919167518616,2.098283966088273,1.3971968513597428,0.5708919167518616,0.573735237121582,2.184396266937256,-0.8072961869323227,-0.4013804477689733,4.228379158365474
1776514848.048076,0.19293452079706166,-0.18406859136782455,0.4841748355177422,-1.5,0.5708919167518616,2.098283966088273,1.3971968513597428,0.5708919167518616,0.573735237121582,2.184396266937256,-0.8021829821288149,-0.4005050241433248,4.218856810873016
1776514848.0968766,0.34577565805852745,-0.6239845614210542,0.48570848174340786,-1.5,0.5708919167518616,2.098283966088273,1.3971968513597428,0.5708919167518616,0.573735237121582,2.184396266937256,-0.8361346607181966,-0.3903335280761382,4.207807378901213
1776514848.1467507,0.34577565805852745,-0.6239845614210542,0.4800006776376957,-1.5,0.5605821013450623,2.0798596115601935,1.3931788001393555,0.5605821013450623,0.5636841654777527,2.202199935913086,-0.8361346607181966,-0.3903335280761382,4.207807378901213
1776514848.197545,0.4845059879386341,-0.9236305132595578,0.48564748739398533,-1.5,0.5605821013450623,2.0798596115601935,1.3931788001393555,0.5605821013450623,0.5636841654777527,2.202199935913086,-0.8346366099614662,-0.37151459605616144,4.198400998258415
1776514848.2469344,0.4234049460814046,-1.004780029240919,0.48564748739398533,-1.5,0.5605821013450623,2.0798596115601935,1.3931788001393555,0.5605821013450623,0.5636841654777527,2.202199935913086,-0.8335697585101118,-0.3524035024892085,4.1895321520506625
1776514848.2968574,0.4234049460814046,-1.004780029240919,0.49126744015847346,-1.5,0.5605821013450623,2.0798596115601935,1.3931788001393555,0.5605821013450623,0.5636841654777527,2.202199935913086,-0.8335697585101118,-0.3524035024892085,4.1895321520506625
1776514848.3487923,0.3336278666854997,-0.7922169136791278,0.49126744015847346,-1.5,0.5478143095970154,2.0476970029141923,1.3821209814633162,0.5499156713485718,0.5478143095970154,2.188296318054199,-0.8000707352410852,-0.33536804337048776,4.181911392048505
1776514848.3977218,0.25405690533802566,-0.7451624754739412,0.49618519670886335,-1.5,0.5478143095970154,2.0476970029141923,1.3821209814633162,0.5499156713485718,0.5478143095970154,2.188296318054199,-0.8016458573471194,-0.3196258773136156,4.175701710225348
1776514848.4507344,0.25405690533802566,-0.7451624754739412,0.5005716849891092,-1.5,0.5478143095970154,2.0476970029141923,1.3821209814633162,0.5499156713485718,0.5478143095970154,2.188296318054199,-0.8016458573471194,-0.3196258773136156,4.175701710225348
1776514848.4999056,0.21403464984229506,-0.6278828798117072,0.5005716849891092,-1.5,0.5478143095970154,2.0476970029141923,1.3821209814633162,0.5499156713485718,0.5478143095970154,2.188296318054199,-0.8035610224754481,-0.305160966396133,4.170759470635919
1776514848.552896,0.16929823611298198,-0.5938288176289787,0.5044861074348069,-1.5,0.5370671153068542,2.023504798055026,1.3714875354390135,0.5468098521232605,0.5370671153068542,2.2013025283813477,-0.8053189460795831,-0.2929136785602162,4.166733984515327
1776514848.6024601,0.11267890155889516,-0.5256918015074445,0.5077672830072066,-1.5,0.5370671153068542,2.023504798055026,1.3714875354390135,0.5468098521232605,0.5370671153068542,2.2013025283813477,-0.8070300269212323,-0.28185317502770535,4.163681175195924
1776514848.6467333,0.06426287854233688,-0.484941457997399,0.5107003230811208,-1.5,0.5367494821548462,2.0081391935542596,1.3639859771740652,0.54117351770401,0.5367494821548462,2.2017362117767334,-0.8085670642831757,-0.27172078425457724,4.161685502742738
1776514848.696739,0.06094835198410884,-0.42365389234355816,0.5133956748454248,-1.5,0.5367494821548462,2.0081391935542596,1.3639859771740652,0.54117351770401,0.5367494821548462,2.2017362117767334,-0.809735539473087,-0.2630263723709769,4.160376519246024
1776514848.750443,0.06094835198410884,-0.42365389234355816,0.5157469671501391,-1.5,0.5367494821548462,2.0081391935542596,1.3639859771740652,0.54117351770401,0.5367494821548462,2.2017362117767334,-0.809735539473087,-0.2630263723709769,4.160376519246024
1776514848.85098,0.030168736041828507,-0.29314461033251016,0.5157469671501391,-1.5,0.534869909286499,1.9969093386052825,1.3557219506161309,0.5386239290237427,0.534869909286499,2.2046313285827637,-0.8104783159687072,-0.25599871244719785,4.159687687490231
1776514848.9209247,0.09512617426610455,-0.49595334094492916,0.517698698244987,-1.5,0.534869909286499,1.9969093386052825,1.3557219506161309,0.5386239290237427,0.534869909286499,2.2046313285827637,-0.8105396782621456,-0.24968642410685038,4.158674948082231
1776514848.9501748,0.3318954614311165,-1.1402503269749609,0.5196046869608351,-1.5,0.534869909286499,1.9969093386052825,1.3557219506161309,0.5386239290237427,0.534869909286499,2.2046313285827637,-0.8103251861474263,-0.23249246318376415,4.154362683129585
1776514849.0011811,0.43245678137178595,-1.3126392866456524,0.5248937978408875,-1.5,0.534869909286499,1.9969093386052825,1.3557219506161309,0.5386239290237427,0.534869909286499,2.2046313285827637,-0.8089561666910847,-0.205235357498877,4.145891501717325
1776514849.0482147,0.43245678137178595,-1.3126392866456524,0.5335412507699371,-1.4493246594509186,0.5272411704063416,1.9686307772015335,1.3360139885852325,0.5461034774780273,0.5272411704063416,2.1960299015045166,-0.8089561666910847,-0.205235357498877,4.145891501717325
1776514849.1021576,0.3819427452586175,-1.3113368618716028,0.5335412507699371,-1.5,0.5272411704063416,1.9686307772015335,1.3360139885852325,0.5461034774780273,0.5272411704063416,2.1960299015045166,-0.8075333139366414,-0.17854638283072632,4.137460099960198
1776514849.1472683,0.34091412484169886,-1.231076420432298,0.5420329184969772,-1.404681968859004,0.5272411704063416,1.9686307772015335,1.3360139885852325,0.5461034774780273,0.5272411704063416,2.1960299015045166,-0.8064608454602438,-0.1535847551148255,4.130218234702074
1776514849.1988356,0.27307837911369415,-1.106739589206398,0.5499127977208451,-1.347488627324392,0.5178127288818359,1.9295302084151735,1.3008211958377092,0.5400060415267944,0.5178127288818359,2.1993765830993652,-0.805721542106488,-0.13012524045656737,4.123959019473165
1776514849.2474697,0.27307837911369415,-1.106739589206398,0.5572529929430589,-1.3330997769153656,0.5178127288818359,1.9295302084151735,1.3008211958377092,0.5400060415267944,0.5178127288818359,2.1993765830993652,-0.805721542106488,-0.13012524045656737,4.123959019473165
1776514849.3002245,0.24310850231084738,-0.9448052346018523,0.5572529929430589,-1.4191257546110922,0.5178127288818359,1.9295302084151735,1.3008211958377092,0.5400060415267944,0.5178127288818359,2.1993765830993652,-0.8054709266710125,-0.10901592727062215,4.118473211846422
1776514849.3469732,0.24310850231084738,-0.9448052346018523,0.5637549011407735,-1.2990279034725638,0.5178127288818359,1.9295302084151735,1.3008211958377092,0.5400060415267944,0.5178127288818359,2.1993765830993652,-0.8054709266710125,-0.10901592727062215,4.118473211846422
1776514849.3987236,0.19938189680471752,-0.8187615728432642,0.5637549011407735,-1.3819719934812944,0.5184409618377686,1.89762979916794,1.2691612784451276,0.5488150715827942,0.5184409618377686,2.2108635902404785,-0.805419425889599,-0.09096494267388588,4.113743750354449
1776514849.4474568,0.19278915270958186,-0.6403471710564719,0.5692747605673295,-1.2801476789262225,0.5184409618377686,1.89762979916794,1.2691612784451276,0.5488150715827942,0.5184409618377686,2.2108635902404785,-0.8054930730804624,-0.07658183258879281,4.109472916909174
1776514849.4967608,0.1954509730290493,-0.4020874450614717,0.5736446516819459,-1.270577078959257,0.5184409618377686,1.89762979916794,1.2691612784451276,0.5488150715827942,0.5184409618377686,2.2108635902404785,-0.8052854547709956,-0.06561222728372385,4.105406994024185
1776514849.5474284,0.18610467293257765,-0.283383573788947,0.5770441947281378,-1.2626032567261638,0.5203790664672852,1.8793795845444614,1.251039303407064,0.5521667003631592,0.5203790664672852,2.2221944332122803,-0.8049424961098438,-0.05828786408888598,4.101543404401199
1776514849.600118,0.1883141684633164,-0.20772521476848224,0.5793656611187766,-1.2649904809684376,0.5203790664672852,1.8793795845444614,1.251039303407064,0.5521667003631592,0.5203790664672852,2.2221944332122803,-0.8045907456728403,-0.05351819994792062,4.097813981177944
1776514849.6485107,0.1883141684633164,-0.20772521476848224,0.5809098156163595,-1.2634063735907262,0.5203790664672852,1.8793795845444614,1.251039303407064,0.5521667003631592,0.5203790664672852,2.2221944332122803,-0.8045907456728403,-0.05351819994792062,4.097813981177944
1776514849.6973891,0.1630826295016975,-0.01601064857462925,0.5809098156163595,-1.28394391076366,0.5123361945152283,1.8679932847164165,1.242400971745141,0.5474516749382019,0.5123361945152283,2.228750705718994,-0.804493079615391,-0.051806794292849956,4.094359163727879
1776514849.7470257,0.13308529099020008,-0.07775607732219529,0.5814566885928146,-1.2735915597200562,0.5123361945152283,1.8679932847164165,1.242400971745141,0.5474516749382019,0.5123361945152283,2.228750705718994,-0.80454786354044,-0.05161336296942598,4.091480682866621
1776514849.7989333,0.10267077269326594,-0.0197278287655588,0.5815019117589336,-1.2799742434909138,0.5123361945152283,1.8679932847164165,1.242400971745141,0.5474516749382019,0.5123361945152283,2.228750705718994,-0.8043289509109226,-0.05064461590737168,4.089293844436376
1776514849.8467925,0.06992943942411375,-0.03724156673544363,0.5818527073961811,-1.2740080028283969,0.5082604885101318,1.8612142700932843,1.2385752007808006,0.5422709584236145,0.5082604885101318,2.2284836769104004,-0.8040279420629987,-0.049903919704511024,4.087730594891911
1776514849.8987105,0.0376099579397678,0.008069879774568566,0.5821545984882016,-1.272935600167696,0.5082604885101318,1.8612142700932843,1.2385752007808006,0.5422709584236145,0.5082604885101318,2.2284836769104004,-0.8036877056824461,-0.04944298979798334,4.086789264089807
1776514849.9527283,0.0376099579397678,0.008069879774568566,0.5823809995146104,-1.2728916213741939,0.5082604885101318,1.8612142700932843,1.2385752007808006,0.5422709584236145,0.5082604885101318,2.2284836769104004,-0.8036877056824461,-0.04944298979798334,4.086789264089807
1776514850.0027122,-0.005279714519029576,0.17252302891926025,0.5823809995146104,-1.275537145630798,0.5082604885101318,1.8612142700932843,1.2385752007808006,0.5422709584236145,0.5082604885101318,2.2284836769104004,-0.8032332343004891,-0.05145555372668942,4.086706930638241
1776514850.0477307,0.0006613674322433707,0.003043131831045783,0.5818813564212286,-1.2848152735924008,0.5124814510345459,1.862267558934179,1.2389237322731872,0.5465056896209717,0.5124814510345459,2.2256970405578613,-0.8030374279006829,-0.05244545944808876,4.086760728988493
1776514850.0967693,0.0005105957830622175,-9.471679086578095e-05,0.5816286141102992,-1.2830000107788826,0.5124814510345459,1.862267558934179,1.2389237322731872,0.5465056896209717,0.5124814510345459,2.2256970405578613,-0.803036515431484,-0.052434408757650486,4.086752583708349
1776514850.1467607,0.0005105957830622175,-9.471679086578095e-05,0.5816322163399249,-1.2797725135093616,0.5124814510345459,1.862267558934179,1.2389237322731872,0.5465056896209717,0.5124814510345459,2.2256970405578613,-0.803036515431484,-0.052434408757650486,4.086752583708349
1776514850.1983867,-0.012122972844587725,0.08017506572278005,0.5816322163399249,-1.2798159066290005,0.5091224312782288,1.8619339726899753,1.238041972081937,0.5499832034111023,0.5091224312782288,2.23044753074646,-0.8029860537835906,-0.05271783497676297,4.086769633361872
1776514850.249182,0.002629322273707696,-0.002072254059559148,0.58155844087589,-1.2811935739390519,0.5091224312782288,1.8619339726899753,1.238041972081937,0.5499832034111023,0.5091224312782288,2.23044753074646,-0.8029761643785925,-0.05279171989761733,4.086750955695883
1776514850.297845,0.00014080045452141105,0.0010411487520907688,0.5815383859219002,-1.2805865259394957,0.5070829391479492,1.8617538317941495,1.2382830716715325,0.5406913757324219,0.5070829391479492,2.2250678539276123,-0.8029779435883766,-0.05282423932965341,4.086754216387595
1776514850.34678,4.818053191450905e-05,0.0005417038088855709,0.5815280137743011,-1.2805589091156506,0.5070829391479492,1.8617538317941495,1.2382830716715325,0.5406913757324219,0.5070829391479492,2.2250678539276123,-0.8029797208244746,-0.052865794443979874,4.0867728179510925
1776514850.3977225,4.818053191450905e-05,0.0005417038088855709,0.5815148847537287,-1.2806559148612897,0.5070829391479492,1.8617538317941495,1.2382830716715325,0.5406913757324219,0.5070829391479492,2.2250678539276123,-0.8029797208244746,-0.052865794443979874,4.0867728179510925
1776514850.4508517,0.011076317309284113,0.00791043330272094,0.5815148847537287,-1.2804863728358362,0.5083402395248413,1.8617670833237407,1.2378303993144562,0.5424542427062988,0.5083402395248413,2.2296974658966064,-0.8029575240622239,-0.05300266234455964,4.086653903391258
1776514850.4969292,0.05473584673752156,0.1663707146086577,0.5814637523641137,-1.281481611310511,0.5083402395248413,1.8617670833237407,1.2378303993144562,0.5424542427062988,0.5083402395248413,2.2296974658966064,-0.8036108349941559,-0.058377045205662226,4.0860054248492075
1776514850.5476646,0.08117158130182912,0.1708525659752299,0.5796740254698586,-1.3139823562937654,0.513644814491272,1.8633403817224459,1.2416103570993942,0.5357291102409363,0.513644814491272,2.2293593883514404,-0.8036108349941559,-0.058377045205662226,4.0860054248492075
1776514850.6018653,0.08117158130182912,0.1708525659752299,0.5784850933648292,-1.3126845100590043,0.513644814491272,1.8633403817224459,1.2416103570993942,0.5357291102409363,0.513644814491272,2.2293593883514404,-0.8038545191475729,-0.06207197554505428,4.084723665975287
1776514850.6467261,0.13160843087803847,0.3109461657074306,0.5784850933648292,-1.29779946648669,0.5022537112236023,1.8649067231397956,1.2489654195315465,0.5353733897209167,0.5022537112236023,2.2293739318847656,-0.8041378099303612,-0.06676137764057333,4.082699671733201
1776514850.6968894,0.19879497893977252,0.44838262194693884,0.5769827440044532,-1.326704996156041,0.5022537112236023,1.8649067231397956,1.2489654195315465,0.5353733897209167,0.5022537112236023,2.2293739318847656,-0.8044858312701941,-0.07371750867896387,4.0799075983436195
1776514850.7478364,0.19879497893977252,0.44838262194693884,0.5716989246884839,-1.4005663642159674,0.5022537112236023,1.8649067231397956,1.2489654195315465,0.5353733897209167,0.5022537112236023,2.2293739318847656,-0.804978787521498,-0.08338352198047727,4.075840548364071
1776514850.7978714,0.29631966708830826,0.6306273994701296,0.5716989246884839,-1.3365775732086635,0.49991509318351746,1.8653059330226975,1.2638447462649374,0.5260469913482666,0.49991509318351746,2.2433996200561523,-0.8059665749486944,-0.09674257805132291,4.069700846333333
1776514850.846723,0.3349430417399267,0.6322738536006838,0.567374185985629,-1.416207818256703,0.49991509318351746,1.8653059330226975,1.2638447462649374,0.5260469913482666,0.49991509318351746,2.2433996200561523,-0.7846496859537648,-0.1099243841622164,4.063496506384599
1776514850.8967154,0.3236012733792848,0.47145635654898654,0.5631957276546702,-1.4419879323353706,0.49991509318351746,1.8653059330226975,1.2638447462649374,0.5260469913482666,0.49991509318351746,2.2433996200561523,-0.7829268628405727,-0.12010389602059557,4.057376814426104
1776514850.9500694,0.3236012733792848,0.47145635654898654,0.560015131727614,-1.4422220499784155,0.4869941174983978,1.860905165092246,1.2755334672983183,0.5077747106552124,0.4869941174983978,2.256181001663208,-0.7829268628405727,-0.12010389602059557,4.057376814426104
1776514850.9967008,0.2084259703109616,-0.08675346570909019,0.5586784950444764,-1.4293113229529626,0.4869941174983978,1.860905165092246,1.2755334672983183,0.5077747106552124,0.4869941174983978,2.256181001663208,-0.7817443857867766,-0.1245803538269914,4.047047102597136
1776514851.0478253,0.14539701453773304,-0.3207823685828746,0.5587238170526921,-1.4101292207738065,0.4869941174983978,1.860905165092246,1.2755334672983183,0.5077747106552124,0.4869941174983978,2.256181001663208,-0.7817027636423765,-0.12054539001778619,4.0437953031087766
1776514851.1028595,0.14526753101427733,-0.2225397666457555,0.5601668507565508,-1.3844913496890583,0.476210355758667,1.8506639063854553,1.2670979943463014,0.5048400163650513,0.476210355758667,2.259860038757324,-0.7813028124577284,-0.11532135944488142,4.041365481017498
1776514851.1480367,0.1577172857553819,-0.4409347946395325,0.5621225603571117,-1.365596370337693,0.476210355758667,1.8506639063854553,1.2670979943463014,0.5048400163650513,0.476210355758667,2.259860038757324,-0.7815631752792097,-0.10895413261577613,4.038711470341076
1776514851.1972167,0.19021854005857625,-0.48731332716645176,0.5643181110336801,-1.3521346392684148,0.48139822483062744,1.8400600042252713,1.2543597309944141,0.5053902268409729,0.48139822483062744,2.2642087936401367,-0.7832829895344777,-0.09959265437795417,4.035328255386246
1776514851.2477567,0.2316424407102507,-0.5124701883123677,0.5672098135068485,-1.3261261575661232,0.48139822483062744,1.8400600042252713,1.2543597309944141,0.5053902268409729,0.48139822483062744,2.2642087936401367,-0.7850729753560537,-0.08965211997502975,4.031272352412156
1776514851.2987301,0.28611762567215143,-0.5360612935372593,0.5702902269695582,-1.3010659364724606,0.48139822483062744,1.8400600042252713,1.2543597309944141,0.5053902268409729,0.48139822483062744,2.2642087936401367,-0.7869343974716339,-0.079118887355486,4.0262932952189905
1776514851.3468602,0.35013068694508914,-0.5425582224813186,0.5735639296380887,-1.2885084304460388,0.48029589653015137,1.8215225253746974,1.2330227137613798,0.509525716304779,0.48029589653015137,2.271984338760376,-0.7888184855084848,-0.06829721191082228,4.02019205045245
1776514851.3972895,0.4259475841801319,-0.5225781437019338,0.57693510268014,-1.2576539604635364,0.48029589653015137,1.8215225253746974,1.2330227137613798,0.509525716304779,0.48029589653015137,2.271984338760376,-0.790666324999793,-0.05759879530839673,4.012770125901226
1776514851.4488358,0.4933925897221362,-0.43009785322159383,0.5802721991290408,-1.244511795188774,0.46555817127227783,1.7941945451316075,1.2042653634010791,0.5037669539451599,0.46555817127227783,2.2721669673919678,-0.7545836818708658,-0.3909356750966604,4.003929549792958
1776514851.4968698,0.509241906412443,-0.36167128314548347,0.5832892756093421,-1.232133859268902,0.46555817127227783,1.7941945451316075,1.2042653634010791,0.5037669539451599,0.46555817127227783,2.2721669673919678,-0.7142928551758706,-0.43719801096451905,3.9943060561362684
1776514851.5468931,0.499321996208967,-0.2730904552099793,0.585665371760396,-1.2258779931256847,0.46555817127227783,1.7941945451316075,1.2042653634010791,0.5037669539451599,0.46555817127227783,2.2721669673919678,-0.8016139147835285,-0.03395377134260524,3.9847497600689787
1776514851.5967488,0.4812409124839779,-0.12984555858170507,0.5876305604032379,-1.2198171847603487,0.46607229113578796,1.764216130359872,1.1775746383660666,0.49644437432289124,0.46607229113578796,2.282142162322998,-0.8015557938916453,-0.030055279274899815,3.975496994459217
1776514851.646786,0.4746814344782,-0.04200749939821422,0.5888349761070278,-1.2233590194933783,0.46607229113578796,1.764216130359872,1.1775746383660666,0.49644437432289124,0.46607229113578796,2.282142162322998,-0.8015340755018547,-0.02854714190656127,3.9665559565405824
1776514851.700464,0.47198569050305106,-0.04612667862625835,0.5893007162846553,-1.2301699410137077,0.454405277967453,1.7468071971416033,1.1662919274355281,0.49072936177253723,0.454405277967453,2.293942928314209,-0.8015523817041434,-0.02772521052481869,3.9576640661695537
1776514851.7477632,0.47641014968075274,-0.07888488427842444,0.5895469483460442,-1.2316531244042526,0.454405277967453,1.7468071971416033,1.1662919274355281,0.49072936177253723,0.454405277967453,2.293942928314209,-0.8015707090976198,-0.026567623780831218,3.948748816873714
1776514851.8043876,0.47641014968075274,-0.07888488427842444,0.5898956145189279,-1.227493075398962,0.454405277967453,1.7468071971416033,1.1662919274355281,0.49072936177253723,0.454405277967453,2.293942928314209,-0.8015707090976198,-0.026567623780831218,3.948748816873714
1776514851.8469017,0.500053168304198,-0.22995948577335182,0.5898956145189279,-1.2325964884632694,0.4453526735305786,1.7393782660985413,1.1680774766371256,0.4828701317310333,0.4453526735305786,2.307297468185425,-0.801642180403383,-0.023761760307289714,3.9396120791128273
1776514851.905284,0.5531370136797126,-0.5771625392893153,0.5907339307547798,-1.2171938491648189,0.4453526735305786,1.7393782660985413,1.1680774766371256,0.4828701317310333,0.4453526735305786,2.307297468185425,-0.8018582220199465,-0.01596767258946885,3.9297809931165477
1776514851.9632406,0.5852704093132682,-0.8794516592302031,0.593058204274205,-1.1827291461656402,0.4453526735305786,1.7393782660985413,1.1680774766371256,0.4828701317310333,0.4453526735305786,2.307297468185425,-0.802265432980208,-0.0010202344021656984,3.919018909233893
1776514851.9967103,0.5776596191283836,-0.9369371738973095,0.5975175275811054,-1.140207739187938,0.4321221113204956,1.7413042930956795,1.1689759818430587,0.46487924456596375,0.4321221113204956,2.3193793296813965,-0.802709754896547,0.016989822467905702,3.9082955284338734
1776514852.049836,0.5625713753806758,-0.9399148160555428,0.602902206586381,-1.0741725376663982,0.4321221113204956,1.7413042930956795,1.1689759818430587,0.46487924456596375,0.4321221113204956,2.3193793296813965,-0.8031068229775623,0.03517144819643092,3.8979179661478294
1776514852.0968394,0.5625713753806758,-0.9399148160555428,0.6083510149123555,-1.0570495275521967,0.4321221113204956,1.7413042930956795,1.1689759818430587,0.46487924456596375,0.4321221113204956,2.3193793296813965,-0.8031068229775623,0.03517144819643092,3.8979179661478294
1776514852.150513,0.5668192952926071,-1.0097779119055386,0.6083510149123555,-1.1271370576436828,0.4321221113204956,1.7413042930956795,1.1689759818430587,0.46487924456596375,0.4321221113204956,2.3193793296813965,-0.7980152748582127,0.054583803110981766,3.8875875598581544
1776514852.20039,0.5767274421099747,-0.9889366490614393,0.6141836156068053,-1.0194099725337482,0.4246673583984375,1.7511496910003463,1.1695451576722704,0.4742286205291748,0.4246673583984375,2.31791615486145,-0.7963188351323982,0.07431973446013629,3.877295079920639
1776514852.2517312,0.5858971911182039,-0.9164222410253013,0.6201371791954738,-0.9812778764128589,0.4246673583984375,1.7511496910003463,1.1695451576722704,0.4742286205291748,0.4246673583984375,2.31791615486145,-0.7853813539361093,0.09288353778101155,3.866922622770561
1776514852.3021622,0.5858971911182039,-0.9164222410253013,0.6280912893867838,-0.9162260705275463,0.4246673583984375,1.7511496910003463,1.1695451576722704,0.4742286205291748,0.4246673583984375,2.31791615486145,-0.7853813539361093,0.09288353778101155,3.866922622770561
1776514852.3489308,0.597496779671423,-0.8440712980759038,0.6336904222584603,-0.9045719707300736,0.42065343260765076,1.7594464583103575,1.165405382621465,0.48132672905921936,0.42065343260765076,2.3295726776123047,-0.7821169168537998,0.10994244752006344,3.8564738361276443
1776514852.4013004,0.6059699493903506,-0.7912492657303253,0.6336904222584603,-0.9823404442373702,0.42065343260765076,1.7594464583103575,1.165405382621465,0.48132672905921936,0.42065343260765076,2.3295726776123047,-0.7791203622546663,0.1255320275371712,3.845890993388125
1776514852.446887,0.6059699493903506,-0.7912492657303253,0.6388106364222321,-0.8877084776516624,0.42065343260765076,1.7594464583103575,1.165405382621465,0.48132672905921936,0.42065343260765076,2.3295726776123047,-0.7791203622546663,0.1255320275371712,3.845890993388125
1776514852.5058923,0.6424955942361301,-0.6384003727845342,0.6477793099976572,-0.7855789547818007,0.4155673682689667,1.7684413385159654,1.1625067503887205,0.4970315098762512,0.4155673682689667,2.334153175354004,-0.7576573609331656,0.15621688883649387,3.824572174103652
1776514852.547923,0.6485519997660106,-0.5361947681996942,0.6528110739190606,-0.8118370000526592,0.4155673682689667,1.7684413385159654,1.1625067503887205,0.4970315098762512,0.4155673682689667,2.334153175354004,-0.7544503966706424,0.16738025154717984,3.813552171999997
1776514852.5967078,0.6525952866705031,-0.5675787968499721,0.6567449704722086,-0.8024355875244326,0.4121335744857788,1.776533613124454,1.1600933760364849,0.5017721056938171,0.4121335744857788,2.3267509937286377,-0.7513406438012884,0.1783808574626533,3.802538315529335
1776514852.646979,0.6562609150122787,-0.5651028183446875,0.6606087978516183,-0.7737135165928828,0.4121335744857788,1.776533613124454,1.1600933760364849,0.5017721056938171,0.4121335744857788,2.3267509937286377,-0.7294411683911095,0.1894117381361602,3.7915501458929954
1776514852.7007468,0.6595211966643049,-0.5504367043398969,0.6692161122435654,-0.6662183463126385,0.4121335744857788,1.776533613124454,1.1600933760364849,0.5017721056938171,0.4121335744857788,2.3267509937286377,-0.7254031640637569,0.20028395873667648,3.780608322032052
1776514852.7472253,0.6595211966643049,-0.5504367043398969,0.6732779111022027,-0.7044775563770754,0.4067862033843994,1.7824737460220665,1.154757740300083,0.5040997862815857,0.4067862033843994,2.3341457843780518,-0.7254031640637569,0.20028395873667648,3.780608322032052
1776514852.7968287,0.6472970624486898,-0.5336517047960571,0.6771025975403373,-0.6849102417060163,0.4067862033843994,1.7824737460220665,1.154757740300083,0.5040997862815857,0.4067862033843994,2.3341457843780518,-0.7216334004074926,0.21055076586794752,3.769905730735908
1776514852.8469343,0.6552054857247778,-0.6596343376058178,0.6814861240272599,-0.6529086530443616,0.4067862033843994,1.7824737460220665,1.154757740300083,0.5040997862815857,0.4067862033843994,2.3341457843780518,-0.7173651934800312,0.22236483137224194,3.7591902245219493
1776514852.8967297,0.6391266298117769,-0.6896699068712759,0.6814861240272599,-0.709222148415658,0.40589481592178345,1.7955196827346809,1.1513531227344083,0.5070281624794006,0.40589481592178345,2.3392696380615234,-0.6893043704411397,0.23560511356835656,3.748745526436384
1776514852.9467878,0.626676623899225,-0.7677853077454863,0.676339180324017,-0.525476293422175,0.40589481592178345,1.7955196827346809,1.1513531227344083,0.5070281624794006,0.40589481592178345,2.3392696380615234,-0.6828349624834198,0.24998521879194313,3.7387051707730468
1776514852.9967563,0.6304191113702247,-0.8257253129005376,0.6818657677422024,-0.5310333497162439,0.40589481592178345,1.7955196827346809,1.1513531227344083,0.5070281624794006,0.40589481592178345,2.3392696380615234,-0.6758095908731422,0.26564284369660074,3.728802501477165
1776514853.0476356,0.6104135747839325,-0.8033460963419977,0.6878787114304142,-0.5030407066252248,0.4090745747089386,1.8102256487245145,1.1442164015302232,0.508745551109314,0.4090745747089386,2.3312015533447266,-0.668822049156727,0.28126588536593466,3.7192741024150147
1776514853.0968468,0.6099868960453649,-0.8680743059867082,0.6938728807536646,-0.466429728630973,0.4090745747089386,1.8102256487245145,1.1442164015302232,0.508745551109314,0.4090745747089386,2.3312015533447266,-0.6321861206332848,0.2976748879931175,3.7098924204032233
1776514853.1473258,0.6078811137320107,-0.9201624906377842,0.5801427409542486,-0.2828850612553282,0.4098895192146301,1.8316124356201025,1.1372952160029413,0.5336741209030151,0.4098895192146301,2.3252041339874268,-0.6226721258091676,0.3153003624488009,3.7006958434444295
1776514853.2007887,0.6000671220360276,-0.9706022994009965,0.5922173920765867,-0.20962012680526726,0.4098895192146301,1.8316124356201025,1.1372952160029413,0.5336741209030151,0.4098895192146301,2.3252041339874268,-0.6126455372308496,0.3339082890577143,3.6917605598984697
1776514853.2468657,0.5872102131968924,-0.9161493993663335,0.5984096149152155,-0.22381977155549004,0.4098895192146301,1.8316124356201025,1.1372952160029413,0.5336741209030151,0.4098895192146301,2.3252041339874268,-0.6026320621012697,0.3524965427986184,3.683226692621433
1776514853.299159,0.5847394638679619,-0.8025262056325458,0.6039812866799115,-0.2081934396762985,0.39867883920669556,1.8539003265278964,1.12869780647787,0.5732541680335999,0.39867883920669556,2.3153891563415527,-0.5936362994811651,0.369234776892134,3.674916612793689
1776514853.3468199,0.6166219161604097,-0.6801718147960569,0.4341752916092009,-0.24687067550929007,0.39867883920669556,1.8539003265278964,1.12869780647787,0.5732541680335999,0.39867883920669556,2.3153891563415527,-0.548268122520343,0.33756107353166476,3.6665568131729107
1776514853.3968725,0.6102008045563672,-0.6504732510313664,0.43737741545689,-0.177797450794898,0.41084712743759155,1.872569741858695,1.1205971472385539,0.5846454501152039,0.41084712743759155,2.3069872856140137,-0.5403189797088556,0.3503291612243773,3.6580740345789433
1776514853.4476721,0.5856107886891613,-0.6061668380346258,0.4405140155598542,-0.1487589297514477,0.41084712743759155,1.872569741858695,1.1205971472385539,0.5846454501152039,0.41084712743759155,2.3069872856140137,-0.5325763895321765,0.36287548411649007,3.649952323628433
1776514853.496945,0.5415532402118534,-0.49727130744731446,0.4405140155598542,-0.21830922633995006,0.41084712743759155,1.872569741858695,1.1205971472385539,0.5846454501152039,0.41084712743759155,2.3069872856140137,-0.5262313566784844,0.373190340698458,3.6425685873603317
1776514853.557277,0.5267564226720272,-0.399790010041226,0.4430897838884835,-0.13463817555395358,0.4085622727870941,1.8887193200491184,1.1127519247018984,0.6173503994941711,0.4085622727870941,2.2973878383636475,-0.48138538052664176,-1.9896846496930558,3.6287198955609496
1776514853.5990827,0.5233074251527263,-0.33380205001953694,0.08,-1.5,0.4085622727870941,1.8887193200491184,1.1127519247018984,0.6173503994941711,0.4085622727870941,2.2973878383636475,-0.47658850932444047,-1.982596084315327,3.6220131011799532
1776514853.6528993,0.5233074251527263,-0.33380205001953694,0.08,-1.5,0.41142165660858154,1.9013228448974546,1.1061994122429082,0.6319736242294312,0.41142165660858154,2.2893784046173096,-0.47658850932444047,-1.982596084315327,3.6220131011799532
1776514853.6971414,0.505422205264137,-0.28655611988199076,0.08,-1.5,0.41142165660858154,1.9013228448974546,1.1061994122429082,0.6319736242294312,0.41142165660858154,2.2893784046173096,-0.4725148022274879,-1.9765104808168041,3.6155416086550782
1776514853.7468302,0.4810873615164714,-0.2645704410629923,0.08,-1.5,0.41142165660858154,1.9013228448974546,1.1061994122429082,0.6319736242294312,0.41142165660858154,2.2893784046173096,-0.4690374755917856,-1.9712559697647236,3.6093973235435555
1776514853.796814,0.4618807292356983,-0.27255159476501256,0.08,-1.5,0.4131008982658386,1.9123539759206287,1.1004223993327553,0.6612449884414673,0.4131008982658386,2.2798736095428467,-0.4654868467252742,-1.9658366896079187,3.6035905042623595
1776514853.8475275,0.44373407113772056,-0.27962385323732336,0.09184600000000001,-1.5,0.4131008982658386,1.9123539759206287,1.1004223993327553,0.6612449884414673,0.4131008982658386,2.2798736095428467,-0.5543375112316771,-1.960187550302956,3.5980676090260904
1776514853.8967283,0.42463985749654737,-0.28679495925784354,0.09184600000000001,-1.5,0.4218110144138336,1.9236246857733554,1.096385040777125,0.7043680548667908,0.4218110144138336,2.273052453994751,-0.5509191300326508,-1.954532105720469,3.592807321501984
1776514853.9481947,0.40437285999645334,-0.28558866304009933,0.09184600000000001,-1.5,0.4218110144138336,1.9236246857733554,1.096385040777125,0.7043680548667908,0.4218110144138336,2.273052453994751,-0.5474663462165723,-1.948769712985088,3.5878158875046298
1776514854.0077784,0.38617642944150526,-0.2983413232931788,0.09184600000000001,-1.5,0.4218110144138336,1.9236246857733554,1.096385040777125,0.7043680548667908,0.4218110144138336,2.273052453994751,-0.543921260358613,-1.9428058581588137,3.5831035275640946
1776514854.0467257,0.36775104159952854,-0.3027834212017905,0.09184600000000001,-1.5,0.4202447533607483,1.935942092639886,1.0920461950546048,0.755805492401123,0.4202447533607483,2.264735698699951,-0.6337192953201615,-1.936733267116504,3.5786656785392643
1776514854.0967438,0.3491537028893831,-0.319367793084613,0.12,-1.5,0.4202447533607483,1.935942092639886,1.0920461950546048,0.755805492401123,0.4202447533607483,2.264735698699951,-0.6302945884556291,-1.9305109792370896,3.57446834394538
1776514854.1468413,0.3336256058249748,-0.3299606771381042,0.12,-1.5,0.4249265789985657,1.9456692308490746,1.0860929882173693,0.7958122491836548,0.4249265789985657,2.2506182193756104,-0.626736809287083,-1.924011795036716,3.570519259532205
1776514854.1974726,0.32180482401757354,-0.34269424438535495,0.12,-1.5,0.4249265789985657,1.9456692308490746,1.0860929882173693,0.7958122491836548,0.4249265789985657,2.2506182193756104,-0.623081429874016,-1.9173020444166522,3.5667708841114156
1776514854.2467198,0.31409765045687077,-0.3564462066667479,0.12,-1.5,0.4249265789985657,1.9456692308490746,1.0860929882173693,0.7958122491836548,0.4249265789985657,2.2506182193756104,-0.6192315053989546,-1.9101816859451042,3.5631675423958824
1776514854.2987447,0.27606110698258596,-0.3140758245413696,0.12,-1.5,0.43018585443496704,1.9592069571598276,1.0809455485589645,2.301166534423828,0.43018585443496704,2.2372987270355225,-0.615612610757376,-1.9034802897625307,3.559845359384459
1776514854.3511643,0.24136807314049144,-0.3284451525238002,0.12,-1.5,0.43018585443496704,1.9592069571598276,1.0809455485589645,2.301166534423828,0.43018585443496704,2.2372987270355225,-0.6123800437560237,-1.8974435239924672,3.5570452155574523
1776514854.3990743,0.22331055739630007,-0.3283224012220988,0.12,-1.5,0.43018585443496704,1.9592069571598276,1.0809455485589645,2.301166534423828,0.43018585443496704,2.2372987270355225,-0.6088409983015022,-1.890875385220643,3.554523999231146
1776514854.4469438,0.2160139662328618,-0.36819544018686917,0.12,-1.5,0.4346802532672882,1.97398917397672,1.0787721271208235,2.294168472290039,0.4346802532672882,2.2415292263031006,-0.6050564586159036,-1.8838384757523887,3.552163131305249
1776514854.4978187,0.21193764945195062,-0.4037028601774186,0.12,-1.5,0.4346802532672882,1.97398917397672,1.0787721271208235,2.294168472290039,0.4346802532672882,2.2415292263031006,-0.6008977931850665,-1.8761124640085145,3.5498796394199332
1776514854.5466278,0.2136144754872695,-0.3922599611075826,0.12,-1.5,0.4393448233604431,1.9847614347769307,1.0723291937273705,2.2773399353027344,0.4393448233604431,2.231621503829956,-0.5964996324442821,-1.8680054480367896,3.5476755713945938
1776514854.5967035,0.20727189731950862,-0.28529941651189694,0.12,-1.5,0.4393448233604431,1.9847614347769307,1.0723291937273705,2.2773399353027344,0.4393448233604431,2.231621503829956,-0.5922083625946288,-1.861018121929567,3.545956238322113
1776514854.6468518,0.19818709053552708,-0.16975997419540584,0.12,-1.5,0.4372079074382782,1.9974558687562969,1.068310745292204,2.2597813606262207,0.4372079074382782,2.2185802459716797,-0.6842189411317764,-1.8559876315717974,3.544970853858282
1776514854.6977499,0.18412104447814176,-0.048968821214944044,0.12,-1.5,0.4372079074382782,1.9974558687562969,1.068310745292204,2.2597813606262207,0.4372079074382782,2.2185802459716797,-0.6809174454939857,-1.8534743197108092,3.5447932427238404
1776514854.7945945,0.18412104447814176,-0.048968821214944044,0.12,-1.5,0.4372079074382782,1.9974558687562969,1.068310745292204,2.2597813606262207,0.4372079074382782,2.2185802459716797,-0.6809174454939857,-1.8534743197108092,3.5447932427238404
1776514854.8110642,0.16574054271787655,0.10247131400781921,0.12,-1.5,0.4372079074382782,1.9974558687562969,1.068310745292204,2.2597813606262207,0.4372079074382782,2.2185802459716797,-0.6782911402890329,-1.8539452502065825,3.5455039463725644
1776514854.8468664,0.16574054271787655,0.10247131400781921,0.12,-1.5,0.4372079074382782,1.9974558687562969,1.068310745292204,2.2597813606262207,0.4372079074382782,2.2185802459716797,-0.6782911402890329,-1.8539452502065825,3.5455039463725644
1776514854.899748,0.1421031303161589,0.26852904799858995,0.12,-1.5,0.4372079074382782,1.9974558687562969,1.068310745292204,2.2597813606262207,0.4372079074382782,2.2185802459716797,-0.6764380475473258,-1.857736464892044,3.547186153530048
1776514854.9468496,0.1421031303161589,0.26852904799858995,0.12,-1.5,0.4557623863220215,1.998387962800281,1.0623596600410625,2.2566027641296387,0.4557623863220215,2.2051360607147217,-0.6764380475473258,-1.857736464892044,3.547186153530048
1776514854.9999084,0.12955298911874427,0.27898778435274263,0.12,-1.5,0.4557623863220215,1.998387962800281,1.0623596600410625,2.2566027641296387,0.4557623863220215,2.2051360607147217,-0.6750353470862405,-1.863513672289351,3.5494896745676594
1776514855.050956,0.10666320039362354,0.36042003845969567,0.12,-1.5,0.4557623863220215,1.998387962800281,1.0623596600410625,2.2566027641296387,0.4557623863220215,2.2051360607147217,-0.6739403849028238,-1.8703147488178529,3.5520901530767848
1776514855.0998328,0.10023573572823194,0.39221619596271723,0.12,-1.5,0.4507085084915161,1.9953187588571288,1.0586440104792787,2.2421960830688477,0.4507085084915161,2.199493885040283,-0.6694547388358736,-1.8733594871695285,3.5560270287780535
1776514855.1468797,0.08953515533053655,0.34147033480176175,0.12,-1.5,0.4507085084915161,1.9953187588571288,1.0586440104792787,2.2421960830688477,0.4507085084915161,2.199493885040283,-0.6665094387116371,-1.8773555279497112,3.5591716757845355
1776514855.1970732,0.08185613456886869,0.3018377328112502,0.12,-1.5,0.46995148062705994,1.9898437700207645,1.0558583281261251,2.233736991882324,0.46995148062705994,2.1925535202026367,-0.6658136737424647,-1.8836336382707572,3.561397827285665
1776514855.2474794,0.07120459955363789,0.28853247144545574,0.12,-1.5,0.46995148062705994,1.9898437700207645,1.0558583281261251,2.233736991882324,0.46995148062705994,2.1925535202026367,-0.6652850472861853,-1.8896045617331787,3.5634193647740924
1776514855.296833,0.060613259164634684,0.2651151849720937,0.12,-1.5,0.4732375144958496,1.98585642078869,1.0536609841066833,2.230114698410034,0.4732375144958496,2.17264986038208,-0.6648957302090811,-1.895098851746159,3.565201222302402
1776514855.3520975,0.04888732011546674,0.2377329316431029,0.12,-1.5,0.4732375144958496,1.98585642078869,1.0536609841066833,2.230114698410034,0.4732375144958496,2.17264986038208,-0.6646729786636126,-1.9001403755831798,3.566755661288558
1776514855.398799,0.04888732011546674,0.2377329316431029,0.12,-1.5,0.4732375144958496,1.98585642078869,1.0536609841066833,2.230114698410034,0.4732375144958496,2.17264986038208,-0.6646729786636126,-1.9001403755831798,3.566755661288558
1776514855.4478714,0.04888732011546674,0.2377329316431029,0.12,-1.5,0.4732375144958496,1.98585642078869,1.0536609841066833,2.230114698410034,0.4732375144958496,2.17264986038208,-0.6646729786636126,-1.9001403755831798,3.566755661288558
1776514855.5010383,0.04888732011546674,0.2377329316431029,0.12,-1.5,0.4732375144958496,1.98585642078869,1.0536609841066833,2.230114698410034,0.4732375144958496,2.17264986038208,-0.6646729786636126,-1.9001403755831798,3.566755661288558
1776514855.5468504,0.03717200495142197,0.21396654104764148,0.12,-1.5,0.4732375144958496,1.98585642078869,1.0536609841066833,2.230114698410034,0.4732375144958496,2.17264986038208,-0.6645978979641399,-1.9046105304333292,3.568065167826145
1776514855.6003914,0.025352607781633542,0.1517881071466861,0.12,-1.5,0.48328620195388794,1.983859819383339,1.0534532215639296,2.225104808807373,0.48328620195388794,2.175750970840454,-0.6646074883372332,-1.9081303800359286,3.5690470298202084
1776514855.6491134,0.012377984974131843,0.08236686501001972,0.12,-1.5,0.48328620195388794,1.983859819383339,1.0534532215639296,2.225104808807373,0.48328620195388794,2.175750970840454,-0.6646803807926092,-1.9104981139693857,3.5696729968618177
1776514855.69772,0.012377984974131843,0.08236686501001972,0.12,-1.5,0.48328620195388794,1.983859819383339,1.0534532215639296,2.225104808807373,0.48328620195388794,2.175750970840454,-0.6646803807926092,-1.9104981139693857,3.5696729968618177
1776514855.7472925,-0.002649459942423975,0.005671786501520613,0.12,-1.5,0.4784873127937317,1.980973569471234,1.0525709803730918,2.2325968742370605,0.4784873127937317,2.1776061058044434,-0.6647308910542284,-1.911275091296152,3.5698697981541203
1776514855.797838,0.0027242771197163265,0.0011073467630408173,0.12,-1.5,0.4784873127937317,1.980973569471234,1.0525709803730918,2.2325968742370605,0.4784873127937317,2.1776061058044434,-0.6647006583738436,-1.9111889956218162,3.5698552024829304
1776514855.8497095,0.0035409863856620547,-0.005346505416577077,0.12,-1.5,0.4784873127937317,1.980973569471234,1.0525709803730918,2.2325968742370605,0.4784873127937317,2.1776061058044434,-0.6647147922414982,-1.9112189562075834,3.5698645965182654
1776514855.8998857,-0.0007523514500883246,0.001232569246953662,0.12,-1.5,0.4815770983695984,1.9815019307370323,1.052914924963473,2.237051010131836,0.4815770983695984,2.1822969913482666,-0.6647459973869403,-1.91129001500798,3.5698812710684726
1776514855.946965,0.0004411231464278103,-0.002429677098862539,0.12,-1.5,0.4815770983695984,1.9815019307370323,1.052914924963473,2.237051010131836,0.4815770983695984,2.1822969913482666,-0.6647686331801441,-1.9113465607799376,3.5698886357897495
1776514855.9974382,0.0017344499326188817,0.020955225875675946,0.12,-1.5,0.4849702715873718,1.9810759881433793,1.052340541218475,2.235891103744507,0.4849702715873718,2.1771490573883057,-0.6648248561339752,-1.9116656375611796,3.5699490576549135
1776514856.0467663,0.0008590408574939654,0.013261245025240226,0.12,-1.5,0.4849702715873718,1.9810759881433793,1.052340541218475,2.235891103744507,0.4849702715873718,2.1771490573883057,-0.6648884419211613,-1.9120753547307932,3.5700337004013893
1776514856.0969017,-2.8680678994958826e-05,-0.00013371365589463872,0.12,-1.5,0.47311684489250183,1.9816943764907138,1.0529170620999992,2.2340967655181885,0.47311684489250183,2.174476146697998,-0.6648989634650978,-1.9121431240550308,3.5700472250934525
1776514856.1472883,0.0001327684344311566,-0.00015938149968422756,0.12,-1.5,0.47311684489250183,1.9816943764907138,1.0529170620999992,2.2340967655181885,0.47311684489250183,2.174476146697998,-0.6648985950868026,-1.912142166143641,3.570046651039601
1776514856.1966307,0.0001327684344311566,-0.00015938149968422756,0.12,-1.5,0.47311684489250183,1.9816943764907138,1.0529170620999992,2.2340967655181885,0.47311684489250183,2.174476146697998,-0.6648985950868026,-1.912142166143641,3.570046651039601
1776514856.2466457,3.987635344040406e-05,5.04359942566261e-06,0.12,-1.5,0.47870486974716187,1.9811206375912975,1.053159194198082,2.238739252090454,0.47870486974716187,2.1820168495178223,-0.6648986088046996,-1.912142216418535,3.5700466942145526
1776514856.29674,0.0001426555290239758,5.939569418605927e-05,0.12,-1.5,0.47870486974716187,1.9811206375912975,1.053159194198082,2.238739252090454,0.47870486974716187,2.1820168495178223,-0.6648991463185584,-1.9121433503625918,3.5700452483981513
1776514856.3488557,0.00023025082827544358,-0.0005456000888925602,0.12,-1.5,0.47870486974716187,1.9811206375912975,1.053159194198082,2.238739252090454,0.47870486974716187,2.1820168495178223,-0.664898982719293,-1.9121427687761394,3.5700442955439295
1776514856.400461,-3.889463253811415e-06,0.00010477405757705594,0.12,-1.5,0.47870486974716187,1.9811206375912975,1.053159194198082,2.238739252090454,0.47870486974716187,2.1820168495178223,-0.6648994531573463,-1.9121439951990205,3.570043355294369
1776514856.4478068,-3.889463253811415e-06,0.00010477405757705594,0.12,-1.5,0.4824148416519165,1.981508996809775,1.0530037043702267,2.232032299041748,0.4824148416519165,2.174327850341797,-0.6648994531573463,-1.9121439951990205,3.570043355294369
1776514856.4967306,0.0002639631244817908,0.00032636869227416004,0.12,-1.5,0.4824148416519165,1.981508996809775,1.0530037043702267,2.232032299041748,0.4824148416519165,2.174327850341797,-0.6648938917967047,-1.912131560080953,3.5700407159540037
1776514856.547496,0.00036254556258074813,0.00012507821113846705,0.12,-1.5,0.46967995166778564,1.980789565659584,1.0526701180150406,2.2367215156555176,0.46967995166778564,2.178924560546875,-0.6648920222206558,-1.912127027872476,3.5700393141219653
1776514856.597735,0.00022168036925239966,-0.0010233803683734552,0.12,-1.5,0.46967995166778564,1.980789565659584,1.0526701180150406,2.2367215156555176,0.46967995166778564,2.178924560546875,-0.664891291526278,-1.9121249189901475,3.5700378372586723
1776514856.649084,0.00012616110135635854,-0.0007309152914817415,0.12,-1.5,0.47706350684165955,1.981539669905847,1.0528913592358033,2.229149103164673,0.47706350684165955,2.179826498031616,-0.6648909188659172,-1.9121243064277595,3.570037781762134
1776514856.6968255,0.00123272318210407,-0.0017158399366760163,0.12,-1.5,0.47706350684165955,1.981539669905847,1.0528913592358033,2.229149103164673,0.47706350684165955,2.179826498031616,-0.6648868282556016,-1.9121128270677723,3.5700345228164627
1776514856.753838,-0.0004132361073597341,0.0013291585242476665,0.12,-1.5,0.47706350684165955,1.981539669905847,1.0528913592358033,2.229149103164673,0.47706350684165955,2.179826498031616,-0.6648865432086658,-1.912111298686369,3.570032366548628
1776514856.7967958,4.4968775964763345e-05,0.0018058927917899991,0.12,-1.5,0.48368313908576965,1.981139717225561,1.0524143083776236,2.2359445095062256,0.48368313908576965,2.182936668395996,-0.6648821521247286,-1.9120992822129124,3.570028080787857
1776514856.8508575,0.00046125989194472733,-0.0015415618840577316,0.12,-1.5,0.48368313908576965,1.981139717225561,1.0524143083776236,2.2359445095062256,0.48368313908576965,2.182936668395996,-0.664883141394955,-1.9121004111974573,3.5700314773033193
1776514856.8992822,-0.0005391311120242181,0.0016475806435548232,0.12,-1.5,0.4873391389846802,1.9810089681238956,1.0526341170462497,2.2287604808807373,0.4873391389846802,2.1813316345214844,-0.664882825643485,-1.9121002233192992,3.570029380162511
1776514856.9544034,0.0005027355439616052,-0.0032573042717244,0.12,-1.5,0.4873391389846802,1.9810089681238956,1.0526341170462497,2.2287604808807373,0.4873391389846802,2.1813316345214844,-0.6648804564737639,-1.9120940208706976,3.570027361572309
1776514856.9970443,-0.00027169280633174776,0.00282278004201312,0.12,-1.5,0.4873391389846802,1.9810089681238956,1.0526341170462497,2.2287604808807373,0.4873391389846802,2.1813316345214844,-0.6648803324933634,-1.9120946456747248,3.5700261747545663
1776514857.0511007,0.00032032094728479983,-0.0009779029538500965,0.12,-1.5,0.47807803750038147,1.981237194115756,1.0526574160436872,2.229865789413452,0.47807803750038147,2.1749889850616455,-0.6648788986702336,-1.9120904767644575,3.5700252799540224
1776514857.0979393,0.00048022273507617884,-0.002787270119855783,0.12,-1.5,0.47807803750038147,1.981237194115756,1.0526574160436872,2.229865789413452,0.47807803750038147,2.1749889850616455,-0.6648781269570416,-1.9120884999631471,3.570024785729549
1776514857.146872,0.00048022273507617884,-0.002787270119855783,0.12,-1.5,0.47807803750038147,1.981237194115756,1.0526574160436872,2.229865789413452,0.47807803750038147,2.1749889850616455,-0.6648781269570416,-1.9120884999631471,3.570024785729549
1776514857.1983175,0.00127267330362766,-0.004727985257260686,0.12,-1.5,0.477912038564682,1.9815153036814503,1.0529863805227102,2.23241925239563,0.477912038564682,2.179460048675537,-0.6648748820142654,-1.9120781613783766,3.5700227644146025
1776514857.246743,0.00016070891133831256,-0.0011124979262525923,0.12,-1.5,0.477912038564682,1.9815153036814503,1.0529863805227102,2.23241925239563,0.477912038564682,2.179460048675537,-0.6648741170246819,-1.9120758456056486,3.5700215607743635
1776514857.2967703,0.0004207840675912279,-0.0009067068265920148,0.12,-1.5,0.4806686341762543,1.9811859866130364,1.0529537965185392,2.239546060562134,0.4806686341762543,2.172546625137329,-0.6648742368360803,-1.9120753960616272,3.5700223187275446
1776514857.3498724,0.00010899938572885797,-0.0014139266783518357,0.12,-1.5,0.4806686341762543,1.9811859866130364,1.0529537965185392,2.239546060562134,0.4806686341762543,2.172546625137329,-0.6648759592561846,-1.9120788134435622,3.570024275311691
1776514857.3968575,-0.0001300819200944883,-0.0008159872030942609,0.12,-1.5,0.4806686341762543,1.9811859866130364,1.0529537965185392,2.239546060562134,0.4806686341762543,2.172546625137329,-0.6648774878856998,-1.9120819452605695,3.5700273609311726
1776514857.4481206,-0.0001300819200944883,-0.0008159872030942609,0.12,-1.5,0.4806686341762543,1.9811859866130364,1.0529537965185392,2.239546060562134,0.4806686341762543,2.172546625137329,-0.6648774878856998,-1.9120819452605695,3.5700273609311726
1776514857.4968588,-0.0003071375341247216,-0.0009302487590831059,0.12,-1.5,0.4767378866672516,1.9811035073762906,1.0528559790657754,2.237180709838867,0.4767378866672516,2.1795601844787598,-0.6648803800916919,-1.9120881276079553,3.570031531540275
1776514857.5467522,-0.00011841494405158477,-0.0006180922511202795,0.12,-1.5,0.4767378866672516,1.9811035073762906,1.0528559790657754,2.237180709838867,0.4767378866672516,2.1795601844787598,-0.6648850925202933,-1.9120982358125826,3.570033673208564
1776514857.5967388,-0.00026563158783659673,-0.00026994736066215344,0.12,-1.5,0.4767378866672516,1.9811035073762906,1.0528559790657754,2.237180709838867,0.4767378866672516,2.1795601844787598,-0.6648837248215889,-1.912094003747958,3.5700362185957673
1776514857.6467407,0.0004025490275034968,0.0002166915124322896,0.12,-1.5,0.47805678844451904,1.9811377405127808,1.0530841870835561,2.2414772510528564,0.47805678844451904,2.184382677078247,-0.6648836333803945,-1.912093621578078,3.5700356928730197
1776514857.6968064,-0.00014334206887154825,-0.0001288483304203858,0.12,-1.5,0.47805678844451904,1.9811377405127808,1.0530841870835561,2.2414772510528564,0.47805678844451904,2.184382677078247,-0.6648846292085346,-1.9120958455549129,3.5700332842652016
1776514857.7493594,1.3466489940914771e-05,-5.548347631289742e-05,0.12,-1.5,0.4869658648967743,1.9813032993059485,1.0528708030090692,2.229228973388672,0.4869658648967743,2.1838324069976807,-0.6648844603072832,-1.9120953848319073,3.570032937675944
1776514857.8008611,2.281669193446116e-05,-4.388996645661423e-05,0.12,-1.5,0.4869658648967743,1.9813032993059485,1.0528708030090692,2.229228973388672,0.4869658648967743,2.1838324069976807,-0.6648842988794733,-1.9120949653358605,3.570032668730699
1776514857.8473866,2.299314605251022e-05,-4.377139403470902e-05,0.12,-1.5,0.4869658648967743,1.9813032993059485,1.0528708030090692,2.229228973388672,0.4869658648967743,2.1838324069976807,-0.6648841037375218,-1.9120944635590924,3.570032411501771
1776514857.8989875,2.1850606550917168e-05,-3.220705194662467e-05,0.12,-1.5,0.48694780468940735,1.9809051538980416,1.052478882208366,2.229656457901001,0.48694780468940735,2.167874813079834,-0.664883850088847,-1.912093842037333,3.5700321469292637
1776514857.9488895,1.6826164621664937e-05,-9.19503413863026e-05,0.12,-1.5,0.48694780468940735,1.9809051538980416,1.052478882208366,2.229656457901001,0.48694780468940735,2.167874813079834,-0.6648835363476364,-1.912093085833476,3.570031890427795
1776514857.9988525,3.8286642709262945e-05,-0.00013896943501809792,0.12,-1.5,0.4736550748348236,1.9813451632981385,1.0529154969909014,2.23441743850708,0.4736550748348236,2.1743905544281006,-0.6648824916776915,-1.9120906847344876,3.570031568941427
1776514858.0497928,0.00017007979396936205,-0.0005215309154856242,0.12,-1.5,0.4736550748348236,1.9813451632981385,1.0529154969909014,2.23441743850708,0.4736550748348236,2.1743905544281006,-0.6648779449219585,-1.9120803765185046,3.5700307166381635
1776514858.0970714,0.00018170675590814224,-6.42389074800282e-05,0.12,-1.5,0.4736550748348236,1.9813451632981385,1.0529154969909014,2.23441743850708,0.4736550748348236,2.1743905544281006,-0.664876779818887,-1.9120777653061227,3.570028486747928
1776514858.1477346,0.00018170675590814224,-6.42389074800282e-05,0.12,-1.5,0.4829277992248535,1.9813591013839131,1.0529515165099537,2.2309484481811523,0.4829277992248535,2.1814842224121094,-0.664876779818887,-1.9120777653061227,3.570028486747928
1776514858.197858,7.660230365402487e-05,-0.00011654588104945487,0.12,-1.5,0.4829277992248535,1.9813591013839131,1.0529515165099537,2.2309484481811523,0.4829277992248535,2.1814842224121094,-0.6648757059033088,-1.912075302071274,3.5700275205775696
1776514858.2508426,0.00047910724618596587,-0.0009001824620688092,0.12,-1.5,0.4829277992248535,1.9813591013839131,1.0529515165099537,2.2309484481811523,0.4829277992248535,2.1814842224121094,-0.6648738435103481,-1.9120706241925425,3.570025574757627
1776514858.2997358,-0.00011225072692672227,0.0016099448992178901,0.12,-1.5,0.4829277992248535,1.9813591013839131,1.0529515165099537,2.2309484481811523,0.4829277992248535,2.1814842224121094,-0.6648734982038971,-1.9120699147747093,3.570024092030884
1776514858.346854,0.0002729345924452631,-0.00013466660456126848,0.12,-1.5,0.4780399799346924,1.9814740600793257,1.0533056464251307,2.236138343811035,0.4780399799346924,2.1772232055664062,-0.664872356682765,-1.9120672385520676,3.570023618680667
1776514858.399882,0.0006058711517756753,-0.0034610761878287777,0.12,-1.5,0.4780399799346924,1.9814740600793257,1.0533056464251307,2.236138343811035,0.4780399799346924,2.1772232055664062,-0.6648710022893417,-1.912063195768339,3.5700225234959206
1776514858.4467762,0.0006838328537199008,6.814009405578434e-06,0.12,-1.5,0.4781911373138428,1.9819060782389328,1.0525397081553236,2.223134756088257,0.4781911373138428,2.169490098953247,-0.6648672639357951,-1.9120547098599563,3.570022392140938
1776514858.4976926,-0.0007206796277040956,-0.0003901340123081767,0.12,-1.5,0.4781911373138428,1.9819060782389328,1.0525397081553236,2.223134756088257,0.4781911373138428,2.169490098953247,-0.6648688652429993,-1.9120577088808144,3.5700207953474137
1776514858.5467367,0.00027373807631681066,0.0003383923854244806,0.12,-1.5,0.4781911373138428,1.9819060782389328,1.0525397081553236,2.223134756088257,0.4781911373138428,2.169490098953247,-0.6648653457591439,-1.912049694435073,3.5700185589508417
1776514858.5967293,0.00027373807631681066,0.0003383923854244806,0.12,-1.5,0.48187676072120667,1.9818161462436221,1.0530769970125613,2.224350690841675,0.48187676072120667,2.1825308799743652,-0.6648653457591439,-1.912049694435073,3.5700185589508417
1776514858.6491408,0.0002503984270936403,0.00011739024376625651,0.12,-1.5,0.48187676072120667,1.9818161462436221,1.0530769970125613,2.224350690841675,0.48187676072120667,2.1825308799743652,-0.6648643331468558,-1.9120469818745514,3.570017715530097
1776514858.696748,7.895441663880778e-05,-0.00010891359293848675,0.12,-1.5,0.48187676072120667,1.9818161462436221,1.0530769970125613,2.224350690841675,0.48187676072120667,2.1825308799743652,-0.6648637344728884,-1.9120454739712085,3.570017173341209
1776514858.7478547,4.3780590353179866e-05,-0.00013321440236500404,0.12,-1.5,0.4855528175830841,1.981616547877429,1.0526985960077864,2.2339210510253906,0.4855528175830841,2.174656629562378,-0.6648626819443556,-1.9120428562104186,3.5700164694913306
1776514858.7968667,-1.9664012711824218e-05,-1.8108111220170623e-05,0.12,-1.5,0.4855528175830841,1.981616547877429,1.0526985960077864,2.2339210510253906,0.4855528175830841,2.174656629562378,-0.6648620193612989,-1.912041208990859,3.57001619827338
1776514858.8497694,-6.83378465402191e-05,2.977357197559356e-05,0.12,-1.5,0.4855528175830841,1.981616547877429,1.0526985960077864,2.2339210510253906,0.4855528175830841,2.174656629562378,-0.6648619945415962,-1.9120410494383078,3.5700166134244973
1776514858.8981695,-6.83378465402191e-05,2.977357197559356e-05,0.12,-1.5,0.48285961151123047,1.9814443420636003,1.0530838631946413,2.2275354862213135,0.48285961151123047,2.172128438949585,-0.6648619945415962,-1.9120410494383078,3.5700166134244973
1776514858.946733,-0.00015167706442071032,8.010613457953745e-05,0.12,-1.5,0.48285961151123047,1.9814443420636003,1.0530838631946413,2.2275354862213135,0.48285961151123047,2.172128438949585,-0.6648623862466294,-1.9120417983367357,3.570017724532444
1776514858.9997244,-0.0004717778825801013,-0.0001953130404707368,0.12,-1.5,0.48285961151123047,1.9814443420636003,1.0530838631946413,2.2275354862213135,0.48285961151123047,2.172128438949585,-0.6648648615556234,-1.9120472947075213,3.570021254847066
1776514859.0467126,-0.00012102571303680847,-0.0011991954663316835,0.12,-1.5,0.4782388210296631,1.9817605042876634,1.052865343801085,2.2281076908111572,0.4782388210296631,2.1777031421661377,-0.6648631698304165,-1.9120424938222684,3.5700214389782867
1776514859.09975,-0.0001256249011659894,-0.0006157539440340964,0.12,-1.5,0.4782388210296631,1.9817605042876634,1.052865343801085,2.2281076908111572,0.4782388210296631,2.1777031421661377,-0.664867195598094,-1.912051619322759,3.5700243415474118
1776514859.146752,-0.00137896414877632,-0.0016636726297918323,0.12,-1.5,0.4782388210296631,1.9817605042876634,1.052865343801085,2.2281076908111572,0.4782388210296631,2.1777031421661377,-0.6648681284320745,-1.9120537900118133,3.5700320214421475
1776514859.1967409,-0.0029347275533502036,-0.0025906684522213,0.12,-1.5,0.4714182913303375,1.9815953507619695,1.0529447840159807,2.2299625873565674,0.4714182913303375,2.1836252212524414,-0.6648554298778582,-1.9120255294505635,3.5700551318802627
1776514859.2498462,-0.006134461567213815,-0.00469996843809163,0.12,-1.5,0.4714182913303375,1.9815953507619695,1.0529447840159807,2.2299625873565674,0.4714182913303375,2.1836252212524414,-0.6648260137295791,-1.9119588643938918,3.570104794286348
1776514859.2997482,-0.008573086096270124,-0.006406683305995557,0.12,-1.5,0.4714182913303375,1.9815953507619695,1.0529447840159807,2.2299625873565674,0.4714182913303375,2.1836252212524414,-0.6647786884984382,-1.911852325456026,3.5701860997732475
1776514859.348934,-0.008573086096270124,-0.006406683305995557,0.12,-1.5,0.4716363251209259,1.9811973785990151,1.052930093323017,2.23441743850708,0.4716363251209259,2.173004150390625,-0.6647786884984382,-1.911852325456026,3.5701860997732475
1776514859.3989553,-0.009786302931210416,-0.007288310173575301,0.12,-1.5,0.4716363251209259,1.9811973785990151,1.052930093323017,2.23441743850708,0.4716363251209259,2.173004150390625,-0.6647198579707373,-1.9117201161918205,3.570287107529652
1776514859.4467332,-0.009700150959418735,-0.007206388452874261,0.12,-1.5,0.4716363251209259,1.9811973785990151,1.052930093323017,2.23441743850708,0.4716363251209259,2.173004150390625,-0.6646573806194519,-1.9115798749626678,3.5703940879686753
1776514859.4980686,-0.008249228961033793,-0.006296073411176117,0.12,-1.5,0.47908756136894226,1.9819140314063355,1.052808809429182,2.232377290725708,0.47908756136894226,2.179859161376953,-0.6645993569424291,-1.9114496760260784,3.5704924444500885
1776514859.5492074,-0.008249228961033793,-0.006296073411176117,0.12,-1.5,0.47908756136894226,1.9819140314063355,1.052808809429182,2.232377290725708,0.47908756136894226,2.179859161376953,-0.6645993569424291,-1.9114496760260784,3.5704924444500885
1776514859.5974343,-0.005412016090882288,-0.004396576870947246,0.12,-1.5,0.47908756136894226,1.9819140314063355,1.052808809429182,2.232377290725708,0.47908756136894226,2.179859161376953,-0.6645552927337642,-1.9113507832795396,3.570567044339232
1776514859.6499867,-0.0012836845018609267,-0.0006278931784134346,0.12,-1.5,0.48010796308517456,1.9817032499185434,1.0528227041101053,2.2361786365509033,0.48010796308517456,2.1779043674468994,-0.6645338868865321,-1.9113026413955634,3.5706026870908842
1776514859.700812,0.0023333824558695484,0.0003992091076377785,0.12,-1.5,0.48010796308517456,1.9817032499185434,1.0528227041101053,2.2361786365509033,0.48010796308517456,2.1779043674468994,-0.6645338556970487,-1.9113026616709867,3.570593398118334
1776514859.747156,5.702346501451874e-05,-0.00013288996247926612,0.12,-1.5,0.48276305198669434,1.9814925726423873,1.0522619951331034,2.235539436340332,0.48276305198669434,2.1723062992095947,-0.6645314117442028,-1.911296880181116,3.5705913020902447
1776514859.8038688,4.6428464142862446e-05,0.00014229641298645765,0.12,-1.5,0.48276305198669434,1.9814925726423873,1.0522619951331034,2.235539436340332,0.48276305198669434,2.1723062992095947,-0.6645312825265755,-1.911296735075354,3.5705912433264846
1776514859.8468587,4.453209323695671e-05,-0.00016000500720190366,0.12,-1.5,0.48276305198669434,1.9814925726423873,1.0522619951331034,2.235539436340332,0.48276305198669434,2.1723062992095947,-0.6645316409622328,-1.9112975535375438,3.5705911154158936
1776514859.9001813,4.453209323695671e-05,-0.00016000500720190366,0.12,-1.5,0.48276305198669434,1.9814925726423873,1.0522619951331034,2.235539436340332,0.48276305198669434,2.1723062992095947,-0.6645316409622328,-1.9112975535375438,3.5705911154158936
1776514859.9480696,3.650919425223056e-05,-0.00016873198550266237,0.12,-1.5,0.48228028416633606,1.9814286135502372,1.0526879288674003,2.218132495880127,0.48228028416633606,2.1840660572052,-0.6645299767288141,-1.9112937811997288,3.570590626830638
1776514859.9986997,3.6314343246101374e-05,-0.00017386963004383362,0.12,-1.5,0.48228028416633606,1.9814286135502372,1.0526879288674003,2.218132495880127,0.48228028416633606,2.1840660572052,-0.6645283870495103,-1.9112901635879957,3.5705901914147784
1776514860.051231,3.4326366559721165e-05,-0.00017390660010757882,0.12,-1.5,0.48228028416633606,1.9814286135502372,1.0526879288674003,2.218132495880127,0.48228028416633606,2.1840660572052,-0.6645267715755594,-1.91128648388552,3.570589767339582
1776514860.1110601,3.4326366559721165e-05,-0.00017390660010757882,0.12,-1.5,0.48228028416633606,1.9814286135502372,1.0526879288674003,2.218132495880127,0.48228028416633606,2.1840660572052,-0.6645267715755594,-1.91128648388552,3.570589767339582
1776514860.1468575,3.16754143361801e-05,-0.0001692458232515348,0.12,-1.5,0.48074430227279663,1.9815519461192872,1.0524434232597475,2.2437777519226074,0.48074430227279663,2.176353693008423,-0.664525185620132,-1.9112828732342577,3.570589371244623
1776514860.1968563,1.9728980169750372e-05,-0.00017313170304116986,0.12,-1.5,0.48074430227279663,1.9815519461192872,1.0524434232597475,2.2437777519226074,0.48074430227279663,2.176353693008423,-0.6645236162120983,-1.9112792855797698,3.570589008422504
1776514860.2517433,2.3682969895245326e-05,-0.0001518667381910846,0.12,-1.5,0.4791461229324341,1.9813225085430957,1.052822741660845,2.2306666374206543,0.4791461229324341,2.1789698600769043,-0.6645221230051533,-1.911275844261086,3.57058870267469
1776514860.3010027,6.379573320513848e-05,-0.0001453006962523917,0.12,-1.5,0.4791461229324341,1.9813225085430957,1.052822741660845,2.2306666374206543,0.4791461229324341,2.1789698600769043,-0.6645206935404048,-1.911272492757113,3.5705882546404566
1776514860.3468473,2.0828526413307202e-05,-1.3435524692183962e-05,0.12,-1.5,0.476269006729126,1.9816437557711852,1.0529001748641102,2.2266592979431152,0.476269006729126,2.181192398071289,-0.6645202473362454,-1.9112715076890054,3.5705868861088823
1776514860.3997617,-0.0005986305711730696,0.0005098632901581725,0.12,-1.5,0.476269006729126,1.9816437557711852,1.0529001748641102,2.2266592979431152,0.476269006729126,2.181192398071289,-0.6645197141170311,-1.9112704890754706,3.570587633278586
1776514860.4469128,0.0003132589926897087,-0.0014294030112749641,0.12,-1.5,0.476269006729126,1.9816437557711852,1.0529001748641102,2.2266592979431152,0.476269006729126,2.181192398071289,-0.664515597003099,-1.9112601344248838,3.5705832471227956
1776514860.5041475,0.0005804978626822387,-0.0020032049487342073,0.12,-1.5,0.47838595509529114,1.9814607509300732,1.0534192957383337,2.2180588245391846,0.47838595509529114,2.175450086593628,-0.6645129455534342,-1.9112528916183344,3.5705826703988275
1776514860.5470824,0.0001597213592488485,-0.001830649854789821,0.12,-1.5,0.47838595509529114,1.9814607509300732,1.0534192957383337,2.2180588245391846,0.47838595509529114,2.175450086593628,-0.6645128467123782,-1.9112523396334204,3.5705833417699515
1776514860.597137,0.0001597213592488485,-0.001830649854789821,0.12,-1.5,0.47838595509529114,1.9814607509300732,1.0534192957383337,2.2180588245391846,0.47838595509529114,2.175450086593628,-0.6645128467123782,-1.9112523396334204,3.5705833417699515
1776514860.647603,3.6616357593942084e-05,-0.0015031840278902202,0.12,-1.5,0.47838595509529114,1.9814607509300732,1.0534192957383337,2.2180588245391846,0.47838595509529114,2.175450086593628,-0.6645123175599218,-1.911250557971437,3.5705842618426327
1776514860.697597,2.9390940744300806e-05,-0.0007177688498971499,0.12,-1.5,0.4750184118747711,1.9821689600860708,1.0527051420037832,2.236440420150757,0.4750184118747711,2.1766164302825928,-0.6645129654740592,-1.9112515528010996,3.570586242144404
1776514860.7491274,-0.0006433718330485134,-0.0007580288907644284,0.12,-1.5,0.4750184118747711,1.9821689600860708,1.0527051420037832,2.236440420150757,0.4750184118747711,2.1766164302825928,-0.6645169613950224,-1.9112614044993619,3.5705894221007783
1776514860.7974489,-0.0006433718330485134,-0.0007580288907644284,0.12,-1.5,0.4750184118747711,1.9821689600860708,1.0527051420037832,2.236440420150757,0.4750184118747711,2.1766164302825928,-0.6645169613950224,-1.9112614044993619,3.5705894221007783
1776514860.850751,-0.002251222695929811,-0.0021981127874238244,0.12,-1.5,0.4756394624710083,1.9813730299307393,1.0523465524488889,2.2386417388916016,0.4756394624710083,2.1770942211151123,-0.6645121985858607,-1.9112510871985788,3.5706063139724677
1776514860.8969476,-0.00280421657318708,-0.002714448488028531,0.12,-1.5,0.4756394624710083,1.9813730299307393,1.0523465524488889,2.2386417388916016,0.4756394624710083,2.1770942211151123,-0.6644997341131178,-1.9112222349952637,3.570634948073823
1776514860.9484673,-0.009913396549680676,-0.007806570643055961,0.12,-1.5,0.4756394624710083,1.9813730299307393,1.0523465524488889,2.2386417388916016,0.4756394624710083,2.1770942211151123,-0.6644594123906122,-1.9111357192904528,3.570701641640583
1776514860.9966128,-0.017830384553588662,-0.01377828967622712,0.12,-1.5,0.47832247614860535,1.9810081388143121,1.0528687310597407,2.2359795570373535,0.47832247614860535,2.179534912109375,-0.664363525971655,-1.9109209141106605,3.570855137153635
1776514861.049532,-0.024919614176367188,-0.01937838905567522,0.12,-1.5,0.47832247614860535,1.9810081388143121,1.0528687310597407,2.2359795570373535,0.47832247614860535,2.179534912109375,-0.6642157625931174,-1.9105905576124254,3.5710902808567604
1776514861.0988586,-0.024919614176367188,-0.01937838905567522,0.12,-1.5,0.47832247614860535,1.9810081388143121,1.0528687310597407,2.2359795570373535,0.47832247614860535,2.179534912109375,-0.6642157625931174,-1.9105905576124254,3.5710902808567604
1776514861.1471903,-0.027238291115724542,-0.020845999991988218,0.12,-1.5,0.479877233505249,1.9819116807171417,1.0529234805085785,2.2280545234680176,0.479877233505249,2.1772987842559814,-0.6640336614719161,-1.910183880040725,3.571381859166653
1776514861.2008033,-0.027132841060463125,-0.02082616816635605,0.12,-1.5,0.479877233505249,1.9819116807171417,1.0529234805085785,2.2280545234680176,0.479877233505249,2.1772987842559814,-0.6638470535666315,-1.9097685338275578,3.5716775801300105
1776514861.247612,-0.02682802295813028,-0.020963807567909346,0.12,-1.5,0.4811071455478668,1.9820554762334321,1.0527084154154627,2.2299418449401855,0.4811071455478668,2.1828346252441406,-0.6636582664122426,-1.9093490490569043,3.571971451800207
1776514861.2971277,-0.02674089230072789,-0.020709433092050304,0.12,-1.5,0.4811071455478668,1.9820554762334321,1.0527084154154627,2.2299418449401855,0.4811071455478668,2.1828346252441406,-0.6634710552087039,-1.9089338695715592,3.5722621111783046
1776514861.3467677,-0.02604392181886834,-0.019855442062234486,0.12,-1.5,0.4811071455478668,1.9820554762334321,1.0527084154154627,2.2299418449401855,0.4811071455478668,2.1828346252441406,-0.6632867427574268,-1.9085259445412166,3.572548755108774
1776514861.3977184,-0.02604454912971619,-0.020208305060502984,0.12,-1.5,0.47808173298835754,1.9821867793384909,1.0530026760517461,2.2354586124420166,0.47808173298835754,2.1742770671844482,-0.6631043650288769,-1.908123170176063,3.572830377407028
1776514861.4476316,-0.024058802545632217,-0.0182550861634108,0.12,-1.5,0.47808173298835754,1.9821867793384909,1.0530026760517461,2.2354586124420166,0.47808173298835754,2.1742770671844482,-0.6629259563866269,-1.9077297158820723,3.5731079998665303
1776514861.497021,-0.019963963482412424,-0.015155107583149485,0.12,-1.5,0.47808173298835754,1.9821867793384909,1.0530026760517461,2.2354586124420166,0.47808173298835754,2.1742770671844482,-0.6627725109995822,-1.9073920382909433,3.5733465658553265
1776514861.5467024,-0.015285705120445041,-0.011149798286301464,0.12,-1.5,0.48133790493011475,1.9820695787144413,1.0525663008083885,2.228959321975708,0.48133790493011475,2.180687189102173,-0.6626513345633693,-1.907125485116905,3.5735365375661794
1776514861.596969,-0.008865012883152688,-0.006479327711277889,0.12,-1.5,0.48133790493011475,1.9820695787144413,1.0525663008083885,2.228959321975708,0.48133790493011475,2.180687189102173,-0.6625705492878669,-1.9069477220417141,3.573666063880423
1776514861.6468647,-0.001347892448519725,-0.0024687526876815327,0.12,-1.5,0.4753473699092865,1.9826093580466966,1.0522553151892484,2.237835645675659,0.4753473699092865,2.178494930267334,-0.6625353576543317,-1.906868541057871,3.5737189960943234
1776514861.6968994,-0.0012735325093875237,0.004605156892458169,0.12,-1.5,0.4753473699092865,1.9826093580466966,1.0522553151892484,2.237835645675659,0.4753473699092865,2.178494930267334,-0.6625275256582551,-1.9068492532953116,3.573697740131618
1776514861.7478619,0.00022519761501470524,-0.0005765851231728973,0.12,-1.5,0.4753473699092865,1.9826093580466966,1.0522553151892484,2.237835645675659,0.4753473699092865,2.178494930267334,-0.6625269867958082,-1.9068463079775346,3.573703033954392
1776514861.799499,0.0001325508063757208,-0.00026334310715114096,0.12,-1.5,0.4825997054576874,1.982483106917744,1.0525402732533455,2.2342031002044678,0.4825997054576874,2.1744420528411865,-0.6625198569561045,-1.9068283888190158,3.5736971858553854
1776514861.8583102,-0.0008175697581040026,0.0012768196789389316,0.12,-1.5,0.4825997054576874,1.982483106917744,1.0525402732533455,2.2342031002044678,0.4825997054576874,2.1744420528411865,-0.6625021916697345,-1.9067767491641443,3.573688823099908
1776514861.9024122,-0.0009990855554934859,0.0038630008647723233,0.12,-1.5,0.4825997054576874,1.982483106917744,1.0525402732533455,2.2342031002044678,0.4825997054576874,2.1744420528411865,-0.6624960511323889,-1.9067611283219579,3.573680025468401
1776514861.946903,-0.0009990855554934859,0.0038630008647723233,0.12,-1.5,0.4774312973022461,1.9827580294820801,1.0527976874021547,2.2439661026000977,0.4774312973022461,2.175718307495117,-0.6624960511323889,-1.9067611283219579,3.573680025468401
1776514861.998334,-0.0010475507717024359,0.009081394669984047,0.12,-1.5,0.4774312973022461,1.9827580294820801,1.0527976874021547,2.2439661026000977,0.4774312973022461,2.175718307495117,-0.6624950074146468,-1.9067613300937272,3.5736743053795768
1776514862.053739,-0.000681709258032371,-0.0028597892688911573,0.12,-1.5,0.4774312973022461,1.9827580294820801,1.0527976874021547,2.2439661026000977,0.4774312973022461,2.175718307495117,-0.6625022692757498,-1.9067773003555493,3.5736831101391466
1776514862.0970554,-0.000681709258032371,-0.0028597892688911573,0.12,-1.5,0.46137985587120056,1.982879142839527,1.052563350089747,2.238224983215332,0.46137985587120056,2.1866872310638428,-0.6625022692757498,-1.9067773003555493,3.5736831101391466
1776514862.1470404,-0.0008244447775725935,0.005667312777425511,0.12,-1.5,0.46137985587120056,1.982879142839527,1.052563350089747,2.238224983215332,0.46137985587120056,2.1866872310638428,-0.6624993665858798,-1.90677134157382,3.5736788399324015
1776514862.1968477,-0.00044203157366381026,-0.012769126233063317,0.12,-1.5,0.46137985587120056,1.982879142839527,1.052563350089747,2.238224983215332,0.46137985587120056,2.1866872310638428,-0.6624938175254861,-1.9067479821303985,3.573687232985927
1776514862.2496448,-0.004260080307847613,-0.009117120768333415,0.12,-1.5,0.4798981547355652,1.9826882896767404,1.0526499928978694,2.2328264713287354,0.4798981547355652,2.1848626136779785,-0.662487830587138,-1.9067312547367488,3.573702439754451
1776514862.297836,-0.004196091244843873,-0.0008024875607647513,0.12,-1.5,0.4798981547355652,1.9826882896767404,1.0526499928978694,2.2328264713287354,0.4798981547355652,2.1848626136779785,-0.6624882973871464,-1.906732686495559,3.5737066626276586
1776514862.3466914,-0.007368092901781526,8.136082338236728e-06,0.12,-1.5,0.4792066514492035,1.9819711499970671,1.0530054498609343,2.2302134037017822,0.4792066514492035,2.182032585144043,-0.6624803118291396,-1.9067086259942276,3.5737599936931135
1776514862.4001667,-0.007368092901781526,8.136082338236728e-06,0.12,-1.5,0.4792066514492035,1.9819711499970671,1.0530054498609343,2.2302134037017822,0.4792066514492035,2.182032585144043,-0.6624803118291396,-1.9067086259942276,3.5737599936931135
1776514862.447674,-0.030057739249885085,0.0016239515239970255,0.12,-1.5,0.4792066514492035,1.9819711499970671,1.0530054498609343,2.2302134037017822,0.4792066514492035,2.182032585144043,-0.6624623746729332,-1.9066955734630546,3.57424469246491
1776514862.497337,-0.030057739249885085,0.0016239515239970255,0.12,-1.5,0.4824523329734802,1.9826557452098623,1.0526091115067187,2.2386019229888916,0.4824523329734802,2.1757307052612305,-0.6624623746729332,-1.9066955734630546,3.57424469246491
1776514862.5470865,-0.029106728126636255,-0.004521025961930278,0.12,-1.5,0.4824523329734802,1.9826557452098623,1.0526091115067187,2.2386019229888916,0.4824523329734802,2.1757307052612305,-0.662380360846234,-1.9065155799427878,3.5748771208098336
1776514862.5970056,-0.028983070015585203,-0.004566457329633566,0.12,-1.5,0.47194668650627136,1.9833865602958214,1.0538110222131758,2.242619037628174,0.47194668650627136,2.1787939071655273,-0.6623378057388095,-1.9064221807768935,3.5751916232651806
1776514862.6467826,-0.028817037670307914,-0.0046349440834070514,0.12,-1.5,0.47194668650627136,1.9833865602958214,1.0538110222131758,2.242619037628174,0.47194668650627136,2.1787939071655273,-0.6622950463146482,-1.9063286477721635,3.5755053296928656
1776514862.6998818,-0.028817037670307914,-0.0046349440834070514,0.12,-1.5,0.47194668650627136,1.9833865602958214,1.0538110222131758,2.242619037628174,0.47194668650627136,2.1787939071655273,-0.6622950463146482,-1.9063286477721635,3.5755053296928656
1776514862.7468603,-0.02868240410642186,-0.005167663285861863,0.12,-1.5,0.47461169958114624,1.9833136251632204,1.0540239658723456,2.2408649921417236,0.47461169958114624,2.187373638153076,-0.6622512330290264,-1.9062334618299825,3.575818197078341
1776514862.8015168,-0.028533880606347147,-0.005127046847802996,0.12,-1.5,0.47461169958114624,1.9833136251632204,1.0540239658723456,2.2408649921417236,0.47461169958114624,2.187373638153076,-0.6622071257177156,-1.9061369534663382,3.5761291149540386
1776514862.8527508,-0.028191864226363054,-0.004930014782603515,0.12,-1.5,0.47461169958114624,1.9833136251632204,1.0540239658723456,2.2408649921417236,0.47461169958114624,2.187373638153076,-0.6621633198738506,-1.9060418643228603,3.57643783749299
1776514862.8971925,-0.028191864226363054,-0.004930014782603515,0.12,-1.5,0.47461169958114624,1.9833136251632204,1.0540239658723456,2.2408649921417236,0.47461169958114624,2.187373638153076,-0.6621633198738506,-1.9060418643228603,3.57643783749299
1776514862.9467542,-0.02746893554000084,-0.004946123325599923,0.12,-1.5,0.4812718629837036,1.98371636065259,1.054637929292433,2.241809129714966,0.4812718629837036,2.186746835708618,-0.6621205542684361,-1.905948851039304,3.576741041207401
1776514862.9967651,-0.026161773949174634,-0.00414304334019538,0.12,-1.5,0.4812718629837036,1.98371636065259,1.054637929292433,2.241809129714966,0.4812718629837036,2.186746835708618,-0.6620796750341307,-1.9058606841529535,3.5770350920177787
1776514863.053751,-0.02325665635450376,-0.0034537221758587046,0.12,-1.5,0.4812718629837036,1.98371636065259,1.054637929292433,2.241809129714966,0.4812718629837036,2.186746835708618,-0.662043251588033,-1.9057818140428153,3.577304025230283
1776514863.096843,-0.02325665635450376,-0.0034537221758587046,0.12,-1.5,0.47605329751968384,1.9812800091356177,1.0528489205492233,2.2460150718688965,0.47605329751968384,2.1784486770629883,-0.662043251588033,-1.9057818140428153,3.577304025230283
1776514863.1477334,-0.01899225379824276,-0.0044810590503348,0.12,-1.5,0.47605329751968384,1.9812800091356177,1.0528489205492233,2.2460150718688965,0.47605329751968384,2.1784486770629883,-0.6620127206446706,-1.9057153714327042,3.577534074410488
1776514863.1966555,-0.013221387771386789,-0.002613497012742336,0.12,-1.5,0.47605329751968384,1.9812800091356177,1.0528489205492233,2.2460150718688965,0.47605329751968384,2.1784486770629883,-0.6619910823945356,-1.9056686449979519,3.5777078991239706
1776514863.2467427,-0.013221387771386789,-0.002613497012742336,0.12,-1.5,0.47605329751968384,1.9812800091356177,1.0528489205492233,2.2460150718688965,0.47605329751968384,2.1784486770629883,-0.6619910823945356,-1.9056686449979519,3.5777078991239706
1776514863.3018205,-0.005499267661506987,-0.0010142804010668783,0.12,-1.5,0.47567039728164673,1.9817508835686675,1.0533335670608197,2.2404844760894775,0.47567039728164673,2.1891326904296875,-0.6619777717900238,-1.9056391142567919,3.57781454244697
1776514863.3471358,0.003450859520306325,-0.0006486750250850863,0.12,-1.5,0.47567039728164673,1.9817508835686675,1.0533335670608197,2.2404844760894775,0.47567039728164673,2.1891326904296875,-0.6619740084034912,-1.9056301015582962,3.577818071764669
1776514863.3979492,-0.0005750896868069392,-0.0010185305242596783,0.12,-1.5,0.4794023633003235,1.981743167689506,1.0539179159718084,2.244816303253174,0.4794023633003235,2.1890296936035156,-0.661975643450151,-1.9056353057503372,3.577816951166308
1776514863.4497814,0.00023515835856057548,0.00010720244112384341,0.12,-1.5,0.4794023633003235,1.981743167689506,1.0539179159718084,2.244816303253174,0.4794023633003235,2.1890296936035156,-0.6619665787961995,-1.9056141519770358,3.5778127292278277
1776514863.4967437,0.000908176518172104,-0.001664805572497769,0.12,-1.5,0.4794023633003235,1.981743167689506,1.0539179159718084,2.244816303253174,0.4794023633003235,2.1890296936035156,-0.6619695775034689,-1.9056229561881222,3.577808993675768
1776514863.5466888,0.0009121888870143249,-0.0032096412807399322,0.12,-1.5,0.4794023633003235,1.981743167689506,1.0539179159718084,2.244816303253174,0.4794023633003235,2.1890296936035156,-0.6619625543788799,-1.9056042351163114,3.57780953412924
1776514863.5977395,0.0017983016706288725,-0.0016837004502219387,0.12,-1.5,0.48290038108825684,1.981006310093083,1.0537730347822172,2.2501962184906006,0.48290038108825684,2.185943841934204,-0.6619576990214552,-1.905590910744373,3.5778111342942016
1776514863.6468556,0.0017983016706288725,-0.0016837004502219387,0.12,-1.5,0.48290038108825684,1.981006310093083,1.0537730347822172,2.2501962184906006,0.48290038108825684,2.185943841934204,-0.6619576990214552,-1.905590910744373,3.5778111342942016
1776514863.6972263,0.000715800351729684,0.00407691928790229,0.12,-1.5,0.47870656847953796,1.982053497342684,1.053468624681821,2.237065553665161,0.47870656847953796,2.187262535095215,-0.6619539595718873,-1.9055851485728994,3.577807017485192
1776514863.7476244,-0.0015677091781487484,0.0057870485629760715,0.12,-1.5,0.47870656847953796,1.982053497342684,1.053468624681821,2.237065553665161,0.47870656847953796,2.187262535095215,-0.6619597097287627,-1.9056007226956972,3.577808085794227
1776514863.7967572,0.0006845880705788993,-0.002749131947502039,0.12,-1.5,0.47870656847953796,1.982053497342684,1.053468624681821,2.237065553665161,0.47870656847953796,2.187262535095215,-0.6619580893962441,-1.9055956099263571,3.577808088851136
1776514863.8468018,-0.0005545808708101395,-0.000327154381604813,0.12,-1.5,0.4664813280105591,1.9818582119046264,1.0533550599826549,2.23496150970459,0.4664813280105591,2.1796629428863525,-0.6619603610710129,-1.9056029897288527,3.5778067402384823
1776514863.8968852,8.011391811009737e-05,-0.0021145089922221787,0.12,-1.5,0.4664813280105591,1.9818582119046264,1.0533550599826549,2.23496150970459,0.4664813280105591,2.1796629428863525,-0.6619601776606845,-1.9056028730579995,3.577805397035777
1776514863.9497805,0.00013424768031983447,-0.0019218648668719149,0.12,-1.5,0.4664813280105591,1.9818582119046264,1.0533550599826549,2.23496150970459,0.4664813280105591,2.1796629428863525,-0.6619612970697455,-1.9056050269724873,3.577806279214253
1776514863.9967542,0.00010391665067472758,-0.001690949690228588,0.12,-1.5,0.48038241267204285,1.9812683050109765,1.053395458100877,2.2332022190093994,0.48038241267204285,2.176624059677124,-0.6619617227126546,-1.905605493836281,3.5778065630157956
1776514864.0507483,-0.0005810579606823069,-0.004476459164441335,0.12,-1.5,0.48038241267204285,1.9812683050109765,1.053395458100877,2.2332022190093994,0.48038241267204285,2.176624059677124,-0.6619601301857867,-1.905600277705421,3.577807405510228
1776514864.09977,-8.726827092963047e-05,-4.95340780622254e-05,0.12,-1.5,0.48310285806655884,1.9817622293486405,1.0532212360174482,2.239947557449341,0.48310285806655884,2.178446054458618,-0.6619567609089863,-1.905590609774635,3.5778059086711167
1776514864.1538959,-0.003345562547186985,0.0010245720550619596,0.12,-1.5,0.48310285806655884,1.9817622293486405,1.0532212360174482,2.239947557449341,0.48310285806655884,2.178446054458618,-0.6619692721508956,-1.9056153893206658,3.5778242558455675
1776514864.1968653,-0.014899461883259128,0.0067627454453554805,0.12,-1.5,0.48003995418548584,1.981797803699915,1.0538489721033315,2.2317607402801514,0.48003995418548584,2.1858458518981934,-0.6620117769178584,-1.9057041005076838,3.5779142055574966
1776514864.2519226,-0.03209026483483545,0.01797856731265637,0.12,-1.5,0.48003995418548584,1.981797803699915,1.0538489721033315,2.2317607402801514,0.48003995418548584,2.1858458518981934,-0.6621271775502446,-1.9059562950132873,3.5782047434936435
1776514864.2968802,-0.030810809656669557,0.014785955089542677,0.12,-1.5,0.48003995418548584,1.981797803699915,1.0538489721033315,2.2317607402801514,0.48003995418548584,2.1858458518981934,-0.662268410482664,-1.9062601701011856,3.57854317201446
1776514864.3467617,-0.03076006424409687,0.014456024146314332,0.12,-1.5,0.4813225269317627,1.98253850425205,1.054678950400534,2.2322466373443604,0.4813225269317627,2.181347608566284,-0.6624028296071454,-1.9065489661830997,3.5788772746430313
1776514864.4199555,-0.030380007806062297,0.014203036679621216,0.12,-1.5,0.4813225269317627,1.98253850425205,1.054678950400534,2.2322466373443604,0.4813225269317627,2.181347608566284,-0.6625346139758604,-1.906831317326739,3.579209411371043
1776514864.4487038,-0.030106441185645465,0.013920347562671341,0.12,-1.5,0.47440701723098755,1.9794620921719857,1.0541049161337768,2.2450077533721924,0.47440701723098755,2.1875834465026855,-0.6626644729182406,-1.9071100544112725,3.579538143981036
1776514864.4967487,-0.029757877287826057,0.014168826413109964,0.12,-1.5,0.47440701723098755,1.9794620921719857,1.0541049161337768,2.2450077533721924,0.47440701723098755,2.1875834465026855,-0.662792948852406,-1.9073853188678649,3.5798635767141236
1776514864.5467618,-0.029434692207400293,0.013953171976164018,0.12,-1.5,0.47440701723098755,1.9794620921719857,1.0541049161337768,2.2450077533721924,0.47440701723098755,2.1875834465026855,-0.6629215553103888,-1.9076602008873338,3.5801855615726663
1776514864.603782,-0.02839538035622187,0.012700819808852043,0.12,-1.5,0.47440701723098755,1.9794620921719857,1.0541049161337768,2.2450077533721924,0.47440701723098755,2.1875834465026855,-0.6630425154509295,-1.9079176027460185,3.580500263681257
1776514864.6469414,-0.028051474491511023,0.013381572103877238,0.12,-1.5,0.4756139814853668,1.979702118394774,1.0546006628720392,2.238058567047119,0.4756139814853668,2.1826369762420654,-0.6631643459047372,-1.9081774422244033,3.5808052904918077
1776514864.6995144,-0.028051474491511023,0.013381572103877238,0.12,-1.5,0.4756139814853668,1.979702118394774,1.0546006628720392,2.238058567047119,0.4756139814853668,2.1826369762420654,-0.6631643459047372,-1.9081774422244033,3.5808052904918077
1776514864.749131,-0.028541286187631087,0.015081878778103,0.12,-1.5,0.4756139814853668,1.979702118394774,1.0546006628720392,2.238058567047119,0.4756139814853668,2.1826369762420654,-0.6632901556940823,-1.9084477547854048,3.5811118429818984
1776514864.8027663,-0.027920156880998487,0.013456674666469682,0.12,-1.5,0.4678400456905365,1.981184114580569,1.0567168527212738,2.238320827484131,0.4678400456905365,2.1866276264190674,-0.6634179154092842,-1.908720758762528,3.5814200082580494
1776514864.8468788,-0.027920156880998487,0.013456674666469682,0.12,-1.5,0.4678400456905365,1.981184114580569,1.0567168527212738,2.238320827484131,0.4678400456905365,2.1866276264190674,-0.6634179154092842,-1.908720758762528,3.5814200082580494
1776514864.901334,-0.027735550066970538,0.013537713290509764,0.12,-1.5,0.4678400456905365,1.981184114580569,1.0567168527212738,2.238320827484131,0.4678400456905365,2.1866276264190674,-0.6635442588063843,-1.9089898781137422,3.581724086822041
1776514864.9470532,-0.027879325475166864,0.01193014859772901,0.12,-1.5,0.47819310426712036,1.9785122176930376,1.0549353969126123,2.2350144386291504,0.47819310426712036,2.181637763977051,-0.6636689835789998,-1.9092552592770442,3.582026527204655
1776514864.9979196,-0.027879325475166864,0.01193014859772901,0.12,-1.5,0.47819310426712036,1.9785122176930376,1.0549353969126123,2.2350144386291504,0.47819310426712036,2.181637763977051,-0.6636689835789998,-1.9092552592770442,3.582026527204655
1776514865.0495768,-0.023181807025271256,0.002299103813844818,0.12,-1.5,0.47819310426712036,1.9785122176930376,1.0549353969126123,2.2350144386291504,0.47819310426712036,2.181637763977051,-0.6639368179410456,-1.9098290305726136,3.5826649366031815
1776514865.09672,-0.023181807025271256,0.002299103813844818,0.12,-1.5,0.4814195930957794,1.9796524501089472,1.0559945532043247,2.2498629093170166,0.4814195930957794,2.1901843547821045,-0.6639368179410456,-1.9098290305726136,3.5826649366031815
1776514865.15276,-0.003553626151849614,0.0009446630649416665,0.12,-1.5,0.4814195930957794,1.9796524501089472,1.0559945532043247,2.2498629093170166,0.4814195930957794,2.1901843547821045,-0.6639889197264874,-1.909908022999403,3.5828294599202435
1776514865.2017593,-0.00895712762094563,0.0032602905570543357,0.12,-1.5,0.4814195930957794,1.9796524501089472,1.0559945532043247,2.2498629093170166,0.4814195930957794,2.1901843547821045,-0.6640155728239893,-1.909995609005795,3.582846537572902
1776514865.2468214,0.0006789832360572671,0.0052864224991714835,0.12,-1.5,0.4814195930957794,1.9796524501089472,1.0559945532043247,2.2498629093170166,0.4814195930957794,2.1901843547821045,-0.6640257346711185,-1.910020914958356,3.5828659785567414
1776514865.2968895,0.0006789832360572671,0.0052864224991714835,0.12,-1.5,0.4830125868320465,1.9792611650247247,1.0561213219181051,2.238981008529663,0.4830125868320465,2.1901862621307373,-0.6640257346711185,-1.910020914958356,3.5828659785567414
1776514865.346859,-0.0011855185242103288,0.004250289546572403,0.12,-1.5,0.4830125868320465,1.9792611650247247,1.0561213219181051,2.238981008529663,0.4830125868320465,2.1901862621307373,-0.6640301376711625,-1.9100332561079105,3.582867769383833
1776514865.3968368,-0.00044197762622036964,0.003236508279032238,0.12,-1.5,0.4757176637649536,1.9794990985234726,1.0559271467357856,2.249185562133789,0.4757176637649536,2.1892449855804443,-0.6640301376711625,-1.9100332561079105,3.582867769383833
1776514865.4470897,-0.0003518654162123218,0.0024903518719452335,0.12,-1.5,0.4757176637649536,1.9794990985234726,1.0559271467357856,2.249185562133789,0.4757176637649536,2.1892449855804443,-0.6640383219738046,-1.910052130520758,3.5828683241549855
1776514865.4967794,-0.0003518654162123218,0.0024903518719452335,0.12,-1.5,0.4757176637649536,1.9794990985234726,1.0559271467357856,2.249185562133789,0.4757176637649536,2.1892449855804443,-0.6640383219738046,-1.910052130520758,3.5828683241549855
1776514865.5509496,-0.00027421830683383314,0.0022702840650334856,0.12,-1.5,0.4758855402469635,1.9795180968836874,1.055988196887985,2.244539976119995,0.4758855402469635,2.1841137409210205,-0.66403762667918,-1.910050388429374,3.582868198143674
1776514865.5970194,-0.00030289240615254646,0.0022678823596597036,0.12,-1.5,0.4758855402469635,1.9795180968836874,1.055988196887985,2.244539976119995,0.4758855402469635,2.1841137409210205,-0.6640364039230371,-1.9100475548727816,3.582867345375141
1776514865.646771,-0.00030289240615254646,0.0022678823596597036,0.12,-1.5,0.4758855402469635,1.9795180968836874,1.055988196887985,2.244539976119995,0.4758855402469635,2.1841137409210205,-0.6640364039230371,-1.9100475548727816,3.582867345375141
1776514865.6968527,-0.00033133567183737223,0.0020790716557352006,0.12,-1.5,0.4758855402469635,1.9795180968836874,1.055988196887985,2.244539976119995,0.4758855402469635,2.1841137409210205,-0.6640372350333837,-1.910048880107532,3.582867769582603
1776514865.7481713,-0.00024460281077979623,0.0015686817290713622,0.12,-1.5,0.4702419340610504,1.9794422727178138,1.0561623369765833,2.2506659030914307,0.4702419340610504,2.18826961517334,-0.6640387135181437,-1.9100508789176844,3.5828691990897927
1776514865.7967951,-0.0008094000071096261,0.0008547519006296567,0.12,-1.5,0.4702419340610504,1.9794422727178138,1.0561623369765833,2.2506659030914307,0.4702419340610504,2.18826961517334,-0.6640407074600804,-1.910052721550955,3.5828722170006584
1776514865.8470337,-0.0023933256616641245,0.0033798374530582286,0.12,-1.5,0.47750359773635864,1.978642754677156,1.0561469179311624,2.249204397201538,0.47750359773635864,2.182490110397339,-0.6640502640419607,-1.9100706215512468,3.5828818219229253
1776514865.8967566,-0.015602686220978679,0.013143113575622712,0.12,-1.5,0.47750359773635864,1.978642754677156,1.0561469179311624,2.249204397201538,0.47750359773635864,2.182490110397339,-0.664112935526819,-1.9101971985452124,3.5829593946369385
1776514865.9468846,-0.03366029175029779,0.03483306612874593,0.12,-1.5,0.47750359773635864,1.978642754677156,1.0561469179311624,2.249204397201538,0.47750359773635864,2.182490110397339,-0.6643589651369654,-1.9107278630876003,3.583264672674033
1776514865.9997606,-0.0322635766302453,0.030032183967165563,0.12,-1.5,0.48456740379333496,1.9770872171392715,1.0553217509065447,2.245755434036255,0.48456740379333496,2.191873788833618,-0.6646585819282704,-1.9113654819954249,3.5836294491521516
1776514866.0468764,-0.03217833937680558,0.029411405950413368,0.12,-1.5,0.48456740379333496,1.9770872171392715,1.0553217509065447,2.245755434036255,0.48456740379333496,2.191873788833618,-0.664940986069459,-1.9119647040339922,3.5839835571424175
1776514866.0969982,-0.03122181406549583,0.02839769590530252,0.12,-1.5,0.48428335785865784,1.9773097190175422,1.0570226338746036,2.253739356994629,0.48428335785865784,2.196246385574341,-0.6652182134092632,-1.9125528611623732,3.584334280831793
1776514866.1524284,-0.03122181406549583,0.02839769590530252,0.12,-1.5,0.48428335785865784,1.9773097190175422,1.0570226338746036,2.253739356994629,0.48428335785865784,2.196246385574341,-0.6654897926352211,-1.9131290965433427,3.5846797168350752
1776514866.1966236,-0.030652459134610368,0.02878850546724658,0.12,-1.5,0.4753457009792328,1.9753369544800732,1.05735407876013,2.2496321201324463,0.4753457009792328,2.1952269077301025,-0.6657598745667698,-1.9137004523321992,3.5850173233910447
1776514866.2509735,-0.030278682070300347,0.028528278664126324,0.12,-1.5,0.4753457009792328,1.9753369544800732,1.05735407876013,2.2496321201324463,0.4753457009792328,2.1952269077301025,-0.6660295129168426,-1.9142715905961287,3.5853528970491704
1776514866.2968721,-0.030050747887105878,0.028104319817311874,0.12,-1.5,0.4753457009792328,1.9753369544800732,1.05735407876013,2.2496321201324463,0.4753457009792328,2.1952269077301025,-0.6662993169414675,-1.9148433313199031,3.5856876718255144
1776514866.3465183,-0.03051828535105815,0.02958916584799261,0.12,-1.5,0.47117650508880615,1.9762331378834872,1.0579844397676277,2.2504520416259766,0.47117650508880615,2.195768117904663,-0.6665701647615284,-1.9154181707600824,3.5860215419848305
1776514866.3978996,-0.03051828535105815,0.02958916584799261,0.12,-1.5,0.47117650508880615,1.9762331378834872,1.0579844397676277,2.2504520416259766,0.47117650508880615,2.195768117904663,-0.6665701647615284,-1.9154181707600824,3.5860215419848305
1776514866.4468753,-0.030387463717097322,0.029476767208042043,0.12,-1.5,0.47117650508880615,1.9762331378834872,1.0579844397676277,2.2504520416259766,0.47117650508880615,2.195768117904663,-0.6668444092576931,-1.9159995773880105,3.586357974679406
1776514866.4967868,-0.03028546890329061,0.02934640777559563,0.12,-1.5,0.47361817955970764,1.974146593041601,1.0579318751848974,2.2461211681365967,0.47361817955970764,2.1932694911956787,-0.6671189944395425,-1.9165814675827706,3.5866941260238208
1776514866.5471969,-0.031238745445779426,0.0300692742355931,0.12,-1.5,0.47361817955970764,1.974146593041601,1.0579318751848974,2.2461211681365967,0.47361817955970764,2.1932694911956787,-0.6676961353810102,-1.917803176695615,3.5873903184940197
1776514866.6049032,-0.030518825565766225,0.030111395300428546,0.12,-1.5,0.47361817955970764,1.974146593041601,1.0579318751848974,2.2461211681365967,0.47361817955970764,2.1932694911956787,-0.6679840226645845,-1.918410945620474,3.587739893188254
1776514866.6597342,-0.030518825565766225,0.030111395300428546,0.12,-1.5,0.4794611930847168,1.9717639951822825,1.0574924182149363,2.2563998699188232,0.4794611930847168,2.196552276611328,-0.6679840226645845,-1.918410945620474,3.587739893188254
1776514866.696959,-0.03150257191858508,0.03189744041864671,0.12,-1.5,0.4794611930847168,1.9717639951822825,1.0574924182149363,2.2563998699188232,0.4794611930847168,2.196552276611328,-0.6682729409977004,-1.9190234861193394,3.588089835135549
1776514866.7468717,-0.03015853294490792,0.027532107803760794,0.12,-1.5,0.4794611930847168,1.9717639951822825,1.0574924182149363,2.2563998699188232,0.4794611930847168,2.196552276611328,-0.6685373613030803,-1.9195751570988966,3.5884243322568596
1776514866.7967982,-0.030001896384875344,0.02826886954486415,0.12,-1.5,0.477867990732193,1.972763297819187,1.0587703103376718,2.258582592010498,0.477867990732193,2.194312810897827,-0.6688188698968127,-1.9201691123798166,3.588763374043559
1776514866.8468232,-0.022779356361394488,0.010756327966978625,0.12,-1.5,0.477867990732193,1.972763297819187,1.0587703103376718,2.258582592010498,0.477867990732193,2.194312810897827,-0.6690310450008214,-1.9206014283672004,3.589061325286338
1776514866.9006717,-0.022779356361394488,0.010756327966978625,0.12,-1.5,0.477867990732193,1.972763297819187,1.0587703103376718,2.258582592010498,0.477867990732193,2.194312810897827,-0.6690310450008214,-1.9206014283672004,3.589061325286338
1776514866.9465883,-0.019485339233444587,0.002421572591910346,0.12,-1.5,0.47375527024269104,1.9706672303495751,1.0592514582203203,2.242992877960205,0.47375527024269104,2.1980957984924316,-0.6691915145138172,-1.9209329992613817,3.589270655324091
1776514866.996974,-0.015460935023119944,0.024831534814430584,0.12,-1.5,0.47375527024269104,1.9706672303495751,1.0592514582203203,2.242992877960205,0.47375527024269104,2.1980957984924316,-0.6693435866599443,-1.921267927984369,3.589422924254555
1776514867.0497854,-0.015460935023119944,0.024831534814430584,0.12,-1.5,0.47375527024269104,1.9706672303495751,1.0592514582203203,2.242992877960205,0.47375527024269104,2.1980957984924316,-0.6693435866599443,-1.921267927984369,3.589422924254555
1776514867.0976667,-0.0042530340704025485,0.0022421409657573522,0.12,-1.5,0.48249655961990356,1.970169322453198,1.0594111432196938,2.2625839710235596,0.48249655961990356,2.181668281555176,-0.6695395776887884,-1.9216773462406203,3.589644970335773
1776514867.1469023,-0.0042530340704025485,0.0022421409657573522,0.12,-1.5,0.48249655961990356,1.970169322453198,1.0594111432196938,2.2625839710235596,0.48249655961990356,2.181668281555176,-0.669636802179172,-1.9218687278094555,3.589742310844349
1776514867.2011952,-0.003634097506200786,-0.008072842746119227,0.12,-1.5,0.48249655961990356,1.970169322453198,1.0594111432196938,2.2625839710235596,0.48249655961990356,2.181668281555176,-0.6696340216753502,-1.9218902293228202,3.589730731839482
1776514867.2467115,-0.00045858465424874036,-0.001864190757497095,0.12,-1.5,0.48249655961990356,1.970169322453198,1.0594111432196938,2.2625839710235596,0.48249655961990356,2.181668281555176,-0.6696269818892524,-1.9218771452834607,3.589728346615377
1776514867.2981973,0.00044625829551371083,-0.0009047278668784692,0.12,-1.5,0.46901702880859375,1.970650298439938,1.058703017934052,2.2538671493530273,0.46901702880859375,2.1875524520874023,-0.6696254876075828,-1.9218720700348866,3.589728470646473
1776514867.346644,0.00044625829551371083,-0.0009047278668784692,0.12,-1.5,0.46901702880859375,1.970650298439938,1.058703017934052,2.2538671493530273,0.46901702880859375,2.1875524520874023,-0.6696254876075828,-1.9218720700348866,3.589728470646473
1776514867.4346313,0.00031767240794973613,0.00014862073305256,0.12,-1.5,0.46901702880859375,1.970650298439938,1.058703017934052,2.2538671493530273,0.46901702880859375,2.1875524520874023,-0.6696283375937726,-1.9218778363082683,3.5897297145877696
1776514867.460546,-0.0005818793648843244,0.0012198095097738816,0.12,-1.5,0.46901702880859375,1.970650298439938,1.058703017934052,2.2538671493530273,0.46901702880859375,2.1875524520874023,-0.6696420665519272,-1.9219057528677388,3.5897376747417935
1776514867.5012035,-0.0002411215544190583,0.0014875473198037808,0.12,-1.5,0.47968578338623047,1.9706776650496702,1.0593538281672445,2.2636380195617676,0.47968578338623047,2.1947133541107178,-0.6696588243472281,-1.9219390576102986,3.589745293403682
1776514867.5574205,-0.006536309644992587,0.008337162282527096,0.12,-1.5,0.47968578338623047,1.9706776650496702,1.0593538281672445,2.2636380195617676,0.47968578338623047,2.1947133541107178,-0.6696900916525069,-1.9219994045459101,3.589769241760646
1776514867.6057515,-0.020593941767806927,0.02676001183883762,0.12,-1.5,0.4739876091480255,1.9710341456805414,1.0596511440125282,2.2624545097351074,0.4739876091480255,2.1933560371398926,-0.6698540270581552,-1.9223390175963286,3.5899200675126957
1776514867.6507492,-0.03409157385196012,0.04754186761600189,0.12,-1.5,0.4739876091480255,1.9710341456805414,1.0596511440125282,2.2624545097351074,0.4739876091480255,2.1933560371398926,-0.6702139375130964,-1.9230988386087107,3.5902433138180996
1776514867.6978712,-0.0330575096655131,0.043266651502265656,0.12,-1.5,0.4739876091480255,1.9710341456805414,1.0596511440125282,2.2624545097351074,0.4739876091480255,2.1933560371398926,-0.6706386724866854,-1.9239921270304972,3.590621083931825
1776514867.7487578,-0.0330575096655131,0.043266651502265656,0.12,-1.5,0.47710514068603516,1.9691034401323264,1.059141239558642,2.2605350017547607,0.47710514068603516,2.1939215660095215,-0.6706386724866854,-1.9239921270304972,3.590621083931825
1776514867.7978861,-0.032977329805590545,0.043433725096040855,0.12,-1.5,0.47710514068603516,1.9691034401323264,1.059141239558642,2.2605350017547607,0.47710514068603516,2.1939215660095215,-0.6710498226265716,-1.9248590111840882,3.590992611080831
1776514867.8467698,-0.03269630451309993,0.042951853306480284,0.12,-1.5,0.47710514068603516,1.9691034401323264,1.059141239558642,2.2605350017547607,0.47710514068603516,2.1939215660095215,-0.6714588305255914,-1.9257205735218397,3.5913621500100046
1776514867.898816,-0.03229995461500533,0.0426923372471978,0.12,-1.5,0.4706437289714813,1.9655355910643948,1.0589305962959066,2.267944574356079,0.4706437289714813,2.19950795173645,-0.6718604972480237,-1.9265657739716087,3.5917267013650815
1776514867.9469113,-0.03213195909222995,0.04220620207178055,0.12,-1.5,0.4706437289714813,1.9655355910643948,1.0589305962959066,2.267944574356079,0.4706437289714813,2.19950795173645,-0.6722642455675666,-1.9274165941342767,3.5920922218531506
1776514867.9968588,-0.03193279186169957,0.041969505343215904,0.12,-1.5,0.47531118988990784,1.9674020400486205,1.0612842159249805,2.280409574508667,0.47531118988990784,2.1996119022369385,-0.6726664656964503,-1.9282636419838723,3.5924561373570847
1776514868.0488744,-0.03144304558672542,0.04295674384604304,0.12,-1.5,0.47531118988990784,1.9674020400486205,1.0612842159249805,2.280409574508667,0.47531118988990784,2.1996119022369385,-0.6730656117816403,-1.9291042999658001,3.592818447499549
1776514868.0978744,-0.031797768307127085,0.03989847264314998,0.12,-1.5,0.47531118988990784,1.9674020400486205,1.0612842159249805,2.280409574508667,0.47531118988990784,2.1996119022369385,-0.6734620341829818,-1.9299389899332433,3.5931789251586297
1776514868.1467829,-0.031797768307127085,0.03989847264314998,0.12,-1.5,0.47338753938674927,1.9650566912050274,1.0616209590856522,2.274956464767456,0.47338753938674927,2.1954078674316406,-0.6734620341829818,-1.9299389899332433,3.5931789251586297
1776514868.1970694,-0.03239545149114016,0.04294298977141197,0.12,-1.5,0.47338753938674927,1.9650566912050274,1.0616209590856522,2.274956464767456,0.47338753938674927,2.1954078674316406,-0.6738758035128922,-1.9308099860251293,3.5935497737725197
1776514868.2468243,-0.03169836761509652,0.04103640447939139,0.12,-1.5,0.47338753938674927,1.9650566912050274,1.0616209590856522,2.274956464767456,0.47338753938674927,2.1954078674316406,-0.6742679223305267,-1.9316329839529425,3.593911631511245
1776514868.296785,-0.03169836761509652,0.04103640447939139,0.12,-1.5,0.47338753938674927,1.9650566912050274,1.0616209590856522,2.274956464767456,0.47338753938674927,2.1954078674316406,-0.6742679223305267,-1.9316329839529425,3.593911631511245
1776514868.3487387,-0.031122364150427143,0.039309178593054335,0.12,-1.5,0.47163423895835876,1.9632317560839498,1.0618307985779873,2.258204936981201,0.47163423895835876,2.1868855953216553,-0.6746495686905516,-1.9324337844985935,3.59426393415447
1776514868.3977616,-0.030626963899456204,0.039083073365014695,0.12,-1.5,0.47163423895835876,1.9632317560839498,1.0618307985779873,2.258204936981201,0.47163423895835876,2.1868855953216553,-0.6750334228971333,-1.9332402991418633,3.594614726362592
1776514868.446782,-0.030421643012177837,0.0393658488898417,0.12,-1.5,0.47163423895835876,1.9632317560839498,1.0618307985779873,2.258204936981201,0.47163423895835876,2.1868855953216553,-0.6754217719064276,-1.9340594251266678,3.594967900077263
1776514868.4988835,-0.028781968363899908,0.036619872100338666,0.12,-1.5,0.4633573591709137,1.9610447209814321,1.0612652514289118,2.2607975006103516,0.4633573591709137,2.2044708728790283,-0.6757903115570415,-1.9348329348045332,3.5953113631322173
1776514868.5522587,-0.026758686013296392,0.03652855481049739,0.12,-1.5,0.4633573591709137,1.9610447209814321,1.0612652514289118,2.2607975006103516,0.4633573591709137,2.2044708728790283,-0.6761423355444415,-1.9355746864123837,3.5956342850156875
1776514868.5980115,-0.02382993706363431,0.035758110349605805,0.12,-1.5,0.4633573591709137,1.9610447209814321,1.0612652514289118,2.2607975006103516,0.4633573591709137,2.2044708728790283,-0.676472165139064,-1.9362696731144706,3.5959440717036912
1776514868.6463184,-0.002496742693913291,0.0030735973870217033,0.12,-1.5,0.4727402627468109,1.9620225201261805,1.0632839442816149,2.279508352279663,0.4727402627468109,2.2050864696502686,-0.6766749714065856,-1.936687037557416,3.596172032015115
1776514868.6977453,-0.020097686186145162,0.0079838436947834,0.12,-1.5,0.4727402627468109,1.9620225201261805,1.0632839442816149,2.279508352279663,0.4727402627468109,2.2050864696502686,-0.6767920304035895,-1.9370212959575528,3.5962404740766454
1776514868.746756,-0.0007778769674895489,0.05439986993304654,0.12,-1.5,0.4662928879261017,1.961935893018195,1.0630410735318112,2.2460708618164062,0.4662928879261017,2.196816921234131,-0.6767092439653578,-1.9369460896241626,3.59619900352958
1776514868.7967627,0.004110981088625976,-0.009732463670622377,0.12,-1.5,0.4662928879261017,1.961935893018195,1.0630410735318112,2.2460708618164062,0.4662928879261017,2.196816921234131,-0.6767999097816148,-1.9372510053483087,3.5962848791489206
1776514868.8466854,-0.0012548673869586218,0.003507363186196125,0.12,-1.5,0.4727446138858795,1.9591078470968517,1.061632194384356,1.0753501653671265,0.4727446138858795,2.199725866317749,-0.6767985243915693,-1.9372540007872028,3.5962828101671476
1776514868.8967547,0.000407573822958839,6.098900286666014e-05,0.12,-1.5,0.4727446138858795,1.9591078470968517,1.061632194384356,1.0753501653671265,0.4727446138858795,2.199725866317749,-0.6767987825795939,-1.9372541040236895,3.596283286396271
1776514868.952192,-0.00022114753512886338,0.0010670858274101148,0.12,-1.5,0.4727446138858795,1.9591078470968517,1.061632194384356,1.0753501653671265,0.4727446138858795,2.199725866317749,-0.6768020037954264,-1.9372605161842877,3.596284896413073
1776514868.9967487,-0.00023336606444858356,0.0011857630054724641,0.12,-1.5,0.47160598635673523,1.958858144382544,1.0622779658118424,1.0580745935440063,0.47160598635673523,2.200960397720337,-0.6768011848106817,-1.9372573611959383,3.596285146528865
1776514869.047702,-0.0015170895525259858,0.0060880220781769434,0.12,-1.5,0.47160598635673523,1.958858144382544,1.0622779658118424,1.0580745935440063,0.47160598635673523,2.200960397720337,-0.6767986905534711,-1.9372517285492366,3.596284891447042
1776514869.0970771,-0.0015170895525259858,0.0060880220781769434,0.12,-1.5,0.47160598635673523,1.958858144382544,1.0622779658118424,1.0580745935440063,0.47160598635673523,2.200960397720337,-0.6767986905534711,-1.9372517285492366,3.596284891447042
1776514869.147883,-0.00154662636392099,0.0027521066083653206,0.12,-1.5,0.47195014357566833,1.9590475373693796,1.061631906688468,1.0560929775238037,0.47195014357566833,2.2079310417175293,-0.6768316355703852,-1.937319241807943,3.5962994963485118
1776514869.1999068,-0.004977054211202213,0.010576631440439717,0.12,-1.5,0.47195014357566833,1.9590475373693796,1.061631906688468,1.0560929775238037,0.47195014357566833,2.2079310417175293,-0.6768786956491808,-1.9374162460466138,3.596331495946853
1776514869.2497857,-0.011060837524839046,0.019860463953567584,0.12,-1.5,0.47195014357566833,1.9590475373693796,1.061631906688468,1.0560929775238037,0.47195014357566833,2.2079310417175293,-0.6770185221951452,-1.9377101067426057,3.596431495725155
1776514869.2990031,-0.011060837524839046,0.019860463953567584,0.12,-1.5,0.47195014357566833,1.9590475373693796,1.061631906688468,1.0560929775238037,0.47195014357566833,2.2079310417175293,-0.6770185221951452,-1.9377101067426057,3.596431495725155
1776514869.346938,-0.014387013697484095,0.025729393692799002,0.12,-1.5,0.4739304780960083,1.9593942645354805,1.0626986658592268,1.0164192914962769,0.4739304780960083,2.1944468021392822,-0.6772325773259403,-1.9381595311193605,3.5965830282125273
1776514869.3967748,-0.015646417131209595,0.028088056723009718,0.12,-1.5,0.4739304780960083,1.9593942645354805,1.0626986658592268,1.0164192914962769,0.4739304780960083,2.1944468021392822,-0.6774845271304887,-1.9386889364905457,3.5967603693542687
1776514869.4529145,-0.014800462097583542,0.02681978600790268,0.12,-1.5,0.4739304780960083,1.9593942645354805,1.0626986658592268,1.0164192914962769,0.4739304780960083,2.1944468021392822,-0.6777401328903031,-1.9392261993974111,3.5969394270744366
1776514869.4970524,-0.011843993646510481,0.021906917254384903,0.12,-1.5,0.47206705808639526,1.95984848388139,1.0637261208146256,0.9640479683876038,0.47206705808639526,2.2020485401153564,-0.6779646037890452,-1.9396981533749,3.5970959034380745
1776514869.5471463,-0.006414650296424063,0.012358866062078125,0.12,-1.5,0.47206705808639526,1.95984848388139,1.0637261208146256,0.9640479683876038,0.47206705808639526,2.2020485401153564,-0.6781193137820197,-1.9400233662157393,3.597202913894102
1776514869.5967863,0.00016438368884099272,0.00033138143091745596,0.12,-1.5,0.47366032004356384,1.9576207346435393,1.0625855670271456,0.9508644342422485,0.47366032004356384,2.2080507278442383,-0.678168030959772,-1.9401258702867819,3.5972370176105466
1776514869.6469402,0.001051726485806896,-0.0014528522597238613,0.12,-1.5,0.47366032004356384,1.9576207346435393,1.0625855670271456,0.9508644342422485,0.47366032004356384,2.2080507278442383,-0.6781255133860004,-1.9400407180129218,3.5972180419347732
1776514869.6976504,-0.0003154632978622488,0.0008897769883054879,0.12,-1.5,0.47366032004356384,1.9576207346435393,1.0625855670271456,0.9508644342422485,0.47366032004356384,2.2080507278442383,-0.6781312442416209,-1.9400515267683525,3.597220108968895
1776514869.748021,0.0002071977163585342,-0.00045631588905561916,0.12,-1.5,0.470390647649765,1.956807100723233,1.0622361172549157,0.9520211219787598,0.470390647649765,2.196259021759033,-0.6781274478630919,-1.9400436365548188,3.59721842048508
1776514869.7987773,0.0002071977163585342,-0.00045631588905561916,0.12,-1.5,0.470390647649765,1.956807100723233,1.0622361172549157,0.9520211219787598,0.470390647649765,2.196259021759033,-0.6781274478630919,-1.9400436365548188,3.59721842048508
1776514869.8467572,-0.00012912505478377965,0.0009046183370438517,0.12,-1.5,0.470390647649765,1.956807100723233,1.0622361172549157,0.9520211219787598,0.470390647649765,2.196259021759033,-0.678126147141075,-1.9400416295744287,3.5972178072273495
1776514869.9000645,0.00025090942494581585,-3.0847139925245515e-05,0.12,-1.5,0.4751608371734619,1.9572100859621298,1.0622475377292233,0.953984260559082,0.4751608371734619,2.1974737644195557,-0.6781211803306768,-1.9400314255421665,3.597215601011349
1776514869.951782,0.00042886007250296325,-0.0004864133871789212,0.12,-1.5,0.4751608371734619,1.9572100859621298,1.0622475377292233,0.953984260559082,0.4751608371734619,2.1974737644195557,-0.6781071298555558,-1.9400027283574184,3.5972095989130177
1776514869.9987671,0.00034519232039194434,-0.0005089314552573293,0.12,-1.5,0.4760488271713257,1.9602569143436883,1.063415348494576,0.9453122615814209,0.4760488271713257,2.197479486465454,-0.6780900533336327,-1.9399672829555463,3.597202519127073
1776514870.0467496,0.000255821480048209,-0.00010962647698698337,0.12,-1.5,0.4760488271713257,1.9602569143436883,1.063415348494576,0.9453122615814209,0.4760488271713257,2.197479486465454,-0.6780824814941353,-1.939952213295075,3.5971992244592594
1776514870.098758,0.00040251249691981904,-0.00014259804995193738,0.12,-1.5,0.4760488271713257,1.9602569143436883,1.063415348494576,0.9453122615814209,0.4760488271713257,2.197479486465454,-0.6780544744972183,-1.9398963156295488,3.597187978583412
1776514870.1469383,0.00018591896046824203,0.00040642415898820033,0.12,-1.5,0.46741998195648193,1.9598323905997317,1.0635781441861032,0.9538863897323608,0.46741998195648193,2.2063138484954834,-0.6780544744972183,-1.9398963156295488,3.597187978583412
1776514870.1967509,0.00018591896046824203,0.00040642415898820033,0.12,-1.5,0.46741998195648193,1.9598323905997317,1.0635781441861032,0.9538863897323608,0.46741998195648193,2.2063138484954834,-0.6780501589238587,-1.939889560527185,3.5971859935798314
1776514870.2467656,0.0011181667028090504,-0.003807109930738149,0.12,-1.5,0.46741998195648193,1.9598323905997317,1.0635781441861032,0.9538863897323608,0.46741998195648193,2.2063138484954834,-0.6780414947916266,-1.9398761671314944,3.5971822355473906
1776514870.2971487,0.0007883761577754926,-0.001770450075725933,0.12,-1.5,0.4761739671230316,1.9600865682940258,1.0638660787660967,0.9485929012298584,0.4761739671230316,2.202026605606079,-0.6779879531102746,-1.9397785297043897,3.597165186660903
1776514870.3466692,0.00024651414332350295,-0.00042838708592916186,0.12,-1.5,0.4761739671230316,1.9600865682940258,1.0638660787660967,0.9485929012298584,0.4761739671230316,2.202026605606079,-0.677994981882755,-1.9397959555134803,3.5971677056989293
1776514870.3967376,-0.00010772625761777322,0.0005916227063453662,0.12,-1.5,0.4761739671230316,1.9600865682940258,1.0638660787660967,0.9485929012298584,0.4761739671230316,2.202026605606079,-0.6779958187035023,-1.9398005193757173,3.597168505965656
1776514870.44904,-0.00033443140871063093,0.0012238822583897795,0.12,-1.5,0.4762788414955139,1.9602010369190566,1.0639645205898114,0.949603259563446,0.4762788414955139,2.1954219341278076,-0.6780055980678268,-1.9398217524922985,3.5971719204973978
1776514870.4977412,-0.0003520133411431349,0.0010788923370933896,0.12,-1.5,0.4762788414955139,1.9602010369190566,1.0639645205898114,0.949603259563446,0.4762788414955139,2.1954219341278076,-0.6780149466139184,-1.9398428374082737,3.597175646715733
1776514870.5468524,-0.0003520133411431349,0.0010788923370933896,0.12,-1.5,0.4676685333251953,1.9602737277332662,1.0641854712203473,0.9566736221313477,0.4676685333251953,2.2032463550567627,-0.6780149466139184,-1.9398428374082737,3.597175646715733
1776514870.5998535,0.00013743660976645427,-0.0024427104751177093,0.12,-1.5,0.4676685333251953,1.9602737277332662,1.0641854712203473,0.9566736221313477,0.4676685333251953,2.2032463550567627,-0.678023261159953,-1.939861036230081,3.5971804082380965
1776514870.6489022,0.000116812516300705,-0.002006982089725705,0.12,-1.5,0.4676685333251953,1.9602737277332662,1.0641854712203473,0.9566736221313477,0.4676685333251953,2.2032463550567627,-0.6780157741265119,-1.9398482439780163,3.5971797636669134
1776514870.6967797,0.008840990130141776,-0.03312636548707458,0.12,-1.5,0.4741991460323334,1.960092291718385,1.0636717343092246,0.9600867033004761,0.4741991460323334,2.2060959339141846,-0.6779760852684749,-1.9397366062144055,3.597175572400738
1776514870.7469006,0.04514246570048058,-0.3211894345739384,0.12,-1.5,0.4741991460323334,1.960092291718385,1.0636717343092246,0.9600867033004761,0.4741991460323334,2.2060959339141846,-0.6760293535253807,-1.93564317055634,3.596858315899647
1776514870.7967508,0.08643211893520761,-0.19787845766928547,0.12,-1.5,0.4741991460323334,1.960092291718385,1.0636717343092246,0.9600867033004761,0.4741991460323334,2.2060959339141846,-0.6727979019282675,-1.92888097374777,3.5961247224272412
1776514870.8499644,0.05838179068263152,-0.18074553386241327,0.12,-1.5,0.47374287247657776,1.96551155142493,1.0599118829839842,2.2659413814544678,0.47374287247657776,2.2078359127044678,-0.670877801034378,-1.9257925614150821,3.5956536510312844
1776514870.8972723,0.05590611074266115,-0.2151976192074553,0.12,-1.5,0.47374287247657776,1.96551155142493,1.0599118829839842,2.2659413814544678,0.47374287247657776,2.2078359127044678,-0.6682581228883087,-1.9216751559475673,3.595577263898382
1776514870.9470487,0.06124355979157122,-0.19382762295864595,0.12,-1.5,0.47374287247657776,1.96551155142493,1.0599118829839842,2.2659413814544678,0.47374287247657776,2.2078359127044678,-0.665803525959975,-1.9176341300570565,3.595347322350668
1776514870.9977262,0.06124355979157122,-0.19382762295864595,0.12,-1.5,0.47683078050613403,1.9712501584270505,1.0577629369437729,2.2569782733917236,0.47683078050613403,2.199496269226074,-0.665803525959975,-1.9176341300570565,3.595347322350668
1776514871.0481496,0.06970886329010915,-0.19096061806189973,0.12,-1.5,0.47683078050613403,1.9712501584270505,1.0577629369437729,2.2569782733917236,0.47683078050613403,2.199496269226074,-0.6637751829701954,-1.9138944176651302,3.5947753841477934
1776514871.0971615,0.07344274964742332,-0.23707361582771438,0.12,-1.5,0.47683078050613403,1.9712501584270505,1.0577629369437729,2.2569782733917236,0.47683078050613403,2.199496269226074,-0.6616120965375937,-1.9094463199843887,3.5939935094185747
1776514871.1489155,0.08081507990839083,-0.25570688562144034,0.12,-1.5,0.4714369773864746,1.9806000165482784,1.0574589891661632,2.2481918334960938,0.4714369773864746,2.191183567047119,-0.659258320792625,-1.9046158763791592,3.593153688612502
1776514871.19899,0.10060896618502943,-0.3276609445512659,0.12,-1.5,0.4714369773864746,1.9806000165482784,1.0574589891661632,2.2481918334960938,0.4714369773864746,2.191183567047119,-0.6564013822112786,-1.8987791005365264,3.5921684166437995
1776514871.2468612,0.1306818572547485,-0.4124946631200645,0.12,-1.5,0.4785245954990387,1.9903442311022261,1.0547601285921098,2.245922565460205,0.4785245954990387,2.1878015995025635,-0.6527192666096139,-1.8912942687589265,3.5909175488805265
1776514871.2978852,0.1306818572547485,-0.4124946631200645,0.12,-1.5,0.4785245954990387,1.9903442311022261,1.0547601285921098,2.245922565460205,0.4785245954990387,2.1878015995025635,-0.6527192666096139,-1.8912942687589265,3.5909175488805265
1776514871.3478415,0.16209997107691348,-0.512793957547209,0.12,-1.5,0.4785245954990387,1.9903442311022261,1.0547601285921098,2.245922565460205,0.4785245954990387,2.1878015995025635,-0.6480389440325164,-1.881838304546923,3.589355832750938
1776514871.4047515,0.18393800993594345,-0.5971611951690188,0.12,-1.5,0.4785245954990387,1.9903442311022261,1.0547601285921098,2.245922565460205,0.4785245954990387,2.1878015995025635,-0.6422340647852379,-1.8702342263139462,3.5875156489775923
1776514871.4480186,0.18393800993594345,-0.5971611951690188,0.12,-1.5,0.4785245954990387,1.9903442311022261,1.0547601285921098,2.245922565460205,0.4785245954990387,2.1878015995025635,-0.6422340647852379,-1.8702342263139462,3.5875156489775923
1776514871.5048528,0.18759515069944566,-0.599137606477264,0.12,-1.5,0.4890669584274292,2.006791483049146,1.0493563001710333,2.236156940460205,0.4890669584274292,2.1862447261810303,-0.6362347222188623,-1.8583049414016704,3.5856136479705563
1776514871.5468795,0.18487657889697218,-0.5996092326717878,0.12,-1.5,0.4890669584274292,2.006791483049146,1.0493563001710333,2.236156940460205,0.4890669584274292,2.1862447261810303,-0.6301452917131058,-1.846289832815889,3.583761906122194
1776514871.6001751,0.18383852881895948,-0.5904415105392503,0.12,-1.5,0.4890669584274292,2.006791483049146,1.0493563001710333,2.236156940460205,0.4890669584274292,2.1862447261810303,-0.6241016424646183,-1.8344503267411059,3.5819689892691082
1776514871.6631184,0.18383852881895948,-0.5904415105392503,0.12,-1.5,0.48486682772636414,2.0252879049136174,1.0436084916088866,2.221116304397583,0.48486682772636414,2.1708285808563232,-0.6241016424646183,-1.8344503267411059,3.5819689892691082
1776514871.7008765,0.18410666603354855,-0.5893713523858772,0.12,-1.5,0.48486682772636414,2.0252879049136174,1.0436084916088866,2.221116304397583,0.48486682772636414,2.1708285808563232,-0.6180295379361244,-1.8226425003033864,3.58021673618921
1776514871.7534087,0.18410666603354855,-0.5893713523858772,0.12,-1.5,0.48486682772636414,2.0252879049136174,1.0436084916088866,2.221116304397583,0.48486682772636414,2.1708285808563232,-0.6180295379361244,-1.8226425003033864,3.58021673618921
1776514871.8027046,0.18410666603354855,-0.5893713523858772,0.12,-1.5,0.48486682772636414,2.0252879049136174,1.0436084916088866,2.221116304397583,0.48486682772636414,2.1708285808563232,-0.6180295379361244,-1.8226425003033864,3.58021673618921
1776514871.8466563,0.18430361266214051,-0.588310357003284,0.12,-1.5,0.48486682772636414,2.0252879049136174,1.0436084916088866,2.221116304397583,0.48486682772636414,2.1708285808563232,-0.6119427949684391,-1.8108889291154238,3.578501865379103
1776514871.9087198,0.18430361266214051,-0.588310357003284,0.12,-1.5,0.48486682772636414,2.0252879049136174,1.0436084916088866,2.221116304397583,0.48486682772636414,2.1708285808563232,-0.6119427949684391,-1.8108889291154238,3.578501865379103
1776514871.9466608,0.18430361266214051,-0.588310357003284,0.12,-1.5,0.49556002020835876,2.0443609891447285,1.038788267513576,2.2076587677001953,0.49556002020835876,2.158996343612671,-0.6119427949684391,-1.8108889291154238,3.578501865379103
1776514871.9970467,0.1846047831866088,-0.5854034877740806,0.12,-1.5,0.49556002020835876,2.0443609891447285,1.038788267513576,2.2076587677001953,0.49556002020835876,2.158996343612671,-0.6058209312098131,-1.7991459346062078,3.5768275307290947
1776514872.0512874,0.1847235551345089,-0.5839820508343966,0.12,-1.5,0.49556002020835876,2.0443609891447285,1.038788267513576,2.2076587677001953,0.49556002020835876,2.158996343612671,-0.6973506405388598,-1.787460478105487,3.575191724710111
1776514872.0973144,0.18504117855453672,-0.5822058735689574,0.11486360000000001,-1.5,0.49556002020835876,2.0443609891447285,1.038788267513576,2.2076587677001953,0.49556002020835876,2.158996343612671,-0.6914289893503297,-1.7757862046909567,3.5735980250992707
1776514872.146893,0.18504117855453672,-0.5822058735689574,0.11486360000000001,-1.5,0.5017185211181641,2.061210991054856,1.0317893450220934,2.182039260864258,0.5017185211181641,2.1640195846557617,-0.6914289893503297,-1.7757862046909567,3.5735980250992707
1776514872.19686,0.1819449312685238,-0.5674227044084582,0.11486360000000001,-1.5,0.5017185211181641,2.061210991054856,1.0317893450220934,2.182039260864258,0.5017185211181641,2.1640195846557617,-0.6856013844808628,-1.764397942024054,3.572070725941403
1776514872.2467844,0.18195062664899106,-0.5676411004702088,0.11486360000000001,-1.5,0.5017185211181641,2.061210991054856,1.0317893450220934,2.182039260864258,0.5017185211181641,2.1640195846557617,-0.6797387725571377,-1.7530270713774476,3.5705832799497323
1776514872.2967591,0.1824378603650184,-0.5615850322754163,0.11486360000000001,-1.5,0.5099169015884399,2.080966648627607,1.0268295623156634,2.1639180183410645,0.5099169015884399,2.1419107913970947,-0.6738686348382259,-1.7417304511774818,3.5691335785986453
1776514872.3488111,0.18360410921397766,-0.5580091501752088,0.11486360000000001,-1.5,0.5099169015884399,2.080966648627607,1.0268295623156634,2.1639180183410645,0.5099169015884399,2.1419107913970947,-0.6679917735362427,-1.7305078514383399,3.5677205109554304
1776514872.4007595,0.18444729519626177,-0.5517505182728581,0.11486360000000001,-1.5,0.5099169015884399,2.080966648627607,1.0268295623156634,2.1639180183410645,0.5099169015884399,2.1419107913970947,-0.662139077233428,-1.7194102902596304,3.5663397100141205
1776514872.4470446,0.18536497015479078,-0.5457993861057973,0.11486360000000001,-1.5,0.5118656754493713,2.1038394858724647,1.0223612279389662,2.1546409130096436,0.5118656754493713,2.137035608291626,-0.6563125200360096,-1.7084376221236637,3.564993203454292
1776514872.4967723,0.18699594781154297,-0.5333108601673588,0.1153989246948151,-1.5,0.5118656754493713,2.1038394858724647,1.0223612279389662,2.1546409130096436,0.5118656754493713,2.137035608291626,-0.6447462886506248,-1.686863326917725,3.5624053397325115
1776514872.5489311,0.18699594781154297,-0.5333108601673588,0.11859824904728959,-1.5,0.5215271711349487,2.121332907378949,1.0165871029375817,2.138587236404419,0.5215271711349487,2.135622262954712,-0.6447462886506248,-1.686863326917725,3.5624053397325115
1776514872.598894,0.18826729157434116,-0.5281429135544188,0.11859824904728959,-1.5,0.5215271711349487,2.121332907378949,1.0165871029375817,2.138587236404419,0.5215271711349487,2.135622262954712,-0.639001171365322,-1.6762455803259209,3.561164334025594
1776514872.6763377,0.19041094426104785,-0.5216968758343897,0.12,-1.5,0.5215271711349487,2.121332907378949,1.0165871029375817,2.138587236404419,0.5215271711349487,2.135622262954712,-0.6332380065444261,-1.6656584662232523,3.559950971385538
1776514872.7240903,0.19041094426104785,-0.5216968758343897,0.12,-1.5,0.5215271711349487,2.121332907378949,1.0165871029375817,2.138587236404419,0.5215271711349487,2.135622262954712,-0.6332380065444261,-1.6656584662232523,3.559950971385538
1776514872.7528887,0.19222883076062908,-0.5184928394260856,0.12,-1.5,0.5259410738945007,2.13990630015083,1.0113318854358018,2.1301159858703613,0.5259410738945007,2.122950792312622,-0.6275384353670499,-1.6552373287449467,3.5587771778687256
1776514872.796733,0.1844733598094978,-0.497721337276235,0.12,-1.5,0.5259410738945007,2.13990630015083,1.0113318854358018,2.1301159858703613,0.5259410738945007,2.122950792312622,-0.6219774811935308,-1.6451318822359968,3.5576622600057175
1776514872.8468585,0.1797948287598259,-0.4655066040308605,0.12,-1.5,0.5259410738945007,2.13990630015083,1.0113318854358018,2.1301159858703613,0.5259410738945007,2.122950792312622,-0.6167823709578537,-1.6357383627529523,3.5566362864250753
1776514872.896995,0.1795012536374488,-0.47394039106456504,0.12,-1.5,0.5333889722824097,2.1592853227001334,1.0085621428271097,2.1169233322143555,0.5333889722824097,2.117908000946045,-0.6116834852648831,-1.6265335289682106,3.5556455088990857
1776514872.9550803,0.1795012536374488,-0.47394039106456504,0.12,-1.5,0.5333889722824097,2.1592853227001334,1.0085621428271097,2.1169233322143555,0.5333889722824097,2.117908000946045,-0.6116834852648831,-1.6265335289682106,3.5556455088990857
1776514872.9968817,0.18495516735590053,-0.4765510214567166,0.12,-1.5,0.5333889722824097,2.1592853227001334,1.0085621428271097,2.1169233322143555,0.5333889722824097,2.117908000946045,-0.6065013948957481,-1.617213119282167,3.5546722455234714
1776514873.0468836,0.1909796909485939,-0.47773702667175155,0.12,-1.5,0.5319768786430359,2.178678583701819,1.005358548950665,2.1107301712036133,0.5319768786430359,2.117454767227173,-0.6011870017734054,-1.607704292541746,3.5537083371268348
1776514873.0972207,0.1981954078648846,-0.49343330023997806,0.12,-1.5,0.5319768786430359,2.178678583701819,1.005358548950665,2.1107301712036133,0.5319768786430359,2.117454767227173,-0.5958186934642971,-1.5981107356589832,3.5527569737689815
1776514873.1499257,0.20024939503176217,-0.48998454567831773,0.12,-1.5,0.5319768786430359,2.178678583701819,1.005358548950665,2.1107301712036133,0.5319768786430359,2.117454767227173,-0.5903521573606627,-1.5883828677973095,3.551810502254696
1776514873.1968102,0.2013497779584359,-0.48386484433223564,0.12,-1.5,0.547540009021759,2.1945251175697815,1.0010004292059622,2.102097511291504,0.547540009021759,2.105583429336548,-0.5849417189166283,-1.5787835190821264,3.5509017933460454
1776514873.249885,0.20253958667539448,-0.4782096631717325,0.12,-1.5,0.547540009021759,2.1945251175697815,1.0010004292059622,2.102097511291504,0.547540009021759,2.105583429336548,-0.579592305493567,-1.569318661247396,3.5500294086963335
1776514873.2983768,0.20327303134874908,-0.4728685431498152,0.12,-1.5,0.5486273765563965,2.2135333546215907,0.9978557181310801,2.0888113975524902,0.5486273765563965,2.0992114543914795,-0.5742862669042361,-1.5599540110537224,3.5491946276170223
1776514873.3472004,0.20435064291665403,-0.46802835466606674,0.12,-1.5,0.5486273765563965,2.2135333546215907,0.9978557181310801,2.0888113975524902,0.5486273765563965,2.0992114543914795,-0.5690246669173296,-1.5506889067176197,3.5483975054868426
1776514873.396993,0.20543504744837532,-0.46172989273483706,0.12,-1.5,0.5592651963233948,2.2331707319873666,0.995640819704299,2.080425262451172,0.5592651963233948,2.0849175453186035,-0.5638129794964543,-1.5415306582436412,3.547638005430677
1776514873.447898,0.20627647575630478,-0.4560189197543467,0.12,-1.5,0.5592651963233948,2.2331707319873666,0.995640819704299,2.080425262451172,0.5592651963233948,2.0849175453186035,-0.658586240956187,-0.5998056668795445,3.5469155648439825
1776514873.49696,0.20670283554103216,-0.438899509676848,0.20993539910787656,0.9975618933958277,0.5592651963233948,2.2331707319873666,0.995640819704299,2.080425262451172,0.5592651963233948,2.0849175453186035,-0.6534660871808134,-0.5909042439746749,3.5462304343888755
1776514873.5476222,0.19329802699667237,-0.3920259339832092,0.21163918309973379,-1.5,0.5674654841423035,2.2509973242699712,0.9924660309516272,2.054225444793701,0.5674654841423035,2.0835273265838623,-0.648945726030702,-0.5830665750857672,3.5456103555084093
1776514873.5973976,0.20579005346413315,-0.4447936632381877,0.21314073014484852,-1.5,0.5674654841423035,2.2509973242699712,0.9924660309516272,2.054225444793701,0.5674654841423035,2.0835273265838623,-0.6439441339192137,-0.5744009086469689,3.545013620255609
1776514873.6515782,0.20579005346413315,-0.4447936632381877,0.21480132389549264,-1.5,0.5674654841423035,2.2509973242699712,0.9924660309516272,2.054225444793701,0.5674654841423035,2.0835273265838623,-0.6439441339192137,-0.5744009086469689,3.545013620255609
1776514873.697342,0.2214741396429184,-0.4749291767497971,0.21480132389549264,-1.5,0.5736899971961975,2.2666710235254284,0.9890004852808896,2.0503218173980713,0.5736899971961975,2.0778543949127197,-0.6385591647485568,-0.5651091485435139,3.5444137902181216
1776514873.750092,0.2397799868782162,-0.501789534109498,0.21658439393184298,-1.5,0.5736899971961975,2.2666710235254284,0.9890004852808896,2.0503218173980713,0.5736899971961975,2.0778543949127197,-0.632834351021555,-0.5552727542075874,3.543826470579188
1776514873.797326,0.2397799868782162,-0.501789534109498,0.2184747256769618,-1.5,0.5736899971961975,2.2666710235254284,0.9890004852808896,2.0503218173980713,0.5736899971961975,2.0778543949127197,-0.632834351021555,-0.5552727542075874,3.543826470579188
1776514873.8467777,0.2568943011687462,-0.529413990678688,0.22048389239216473,-1.5,0.5736899971961975,2.2666710235254284,0.9890004852808896,2.0503218173980713,0.5736899971961975,2.0778543949127197,-0.6267435821593418,-0.5448234590184734,3.543247289569704
1776514873.8967671,0.27275493026230446,-0.5576630932246119,0.22048389239216473,-1.5,0.5783094763755798,2.285655346487982,0.9853277039704381,2.0356438159942627,0.5783094763755798,2.060513973236084,-0.6203277328145755,-0.5338438725984483,3.5426954178832175
1776514873.9472108,0.28797285231499115,-0.5845811137054076,0.22259683612194645,-1.5,0.5783094763755798,2.285655346487982,0.9853277039704381,2.0356438159942627,0.5783094763755798,2.060513973236084,-0.613590390484233,-0.522342805820732,3.5421841258590443
1776514873.9971435,0.2918227084959003,-0.5831610857190841,0.22481203846669245,-1.5,0.5926927924156189,2.3114680328047132,0.9847078696632241,2.031909465789795,0.5926927924156189,2.055518627166748,-0.6068473685975737,-0.5108589075069458,3.5417372791107757
1776514874.0469308,0.2911093440839151,-0.5818729514876209,0.5272860178051472,1.5,0.5926927924156189,2.3114680328047132,0.9847078696632241,2.031909465789795,0.5926927924156189,2.055518627166748,-0.5999832473174729,-0.4991893300060435,3.5413662935819756
1776514874.1027648,0.2899980305083787,-0.5787863428471196,0.5227025055649868,1.1083609355415835,0.5926927924156189,2.3114680328047132,0.9847078696632241,2.031909465789795,0.5926927924156189,2.055518627166748,-0.5932738165834298,-0.48780742845852587,3.5410729764867734
1776514874.1498635,0.29326990004279624,-0.5633219717916199,0.5182333535934922,1.144933452777254,0.5979751348495483,2.332855391403131,0.9820518792417765,2.0239243507385254,0.5979751348495483,2.0448031425476074,-0.586674176950578,-0.4766249760297504,3.540849543460897
1776514874.1988628,0.2893817302031252,-0.5573729242296761,0.5138452014717546,1.1700699394139964,0.5979751348495483,2.332855391403131,0.9820518792417765,2.0239243507385254,0.5979751348495483,2.0448031425476074,-0.5801460235749704,-0.46556834926663204,3.540696755869356
1776514874.2468975,0.2893817302031252,-0.5573729242296761,0.5095101127916243,1.2020122135295976,0.5979751348495483,2.332855391403131,0.9820518792417765,2.0239243507385254,0.5979751348495483,2.0448031425476074,-0.5801460235749704,-0.46556834926663204,3.540696755869356
1776514874.2998672,0.2846574023966904,-0.5321237610521982,0.5095101127916243,1.1368742297760055,0.6169463396072388,2.3560014751418445,0.9812223184482904,1.9937900304794312,0.6169463396072388,2.0434277057647705,-0.5738537786920812,-0.4549374817550472,3.5406274627714422
1776514874.3469677,0.2849165302239127,-0.5228071908556778,0.5694553814501335,1.5,0.6169463396072388,2.3560014751418445,0.9812223184482904,1.9937900304794312,0.6169463396072388,2.0434277057647705,-0.5677367947279772,-0.44461058695331546,3.5406282771353093
1776514874.400994,0.29429262515133514,-0.5326251340702106,0.5646016355036281,1.3910630918999243,0.6169463396072388,2.3560014751418445,0.9812223184482904,1.9937900304794312,0.6169463396072388,2.0434277057647705,-0.5616275690201158,-0.434287833082282,3.5406907057367323
1776514874.4507756,0.29429262515133514,-0.5326251340702106,0.5597580459665102,1.4204416720802724,0.6169463396072388,2.3560014751418445,0.9812223184482904,1.9937900304794312,0.6169463396072388,2.0434277057647705,-0.5616275690201158,-0.434287833082282,3.5406907057367323
1776514874.4968832,0.3111544537573843,-0.5492800333988053,0.5597580459665102,1.355907017678662,0.6302831768989563,2.3795567942812528,0.980580534653752,1.9932302236557007,0.6302831768989563,2.030412197113037,-0.555344642221395,-0.42367199674588896,3.540829436132994
1776514874.5515265,0.32377955436714534,-0.5689967486114185,0.5547840887415137,1.45005585182946,0.6302831768989563,2.3795567942812528,0.980580534653752,1.9932302236557007,0.6302831768989563,2.030412197113037,-0.5488385674217787,-0.41266102220706546,3.5410460583958847
1776514874.5967581,0.32377955436714534,-0.5689967486114185,0.5266000316648896,1.5,0.6302831768989563,2.3795567942812528,0.980580534653752,1.9932302236557007,0.6302831768989563,2.030412197113037,-0.5488385674217787,-0.41266102220706546,3.5410460583958847
1776514874.6527865,0.33261506813001407,-0.554270006212017,0.5266000316648896,1.5,0.6302831768989563,2.3795567942812528,0.980580534653752,1.9932302236557007,0.6302831768989563,2.030412197113037,-0.5423990865187283,-0.40179776665551314,3.5413792262529467
1776514874.697879,0.33111444470336987,-0.5619650080833191,0.5214134440013207,1.5,0.6352237462997437,2.4016263380191814,0.9816683687177591,1.9639099836349487,0.6352237462997437,2.037933826446533,-0.5423990865187283,-0.40179776665551314,3.5413792262529467
1776514874.7498314,0.3205728761827221,-0.5237051657217764,0.49298236049574967,1.5,0.6352237462997437,2.4016263380191814,0.9816683687177591,1.9639099836349487,0.6352237462997437,2.037933826446533,-0.5420289362446908,1.1856765470025903,3.542277310546489
1776514874.7974017,0.31182785490396536,-0.49683592760552364,0.48783087210356846,1.5,0.6456617712974548,2.4249711230218023,0.9835748475678979,1.9580217599868774,0.6456617712974548,2.019698143005371,-0.5358536771012878,1.195630713704387,3.5428215811701924
1776514874.8488684,0.31063223806374246,-0.4803807722789107,0.48302215566588824,1.5,0.6456617712974548,2.4249711230218023,0.9835748475678979,1.9580217599868774,0.6456617712974548,2.019698143005371,-0.5299583735875182,1.2051517055932908,3.5434271942390536
1776514874.8966558,0.3123280150737645,-0.4667105326313597,0.12,1.5,0.6456617712974548,2.4249711230218023,0.9835748475678979,1.9580217599868774,0.6456617712974548,2.019698143005371,-0.5197002668605794,1.2169203607411303,3.5467718624818896
1776514874.949762,0.3123280150737645,-0.4667105326313597,0.12,1.5,0.6571565270423889,2.448334091686739,0.9885881293830903,1.940405249595642,0.6571565270423889,2.006669044494629,-0.5197002668605794,1.2169203607411303,3.5467718624818896
1776514874.9964664,0.33894048132762056,-0.3471171350386665,0.12,1.5,0.6571565270423889,2.448334091686739,0.9885881293830903,1.940405249595642,0.6571565270423889,2.006669044494629,-0.49445095672901385,1.237266661160517,3.5584015526370245
1776514875.0468774,0.33894048132762056,-0.3471171350386665,0.12,1.5,0.6571565270423889,2.448334091686739,0.9885881293830903,1.940405249595642,0.6571565270423889,2.006669044494629,-0.489538285061273,1.2449834342220738,3.5593144619357497
1776514875.09876,0.33921020558410386,-0.3508852505129726,0.12,1.5,0.6742432713508606,2.465324363038013,0.9914362521918498,1.9175398349761963,0.6742432713508606,2.0135657787323,0.08440155226738993,1.2516849543057518,3.5603020784030495
1776514875.1497953,0.3279958852276515,-0.3975047773117025,0.12,1.5,0.6742432713508606,2.465324363038013,0.9914362521918498,1.9175398349761963,0.6742432713508606,2.0135657787323,0.09060799184810325,1.2592989634432028,3.561326031342452
1776514875.1970465,0.3262263098416651,-0.38236435278368647,0.12,1.5,0.6951323747634888,2.4857646159062665,0.9985309918351772,1.907613754272461,0.6951323747634888,1.9963699579238892,0.0967688573022304,1.2669259628371368,3.5624015189682794
1776514875.2497642,0.3238861867741426,-0.37729022073690144,0.12,1.5,0.6951323747634888,2.4857646159062665,0.9985309918351772,1.907613754272461,0.6951323747634888,1.9963699579238892,0.10268622185811532,1.2743137876737436,3.5635315170904196
1776514875.298873,0.32350134187166496,-0.3717990044233592,0.12,1.5,0.6951323747634888,2.4857646159062665,0.9985309918351772,1.907613754272461,0.6951323747634888,1.9963699579238892,0.20427105926131867,1.2815443348219226,3.5647169798862937
1776514875.3469272,0.3248717196876581,-0.36786616841302955,0.12,1.5,0.7005687952041626,2.5031207597553453,1.0038979524251326,1.8920520544052124,0.7005687952041626,1.9869108200073242,0.21015537769212367,1.2887636190945497,3.5659616256654196
1776514875.3987474,0.3248717196876581,-0.36786616841302955,0.12,1.5,0.7005687952041626,2.5031207597553453,1.0038979524251326,1.8920520544052124,0.7005687952041626,1.9869108200073242,0.21015537769212367,1.2887636190945497,3.5659616256654196
1776514875.4468992,0.3203056278240143,-0.34615264040911853,0.12,1.5,0.7005687952041626,2.5031207597553453,1.0038979524251326,1.8920520544052124,0.7005687952041626,1.9869108200073242,0.2157968183197867,1.2957588024856106,3.5672509922003988
1776514875.4967718,0.3178286550365775,-0.3339555994947135,0.12,1.5,0.7025972008705139,2.519921538291652,1.0118771180343655,1.8663485050201416,0.7025972008705139,1.982913851737976,0.2210574943196119,1.3023432998456252,3.568582927211221
1776514875.5479398,0.3133414082101348,-0.3086693717388954,0.12,1.5,0.7025972008705139,2.519921538291652,1.0118771180343655,1.8663485050201416,0.7025972008705139,1.982913851737976,0.22598702174219337,1.3085747295975316,3.5699490058392533
1776514875.5987604,0.3136970394959849,-0.31126329692899424,0.12,1.5,0.7025972008705139,2.519921538291652,1.0118771180343655,1.8663485050201416,0.7025972008705139,1.982913851737976,0.2306877309999757,1.3145724641358205,3.5713501990237178
1776514875.6497762,0.313834827338981,-0.3035205856017942,0.12,1.5,0.7422180771827698,2.5338495003747012,1.0197425924240695,1.8567743301391602,0.7422180771827698,1.9818493127822876,0.23528270977081706,1.3204961191982612,3.5728027359474654
1776514875.696761,0.3119341661238397,-0.2926156597456494,0.12,1.5,0.7422180771827698,2.5338495003747012,1.0197425924240695,1.8567743301391602,0.7422180771827698,1.9818493127822876,0.23968891888765215,1.3262307100160349,3.574298320516258
1776514875.7488048,0.3105217316056533,-0.28014647516734625,0.12,1.5,0.7422180771827698,2.5338495003747012,1.0197425924240695,1.8567743301391602,0.7422180771827698,1.9818493127822876,0.3410216963351789,1.331719257674901,3.575831489193393
1776514875.7988162,0.3090752206931055,-0.280276293008128,0.12,1.5,0.7416969537734985,2.5443228759995002,1.024603358843434,1.8409162759780884,0.7416969537734985,1.9708412885665894,0.3452299302044185,1.3371380210904928,3.5774023951079656
1776514875.8490937,0.30857717841465226,-0.2686855047193368,0.12,1.5,0.7416969537734985,2.5443228759995002,1.024603358843434,1.8409162759780884,0.7416969537734985,1.9708412885665894,0.34927345436742263,1.3423968752096835,3.5790063999359836
1776514875.9005115,0.3063501181608725,-0.2560947307607494,0.12,1.5,0.7416969537734985,2.5443228759995002,1.024603358843434,1.8409162759780884,0.7416969537734985,1.9708412885665894,0.35308380297166364,1.3474073838031806,3.580645390702031
1776514875.9477773,0.30390561919540865,-0.23919007776674128,0.12,1.5,0.7673816680908203,2.5588342061095717,1.035283825838671,1.8262728452682495,0.7673816680908203,1.9616261720657349,0.35666945245505816,1.3521668801336875,3.5823088998794845
1776514875.997092,0.29879629980132494,-0.2525671417440476,0.12,1.5,0.7673816680908203,2.5588342061095717,1.035283825838671,1.8262728452682495,0.7673816680908203,1.9616261720657349,0.36018526344542745,1.3568910589517844,3.5839842751879423
1776514876.049393,0.2908224077223361,-0.269456360493295,0.12,1.5,0.7792039513587952,2.5696563667218846,1.0433616391362852,1.813776969909668,0.7792039513587952,1.9532405138015747,0.363865987215862,1.3618887685006227,3.5856587800920527
1776514876.0968776,0.28251816285298587,-0.2999900444866599,0.12,1.5,0.7792039513587952,2.5696563667218846,1.0433616391362852,1.813776969909668,0.7792039513587952,1.9532405138015747,0.36796009222228293,1.3675128001889523,3.5873165433121588
1776514876.146789,0.2802103769377497,-0.26981159475907646,0.12,1.5,0.7792039513587952,2.5696563667218846,1.0433616391362852,1.813776969909668,0.7792039513587952,1.9532405138015747,0.3717932963108724,1.372799858973357,3.589006946859931
1776514876.1967576,0.2802103769377497,-0.26981159475907646,0.12,1.5,0.7909396290779114,2.579724171556443,1.0512389092495076,1.8042528629302979,0.7909396290779114,1.9375572204589844,0.3717932963108724,1.372799858973357,3.589006946859931
1776514876.249972,0.2762195878892202,-0.2725459802931287,0.12,1.5,0.7909396290779114,2.579724171556443,1.0512389092495076,1.8042528629302979,0.7909396290779114,1.9375572204589844,0.3755813344272687,1.3780805423784903,3.590711111135943
1776514876.2973359,0.27317564283839085,-0.26129851471093735,0.12,1.5,0.7909396290779114,2.579724171556443,1.0512389092495076,1.8042528629302979,0.7909396290779114,1.9375572204589844,0.47741309040429675,1.3831291992111738,3.592432944145551
1776514876.3468773,0.27001312022849056,-0.2528939427215951,0.12,1.5,0.8103911280632019,2.5914928576220637,1.061292561881527,1.783831238746643,0.8103911280632019,1.9385367631912231,0.48097105765063497,1.3880709329132386,3.5941610228892373
1776514876.3970518,0.262175451839223,-0.22556377731830474,0.12,1.5,0.8103911280632019,2.5914928576220637,1.061292561881527,1.783831238746643,0.8103911280632019,1.9385367631912231,0.4843387886621131,1.392809995136672,3.5958858960654316
1776514876.4489412,0.2589879537550469,-0.2311639175598772,0.12,1.5,0.8103911280632019,2.5914928576220637,1.061292561881527,1.783831238746643,0.8103911280632019,1.9385367631912231,0.487533055520069,1.3973502187223277,3.597591930620963
1776514876.4967482,0.26364706577140945,-0.2297544091138972,0.12,1.5,0.824602484703064,2.6047895758048347,1.0727725771837988,1.78129243850708,0.824602484703064,1.9243019819259644,0.4906002762375247,1.4017574403584485,3.5993364298696284
1776514876.5487134,0.27002564139336954,-0.229717965250596,0.12,1.5,0.824602484703064,2.6047895758048347,1.0727725771837988,1.78129243850708,0.824602484703064,1.9243019819259644,0.4936206332606605,1.4061445026038284,3.6011470049184697
1776514876.598238,0.27002564139336954,-0.229717965250596,0.12,1.5,0.824602484703064,2.6047895758048347,1.0727725771837988,1.78129243850708,0.824602484703064,1.9243019819259644,0.4936206332606605,1.4061445026038284,3.6011470049184697
1776514876.6465585,0.28846933755789145,-0.2399188152658395,0.12,1.5,0.8395030498504639,2.6129176971760204,1.081045545458943,1.7619962692260742,0.8395030498504639,1.9155179262161255,0.49663340649022547,1.410568689839879,3.6030384032791383
1776514876.6975021,0.28846933755789145,-0.2399188152658395,0.12,1.5,0.8395030498504639,2.6129176971760204,1.081045545458943,1.7619962692260742,0.8395030498504639,1.9155179262161255,0.4996818387713916,1.415097602902591,3.605027045118357
1776514876.7527719,0.3011219584362038,-0.25322399568775494,0.12,1.5,0.8395030498504639,2.6129176971760204,1.081045545458943,1.7619962692260742,0.8395030498504639,1.9155179262161255,0.5028214718809179,1.4198163329458353,3.6071243148165197
1776514876.7967687,0.3011219584362038,-0.25322399568775494,0.12,1.5,0.868501603603363,2.6234593167556426,1.0942646370947071,1.7455329895019531,0.868501603603363,1.9182428121566772,0.5028214718809179,1.4198163329458353,3.6071243148165197
1776514876.8473322,0.30948581171211076,-0.2778269533524262,0.12,1.5,0.868501603603363,2.6234593167556426,1.0942646370947071,1.7455329895019531,0.868501603603363,1.9182428121566772,0.5061822953719004,1.4249419220065,3.6093390907207206
1776514876.899776,0.3091253054782415,-0.27353498393676967,0.12,1.5,0.868501603603363,2.6234593167556426,1.0942646370947071,1.7455329895019531,0.868501603603363,1.9182428121566772,0.5096204980335428,1.430254773081716,3.6116148093962015
1776514876.9497325,0.3094324650336002,-0.27732652960057114,0.12,1.5,0.8862432837486267,2.639897332822251,1.1117205686038973,1.732636570930481,0.8862432837486267,1.9010707139968872,0.5129827784959481,1.435518191872178,3.613928866536688
1776514876.996767,0.31082241199659,-0.2872180126527717,0.12,1.5,0.8862432837486267,2.639897332822251,1.1117205686038973,1.732636570930481,0.8862432837486267,1.9010707139968872,0.5164023090531322,1.4409478160477436,3.6162899966741215
1776514877.0468006,0.3118043368296643,-0.29374670208025555,0.12,1.5,0.8862432837486267,2.639897332822251,1.1117205686038973,1.732636570930481,0.8862432837486267,1.9010707139968872,0.5198674370122504,1.4465297424021262,3.618700103318068
1776514877.097072,0.31288789640032466,-0.3009145439799441,0.12,1.5,0.9012228846549988,2.6489541769909923,1.124380023258695,1.7089310884475708,0.9012228846549988,1.8904469013214111,0.5233701451644708,1.4522564145349255,3.6211596032096707
1776514877.1517687,0.31288789640032466,-0.3009145439799441,0.12,1.5,0.9012228846549988,2.6489541769909923,1.124380023258695,1.7089310884475708,0.9012228846549988,1.8904469013214111,0.5233701451644708,1.4522564145349255,3.6211596032096707
1776514877.1978993,0.31442293275293737,-0.3108346594924588,0.12,1.5,0.9012228846549988,2.6489541769909923,1.124380023258695,1.7089310884475708,0.9012228846549988,1.8904469013214111,0.6262786595738825,1.589487449697097,3.6236708931308423
1776514877.2488756,0.3164790813813487,-0.326499174549374,0.12,1.5,0.9325082898139954,2.6649275746310233,1.1443309818729224,1.696541428565979,0.9325082898139954,1.8976075649261475,0.6335948995827575,1.601707339791584,3.628846744944762
1776514877.3017273,0.3164790813813487,-0.326499174549374,0.12,1.5,0.9325082898139954,2.6649275746310233,1.1443309818729224,1.696541428565979,0.9325082898139954,1.8976075649261475,0.6335948995827575,1.601707339791584,3.628846744944762
1776514877.3468997,0.3176547362126199,-0.33447059944925867,0.12,1.5,0.9325082898139954,2.6649275746310233,1.1443309818729224,1.696541428565979,0.9325082898139954,1.8976075649261475,0.6373043415285472,1.6080645469271837,3.631517098843181
1776514877.397041,0.3188517719764701,-0.34340753541614344,0.12,1.5,0.9609524011611938,2.6745875392326264,1.1574240684921824,1.6743522882461548,0.9609524011611938,1.8819358348846436,0.64106512803771,1.6146275687413265,3.6342460772611904
1776514877.4467685,0.31892696017465116,-0.34120897731546845,0.12,1.5,0.9609524011611938,2.6745875392326264,1.1574240684921824,1.6743522882461548,0.9609524011611938,1.8819358348846436,0.6447924632758664,1.6212541532272393,3.6370272362910514
1776514877.496859,0.31892696017465116,-0.34120897731546845,0.12,1.5,0.9609524011611938,2.6745875392326264,1.1574240684921824,1.6743522882461548,0.9609524011611938,1.8819358348846436,0.6447924632758664,1.6212541532272393,3.6370272362910514
1776514877.5497618,0.31706194514091834,-0.3304587282269227,0.12,1.5,0.9964996576309204,2.690357225455144,1.1775990584581923,1.6635613441467285,0.9964996576309204,1.8776075839996338,0.6483564890155464,1.6277107635999273,3.6398451753493077
1776514877.5973575,0.3152160521836063,-0.3205756162380512,0.12,1.5,0.9964996576309204,2.690357225455144,1.1775990584581923,1.6635613441467285,0.9964996576309204,1.8776075839996338,0.6517460497503658,1.6339702516698318,3.642691095102574
1776514877.6468859,0.31265620832172525,-0.3101192057013275,0.12,1.5,0.9964996576309204,2.690357225455144,1.1775990584581923,1.6635613441467285,0.9964996576309204,1.8776075839996338,0.6549630393756067,1.6400291622008438,3.645558841623985
1776514877.697486,0.3003487221050022,-0.27601299994332096,0.12,1.5,1.0215508937835693,2.7054692098765765,1.2010116655037066,1.646161675453186,1.0215508937835693,1.8735787868499756,0.6579566945213116,1.6457782343262652,3.6484116291379585
1776514877.7467556,0.2793854269200571,-0.2517062448286663,0.12,1.5,1.0215508937835693,2.7054692098765765,1.2010116655037066,1.646161675453186,1.0215508937835693,1.8735787868499756,0.660485326483985,1.6507181910260755,3.651140638118626
1776514877.7987576,0.2793854269200571,-0.2517062448286663,0.12,1.5,1.0215508937835693,2.7054692098765765,1.2010116655037066,1.646161675453186,1.0215508937835693,1.8735787868499756,0.660485326483985,1.6507181910260755,3.651140638118626
1776514877.8533325,0.2327749183629487,-0.24230834530728407,0.12,1.5,1.0215508937835693,2.7054692098765765,1.2010116655037066,1.646161675453186,1.0215508937835693,1.8735787868499756,0.6900132454350093,1.6625638134993577,3.6738044710078226
1776514877.8997638,0.2327749183629487,-0.24230834530728407,0.12,1.5,1.047267198562622,2.714173395803524,1.2152930819929948,1.6356881856918335,1.047267198562622,1.8782259225845337,0.6900132454350093,1.6625638134993577,3.6738044710078226
1776514877.947766,0.18618009851251494,-0.1940413305171425,0.12,1.5,1.047267198562622,2.714173395803524,1.2152930819929948,1.6356881856918335,1.047267198562622,1.8782259225845337,0.6920632824385895,1.666732787736025,3.67581620916176
1776514877.9967704,0.14038294103885693,-0.12285124413536157,0.12,1.5,1.047267198562622,2.714173395803524,1.2152930819929948,1.6356881856918335,1.047267198562622,1.8782259225845337,0.6935445370000335,1.669783913209673,3.6773989524856714
1776514878.0494952,0.10230278352955037,-0.0531755311902092,0.12,1.5,1.0596905946731567,2.7180322192533497,1.2207416162261304,1.6197062730789185,1.0596905946731567,1.8662489652633667,0.6943734403953862,1.6715051407792512,3.6785675435133527
1776514878.0968328,0.06685628127589763,0.04884675866748841,0.12,1.5,1.0596905946731567,2.7180322192533497,1.2207416162261304,1.6197062730789185,1.0596905946731567,1.8662489652633667,0.6943484933788718,1.6714332630071986,3.6801809936704166
1776514878.1568077,0.06685628127589763,0.04884675866748841,0.12,1.5,1.07808256149292,2.7197740227948946,1.2290569282378125,1.619209885597229,1.07808256149292,1.8419097661972046,0.6943484933788718,1.6714332630071986,3.6801809936704166
1776514878.2076807,0.05735044611649345,0.07617301138571288,0.12,1.5,1.07808256149292,2.7197740227948946,1.2290569282378125,1.619209885597229,1.07808256149292,1.8419097661972046,0.6937545709923705,1.6701845597876477,3.680790984262739
1776514878.2488883,0.05027026898018421,0.11127746764103534,0.12,1.5,1.07808256149292,2.7197740227948946,1.2290569282378125,1.619209885597229,1.07808256149292,1.8419097661972046,0.6928650130956343,1.668313615389757,3.6813187816718154
1776514878.3040886,0.047822926428167725,0.13717729185766336,0.12,1.5,1.0704268217086792,2.714237776318708,1.2285763216158838,1.624240756034851,1.0704268217086792,1.864275574684143,0.6916145795807233,1.665688827473863,3.681790914187197
1776514878.3558779,0.050857789307682824,0.14097626805928862,0.12,1.5,1.0704268217086792,2.714237776318708,1.2285763216158838,1.624240756034851,1.0704268217086792,1.864275574684143,0.690308565483543,1.6629511474378167,3.682273969447392
1776514878.3986948,0.05702622425124337,0.15744259887063064,0.12,1.5,1.0589275360107422,2.7036656458878494,1.2224733465479023,1.612303614616394,1.0589275360107422,1.8362324237823486,0.6888819717643926,1.6599656107893597,3.6827982874701597
1776514878.4495401,0.0672097812316786,0.18474757705792336,0.12,1.5,1.0589275360107422,2.7036656458878494,1.2224733465479023,1.612303614616394,1.0589275360107422,1.8362324237823486,0.6872423504435241,1.65654142635511,3.6833991998210247
1776514878.4977648,0.08222554999376758,0.2246327148081403,0.12,1.5,1.0589275360107422,2.7036656458878494,1.2224733465479023,1.612303614616394,1.0589275360107422,1.8362324237823486,0.6852732121107938,1.6524397985686612,3.684118410170561
1776514878.5538926,0.10192827326353371,0.2764036875676823,0.12,1.5,1.0589275360107422,2.7036656458878494,1.2224733465479023,1.612303614616394,1.0589275360107422,1.8362324237823486,0.6828538540257079,1.6474159336843068,3.6849985236751794
1776514878.5988276,0.10192827326353371,0.2764036875676823,0.12,1.5,1.0525765419006348,2.693462155793796,1.2225845970260965,1.6164320707321167,1.0525765419006348,1.8388044834136963,0.6828538540257079,1.6474159336843068,3.6849985236751794
1776514878.6518705,0.16820237725752563,0.4609355932564398,0.12,1.5,1.0525765419006348,2.693462155793796,1.2225845970260965,1.6164320707321167,1.0525765419006348,1.8388044834136963,0.6757806428632673,1.6328173531764252,3.6875231069013825
1776514878.698691,0.16820237725752563,0.4609355932564398,0.12,1.5,1.0478429794311523,2.679023734735847,1.2253668043627868,1.6024389266967773,1.0478429794311523,1.8084005117416382,0.6757806428632673,1.6328173531764252,3.6875231069013825
1776514878.7466645,0.19322518711734613,0.5263328126314931,0.12,1.5,1.0478429794311523,2.679023734735847,1.2253668043627868,1.6024389266967773,1.0478429794311523,1.8084005117416382,0.6656260375481574,1.612119660205897,3.690942172944058
1776514878.7971385,0.19322518711734613,0.5263328126314931,0.12,1.5,1.0478429794311523,2.679023734735847,1.2253668043627868,1.6024389266967773,1.0478429794311523,1.8084005117416382,0.6656260375481574,1.612119660205897,3.690942172944058
1776514878.8468797,0.1941384562795799,0.5207917024118566,0.12,1.5,1.0516072511672974,2.653266027280294,1.2217886037748475,1.6034204959869385,1.0516072511672974,1.7860894203186035,0.6604495300843469,1.601661323282885,3.6926538957327715
1776514878.8989053,0.19502779084681438,0.5154065072256085,0.12,1.5,1.0516072511672974,2.653266027280294,1.2217886037748475,1.6034204959869385,1.0516072511672974,1.7860894203186035,0.65529516727654,1.5913105233116176,3.6943411394443584
1776514878.950635,0.19653646031090244,0.5028720388076064,0.12,1.5,1.0436737537384033,2.63458320655611,1.227298274906168,1.5849432945251465,1.0436737537384033,1.7837004661560059,0.6450666750219561,1.570939890820794,3.6976390547752724
1776514878.9995692,0.19753165692002217,0.4981541414034344,0.12,1.5,1.0436737537384033,2.63458320655611,1.227298274906168,1.5849432945251465,1.0436737537384033,1.7837004661560059,0.6399984111509284,1.5609240115505003,3.6992490285264203
1776514879.0468624,0.19829286177416955,0.4926940384475959,0.12,1.5,1.0378361940383911,2.6155429873391505,1.2326263405820794,1.583903193473816,1.0378361940383911,1.7578147649765015,0.6349616297773619,1.5510181108048862,3.7008323998716066
1776514879.096965,0.19886280899139636,0.48667914419691727,0.12,1.5,1.0378361940383911,2.6155429873391505,1.2326263405820794,1.583903193473816,1.0378361940383911,1.7578147649765015,0.6299585701079725,1.541222365699987,3.702389094110472
1776514879.149165,0.19948074389764425,0.48131465282861774,0.12,1.5,1.0378361940383911,2.6155429873391505,1.2326263405820794,1.583903193473816,1.0378361940383911,1.7578147649765015,0.6249930984742561,1.5315414860632015,3.7039182415849683
1776514879.1967723,0.19903923527354142,0.47324883548534163,0.12,1.5,1.0339465141296387,2.591648226970881,1.2290476206145615,1.569732904434204,1.0339465141296387,1.7352027893066406,0.62008028614641,1.5220046438362054,3.70541347749825
1776514879.2467601,0.19994020847527635,0.46854488678556977,0.12,1.5,1.0339465141296387,2.591648226970881,1.2290476206145615,1.569732904434204,1.0339465141296387,1.7352027893066406,0.6151930903074062,1.5125515690661115,3.706884903400384
1776514879.297579,0.19461427926692243,0.4484943728449992,0.12,1.5,1.0220017433166504,2.573314853446777,1.2352111494638165,1.5625331401824951,1.0220017433166504,1.72011137008667,0.6104331208608295,1.5033635011809303,3.708312918086472
1776514879.3489108,0.1818884892750822,0.4143474441901396,0.12,1.5,1.0220017433166504,2.573314853446777,1.2352111494638165,1.5625331401824951,1.0220017433166504,1.72011137008667,0.7039825771773222,1.7498716798521916,3.7096471427485618
1776514879.3968492,0.17118738904568692,0.3830276767632203,0.12,1.5,1.0285009145736694,2.5599429059315346,1.244895408730785,1.5558784008026123,1.0285009145736694,1.685588002204895,0.6997748877083739,1.7419252531799854,3.7108629918154454
1776514879.4540355,0.16237397578296928,0.35483341877113506,0.12,1.5,1.0285009145736694,2.5599429059315346,1.244895408730785,1.5558784008026123,1.0285009145736694,1.685588002204895,0.6958576886159432,1.7345538591083876,3.7119934407236483
1776514879.500976,0.15316016434018606,0.3246594215122285,0.12,1.5,1.0285009145736694,2.5599429059315346,1.244895408730785,1.5558784008026123,1.0285009145736694,1.685588002204895,0.6922396635800705,1.7277672676167484,3.713043738056471
1776514879.5468144,0.14516460196008676,0.29703988439756096,0.12,1.5,1.0360721349716187,2.5467073570016794,1.248912415850523,1.5412551164627075,1.0360721349716187,1.6642780303955078,0.6889223908976044,1.7215610781951516,3.7140204855348404
1776514879.59995,0.13833662203241806,0.271533510757402,0.12,1.5,1.0360721349716187,2.5467073570016794,1.248912415850523,1.5412551164627075,1.0360721349716187,1.6642780303955078,0.6858824971601731,1.7158861554492986,3.7149350938831054
1776514879.6543202,0.13275529959590246,0.24862069051654656,0.12,1.5,1.0360721349716187,2.5467073570016794,1.248912415850523,1.5412551164627075,1.0360721349716187,1.6642780303955078,0.68309653595256,1.710694514335877,3.7157975946281394
1776514879.697621,0.12865215319015597,0.22877246170006746,0.12,1.5,1.0249987840652466,2.537592864720277,1.2553069498545406,1.5450688600540161,1.0249987840652466,1.6614676713943481,0.6805360261211522,1.705929551894236,3.716618661947974
1776514879.7476685,0.12636775572572098,0.21247841337790063,0.12,1.5,1.0249987840652466,2.537592864720277,1.2553069498545406,1.5450688600540161,1.0249987840652466,1.6614676713943481,0.6781668576421002,1.7015250652547032,3.7174102098876887
1776514879.7968853,0.1258466644428985,0.19937887807089416,0.12,1.5,1.0249987840652466,2.537592864720277,1.2553069498545406,1.5450688600540161,1.0249987840652466,1.6614676713943481,0.675952937785202,1.697411926166183,3.718184805299784
1776514879.846757,0.12702112207480779,0.18909765581101992,0.12,1.5,1.0327017307281494,2.5332067060205916,1.268443218253277,1.5299113988876343,1.0327017307281494,1.656766653060913,0.6738633318581176,1.6935309907204132,3.718953600036927
1776514879.904116,0.1299398684136361,0.18143355648130124,0.12,1.5,1.0327017307281494,2.5332067060205916,1.268443218253277,1.5299113988876343,1.0327017307281494,1.656766653060913,0.671869495486895,1.6898279329639188,3.7197274336093384
1776514879.9498532,0.13534116571290067,0.17774347650688155,0.12,1.5,1.0426700115203857,2.5226061022138286,1.2664352225821804,1.5219815969467163,1.0426700115203857,1.644536018371582,0.6699410453281832,1.6862449353356324,3.7205178638781584
1776514880.0006998,0.1454056057520411,0.18007310587851935,0.12,1.5,1.0426700115203857,2.5226061022138286,1.2664352225821804,1.5219815969467163,1.0426700115203857,1.644536018371582,0.668026326506876,1.6826816703933076,3.7213481881400003
1776514880.0507696,0.16288496716758183,0.19058788674538077,0.12,1.5,1.0426700115203857,2.5226061022138286,1.2664352225821804,1.5219815969467163,1.0426700115203857,1.644536018371582,0.666039947083651,1.678982551079093,3.7222535809301545
1776514880.0970414,0.18563936376178722,0.20749452950393715,0.12,1.5,1.0380852222442627,2.517477222221191,1.2763111417132254,1.529520869255066,1.0380852222442627,1.632439374923706,0.6639048329163882,1.6750120235534893,3.723264534271448
1776514880.146849,0.2065539611646327,0.2276524426198455,0.12,1.5,1.0380852222442627,2.517477222221191,1.2763111417132254,1.529520869255066,1.0380852222442627,1.632439374923706,0.6615636392436177,1.6706417408990162,3.7243930077862624
1776514880.2040184,0.2065539611646327,0.2276524426198455,0.12,1.5,1.0380852222442627,2.517477222221191,1.2763111417132254,1.529520869255066,1.0380852222442627,1.632439374923706,0.6615636392436177,1.6706417408990162,3.7243930077862624
1776514880.249551,0.2263144419956526,0.24867306582340779,0.12,1.5,1.03970468044281,2.512046188033366,1.2915468601365028,1.511439561843872,1.03970468044281,1.6091123819351196,0.6590092100785566,1.6658608644999293,3.725629018440227
1776514880.2979767,0.2263144419956526,0.24867306582340779,0.12,1.5,1.03970468044281,2.512046188033366,1.2915468601365028,1.511439561843872,1.03970468044281,1.6091123819351196,0.6590092100785566,1.6658608644999293,3.725629018440227
1776514880.3468893,0.2312720015437575,0.2572072571357358,0.12,1.5,1.03970468044281,2.512046188033366,1.2915468601365028,1.511439561843872,1.03970468044281,1.6091123819351196,0.6562930991626499,1.660767917974132,3.7269219196768093
1776514880.3967726,0.230869120675314,0.2599524765782514,0.12,1.5,1.0433789491653442,2.50676407822848,1.3107866399511177,1.5127757787704468,1.0433789491653442,1.599382758140564,0.6535377767238079,1.6555915368183474,3.7281975268856753
1776514880.448968,0.23029610710653067,0.2655013228610999,0.12,1.5,1.0433789491653442,2.50676407822848,1.3107866399511177,1.5127757787704468,1.0433789491653442,1.599382758140564,0.6479596523588838,1.6450730986107458,3.7306918005294056
1776514880.4969864,0.23029610710653067,0.2655013228610999,0.12,1.5,1.048717737197876,2.4955425002197775,1.318138296630253,1.492065668106079,1.048717737197876,1.6024045944213867,0.6479596523588838,1.6450730986107458,3.7306918005294056
1776514880.549442,0.22955510990188693,0.2701648432430253,0.12,1.5,1.048717737197876,2.4955425002197775,1.318138296630253,1.492065668106079,1.048717737197876,1.6024045944213867,0.6451396581834761,1.639738263039868,3.7319091040078702
1776514880.599883,0.22955510990188693,0.2701648432430253,0.12,1.5,1.048717737197876,2.4955425002197775,1.318138296630253,1.492065668106079,1.048717737197876,1.6024045944213867,0.6423009479177509,1.6343565923758054,3.7331055667629984
1776514880.6481764,0.22914673049272,0.2720502362160308,0.12,1.5,1.0571069717407227,2.4922247955249923,1.3433879676973062,1.4890943765640259,1.0571069717407227,1.578156590461731,0.6394432171593665,1.6289274872834878,3.734280872224267
1776514880.6973937,0.22856616813247913,0.274405314815682,0.12,1.5,1.0571069717407227,2.4922247955249923,1.3433879676973062,1.4890943765640259,1.0571069717407227,1.578156590461731,0.6365726949759749,1.6234621346979137,3.7354362411239226
1776514880.7492566,0.22772513539479447,0.2752151778264714,0.12,1.5,1.0571069717407227,2.4922247955249923,1.3433879676973062,1.4890943765640259,1.0571069717407227,1.578156590461731,0.6336901065371552,1.6179709780912392,3.7365650215623063
1776514880.820545,0.22772513539479447,0.2752151778264714,0.12,1.5,1.0571069717407227,2.4922247955249923,1.3433879676973062,1.4890943765640259,1.0571069717407227,1.578156590461731,0.6336901065371552,1.6179709780912392,3.7365650215623063
1776514880.8965688,0.22772513539479447,0.2752151778264714,0.12,1.5,1.0571069717407227,2.4922247955249923,1.3433879676973062,1.4890943765640259,1.0571069717407227,1.578156590461731,0.6336901065371552,1.6179709780912392,3.7365650215623063
1776514880.9469225,0.2221278140686251,0.2714679915434029,0.12,1.5,1.0640987157821655,2.481990200849069,1.3541793458861227,1.479171872138977,1.0640987157821655,1.5638079643249512,0.6308343193755266,1.6125128833383715,3.7376629497458
1776514880.9979243,0.2056884596187027,0.24913924436428028,0.12,1.5,1.0640987157821655,2.481990200849069,1.3541793458861227,1.479171872138977,1.0640987157821655,1.5638079643249512,0.6281098665902981,1.607268462863344,3.7387081586201147
1776514881.04684,0.1905565283859001,0.23008387540376685,0.12,1.5,1.0640987157821655,2.481990200849069,1.3541793458861227,1.479171872138977,1.0640987157821655,1.5638079643249512,0.6256506360313826,1.602564866282202,3.739627350366734
1776514881.0968907,0.18022828310071506,0.21256055238408073,0.12,1.5,1.0688741207122803,2.483944157777728,1.4011734170112022,1.4702703952789307,1.0688741207122803,1.5534721612930298,0.6233695782253889,1.5981765673768082,3.7404886465190734
1776514881.1480267,0.1723962950949067,0.19999826623043693,0.12,1.5,1.0688741207122803,2.483944157777728,1.4011734170112022,1.4702703952789307,1.0688741207122803,1.5534721612930298,0.6212163323044074,1.5940291611003836,3.741295069151205
1776514881.197034,0.16554555425595363,0.19102149973807378,0.12,1.5,1.0666835308074951,2.481505028965515,1.427802384069534,1.4532629251480103,1.0666835308074951,1.553117036819458,0.6191896774291403,1.5901178414533377,3.742058815427051
1776514881.2561657,0.16027460270618715,0.18328901502886744,0.12,1.5,1.0666835308074951,2.481505028965515,1.427802384069534,1.4532629251480103,1.0666835308074951,1.553117036819458,0.6172567160532998,1.5863807051967105,3.742785707027556
1776514881.296817,0.1566260949206828,0.17751357513421348,0.12,1.5,1.0666835308074951,2.481505028965515,1.427802384069534,1.4532629251480103,1.0666835308074951,1.553117036819458,0.6153971061134537,1.582778915193736,3.7434840619051872
1776514881.3466804,0.15582073113569792,0.17529133556842857,0.12,1.5,1.0752865076065063,2.470412654528234,1.426751865959792,1.4530185461044312,1.0752865076065063,1.520155906677246,0.6135864459260789,1.5792644309848929,3.7441636427795677
1776514881.3999739,0.15824293985038057,0.17628666915589478,0.12,1.5,1.0752865076065063,2.470412654528234,1.426751865959792,1.4530185461044312,1.0752865076065063,1.520155906677246,0.711780227873684,1.5757536911430554,3.744839976058238
1776514881.4495406,0.1630950783724278,0.180079796491279,0.12,1.5,1.0752865076065063,2.470412654528234,1.426751865959792,1.4530185461044312,1.0752865076065063,1.520155906677246,0.7099537512058475,1.572192743835731,3.7455236895489086
1776514881.4969695,0.1630950783724278,0.180079796491279,0.12,1.5,1.0875375270843506,2.468330541989188,1.4539209372650486,1.4489672183990479,1.0875375270843506,1.5313996076583862,0.7099537512058475,1.572192743835731,3.7455236895489086
1776514881.5508761,0.17054497249644787,0.18657329652699683,0.12,1.5,1.0875375270843506,2.468330541989188,1.4539209372650486,1.4489672183990479,1.0875375270843506,1.5313996076583862,0.7080766314936959,1.5685277264737505,3.7462249448468232
1776514881.6007857,0.18350371319849465,0.20177782723993676,0.12,1.5,1.0875375270843506,2.468330541989188,1.4539209372650486,1.4489672183990479,1.0875375270843506,1.5313996076583862,0.706112442851561,1.564685735756962,3.7469564536826936
1776514881.6467638,0.20669847794858634,0.22539208809771305,0.12,1.5,1.0892587900161743,2.467012870763872,1.4823534551908844,1.4399572610855103,1.0892587900161743,1.5081841945648193,0.7039405771735008,1.5604276824239243,3.7477571578550086
1776514881.7007573,0.22916911776612867,0.2547019574091278,0.12,1.5,1.0892587900161743,2.467012870763872,1.4823534551908844,1.4399572610855103,1.0892587900161743,1.5081841945648193,0.7014666909009802,1.5555678141612128,3.748644007161636
1776514881.7701914,0.23014551442510248,0.2642071355243399,0.12,1.5,1.0892587900161743,2.467012870763872,1.4823534551908844,1.4399572610855103,1.0892587900161743,1.5081841945648193,0.6988245975557371,1.5503834538859396,3.749547722472312
1776514881.802311,0.23014551442510248,0.2642071355243399,0.12,1.5,1.0970348119735718,2.4668428852644153,1.519493480282641,1.4247437715530396,1.0970348119735718,1.504805088043213,0.6988245975557371,1.5503834538859396,3.749547722472312
1776514881.853774,0.23014551442510248,0.2642071355243399,0.12,1.5,1.0970348119735718,2.4668428852644153,1.519493480282641,1.4247437715530396,1.0970348119735718,1.504805088043213,0.6988245975557371,1.5503834538859396,3.749547722472312
1776514881.8986578,0.22907406594185983,0.2723227164584431,0.12,1.5,1.0970348119735718,2.4668428852644153,1.519493480282641,1.4247437715530396,1.0970348119735718,1.504805088043213,0.6960945904849527,1.5450104493294923,3.750432966549521
1776514881.9470484,0.2287289841529408,0.2749747158297866,0.12,1.5,1.0970348119735718,2.4668428852644153,1.519493480282641,1.4247437715530396,1.0970348119735718,1.504805088043213,0.6933096829119659,1.5395199076900286,3.7512965136243404
1776514881.9989102,0.22926857420448224,0.2722668664513396,0.12,1.5,1.101940393447876,2.4696838040797386,1.5727668807608393,1.413971185684204,1.101940393447876,1.4851950407028198,0.6905387449378715,1.5340472830746485,3.7521424489285344
1776514882.0485663,0.22926857420448224,0.2722668664513396,0.12,1.5,1.101940393447876,2.4696838040797386,1.5727668807608393,1.413971185684204,1.101940393447876,1.4851950407028198,0.6905387449378715,1.5340472830746485,3.7521424489285344
1776514882.102839,0.22974743516007307,0.26935900213425373,0.12,1.5,1.101940393447876,2.4696838040797386,1.5727668807608393,1.413971185684204,1.101940393447876,1.4851950407028198,0.6878017636012967,1.5286326669794796,3.7529711824710836
1776514882.146946,0.2302362354233357,0.2664754899060018,0.12,1.5,1.1056480407714844,2.464287716960819,1.5959674210455734,1.4043877124786377,1.1056480407714844,1.4710623025894165,0.6850988524819362,1.523276017657423,3.7537827440602984
1776514882.1967533,0.23072139236890293,0.26361479509817265,0.12,1.5,1.1056480407714844,2.464287716960819,1.5959674210455734,1.4043877124786377,1.1056480407714844,1.4710623025894165,0.6824299983225164,1.517976840761047,3.754577316203627
1776514882.2486596,0.2311983137176383,0.2607722085816439,0.12,1.5,1.1056480407714844,2.464287716960819,1.5959674210455734,1.4043877124786377,1.1056480407714844,1.4710623025894165,0.6797952189336411,1.5127347287439457,3.755355063880875
1776514882.297872,0.2311983137176383,0.2607722085816439,0.12,1.5,1.1056480407714844,2.464287716960819,1.5959674210455734,1.4043877124786377,1.1056480407714844,1.4710623025894165,0.6797952189336411,1.5127347287439457,3.755355063880875
1776514882.3470762,0.23162293802174283,0.2580252725108953,0.12,1.5,1.10560142993927,2.4577098242338886,1.6205370314194432,1.4009003639221191,1.10560142993927,1.4592951536178589,0.6771945458860933,1.507549336611627,3.7561160866296643
1776514882.3980026,0.23206233756916003,0.2548949910403752,0.12,1.5,1.10560142993927,2.4577098242338886,1.6205370314194432,1.4009003639221191,1.10560142993927,1.4592951536178589,0.6746283527647533,1.5024211035395436,3.756860431551029
1776514882.4487545,0.23240153981091022,0.252085647180394,0.12,1.5,1.10560142993927,2.4577098242338886,1.6205370314194432,1.4009003639221191,1.10560142993927,1.4592951536178589,0.672097071734929,1.4973504665126094,3.7575882340648175
1776514882.497662,0.23240153981091022,0.252085647180394,0.12,1.5,1.1158030033111572,2.457490597247636,1.6533207767176865,1.3898005485534668,1.1158030033111572,1.4327113628387451,0.672097071734929,1.4973504665126094,3.7575882340648175
1776514882.5471094,0.23325922603557997,0.24908250641400947,0.12,1.5,1.1158030033111572,2.457490597247636,1.6533207767176865,1.3898005485534668,1.1158030033111572,1.4327113628387451,0.6695988069903689,1.4923335683335885,3.758300000898808
1776514882.5969172,0.23292598461840344,0.24693074179510036,0.12,1.5,1.1158030033111572,2.457490597247636,1.6533207767176865,1.3898005485534668,1.1158030033111572,1.4327113628387451,0.6671356537959946,1.4873740693588675,3.75899553679919
1776514882.6487732,0.2331249419511358,0.24412200801582137,0.12,1.5,1.121575951576233,2.45095194753511,1.6747798835437353,1.3788707256317139,1.121575951576233,1.434640884399414,0.6647039420045809,1.4824673687416532,3.759672708060386
1776514882.6967547,0.22600915793551254,0.2320443824083887,0.12,1.5,1.121575951576233,2.45095194753511,1.6747798835437353,1.3788707256317139,1.121575951576233,1.434640884399414,0.6623444710268717,1.4776943885422154,3.7603239231547505
1776514882.746781,0.2069671516179004,0.20870463090580826,0.12,1.5,1.1330690383911133,2.4501737185256776,1.7033282794967282,1.3654954433441162,1.1330690383911133,1.4069881439208984,0.6601914308351942,1.4733018574941568,3.760933078007039
1776514882.7968752,0.18442433334435013,0.1673960019804876,0.12,1.5,1.1330690383911133,2.4501737185256776,1.7033282794967282,1.3654954433441162,1.1330690383911133,1.4069881439208984,0.6583471483265153,1.4695475813410934,3.7614583104260704
1776514882.8467681,0.17015277543379656,0.15641400132857128,0.12,1.5,1.1330690383911133,2.4501737185256776,1.7033282794967282,1.3654954433441162,1.1330690383911133,1.4069881439208984,0.6567822240164154,1.4663499654298553,3.7619299769308885
1776514882.898896,0.15860294584560802,0.13431100771456608,0.12,1.5,1.1341274976730347,2.4571565293692306,1.746213115891927,1.3626794815063477,1.1341274976730347,1.4068245887756348,0.6553930488525076,1.4635040383781375,3.7623601471405714
1776514882.9467776,0.1477754423663223,0.1229546406345338,0.12,1.5,1.1341274976730347,2.4571565293692306,1.746213115891927,1.3626794815063477,1.1341274976730347,1.4068245887756348,0.6541438977626579,1.4609374062977123,3.7627551368407226
1776514882.9971347,0.13625942382927278,0.10384488722197223,0.12,1.5,1.1341274976730347,2.4571565293692306,1.746213115891927,1.3626794815063477,1.1341274976730347,1.4068245887756348,0.6530254051339368,1.4586331025790678,3.7631168297389115
1776514883.0469742,0.13625942382927278,0.10384488722197223,0.12,1.5,1.1420719623565674,2.450412543805852,1.7487139704120165,1.354383945465088,1.1420719623565674,1.40284264087677,0.6530254051339368,1.4586331025790678,3.7631168297389115
1776514883.1009345,0.12395683840179425,0.10035295601164022,0.12,1.5,1.1420719623565674,2.450412543805852,1.7487139704120165,1.354383945465088,1.1420719623565674,1.40284264087677,0.6520600665293591,1.4566377785770692,3.7634442340608887
1776514883.1466644,0.11037583223333183,0.0955482004319832,0.12,1.5,1.1420719623565674,2.450412543805852,1.7487139704120165,1.354383945465088,1.1420719623565674,1.40284264087677,0.6510674923178081,1.4545769292221866,3.763740383308681
1776514883.199366,0.11037583223333183,0.0955482004319832,0.12,1.5,1.1420719623565674,2.450412543805852,1.7487139704120165,1.354383945465088,1.1420719623565674,1.40284264087677,0.6510674923178081,1.4545769292221866,3.763740383308681
1776514883.2497678,0.10392603863387019,0.06772341358721157,0.12,1.5,1.1453903913497925,2.4537152462155594,1.7722753522813866,1.3446125984191895,1.1453903913497925,1.396450161933899,0.6502046780009734,1.4528787625059811,3.7639589522384456
1776514883.2967231,0.09309236885598789,0.061954027421643014,0.12,1.5,1.1453903913497925,2.4537152462155594,1.7722753522813866,1.3446125984191895,1.1453903913497925,1.396450161933899,0.6493196687686285,1.4517859659843668,3.7638451148018324
1776514883.3467824,0.08792325958249231,-0.07453969175578723,0.12,1.5,1.1453903913497925,2.4537152462155594,1.7722753522813866,1.3446125984191895,1.1453903913497925,1.396450161933899,0.6487306050026689,1.452188191738545,3.763294672851313
1776514883.3967059,0.07420786519288075,-0.15067515889851574,0.12,1.5,1.1523059606552124,2.4503455153226192,1.7691896074168736,1.342309832572937,1.1523059606552124,1.3880040645599365,0.648467532218999,1.4542267412781391,3.7622698204892617
1776514883.4575,0.05808883253463359,-0.243156652916905,0.12,1.5,1.1523059606552124,2.4503455153226192,1.7691896074168736,1.342309832572937,1.1523059606552124,1.3880040645599365,0.648467532218999,1.4542267412781391,3.7622698204892617
1776514883.5036745,0.05808883253463359,-0.243156652916905,0.12,1.5,1.1523059606552124,2.4503455153226192,1.7691896074168736,1.342309832572937,1.1523059606552124,1.3880040645599365,0.6485394707510544,1.4580037490868891,3.760735887115827
1776514883.5488248,0.030939328900332526,-0.10638881120025942,0.12,1.5,1.1523059606552124,2.4503455153226192,1.7691896074168736,1.342309832572937,1.1523059606552124,1.3880040645599365,0.7483850760905639,1.4631928318537293,3.7588660084650023
1776514883.603888,0.007451841200022523,-0.12689176692689066,0.12,1.5,1.1417207717895508,2.459507007493011,1.7758636173370963,1.3541491031646729,1.1417207717895508,1.3958197832107544,0.7484993297102468,1.4647019480656693,3.7583193632060206
1776514883.6581628,0.014729219910715087,-0.0008024182455426155,0.12,1.5,1.1417207717895508,2.459507007493011,1.7758636173370963,1.3541491031646729,1.1417207717895508,1.3958197832107544,0.7484993297102468,1.4647019480656693,3.7583193632060206
1776514883.6968043,0.014729219910715087,-0.0008024182455426155,0.12,1.5,1.1491214036941528,2.4661036129906484,1.7915237166555897,1.3480644226074219,1.1491214036941528,1.3975013494491577,0.7485518553034574,1.4653435579470901,3.758074101060192
1776514883.7469895,-0.02170972595508215,0.0024381131159770058,0.12,1.5,1.1491214036941528,2.4661036129906484,1.7915237166555897,1.3480644226074219,1.1491214036941528,1.3975013494491577,0.7487384430215638,1.4663186017697267,3.7577922324448503
1776514883.808108,-0.02675939076861644,-0.0026486546854528614,0.12,1.5,1.1491214036941528,2.4661036129906484,1.7915237166555897,1.3480644226074219,1.1491214036941528,1.3975013494491577,0.7488079551780993,1.4664564824979962,3.7577205707919377
1776514883.847614,-0.027811818258426494,-0.003065246624148163,0.12,1.5,1.1328905820846558,2.4659191491314925,1.7904977883530617,1.3450716733932495,1.1328905820846558,1.390665888786316,0.7488576687207138,1.4665621579903774,3.7576429168632735
1776514883.8967714,-0.020795288419532616,-0.017936696000430158,0.12,1.5,1.1328905820846558,2.4659191491314925,1.7904977883530617,1.3450716733932495,1.1328905820846558,1.390665888786316,0.7488318082756509,1.4664999640094944,3.7575735932833485
1776514883.946401,-0.027503023575594428,0.005480677697593657,0.12,1.5,1.1467719078063965,2.4673588022272637,1.7912512312286488,1.3571641445159912,1.1467719078063965,1.3904701471328735,0.748829127171136,1.4664977710231695,3.7574953573430094
1776514884.0013158,-0.027460377788070072,0.010503734102493448,0.12,1.5,1.1467719078063965,2.4673588022272637,1.7912512312286488,1.3571641445159912,1.1467719078063965,1.3904701471328735,0.6492978463358956,1.4663405547267034,3.7574182483933964
1776514884.047935,-0.027146147075228996,0.014889168049171465,0.12,1.5,1.1467719078063965,2.4673588022272637,1.7912512312286488,1.3571641445159912,1.1467719078063965,1.3904701471328735,0.6491777010449815,1.466084288390915,3.757342899757139
1776514884.0969357,-0.02682148686498794,0.019542337667299726,0.12,1.5,1.143194317817688,2.4599665794848953,1.770234859357981,1.3529239892959595,1.143194317817688,1.400191068649292,0.6490150294062907,1.4657378265806904,3.757268553296682
1776514884.1498077,-0.02682148686498794,0.019542337667299726,0.12,1.5,1.143194317817688,2.4599665794848953,1.770234859357981,1.3529239892959595,1.143194317817688,1.400191068649292,0.6490150294062907,1.4657378265806904,3.757268553296682
1776514884.1966772,-0.026083428009955716,0.029346766172291466,0.12,1.5,1.143194317817688,2.4599665794848953,1.770234859357981,1.3529239892959595,1.143194317817688,1.400191068649292,0.648553433744997,1.464756779230174,3.7571236820682072
1776514884.26237,-0.026083428009955716,0.029346766172291466,0.12,1.5,1.143194317817688,2.4599665794848953,1.770234859357981,1.3529239892959595,1.143194317817688,1.400191068649292,0.648553433744997,1.464756779230174,3.7571236820682072
1776514884.301889,-0.025581284191935446,0.0335720422126129,0.12,1.5,1.1406099796295166,2.4621833293775404,1.7736399723440932,1.3542624711990356,1.1406099796295166,1.4037081003189087,0.6584255863471546,1.4671719264206589,3.7650856543344102
1776514884.346911,-0.024999433438438027,0.0381248813444541,0.12,1.5,1.1406099796295166,2.4621833293775404,1.7736399723440932,1.3542624711990356,1.1406099796295166,1.4037081003189087,0.6709707597275285,1.4703675075694598,3.7751276648954923
1776514884.406123,-0.0254164100809547,0.0389235959099549,0.12,1.5,1.14298415184021,2.4584952870747427,1.7672618498661292,1.3527830839157104,1.14298415184021,1.390621542930603,0.6705979733902483,1.4695913422956042,3.7750571933290473
1776514884.4499006,-0.02551097123753869,0.03868346806826996,0.12,1.5,1.14298415184021,2.4584952870747427,1.7672618498661292,1.3527830839157104,1.14298415184021,1.390621542930603,0.670222925501855,1.4688134163262156,3.774986188816631
1776514884.4989064,-0.02551097123753869,0.03868346806826996,0.12,1.5,1.14298415184021,2.4584952870747427,1.7672618498661292,1.3527830839157104,1.14298415184021,1.390621542930603,0.670222925501855,1.4688134163262156,3.774986188816631
1776514884.5467744,-0.025345079957175942,0.03941763149124252,0.12,1.5,1.1374988555908203,2.4604211667419915,1.7724131488161898,1.3562067747116089,1.1374988555908203,1.3973804712295532,0.6694645844696567,1.4672400103595837,3.774848382729498
1776514884.5987756,-0.025299012938921304,0.03945528523603092,0.12,1.5,1.1374988555908203,2.4604211667419915,1.7724131488161898,1.3562067747116089,1.1374988555908203,1.3973804712295532,0.6690835279183982,1.4664512390697584,3.774780729232497
1776514884.648748,-0.02525654382678395,0.03948312545516671,0.12,1.5,1.1374988555908203,2.4604211667419915,1.7724131488161898,1.3562067747116089,1.1374988555908203,1.3973804712295532,0.6687013387266786,1.4656618380629578,3.7747136434524275
1776514884.6968267,-0.02521694519131723,0.039512536396560105,0.12,1.5,1.1414706707000732,2.4576423203470967,1.7670412548615455,1.3611395359039307,1.1414706707000732,1.3977625370025635,0.6683180155559217,1.4648718011312492,3.774647119238024
1776514884.7468705,-0.025179930166137586,0.03954802907228345,0.12,1.5,1.1414706707000732,2.4576423203470967,1.7670412548615455,1.3611395359039307,1.1414706707000732,1.3977625370025635,0.6679335176622359,1.4640810410772818,3.77458115061015
1776514884.7987566,-0.025139200954629737,0.03959289995433101,0.12,1.5,1.1319241523742676,2.46058304457616,1.7721845246919887,1.3607256412506104,1.1319241523742676,1.3961429595947266,0.6675477900355118,1.4632894467369753,3.7745157338284403
1776514884.8727653,-0.025139200954629737,0.03959289995433101,0.12,1.5,1.1319241523742676,2.46058304457616,1.7721845246919887,1.3607256412506104,1.1319241523742676,1.3961429595947266,0.6675477900355118,1.4632894467369753,3.7745157338284403
1776514884.8965614,-0.025139200954629737,0.03959289995433101,0.12,1.5,1.1319241523742676,2.46058304457616,1.7721845246919887,1.3607256412506104,1.1319241523742676,1.3961429595947266,0.6675477900355118,1.4632894467369753,3.7745157338284403
1776514884.95147,-0.025139200954629737,0.03959289995433101,0.12,1.5,1.1319241523742676,2.46058304457616,1.7721845246919887,1.3607256412506104,1.1319241523742676,1.3961429595947266,0.6675477900355118,1.4632894467369753,3.7745157338284403
1776514884.9971354,-0.02510154846847378,0.03962022192742791,0.12,1.5,1.1319241523742676,2.46058304457616,1.7721845246919887,1.3607256412506104,1.1319241523742676,1.3961429595947266,0.6671609529965049,1.4624972487167647,3.7744508846738976
1776514885.047673,-0.025062993064995223,0.03965881948487998,0.12,1.5,1.1319241523742676,2.46058304457616,1.7721845246919887,1.3607256412506104,1.1319241523742676,1.3961429595947266,0.6667729177814831,1.4617042792335035,3.774386591131645
1776514885.098753,-0.025062993064995223,0.03965881948487998,0.12,1.5,1.1319241523742676,2.46058304457616,1.7721845246919887,1.3607256412506104,1.1319241523742676,1.3961429595947266,0.6667729177814831,1.4617042792335035,3.774386591131645
1776514885.1517067,-0.02502552089217259,0.03969583320937614,0.12,1.5,1.1383049488067627,2.456509279829832,1.7667363945607104,1.3628557920455933,1.1383049488067627,1.4031531810760498,0.6663836912979851,1.4609105565132425,3.7743228497584607
1776514885.198371,-0.02498824310675189,0.039742330349492726,0.12,1.5,1.1383049488067627,2.456509279829832,1.7667363945607104,1.3628557920455933,1.1383049488067627,1.4031531810760498,0.6659932037428306,1.4601159409114248,3.7742596590671122
1776514885.2522116,-0.02495685186795059,0.03978450164403589,0.12,1.5,1.1296576261520386,2.4499476284588186,1.7479830297126078,1.3549538850784302,1.1296576261520386,1.3893306255340576,0.6656014333910973,1.4593204022714534,3.7741970080053178
1776514885.2971292,-0.024923779934699714,0.039840980136221456,0.12,1.5,1.1296576261520386,2.4499476284588186,1.7479830297126078,1.3549538850784302,1.1296576261520386,1.3893306255340576,0.66520826685548,1.4585237142266974,3.7741348781433532
1776514885.34792,-0.024890051606318377,0.03989742238275509,0.12,1.5,1.1296576261520386,2.4499476284588186,1.7479830297126078,1.3549538850784302,1.1296576261520386,1.3893306255340576,0.6648137896297579,1.457726040547573,3.774073291219776
1776514885.4081125,-0.024859811936232747,0.03995583098588142,0.12,1.5,1.1251517534255981,2.4552333813701703,1.7654524854921054,1.3613781929016113,1.1251517534255981,1.4064927101135254,0.66441790731948,1.456927210627622,3.7740122304598254
1776514885.4469898,-0.024859811936232747,0.03995583098588142,0.12,1.5,1.1251517534255981,2.4552333813701703,1.7654524854921054,1.3613781929016113,1.1251517534255981,1.4064927101135254,0.66441790731948,1.456927210627622,3.7740122304598254
1776514885.4979968,-0.02483304812611908,0.0400177813043029,0.12,1.5,1.1251517534255981,2.4552333813701703,1.7654524854921054,1.3613781929016113,1.1251517534255981,1.4064927101135254,0.6640205795754195,1.4561271595843575,3.7739516814338314
1776514885.547063,-0.024812741553190385,0.040087046942292225,0.12,1.5,1.1257338523864746,2.4488192190184406,1.7478525756742842,1.3637460470199585,1.1257338523864746,1.396852731704712,0.6636217557414248,1.455325804484152,3.7738916240875477
1776514885.6026604,-0.0248011499566783,0.04016536573539259,0.12,1.5,1.1257338523864746,2.4488192190184406,1.7478525756742842,1.3637460470199585,1.1257338523864746,1.396852731704712,0.6632213420698329,1.454522983029522,3.7738320301726143
1776514885.6489248,-0.024801989808455813,0.04025796932356744,0.12,1.5,1.1257338523864746,2.4488192190184406,1.7478525756742842,1.3637460470199585,1.1257338523864746,1.396852731704712,0.662819204853144,1.453718460159342,3.7737728618701825
1776514885.6997502,-0.024801989808455813,0.04025796932356744,0.12,1.5,1.1356652975082397,2.454691821728229,1.7654846379365208,1.3612116575241089,1.1356652975082397,1.3943299055099487,0.662819204853144,1.453718460159342,3.7737728618701825
1776514885.7475471,-0.025041233812596164,0.04086024739660523,0.12,1.5,1.1356652975082397,2.454691821728229,1.7654846379365208,1.3612116575241089,1.1356652975082397,1.3943299055099487,0.6620014495954349,1.4520899720306855,3.77365349285607
1776514885.8067553,-0.025023791165559476,0.0410047798986159,0.12,1.5,1.1356652975082397,2.454691821728229,1.7654846379365208,1.3612116575241089,1.1356652975082397,1.3943299055099487,0.6615894675127117,1.4512712723102827,3.773594947047825
1776514885.8513474,-0.025023791165559476,0.0410047798986159,0.12,1.5,1.1299530267715454,2.448283155465104,1.747025214356011,1.3670728206634521,1.1299530267715454,1.4011904001235962,0.6615894675127117,1.4512712723102827,3.773594947047825
1776514885.8973331,-0.025023791165559476,0.0410047798986159,0.12,1.5,1.1299530267715454,2.448283155465104,1.747025214356011,1.3670728206634521,1.1299530267715454,1.4011904001235962,0.6615894675127117,1.4512712723102827,3.773594947047825
1776514885.9475353,-0.025023791165559476,0.0410047798986159,0.12,1.5,1.1299530267715454,2.448283155465104,1.747025214356011,1.3670728206634521,1.1299530267715454,1.4011904001235962,0.6615894675127117,1.4512712723102827,3.773594947047825
1776514886.0267956,-0.025035563274309426,0.04105059529679917,0.12,1.5,1.1299530267715454,2.448283155465104,1.747025214356011,1.3670728206634521,1.1299530267715454,1.4011904001235962,0.6611756848062136,1.4504509139827388,3.7735367711207086
1776514886.0469992,-0.025049326323264197,0.04115837300205882,0.12,1.5,1.1299530267715454,2.448283155465104,1.747025214356011,1.3670728206634521,1.1299530267715454,1.4011904001235962,0.6607599106215234,1.449628467013452,3.773478971240741
1776514886.096763,-0.025081350400351397,0.04123412640260942,0.12,1.5,1.1239418983459473,2.445436253468269,1.7423244148072474,1.367443561553955,1.1239418983459473,1.3984429836273193,0.6603422301723132,1.4488041054707157,3.77342152116739
1776514886.1467638,-0.02512822299197535,0.04140786995635563,0.12,1.5,1.1239418983459473,2.445436253468269,1.7423244148072474,1.367443561553955,1.1239418983459473,1.3984429836273193,0.6599224302421578,1.4479774482413434,3.77336436457774
1776514886.1986482,-0.02512822299197535,0.04140786995635563,0.12,1.5,1.1239418983459473,2.445436253468269,1.7423244148072474,1.367443561553955,1.1239418983459473,1.3984429836273193,0.6599224302421578,1.4479774482413434,3.77336436457774
1776514886.247966,-0.025192637806016466,0.04140203043332728,0.12,1.5,1.1161096096038818,2.4480604988683936,1.7479816967340482,1.3571892976760864,1.1161096096038818,1.3954026699066162,0.6594999073775705,1.447147185675373,3.7733075301908503
1776514886.299185,-0.025396347655871555,0.04023463882329093,0.12,1.5,1.1161096096038818,2.4480604988683936,1.7479816967340482,1.3571892976760864,1.1161096096038818,1.3954026699066162,0.6590802729889108,1.4463246046930485,3.7732508189468317
1776514886.3467455,-0.025578688168758246,0.03886566130423936,0.12,1.5,1.1161096096038818,2.4480604988683936,1.7479816967340482,1.3571892976760864,1.1161096096038818,1.3954026699066162,0.6586802321142705,1.4455431131044991,3.7731934321023144
1776514886.4207008,-0.02493848276483752,0.043638487781587805,0.12,1.5,1.1268486976623535,2.4437471758315787,1.7405627607648715,1.3663370609283447,1.1268486976623535,1.4039608240127563,0.658255574643747,1.444713420755979,3.7731380086635014
1776514886.4475524,-0.02493848276483752,0.043638487781587805,0.12,1.5,1.1268486976623535,2.4437471758315787,1.7405627607648715,1.3663370609283447,1.1268486976623535,1.4039608240127563,0.658255574643747,1.444713420755979,3.7731380086635014
1776514886.498163,-0.02493848276483752,0.043638487781587805,0.12,1.5,1.1268486976623535,2.4437471758315787,1.7405627607648715,1.3663370609283447,1.1268486976623535,1.4039608240127563,0.658255574643747,1.444713420755979,3.7731380086635014
1776514886.5531332,-0.02493848276483752,0.043638487781587805,0.12,1.5,1.1268486976623535,2.4437471758315787,1.7405627607648715,1.3663370609283447,1.1268486976623535,1.4039608240127563,0.658255574643747,1.444713420755979,3.7731380086635014
1776514886.6150522,-0.025020905788791833,0.042845165178935336,0.12,1.5,1.1268486976623535,2.4437471758315787,1.7405627607648715,1.3663370609283447,1.1268486976623535,1.4039608240127563,0.6578090096211633,1.4438414524488739,3.7730843594043635
1776514886.6467974,-0.025020905788791833,0.042845165178935336,0.12,1.5,1.1268486976623535,2.4437471758315787,1.7405627607648715,1.3663370609283447,1.1268486976623535,1.4039608240127563,0.6578090096211633,1.4438414524488739,3.7730843594043635
1776514886.6968167,-0.025020905788791833,0.042845165178935336,0.12,1.5,1.1268486976623535,2.4437471758315787,1.7405627607648715,1.3663370609283447,1.1268486976623535,1.4039608240127563,0.6578090096211633,1.4438414524488739,3.7730843594043635
1776514886.7477493,-0.02514754057090994,0.042093973407505036,0.12,1.5,1.1244367361068726,2.4378702037319004,1.7238661563965307,1.3717714548110962,1.1244367361068726,1.4028127193450928,0.6573763444837396,1.4429985516616486,3.773030678212411
1776514886.7971165,-0.024981089627580014,0.04324609245372693,0.12,1.5,1.1244367361068726,2.4378702037319004,1.7238661563965307,1.3717714548110962,1.1244367361068726,1.4028127193450928,0.6569364367089162,1.4421432692078304,3.7729776886181243
1776514886.8509166,-0.024986418708014598,0.04284181549063813,0.12,1.5,1.1244367361068726,2.4378702037319004,1.7238661563965307,1.3717714548110962,1.1244367361068726,1.4028127193450928,0.6564919789318338,1.4412809377156202,3.7729253497660515
1776514886.9022963,-0.024950093627522353,0.04282816460610005,0.12,1.5,1.116686224937439,2.4432557041616376,1.7413740850878883,1.372091293334961,1.116686224937439,1.4083943367004395,0.6560504330309371,1.4404260500520314,3.7728734826719768
1776514886.9488463,-0.024950093627522353,0.04282816460610005,0.12,1.5,1.116686224937439,2.4432557041616376,1.7413740850878883,1.372091293334961,1.116686224937439,1.4083943367004395,0.6560504330309371,1.4404260500520314,3.7728734826719768
1776514887.001093,-0.024850033293897254,0.04291380117059479,0.12,1.5,1.116686224937439,2.4432557041616376,1.7413740850878883,1.372091293334961,1.116686224937439,1.4083943367004395,0.6551571582722423,1.4387019189670436,3.7727716227867156
1776514887.0524626,-0.024850033293897254,0.04291380117059479,0.12,1.5,1.120422601699829,2.437431508142787,1.72394897478994,1.3730322122573853,1.120422601699829,1.4064228534698486,0.6551571582722423,1.4387019189670436,3.7727716227867156
1776514887.099621,-0.024830321385964194,0.04264047471440507,0.12,1.5,1.120422601699829,2.437431508142787,1.72394897478994,1.3730322122573853,1.120422601699829,1.4064228534698486,0.6547146619289088,1.4378504837470527,3.772721440894207
1776514887.147224,-0.024772526204457457,0.04268474714742919,0.12,1.5,1.120422601699829,2.437431508142787,1.72394897478994,1.3730322122573853,1.120422601699829,1.4064228534698486,0.6542703888683111,1.4369974202952682,3.772671836146711
1776514887.1968706,-0.024720382704000142,0.04264443565732575,0.12,1.5,1.1308883428573608,2.4424325508943427,1.7420106702444604,1.3751180171966553,1.1308883428573608,1.412845253944397,0.6538252252280343,1.436144417025947,3.7726228023334163
1776514887.2478752,-0.024667169136872644,0.04258910194795291,0.12,1.5,1.1308883428573608,2.4424325508943427,1.7420106702444604,1.3751180171966553,1.1308883428573608,1.412845253944397,0.6533791457128656,1.4352915966088993,3.772574250171835
1776514887.297736,-0.02458917673673299,0.04266537746790354,0.12,1.5,1.1054478883743286,2.436383658046528,1.7238101014847746,1.3768607378005981,1.1054478883743286,1.410778284072876,0.6529320479794887,1.4344385621045308,3.772526293162865
1776514887.3481443,-0.024543476815272955,0.04260490831936721,0.12,1.5,1.1054478883743286,2.436383658046528,1.7238101014847746,1.3768607378005981,1.1054478883743286,1.410778284072876,0.6524839410605187,1.4335854205655187,3.772478880913195
1776514887.396938,-0.02448167612071339,0.042583349556662216,0.12,1.5,1.1054478883743286,2.436383658046528,1.7238101014847746,1.3768607378005981,1.1054478883743286,1.410778284072876,0.652035247870379,1.4327329624780627,3.7724320046158075
1776514887.447441,-0.024408186074972787,0.042654335030834385,0.12,1.5,1.1235157251358032,2.432795607304816,1.7180642011392704,1.3755239248275757,1.1235157251358032,1.406510829925537,0.6515856197208263,1.4318805567374902,3.7723856456337113
1776514887.5008814,-0.02438321265466314,0.04264930820407198,0.12,1.5,1.1235157251358032,2.432795607304816,1.7180642011392704,1.3755239248275757,1.1235157251358032,1.406510829925537,0.6511349228109864,1.4310276749602373,3.7723399277641776
1776514887.5491369,-0.024324257778286493,0.042647224803068505,0.12,1.5,1.1235157251358032,2.432795607304816,1.7180642011392704,1.3755239248275757,1.1235157251358032,1.406510829925537,0.6506830156235318,1.4301744284340012,3.7722946524646117
1776514887.5997653,-0.0243074428535587,0.042650231985539654,0.12,1.5,1.1124347448349,2.435860412193602,1.724637732048504,1.3782435655593872,1.1124347448349,1.4040547609329224,0.6502298356270297,1.4293204693486632,3.7722499327245256
1776514887.6530454,-0.02428479881807173,0.0425742549889175,0.12,1.5,1.1124347448349,2.435860412193602,1.724637732048504,1.3782435655593872,1.1124347448349,1.4040547609329224,0.6497755147917152,1.4284660841216958,3.772205730158005
1776514887.701887,-0.024228844384685245,0.04297634330556952,0.12,1.5,1.116390347480774,2.4318627996868165,1.718298867029925,1.3798828125,1.116390347480774,1.421295166015625,0.6493188892977755,1.4276086675315693,3.7721622150601295
1776514887.747168,-0.0241942922188939,0.042858231324273285,0.12,1.5,1.116390347480774,2.4318627996868165,1.718298867029925,1.3798828125,1.116390347480774,1.421295166015625,0.6488611842156159,1.4267515846115855,3.7721188876113705
1776514887.7989016,-0.024040419080565093,0.04285888185069639,0.12,1.5,1.116390347480774,2.4318627996868165,1.718298867029925,1.3798828125,1.116390347480774,1.421295166015625,0.6484030331931715,1.4258944271189846,3.7720766224430875
1776514887.8479424,-0.024120492612413356,0.042906256675667026,0.12,1.5,1.1105787754058838,2.4255699422158763,1.6998001058966354,1.377898931503296,1.1105787754058838,1.409120798110962,0.64794359984893,1.4250373387968176,3.772034424462473
1776514887.9019232,-0.023950676719222866,0.04222392558355132,0.12,1.5,1.1105787754058838,2.4255699422158763,1.6998001058966354,1.377898931503296,1.1105787754058838,1.409120798110962,0.6474833519635752,1.4241826961753368,3.771991453272723
1776514887.9507551,-0.023950676719222866,0.04222392558355132,0.12,1.5,1.1203148365020752,2.4314162036426414,1.7189906504960177,1.372406244277954,1.1203148365020752,1.4045782089233398,0.6474833519635752,1.4241826961753368,3.771991453272723
1776514888.0032725,-0.024373329619192148,0.041501660473156614,0.12,1.5,1.1203148365020752,2.4314162036426414,1.7189906504960177,1.372406244277954,1.1203148365020752,1.4045782089233398,0.6465782021968819,1.422506415595129,3.7719065984369236
1776514888.048877,-0.024373329619192148,0.041501660473156614,0.12,1.5,1.1203148365020752,2.4314162036426414,1.7189906504960177,1.372406244277954,1.1203148365020752,1.4045782089233398,0.6465782021968819,1.422506415595129,3.7719065984369236
1776514888.0989008,-0.024996071880761753,0.03882709460289615,0.12,1.5,1.1203148365020752,2.4314162036426414,1.7189906504960177,1.372406244277954,1.1203148365020752,1.4045782089233398,0.6461422906904777,1.4217022834140094,3.77186391981414
1776514888.146719,-0.024668069755275072,0.039765807325317856,0.12,1.5,1.1189141273498535,2.425377941374201,1.7006691362333428,1.377458095550537,1.1189141273498535,1.4121018648147583,0.6457122746608637,1.4209144816510315,3.771819218489146
1776514888.2000883,-0.024668069755275072,0.039765807325317856,0.12,1.5,1.1189141273498535,2.425377941374201,1.7006691362333428,1.377458095550537,1.1189141273498535,1.4121018648147583,0.6457122746608637,1.4209144816510315,3.771819218489146
1776514888.2467678,-0.024106941869875262,0.044074242428883165,0.12,1.5,1.1189141273498535,2.425377941374201,1.7006691362333428,1.377458095550537,1.1189141273498535,1.4121018648147583,0.6452511545669202,1.4200654553520087,3.771778586066116
1776514888.2973688,-0.024041947461884393,0.04403232742787307,0.12,1.5,1.1158627271652222,2.4215939834534734,1.6942239623616873,1.3804563283920288,1.1158627271652222,1.4037346839904785,0.6447700826380982,1.4191799353803995,3.771739689084648
1776514888.3465128,-0.02391162762196403,0.045078662590579424,0.12,1.5,1.1158627271652222,2.4215939834534734,1.6942239623616873,1.3804563283920288,1.1158627271652222,1.4037346839904785,0.6442829601370994,1.4182851621844683,3.771701349552376
1776514888.4020796,-0.02356273204801812,0.0471812343285983,0.12,1.5,1.115505576133728,2.427059363039636,1.7142061669029656,1.3793846368789673,1.115505576133728,1.422204852104187,0.6437948645603175,1.4173897513473692,3.771663959269019
1776514888.447066,-0.024048221495834906,0.04287615179864473,0.12,1.5,1.115505576133728,2.427059363039636,1.7142061669029656,1.3793846368789673,1.115505576133728,1.422204852104187,0.6432870000986843,1.4164601734675448,3.771627276104677
1776514888.502756,-0.023884482491044048,0.043827924276578036,0.12,1.5,1.115505576133728,2.427059363039636,1.7142061669029656,1.3793846368789673,1.115505576133728,1.422204852104187,0.6428206730305054,1.4156073053127611,3.771591003118487
1776514888.5482209,-0.023412494209677094,0.04575220265555547,0.12,1.5,1.1108821630477905,2.4210129362030455,1.6960371258201805,1.3793655633926392,1.1108821630477905,1.4164958000183105,0.6423251825284532,1.4147034714729174,3.771555625466087
1776514888.5969267,-0.023572578437275168,0.044386415678425495,0.12,1.5,1.1108821630477905,2.4210129362030455,1.6960371258201805,1.3793655633926392,1.1108821630477905,1.4164958000183105,0.6418272331959549,1.4137960367674736,3.771521362461124
1776514888.647802,-0.022413866239896125,0.04788939747546468,0.12,1.5,1.1108821630477905,2.4210129362030455,1.6960371258201805,1.3793655633926392,1.1108821630477905,1.4164958000183105,0.6413221648373779,1.4128773230378076,3.7714877683530705
1776514888.6971385,-0.024472157445307112,0.03515801781607581,0.12,1.5,1.1109623908996582,2.4177899540408028,1.690862906284178,1.382690191268921,1.1109623908996582,1.3994983434677124,0.6408617694570937,1.4120433901293306,3.771454271356214
1776514888.747355,-0.027560930727849528,0.01798139861708735,0.12,1.5,1.1109623908996582,2.4177899540408028,1.690862906284178,1.382690191268921,1.1109623908996582,1.3994983434677124,0.6402171777832443,1.410878136719038,3.7713840734657604
1776514888.7977731,-0.027560930727849528,0.01798139861708735,0.12,1.5,1.1100367307662964,2.42027779942194,1.6954831814876998,1.378836750984192,1.1100367307662964,1.4178699254989624,0.6402171777832443,1.410878136719038,3.7713840734657604
1776514888.8469994,-0.027148772467556807,0.024866702823179456,0.12,1.5,1.1100367307662964,2.42027779942194,1.6954831814876998,1.378836750984192,1.1100367307662964,1.4178699254989624,0.6399850287679374,1.4104578160692214,3.771345460291643
1776514888.8978956,-0.02012415657471851,0.019549887480729104,0.12,1.5,1.1100367307662964,2.42027779942194,1.6954831814876998,1.378836750984192,1.1100367307662964,1.4178699254989624,0.639714381506477,1.4099678997828702,3.771315421191606
1776514888.949759,-0.011876033050303698,0.02054838924100367,0.12,1.5,1.1061933040618896,2.4226268698615567,1.6989546221264225,1.3926845788955688,1.1061933040618896,1.4255036115646362,0.639481182045669,1.4095405479568839,3.7712955145474565
1776514889.0017526,0.001726190356948692,-0.0015058002126464142,0.12,1.5,1.1061933040618896,2.4226268698615567,1.6989546221264225,1.3926845788955688,1.1061933040618896,1.4255036115646362,0.6393914496123935,1.4093749900794095,3.771288740547237
1776514889.0496242,0.02108858976423589,-0.013069605608125468,0.12,1.5,1.1061933040618896,2.4226268698615567,1.6989546221264225,1.3926845788955688,1.1061933040618896,1.4255036115646362,0.6395024482686285,1.4095764312601404,3.7712985170326117
1776514889.0987315,0.0386732916912351,-0.049883831895963286,0.12,1.5,1.1159597635269165,2.4223041706455737,1.6983225877749832,1.3868974447250366,1.1159597635269165,1.422032117843628,0.6399153071032053,1.4103346452244,3.7713296205025997
1776514889.1470804,0.05626186176566506,-0.07169212780922365,0.12,1.5,1.1159597635269165,2.4223041706455737,1.6983225877749832,1.3868974447250366,1.1159597635269165,1.422032117843628,0.6405873754438102,1.4115952149319546,3.7713693606607794
1776514889.199994,0.07577331312129103,-0.08399667244917057,0.12,1.5,1.111904263496399,2.4268337896198835,1.713681102526287,1.3840022087097168,1.111904263496399,1.423876404762268,0.6415535126241745,1.4133603463635402,3.7714518239143042
1776514889.2477705,0.1813458188020548,-0.16113837573883208,0.12,1.5,1.111904263496399,2.4268337896198835,1.713681102526287,1.3840022087097168,1.111904263496399,1.423876404762268,0.6427568421324442,1.415454643978374,3.7716977703983825
1776514889.299903,0.29217622494540274,-0.19226438891394335,0.12,1.5,1.111904263496399,2.4268337896198835,1.713681102526287,1.3840022087097168,1.111904263496399,1.423876404762268,0.6448118121251823,1.4192214103244871,3.7720670199852346
1776514889.3487773,0.29217622494540274,-0.19226438891394335,0.12,1.5,1.1227773427963257,2.432011622063657,1.725230300160218,1.383902907371521,1.1227773427963257,1.4054534435272217,0.6448118121251823,1.4192214103244871,3.7720670199852346
1776514889.396768,0.2974427616779735,-0.1830762094657627,0.12,1.5,1.1227773427963257,2.432011622063657,1.725230300160218,1.383902907371521,1.1227773427963257,1.4054534435272217,0.6470109233488736,1.4234753137272604,3.772492791395232
1776514889.4467568,0.2846707034901736,-0.104781628858575,0.12,1.5,1.1227773427963257,2.432011622063657,1.725230300160218,1.383902907371521,1.1227773427963257,1.4054534435272217,0.64842149446915,1.426153701312049,3.7729998123511987
1776514889.4978917,0.2758429398191831,-0.04362222664242853,0.12,1.5,1.128358006477356,2.44019226284627,1.7632401953645076,1.366447925567627,1.128358006477356,1.4005125761032104,0.6491840923903759,1.4276209048704978,3.773510988895121
1776514889.5517704,0.2660240549246678,0.02389181824930511,0.12,1.5,1.128358006477356,2.44019226284627,1.7632401953645076,1.366447925567627,1.128358006477356,1.4005125761032104,0.6492762665614431,1.4277999123826413,3.7740170846459917
1776514889.599289,0.2660240549246678,0.02389181824930511,0.12,1.5,1.128358006477356,2.44019226284627,1.7632401953645076,1.366447925567627,1.128358006477356,1.4005125761032104,0.6492762665614431,1.4277999123826413,3.7740170846459917
1776514889.6470723,0.2660240549246678,0.02389181824930511,0.12,1.5,1.128358006477356,2.44019226284627,1.7632401953645076,1.366447925567627,1.128358006477356,1.4005125761032104,0.6492762665614431,1.4277999123826413,3.7740170846459917
1776514889.6976469,0.2660240549246678,0.02389181824930511,0.12,1.5,1.128358006477356,2.44019226284627,1.7632401953645076,1.366447925567627,1.128358006477356,1.4005125761032104,0.6492762665614431,1.4277999123826413,3.7740170846459917
1776514889.7478077,0.25296063200781793,0.11734937225755211,0.12,1.5,1.1399198770523071,2.441922798739,1.7881649724322635,1.3513935804367065,1.1399198770523071,1.3900490999221802,0.648548541679926,1.4263697836426146,3.7745049637324297
1776514889.8010585,0.2408414146431451,0.19186133630384422,0.12,1.5,1.1399198770523071,2.441922798739,1.7881649724322635,1.3513935804367065,1.1399198770523071,1.3900490999221802,0.6469861311292853,1.4232730487660294,3.774965593660886
1776514889.847108,0.22594507781975923,0.26333189670539675,0.12,1.5,1.1399198770523071,2.441922798739,1.7881649724322635,1.3513935804367065,1.1399198770523071,1.3900490999221802,0.6446738837302985,1.4186713706463343,3.775389235156948
1776514889.8970404,0.22594507781975923,0.26333189670539675,0.12,1.5,1.1399198770523071,2.441922798739,1.7881649724322635,1.3513935804367065,1.1399198770523071,1.3900490999221802,0.6446738837302985,1.4186713706463343,3.775389235156948
1776514889.9468856,0.20431652469022538,0.31875124539776306,0.12,1.5,1.1342689990997314,2.4424762009030463,1.8158196050723563,1.3431947231292725,1.1342689990997314,1.3849966526031494,0.6417114511007047,1.4127476219408004,3.7757690819723093
1776514889.999873,0.18520962095951524,0.34507504404496386,0.12,1.5,1.1342689990997314,2.4424762009030463,1.8158196050723563,1.3431947231292725,1.1342689990997314,1.3849966526031494,0.6383686415248956,1.4060557498598352,3.776097348965755
1776514890.0487869,0.1677149190018678,0.36003937565194677,0.12,1.5,1.1342689990997314,2.4424762009030463,1.8158196050723563,1.3431947231292725,1.1342689990997314,1.3849966526031494,0.6348299242497846,1.398999705521316,3.7763670898027426
1776514890.1078966,0.1677149190018678,0.36003937565194677,0.12,1.5,1.1521438360214233,2.436474973354816,1.8350499748112388,1.3372925519943237,1.1521438360214233,1.3655874729156494,0.6348299242497846,1.398999705521316,3.7763670898027426
1776514890.150805,0.15009343642734627,0.32702121223197894,0.12,1.5,1.1521438360214233,2.436474973354816,1.8350499748112388,1.3372925519943237,1.1521438360214233,1.3655874729156494,0.631426266058717,1.3921637426220435,3.776620475350384
1776514890.1969333,0.13969751370269437,0.3279793866432065,0.12,1.5,1.1521438360214233,2.436474973354816,1.8350499748112388,1.3372925519943237,1.1521438360214233,1.3655874729156494,0.6281340903795051,1.38563523833943,3.7768046703118987
1776514890.2469504,0.13182628277008096,0.33655209780034423,0.12,1.5,1.1540307998657227,2.431117723431442,1.8525962966311467,1.335721492767334,1.1540307998657227,1.3695942163467407,0.6247774526229283,1.3789964867407722,3.776961610129863
1776514890.2968676,0.1265733025459455,0.3515840716530457,0.12,1.5,1.1540307998657227,2.431117723431442,1.8525962966311467,1.335721492767334,1.1540307998657227,1.3695942163467407,0.6212889995403046,1.372118520121114,3.7770954083696435
1776514890.3528903,0.12523322090735128,0.36483046092710103,0.12,1.5,1.1540307998657227,2.431117723431442,1.8525962966311467,1.335721492767334,1.1540307998657227,1.3695942163467407,0.6176179643850694,1.3649071211999637,3.7772094302661383
1776514890.4008842,0.12523322090735128,0.36483046092710103,0.12,1.5,1.1450077295303345,2.425448434535934,1.861618093103432,1.3193823099136353,1.1450077295303345,1.3514084815979004,0.6176179643850694,1.3649071211999637,3.7772094302661383
1776514890.453791,0.1300061978757614,0.36474472847044176,0.12,1.5,1.1450077295303345,2.425448434535934,1.861618093103432,1.3193823099136353,1.1450077295303345,1.3514084815979004,0.7116644815125732,1.3576821615756771,3.777309091353747
1776514890.4976635,0.13428086732734795,0.37304162078617115,0.12,1.5,1.1450077295303345,2.425448434535934,1.861618093103432,1.3193823099136353,1.1450077295303345,1.3514084815979004,0.7077049939999482,1.3502732180533759,3.777394625660185
1776514890.5529213,0.1353505689936703,0.3720294046794047,0.12,1.5,1.1516302824020386,2.425877466673767,1.895632471997847,1.3206684589385986,1.1516302824020386,1.338809847831726,0.7037154320660683,1.3428431410666155,3.777463667893435
1776514890.596847,0.1389944007606436,0.3778671775268835,0.12,1.5,1.1516302824020386,2.425877466673767,1.895632471997847,1.3206684589385986,1.1516302824020386,1.338809847831726,0.6996802308293755,1.3353632065152323,3.7775155592604253
1776514890.6468835,0.1389944007606436,0.3778671775268835,0.12,1.5,1.1516302824020386,2.425877466673767,1.895632471997847,1.3206684589385986,1.1516302824020386,1.338809847831726,0.6996802308293755,1.3353632065152323,3.7775155592604253
1776514890.7003112,0.14544989739984404,0.39097908641601925,0.12,1.5,1.1552411317825317,2.415037537812084,1.8962899067922128,1.3158881664276123,1.1552411317825317,1.3412165641784668,0.6955219635232501,1.3276908096775863,3.777549986449577
1776514890.7521021,0.15498091656785948,0.4117265659193129,0.12,1.5,1.1552411317825317,2.415037537812084,1.8962899067922128,1.3158881664276123,1.1552411317825317,1.3412165641784668,0.6911584591344357,1.3196771253051518,3.777565177120992
1776514890.796678,0.19628702615201687,0.504934735313648,0.12,1.5,1.1604098081588745,2.4090547416080046,1.9164655775870683,1.3045105934143066,1.1604098081588745,1.331170678138733,0.6812586149815685,1.3016169710926009,3.7775262167757395
1776514890.8467038,0.19648935938838302,0.5021102126823204,0.12,1.5,1.1604098081588745,2.4090547416080046,1.9164655775870683,1.3045105934143066,1.1604098081588745,1.331170678138733,0.6756878289757151,1.2915575133862724,3.7774396087331352
1776514890.8971171,0.19735585458384952,0.4961884985871906,0.12,1.5,1.1604098081588745,2.4090547416080046,1.9164655775870683,1.3045105934143066,1.1604098081588745,1.331170678138733,0.6701485433865231,1.2815862476931286,3.7773286326334232
1776514890.9468105,0.19825426906120533,0.49017273749921053,0.12,1.5,1.1574116945266724,2.4068055924831113,1.9407359950285958,1.2962511777877808,1.1574116945266724,1.3300334215164185,0.6701485433865231,1.2815862476931286,3.7773286326334232
1776514890.9979715,0.19899354951019899,0.4856150003394211,0.12,1.5,1.1574116945266724,2.4068055924831113,1.9407359950285958,1.2962511777877808,1.1574116945266724,1.3300334215164185,0.6591799832552512,1.2619833718342386,3.776999003673808
1776514891.0529025,0.19981708387792946,0.48040302276467634,0.12,1.5,1.1574116945266724,2.4068055924831113,1.9407359950285958,1.2962511777877808,1.1574116945266724,1.3300334215164185,0.6537438064952659,1.2523319520245255,3.7767811521492587
1776514891.098302,0.19981708387792946,0.48040302276467634,0.12,1.5,1.1736032962799072,2.394825123946607,1.9441396771597845,1.297197699546814,1.1736032962799072,1.3208738565444946,0.6537438064952659,1.2523319520245255,3.7767811521492587
1776514891.1490026,0.20131281890170805,0.4701218788183196,0.12,1.5,1.1736032962799072,2.394825123946607,1.9441396771597845,1.297197699546814,1.1736032962799072,1.3208738565444946,0.6429832291397375,1.2333399669793734,3.776240824014779
1776514891.1966567,0.20131281890170805,0.4701218788183196,0.12,1.5,1.1715195178985596,2.3947335814679804,1.9786549421601025,1.287643551826477,1.1715195178985596,1.3147954940795898,0.6429832291397375,1.2333399669793734,3.776240824014779
1776514891.246748,0.202027433405659,0.464960406241441,0.12,1.5,1.1715195178985596,2.3947335814679804,1.9786549421601025,1.287643551826477,1.1715195178985596,1.3147954940795898,0.6376604435425681,1.2239964244909547,3.775918711943566
1776514891.299692,0.20266509408096892,0.4594732025774371,0.12,1.5,1.1715195178985596,2.3947335814679804,1.9786549421601025,1.287643551826477,1.1715195178985596,1.3147954940795898,0.6323780001975633,1.2147544183756638,3.7755622060167724
1776514891.3501055,0.20266509408096892,0.4594732025774371,0.12,1.5,1.1715195178985596,2.3947335814679804,1.9786549421601025,1.287643551826477,1.1715195178985596,1.3147954940795898,0.6323780001975633,1.2147544183756638,3.7755622060167724
1776514891.396782,0.20343817035924075,0.4547748911735421,0.12,1.5,1.1739217042922974,2.390630182350928,1.9987050768618,1.282147765159607,1.1739217042922974,1.2963483333587646,0.6271348152495244,1.2056104004428856,3.775170850499759
1776514891.4537752,0.20390685268728184,0.4492812841004356,0.12,1.5,1.1739217042922974,2.390630182350928,1.9987050768618,1.282147765159607,1.1739217042922974,1.2963483333587646,0.6219369051051185,1.1965706180072262,3.7747462478224594
1776514891.4971137,0.20433886982305882,0.4438880659430967,0.12,1.5,1.1739217042922974,2.390630182350928,1.9987050768618,1.282147765159607,1.1739217042922974,1.2963483333587646,0.6167945045542146,1.1876519856558345,3.774288519729168
1776514891.5468438,0.2131829157327938,0.45600666555713887,0.12,1.5,1.179616928100586,2.387462173315466,2.016406809718766,1.2826653718948364,1.179616928100586,1.2884371280670166,0.6116249347529563,1.1787100410346294,3.7737892859222746
1776514891.596894,0.2131829157327938,0.45600666555713887,0.12,1.5,1.179616928100586,2.387462173315466,2.016406809718766,1.2826653718948364,1.179616928100586,1.2884371280670166,0.6116249347529563,1.1787100410346294,3.7737892859222746
1776514891.6467717,0.20907173686300515,0.44029726034552874,0.12,1.5,1.179616928100586,2.387462173315466,2.016406809718766,1.2826653718948364,1.179616928100586,1.2884371280670166,0.6063879616190188,1.16966872781398,3.7732463896638753
1776514891.6967528,0.19926418183420452,0.4099358994539521,0.12,1.5,1.1702178716659546,2.391716697721102,2.053074788759051,1.2727075815200806,1.1702178716659546,1.2886477708816528,0.6014158544590866,1.1611053406421399,3.772690534843253
1776514891.7501335,0.18803653918132313,0.3861083926640442,0.12,1.5,1.1702178716659546,2.391716697721102,2.053074788759051,1.2727075815200806,1.1702178716659546,1.2886477708816528,0.5967835911673363,1.1531365442144366,3.772142185489364
1776514891.797066,0.17923546328610382,0.36384367919740185,0.12,1.5,1.1702178716659546,2.391716697721102,2.053074788759051,1.2727075815200806,1.1702178716659546,1.2886477708816528,0.5924307571118071,1.145659766298969,3.771595687298619
1776514891.847974,0.17086259999822107,0.34045110649064203,0.12,1.5,1.1807526350021362,2.3914857453267735,2.071708044468161,1.2704771757125854,1.1807526350021362,1.271557331085205,0.5883491395739117,1.1386573945286431,3.7710523040918447
1776514891.9018939,0.16333869888531494,0.3232915406945126,0.12,1.5,1.1807526350021362,2.3914857453267735,2.071708044468161,1.2704771757125854,1.1807526350021362,1.271557331085205,0.5844726329273662,1.1320136526757718,3.770514867778533
1776514891.9470623,0.1578845144449535,0.3042776793524018,0.12,1.5,1.176087737083435,2.3854492187058893,2.0746343685107234,1.2649980783462524,1.176087737083435,1.278196096420288,0.5808192171597397,1.1257574929074707,3.7699802538952665
1776514892.001912,0.15440370881768697,0.29096644872423216,0.12,1.5,1.176087737083435,2.3854492187058893,2.0746343685107234,1.2649980783462524,1.176087737083435,1.278196096420288,0.5773462967457039,1.1198142210515951,3.769444652270903
1776514892.046872,0.15311807627882787,0.2849754850458095,0.12,1.5,1.176087737083435,2.3854492187058893,2.0746343685107234,1.2649980783462524,1.176087737083435,1.278196096420288,0.5739852702227253,1.114065080243697,3.768901432072435
1776514892.0988967,0.15351361591892113,0.2829823496042862,0.12,1.5,1.1893689632415771,2.3906465076275385,2.104333436353248,1.2566567659378052,1.1893689632415771,1.2672542333602905,0.5706657958289232,1.108389079356638,3.7683449329233536
1776514892.1487148,0.15589774791462208,0.2846364122508629,0.12,1.5,1.1893689632415771,2.3906465076275385,2.104333436353248,1.2566567659378052,1.1893689632415771,1.2672542333602905,0.5673465305361189,1.1027149650077874,3.7677684142207566
1776514892.1969898,0.16087667272465636,0.29073021218255546,0.12,1.5,1.1888296604156494,2.3828920321151354,2.104007363732766,1.2428696155548096,1.1888296604156494,1.2488830089569092,0.5639827286842067,1.0969657115383116,3.7671633273989156
1776514892.247872,0.16087667272465636,0.29073021218255546,0.12,1.5,1.1888296604156494,2.3828920321151354,2.104007363732766,1.2428696155548096,1.1888296604156494,1.2488830089569092,0.5639827286842067,1.0969657115383116,3.7671633273989156
1776514892.296895,0.16902145025682414,0.3025227983077081,0.12,1.5,1.1888296604156494,2.3828920321151354,2.104007363732766,1.2428696155548096,1.1888296604156494,1.2488830089569092,0.5605117623441761,1.0910336956863997,3.7665169859379755
1776514892.346679,0.1935469390704739,0.33876838624829914,0.12,1.5,1.1871578693389893,2.3853168678327803,2.122835342297598,1.2519136667251587,1.1871578693389893,1.2577522993087769,0.5530274243190145,1.0782426887994883,3.7650426671708037
1776514892.396786,0.21055926361719032,0.36556195452496276,0.12,1.5,1.1871578693389893,2.3853168678327803,2.122835342297598,1.2519136667251587,1.1871578693389893,1.2577522993087769,0.5489186349913505,1.0712173128472797,3.7641867138089284
1776514892.4468975,0.21055926361719032,0.36556195452496276,0.12,1.5,1.1871578693389893,2.3853168678327803,2.122835342297598,1.2519136667251587,1.1871578693389893,1.2577522993087769,0.5489186349913505,1.0712173128472797,3.7641867138089284
1776514892.4968166,0.21630369031597577,0.3645226299470477,0.12,1.5,1.18897545337677,2.3842379463479872,2.1374621664635596,1.2526928186416626,1.18897545337677,1.2426462173461914,0.627383323133669,1.056510678289006,3.762277548638411
1776514892.5468411,0.2169187703269012,0.3607856251890339,0.12,1.5,1.18897545337677,2.3842379463479872,2.1374621664635596,1.2526928186416626,1.18897545337677,1.2426462173461914,0.6227888783725278,1.0492592583585703,3.761279819630417
1776514892.5981393,0.2169187703269012,0.3607856251890339,0.12,1.5,1.18897545337677,2.3842379463479872,2.1374621664635596,1.2526928186416626,1.18897545337677,1.2426462173461914,0.6227888783725278,1.0492592583585703,3.761279819630417
1776514892.6470704,0.2175127229378738,0.35707008144371033,0.12,1.5,1.1946505308151245,2.3832320659718613,2.1528227828939994,1.2510095834732056,1.1946505308151245,1.2389264106750488,0.6182405380350781,1.04208230689643,3.760253588602327
1776514892.697998,0.21807420002605235,0.3532523041953901,0.12,1.5,1.1946505308151245,2.3832320659718613,2.1528227828939994,1.2510095834732056,1.1946505308151245,1.2389264106750488,0.6137390179784039,1.0349799206646073,3.759199208991667
1776514892.7481716,0.21856219259438608,0.3495193404270817,0.12,1.5,1.1922721862792969,2.384054930203497,2.1714009450093594,1.2390776872634888,1.1922721862792969,1.233235478401184,0.6092858741300203,1.0279543341567943,3.7581167766061374
1776514892.796751,0.21933080410781916,0.34168167049329107,0.12,1.5,1.1922721862792969,2.384054930203497,2.1714009450093594,1.2390776872634888,1.1922721862792969,1.233235478401184,0.6005313423506697,1.0141366839210488,3.7558725382835303
1776514892.848458,0.21983877041296634,0.3381086520068321,0.12,1.5,1.1957249641418457,2.3897145194769127,2.199228985355667,1.2314928770065308,1.1957249641418457,1.2284972667694092,0.5962271373718688,1.0073399165066559,3.754709918026525
1776514892.9018457,0.2202132501809105,0.33415546834080817,0.12,1.5,1.1957249641418457,2.3897145194769127,2.199228985355667,1.2314928770065308,1.1957249641418457,1.2284972667694092,0.5919734209533426,1.0006196643826162,3.753520607088799
1776514892.9531076,0.22039910330491785,0.33012682417482114,0.12,1.5,1.1957249641418457,2.3897145194769127,2.199228985355667,1.2314928770065308,1.1957249641418457,1.2284972667694092,0.5877707645739818,0.9939765073138542,3.7523051608348403
1776514892.998131,0.2204031162973802,0.32567876650892175,0.12,1.5,1.2025598287582397,2.38799320096555,2.2112902280714306,1.243563175201416,1.2025598287582397,1.2184723615646362,0.5836220722908774,0.9874150256375476,3.751064197782378
1776514893.0487452,0.2184284331398776,0.32147199669908766,0.12,1.5,1.2025598287582397,2.38799320096555,2.2112902280714306,1.243563175201416,1.2025598287582397,1.2184723615646362,0.5795435886401121,0.9809516615713878,3.7498090235522947
1776514893.096904,0.2061850801184861,0.2986183801938515,0.12,1.5,1.2025598287582397,2.38799320096555,2.2112902280714306,1.243563175201416,1.2025598287582397,1.2184723615646362,0.5756406843662745,0.9747502482201296,3.74857549066832
1776514893.1478953,0.2061850801184861,0.2986183801938515,0.12,1.5,1.2011507749557495,2.3893773863428063,2.22650174075417,1.2335469722747803,1.2011507749557495,1.2132738828659058,0.5756406843662745,0.9747502482201296,3.74857549066832
1776514893.1967702,0.19359484027882254,0.2689513201571083,0.12,1.5,1.2011507749557495,2.3893773863428063,2.22650174075417,1.2335469722747803,1.2011507749557495,1.2132738828659058,0.5720994375689364,0.9691420469905427,3.747395305828847
1776514893.2502618,0.1795976421851397,0.2548143103258372,0.12,1.5,1.2011507749557495,2.3893773863428063,2.22650174075417,1.2335469722747803,1.2011507749557495,1.2132738828659058,0.5687983188899647,0.9638948825378104,3.7462797801970047
1776514893.2968955,0.16798011804159305,0.2293098916577428,0.12,1.5,1.2108352184295654,2.389627616897322,2.239293495575737,1.2262401580810547,1.2108352184295654,1.2161964178085327,0.5657672087116798,0.9590713793594803,3.7452271972130196
1776514893.3472757,0.15796483559257624,0.2106082531435775,0.12,1.5,1.2108352184295654,2.389627616897322,2.239293495575737,1.2262401580810547,1.2108352184295654,1.2161964178085327,0.5630108877619004,0.9546798937698113,3.7442290305392443
1776514893.3968651,0.14980146289951937,0.19699031213083137,0.12,1.5,1.207977533340454,2.394042073963529,2.25398711248044,1.224798321723938,1.2126351594924927,1.207977533340454,0.5604638669814437,0.9506167981983906,3.7432757696981858
1776514893.4468994,0.14980146289951937,0.19699031213083137,0.12,1.5,1.207977533340454,2.394042073963529,2.25398711248044,1.224798321723938,1.2126351594924927,1.207977533340454,0.5604638669814437,0.9506167981983906,3.7432757696981858
1776514893.4978795,0.13822384730509277,0.17893346262785537,0.12,1.5,1.207977533340454,2.394042073963529,2.25398711248044,1.224798321723938,1.2126351594924927,1.207977533340454,0.5580665355466145,0.9467876350992479,3.742359523544246
1776514893.5470636,0.13822384730509277,0.17893346262785537,0.12,1.5,1.2055479288101196,2.3896515925210675,2.251913776424004,1.2285081148147583,1.2100293636322021,1.2055479288101196,0.5557849888158255,0.9431388692634826,3.741471294954994
1776514893.5974984,0.13519384046305558,0.1736148497277008,0.12,1.5,1.2055479288101196,2.3896515925210675,2.251913776424004,1.2285081148147583,1.2100293636322021,1.2055479288101196,0.5535874899570761,0.9396201182222614,3.740600448729275
1776514893.6467898,0.1341726761138043,0.17098371373819607,0.12,1.5,1.2055479288101196,2.3896515925210675,2.251913776424004,1.2285081148147583,1.2100293636322021,1.2055479288101196,0.551441724196174,0.9361798817654949,3.7397351633995743
1776514893.7007725,0.13524891712349454,0.1710392697636489,0.12,1.5,1.207809329032898,2.3923584581193387,2.264501663525753,1.2226378917694092,1.207809329032898,1.2089892625808716,0.5493139492610359,0.9327640823137482,3.73886241824028
1776514893.7467723,0.1384825203963455,0.17377512399388337,0.12,1.5,1.207809329032898,2.3923584581193387,2.264501663525753,1.2226378917694092,1.207809329032898,1.2089892625808716,0.547170835861625,0.9293190447891384,3.7379682932656517
1776514893.7965765,0.1455169527908488,0.18169336753915385,0.12,1.5,1.2035497426986694,2.3954313339512177,2.276749071041647,1.2308108806610107,1.2107114791870117,1.2035497426986694,0.5449726129769022,0.9257790208653087,3.737036828758693
1776514893.8473246,0.15997825218663633,0.19831828630470527,0.12,1.5,1.2035497426986694,2.3954313339512177,2.276749071041647,1.2308108806610107,1.2107114791870117,1.2035497426986694,0.5426178755974751,0.9219804383795622,3.736022553598153
1776514893.8981457,0.1789185692712113,0.22195451474710817,0.12,1.5,1.2035497426986694,2.3954313339512177,2.276749071041647,1.2308108806610107,1.2107114791870117,1.2035497426986694,0.5400165988378289,0.9177778248145838,3.734886176973722
1776514893.9470658,0.20274271054149673,0.2568539251215291,0.12,1.5,1.2035497426986694,2.3954313339512177,2.276749071041647,1.2308108806610107,1.2107114791870117,1.2035497426986694,0.5370574125268014,0.9129874919358436,3.733593477311921
1776514893.997168,0.20274271054149673,0.2568539251215291,0.12,1.5,1.1851024627685547,2.390674014647287,2.2767346049515846,1.2205830812454224,1.212515950202942,1.1851024627685547,0.5370574125268014,0.9129874919358436,3.733593477311921
1776514894.0480955,0.2250231966924809,0.29382275981270756,0.12,1.5,1.1851024627685547,2.390674014647287,2.2767346049515846,1.2205830812454224,1.212515950202942,1.1851024627685547,0.5336103935419355,0.907398362385756,3.7321100152984217
1776514894.097199,0.22353152535334334,0.30781966299895247,0.12,1.5,1.1851024627685547,2.390674014647287,2.2767346049515846,1.2205830812454224,1.212515950202942,1.1851024627685547,0.5298950919340413,0.9013673137634499,3.730548060382641
1776514894.151651,0.22317784707871896,0.3111609864130417,0.12,1.5,1.1943100690841675,2.392838166666516,2.2891483764629763,1.2044284343719482,1.1943100690841675,1.196165919303894,0.5260850416742299,0.8951643922173842,3.728977982285299
1776514894.1979468,0.223765308711223,0.3091753264890568,0.12,1.5,1.1943100690841675,2.392838166666516,2.2891483764629763,1.2044284343719482,1.1943100690841675,1.196165919303894,0.5222797763177425,0.888957406712229,3.727385389691087
1776514894.2489681,0.2243659273099044,0.3061022297446247,0.12,1.5,1.1943100690841675,2.392838166666516,2.2891483764629763,1.2044284343719482,1.1943100690841675,1.196165919303894,0.5185155988180111,0.8828049889065641,3.725766660316743
1776514894.2968004,0.22489756002893985,0.30306708512998964,0.12,1.5,1.1828495264053345,2.3951599392815943,2.3016023607596874,1.2123671770095825,1.213234782218933,1.1828495264053345,0.5185155988180111,0.8828049889065641,3.725766660316743
1776514894.3489788,0.22489756002893985,0.30306708512998964,0.12,1.5,1.1828495264053345,2.3951599392815943,2.3016023607596874,1.2123671770095825,1.213234782218933,1.1828495264053345,0.5916612441975271,0.8767140388590218,3.7241230786403112
1776514894.3969798,0.22542931279469355,0.29991609937357144,0.12,1.5,1.1828495264053345,2.3951599392815943,2.3016023607596874,1.2123671770095825,1.213234782218933,1.1828495264053345,0.5876026860461858,0.8706860863168824,3.722454914806716
1776514894.4469779,0.2259235545588255,0.296557821028224,0.12,1.5,1.1840146780014038,2.3996181500167566,2.3217261760477705,1.197367548942566,1.2108484506607056,1.1840146780014038,0.5835921022409406,0.8647209531214284,3.720761993593475
1776514894.4969127,0.22589987147966825,0.29418228511774064,0.12,1.5,1.1840146780014038,2.3996181500167566,2.3217261760477705,1.197367548942566,1.2108484506607056,1.1840146780014038,0.5796292038616145,0.8588172541257055,3.719047394108819
1776514894.5489645,0.22674575262137683,0.2900742129489881,0.12,1.5,1.1840146780014038,2.3996181500167566,2.3217261760477705,1.197367548942566,1.2108484506607056,1.1840146780014038,0.5757205738995652,0.852985656754909,3.717309528218523
1776514894.6000414,0.22674575262137683,0.2900742129489881,0.12,1.5,1.1810072660446167,2.4011389978719353,2.3316891572332663,1.1983662843704224,1.216539978981018,1.1810072660446167,0.5757205738995652,0.852985656754909,3.717309528218523
1776514894.6491852,0.22641704992858402,0.28642618994788255,0.12,1.5,1.1810072660446167,2.4011389978719353,2.3316891572332663,1.1983662843704224,1.216539978981018,1.1810072660446167,0.5718655997126724,0.8472257459377608,3.7155485221194717
1776514894.727652,0.22721931851603872,0.2838659039401274,0.12,1.5,1.1810072660446167,2.4011389978719353,2.3316891572332663,1.1983662843704224,1.216539978981018,1.1810072660446167,0.5680616140147282,0.8415333235079121,3.713764707821542
1776514894.7491941,0.22721931851603872,0.2838659039401274,0.12,1.5,1.1810072660446167,2.4011389978719353,2.3316891572332663,1.1983662843704224,1.216539978981018,1.1810072660446167,0.5680616140147282,0.8415333235079121,3.713764707821542
1776514894.801939,0.22196232796599374,0.27430276233692924,0.12,1.5,1.1725033521652222,2.402635200281699,2.3396094798689546,1.2011065483093262,1.225764513015747,1.1725033521652222,0.5643407718904695,0.8359494082665089,3.7119781758368706
1776514894.8473039,0.20616874099900923,0.25351025654232423,0.12,1.5,1.1725033521652222,2.402635200281699,2.3396094798689546,1.2011065483093262,1.225764513015747,1.1725033521652222,0.5608777716139485,0.830727913035656,3.7102732733293853
1776514894.9018528,0.18831335031522403,0.22193746185735103,0.12,1.5,1.1616523265838623,2.4062504913937044,2.349801492615579,1.1859190464019775,1.2311713695526123,1.1616523265838623,0.5577581923697279,0.8260341030124652,3.7086928181892955
1776514894.9513345,0.17655642163511984,0.20891735026221386,0.12,1.5,1.1616523265838623,2.4062504913937044,2.349801492615579,1.1859190464019775,1.2311713695526123,1.1616523265838623,0.5548783142775079,0.8216854283641237,3.7072041312549375
1776514894.9973896,0.16029527875601002,0.18830066511792257,0.12,1.5,1.1616523265838623,2.4062504913937044,2.349801492615579,1.1859190464019775,1.2311713695526123,1.1616523265838623,0.5522613771487257,0.8177276446560837,3.705825103817571
1776514895.0480163,0.1442413701629959,0.16732302284766776,0.12,1.5,1.166485071182251,2.4046460729743684,2.3575918525288153,1.1811579465866089,1.216404676437378,1.166485071182251,0.549930390828328,0.8141964561543973,3.704571924186522
1776514895.0970826,0.12973761026149316,0.1492809525063248,0.12,1.5,1.166485071182251,2.4046460729743684,2.3575918525288153,1.1811579465866089,1.216404676437378,1.166485071182251,0.5478523335603056,0.8110433477775942,3.703436793808285
1776514895.1499002,0.1168605051374456,0.13340821263553604,0.12,1.5,1.1636013984680176,2.4033785276562942,2.35620167673716,1.1863739490509033,1.2304641008377075,1.1636013984680176,0.5460008694873213,0.8082300844890222,3.7024113165816734
1776514895.2003975,0.10538752031031913,0.11789895634979071,0.12,1.5,1.1636013984680176,2.4033785276562942,2.35620167673716,1.1863739490509033,1.2304641008377075,1.1636013984680176,0.5443457346538774,0.8057119287515753,3.701482315265171
1776514895.350528,0.10538752031031913,0.11789895634979071,0.12,1.5,1.1636013984680176,2.4033785276562942,2.35620167673716,1.1863739490509033,1.2304641008377075,1.1636013984680176,0.5443457346538774,0.8057119287515753,3.701482315265171
1776514895.3999536,0.10538752031031913,0.11789895634979071,0.12,1.5,1.1636013984680176,2.4033785276562942,2.35620167673716,1.1863739490509033,1.2304641008377075,1.1636013984680176,0.5443457346538774,0.8057119287515753,3.701482315265171
1776514895.45095,0.09324699914604997,0.10554591904822355,0.12,1.5,1.1636013984680176,2.4033785276562942,2.35620167673716,1.1863739490509033,1.2304641008377075,1.1636013984680176,0.5428786803361041,0.8034766917424234,3.7006509965567855
1776514895.4974592,0.09324699914604997,0.10554591904822355,0.12,1.5,1.1636013984680176,2.4033785276562942,2.35620167673716,1.1863739490509033,1.2304641008377075,1.1636013984680176,0.5428786803361041,0.8034766917424234,3.7006509965567855
1776514895.5475998,0.08076669457531711,0.08852656595457571,0.12,1.5,1.167184829711914,2.40151776967503,2.3538441545055537,1.1873174905776978,1.2283098697662354,1.167184829711914,0.5416011306294541,0.8015286848982113,3.699918698852328
1776514895.5977683,0.08076669457531711,0.08852656595457571,0.12,1.5,1.167184829711914,2.40151776967503,2.3538441545055537,1.1873174905776978,1.2283098697662354,1.167184829711914,0.5416011306294541,0.8015286848982113,3.699918698852328
1776514895.6487558,0.0705737364493316,0.07794146729275087,0.12,1.5,1.167184829711914,2.40151776967503,2.3538441545055537,1.1873174905776978,1.2283098697662354,1.167184829711914,0.5404973410735566,0.7998432257516601,3.699281590809448
1776514895.7104492,0.06622769069756342,0.0728973422406324,0.12,1.5,1.167184829711914,2.40151776967503,2.3538441545055537,1.1873174905776978,1.2283098697662354,1.167184829711914,0.539508752141661,0.7983316997603433,3.6987071970313017
1776514895.7495394,0.06622769069756342,0.0728973422406324,0.12,1.5,1.158341646194458,2.3997052646587558,2.355538084438263,1.1895203590393066,1.2240025997161865,1.158341646194458,0.539508752141661,0.7983316997603433,3.6987071970313017
1776514895.7997015,0.06570739553843377,0.07205137126253923,0.12,1.5,1.158341646194458,2.3997052646587558,2.355538084438263,1.1895203590393066,1.2240025997161865,1.158341646194458,0.538552618803159,0.796869046662912,3.698147500160342
1776514895.8502882,0.06770741355201994,0.07416826615759195,0.12,1.5,1.158341646194458,2.3997052646587558,2.355538084438263,1.1895203590393066,1.2240025997161865,1.158341646194458,0.5375893942918543,0.7953942262740215,3.6975798422320727
1776514895.9031153,0.06770741355201994,0.07416826615759195,0.12,1.5,1.158341646194458,2.3997052646587558,2.355538084438263,1.1895203590393066,1.2240025997161865,1.158341646194458,0.5375893942918543,0.7953942262740215,3.6975798422320727
1776514895.9509466,0.07348311472046234,0.08070492204017467,0.12,1.5,1.1516207456588745,2.3983446612168415,2.356110768352507,1.1856424808502197,1.2234947681427002,1.1516207456588745,0.5365693108349336,0.793830101850163,3.6969787395125473
1776514895.9970622,0.08412268385316876,0.0933483791333409,0.12,1.5,1.1516207456588745,2.3983446612168415,2.356110768352507,1.1856424808502197,1.2234947681427002,1.1516207456588745,0.5354285923296875,0.7920787911839198,3.6963048501410105
1776514896.0469813,0.09933255407963738,0.11169046202983227,0.12,1.5,1.1564350128173828,2.3967277875771464,2.355174430646889,1.1862436532974243,1.2325502634048462,1.1564350128173828,0.5340870541904993,0.7900174606708004,3.6955161068842326
1776514896.1014032,0.12332281918513929,0.14506217714645056,0.12,1.5,1.1564350128173828,2.3967277875771464,2.355174430646889,1.1862436532974243,1.2325502634048462,1.1564350128173828,0.5324140048900885,0.7874427867509488,3.694556205310283
1776514896.152052,0.15378768582546515,0.19000021753791108,0.12,1.5,1.1564350128173828,2.3967277875771464,2.355174430646889,1.1862436532974243,1.2325502634048462,1.1564350128173828,0.5302465222706738,0.7841037955043568,3.6933540920521053
1776514896.2011216,0.1914408404339527,0.2493114589171043,0.12,1.5,1.1419451236724854,2.3940496445804915,2.3547739922181368,1.1812009811401367,1.2324378490447998,1.1419451236724854,0.527369111771165,0.7796751332781802,3.6918322791905003
1776514896.247426,0.21743574912448851,0.3512699663063211,0.12,1.5,1.1419451236724854,2.3940496445804915,2.3547739922181368,1.1812009811401367,1.2324378490447998,1.1419451236724854,0.5236825069577311,0.7739736703998483,3.6900429794870777
1776514896.2991207,0.21743574912448851,0.3512699663063211,0.12,1.5,1.147756814956665,2.391352140605725,2.353253228212056,1.1725211143493652,1.2324107885360718,1.147756814956665,0.5193280057778304,0.7672530002138835,3.6880762871815285
1776514896.3509617,0.212672571642984,0.37885692371589424,0.12,1.5,1.147756814956665,2.391352140605725,2.353253228212056,1.1725211143493652,1.2324107885360718,1.147756814956665,0.5146064429154608,0.7599476546604862,3.686132433152949
1776514896.3979704,0.20955530724443208,0.4033392843807448,0.12,1.5,1.147756814956665,2.391352140605725,2.353253228212056,1.1725211143493652,1.2324107885360718,1.147756814956665,0.5095458513579906,0.7521108576440947,3.684202624080902
1776514896.4496932,0.2061652087748489,0.4293477297471629,0.12,1.5,1.1479275226593018,2.389757865011196,2.3581181440912484,1.1731806993484497,1.2219502925872803,1.1479275226593018,0.5041586157726204,0.7437668783435449,3.682278048501121
1776514896.5001895,0.20273704698707792,0.4564512984721059,0.46469730288910704,1.5,1.1479275226593018,2.389757865011196,2.3581181440912484,1.1731806993484497,1.2219502925872803,1.1479275226593018,0.49842417087626845,0.7348877876988611,3.6803565052768077
1776514896.5509837,0.21720122514817178,0.5320733524906717,0.4686285283834993,1.5,1.1479275226593018,2.389757865011196,2.3581181440912484,1.1731806993484497,1.2219502925872803,1.1479275226593018,0.49193901441397914,0.7248567025957553,3.6783114259592944
1776514896.5984633,0.22406742877718283,0.5889177278649935,0.4730714916408658,1.5,1.1443613767623901,2.385203207675006,2.352902494479434,1.175262689590454,1.231752634048462,1.1443613767623901,0.48465460747276495,0.7136064652669161,3.67615544717234
1776514896.6479418,0.22406742877718283,0.5889177278649935,0.47805722864212685,1.5,1.1443613767623901,2.385203207675006,2.352902494479434,1.175262689590454,1.231752634048462,1.1443613767623901,0.48465460747276495,0.7136064652669161,3.67615544717234
1776514896.697056,0.22269253750259152,0.6289571376955223,0.47805722864212685,1.5,1.1443613767623901,2.385203207675006,2.352902494479434,1.175262689590454,1.231752634048462,1.1443613767623901,0.4767593203860929,0.7014255617226157,3.6739384394080457
1776514896.7529867,0.22269253750259152,0.6289571376955223,0.4834574939803722,1.5,1.1443613767623901,2.385203207675006,2.352902494479434,1.175262689590454,1.231752634048462,1.1443613767623901,0.4767593203860929,0.7014255617226157,3.6739384394080457
1776514896.797083,0.20155138934907071,0.608797068790284,0.4834574939803722,1.5,1.1446336507797241,2.3838755325737315,2.354575627728066,1.198306918144226,1.2292194366455078,1.1446336507797241,0.46881898296751945,0.6891672003275893,3.6718402541637642
1776514896.8483613,0.17982294450671046,0.5395188835193566,0.48889080020046016,1.5,1.1446336507797241,2.3838755325737315,2.354575627728066,1.198306918144226,1.2292194366455078,1.1446336507797241,0.5240923321643437,0.6777611466701736,3.6698885380575397
1776514896.901019,0.15644899630436396,0.44747606108253923,0.47815561122693684,1.5,1.1466304063796997,2.381338187547661,2.348386150765475,1.1984522342681885,1.223513126373291,1.1466304063796997,0.5170239151757333,0.6680934820529472,3.6681561837048022
1776514896.9510748,0.16689281059329925,0.376023385569526,0.48264379840089,1.5,1.1466304063796997,2.381338187547661,2.348386150765475,1.1984522342681885,1.223513126373291,1.1466304063796997,0.5113750270602314,0.660380776208719,3.6663981483380033
1776514897.0042324,0.17718453476135165,0.3080748852907651,0.48622687584238045,1.5,1.1466304063796997,2.381338187547661,2.348386150765475,1.1984522342681885,1.223513126373291,1.1466304063796997,0.5066347118325272,0.6539086271276906,3.664509295526238
1776514897.055758,0.19101136298384752,0.2654097329761556,0.4892336370224499,1.5,1.142279863357544,2.381915839373459,2.353135327699242,1.1893067359924316,1.2248409986495972,1.142279863357544,0.5028320457860497,0.6487161548546769,3.6624844210892347
1776514897.096945,0.20816522079030889,0.24050171634436923,0.491645801102606,1.5,1.142279863357544,2.381915839373459,2.353135327699242,1.1893067359924316,1.2248409986495972,1.142279863357544,0.4995045984073795,0.6441609287184706,3.6602893531305996
1776514897.1489303,0.23013239932865495,0.24783084941350775,0.4937597811601686,1.5,1.142279863357544,2.381915839373459,2.353135327699242,1.1893067359924316,1.2248409986495972,1.142279863357544,0.49628795151709026,0.6397431333860406,3.6578736774473204
1776514897.1971917,0.25229374257708104,0.3609661395278967,0.4958073588696019,1.5,1.1360446214675903,2.378194584105436,2.347957155041399,1.1972742080688477,1.2298541069030762,1.1360446214675903,0.49203361179206206,0.6338826375127198,3.655234753663968
1776514897.24735,0.28886170041670994,0.47838393252155864,0.49852039132483883,1.5,1.1360446214675903,2.378194584105436,2.347957155041399,1.1972742080688477,1.2298541069030762,1.1360446214675903,0.4860180553459149,0.6255771027858805,3.652201078325512
1776514897.3031175,0.36404167527008274,0.7478227855095265,0.5023618612727829,1.5,1.136324405670166,2.3773985087706135,2.347602540593145,1.2114266157150269,1.218443751335144,1.136324405670166,0.4774998055830919,0.6137603148630832,3.6486146737318954
1776514897.3485725,0.42234053689567286,1.04201830250184,0.5078171608313976,1.5,1.136324405670166,2.3773985087706135,2.347602540593145,1.2114266157150269,1.218443751335144,1.136324405670166,0.4637585612654079,0.594795573022554,3.6438932735504506
1776514897.4009356,0.4420000999317039,1.0251836131651133,0.5165900821148022,1.5,1.136324405670166,2.3773985087706135,2.347602540593145,1.2114266157150269,1.218443751335144,1.136324405670166,0.44871569459639443,0.5740316658230729,3.638733961755161
1776514897.4496636,0.4616467732551124,1.0072780281417,0.5261947785312482,1.4598460278945091,1.1282838582992554,2.3788564633043907,2.344465153934914,1.2096697092056274,1.223617672920227,1.1282838582992554,0.4337494186824677,0.5533721969516947,3.6332017671135
1776514897.4969478,0.4616467732551124,1.0072780281417,0.5357509313455436,1.4205150278386365,1.1282838582992554,2.3788564633043907,2.344465153934914,1.2096697092056274,1.223617672920227,1.1282838582992554,0.4337494186824677,0.5533721969516947,3.6332017671135
1776514897.5470774,0.4832919952870356,1.0329746806491882,0.5452675094110035,1.3643011137413767,1.1282838582992554,2.3788564633043907,2.344465153934914,1.2096697092056274,1.223617672920227,1.1282838582992554,0.41884347549434786,0.5327997670157885,3.6272553116732507
1776514897.5980768,0.4998691348604924,1.0550449951262575,0.5452675094110035,1.4876142319371226,1.1282838582992554,2.3788564633043907,2.344465153934914,1.2096697092056274,1.223617672920227,1.1282838582992554,0.4036622556216254,0.5118113782379501,3.621041602484506
1776514897.6509607,0.4998691348604924,1.0550449951262575,0.5549699256767244,1.3051560946017216,1.1279823780059814,2.3823710642513802,2.337568462812504,1.2140787839889526,1.2157611846923828,1.1279823780059814,0.4036622556216254,0.5118113782379501,3.621041602484506
1776514897.6971352,0.506034355842024,0.9984726574102878,0.5549699256767244,1.432171853275861,1.1279823780059814,2.3823710642513802,2.337568462812504,1.2140787839889526,1.2157611846923828,1.1279823780059814,0.38923383805863254,0.49179530617490497,3.6145825558466087
1776514897.7469988,0.5014032748992631,0.9685269905499118,0.5642103870802513,1.2604887867429928,1.1279823780059814,2.3823710642513802,2.337568462812504,1.2140787839889526,1.2157611846923828,1.1279823780059814,0.3755443320723211,0.4726903172330117,3.6079895903889008
1776514897.7990632,0.4964883087225872,0.8527681243423865,0.5730095394925319,1.2370422953888278,1.1232821941375732,2.3909767809893445,2.341982755606364,1.2283443212509155,1.196837067604065,1.1232821941375732,0.3628730188166687,0.4550102599497774,3.6013454142465955
1776514897.8516636,0.518888545951976,0.7983808772304636,0.5811531264722618,1.1481117792868893,1.1232821941375732,2.3909767809893445,2.341982755606364,1.2283443212509155,1.196837067604065,1.1232821941375732,0.3938733143084964,0.4578672772302148,3.5944678575621425
1776514897.8968709,0.5464872129736077,0.7362707025964348,0.4981901859135698,1.443498244214072,1.1187111139297485,2.4176457777385023,2.3629442875153606,1.2414798736572266,1.2079073190689087,1.1187111139297485,0.38187408260293465,0.4428362713241458,3.5871123311383046
1776514897.951966,0.5506527589904479,0.8303585041697747,0.5044834540191316,1.197729335486785,1.1187111139297485,2.4176457777385023,2.3629442875153606,1.2414798736572266,1.2079073190689087,1.1187111139297485,0.3697535110655569,0.4275330447885728,3.579554713168895
1776514898.0021899,0.53324269124532,0.8496620879917084,0.5108696524331866,1.1579002214707268,1.1187111139297485,2.4176457777385023,2.3629442875153606,1.2414798736572266,1.2079073190689087,1.1187111139297485,0.35691792755127183,0.41126567464150776,3.5719432621851075
1776514898.0491033,0.5230021695394907,0.8604617028072594,0.5246420020254468,0.9461415656481991,1.11626136302948,2.445088553605093,2.376817475520218,1.2562092542648315,1.1980397701263428,1.11626136302948,0.3437230188962319,0.3944327640537941,3.564334173019846
1776514898.0969677,0.5040132710783701,0.8670937434779759,0.5246420020254468,1.1580535696966447,1.11626136302948,2.445088553605093,2.376817475520218,1.2562092542648315,1.1980397701263428,1.11626136302948,0.3306387405876652,0.37766623513616393,3.55687841987285
1776514898.1483111,0.5074519214075257,0.9006503403143732,0.5315960345175911,0.9947577649928988,1.1234437227249146,2.481633520920336,2.4036077248673537,1.2688419818878174,1.1964912414550781,1.1234437227249146,0.3172034743570229,0.3603190772668805,3.5494305259029155
1776514898.197184,0.5211533014901217,0.9363290876432365,0.5387684936441215,0.9605034891643109,1.1234437227249146,2.481633520920336,2.4036077248673537,1.2688419818878174,1.1964912414550781,1.1234437227249146,0.3033875960989439,0.3423712199083888,3.5416960824609225
1776514898.2469451,0.5178183943764795,0.9559032216114928,0.546170765192393,0.9078477342009038,1.1234437227249146,2.481633520920336,2.4036077248673537,1.2688419818878174,1.1964912414550781,1.1234437227249146,0.289291119231367,0.3239554885164817,3.5338015053200564
1776514898.2999413,0.5100830842402212,0.9612265247296266,0.5537485572823874,0.8593962136431095,1.1208423376083374,2.519881383673556,2.425946590707699,1.300490140914917,1.1834551095962524,1.1208423376083374,0.2751921656172367,0.30542271196373694,3.5259071545915783
1776514898.3472292,0.5329706705492601,0.976175793836,0.5613554092092801,0.8102510930925716,1.1208423376083374,2.519881383673556,2.425946590707699,1.300490140914917,1.1834551095962524,1.1208423376083374,0.289194044928723,0.7856407720293355,3.5177580956839147
1776514898.3970854,0.5607552895629679,0.8506365354668853,0.33817101598636756,1.5,1.1208423376083374,2.519881383673556,2.425946590707699,1.300490140914917,1.1834551095962524,1.1208423376083374,0.2740526175087133,0.7677336864680284,3.5090739181203507
1776514898.447168,0.5620332336068721,0.7264710081887,0.34405874149188376,1.5,1.1217602491378784,2.552630023973943,2.4440345050678567,1.3338634967803955,1.1712825298309326,1.1217602491378784,0.2613408739564741,0.7525680888193849,3.500028483878992
1776514898.4969776,0.5102787755914082,0.6522581489116355,0.34902633101253644,1.5,1.1217602491378784,2.552630023973943,2.4440345050678567,1.3338634967803955,1.1712825298309326,1.1217602491378784,0.2393271994430501,0.7259815874571025,3.4828684585070704
1776514898.5500796,0.5102787755914082,0.6522581489116355,0.3576893690155943,1.3760144486563974,1.1252363920211792,2.5726365835770317,2.4486183494123184,1.3419864177703857,1.167525053024292,1.1252363920211792,0.2393271994430501,0.7259815874571025,3.4828684585070704
1776514898.5999732,0.4942218461671466,0.6438481920602545,0.3576893690155943,1.5,1.1252363920211792,2.5726365835770317,2.4486183494123184,1.3419864177703857,1.167525053024292,1.1252363920211792,0.2290883509128402,0.7134392536955887,3.474696464809389
1776514898.6482317,0.4738522391301338,0.6270525962533557,0.36175163485723905,1.4259157834876206,1.1252363920211792,2.5726365835770317,2.4486183494123184,1.3419864177703857,1.167525053024292,1.1252363920211792,0.21910263659758655,0.7011107037792401,3.4667412052931916
1776514898.699591,0.4408646284736866,0.6515092103248091,0.36573144949169434,1.3896840584292738,1.1186214685440063,2.594052514249147,2.459504517802386,1.3546525239944458,1.1672968864440918,1.1186214685440063,0.2088845088365172,0.6884061158752832,3.459190812184263
1776514898.7473462,0.4028652423549151,0.6486886241855473,0.3698205276484593,1.3517247753893715,1.1186214685440063,2.594052514249147,2.459504517802386,1.3546525239944458,1.1672968864440918,1.1186214685440063,0.19875332178028104,0.675734031543398,3.452240812755428
1776514898.7981513,0.4028652423549151,0.6486886241855473,0.3738889278335336,1.3209172263793914,1.1186214685440063,2.594052514249147,2.459504517802386,1.3546525239944458,1.1672968864440918,1.1186214685440063,0.19875332178028104,0.675734031543398,3.452240812755428
1776514898.8481574,0.4039683591774465,0.7178702239751357,0.37831130483686537,1.2787804789313004,1.1261370182037354,2.613400210063839,2.4621631938014557,1.3606747388839722,1.1626640558242798,1.1261370182037354,0.18780192637849075,0.6619042521728571,3.4455908508435122
1776514898.8969743,0.41827830970383567,0.6741029199099507,0.37831130483686537,1.361481577461598,1.1261370182037354,2.613400210063839,2.4621631938014557,1.3606747388839722,1.1626640558242798,1.1261370182037354,0.17710105629405243,0.6483097296862348,3.4385657433081818
1776514898.9469528,0.4235388384855396,0.6559968069912655,0.3826476598329115,1.2409200191171934,1.1261370182037354,2.613400210063839,2.4621631938014557,1.3606747388839722,1.1626640558242798,1.1261370182037354,0.22613934739854785,0.6351231212655906,3.4313345929959294
1776514898.999026,0.42162978628609304,0.6279492145187463,0.49178363564050154,1.4861462417642755,1.1351044178009033,2.6357354435184064,2.472555823085771,1.3895584344863892,1.1463229656219482,1.1351044178009033,0.2153356865969686,0.6224787999593064,3.4240285098246077
1776514899.0472245,0.4146248756445801,0.6088392211295042,0.4972332558867333,1.2574002381352067,1.1351044178009033,2.6357354435184064,2.472555823085771,1.3895584344863892,1.1463229656219482,1.1351044178009033,0.20518927229668665,0.6105433934617324,3.4167733972723777
1776514899.1010897,0.4126015208675326,0.5823328076281603,0.5023660392406546,1.2313707623914694,1.134284496307373,2.6543965683724458,2.4741965728436077,1.413124680519104,1.1429238319396973,1.134284496307373,0.195398001814083,0.5989484175056821,3.4095428073652654
1776514899.1499448,0.411339031810681,0.5695951742779718,0.5073380063407428,1.2010888050487438,1.134284496307373,2.6543965683724458,2.4741965728436077,1.413124680519104,1.1429238319396973,1.134284496307373,0.18597982504485255,0.5877183683356977,3.4022940255144047
1776514899.196914,0.4118173056687469,0.5563577623327345,0.512139252987398,1.1646632179974057,1.134284496307373,2.6543965683724458,2.4741965728436077,1.413124680519104,1.1429238319396973,1.134284496307373,0.17687545612136724,0.5767808718806595,3.3950130538480865
1776514899.247943,0.4148974477339308,0.5411168817457747,0.516800412222627,1.1407760579895458,1.1270513534545898,2.671399025537701,2.483605949776653,1.4231867790222168,1.1270513534545898,1.1443395614624023,0.16806634824354322,0.5661137409322365,3.3876622150381954
1776514899.2971323,0.4232112648095367,0.5451874199094576,0.5213309565612912,1.1158692569379043,1.1270513534545898,2.671399025537701,2.483605949776653,1.4231867790222168,1.1270513534545898,1.1443395614624023,0.15942028206064235,0.555557498388719,3.380181140835989
1776514899.3499894,0.4403303805263985,0.5434772061314551,0.5257987332145582,1.0829241777417853,1.1270513534545898,2.671399025537701,2.483605949776653,1.4231867790222168,1.1270513534545898,1.1443395614624023,0.15078557516291446,0.5449198636924351,3.3724295705236074
1776514899.4012797,0.4403303805263985,0.5434772061314551,0.5302838493514654,1.056170201164521,1.1243221759796143,2.684724209376996,2.4791581111873953,1.452325701713562,1.1243221759796143,1.1436289548873901,0.15078557516291446,0.5449198636924351,3.3724295705236074
1776514899.4482388,0.46320831405576396,0.5854956145266105,0.5302838493514654,1.121003010142493,1.1243221759796143,2.684724209376996,2.4791581111873953,1.452325701713562,1.1243221759796143,1.1436289548873901,0.14191481381980336,0.5338974488704462,3.364299887738779
1776514899.4972403,0.4962567919559829,0.6107047851561627,0.5349144737059518,1.0274270839000725,1.1243221759796143,2.684724209376996,2.4791581111873953,1.452325701713562,1.1243221759796143,1.1436289548873901,0.14191481381980336,0.5338974488704462,3.364299887738779
1776514899.5468566,0.4962567919559829,0.6107047851561627,0.5397970545203858,0.9767707516589117,1.111946702003479,2.700690065678571,2.485369436735864,1.4845507144927979,1.111946702003479,1.154268741607666,0.13262060205846632,0.5222220003294429,3.3556285591328576
1776514899.5989375,0.5373629621396427,0.6547452976882825,0.5397970545203858,1.0585288674913003,1.111946702003479,2.700690065678571,2.485369436735864,1.4845507144927979,1.111946702003479,1.154268741607666,0.17148432715831108,0.5096358207186333,3.3460251674695214
1776514899.6480727,0.5440996165947027,0.6554852454912711,0.6140879197548883,1.1704552781822353,1.111946702003479,2.700690065678571,2.485369436735864,1.4845507144927979,1.111946702003479,1.154268741607666,0.16020791917481608,0.4966254471868883,3.3360964051199677
1776514899.696946,0.5658238895943534,0.6518438660927963,0.6205724791556176,0.9747781510075616,1.0931435823440552,2.715635316003593,2.4816057321689287,1.5105940103530884,1.0931435823440552,1.143380880355835,0.1490028150328893,0.4835727958526319,3.3257488394113737
1776514899.7472563,0.5775466079535986,0.6331709786884182,0.627050907772975,0.9409686920231737,1.0931435823440552,2.715635316003593,2.4816057321689287,1.5105940103530884,1.0931435823440552,1.143380880355835,0.13827922589751007,0.47093413328236267,3.315104736443051
1776514899.7980866,0.5916624161719761,0.5825269654444752,0.6332920777547659,0.9003321317360147,1.0931435823440552,2.715635316003593,2.4816057321689287,1.5105940103530884,1.0931435823440552,1.143380880355835,0.1284555186178688,0.4592074416227243,3.3041801388818666
1776514899.847961,0.593508562270444,0.5935342937074497,0.6390511256539343,0.8783072258536954,1.076814889907837,2.730083392131781,2.485017704604975,1.5260677337646484,1.076814889907837,1.1622997522354126,0.11908497317846373,0.4478865533217271,3.29311895847152
1776514899.8969707,0.6065838673717575,0.6349125254957488,0.6445823518289435,0.8463812432670622,1.076814889907837,2.730083392131781,2.485017704604975,1.5260677337646484,1.076814889907837,1.1622997522354126,0.10928872634251935,0.4359100397793476,3.2819135580875796
1776514899.9470854,0.6341776491728388,0.6347979849934696,0.6504044298234679,0.8172823550397219,1.0730782747268677,2.74101586169826,2.4851031338779697,1.5516287088394165,1.0730782747268677,1.1657835245132446,0.09956797807641865,0.42386396582377595,3.2702738972585346
1776514899.999066,0.6397562295617495,0.6278172588111379,0.6562269590940852,0.7732855518335136,1.0730782747268677,2.74101586169826,2.4851031338779697,1.5516287088394165,1.0730782747268677,1.1657835245132446,0.12978500830344558,0.411566486511985,3.258207298145587
1776514900.0499666,0.659421389098231,0.5675780508598055,0.6520555616841759,0.9329039824866688,1.0730782747268677,2.74101586169826,2.4851031338779697,1.5516287088394165,1.0730782747268677,1.1657835245132446,0.11969625266706047,0.4000587691547577,3.2458932955547817
1776514900.0969675,0.6496550396291506,0.6788870232745859,0.6578200889645687,0.7724449845537681,1.0543274879455566,2.7496919058518317,2.4780577503512675,1.5650596618652344,1.0543274879455566,1.1655932664871216,0.10891637600032261,0.3875799767311756,3.233488704038313
1776514900.1469228,0.6411198708890972,0.6862781555471517,0.6640306797631896,0.7275672971289932,1.0543274879455566,2.7496919058518317,2.4780577503512675,1.5650596618652344,1.0543274879455566,1.1655932664871216,0.09762729158078687,0.3743417202516883,3.221197308257007
1776514900.197573,0.6401740503332917,0.6868729120419763,0.670582240851169,0.6872885349046076,1.0543274879455566,2.7496919058518317,2.4780577503512675,1.5650596618652344,1.0543274879455566,1.1655932664871216,0.08642281713222516,0.36103137713788636,3.208971181231145
1776514900.2475238,0.6465658423711993,0.6917403622140039,0.6771326644840712,0.6481838634306686,1.0384610891342163,2.7640151933428316,2.4777206762910966,1.468764066696167,1.0384610891342163,1.1737380027770996,0.07535195005153777,0.34768102808667045,3.1965662551342877
1776514900.2975266,0.6440029940420656,0.6881910146030067,0.6836606207227448,0.6127181692690634,1.0384610891342163,2.7640151933428316,2.4777206762910966,1.468764066696167,1.0384610891342163,1.1737380027770996,0.06453464651487795,0.3344445882151934,3.184128540303662
1776514900.3490403,0.6426182876093518,0.6837340066534895,0.6900927843779967,0.5818206367296421,1.0124109983444214,2.7756514554769214,2.477193909868098,1.387241244316101,1.0124109983444214,1.19563889503479,0.05392502494168683,0.32126899124775266,3.171693537247618
1776514900.3995955,0.6412306366508834,0.6796778524925208,0.6964555761653242,0.5413777035357529,1.0124109983444214,2.7756514554769214,2.477193909868098,1.387241244316101,1.0124109983444214,1.19563889503479,0.07386707150620686,0.30816996974002153,3.15924830292201
1776514900.4471967,0.6421744027794857,0.6783371398527743,0.6950979064532299,0.6475903592303576,1.0124109983444214,2.7756514554769214,2.477193909868098,1.387241244316101,1.0124109983444214,1.19563889503479,0.06242636795538009,0.2951236719156367,3.146784893836166
1776514900.5030503,0.6486939107474582,0.6943756269354117,0.701633927138866,0.4975426681219667,1.0086761713027954,2.787785518180431,2.474610377990372,1.3113276958465576,1.0086761713027954,1.2004413604736328,0.050898241616523454,0.28179395407695296,3.134214244860773
1776514900.5489223,0.6522774143740784,0.68294556248865,0.7082713359710893,0.47521953752058255,1.0086761713027954,2.787785518180431,2.474610377990372,1.3113276958465576,1.0086761713027954,1.2004413604736328,0.03952924883266046,0.2684748136698012,3.1214916441571883
1776514900.597944,0.6563796360040975,0.6867483419758026,0.7148656814666253,0.42838241414246425,0.9936466813087463,2.798266737136876,2.4724885255065354,1.23978590965271,0.9936466813087463,1.2119063138961792,0.028403949651990612,0.2552415874212879,3.108672484262932
1776514900.6470861,0.6791756973285037,0.5621054546617273,0.7213745602097378,0.39853131511999934,0.9936466813087463,2.798266737136876,2.4724885255065354,1.23978590965271,0.9936466813087463,1.2119063138961792,0.01854031618470897,0.24332605355844716,3.0954942440693194
1776514900.69858,0.7186897724226012,0.46269655846349744,0.7271965453250882,0.37403929359949534,0.974793016910553,2.8039999840217646,2.4690137251708637,1.1790605783462524,0.974793016910553,1.2250196933746338,0.010649766028681285,0.23363472883209546,3.0816916913604464
1776514900.7466316,0.7539445003381106,0.4562711629373503,0.7559471555427586,-0.09207523784242133,0.974793016910553,2.8039999840217646,2.4690137251708637,1.1790605783462524,0.974793016910553,1.2250196933746338,0.026049610182826255,0.133886938182747,3.067251804420196
1776514900.7968569,0.7475818976296791,0.39938602901142817,0.7601898595764753,0.20973878462439005,0.974793016910553,2.8039999840217646,2.4690137251708637,1.1790605783462524,0.974793016910553,1.2250196933746338,0.011520715641524681,0.11726521240586152,3.037584011743509
1776514900.8469453,0.7475818976296791,0.39938602901142817,0.7642625201846945,0.18195320697247655,0.9648860692977905,2.804940527892576,2.4673915321448496,1.1580713987350464,0.9648860692977905,1.2300233840942383,0.011520715641524681,0.11726521240586152,3.037584011743509
1776514900.8970625,0.7435067576470161,0.23517722642283614,0.7670695474172484,0.18129489825758688,0.9648860692977905,2.804940527892576,2.4673915321448496,1.1580713987350464,0.9648860692977905,1.2300233840942383,0.006680698132277785,0.11159613090506282,3.0227482620947264
1776514900.9499483,0.7564597764575632,0.16790389528283994,0.7670695474172484,0.22017401475858053,0.9648860692977905,2.804940527892576,2.4673915321448496,1.1580713987350464,0.9648860692977905,1.2300233840942383,0.003706736031089175,0.1080500421918793,3.007760427414817
1776514901.0030086,0.7564597764575632,0.16790389528283994,0.7688118907064394,0.18896947949084825,0.9472869634628296,2.7977710896680796,2.461090622271277,1.1401612758636475,0.9472869634628296,1.2372902631759644,0.003706736031089175,0.1080500421918793,3.007760427414817
1776514901.0530777,0.7669881117646532,0.13421591121146614,0.7688118907064394,0.2102177673917753,0.9472869634628296,2.7977710896680796,2.461090622271277,1.1401612758636475,0.9472869634628296,1.2372902631759644,0.0013491665570863343,0.10516958909218399,2.9925678184295674
1776514901.1139667,0.7687684613768871,0.1272737982921573,0.7702125250818028,0.18445933271020873,0.9472869634628296,2.7977710896680796,2.461090622271277,1.1401612758636475,0.9472869634628296,1.2372902631759644,0.009344392826513781,0.028500657845202504,2.977341254672754
1776514901.1478333,0.765364110623076,0.16310707504683297,0.7896650288110618,-0.12876215866473031,0.927213191986084,2.7924524041152905,2.463400120970523,1.1322333812713623,0.927213191986084,1.2434731721878052,0.0066474204678330095,0.02547446922935892,2.9621173708296213
1776514901.198091,0.7644104407377718,0.1568151263445368,0.7911919986578857,0.06022246732983412,0.927213191986084,2.7924524041152905,2.463400120970523,1.1322333812713623,0.927213191986084,1.2434731721878052,0.003629069674477292,0.02201719095302712,2.9470049699758807
1776514901.2500584,0.7780015216741393,0.12851011506018511,0.7929206609751842,0.0507997598173804,0.927213191986084,2.7924524041152905,2.463400120970523,1.1322333812713623,0.927213191986084,1.2434731721878052,0.000878106855530969,0.018820509338460578,2.931651104753347
1776514901.2971146,0.7831203013123932,0.10625098973481935,0.7945089744576372,0.04233375289282178,0.9087728261947632,2.7814471113472266,2.4539731818079167,1.145246982574463,0.9087728261947632,1.2580833435058594,-0.0011152392647145182,0.01646065390302942,2.9161340206087174
1776514901.3470352,0.7944703222769389,0.037377163296938784,0.7956720572018599,0.041300503607928744,0.9087728261947632,2.7814471113472266,2.4539731818079167,1.145246982574463,0.9087728261947632,1.2580833435058594,-0.0022835538530909805,0.015059518100224878,2.900461046245016
1776514901.405425,0.7915274437016449,0.001439294212658524,0.796358790502916,0.04392011901052175,0.9014679193496704,2.7700788157610403,2.4542209405574287,1.1533362865447998,0.9014679193496704,1.2692965269088745,-0.002535423456553887,0.0147429122119771,2.884705829071552
1776514901.4505165,0.7911285053825869,-0.006726262614400459,0.796510911291698,0.05009590701215016,0.9014679193496704,2.7700788157610403,2.4542209405574287,1.1533362865447998,0.9014679193496704,1.2692965269088745,-0.0009687446131226296,0.014845098128083212,2.86899927347014
1776514901.4974868,0.7931008618806998,0.013969211096402003,0.7960874961666436,0.06004658615563465,0.9014679193496704,2.7700788157610403,2.4542209405574287,1.1533362865447998,0.9014679193496704,1.2692965269088745,-0.0010225745650237483,0.014782818843952938,2.853277300071982
1776514901.5479112,0.7954066119707954,0.04225013587901606,0.7961184995140792,0.053778521735024405,0.878788948059082,2.7554022249637327,2.4496814436284815,1.1749011278152466,0.878788948059082,1.2673858404159546,-0.0016019207337431562,0.014111355183582308,2.8375066186026094
1776514901.5967,0.7946791887326234,0.042868607536031035,0.7964525045735003,0.048209228552514825,0.878788948059082,2.7554022249637327,2.4496814436284815,1.1749011278152466,0.878788948059082,1.2673858404159546,-0.002281175506925248,0.013310190328765348,2.8217172848327112
1776514901.6471972,0.7946791887326234,0.042868607536031035,0.7968480029356909,0.04455394725501395,0.878788948059082,2.7554022249637327,2.4496814436284815,1.1749011278152466,0.878788948059082,1.2673858404159546,-0.002281175506925248,0.013310190328765348,2.8217172848327112
1776514901.698769,0.791074243255107,0.06788778800965715,0.7974024064221439,0.039761262897714256,0.8597143292427063,2.741600937638208,2.4434096211834357,1.2053437232971191,0.8597143292427063,1.2789541482925415,-0.0032243342699395106,0.01217902076386057,2.805982099029487
1776514901.7473812,0.7905617901739729,0.07217307538884114,0.7974024064221439,0.04684339187346402,0.8597143292427063,2.741600937638208,2.4434096211834357,1.2053437232971191,0.8597143292427063,1.2789541482925415,-0.004389764007798114,0.010753959330430884,2.7902825004428675
1776514901.811178,0.7905617901739729,0.07217307538884114,0.7974024064221439,0.04684339187346402,0.8597143292427063,2.741600937638208,2.4434096211834357,1.2053437232971191,0.8597143292427063,1.2789541482925415,-0.004389764007798114,0.010753959330430884,2.7902825004428675
1776514901.8503232,0.792490757581037,0.06418811707244343,0.7985363894433011,0.02647728311882942,0.84895920753479,2.7293862578606407,2.44220695491204,1.2229830026626587,0.84895920753479,1.2834572792053223,-0.004581526399914049,0.009350554319561777,2.774562158409418
1776514901.8978844,0.7966282626871017,0.03259757807810121,0.7985363894433011,0.040363488895422614,0.84895920753479,2.7293862578606407,2.44220695491204,1.2229830026626587,0.84895920753479,1.2834572792053223,-0.0054286545896218286,0.008397766876378832,2.758777407392224
1776514901.946913,0.7902940296424124,-0.02602041912302159,0.7990166462311987,0.03144105174636477,0.84895920753479,2.7293862578606407,2.44220695491204,1.2229830026626587,0.84895920753479,1.2834572792053223,-0.008650866319078465,0.008411225206632622,2.7342003191674453
1776514901.997305,0.7916041749904129,-0.02956914955954343,0.7998248752545507,0.021927325295646553,0.8382376432418823,2.7164093570285766,2.440825039298494,1.235076904296875,0.8382376432418823,1.2888679504394531,-0.010519206216848653,0.009060119619602514,2.7237260095339737
1776514902.0476253,0.7916041749904129,-0.02956914955954343,0.7998859935268429,0.027602136141847214,0.8382376432418823,2.7164093570285766,2.440825039298494,1.235076904296875,0.8382376432418823,1.2888679504394531,-0.010519206216848653,0.009060119619602514,2.7237260095339737
1776514902.0970573,0.7947375786244226,-0.021051204858290318,0.7998859935268429,0.03134690383642192,0.8382376432418823,2.7164093570285766,2.440825039298494,1.235076904296875,0.8382376432418823,1.2888679504394531,-0.01005054140438394,0.009620299359829332,2.7079706369303813
1776514902.1479232,0.7958392460474375,-0.006501073786112319,0.7998390526131526,0.03646564291473333,0.8262316584587097,2.6994293304530697,2.4320331548233995,1.2772891521453857,0.8262316584587097,1.2962379455566406,-0.00985686504491734,0.009858596585193613,2.692178259080396
1776514902.1970363,0.7977839570729386,0.021737896753216367,0.7997235229474651,0.03506038309709578,0.8262316584587097,2.6994293304530697,2.4320331548233995,1.2772891521453857,0.8262316584587097,1.2962379455566406,-0.009007207624916025,0.02312631314782987,2.67636637445563
1776514902.249054,0.7939651029252651,0.06103065488947076,0.7957944486400865,0.10379951479526395,0.8195398449897766,2.686215263566521,2.42782415722717,1.3033981323242188,0.8195398449897766,1.3025869131088257,-0.009781343985595159,0.022253494746233393,2.6605606923576195
1776514902.2969854,0.7823326125696666,0.1406015154408869,0.7962339201554247,0.04750309963108119,0.8195398449897766,2.686215263566521,2.42782415722717,1.3033981323242188,0.8195398449897766,1.3025869131088257,-0.011416739377198115,0.020373950568229215,2.644924152691845
1776514902.3469856,0.7835337156751423,0.12055209198706275,0.7971723121639498,0.037203458931101066,0.8195398449897766,2.686215263566521,2.42782415722717,1.3033981323242188,0.8195398449897766,1.3025869131088257,-0.013517871327745623,0.01792205664209412,2.6293714477838224
1776514902.4015315,0.7890669514127125,0.09285145889138773,0.7983883277148056,0.023850956541135015,0.7998841404914856,2.677759885953379,2.431280391303418,1.3036092519760132,0.7998841404914856,1.3054734468460083,-0.015350911044426208,0.015742894757956982,2.6137582454346866
1776514902.4470997,0.7982778902416751,0.02033054201746967,0.7994604190509675,0.021173637353814438,0.7998841404914856,2.677759885953379,2.431280391303418,1.3036092519760132,0.7998841404914856,1.3054734468460083,-0.01623051788710833,0.014686011488315831,2.5979732238634057
1776514902.497203,0.7950029558160944,-0.005014263021086726,0.7999682583831347,0.024478749502789734,0.7997301816940308,2.6572737518997793,2.4203920082173163,1.3116495609283447,0.7997301816940308,1.3044097423553467,-0.016317071426781182,0.014572001366726539,2.5821584931662556
1776514902.5500808,0.7949698036050116,-0.014753155428883214,0.7999682583831347,0.0318181515395522,0.7997301816940308,2.6572737518997793,2.4203920082173163,1.3116495609283447,0.7997301816940308,1.3044097423553467,-0.014616476262290956,0.32298852337017214,2.5663766439182756
1776514902.597057,0.7993504723976472,0.021591982134820106,0.6155727976819644,1.5,0.7997301816940308,2.6572737518997793,2.4203920082173163,1.3116495609283447,0.7997301816940308,1.3044097423553467,-0.014713597616509144,0.322872735309077,2.550540458734591
1776514902.6504018,0.7993504723976472,0.021591982134820106,0.6156219015441535,0.5266083295424666,0.7946513295173645,2.627564828336294,2.406986655445333,1.3559422492980957,0.7946513295173645,1.3047056198120117,-0.014713597616509144,0.322872735309077,2.550540458734591
1776514902.6989663,0.7756077815601896,0.02869922821637021,0.6156219015441535,0.52740879592675,0.7946513295173645,2.627564828336294,2.406986655445333,1.3559422492980957,0.7946513295173645,1.3047056198120117,-0.015011858543344803,0.3225272107666055,2.5350064394491376
1776514902.7481885,0.7568890816799722,0.021012484758653714,0.6157702685726668,0.5242506092115985,0.7946513295173645,2.627564828336294,2.406986655445333,1.3559422492980957,0.7946513295173645,1.3047056198120117,-0.015313380828778256,0.32217313845408935,2.5198594682751247
1776514902.8019626,0.7307812814900524,0.0385064037849442,0.6159214105364323,0.5231405973780877,0.7797355651855469,2.6031194211265536,2.3935163728475786,1.3715858459472656,0.7797355651855469,1.2981553077697754,-0.015651725071199163,0.3217656963933364,2.505130968265147
1776514902.8471775,0.7109551990209185,0.0230532433848064,0.6160934580508827,0.5216997175189989,0.7797355651855469,2.6031194211265536,2.3935163728475786,1.3715858459472656,0.7797355651855469,1.2981553077697754,-0.01654618421216497,0.3206709483902115,2.490949908363918
1776514902.8978386,0.691330405407904,0.018812406507360276,0.6165525469406542,0.5145436594025528,0.7797355651855469,2.6031194211265536,2.3935163728475786,1.3715858459472656,0.7797355651855469,1.2981553077697754,0.014166528357761832,0.31976834559506884,2.4771716257666707
1776514902.9515328,0.675638048440427,0.04438164074587177,0.7068948980872247,0.6607205389785159,0.7713114619255066,2.5779021337669716,2.376982007888084,1.3765573501586914,0.7713114619255066,1.3064831495285034,0.013308123365963986,0.31878571954298307,2.4637525562280564
1776514902.9969218,0.6786339915591075,0.07574088404323023,0.7073863514397418,0.5552241079482579,0.7713114619255066,2.5779021337669716,2.376982007888084,1.3765573501586914,0.7713114619255066,1.3064831495285034,0.011975921988334082,0.31724258049016685,2.4503322545454806
1776514903.0470092,0.669026176403073,0.08349347037495296,0.7081541451216932,0.546672516017414,0.7801244258880615,2.553461671096103,2.365409571242342,1.410672664642334,0.7801244258880615,1.3069196939468384,0.010681398125250152,0.31578829602643577,2.436998785314149
1776514903.099053,0.6628953617814853,0.10530840270470257,0.708887564785035,0.5428295278608704,0.7801244258880615,2.553461671096103,2.365409571242342,1.410672664642334,0.7801244258880615,1.3069196939468384,0.009187605473374716,0.3140531838852558,2.423841441143368
1776514903.1500752,0.6634961513553435,0.1088917120275061,0.709749831932838,0.5367080044646936,0.7801244258880615,2.553461671096103,2.365409571242342,1.410672664642334,0.7801244258880615,1.3069196939468384,0.007533768248119521,0.312108060787772,2.41071953691264
1776514903.196947,0.6614752679746069,0.11595188648721806,0.7107112333808978,0.5301401897849831,0.7614261507987976,2.532337783554105,2.353664586597271,1.4087930917739868,0.7614261507987976,1.3083891868591309,0.005777198688223573,0.31001188171468996,2.3976255786647442
1776514903.2471604,0.6677187252550262,0.12371234598637551,0.7117408190504545,0.5226646197803979,0.7614261507987976,2.532337783554105,2.353664586597271,1.4087930917739868,0.7614261507987976,1.3083891868591309,0.03421608591562325,0.287836908474449,2.3844603007734277
1776514903.2978342,0.6848037607176156,0.13838581091158994,0.7107832119764173,0.5540641735005688,0.7614261507987976,2.532337783554105,2.353664586597271,1.4087930917739868,0.7614261507987976,1.3083891868591309,0.03235470584632294,0.285747144205025,2.371041678627902
1776514903.354442,0.6865604973038358,0.22938365429948146,0.7118374137493197,0.5234192946692107,0.7683608531951904,2.512416384321578,2.340907262234507,1.401132345199585,0.7683608531951904,1.3049877882003784,0.02953337105325915,0.28252351846651624,2.3574728037441073
1776514903.3979657,0.6947940986189463,0.29713325098854404,0.7134510053239542,0.5060111601428525,0.7683608531951904,2.512416384321578,2.340907262234507,1.401132345199585,0.7683608531951904,1.3049877882003784,0.025084845213060564,0.2773367512022227,2.3437260454657007
1776514903.4480119,0.6971918372751281,0.3653156843705095,0.7160243286696865,0.477227961535938,0.7548728585243225,2.4942893601478415,2.331041542772375,1.3888602256774902,0.7548728585243225,1.3125357627868652,0.019825937323447312,0.2711064996101529,2.3299164539233854
1776514903.4970698,0.698637345428333,0.4304902270756421,0.7190940439036485,0.4523143294098496,0.7548728585243225,2.4942893601478415,2.331041542772375,1.3888602256774902,0.7548728585243225,1.3125357627868652,0.013534306340650087,0.2635303033373755,2.316033312977448
1776514903.5466993,0.691221460069232,0.4956263415004497,0.7228008698676911,0.42520905557004335,0.7615962028503418,2.4879686281595044,2.327049507223549,1.342054843902588,0.7615962028503418,1.3153148889541626,0.0064431974508308565,0.2548521705344369,2.3022190147452686
1776514903.596388,0.6869927042340557,0.5262225012999732,0.7270177064927483,0.3984193103059365,0.7615962028503418,2.4879686281595044,2.327049507223549,1.342054843902588,0.7615962028503418,1.3153148889541626,0.022964529854469035,0.16031854664849687,2.2885135718863605
1776514903.647337,0.6787449212786781,0.4950967461034654,0.7493237454150947,0.014513184449936378,0.7615962028503418,2.4879686281595044,2.327049507223549,1.342054843902588,0.7615962028503418,1.3153148889541626,0.014189210912278288,0.1504417700619327,2.2749275298294838
1776514903.7009351,0.6787449212786781,0.4950967461034654,0.7543006232327647,0.2289302560253617,0.7503448724746704,2.478367169955392,2.315078243505493,1.3022183179855347,0.7503448724746704,1.3115648031234741,0.014189210912278288,0.1504417700619327,2.2749275298294838
1776514903.7479491,0.6672443976026924,0.5372101123391554,0.7592943710573014,0.20083872064805625,0.7503448724746704,2.478367169955392,2.315078243505493,1.3022183179855347,0.7503448724746704,1.3115648031234741,0.005459468367814996,0.1404637246928906,2.261539868134694
1776514903.8039687,0.6670512940879045,0.5787890959988529,0.7592943710573014,0.2646035939582786,0.7503448724746704,2.478367169955392,2.315078243505493,1.3022183179855347,0.7503448724746704,1.3115648031234741,-0.0036994733956115244,0.12983941236724128,2.2482404430548675
1776514903.8489535,0.6695219237599497,0.6274624684094162,0.7645772318328666,0.170303919529246,0.7421820163726807,2.4754302118466365,2.313235713570215,1.256279706954956,0.7421820163726807,1.3195654153823853,-0.013453047653816913,0.118335563346323,2.2349236887850696
1776514903.8992813,0.6826117369508704,0.7146489464857856,0.7702562102717915,0.12442880927939716,0.7421820163726807,2.4754302118466365,2.313235713570215,1.256279706954956,0.7421820163726807,1.3195654153823853,-0.024275678068596762,0.10534166349976237,2.2214488349977586
1776514903.9469512,0.6783766914683412,0.7553378709271299,0.7834658224803491,-0.05627267013837123,0.7421820163726807,2.4754302118466365,2.313235713570215,1.256279706954956,0.7421820163726807,1.3195654153823853,-0.035796169630120445,0.09126718666586164,2.2078709261495333
1776514903.9970448,0.682736176762786,0.8095058403436,0.7834658224803491,0.1264810143980052,0.7296263575553894,2.4707485973338748,2.305697180482396,1.2021931409835815,0.7296263575553894,1.3313223123550415,-0.04048146388869722,0.07600557538093966,2.1943197955241645
1776514904.0469382,0.6928416615501876,0.8459831653583773,0.7889197677932887,0.02737700542130901,0.7296263575553894,2.4707485973338748,2.305697180482396,1.2021931409835815,0.7296263575553894,1.3313223123550415,-0.05479394945633548,0.05992477428467691,2.1805880508442184
1776514904.0969481,0.6916647023260845,0.8350356546576196,0.797029138463287,-0.05778119630228655,0.7296263575553894,2.4707485973338748,2.305697180482396,1.2021931409835815,0.7296263575553894,1.3313223123550415,-0.06931758112541875,0.043303591426016474,2.166776553572562
1776514904.1481085,0.7147938082428256,0.7406725351705857,0.7946569751556791,-0.10334231527087347,0.7306343913078308,2.4708320378816095,2.2996159130661393,1.1242982149124146,0.7306343913078308,1.3296079635620117,-0.08276786495922717,0.027680764853816875,2.152839545549564
1776514904.1971164,0.7343934591912936,0.5459636617879007,0.7868931121893435,-0.1454864251776109,0.7306343913078308,2.4708320378816095,2.2996159130661393,1.1242982149124146,0.7306343913078308,1.3296079635620117,-0.09296461720364882,0.01563130751288,2.1383476510559034
1776514904.2469683,0.7440293695166567,0.37771771818086464,0.7809496825682869,-0.15257649963177064,0.7184627056121826,2.465579129941589,2.297539959298759,1.0953099727630615,0.7184627056121826,1.3341386318206787,-0.10023958468328405,0.006872874580688304,2.123670480676157
1776514904.2989619,0.7712229663255541,0.054356457835403285,0.7766640295424052,-0.15353211034770836,0.7184627056121826,2.465579129941589,2.297539959298759,1.0953099727630615,0.7184627056121826,1.3341386318206787,-0.10343803684568283,0.0029728881318629163,2.108631471456435
1776514904.352028,0.7769531760023772,-0.09592019124142041,0.7747660233918096,-0.13828422027382836,0.7184627056121826,2.465579129941589,2.297539959298759,1.0953099727630615,0.7184627056121826,1.3341386318206787,-0.1020564975792001,0.004164713176777912,2.0930807365824604
1776514904.4031909,0.7769531760023772,-0.09592019124142041,0.7754478822995394,-0.10002451254611328,0.7082083821296692,2.4420888901418496,2.2854900004365053,1.0836503505706787,0.7082083821296692,1.3302311897277832,-0.1020564975792001,0.004164713176777912,2.0930807365824604
1776514904.453023,0.7769531760023772,-0.09592019124142041,0.7754478822995394,-0.10002451254611328,0.7082083821296692,2.4420888901418496,2.2854900004365053,1.0836503505706787,0.7082083821296692,1.3302311897277832,-0.1020564975792001,0.004164713176777912,2.0930807365824604
1776514904.4969478,0.7727708533974011,-0.04183890217535942,0.7764583341536233,-0.06336855119974018,0.7082083821296692,2.4420888901418496,2.2854900004365053,1.0836503505706787,0.7082083821296692,1.3302311897277832,-0.0991258766830321,0.007503784366438282,2.0622127845005744
1776514904.5539525,0.7679471491482939,0.03369105035981496,0.7771213386984787,-0.0920067743938811,0.7137203216552734,2.411674803986139,2.2684369272002614,1.1005668640136719,0.7137203216552734,1.3330426216125488,-0.09892609723970097,0.007738201376322085,2.0468424279559057
1776514904.6003282,0.7664417907090149,0.07940327057224772,0.7772373198809656,-0.09797491165500158,0.7137203216552734,2.411674803986139,2.2684369272002614,1.1005668640136719,0.7137203216552734,1.3330426216125488,-0.09931891870545864,0.007263641485595773,2.0315526466150446
1776514904.6466076,0.7852234162920757,0.008254206398280095,0.7770054521021913,-0.10398822235991854,0.7137203216552734,2.411674803986139,2.2684369272002614,1.1005668640136719,0.7137203216552734,1.3330426216125488,-0.09996983216019908,0.006489121792682795,2.0161205730542857
1776514904.7062864,0.7758615818520938,-0.08347168834124505,0.7766245563975811,-0.10828530846728766,0.704886794090271,2.3871262137477425,2.2591450333903027,1.1057111024856567,0.704886794090271,1.3396258354187012,-0.09905947704231266,0.0076152143450931575,2.000672898008657
1776514904.7510843,0.7755682857601068,-0.08870856116326398,0.7771692718019634,-0.09391374848064317,0.704886794090271,2.3871262137477425,2.2591450333903027,1.1057111024856567,0.704886794090271,1.3396258354187012,-0.09654271025669589,0.009575474807209439,1.985242087984485
1776514904.7966442,0.777168988091166,-0.06801054998468124,0.7783523699613313,-0.07796923864588756,0.7098905444145203,2.35775852490089,2.243132535515355,1.1120631694793701,0.7098905444145203,1.3341315984725952,-0.09548014678532901,0.010786168184946376,1.9697822839787962
1776514904.8490343,0.777168988091166,-0.06801054998468124,0.7789591301018821,-0.08226727998452868,0.7098905444145203,2.35775852490089,2.243132535515355,1.1120631694793701,0.7098905444145203,1.3341315984725952,-0.09548014678532901,0.010786168184946376,1.9697822839787962
1776514904.896934,0.7772384322800565,-0.06721948256653312,0.7794922198943781,-0.08090890976401163,0.7098905444145203,2.35775852490089,2.243132535515355,1.1120631694793701,0.7098905444145203,1.3341315984725952,-0.09455763290988761,0.011859797813106532,1.954282124750973
1776514904.9475093,0.7794405453853149,-0.0740645061661114,0.7794922198943781,-0.0877453006995855,0.7073207497596741,2.3322453458589276,2.2257989155452287,1.120356559753418,0.7073207497596741,1.3314450979232788,-0.0935294414313804,0.013080337534323139,1.9387692509739718
1776514904.9989696,0.7773224311812943,-0.11570021971160371,0.7800930752689026,-0.07664501345904148,0.7073207497596741,2.3322453458589276,2.2257989155452287,1.120356559753418,0.7073207497596741,1.3314450979232788,-0.09221072667070893,0.01467948267820507,1.9232604909172497
1776514905.0472937,0.78631206888145,-0.10378732699100418,0.7808731520288789,-0.06994319876132836,0.7073207497596741,2.3322453458589276,2.2257989155452287,1.120356559753418,0.7073207497596741,1.3314450979232788,-0.0904779352957312,0.016794523606806777,1.9077594930740476
1776514905.0969968,0.7780877394469153,-0.05337310847849766,0.7830247720025861,-0.041927414256066664,0.7027965188026428,2.3033775528970413,2.2103468822640364,1.1444443464279175,0.7027965188026428,1.340868353843689,-0.08693285189761901,0.01887987480307185,1.876597581790766
1776514905.1469705,0.7780877394469153,-0.05337310847849766,0.7833792862666602,-0.061268032320222515,0.7027965188026428,2.3033775528970413,2.2103468822640364,1.1444443464279175,0.7027965188026428,1.340868353843689,-0.08693285189761901,0.01887987480307185,1.876597581790766
1776514905.1979268,0.774786075819785,-0.0986442337276445,0.7833792862666602,-0.06617720358634077,0.7060911059379578,2.2763019999235894,2.1973395637606967,1.1465808153152466,0.7060911059379578,1.3255027532577515,-0.0859140266756502,0.020053997842279347,1.861140639839427
1776514905.247058,0.7706413095329879,-0.1345039643799476,0.7839647846735744,-0.05524707986803594,0.7060911059379578,2.2763019999235894,2.1973395637606967,1.1465808153152466,0.7060911059379578,1.3255027532577515,-0.08404245573626948,0.022250029504413682,1.8457311915085401
1776514905.2970765,0.7706413095329879,-0.1345039643799476,0.7850513094156959,-0.04258409728303807,0.7060911059379578,2.2763019999235894,2.1973395637606967,1.1465808153152466,0.7060911059379578,1.3255027532577515,-0.08404245573626948,0.022250029504413682,1.8457311915085401
1776514905.3472903,0.7650498412129177,-0.19114497465092786,0.7850513094156959,-0.05694448030598161,0.7060911059379578,2.2763019999235894,2.1973395637606967,1.1465808153152466,0.7060911059379578,1.3255027532577515,-0.0813865931187672,0.02542506831041358,1.8304493633048382
1776514905.397085,0.7638297960544981,-0.20719115796494852,0.7866095976609865,-0.028035001809935383,0.7162774801254272,2.2478804934035836,2.178843070019207,1.1683269739151,0.7162774801254272,1.3342806100845337,-0.0783129230393095,0.029165504226003502,1.815215589015838
1776514905.4481099,0.7638297960544981,-0.20719115796494852,0.788431484577375,-0.0146577097171533,0.7162774801254272,2.2478804934035836,2.178843070019207,1.1683269739151,0.7162774801254272,1.3342806100845337,-0.0783129230393095,0.029165504226003502,1.815215589015838
1776514905.4969218,0.7595136283200203,-0.22828626123321366,0.7903343792351039,-0.0022668995553030875,0.7162774801254272,2.2478804934035836,2.178843070019207,1.1683269739151,0.7162774801254272,1.3342806100845337,-0.06809709443794826,-0.031242090932772193,1.7848713138052241
1776514905.5471814,0.7583369850888734,-0.24129785489248157,0.7740917467404609,-0.3288634711306121,0.7122897505760193,2.2182113249251185,2.1609733243647753,1.1887675523757935,0.7122897505760193,1.3264473676681519,-0.06418476105506729,-0.026779738255758634,1.7697394933691382
1776514905.596962,0.7583369850888734,-0.24129785489248157,0.7763271135025107,-0.08265168489640648,0.7122897505760193,2.2182113249251185,2.1609733243647753,1.1887675523757935,0.7122897505760193,1.3264473676681519,-0.06418476105506729,-0.026779738255758634,1.7697394933691382
1776514905.646398,0.7812680979255993,-0.13548702589437003,0.7763271135025107,-0.10756696022056696,0.7122897505760193,2.2182113249251185,2.1609733243647753,1.1887675523757935,0.7122897505760193,1.3264473676681519,-0.056017826977396434,-0.017270703845314372,1.7385844801122414
1776514905.708499,0.7812680979255993,-0.13548702589437003,0.7810477105250082,-0.022327531194753752,0.723608136177063,2.185802277870249,2.1373327842018464,1.217610478401184,0.723608136177063,1.3277913331985474,-0.056017826977396434,-0.017270703845314372,1.7385844801122414
1776514905.754722,0.7731274757207403,-0.060314920532782874,0.7810477105250082,-0.08086975297111047,0.723608136177063,2.185802277870249,2.1373327842018464,1.217610478401184,0.723608136177063,1.3277913331985474,-0.05511851192682454,-0.016179635434795614,1.7231225388824176
1776514905.7990744,0.7746205472207934,-0.1172031044559688,0.7815798370726975,-0.07092421154003797,0.723608136177063,2.185802277870249,2.1373327842018464,1.217610478401184,0.723608136177063,1.3277913331985474,-0.053739409248343584,-0.014489754028585544,1.7076500869482085
1776514905.8559868,0.7698628348208629,-0.1491123056169193,0.7824005377414135,-0.06253593700244868,0.7283688187599182,2.1612968118956086,2.119101936529155,1.2487314939498901,0.7283688187599182,1.3212919235229492,-0.053029724271065726,-0.036027443454753616,1.692243435185473
1776514905.896958,0.7673493035146643,-0.1690502332406002,0.7765488253163605,-0.17891552340095335,0.7283688187599182,2.1612968118956086,2.119101936529155,1.2487314939498901,0.7283688187599182,1.3212919235229492,-0.05041892296490519,-0.03307640551227076,1.6769082011903682
1776514905.9474845,0.7661101215277574,-0.1773794466838483,0.7780330378694081,-0.07944636539403699,0.7321146726608276,2.1322754918701885,2.0953450287514843,1.2547767162322998,0.7321146726608276,1.3163366317749023,-0.04762185996134463,-0.0298591875807106,1.6616035069433852
1776514905.997117,0.7612790652661339,-0.21582081656075605,0.7814503262684669,-0.03648628967235378,0.7321146726608276,2.1322754918701885,2.0953450287514843,1.2547767162322998,0.7321146726608276,1.3163366317749023,-0.0413299842925578,-0.02241876135915044,1.6310383580283563
1776514906.057139,0.758775913335234,-0.2679090961365049,0.7833075907777134,-0.04360395422794391,0.7452141046524048,2.113135656805418,2.0791331662823227,1.2960445880889893,0.7452141046524048,1.3098291158676147,-0.037608315245091284,-0.017900469447505785,1.615842219127796
1776514906.0970888,0.7594742471123505,-0.31074567866370983,0.7855105731129354,-0.02942481740025037,0.7452141046524048,2.113135656805418,2.0791331662823227,1.2960445880889893,0.7452141046524048,1.3098291158676147,-0.03321122264311352,-0.012467301469297087,1.60065954742643
1776514906.149051,0.7678448587766012,-0.20981060279999142,0.7881399274825323,-0.008254499346383011,0.7452141046524048,2.113135656805418,2.0791331662823227,1.2960445880889893,0.7452141046524048,1.3098291158676147,-0.029463452948318675,-0.006909343583056504,1.5855269444921816
1776514906.1991367,0.7903604778412573,0.021546890028125334,0.7906405936537679,0.00387053258780436,0.7523661255836487,2.1139422654002824,2.0715390412722035,1.3224701881408691,0.7523661255836487,1.294634461402893,-0.02889109513474547,-0.0062510884730437866,1.5698176863636433
1776514906.248957,0.7862017411605954,-0.03146211385336614,0.7909691392535919,-0.020656062930501543,0.7523661255836487,2.1139422654002824,2.0715390412722035,1.3224701881408691,0.7523661255836487,1.294634461402893,-0.029042330933984034,-0.006415158384981634,1.5540431166684336
1776514906.297821,0.7862017411605954,-0.03146211385336614,0.7908850882568412,-0.026996829089061675,0.7523661255836487,2.1139422654002824,2.0715390412722035,1.3224701881408691,0.7523661255836487,1.294634461402893,-0.029042330933984034,-0.006415158384981634,1.5540431166684336
1776514906.352562,0.7788369686511455,-0.11630019720402168,0.7915235130191525,-0.014196622544483199,0.7614648938179016,2.1131071420756893,2.0650371114036417,1.3378721475601196,0.7614648938179016,1.2882474660873413,-0.027946169888207,-0.00512161488935492,1.5383982239433764
1776514906.3972585,0.7686808942305107,-0.19645405124249526,0.7915235130191525,-0.02234610965861342,0.7614648938179016,2.1131071420756893,2.0650371114036417,1.3378721475601196,0.7614648938179016,1.2882474660873413,-0.025565702218910386,-0.0022566652807718413,1.5229171820411294
1776514906.4469635,0.7698130052525906,-0.22538822552983676,0.7929255767622185,0.0036846749497811554,0.7614648938179016,2.1131071420756893,2.0650371114036417,1.3378721475601196,0.7614648938179016,1.2882474660873413,-0.02198650856470749,0.0021257352109298466,1.5075885155502562
1776514906.49706,0.7835448533134817,-0.14006555750818916,0.7950546057007541,0.02561869459145837,0.7635450959205627,2.1135844874999568,2.0578862965941553,1.3786786794662476,0.7635450959205627,1.2893576622009277,-0.01860342917624047,0.005632598772674413,1.4920954889066314
1776514906.5470603,0.8071854970422154,-0.06814274028500636,0.7968890635039363,0.031413884412950774,0.7635450959205627,2.1135844874999568,2.0578862965941553,1.3786786794662476,0.7635450959205627,1.2893576622009277,-0.01740075931866053,0.006996690769491387,1.47608238599693
1776514906.599951,0.8082381160343585,-0.06740600963456095,0.7975740820671552,0.020813142829715664,0.7733752131462097,2.113043515964529,2.0498475784687966,1.3809971809387207,0.7733752131462097,1.2674856185913086,-0.01644071044309975,0.008107865901669342,1.4599336836719716
1776514906.6500735,0.8148167655591835,-0.12292372437137249,0.7981271434208064,0.022271165386179834,0.7733752131462097,2.113043515964529,2.0498475784687966,1.3809971809387207,0.7733752131462097,1.2674856185913086,-0.014997702133975527,0.009799844445635308,1.4437335285122301
1776514906.6969576,0.796492594787445,0.02194922723792578,0.7989645355070161,0.03113463412525399,0.7733752131462097,2.113043515964529,2.0498475784687966,1.3809971809387207,0.7733752131462097,1.2674856185913086,-0.014141209714366304,0.010813227072944187,1.427622141318152
1776514906.7529678,0.7974248502751778,0.020213120046081716,0.7994641187324041,0.029293407590901398,0.7755517959594727,2.1109083776778363,2.03869887105719,1.4161584377288818,0.7755517959594727,1.2646490335464478,-0.014821601993666333,0.009994180804305586,1.4117058086731402
1776514906.7990751,0.7974248502751778,0.020213120046081716,0.7990633269228017,0.015671030311349313,0.7755517959594727,2.1109083776778363,2.03869887105719,1.4161584377288818,0.7755517959594727,1.2646490335464478,-0.014821601993666333,0.009994180804305586,1.4117058086731402
1776514906.8532503,0.7959853147625067,-0.007943125287583133,0.7990633269228017,0.020575020377404912,0.7755517959594727,2.1109083776778363,2.03869887105719,1.4161584377288818,0.7755517959594727,1.2646490335464478,-0.014037527627498242,0.009756110235771498,1.3957633563731553
1776514906.897917,0.7788969403905665,-0.19000389502097986,0.7995383926085635,0.029668818933445782,0.7827252149581909,2.111429880935764,2.030886403189824,1.426567792892456,0.7827252149581909,1.2680304050445557,-0.011225579554216492,0.013000024881625105,1.3642591270350215
1776514906.9545755,0.7761719147321815,-0.22181950063669184,0.7991888390808075,0.04598943546842588,0.7827252149581909,2.111429880935764,2.030886403189824,1.426567792892456,0.7827252149581909,1.2680304050445557,-0.007797649890001229,0.0169981707025042,1.3487368063225815
1776514906.998139,0.7893789218670126,-0.1476814775631286,0.7972055199755792,0.06826976795693758,0.7999134659767151,2.1112536422418953,2.0228101666914178,1.4412342309951782,0.7999134659767151,1.2569411993026733,-0.004927013814298359,0.020397289031904187,1.3331200942039565
1776514907.0479605,0.8146153688416372,-0.07985884462804482,0.79553036655227,0.07425751707419953,0.7999134659767151,2.1112536422418953,2.0228101666914178,1.4412342309951782,0.7999134659767151,1.2569411993026733,-0.0036652273721690387,0.021927645807583218,1.3169873742055234
1776514907.0974762,0.8152726234358364,-0.10328171736648052,0.7947838964716634,0.06513733589028517,0.8055824041366577,2.1111970847674146,2.0142281401299424,1.4824491739273071,0.8055824041366577,1.2449901103973389,-0.002425419432746906,0.023465396995768106,1.3007186116939387
1776514907.1526651,0.8162909266368131,-0.17210611270078313,0.7940408945382371,0.06996475643935461,0.8055824041366577,2.1111970847674146,2.0142281401299424,1.4824491739273071,0.8055824041366577,1.2449901103973389,0.001842767432269632,0.025611782095968927,1.2843983008658768
1776514907.1988983,0.7929622945824204,0.0528544536295582,0.7923643236201968,0.09040962825113481,0.8055824041366577,2.1111970847674146,2.0142281401299424,1.4824491739273071,0.8055824041366577,1.2449901103973389,0.002456649833116248,0.02629946343718359,1.2683271090285544
1776514907.2470646,0.7900770904346466,0.04616833193070213,0.7920170744796433,0.07636108472076394,0.8039510846138,2.1115328046483754,2.01078682549673,1.4949613809585571,0.8039510846138,1.2419120073318481,0.0010000360610320225,0.024625431345212334,1.252559447550295
1776514907.297254,0.7866107008496579,0.012581544154507174,0.7928528701359605,0.05653455845365318,0.8039510846138,2.1115328046483754,2.01078682549673,1.4949613809585571,0.8039510846138,1.2419120073318481,0.00025953495421759953,0.023750401253670894,1.2367861900374604
1776514907.348663,0.778572735129859,-0.07594900217847446,0.7932844848405094,0.058856568048777855,0.8194794654846191,2.1094057864331184,2.001585690883458,1.4999407529830933,0.8194794654846191,1.228595495223999,0.0006889126785135369,0.024266919738494597,1.2211287254925562
1776514907.3969471,0.7757906796494474,-0.10323044349010886,0.7930316564782361,0.0692411121965833,0.8194794654846191,2.1094057864331184,2.001585690883458,1.4999407529830933,0.8194794654846191,1.228595495223999,0.002095842743982168,0.025993138872376864,1.2056116008279865
1776514907.4491532,0.7813674752092566,-0.06367970763817915,0.7921937687442511,0.0821793110716704,0.8194794654846191,2.1094057864331184,2.001585690883458,1.4999407529830933,0.8194794654846191,1.228595495223999,0.005972972898919876,0.027411272375221785,1.1900519687642732
1776514907.498742,0.7982542536562582,0.007137434142586856,0.7908196545644102,0.09676933184752426,0.8222127556800842,2.1081237590610704,1.9920914744829068,1.4904155731201172,0.8222127556800842,1.2226301431655884,0.006048781875951648,0.027492345267951634,1.1742674420096135
1776514907.5511475,0.7977103421994098,0.005955540451473102,0.7907778502922338,0.07971789613029512,0.8222127556800842,2.1081237590610704,1.9920914744829068,1.4904155731201172,0.8222127556800842,1.2226301431655884,0.005704916870265919,0.02710359343542912,1.1583268691654869
1776514907.5981016,0.7993000431157691,-0.016581159872514874,0.7909733547867729,0.0755267548582344,0.8289910554885864,2.106581497037995,1.9834606242566324,1.4860732555389404,0.8289910554885864,1.2130296230316162,0.005562311155427796,0.02693942000092653,1.1423918807103801
1776514907.650074,0.804856636573956,-0.0528361001251529,0.7910552599885728,0.07670237904811,0.8289910554885864,2.106581497037995,1.9834606242566324,1.4860732555389404,0.8289910554885864,1.2130296230316162,0.005872586275319613,0.027313228893768304,1.1263774387490646
1776514907.6971085,0.7896849450294933,0.05474255536069344,0.7908724041683644,0.08102355977577141,0.8289910554885864,2.106581497037995,1.9834606242566324,1.4860732555389404,0.8289910554885864,1.2130296230316162,0.005822182437602491,0.027247357380236537,1.1104587745866572
1776514907.7480097,0.7896849450294933,0.05474255536069344,0.7909035499592579,0.07829679609311903,0.8388285636901855,2.10467831394829,1.9752554183296154,1.4765712022781372,0.8388285636901855,1.2026273012161255,0.005822182437602491,0.027247357380236537,1.1104587745866572
1776514907.799928,0.789149267962825,0.05337201421286299,0.7909035499592579,0.07881150179186311,0.8388285636901855,2.10467831394829,1.9752554183296154,1.4765712022781372,0.8388285636901855,1.2026273012161255,0.007360956780415151,0.025948573796729324,1.094697641119955
1776514907.849296,0.7847644760878538,0.016826595887479576,0.7908794382282512,0.0793274877553086,0.8388285636901855,2.10467831394829,1.9752554183296154,1.4765712022781372,0.8388285636901855,1.2026273012161255,0.006570267466169344,0.025062411339347168,1.0789668547387983
1776514907.8970828,0.7764366640005798,-0.06577289881733869,0.7913268174235082,0.07110237104268224,0.8388285636901855,2.10467831394829,1.9752554183296154,1.4765712022781372,0.8388285636901855,1.2026273012161255,0.004215571899728654,0.025381851860065474,1.0536939255767879
1776514907.9511209,0.7764366640005798,-0.06577289881733869,0.79183075736045,0.06685138459022001,0.8496053218841553,2.1056055500483093,1.974381512465363,1.4711095094680786,0.8496053218841553,1.197182059288025,0.004215571899728654,0.025381851860065474,1.0536939255767879
1776514907.9972298,0.7693928852881866,-0.13354602945005264,0.79183075736045,0.07375843286227235,0.8496053218841553,2.1056055500483093,1.974381512465363,1.4711095094680786,0.8496053218841553,1.197182059288025,0.005829011577464682,0.027286628598414353,1.0382639952355435
1776514908.0469356,0.7778465819656992,-0.08826742330939324,0.7908908330749229,0.09155834850771363,0.8496053218841553,2.1056055500483093,1.974381512465363,1.4711095094680786,0.8496053218841553,1.197182059288025,0.007487181983577312,0.029276110134956124,1.0227897884094985
1776514908.0989656,0.7778465819656992,-0.08826742330939324,0.7899159193023508,0.09700237205896264,0.8496053218841553,2.1056055500483093,1.974381512465363,1.4711095094680786,0.8496053218841553,1.197182059288025,0.007487181983577312,0.029276110134956124,1.0227897884094985
1776514908.1479297,0.7967595377689125,0.013842463470073571,0.7899159193023508,0.0849197247321498,0.8599944114685059,2.104982071569074,1.9664350353996545,1.4555097818374634,0.8599944114685059,1.1982253789901733,0.0075931927263956644,0.029397538732234274,1.0070624020339958
1776514908.1989357,0.7967595377689125,0.013842463470073571,0.7898552045879228,0.08605689795855621,0.8599944114685059,2.104982071569074,1.9664350353996545,1.4555097818374634,0.8599944114685059,1.1982253789901733,0.0075931927263956644,0.029397538732234274,1.0070624020339958
1776514908.2470994,0.7942712382088097,0.018572888953070524,0.7893837413176522,0.09587614638275753,0.8599944114685059,2.104982071569074,1.9664350353996545,1.4555097818374634,0.8599944114685059,1.1982253789901733,0.01005031691855629,0.028869924353112975,0.9911594841211262
1776514908.2969553,0.7947985056109687,0.013277026479808846,0.7893837413176522,0.08817256264241136,0.8677512407302856,2.100459888508538,1.9573259516317607,1.447251319885254,0.8677512407302856,1.189646601676941,0.00942769918789943,0.028169832300700914,0.975302891728324
1776514908.3473554,0.8009672750120237,-0.03235038691718957,0.7897366667604531,0.08161801072039981,0.8677512407302856,2.100459888508538,1.9573259516317607,1.447251319885254,0.8677512407302856,1.189646601676941,0.00933844140002385,0.028069432720584597,0.9593663498919938
1776514908.3973353,0.7886387181738379,0.05421619124168722,0.7897872716054304,0.08537696402493675,0.8677512407302856,2.100459888508538,1.9573259516317607,1.447251319885254,0.8677512407302856,1.189646601676941,0.009182679943541217,0.027884162327363793,0.9434813083639676
1776514908.4470353,0.7872413151136749,0.05076294092207831,0.7898783992025659,0.08443978961864484,0.8698484897613525,2.0988509600963114,1.9477218755593944,1.4392075538635254,0.8698484897613525,1.1723545789718628,0.008049286051182214,0.026544288684910988,0.9277503391940258
1776514908.499934,0.7859435730225741,0.04753251071281071,0.790539179083327,0.07312066197185384,0.8698484897613525,2.0988509600963114,1.9477218755593944,1.4392075538635254,0.8698484897613525,1.1723545789718628,0.007034905500953981,0.025310503643724225,0.9120177080046302
1776514908.547811,0.7806483515799063,-0.020158195899295423,0.7911402627935169,0.07085714874379746,0.8733657598495483,2.097533297307176,1.9452970728001993,1.4297114610671997,0.8733657598495483,1.1725026369094849,0.00936575924909816,0.02513331537338237,0.8963552700236761
1776514908.5975811,0.7788275153228735,-0.04195638132930408,0.7906025003646802,0.08865010135560623,0.8733657598495483,2.097533297307176,1.9452970728001993,1.4297114610671997,0.8733657598495483,1.1725026369094849,0.009816018621878614,0.025641294063598163,0.880757498970808
1776514908.6470554,0.7758376006543145,-0.05062568235065792,0.7903468009694792,0.08657340602134464,0.8932775259017944,2.0949569466376503,1.9330632759861257,1.4289132356643677,0.8932775259017944,1.1634987592697144,0.010485730969238521,0.02641385190235246,0.8652333729921654
1776514908.6969607,0.778883490349373,-0.02907412207360939,0.7899617172630933,0.09026115966999386,0.8932775259017944,2.0949569466376503,1.9330632759861257,1.4289132356643677,0.8932775259017944,1.1634987592697144,0.01100674511921837,0.027025765382165723,0.8496802670771916
1776514908.7489598,0.7813115704070551,-0.01024467513428583,0.7895669076735399,0.092959131485392,0.8932775259017944,2.0949569466376503,1.9330632759861257,1.4289132356643677,0.8932775259017944,1.1634987592697144,0.011164611026298538,0.027212894099403417,0.8340734848607763
1776514908.7969987,0.7840736624240965,0.014443287643705172,0.7895669076735399,0.08783556026973599,0.8851071000099182,2.092329223270663,1.9258576651941381,1.405833125114441,0.8851071000099182,1.1598565578460693,0.010971829775354214,0.02697625199481246,0.8184292845156288
1776514908.8510768,0.7978319063197353,-0.0017080065670566082,0.7896817483380634,0.08568445169699972,0.8851071000099182,2.092329223270663,1.9258576651941381,1.405833125114441,0.8851071000099182,1.1598565578460693,0.010488040795878506,0.026372224021536717,0.8026007543353548
1776514908.8999429,0.7978319063197353,-0.0017080065670566082,0.7899727909934083,0.08225542432704976,0.8851071000099182,2.092329223270663,1.9258576651941381,1.405833125114441,0.8851071000099182,1.1598565578460693,0.010488040795878506,0.026372224021536717,0.8026007543353548
1776514908.947318,0.787229298937913,0.06879395832546857,0.7899727909934083,0.08572821761313548,0.8851071000099182,2.092329223270663,1.9258576651941381,1.405833125114441,0.8851071000099182,1.1598565578460693,0.01002144586900941,0.02578071202275245,0.7867697089282508
1776514908.9993865,0.787229298937913,0.06879395832546857,0.7902559962746389,0.08060706827829338,0.8983785510063171,2.091880768399675,1.9233310158841759,1.402850866317749,0.8983785510063171,1.149613857269287,0.01002144586900941,0.02578071202275245,0.7867697089282508
1776514909.0471342,0.78650323373791,0.03744866629680051,0.7908322297147563,0.0735481399503366,0.8983785510063171,2.091880768399675,1.9233310158841759,1.402850866317749,0.8983785510063171,1.149613857269287,0.009074839249030742,0.024574681408885635,0.7710319897729704
1776514909.1029787,0.783505286980399,0.004898502305828298,0.7908322297147563,0.08102339488104693,0.8983785510063171,2.091880768399675,1.9233310158841759,1.402850866317749,0.8983785510063171,1.149613857269287,0.008455637592652832,0.02377292594290381,0.7553158778217849
1776514909.1503568,0.7816151539912102,-0.015040104872993744,0.7912437596032658,0.07294355553916289,0.9134236574172974,2.0883706339964925,1.9142228180517222,1.3915404081344604,0.9134236574172974,1.1259198188781738,0.008409221745721451,0.02370398756004466,0.739655663344065
1776514909.1986725,0.7823551836659549,-0.013574992540729401,0.7912437596032658,0.07879282573269002,0.9134236574172974,2.0883706339964925,1.9142228180517222,1.3915404081344604,0.9134236574172974,1.1259198188781738,0.008602830431751918,0.02397276027894568,0.7083852951593915
1776514909.2478173,0.7823551836659549,-0.013574992540729401,0.7911197138530938,0.08114634200054303,0.921329140663147,2.0870154906929255,1.9077788438771284,1.3782293796539307,0.921329140663147,1.12736976146698,0.008602830431751918,0.02397276027894568,0.7083852951593915
1776514909.296681,0.7813922250905463,-0.01882121790259745,0.7910416649916181,0.08110088430428451,0.921329140663147,2.0870154906929255,1.9077788438771284,1.3782293796539307,0.921329140663147,1.12736976146698,0.008905325741490666,0.024414681937513283,0.677135383599844
1776514909.3490894,0.788618139120321,0.012417931215926487,0.7909197469706406,0.08224665779561621,0.921329140663147,2.0870154906929255,1.9077788438771284,1.3782293796539307,0.921329140663147,1.12736976146698,0.008883167564559397,0.024374989833392924,0.661473099289546
1776514909.3979518,0.7982824920618254,-0.0053100700371228665,0.790936444620381,0.08058548668418256,0.9272333383560181,2.084446000788192,1.9005212086278498,1.3754281997680664,0.9272333383560181,1.1200690269470215,0.008544752059038957,0.02385737053515591,0.645579430271822
1776514909.4531822,0.7883917753941232,0.060688805864558056,0.7911666587312786,0.07645926109336364,0.9272333383560181,2.084446000788192,1.9005212086278498,1.3754281997680664,0.9272333383560181,1.1200690269470215,0.008286112875673463,0.02344555752238442,0.6297136880314234
1776514909.5045903,0.7877577899294311,0.03302246606362977,0.7913471434490627,0.07623795845901273,0.9281800389289856,2.080286562718472,1.8911222746963297,1.365614652633667,0.9281800389289856,1.1185431480407715,0.00747369588309954,0.022154616112428194,0.6139373425275332
1776514909.5469606,0.7762090344163373,-0.06945693019377389,0.7919133361259791,0.06794147128749584,0.9281800389289856,2.080286562718472,1.8911222746963297,1.365614652633667,0.9281800389289856,1.1185431480407715,0.007520393478251564,0.022231810568899224,0.5982930938288444
1776514909.5971565,0.7697419833028185,-0.12928045155041815,0.7918799538841889,0.07608291650968818,0.9356566667556763,2.080364250673617,1.8878439995975007,1.3526043891906738,0.9356566667556763,1.1128978729248047,0.008666945842547125,0.02417462501252876,0.5828594082883138
1776514909.6481214,0.7678936056643964,-0.1566924586350474,0.79104703464417,0.0910998827167223,0.9356566667556763,2.080364250673617,1.8878439995975007,1.3526043891906738,0.9356566667556763,1.1128978729248047,0.01019060117629117,0.02682518950436874,0.5675054640371392
1776514909.696856,0.7777390463431009,-0.07342028645868102,0.7899209154423514,0.10114464375756872,0.9356566667556763,2.080364250673617,1.8878439995975007,1.3526043891906738,0.9356566667556763,1.1128978729248047,0.011390339049359016,0.02895441991349168,0.5520850750132161
1776514909.7472022,0.7777390463431009,-0.07342028645868102,0.7890223969837838,0.10316261810631203,0.9356566667556763,2.080364250673617,1.8878439995975007,1.3526043891906738,0.9356566667556763,1.1128978729248047,0.011390339049359016,0.02895441991349168,0.5520850750132161
1776514909.797204,0.7993112175147822,-0.0037084814587188025,0.7890223969837838,0.09227710660060616,0.9448559284210205,2.0781880801304085,1.880828997841103,1.3398675918579102,0.9448559284210205,1.0969499349594116,0.011469910086315899,0.02910588693602456,0.5362271986099493
1776514909.8503401,0.7920820098699742,0.03326063266033346,0.7889599343161615,0.09351626413187095,0.9448559284210205,2.0781880801304085,1.880828997841103,1.3398675918579102,0.9448559284210205,1.0969499349594116,0.011225230236374437,0.028639747320381215,0.5203418909452361
1776514909.896958,0.7926744035085865,0.02778305001771636,0.7891521127307269,0.08916654174306544,0.9448559284210205,2.0781880801304085,1.880828997841103,1.3398675918579102,0.9448559284210205,1.0969499349594116,0.010718401090660357,0.02766107826173725,0.5045264847454349
1776514909.9472117,0.7926744035085865,0.02778305001771636,0.7895538610118672,0.08451692083534293,0.957725465297699,2.074659353985376,1.87090841480783,1.3380388021469116,0.957725465297699,1.0969066619873047,0.010718401090660357,0.02766107826173725,0.5045264847454349
1776514910.001988,0.7984568766008653,-0.018767104263048038,0.7895538610118672,0.08954851669315643,0.957725465297699,2.074659353985376,1.87090841480783,1.3380388021469116,0.957725465297699,1.0969066619873047,0.010520066046605103,0.027269776973405158,0.4886352481109228
1776514910.047284,0.7872478776645315,0.061193541134532445,0.7897134058037021,0.08654467578723851,0.957725465297699,2.074659353985376,1.87090841480783,1.3380388021469116,0.957725465297699,1.0969066619873047,0.010399131338622025,0.027008531377974432,0.4727683397272355
1776514910.097177,0.7865231216052267,0.06629398884678404,0.7898170301168345,0.08688736506217504,0.959723949432373,2.0703317400595305,1.8612040271255301,1.3105170726776123,0.959723949432373,1.0864702463150024,0.009594473965865838,0.025292795911878052,0.45703698400500675
1776514910.1466959,0.7865231216052267,0.06629398884678404,0.790500209705276,0.07541017813563289,0.959723949432373,2.0703317400595305,1.8612040271255301,1.3105170726776123,0.959723949432373,1.0864702463150024,0.009594473965865838,0.025292795911878052,0.45703698400500675
1776514910.1971138,0.7740912753263304,-0.07150092287088168,0.7906876119621983,0.0813963718714627,0.959723949432373,2.0703317400595305,1.8612040271255301,1.3105170726776123,0.959723949432373,1.0864702463150024,0.00978187812227932,0.02576480965404171,0.4258667044320582
1776514910.2599382,0.7730799582109446,-0.0946202111190378,0.790320820010054,0.09146843430591985,0.9784243702888489,2.0681838209049004,1.8552634418577894,1.3145190477371216,0.9784243702888489,1.0833120346069336,0.010388977485745493,0.02721608362958028,0.410406463551534
1776514910.2993624,0.7828095907277273,-0.04662302194159624,0.7897614742573097,0.09531916336137844,0.9784243702888489,2.0681838209049004,1.8552634418577894,1.3145190477371216,0.9784243702888489,1.0833120346069336,0.01099087810483415,0.02868773397910296,0.39490624931130247
1776514910.3469694,0.7828095907277273,-0.04662302194159624,0.789197733203433,0.10029174647395388,0.9784243702888489,2.0681838209049004,1.8552634418577894,1.3145190477371216,0.9784243702888489,1.0833120346069336,0.01099087810483415,0.02868773397910296,0.39490624931130247
1776514910.3970842,0.7981834364430451,0.002301610002024362,0.789197733203433,0.09216662814770867,0.9840589761734009,2.0668637284407674,1.8525839409995486,1.3073190450668335,0.9840589761734009,1.0747531652450562,0.010939620755420196,0.028573912863171458,0.37901262362299004
1776514910.4544322,0.7942733637113726,0.02468123677687178,0.7892425199679461,0.09130121511814224,0.9840589761734009,2.0668637284407674,1.8525839409995486,1.3073190450668335,0.9840589761734009,1.0747531652450562,0.010753295053268247,0.02807026662290779,0.36314607854103365
1776514910.5000727,0.793468139407123,0.0350775114871103,0.7894304949921622,0.08867777528933911,0.9840589761734009,2.0668637284407674,1.8525839409995486,1.3073190450668335,0.9840589761734009,1.0747531652450562,0.010502266562233534,0.027368254059184416,0.34730101545232456
1776514910.547058,0.7979589189086358,-0.010693833182385794,0.0,0.0,0.9804415106773376,2.062929534724639,1.8429704138432739,1.3017786741256714,0.9804415106773376,1.0614988803863525,0.010343368498271763,0.026909455965996365,0.3314188148193468
1776514910.6003125,0.7879090733880242,0.038982306016757055,0.0,0.0,0.9804415106773376,2.062929534724639,1.8429704138432739,1.3017786741256714,0.9804415106773376,1.0614988803863525,0.010302730036754248,0.026780169999855552,0.31553943770231996
1776514910.6470754,0.7620150347691499,0.03953409446455624,0.0,0.0,1.0016138553619385,2.05994180206013,1.8343832610532143,1.2782621383666992,1.0016138553619385,1.0583488941192627,0.009925946061785568,0.025590768253002327,0.3001882210210855
1776514910.702746,0.7259393023852686,-0.035209343019959906,0.0,0.0,1.0016138553619385,2.05994180206013,1.8343832610532143,1.2782621383666992,1.0016138553619385,1.0583488941192627,0.009831968939807548,0.025286917440346723,0.2854485650988471
1776514910.750952,0.7136661563533516,-0.08943624362719874,0.0,0.0,1.0016138553619385,2.05994180206013,1.8343832610532143,1.2782621383666992,1.0016138553619385,1.0583488941192627,0.010137203232080706,0.02637242970836917,0.27115195221952637
1776514910.797213,0.6976206867075412,-0.06397919359727734,0.0,0.0,0.9940404891967773,2.057705316468591,1.829876986229899,1.2800782918930054,0.9940404891967773,1.0465681552886963,0.010494271432677948,0.027719802115517833,0.25719669197498385
1776514910.8649461,0.6767915563392786,-0.058114405641292895,0.0,0.0,0.9940404891967773,2.057705316468591,1.829876986229899,1.2800782918930054,0.9940404891967773,1.0465681552886963,0.010770621683495421,0.028833977813073286,0.2436347248933272
1776514910.8973753,0.6573949203222031,-0.05547252506407594,0.0,0.0,1.00544011592865,2.055098017203819,1.821706518476772,1.2706927061080933,1.00544011592865,1.043057918548584,0.011019745165545922,0.029900317904290485,0.23046979414640684
1776514910.9481254,0.6573949203222031,-0.05547252506407594,0.0,0.0,1.00544011592865,2.055098017203819,1.821706518476772,1.2706927061080933,1.00544011592865,1.043057918548584,0.011019745165545922,0.029900317904290485,0.23046979414640684
1776514910.9989588,0.6374102442834971,-0.04988413674787099,0.0,0.0,1.00544011592865,2.055098017203819,1.821706518476772,1.2706927061080933,1.00544011592865,1.043057918548584,0.01125614016905132,0.03096852974666575,0.2177003877049018
1776514911.0469427,0.6175623000695857,-0.052476415019506575,0.0,0.0,1.00544011592865,2.055098017203819,1.821706518476772,1.2706927061080933,1.00544011592865,1.043057918548584,0.011486581298840247,0.032065290902864696,0.20531727988500648
1776514911.0970056,0.6175623000695857,-0.052476415019506575,0.0,0.0,1.0132503509521484,2.053774260680616,1.8204297999881993,1.2623295783996582,1.0132503509521484,1.033602237701416,0.011486581298840247,0.032065290902864696,0.20531727988500648
1776514911.14895,0.5981479852110221,-0.06072427297888006,0.0,0.0,1.0132503509521484,2.053774260680616,1.8204297999881993,1.2623295783996582,1.0132503509521484,1.033602237701416,0.011721941392953732,0.033244676551255736,0.19329869703372388
1776514911.1969388,0.5797821516795033,-0.06995065119801676,0.0,0.0,1.0132503509521484,2.053774260680616,1.8204297999881993,1.2623295783996582,1.0132503509521484,1.033602237701416,0.011998092630028039,0.034725956831789695,0.18160520412429793
1776514911.2469761,0.5797821516795033,-0.06995065119801676,0.0,0.0,1.0132503509521484,2.053774260680616,1.8204297999881993,1.2623295783996582,1.0132503509521484,1.033602237701416,0.011998092630028039,0.034725956831789695,0.18160520412429793
1776514911.2979467,0.5716092806240908,-0.11520900508954772,0.0,0.0,1.0238975286483765,2.052489640203259,1.8146393206175433,1.2425334453582764,1.0238975286483765,1.0243171453475952,0.012312956524618723,0.0365816998051689,0.17012052477373527
1776514911.3470886,0.5340211058273617,-0.03476384513440182,0.0,0.0,1.0238975286483765,2.052489640203259,1.8146393206175433,1.2425334453582764,1.0238975286483765,1.0243171453475952,0.012539459869036578,0.03798744842586643,0.15916318356882173
1776514911.39796,0.5173039022218603,0.01883113900235474,0.0,0.0,1.0238975286483765,2.052489640203259,1.8146393206175433,1.2425334453582764,1.0238975286483765,1.0243171453475952,0.012553726829865358,0.038100228311814366,0.1487649150700439
1776514911.4468553,0.5050550810638984,0.023594040195424736,0.0,0.0,1.0095223188400269,2.0483625072996228,1.8059637683975105,1.2409729957580566,1.0234615802764893,1.0095223188400269,0.012481417025187742,0.037604164743975765,0.13865510009860293
1776514911.496934,0.5050550810638984,0.023594040195424736,0.0,0.0,1.0095223188400269,2.0483625072996228,1.8059637683975105,1.2409729957580566,1.0234615802764893,1.0095223188400269,0.012481417025187742,0.037604164743975765,0.13865510009860293
1776514911.5479712,0.46556355932640303,0.04134031952228218,0.0,0.0,1.0095223188400269,2.0483625072996228,1.8059637683975105,1.2409729957580566,1.0234615802764893,1.0095223188400269,0.012424154689785805,0.03723281626944752,0.12910403586047292
1776514911.5974343,0.43593790347460265,0.10854026535626567,0.0,0.0,1.0095223188400269,2.0483625072996228,1.8059637683975105,1.2409729957580566,1.0234615802764893,1.0095223188400269,0.012246162426211155,0.035736341866103416,0.12019534238181813
1776514911.6480465,0.43593790347460265,0.10854026535626567,0.0,0.0,1.0235261917114258,2.047717715831513,1.8054364001601764,1.2317074537277222,1.027073860168457,1.0235261917114258,0.012246162426211155,0.035736341866103416,0.12019534238181813
1776514911.6969702,0.42725247293195384,0.0678097410004707,0.0,0.0,1.0235261917114258,2.047717715831513,1.8054364001601764,1.2317074537277222,1.027073860168457,1.0235261917114258,0.012004283597280226,0.034015440776050454,0.1116471483146979
1776514911.7521725,0.4245968708985584,0.07455355468847522,0.0,0.0,1.0235261917114258,2.047717715831513,1.8054364001601764,1.2317074537277222,1.027073860168457,1.0235261917114258,0.011777257543220076,0.03278526308240881,0.10324077585304509
1776514911.8014135,0.4245968708985584,0.07455355468847522,0.0,0.0,1.0070347785949707,2.045837578566178,1.802255446863652,1.2306710481643677,1.035144567489624,1.0070347785949707,0.011777257543220076,0.03278526308240881,0.10324077585304509
1776514911.849845,0.40072984947403123,0.07266312406948869,0.0,0.0,1.0070347785949707,2.045837578566178,1.802255446863652,1.2306710481643677,1.035144567489624,1.0070347785949707,0.011576696581792743,0.03128535815962774,0.09508537910595583
1776514911.9009442,0.37365945134452916,0.07296687969137598,0.0,0.0,1.0070347785949707,2.045837578566178,1.802255446863652,1.2306710481643677,1.035144567489624,1.0070347785949707,0.01137416610878624,0.029782119822760578,0.08741637586016708
1776514911.9495866,0.34209255525278015,0.051916334278821266,0.0,0.0,1.0190223455429077,2.0439525441258843,1.8005691588844654,1.2439453601837158,1.030295491218567,1.0190223455429077,0.011141600083946468,0.028629537439612385,0.08035297866633148
1776514911.997333,0.2870534210699847,0.07487603458266327,0.0,0.0,1.0190223455429077,2.0439525441258843,1.8005691588844654,1.2439453601837158,1.030295491218567,1.0190223455429077,0.010564626418735177,0.02614282066519724,0.06789024427213763
1776514912.0547383,0.2870534210699847,0.07487603458266327,0.0,0.0,1.0120365619659424,2.0410332453680966,1.7927222557168507,1.2290728092193604,1.0399258136749268,1.0120365619659424,0.010564626418735177,0.02614282066519724,0.06789024427213763
1776514912.0969703,0.2487319956911595,0.046225097021596176,0.0,0.0,1.0120365619659424,2.0410332453680966,1.7927222557168507,1.2290728092193604,1.0399258136749268,1.0120365619659424,0.010267076174819752,0.025035934579903607,0.06260253293278234
1776514912.146959,0.1978974437429,0.015032345305441232,0.0,0.0,1.0120365619659424,2.0410332453680966,1.7927222557168507,1.2290728092193604,1.0399258136749268,1.0120365619659424,0.009910380745040394,0.024690395956157296,0.058158523796751224
1776514912.196939,0.14368920959561243,-0.03455082446181769,0.0,0.0,1.0053948163986206,2.0400401502709826,1.7900489370512274,1.2273452281951904,1.0337544679641724,1.0053948163986206,0.009523708501800544,0.02508103637971093,0.054756103721560694
1776514912.247887,0.10825464534405561,0.11496931564077895,0.0,0.0,1.0053948163986206,2.0400401502709826,1.7900489370512274,1.2273452281951904,1.0337544679641724,1.0053948163986206,0.00933303002958983,0.022826539769537746,0.05232360171499246
1776514912.3023758,0.08580802104055364,-0.08206048536668177,0.0,0.0,1.0053948163986206,2.0400401502709826,1.7900489370512274,1.2273452281951904,1.0337544679641724,1.0053948163986206,0.00922786328572369,0.021569557185424415,0.050503520803089945
1776514912.3471313,0.048765169542698585,-0.061566389186446746,0.0,0.0,1.003636121749878,2.0404576017942615,1.7926680206847059,1.2330352067947388,1.0451527833938599,1.003636121749878,0.00914616328461904,0.02288618321034308,0.04917479706805049
1776514912.3969753,-0.002577365702923567,-0.022496805503583333,0.0,0.0,1.003636121749878,2.0404576017942615,1.7926680206847059,1.2330352067947388,1.0451527833938599,1.003636121749878,0.009071089525951459,0.023940641661559958,0.04898429474692123
1776514912.454355,-0.0014044091177696752,0.029048086166339037,0.0,0.0,1.003636121749878,2.0404576017942615,1.7926680206847059,1.2330352067947388,1.0451527833938599,1.003636121749878,0.009070129095654078,0.023872980043621705,0.048967453023568724
1776514912.4983644,-0.0014044091177696752,0.029048086166339037,0.0,0.0,0.9805716276168823,2.040973635650585,1.7946441485577669,1.2332260608673096,1.0416674613952637,0.9805716276168823,0.009070129095654078,0.023872980043621705,0.048967453023568724
1776514912.5491686,0.04144682647877386,0.21578903664438573,0.0,0.0,0.9805716276168823,2.040973635650585,1.7946441485577669,1.2332260608673096,1.0416674613952637,0.9805716276168823,0.009042603825284498,0.021259132983431517,0.048593810703009846
1776514912.6009488,0.06639012505244411,0.3101779012460683,0.0,0.0,0.9805716276168823,2.040973635650585,1.7946441485577669,1.2332260608673096,1.0416674613952637,0.9805716276168823,0.008728326553966858,0.015535779774915603,0.04741315880540807
1776514912.647357,0.021176127969917805,0.2891510696348574,0.0,0.0,1.0022541284561157,2.040255460333317,1.7947424746813967,1.2429355382919312,1.04095458984375,1.0022541284561157,0.00854842982739579,0.01009772270648801,0.046745417993410546
1776514912.7018592,0.028534585254522234,0.2849683037612101,0.0,0.0,1.0022541284561157,2.040255460333317,1.7947424746813967,1.2429355382919312,1.04095458984375,1.0022541284561157,0.008309379679033614,0.004784793778456642,0.046271711351259896
1776514912.747958,0.003974797533919904,0.2631883768476586,0.0,0.0,1.0022541284561157,2.040255460333317,1.7947424746813967,1.2429355382919312,1.04095458984375,1.0022541284561157,0.008062696630995911,-0.0003964494477313174,0.046084254954150236
1776514912.7970803,-0.011660149296255829,0.24807731860025334,0.0,0.0,1.0036298036575317,2.0378495229823406,1.7937136364145192,1.2574626207351685,1.035446047782898,1.0036298036575317,0.0078462431430128,-0.005247166199300768,0.046244872230111735
1776514912.8473036,-0.02852523056384887,0.24284770253645183,0.0,0.0,1.0036298036575317,2.0378495229823406,1.7937136364145192,1.2574626207351685,1.035446047782898,1.0036298036575317,0.007634597533218974,-0.009827980575478623,0.04675945396809632
1776514912.8971488,-0.028416052412107762,0.22881373638094984,0.0,0.0,1.0136452913284302,2.0381981769609405,1.7968244074683493,1.2622201442718506,1.0331097841262817,1.0136452913284302,0.007385258087697827,-0.014473940000238272,0.047355564315116845
1776514912.947483,-0.018527583402955617,0.18165407180223833,0.0,0.0,1.0136452913284302,2.0381981769609405,1.7968244074683493,1.2622201442718506,1.0331097841262817,1.0136452913284302,0.007183612301635722,-0.01862238068699895,0.04783947073195647
1776514913.0042522,-0.01211147573426298,0.11012337241308334,0.0,0.0,1.0136452913284302,2.0381981769609405,1.7968244074683493,1.2622201442718506,1.0331097841262817,1.0136452913284302,0.007047484691112495,-0.0215174783704013,0.04815557349029834
1776514913.0471878,-0.0040299105931658535,0.03662811611773879,0.0,0.0,1.0103341341018677,2.0370390511132523,1.7968490913210025,1.2794427871704102,1.0347959995269775,1.0103341341018677,0.006981237596909943,-0.022941128604369254,0.04831006468225429
1776514913.1027212,-0.0040299105931658535,0.03662811611773879,0.0,0.0,1.0103341341018677,2.0370390511132523,1.7968490913210025,1.2794427871704102,1.0347959995269775,1.0103341341018677,0.006981237596909943,-0.022941128604369254,0.04831006468225429
1776514913.1492517,0.001770413841981899,-0.015281072489283381,0.0,0.0,1.0103341341018677,2.0370390511132523,1.7968490913210025,1.2794427871704102,1.0347959995269775,1.0103341341018677,0.006976175348992081,-0.023064803852198335,0.048322778101803694
1776514913.1973207,-4.28829360484201e-05,0.0006104045205672456,0.0,0.0,1.0128660202026367,2.036684434905745,1.795879605873456,1.2868832349777222,1.0310816764831543,1.0128660202026367,0.0069798028012159966,-0.022972642406714705,0.04831336365156045
1776514913.2481606,-1.996966021316116e-06,-5.4835461368361104e-05,0.0,0.0,1.0128660202026367,2.036684434905745,1.795879605873456,1.2868832349777222,1.0310816764831543,1.0128660202026367,0.006980015210695838,-0.02296649310293475,0.04831289479606687
1776514913.2991004,3.6863279574087396e-08,-1.1137053154221015e-05,0.0,0.0,0.9972279071807861,2.03712593726159,1.7967313518120447,1.267285704612732,1.037434458732605,0.9972279071807861,0.0069800023499010325,-0.022966136048642394,0.048312956859196024
1776514913.3490763,1.3838766617565668e-06,-4.231402342920085e-06,0.0,0.0,0.9972279071807861,2.03712593726159,1.7967313518120447,1.267285704612732,1.037434458732605,0.9972279071807861,0.006980002326562957,-0.022966018047691605,0.04831297379981764
1776514913.4003935,1.8233639385600294e-06,-2.1219707058175614e-06,0.0,0.0,0.9972279071807861,2.03712593726159,1.7967313518120447,1.267285704612732,1.037434458732605,0.9972279071807861,0.006980002984743978,-0.02296597165890324,0.0483129758101426
1776514913.4559886,1.8233639385600294e-06,-2.1219707058175614e-06,0.0,0.0,0.9972279071807861,2.03712593726159,1.7967313518120447,1.267285704612732,1.037434458732605,0.9972279071807861,0.006980002984743978,-0.02296597165890324,0.0483129758101426
1776514913.5011914,1.9405534168359606e-06,-4.263701502965851e-07,0.0,0.0,1.0106350183486938,2.0368883418992754,1.7960677916050345,1.287732720375061,1.0372871160507202,1.0106350183486938,0.0069800058192404,-0.022965957420946204,0.04831297385983075
1776514913.5470662,1.9879045923363417e-06,-5.764500195507875e-08,0.0,0.0,1.0106350183486938,2.0368883418992754,1.7960677916050345,1.287732720375061,1.0372871160507202,1.0106350183486938,0.006980009767694628,-0.022965959451913598,0.04831297053537641
1776514913.598067,1.9879045923363417e-06,-5.764500195507875e-08,0.0,0.0,1.0106350183486938,2.0368883418992754,1.7960677916050345,1.287732720375061,1.0372871160507202,1.0106350183486938,0.006980009767694628,-0.022965959451913598,0.04831297053537641
1776514913.6470597,1.983945002316527e-06,5.8514881232243626e-08,0.0,0.0,1.0146316289901733,2.0370968511874317,1.7958408269475201,1.293502926826477,1.0374913215637207,1.0146316289901733,0.0069800135419397615,-0.022965965283426648,0.048312966745391074
1776514913.7009428,1.983945002316527e-06,5.8514881232243626e-08,0.0,0.0,1.0146316289901733,2.0370968511874317,1.7958408269475201,1.293502926826477,1.0374913215637207,1.0146316289901733,0.0069800170498169455,-0.0229659720023756,0.048312962968594844
1776514913.7473676,1.97048194093381e-06,5.423429309253766e-08,0.0,0.0,1.0146316289901733,2.0370968511874317,1.7958408269475201,1.293502926826477,1.0374913215637207,1.0146316289901733,0.006980020296130273,-0.02296597874075168,0.048312959364544904
1776514913.797088,1.9564326407070813e-06,4.2979224016322486e-08,0.0,0.0,1.0151605606079102,2.037130220084142,1.7963683778708335,1.2769618034362793,1.0379154682159424,1.0151605606079102,0.009147812070475249,-0.022965985196767846,0.05829056369582839
1776514913.8480427,1.9429225840142495e-06,3.0215684935200854e-08,0.0,0.0,1.0151605606079102,2.037130220084142,1.7963683778708335,1.2769618034362793,1.0379154682159424,1.0151605606079102,0.009147814782626421,-0.022965991385118567,0.058290560566044015
1776514913.897083,1.930265902756875e-06,1.766481427477e-08,0.0,0.0,1.0151605606079102,2.037130220084142,1.7963683778708335,1.2769618034362793,1.0379154682159424,1.0151605606079102,0.009147817286738876,-0.02296599726154147,0.05829055763789009
1776514913.9471989,1.918514866574937e-06,5.836142845013803e-09,0.0,0.0,1.0050915479660034,2.037242399995576,1.796126224110948,1.2967578172683716,1.0357105731964111,1.0050915479660034,0.00914781959865638,-0.02296600284113648,0.058290554897956606
1776514913.998957,1.9076389525735476e-06,-5.156654874133148e-09,0.0,0.0,1.0050915479660034,2.037242399995576,1.796126224110948,1.2967578172683716,1.0357105731964111,1.0050915479660034,0.009147821733043763,-0.0229660081439218,0.05829055233258039
1776514914.0552745,1.9076389525735476e-06,-5.156654874133148e-09,0.0,0.0,1.0050915479660034,2.037242399995576,1.796126224110948,1.2967578172683716,1.0357105731964111,1.0050915479660034,0.009147821733043763,-0.0229660081439218,0.05829055233258039
1776514914.0972676,1.8975843423378332e-06,-1.532355293167645e-08,0.0,0.0,1.0136981010437012,2.0371355289226325,1.7967803634339743,1.2758229970932007,1.039324402809143,1.0136981010437012,0.009147823703450247,-0.022966013190325096,0.058290549928696485
1776514914.1496236,1.8882919525565462e-06,-2.4715544521669882e-08,0.0,0.0,1.0136981010437012,2.0371355289226325,1.7967803634339743,1.2758229970932007,1.039324402809143,1.0136981010437012,0.009147825522399244,-0.02296601799978326,0.058290547674107206
1776514914.199877,1.8797060322943046e-06,-3.33820558305065e-08,0.0,0.0,1.0136981010437012,2.0371355289226325,1.7967803634339743,1.2758229970932007,1.039324402809143,1.0136981010437012,0.009147827201456776,-0.022966022590451107,0.058290545557493224
1776514914.2480006,1.8797060322943046e-06,-3.33820558305065e-08,0.0,0.0,1.015519380569458,2.03743252017562,1.7958151575824732,1.29054856300354,1.0359318256378174,1.015519380569458,0.009147827201456776,-0.022966022590451107,0.058290545557493224
1776514914.2977593,1.85202125964821e-06,2.5592282751358367e-07,0.0,0.0,1.015519380569458,2.03743252017562,1.7958151575824732,1.29054856300354,1.0359318256378174,1.015519380569458,0.00914783027294986,-0.022966031535574416,0.05829054175787736
1776514914.3491738,1.8423101142851322e-06,-7.443323911155359e-08,0.0,0.0,1.0147440433502197,2.0369100161551548,1.7963436135720248,1.287363052368164,1.037912130355835,1.0147440433502197,0.00914782884174753,-0.022966021874483378,0.05829053962060827
1776514914.4049273,1.8423101142851322e-06,-7.443323911155359e-08,0.0,0.0,1.0147440433502197,2.0369100161551548,1.7963436135720248,1.287363052368164,1.037912130355835,1.0147440433502197,0.00914782884174753,-0.022966021874483378,0.05829053962060827
1776514914.44706,1.8286837165910712e-06,-9.044086917358186e-08,0.0,0.0,1.0147440433502197,2.0369100161551548,1.7963436135720248,1.287363052368164,1.037912130355835,1.0147440433502197,0.009147828066904774,-0.022966013743621616,0.05829053789146252
1776514914.4968333,1.823612080048333e-06,-5.034287563245185e-08,0.0,0.0,1.0142292976379395,2.0370191237531694,1.7962951329957797,1.2803974151611328,1.0393633842468262,1.0142292976379395,0.009147827515292958,-0.022966006703089015,0.05829053635002278
1776514914.5470507,1.8277117186029859e-06,-8.95108164925574e-08,0.0,0.0,1.0142292976379395,2.0370191237531694,1.7962951329957797,1.2803974151611328,1.0393633842468262,1.0142292976379395,0.009147827056303008,-0.022966000678878107,0.05829053486569353
1776514914.5991888,1.815744548809214e-06,-9.990614210923406e-08,0.0,0.0,1.0142292976379395,2.0370191237531694,1.7962951329957797,1.2803974151611328,1.0393633842468262,1.0142292976379395,0.009147826075007505,-0.022965992452754325,0.05829053323234987
1776514914.6502798,1.815744548809214e-06,-9.990614210923406e-08,0.0,0.0,1.0088082551956177,2.0368364471511415,1.7965030082356213,1.2734514474868774,1.0375169515609741,1.0088082551956177,0.009147825183141153,-0.022965984779315107,0.05829053174249007
1776514914.6991255,1.8123777169345148e-06,-6.752336924481612e-08,0.0,0.0,1.0088082551956177,2.0368364471511415,1.7965030082356213,1.2734514474868774,1.0375169515609741,1.0088082551956177,0.00914782436421163,-0.02296597776461784,0.05829053034092135
1776514914.7479384,1.8076593846698787e-06,-1.5906019768059645e-08,0.0,0.0,1.0169520378112793,2.036590391899236,1.7956475841877988,1.285651683807373,1.0252845287322998,1.0169520378112793,0.00914782292029801,-0.02296596572981846,0.05829052774183908
1776514914.801228,1.806279387192755e-06,-2.084057550517863e-08,0.0,0.0,1.0169520378112793,2.036590391899236,1.7956475841877988,1.285651683807373,1.0252845287322998,1.0169520378112793,0.009147822283056285,-0.022965960623429815,0.058290526530205604
1776514914.847069,1.806279387192755e-06,-2.084057550517863e-08,0.0,0.0,1.0169520378112793,2.036590391899236,1.7956475841877988,1.285651683807373,1.0252845287322998,1.0169520378112793,0.009147822283056285,-0.022965960623429815,0.058290526530205604
1776514914.9019568,1.80331311273983e-06,3.085355363364695e-08,0.0,0.0,1.0155242681503296,2.0375875897367832,1.7962156547993302,1.282106637954712,1.0440523624420166,1.0155242681503296,0.009147821702731502,-0.022965956079363803,0.05829052537305595
1776514914.9479554,1.8008208162647737e-06,6.876143638638895e-08,0.0,0.0,1.0155242681503296,2.0375875897367832,1.7962156547993302,1.282106637954712,1.0440523624420166,1.0155242681503296,0.009147821162725004,-0.022965952007622636,0.058290524263605974
1776514914.99997,1.799751641296389e-06,7.343954146325581e-08,0.0,0.0,1.0155242681503296,2.0375875897367832,1.7962156547993302,1.282106637954712,1.0440523624420166,1.0155242681503296,0.00914782065711003,-0.022965948360118116,0.05829052319755131
1776514915.0475338,1.799751641296389e-06,7.343954146325581e-08,0.0,0.0,1.0081745386123657,2.036949086586267,1.7962448537015951,1.281237006187439,1.0405786037445068,1.0081745386123657,0.00914782065711003,-0.022965948360118116,0.05829052319755131
1776514915.0972261,1.798056872341812e-06,8.388052839086948e-08,0.0,0.0,1.0081745386123657,2.036949086586267,1.7962448537015951,1.281237006187439,1.0405786037445068,1.0081745386123657,0.009147820192507443,-0.02296594513877892,0.058290522175861226
1776514915.1469924,1.7963301980703604e-06,1.0250208298914358e-07,0.0,0.0,1.0081745386123657,2.036949086586267,1.7962448537015951,1.281237006187439,1.0405786037445068,1.0081745386123657,0.009147819762353154,-0.022965942301362396,0.05829052119375768
1776514915.1982055,1.7947708874261947e-06,1.2487942579987507e-07,0.0,0.0,1.0081745386123657,2.036949086586267,1.7962448537015951,1.281237006187439,1.0405786037445068,1.0081745386123657,0.009147819361811856,-0.022965939805831503,0.058290520248629185
1776514915.2500675,1.7947708874261947e-06,1.2487942579987507e-07,0.0,0.0,1.0094852447509766,2.037228801645249,1.7963309364082138,1.2761448621749878,1.0401480197906494,1.0094852447509766,0.009147819361811856,-0.022965939805831503,0.058290520248629185
1776514915.296942,1.7931102692516106e-06,1.4699073896979666e-07,0.0,0.0,1.0094852447509766,2.037228801645249,1.7963309364082138,1.2761448621749878,1.0401480197906494,1.0094852447509766,0.009147818985834392,-0.022965937609130904,0.05829051933731877
1776514915.3469589,1.7923490768845136e-06,1.4371354391624755e-07,0.0,0.0,1.0030782222747803,2.0372392872105474,1.796043356785157,1.279004693031311,1.0430024862289429,1.0030782222747803,0.009147818638528362,-0.022965935726520392,0.05829051845882175
1776514915.3963366,1.7896105726690616e-06,1.8007695342170765e-07,0.0,0.0,1.0030782222747803,2.0372392872105474,1.796043356785157,1.279004693031311,1.0430024862289429,1.0030782222747803,0.009147818316221268,-0.02296593411476433,0.05829051761068309
1776514915.4463613,1.788640139858156e-06,1.853603382873356e-07,0.0,0.0,1.0030782222747803,2.0372392872105474,1.796043356785157,1.279004693031311,1.0430024862289429,1.0030782222747803,0.009147817725951196,-0.022965931589193023,0.058290515994417626
1776514915.5008173,1.788640139858156e-06,1.853603382873356e-07,0.0,0.0,1.0133243799209595,2.0372255746133896,1.7960178445121033,1.283370852470398,1.0411438941955566,1.0133243799209595,0.009147817725951196,-0.022965931589193023,0.058290515994417626
1776514915.5479598,1.787342124630198e-06,2.0429185449644645e-07,0.0,0.0,1.0133243799209595,2.0372255746133896,1.7960178445121033,1.283370852470398,1.0411438941955566,1.0133243799209595,0.009147817462176801,-0.022965930667368184,0.05829051522407257
1776514915.6079621,1.7865136071375155e-06,2.1165505935017284e-07,0.0,0.0,1.0129183530807495,2.037004166240498,1.7959014185851647,1.2915236949920654,1.0427943468093872,1.0129183530807495,0.009147817213071128,-0.02296592993651103,0.05829051447538288
1776514915.6496193,1.78555226697085e-06,2.1785951789582577e-07,0.0,0.0,1.0129183530807495,2.037004166240498,1.7959014185851647,1.2915236949920654,1.0427943468093872,1.0129183530807495,0.009147816973256,-0.022965929352099845,0.05829051374701264
1776514915.7039633,1.7845767717729698e-06,2.2323584224548773e-07,0.0,0.0,1.0129183530807495,2.037004166240498,1.7959014185851647,1.2915236949920654,1.0427943468093872,1.0129183530807495,0.009147816738550175,-0.022965928878708297,0.05829051303880176
1776514915.747093,1.7836469629263763e-06,2.2804254111178982e-07,0.0,0.0,1.0121779441833496,2.037436138910899,1.7964176925085802,1.2874829769134521,1.0337541103363037,1.0121779441833496,0.009147816508466886,-0.022965928504139477,0.058290512350188214
1776514915.8041692,1.782778613375332e-06,2.322480295143183e-07,0.0,0.0,1.0121779441833496,2.037436138910899,1.7964176925085802,1.2874829769134521,1.0337541103363037,1.0121779441833496,0.009147816283255332,-0.02296592822318999,0.05829051168017238
1776514915.8509367,1.7827563643940279e-06,2.2347618753810433e-07,0.0,0.0,1.0121779441833496,2.037436138910899,1.7964176925085802,1.2874829769134521,1.0337541103363037,1.0121779441833496,0.009147816034051333,-0.02296592790326768,0.058290511012659155
1776514915.8990812,1.781910056290428e-06,2.2390038475424237e-07,0.0,0.0,1.0135753154754639,2.0368922122863573,1.7962683534650545,1.282010793685913,1.0335296392440796,1.0135753154754639,0.009147815757208525,-0.02296592749207793,0.05829051034949601
1776514915.9510615,1.7811945119015036e-06,2.248298420089127e-07,0.0,0.0,1.0135753154754639,2.0368922122863573,1.7962683534650545,1.282010793685913,1.0335296392440796,1.0135753154754639,0.0091478154747236,-0.022965927093356875,0.05829050970031041
1776514916.0010986,1.7805648528592225e-06,2.2589462963451842e-07,0.0,0.0,1.0065054893493652,2.0362700121365247,1.7961400448498839,1.2712011337280273,1.0382721424102783,1.0065054893493652,0.009147815187230885,-0.02296592671307085,0.0582905090632173
1776514916.0471156,1.7799943941014302e-06,2.2697034761167536e-07,0.0,0.0,1.0065054893493652,2.0362700121365247,1.7961400448498839,1.2712011337280273,1.0382721424102783,1.0065054893493652,0.00914781489519436,-0.022965926352746635,0.0582905084369926
1776514916.0972633,1.7794710168639621e-06,2.2800754050421887e-07,0.0,0.0,1.0065054893493652,2.0362700121365247,1.7961400448498839,1.2712011337280273,1.0382721424102783,1.0065054893493652,0.009147814599019274,-0.022965926012317617,0.058290507820752284
1776514916.150982,1.77898740082242e-06,2.2899266721237594e-07,0.0,0.0,1.018469214439392,2.037004956263949,1.7964540340713204,1.2815308570861816,1.0403151512145996,1.018469214439392,0.009147814299067301,-0.022965925691164735,0.05829050721375178
1776514916.199161,1.7785410821777574e-06,2.2992440044829717e-07,0.0,0.0,1.018469214439392,2.037004956263949,1.7964540340713204,1.2815308570861816,1.0403151512145996,1.018469214439392,0.009147813995676077,-0.022965925388488184,0.05829050661536011
1776514916.2489383,1.778127440916954e-06,2.308026438222773e-07,0.0,0.0,1.0052814483642578,2.0369707846619485,1.7967808953132474,1.2900620698928833,1.0366777181625366,1.0052814483642578,0.009147813689152573,-0.022965925103511253,0.05829050602497503
1776514916.3000786,1.7777453701885254e-06,2.3163217130652251e-07,0.0,0.0,1.0052814483642578,2.0369707846619485,1.7967808953132474,1.2900620698928833,1.0366777181625366,1.0052814483642578,0.009147813379785439,-0.022965924835459894,0.0582905054420584
1776514916.350067,1.7773922534483327e-06,2.324153548616902e-07,0.0,0.0,1.0052814483642578,2.0369707846619485,1.7967808953132474,1.2900620698928833,1.0366777181625366,1.0052814483642578,0.009147813067843173,-0.02296592458359825,0.058290504866103716
1776514916.3969414,1.777079172332406e-06,2.3392678768259447e-07,0.0,0.0,1.0100513696670532,2.0369526147842407,1.7960055367291434,1.282186508178711,1.036653995513916,1.0100513696670532,0.009147812754202808,-0.022965924350468292,0.05829050429673265
1776514916.4503472,1.7767876701536878e-06,2.347088790100095e-07,0.0,0.0,1.0100513696670532,2.0369526147842407,1.7960055367291434,1.282186508178711,1.036653995513916,1.0100513696670532,0.00914781243905986,-0.022965924136183258,0.05829050373328925
1776514916.4969583,1.7765143564537323e-06,2.354224657032942e-07,0.0,0.0,1.0181033611297607,2.0377611388330874,1.7961609716769142,1.2779580354690552,1.0388582944869995,1.0181033611297607,0.00914781212216972,-0.022965923937503074,0.05829050317538169
1776514916.546706,1.7762611417686682e-06,2.360877404990311e-07,0.0,0.0,1.0181033611297607,2.0377611388330874,1.7961609716769142,1.2779580354690552,1.0388582944869995,1.0181033611297607,0.009147811803717147,-0.02296592375349693,0.05829050262268728
1776514916.5972338,1.7760273574767083e-06,2.3671443666227953e-07,0.0,0.0,1.0181033611297607,2.0377611388330874,1.7961609716769142,1.2779580354690552,1.0388582944869995,1.0181033611297607,0.009147811483875817,-0.022965923583478265,0.05829050207486881
1776514916.6518354,1.7758116085373134e-06,2.3730547975239518e-07,0.0,0.0,1.0122743844985962,2.036918388484916,1.7959890617738403,1.284929633140564,1.0368889570236206,1.0122743844985962,0.009147811162812661,-0.0229659234268782,0.05829050153161239
1776514916.6969454,1.7756131247493677e-06,2.3786673110969857e-07,0.0,0.0,1.0122743844985962,2.036918388484916,1.7959890617738403,1.284929633140564,1.0368889570236206,1.0122743844985962,0.009147810840678647,-0.022965923283160272,0.05829050099260505
1776514916.7581048,1.7754309543787847e-06,2.3839898433807164e-07,0.0,0.0,1.0015769004821777,2.037037565242792,1.7968596461530606,1.2754696607589722,1.0353270769119263,1.0015769004821777,0.00914781051761828,-0.022965923151869294,0.05829050045756801
1776514916.7970493,1.7751125058376854e-06,2.3958383859102156e-07,0.0,0.0,1.0015769004821777,2.037037565242792,1.7968596461530606,1.2754696607589722,1.0353270769119263,1.0015769004821777,0.00914780986924244,-0.022965922924836235,0.05829049939835596
1776514916.8464782,1.7749987681516849e-06,2.4117478563347103e-07,0.0,0.0,1.011574387550354,2.0368160478060826,1.7961508342485322,1.2811315059661865,1.0416080951690674,1.011574387550354,0.00914780986924244,-0.022965922924836235,0.05829049939835596
1776514916.899941,1.7749987681516849e-06,2.4117478563347103e-07,0.0,0.0,1.011574387550354,2.0368160478060826,1.7961508342485322,1.2811315059661865,1.0416080951690674,1.011574387550354,0.009147809545725732,-0.02296592283644694,0.058290498873889575
1776514916.9492862,1.7748851628915298e-06,2.417007589535437e-07,0.0,0.0,1.011574387550354,2.0368160478060826,1.7961508342485322,1.2811315059661865,1.0416080951690674,1.011574387550354,0.00914780922241812,-0.022965922764098146,0.05829049835214521
1776514917.001465,1.7748851628915298e-06,2.417007589535437e-07,0.0,0.0,1.011574387550354,2.0368160478060826,1.7961508342485322,1.2811315059661865,1.0416080951690674,1.011574387550354,0.00914780922241812,-0.022965922764098146,0.05829049835214521
1776514917.0529613,1.7747745538435657e-06,2.421544390893634e-07,0.0,0.0,1.0179296731948853,2.0375606988338713,1.795937311408536,1.2835323810577393,1.0376211404800415,1.0179296731948853,0.009147808898837564,-0.02296592270354081,0.058290497833049584
1776514917.096959,1.7746705467327161e-06,2.4257113834859586e-07,0.0,0.0,1.0179296731948853,2.0375606988338713,1.795937311408536,1.2835323810577393,1.0376211404800415,1.0179296731948853,0.009147808575058446,-0.022965922653844117,0.05829049731651335
1776514917.1470716,1.7746705467327161e-06,2.4257113834859586e-07,0.0,0.0,1.0179296731948853,2.0375606988338713,1.795937311408536,1.2835323810577393,1.0376211404800415,1.0179296731948853,0.009147808575058446,-0.022965922653844117,0.05829049731651335
1776514917.197233,1.7745751370928853e-06,2.429618310953428e-07,0.0,0.0,1.0179296731948853,2.0375606988338713,1.795937311408536,1.2835323810577393,1.0376211404800415,1.0179296731948853,0.009147808251158726,-0.022965922614480938,0.05829049680240773
1776514917.2508516,1.7745751370928853e-06,2.429618310953428e-07,0.0,0.0,1.0203289985656738,2.0373959681372416,1.79585665092098,1.2822115421295166,1.0437365770339966,1.0203289985656738,0.009147808251158726,-0.022965922614480938,0.05829049680240773
1776514917.2970872,1.774488626286559e-06,2.433328181521771e-07,0.0,0.0,1.0203289985656738,2.0373959681372416,1.79585665092098,1.2822115421295166,1.0437365770339966,1.0203289985656738,0.009147807927212395,-0.022965922585082232,0.058290496290582076
1776514917.3540924,1.7744203832819032e-06,2.4498546910577017e-07,0.0,0.0,1.0203289985656738,2.0373959681372416,1.79585665092098,1.2822115421295166,1.0437365770339966,1.0203289985656738,0.009147807603450447,-0.02296592256605745,0.05829049578092887
1776514917.3970864,1.7744203832819032e-06,2.4498546910577017e-07,0.0,0.0,1.0203289985656738,2.0373959681372416,1.79585665092098,1.2822115421295166,1.0437365770339966,1.0203289985656738,0.009147807603450447,-0.02296592256605745,0.05829049578092887
1776514917.460106,1.7743826985650574e-06,2.4582464831909313e-07,0.0,0.0,1.0165507793426514,2.037204547241592,1.796023832564493,1.2872519493103027,1.0379400253295898,1.0165507793426514,0.009147807282090395,-0.022965922569245567,0.05829049527340206
1776514917.4973404,1.774332660303758e-06,2.4622424494758797e-07,0.0,0.0,1.0165507793426514,2.037204547241592,1.796023832564493,1.2872519493103027,1.0379400253295898,1.0165507793426514,0.009147806961102168,-0.022965922584735843,0.05829049476735517
1776514917.550958,1.774280906240741e-06,2.465639535724952e-07,0.0,0.0,1.0165507793426514,2.037204547241592,1.796023832564493,1.2872519493103027,1.0379400253295898,1.0165507793426514,0.009147806640367098,-0.022965922610198142,0.058290494262902816
1776514917.5989618,1.7742325118168076e-06,2.4687458775566134e-07,0.0,0.0,1.0141113996505737,2.0371434409567653,1.796447475933943,1.2836534976959229,1.0393990278244019,1.0141113996505737,0.009147806319922801,-0.022965922644847314,0.058290493760029274
1776514917.6470883,1.7742325118168076e-06,2.4687458775566134e-07,0.0,0.0,1.0141113996505737,2.0371434409567653,1.796447475933943,1.2836534976959229,1.0393990278244019,1.0141113996505737,0.009147806319922801,-0.022965922644847314,0.058290493760029274
1776514917.7010846,1.774188439961466e-06,2.471670174377656e-07,0.0,0.0,1.0141113996505737,2.0371434409567653,1.796447475933943,1.2836534976959229,1.0393990278244019,1.0141113996505737,0.009147805999810733,-0.022965922688287677,0.058290493258659724
1776514917.752964,1.7741775709795557e-06,2.495077812377542e-07,0.0,0.0,1.0141113996505737,2.0371434409567653,1.796447475933943,1.2836534976959229,1.0393990278244019,1.0141113996505737,0.009147805681031608,-0.022965922744964118,0.0582904927588919
1776514917.8062348,1.774173467415891e-06,2.499610988268367e-07,0.0,0.0,1.0050396919250488,2.0366173840363087,1.7964856506521711,1.284548282623291,1.0374062061309814,1.0050396919250488,0.00914780536466098,-0.02296592282223786,0.05829049226029622
1776514917.847369,1.7741552708982723e-06,2.502762209790872e-07,0.0,0.0,1.0050396919250488,2.0366173840363087,1.7964856506521711,1.284548282623291,1.0374062061309814,1.0050396919250488,0.009147805048820321,-0.02296592290978028,0.058290491762618996
1776514917.8971384,1.7741339463162726e-06,2.505426928618871e-07,0.0,0.0,1.0112099647521973,2.0366799174140273,1.7966171257887464,1.2778161764144897,1.0253208875656128,1.0112099647521973,0.009147804733494296,-0.02296592300606015,0.058290491265990715
1776514917.955948,1.7741339463162726e-06,2.505426928618871e-07,0.0,0.0,1.0112099647521973,2.0366799174140273,1.7966171257887464,1.2778161764144897,1.0253208875656128,1.0112099647521973,0.009147804733494296,-0.02296592300606015,0.058290491265990715
1776514918.002502,1.7741136612804314e-06,2.507857147800224e-07,0.0,0.0,1.0112099647521973,2.0366799174140273,1.7966171257887464,1.2778161764144897,1.0253208875656128,1.0112099647521973,0.009147804418700526,-0.022965923110471298,0.0582904907704178
1776514918.0579553,1.7741266921196643e-06,2.5343316427853556e-07,0.0,0.0,1.0112099647521973,2.0366799174140273,1.7966171257887464,1.2778161764144897,1.0253208875656128,1.0112099647521973,0.009147804105246616,-0.022965923226477614,0.05829049027603336
1776514918.0968826,1.7741492774196667e-06,2.5391205135199376e-07,0.0,0.0,1.0084319114685059,2.0368155143968933,1.7958118250473556,1.2812542915344238,1.0290337800979614,1.0084319114685059,0.009147803794782382,-0.02296592336451253,0.058290489782511896
1776514918.1511538,1.7741492774196667e-06,2.5391205135199376e-07,0.0,0.0,1.0084319114685059,2.0368155143968933,1.7958118250473556,1.2812542915344238,1.0290337800979614,1.0084319114685059,0.009147803794782382,-0.02296592336451253,0.058290489782511896
1776514918.196962,1.7741512369308388e-06,2.541915061343685e-07,0.0,0.0,1.0084319114685059,2.0368155143968933,1.7958118250473556,1.2812542915344238,1.0290337800979614,1.0084319114685059,0.009147803485024787,-0.022965923512580755,0.05829048928949259
1776514918.2490969,1.7741512369308388e-06,2.541915061343685e-07,0.0,0.0,1.0193259716033936,2.0369575009315133,1.795876108412799,1.2735847234725952,1.035445213317871,1.0193259716033936,0.009147803485024787,-0.022965923512580755,0.05829048928949259
1776514918.3013036,1.7741477972564677e-06,2.5441833884165945e-07,0.0,0.0,1.0193259716033936,2.0369575009315133,1.795876108412799,1.2735847234725952,1.035445213317871,1.0193259716033936,0.009147803175918564,-0.022965923668842425,0.05829048879718318
1776514918.3499963,1.7741473077123378e-06,2.548580343879334e-07,0.0,0.0,1.0193259716033936,2.0369575009315133,1.795876108412799,1.2735847234725952,1.035445213317871,1.0193259716033936,0.009147802867470203,-0.022965923832642954,0.05829048830562513
1776514918.3970969,1.774196550962346e-06,2.5781726913926715e-07,0.0,0.0,1.0193259716033936,2.0369575009315133,1.795876108412799,1.2735847234725952,1.035445213317871,1.0193259716033936,0.009147802561600197,-0.022965924013496064,0.05829048781508681
1776514918.446973,1.7742236204460446e-06,2.5815777015184446e-07,0.0,0.0,1.0122565031051636,2.037388453320372,1.7956758645350652,1.275349497795105,1.044228434562683,1.0122565031051636,0.009147802257993219,-0.022965924212356104,0.05829048732485485
1776514918.5088787,1.7742349336433794e-06,2.583843496576086e-07,0.0,0.0,1.0122565031051636,2.037388453320372,1.7956758645350652,1.275349497795105,1.044228434562683,1.0122565031051636,0.009147801955134656,-0.022965924420017547,0.058290486834977714
1776514918.5479493,1.7742418346169034e-06,2.5856930791096397e-07,0.0,0.0,1.0163402557373047,2.037335000690986,1.796094950600672,1.2844904661178589,1.0356842279434204,1.0163402557373047,0.009147801653004583,-0.02296592463511571,0.05829048634562505
1776514918.597051,1.7742912098672085e-06,2.6197433385409456e-07,0.0,0.0,1.0163402557373047,2.037335000690986,1.796094950600672,1.2844904661178589,1.0356842279434204,1.0163402557373047,0.009147801352363384,-0.022965924860818276,0.05829048585700226
1776514918.6477118,1.7742912098672085e-06,2.6197433385409456e-07,0.0,0.0,1.0163402557373047,2.037335000690986,1.796094950600672,1.2844904661178589,1.0356842279434204,1.0163402557373047,0.009147801352363384,-0.022965924860818276,0.05829048585700226
1776514918.697248,1.7743412324169233e-06,2.6250595177216166e-07,0.0,0.0,1.0104265213012695,2.0370624771171095,1.7965104734128239,1.2712382078170776,1.035916805267334,1.0104265213012695,0.009147801055300001,-0.02296592511002249,0.05829048536885904
1776514918.7469475,1.7743809334482448e-06,2.6290966893812973e-07,0.0,0.0,1.0104265213012695,2.0370624771171095,1.7965104734128239,1.2712382078170776,1.035916805267334,1.0104265213012695,0.009147800463718676,-0.022965925635325846,0.058290484393003744
1776514918.7978134,1.7743809334482448e-06,2.6290966893812973e-07,0.0,0.0,1.0104265213012695,2.0370624771171095,1.7965104734128239,1.2712382078170776,1.035916805267334,1.0104265213012695,0.009147800463718676,-0.022965925635325846,0.058290484393003744
1776514918.9046717,1.774440687109772e-06,2.664259370706637e-07,0.0,0.0,1.0072726011276245,2.036743749963476,1.7965420403291479,1.281082034111023,1.0351883172988892,1.0072726011276245,0.009147800169563874,-0.022965925910659823,0.05829048390578573
1776514918.953887,1.774440687109772e-06,2.664259370706637e-07,0.0,0.0,1.0072726011276245,2.036743749963476,1.7965420403291479,1.281082034111023,1.0351883172988892,1.0072726011276245,0.009147800169563874,-0.022965925910659823,0.05829048390578573
1776514918.9969873,1.7745330935847352e-06,2.6753843920506914e-07,0.0,0.0,1.0072726011276245,2.036743749963476,1.7965420403291479,1.281082034111023,1.0351883172988892,1.0072726011276245,0.009147799590196862,-0.02296592652111018,0.05829048293219464
1776514919.0470488,1.7745330935847352e-06,2.6753843920506914e-07,0.0,0.0,1.0055993795394897,2.0371467195981965,1.7961818511518193,1.2857359647750854,1.0293762683868408,1.0055993795394897,0.009147799590196862,-0.02296592652111018,0.05829048293219464
1776514919.096948,1.7745538305250047e-06,2.676950636589535e-07,0.0,0.0,1.0055993795394897,2.0371467195981965,1.7961818511518193,1.2857359647750854,1.0293762683868408,1.0055993795394897,0.009147799301842226,-0.02296592683893861,0.05829048244553512
1776514919.1469104,1.7746978835370718e-06,2.726398047242954e-07,0.0,0.0,1.0123082399368286,2.0375026847122997,1.7962671597247717,1.2899742126464844,1.0389639139175415,1.0123082399368286,0.009147798732202887,-0.02296592751982285,0.05829048147350864
1776514919.2039733,1.774733367833445e-06,2.7284525661595194e-07,0.0,0.0,1.0123082399368286,2.0375026847122997,1.7962671597247717,1.2899742126464844,1.0389639139175415,1.0123082399368286,0.009147798450354065,-0.022965927882523385,0.05829048098744494
1776514919.2470815,1.7747660072037048e-06,2.7365471445520087e-07,0.0,0.0,1.0123082399368286,2.0375026847122997,1.7962671597247717,1.2899742126464844,1.0389639139175415,1.0123082399368286,0.009147798169329948,-0.022965928252283163,0.058290480501518284
1776514919.2975032,1.7748681918043574e-06,2.781875875381726e-07,0.0,0.0,1.0057828426361084,2.0366125494986083,1.7966554660619487,1.2804574966430664,1.0373754501342773,1.0057828426361084,0.009147797890867403,-0.022965928637317834,0.05829048001614077
1776514919.3476837,1.7749286100947673e-06,2.785419136400652e-07,0.0,0.0,1.0057828426361084,2.0366125494986083,1.7966554660619487,1.2804574966430664,1.0373754501342773,1.0057828426361084,0.00914779761568494,-0.022965929044414857,0.05829047953068612
1776514919.4050176,1.7749621669622594e-06,2.787114899941689e-07,0.0,0.0,1.0122008323669434,2.037128702453945,1.7964318050444414,1.2756108045578003,1.0374141931533813,1.0122008323669434,0.009147797341370743,-0.022965929459974,0.05829047904505888
1776514919.4469557,1.7749621669622594e-06,2.787114899941689e-07,0.0,0.0,1.0122008323669434,2.037128702453945,1.7964318050444414,1.2756108045578003,1.0374141931533813,1.0122008323669434,0.009147797341370743,-0.022965929459974,0.05829047904505888
1776514919.4969532,1.7750435421425401e-06,2.8233331103590753e-07,0.0,0.0,1.0122008323669434,2.037128702453945,1.7964318050444414,1.2756108045578003,1.0374141931533813,1.0122008323669434,0.009147797068292933,-0.02296592988401036,0.05829047855967629
1776514919.5489469,1.7751386945748613e-06,2.8482311652445803e-07,0.0,0.0,1.0122008323669434,2.037128702453945,1.7964318050444414,1.2756108045578003,1.0374141931533813,1.0122008323669434,0.00914779679886009,-0.022965930330130835,0.058290478074643
1776514919.6036263,1.775187658680025e-06,2.8506331693563667e-07,0.0,0.0,1.016999363899231,2.0375760753986243,1.7960447884226372,1.2799030542373657,1.0437484979629517,1.016999363899231,0.009147796531462145,-0.022965930791919664,0.05829047758927557
1776514919.6489005,1.77523413463513e-06,2.864031053940724e-07,0.0,0.0,1.016999363899231,2.0375760753986243,1.7960447884226372,1.2799030542373657,1.0437484979629517,1.016999363899231,0.009147796264944582,-0.022965931261182515,0.05829047710385516
1776514919.6971443,1.77523413463513e-06,2.864031053940724e-07,0.0,0.0,1.016999363899231,2.0375760753986243,1.7960447884226372,1.2799030542373657,1.0437484979629517,1.016999363899231,0.009147796264944582,-0.022965931261182515,0.05829047710385516
1776514919.746999,1.7753643477930904e-06,2.9170200906354873e-07,0.0,0.0,1.0122863054275513,2.0365378627283057,1.7959391358492423,1.2680696249008179,1.0389156341552734,1.0122863054275513,0.009147796000920862,-0.02296593174535211,0.05829047661885464
1776514919.7969337,1.7754343196063223e-06,2.9209922381835264e-07,0.0,0.0,1.0122863054275513,2.0365378627283057,1.7959391358492423,1.2680696249008179,1.0389156341552734,1.0122863054275513,0.009147795740572373,-0.02296593225361221,0.058290476133700114
1776514919.846947,1.775471739725738e-06,2.922574394129e-07,0.0,0.0,1.0122863054275513,2.0365378627283057,1.7959391358492423,1.2680696249008179,1.0389156341552734,1.0122863054275513,0.009147795481107704,-0.022965932770457886,0.05829047564823861
1776514919.903137,1.775614555996668e-06,2.9826331744484867e-07,0.0,0.0,0.9960697293281555,2.0373100550168095,1.7966301881297175,1.2708791494369507,1.0430265665054321,0.9960697293281555,0.00914779522328503,-0.02296593329770369,0.058290475163014714
1776514919.9481096,1.7757045814654099e-06,2.998891617447314e-07,0.0,0.0,0.9960697293281555,2.0373100550168095,1.7966301881297175,1.2708791494369507,1.0430265665054321,0.9960697293281555,0.00914779496967805,-0.02296593385091894,0.05829047467790727
1776514919.997985,1.7757045814654099e-06,2.998891617447314e-07,0.0,0.0,0.9960697293281555,2.0373100550168095,1.7966301881297175,1.2708791494369507,1.0430265665054321,0.9960697293281555,0.00914779496967805,-0.02296593385091894,0.05829047467790727
1776514920.053586,1.7757516071201352e-06,3.0008902208703013e-07,0.0,0.0,1.0144212245941162,2.037127484004879,1.7962741190378744,1.2829577922821045,1.0363922119140625,1.0144212245941162,0.009147794717518283,-0.02296593441656336,0.05829047419233246
1776514920.098045,1.7758853018833518e-06,3.0528292318008085e-07,0.0,0.0,1.0144212245941162,2.037127484004879,1.7962741190378744,1.2829577922821045,1.0363922119140625,1.0144212245941162,0.00914779446683715,-0.022965934992119852,0.05829047370685627
1776514920.1473215,1.7758853018833518e-06,3.0528292318008085e-07,0.0,0.0,1.0144212245941162,2.037127484004879,1.7962741190378744,1.2829577922821045,1.0363922119140625,1.0144212245941162,0.00914779446683715,-0.022965934992119852,0.05829047370685627
1776514920.1989572,1.7760055264167236e-06,3.085121057200074e-07,0.0,0.0,1.0144212245941162,2.037127484004879,1.7962741190378744,1.2829577922821045,1.0363922119140625,1.0144212245941162,0.009147794219765224,-0.022965935589855047,0.05829047322153717
1776514920.2473676,1.776060716503885e-06,3.087633230854881e-07,0.0,0.0,1.010517954826355,2.0372026665799603,1.7958933549776435,1.2703183889389038,1.0302988290786743,1.010517954826355,0.009147793975099863,-0.0229659362054635,0.058290472735746814
1776514920.3069692,1.7761969567713662e-06,3.1371241916679594e-07,0.0,0.0,1.010517954826355,2.0372026665799603,1.7958933549776435,1.2703183889389038,1.0302988290786743,1.010517954826355,0.00914779373185623,-0.0229659368311248,0.05829047224993052
1776514920.3469589,1.7761969567713662e-06,3.1371241916679594e-07,0.0,0.0,1.010517954826355,2.0372026665799603,1.7958933549776435,1.2703183889389038,1.0302988290786743,1.010517954826355,0.00914779373185623,-0.0229659368311248,0.05829047224993052
1776514920.3984716,1.776342741666973e-06,3.180758148732422e-07,0.0,0.0,1.0106998682022095,2.036737288731761,1.7960918177847978,1.2844010591506958,1.0381555557250977,1.0106998682022095,0.009147793491833053,-0.022965937476763454,0.05829047176424775
1776514920.4491146,1.776405305460247e-06,3.1837063075502915e-07,0.0,0.0,1.0106998682022095,2.036737288731761,1.7960918177847978,1.2844010591506958,1.0381555557250977,1.0106998682022095,0.009147793254854845,-0.02296593814379433,0.058290471278107776
1776514920.4998775,1.776405305460247e-06,3.1837063075502915e-07,0.0,0.0,1.0106998682022095,2.036737288731761,1.7960918177847978,1.2844010591506958,1.0381555557250977,1.0106998682022095,0.009147793254854845,-0.02296593814379433,0.058290471278107776
1776514920.5472214,1.7765580503236368e-06,3.236792173484195e-07,0.0,0.0,1.0106998682022095,2.036737288731761,1.7960918177847978,1.2844010591506958,1.0381555557250977,1.0106998682022095,0.009147793019350437,-0.02296593882152642,0.05829047079184462
1776514920.5969265,1.7767238986394207e-06,3.2869113859693896e-07,0.0,0.0,1.0138837099075317,2.0370484244261045,1.7962232705892902,1.2780817747116089,1.034409523010254,1.0138837099075317,0.009147792786901346,-0.022965939518446277,0.05829047030567602
1776514920.657104,1.7767238986394207e-06,3.2869113859693896e-07,0.0,0.0,1.0138837099075317,2.0370484244261045,1.7962232705892902,1.2780817747116089,1.034409523010254,1.0138837099075317,0.009147792786901346,-0.022965939518446277,0.05829047030567602
1776514920.6982255,1.7767893124076436e-06,3.290140766925649e-07,0.0,0.0,1.0138837099075317,2.0370484244261045,1.7962232705892902,1.2780817747116089,1.034409523010254,1.0138837099075317,0.009147792557830377,-0.022965940238663496,0.058290469819015395
1776514920.7470973,1.7769787586848013e-06,3.353176299888167e-07,0.0,0.0,1.0138837099075317,2.0370484244261045,1.7962232705892902,1.2780817747116089,1.034409523010254,1.0138837099075317,0.009147792330400539,-0.02296594097064153,0.058290469332206586
1776514920.798964,1.7769787586848013e-06,3.353176299888167e-07,0.0,0.0,1.006546139717102,2.037302470008716,1.796560004957223,1.2822856903076172,1.028900146484375,1.006546139717102,0.009147792330400539,-0.02296594097064153,0.058290469332206586
1776514920.8469422,1.7769787586848013e-06,3.353176299888167e-07,0.0,0.0,1.006546139717102,2.037302470008716,1.796560004957223,1.2822856903076172,1.028900146484375,1.006546139717102,0.009147792330400539,-0.02296594097064153,0.058290469332206586
1776514920.9022224,1.7771560980067114e-06,3.404586196926025e-07,0.0,0.0,1.006546139717102,2.037302470008716,1.796560004957223,1.2822856903076172,1.028900146484375,1.006546139717102,0.009147792106059215,-0.022965941722291827,0.05829046884540944
1776514920.951209,1.7772213352256912e-06,3.407826158210858e-07,0.0,0.0,1.006546139717102,2.037302470008716,1.796560004957223,1.2822856903076172,1.028900146484375,1.006546139717102,0.009147791885120233,-0.022965942497395808,0.05829046835806788
1776514920.9969528,1.7774684156592225e-06,3.488119206768252e-07,0.0,0.0,1.0129250288009644,2.0369325671120997,1.795778182520317,1.2786270380020142,1.0423951148986816,1.0129250288009644,0.009147791666099515,-0.022965943285721657,0.058290467870607716
1776514921.0520325,1.7776495761422761e-06,3.5357037277757983e-07,0.0,0.0,1.0129250288009644,2.0369325671120997,1.795778182520317,1.2786270380020142,1.0423951148986816,1.0129250288009644,0.00914779145043461,-0.02296594409566044,0.05829046738303494
1776514921.1140332,1.7776495761422761e-06,3.5357037277757983e-07,0.0,0.0,1.0129250288009644,2.0369325671120997,1.795778182520317,1.2786270380020142,1.0423951148986816,1.0129250288009644,0.00914779145043461,-0.02296594409566044,0.05829046738303494
1776514921.147749,1.777748171374464e-06,3.553260578016843e-07,0.0,0.0,1.0132774114608765,2.037617851141754,1.7960683262556154,1.2702361345291138,1.0392261743545532,1.0132774114608765,0.009147791237984568,-0.022965944928230453,0.05829046689477424
1776514921.1981802,1.7780465445992536e-06,3.643495602625835e-07,0.0,0.0,1.0132774114608765,2.037617851141754,1.7960683262556154,1.2702361345291138,1.0392261743545532,1.0132774114608765,0.009147791027741124,-0.022965945775713426,0.05829046640640863
1776514921.248158,1.7780465445992536e-06,3.643495602625835e-07,0.0,0.0,1.0132774114608765,2.037617851141754,1.7960683262556154,1.2702361345291138,1.0392261743545532,1.0132774114608765,0.009147791027741124,-0.022965945775713426,0.05829046640640863
1776514921.299952,1.7782022651607182e-06,3.680013232027051e-07,0.0,0.0,1.0132774114608765,2.037617851141754,1.7960683262556154,1.2702361345291138,1.0392261743545532,1.0132774114608765,0.009147790821417676,-0.02296594664759377,0.05829046591785108
1776514921.350943,1.7783785177677207e-06,3.7259753859801014e-07,0.0,0.0,1.0009629726409912,2.037003630294941,1.7962373054496763,1.2795106172561646,1.0382431745529175,1.0009629726409912,0.00914779061812638,-0.022965947539382192,0.0582904654288047
1776514921.3970838,1.7783785177677207e-06,3.7259753859801014e-07,0.0,0.0,1.0009629726409912,2.037003630294941,1.7962373054496763,1.2795106172561646,1.0382431745529175,1.0009629726409912,0.00914779061812638,-0.022965947539382192,0.0582904654288047
1776514921.4471147,1.778712405302837e-06,3.817975611398923e-07,0.0,0.0,1.0009629726409912,2.037003630294941,1.7962373054496763,1.2795106172561646,1.0382431745529175,1.0009629726409912,0.009147790416747398,-0.022965948444618522,0.05829046493957817
1776514921.4970453,1.7788731100737866e-06,3.837915086408902e-07,0.0,0.0,1.0050349235534668,2.0368929924951673,1.7963007923601608,1.2833343744277954,1.0397144556045532,1.0050349235534668,0.009147790220112601,-0.022965949380564954,0.05829046444950877
1776514921.5480115,1.77918825128272e-06,3.9324259615794e-07,0.0,0.0,1.0050349235534668,2.0368929924951673,1.7963007923601608,1.2833343744277954,1.0397144556045532,1.0050349235534668,0.009147790025970786,-0.022965950336128138,0.05829046395842811
1776514921.5970845,1.7794886907055083e-06,4.0334691294680267e-07,0.0,0.0,1.0050349235534668,2.0368929924951673,1.7963007923601608,1.2833343744277954,1.0397144556045532,1.0050349235534668,0.0091477898342394,-0.022965951308834054,0.058290463466984584
1776514921.6491141,1.7795900911907682e-06,4.051923249350747e-07,0.0,0.0,1.0049372911453247,2.0369192491958366,1.796296311430685,1.2896151542663574,1.0303585529327393,1.0049372911453247,0.009147789651222638,-0.022965952318915406,0.0582904629764124
1776514921.6969492,1.7799638039268027e-06,4.114037026403553e-07,0.0,0.0,1.0049372911453247,2.0369192491958366,1.796296311430685,1.2896151542663574,1.0303585529327393,1.0049372911453247,0.009147789470948471,-0.022965953344141088,0.05829046248593284
1776514921.7470663,1.7799638039268027e-06,4.114037026403553e-07,0.0,0.0,1.0049372911453247,2.0369192491958366,1.796296311430685,1.2896151542663574,1.0303585529327393,1.0049372911453247,0.009147789470948471,-0.022965953344141088,0.05829046248593284
1776514921.8000648,1.7802088674537837e-06,4.1250006386947465e-07,0.0,0.0,1.0045288801193237,2.037403756881841,1.7961799476144926,1.2747952938079834,1.035658836364746,1.0045288801193237,0.009147789289123092,-0.022965954369484454,0.05829046199412633
1776514921.8469508,1.7801225413911054e-06,4.3372755509215145e-07,0.0,0.0,1.0045288801193237,2.037403756881841,1.7961799476144926,1.2747952938079834,1.035658836364746,1.0045288801193237,0.009147789102072937,-0.022965955368870805,0.05829046150135695
1776514921.9009426,1.7801206890919377e-06,4.670898576987983e-07,0.0,0.0,1.0045288801193237,2.037403756881841,1.7961799476144926,1.2747952938079834,1.035658836364746,1.0045288801193237,0.009147788916897423,-0.02296595637936072,0.05829046100942637
1776514921.9468997,1.7802320961840144e-06,4.733187982232185e-07,0.0,0.0,1.0077942609786987,2.0371312640752097,1.7961238087070577,1.276210069656372,1.0303794145584106,1.0077942609786987,0.009147788774387055,-0.022965957569792916,0.05829046052602227
1776514921.9990487,1.7802151505241817e-06,3.9036965385008246e-07,0.0,0.0,1.0077942609786987,2.0371312640752097,1.7961238087070577,1.276210069656372,1.0303794145584106,1.0077942609786987,0.009147788774387055,-0.022965957569792916,0.05829046052602227
1776514922.0483522,1.7808483854769916e-06,3.1294382972330744e-07,0.0,0.0,1.0077942609786987,2.0371312640752097,1.7961238087070577,1.276210069656372,1.0303794145584106,1.0077942609786987,0.009147788511271192,-0.022965960017534925,0.05829045954880375
1776514922.0971985,1.7834542243298265e-06,5.422008889073851e-07,0.0,0.0,1.0137481689453125,2.0369883335706374,1.796259301972034,1.2918195724487305,1.035367727279663,1.0137481689453125,0.009147788255983563,-0.022965960681048614,0.05829045900871458
1776514922.1501188,1.7834542243298265e-06,5.422008889073851e-07,0.0,0.0,1.0137481689453125,2.0369883335706374,1.796259301972034,1.2918195724487305,1.035367727279663,1.0137481689453125,0.009147788255983563,-0.022965960681048614,0.05829045900871458
1776514922.1971436,1.7864070294905053e-06,9.017488683479933e-07,0.0,0.0,1.0137481689453125,2.0369883335706374,1.796259301972034,1.2918195724487305,1.035367727279663,1.0137481689453125,0.009147787998720368,-0.022965961421194336,0.05829045845499896
1776514922.2469516,1.785082166947333e-06,1.0246111300356108e-06,0.0,0.0,1.0010418891906738,2.037137777467881,1.796510371963767,1.2796146869659424,1.0355629920959473,1.0010418891906738,0.00914778798610183,-0.022965963470535478,0.05829045795913486
1776514922.2970476,1.7822841494341947e-06,5.334424197616307e-07,0.0,0.0,1.0010418891906738,2.037137777467881,1.796510371963767,1.2796146869659424,1.0355629920959473,1.0010418891906738,0.009147788103155297,-0.022965966014421024,0.05829045752491452
1776514922.349613,1.7803940165493443e-06,8.444867310733195e-08,0.0,0.0,1.0010418891906738,2.037137777467881,1.796510371963767,1.2796146869659424,1.0355629920959473,1.0010418891906738,0.009147788193211891,-0.022965968288495286,0.058290457105141115
1776514922.3971164,1.7803940165493443e-06,8.444867310733195e-08,0.0,0.0,1.0171587467193604,2.0371376761234434,1.7956845255889193,1.2828859090805054,1.0257714986801147,1.0171587467193604,0.009147788193211891,-0.022965968288495286,0.058290457105141115
1776514922.4474378,1.779735550872273e-06,-3.0180899062946165e-07,0.0,0.0,1.0171587467193604,2.0371376761234434,1.7956845255889193,1.2828859090805054,1.0257714986801147,1.0171587467193604,0.009147787534579035,-0.022965968419958127,0.058290456100263316
1776514922.4969497,1.779735550872273e-06,-3.0180899062946165e-07,0.0,0.0,1.0171587467193604,2.0371376761234434,1.7956845255889193,1.2828859090805054,1.0257714986801147,1.0171587467193604,0.009147787534579035,-0.022965968419958127,0.058290456100263316
1776514922.546682,1.7778340587064484e-06,-3.3770929618803174e-07,0.0,0.0,1.0153123140335083,2.0370071004872847,1.7962960033797515,1.2656141519546509,1.0392799377441406,1.0153123140335083,0.00914778681334898,-0.02296596639695503,0.05829045553650095
1776514922.5971937,1.7727332236764485e-06,-1.787081151055386e-07,0.0,0.0,1.0153123140335083,2.0370071004872847,1.7962960033797515,1.2656141519546509,1.0392799377441406,1.0153123140335083,0.009147786470147072,-0.022965966275227068,0.05829045516919073
1776514922.646842,1.7754984282578324e-06,-1.5091661588315065e-07,0.0,0.0,1.0128854513168335,2.037120436761911,1.7964168185627165,1.2847704887390137,1.0348581075668335,1.0128854513168335,0.009147786365747111,-0.022965967674949184,0.0582904548347952
1776514922.6978822,1.7754984282578324e-06,-1.5091661588315065e-07,0.0,0.0,1.0128854513168335,2.037120436761911,1.7964168185627165,1.2847704887390137,1.0348581075668335,1.0128854513168335,0.009147786365747111,-0.022965967674949184,0.0582904548347952
1776514922.7469652,1.7770115905352003e-06,-1.4377401898333663e-07,0.0,0.0,1.0128854513168335,2.037120436761911,1.7964168185627165,1.2847704887390137,1.0348581075668335,1.0128854513168335,0.009147786282634494,-0.02296596935557238,0.05829045446451
1776514922.7969484,1.7770115905352003e-06,-1.4377401898333663e-07,0.0,0.0,1.0128854513168335,2.037120436761911,1.7964168185627165,1.2847704887390137,1.0348581075668335,1.0128854513168335,0.009147786282634494,-0.02296596935557238,0.05829045446451
1776514922.8470662,1.7777249431615672e-06,-1.412913218908683e-07,0.0,0.0,1.0128854513168335,2.037120436761911,1.7964168185627165,1.2847704887390137,1.0348581075668335,1.0128854513168335,0.0091477862050931,-0.02296597112109877,0.05829045407578674
1776514922.9005644,1.7781222483690832e-06,-1.4029575077600886e-07,0.0,0.0,1.009217381477356,2.0372367225015307,1.7957472480257102,1.2922379970550537,1.0374058485031128,1.009217381477356,0.009147786131696868,-0.02296597291855651,0.05829045367801399
1776514922.94892,1.77839620763203e-06,-1.398100327315486e-07,0.0,0.0,1.009217381477356,2.0372367225015307,1.7957472480257102,1.2922379970550537,1.0374058485031128,1.009217381477356,0.009147786062005465,-0.02296597473028239,0.058290453274855214
1776514922.9984076,1.77839620763203e-06,-1.398100327315486e-07,0.0,0.0,1.009217381477356,2.0372367225015307,1.7957472480257102,1.2922379970550537,1.0374058485031128,1.009217381477356,0.009147786062005465,-0.02296597473028239,0.058290453274855214
1776514923.0510836,1.7786184883963328e-06,-1.395035924495749e-07,0.0,0.0,1.0159673690795898,2.0366824606190557,1.7963287070851828,1.2879040241241455,1.0349979400634766,1.0159673690795898,0.009147785995707317,-0.022965976550088474,0.0582904528677574
1776514923.0970576,1.7788119764717862e-06,-1.3926837077792376e-07,0.0,0.0,1.0159673690795898,2.0366824606190557,1.7963287070851828,1.2879040241241455,1.0349979400634766,1.0159673690795898,0.009147785932533195,-0.02296597837567038,0.058290452457356604
1776514923.1469908,1.7789875775072164e-06,-1.390667778592149e-07,0.0,0.0,1.0159673690795898,2.0366824606190557,1.7963287070851828,1.2879040241241455,1.0349979400634766,1.0159673690795898,0.009147785872244876,-0.022965980206014258,0.05829045204404332
1776514923.1969583,1.7791480454029697e-06,-1.3888194526266436e-07,0.0,0.0,1.0174336433410645,2.036997885973116,1.79652338286196,1.2773799896240234,1.035470962524414,1.0174336433410645,0.00914778581461831,-0.02296598204058542,0.058290451628063476
1776514923.2464163,1.7792951504815688e-06,-1.3871313811800525e-07,0.0,0.0,1.0174336433410645,2.036997885973116,1.79652338286196,1.2773799896240234,1.035470962524414,1.0174336433410645,0.00914778581461831,-0.02296598204058542,0.058290451628063476
1776514923.2969477,1.77943065113925e-06,-1.3855387654066503e-07,0.0,0.0,1.0174336433410645,2.036997885973116,1.79652338286196,1.2773799896240234,1.035470962524414,1.0174336433410645,0.009147785706556444,-0.022965985720972526,0.05829045078895131
1776514923.3539524,1.77943065113925e-06,-1.3855387654066503e-07,0.0,0.0,1.0174336433410645,2.036997885973116,1.79652338286196,1.2773799896240234,1.035470962524414,1.0174336433410645,0.009147785706556444,-0.022965985720972526,0.05829045078895131
1776514923.3989336,1.77943065113925e-06,-1.3855387654066503e-07,0.0,0.0,1.0154578685760498,2.0373361888139145,1.79593753019452,1.2716411352157593,1.041691780090332,1.0154578685760498,0.009147785706556444,-0.022965985720972526,0.05829045078895131
1776514923.4479442,1.7796712935508558e-06,-1.3826986694741667e-07,0.0,0.0,1.0154578685760498,2.0373361888139145,1.79593753019452,1.2716411352157593,1.041691780090332,1.0154578685760498,0.00914778565576017,-0.022965987566212043,0.0582904503661922
1776514923.4973042,1.779777072762728e-06,-1.381429760299089e-07,0.0,0.0,1.0147570371627808,2.0369953891946473,1.796818982657427,1.2920664548873901,1.0337125062942505,1.0147570371627808,0.00914778555983731,-0.022965991265488483,0.05829044951505205
1776514923.5499725,1.7798742863047245e-06,-1.3802370932872874e-07,0.0,0.0,1.0147570371627808,2.0369953891946473,1.796818982657427,1.2920664548873901,1.0337125062942505,1.0147570371627808,0.009147785514428386,-0.022965993119076433,0.05829044908696161
1776514923.5970771,1.7799642890653709e-06,-1.3791257169052318e-07,0.0,0.0,1.0147570371627808,2.0369953891946473,1.796818982657427,1.2920664548873901,1.0337125062942505,1.0147570371627808,0.009147785470546965,-0.022965994975038928,0.05829044865735666
1776514923.6539602,1.7800474694646433e-06,-1.3780702010922946e-07,0.0,0.0,1.016746163368225,2.0369529699860185,1.7961345689143022,1.2872422933578491,1.033894419670105,1.016746163368225,0.00914778542807668,-0.022965996833224533,0.05829044822635822
1776514923.7013593,1.7801230337976375e-06,-1.3770764024191994e-07,0.0,0.0,1.016746163368225,2.0369529699860185,1.7961345689143022,1.2872422933578491,1.033894419670105,1.016746163368225,0.00914778538691183,-0.022965998693444956,0.058290447794066995
1776514923.7511394,1.7801926948198086e-06,-1.3761591125279476e-07,0.0,0.0,1.0169892311096191,2.0367712014036856,1.7957112117576726,1.2830137014389038,1.0360140800476074,1.0169892311096191,0.009147785346951848,-0.022966000555554533,0.05829044736058327
1776514923.7966883,1.7802569938378266e-06,-1.3752856084631218e-07,0.0,0.0,1.0169892311096191,2.0367712014036856,1.7957112117576726,1.2830137014389038,1.0360140800476074,1.0169892311096191,0.009147785308106629,-0.022966002419413822,0.05829044692599937
1776514923.8495743,1.7802569938378266e-06,-1.3752856084631218e-07,0.0,0.0,1.0169892311096191,2.0367712014036856,1.7957112117576726,1.2830137014389038,1.0360140800476074,1.0169892311096191,0.009147785308106629,-0.022966002419413822,0.05829044692599937
1776514923.8981674,1.7803160401065026e-06,-1.3744606791921143e-07,0.0,0.0,1.0169892311096191,2.0367712014036856,1.7957112117576726,1.2830137014389038,1.0360140800476074,1.0169892311096191,0.00914778527029004,-0.022966004284889152,0.05829044649040025
1776514923.9467144,1.780370403880779e-06,-1.3736962142466335e-07,0.0,0.0,1.0111193656921387,2.037237884709396,1.7961362782348707,1.2764308452606201,1.026429295539856,1.0111193656921387,0.009147785233424226,-0.022966006151852625,0.058290446053864894
1776514923.9967265,1.7804196865682219e-06,-1.3729720630477584e-07,0.0,0.0,1.0111193656921387,2.037237884709396,1.7961362782348707,1.2764308452606201,1.026429295539856,1.0111193656921387,0.00914778519743717,-0.022966008020201212,0.05829044561645928
1776514924.046583,1.7805067468108503e-06,-1.3716386504005818e-07,0.0,0.0,1.0156065225601196,2.0375154305121943,1.7955325912081692,1.2715561389923096,1.0436044931411743,1.0156065225601196,0.009147785127837284,-0.022966011760661598,0.05829044473931198
1776514924.0994012,1.7805459027772914e-06,-1.3710275645492416e-07,0.0,0.0,1.0156065225601196,2.0375154305121943,1.7955325912081692,1.2715561389923096,1.0436044931411743,1.0156065225601196,0.009147785094107793,-0.022966013632580218,0.058290444299695085
1776514924.1470559,1.780580687481431e-06,-1.3704413186592908e-07,0.0,0.0,1.004051685333252,2.0366199695876523,1.7967360752570127,1.269249439239502,1.0346488952636719,1.004051685333252,0.009147785061016895,-0.022966015505522908,0.05829044385943984
1776514924.1965692,1.7806124226484758e-06,-1.3698884204569094e-07,0.0,0.0,1.004051685333252,2.0366199695876523,1.7967360752570127,1.269249439239502,1.0346488952636719,1.004051685333252,0.009147785028518571,-0.02296601737941195,0.05829044341860513
1776514924.2517588,1.7806416227780395e-06,-1.3693621992544372e-07,0.0,0.0,1.006506085395813,2.0371158480313394,1.7963072091648002,1.2824440002441406,1.0376269817352295,1.006506085395813,0.009147784996569853,-0.02296601925417452,0.05829044297723879
1776514924.2966137,1.780668208054555e-06,-1.3688714914477515e-07,0.0,0.0,1.006506085395813,2.0371158480313394,1.7963072091648002,1.2824440002441406,1.0376269817352295,1.006506085395813,0.009147784965126061,-0.022966021129743996,0.058290442535374416
1776514924.3482125,1.7806925159581232e-06,-1.3683988519591709e-07,0.0,0.0,1.006506085395813,2.0371158480313394,1.7963072091648002,1.2824440002441406,1.0376269817352295,1.006506085395813,0.009147784934151009,-0.022966023006063985,0.05829044209305401
1776514924.4025593,1.7806925159581232e-06,-1.3683988519591709e-07,0.0,0.0,1.0081173181533813,2.037429441025034,1.7963206609751694,1.2872824668884277,1.0442674160003662,1.0081173181533813,0.009147784934151009,-0.022966023006063985,0.05829044209305401
1776514924.446871,1.7807144215161762e-06,-1.367940867641608e-07,0.0,0.0,1.0081173181533813,2.037429441025034,1.7963206609751694,1.2872824668884277,1.0442674160003662,1.0081173181533813,0.009147784903607795,-0.022966024883090963,0.058290441650310554
1776514924.4995284,1.7807348533394185e-06,-1.367511306982893e-07,0.0,0.0,1.0081173181533813,2.037429441025034,1.7963206609751694,1.2872824668884277,1.0442674160003662,1.0081173181533813,0.009147784873465917,-0.02296602676076187,0.058290441207182145
1776514924.5505927,1.7807530283272559e-06,-1.3670893190520884e-07,0.0,0.0,1.0124863386154175,2.03761734111126,1.7963573167454794,1.2815160751342773,1.024580478668213,1.0124863386154175,0.009147784843693248,-0.022966028639030522,0.05829044076369071
1776514924.596353,1.7807845401618432e-06,-1.3663044452559532e-07,0.0,0.0,1.0124863386154175,2.03761734111126,1.7963573167454794,1.2815160751342773,1.024580478668213,1.0124863386154175,0.009147784785148013,-0.02296603239722339,0.05829043987573558
1776514924.6517184,1.7807845401618432e-06,-1.3663044452559532e-07,0.0,0.0,1.0181633234024048,2.036864884356235,1.7962684426772402,1.280927300453186,1.033905029296875,1.0181633234024048,0.009147784785148013,-0.02296603239722339,0.05829043987573558
1776514924.6965942,1.7807982531034908e-06,-1.365931111678004e-07,0.0,0.0,1.0181633234024048,2.036864884356235,1.7962684426772402,1.280927300453186,1.033905029296875,1.0181633234024048,0.009147784756326487,-0.022966034277057457,0.05829043943132198
1776514924.755636,1.780820808277672e-06,-1.3652370013281438e-07,0.0,0.0,1.014182448387146,2.036893956204678,1.7962987470037375,1.2782442569732666,1.03794527053833,1.014182448387146,0.009147784699475806,-0.022966038038060965,0.05829043854173254
1776514924.802856,1.7808304147728142e-06,-1.364906944189815e-07,0.0,0.0,1.014182448387146,2.036893956204678,1.7962987470037375,1.2782442569732666,1.03794527053833,1.014182448387146,0.009147784671406978,-0.02296603991915802,0.058290438096593566
1776514924.8482,1.7808392485729441e-06,-1.3645854946100382e-07,0.0,0.0,1.014182448387146,2.036893956204678,1.7962987470037375,1.2782442569732666,1.03794527053833,1.014182448387146,0.009147784643553616,-0.022966041800618342,0.05829043765125115
1776514924.8984666,1.7808392485729441e-06,-1.3645854946100382e-07,0.0,0.0,1.0091757774353027,2.0370145225613125,1.796230155959209,1.2882722616195679,1.0385289192199707,1.0091757774353027,0.009147784643553616,-0.022966041800618342,0.05829043765125115
1776514924.9466276,1.780847019470536e-06,-1.3642716205560984e-07,0.0,0.0,1.0091757774353027,2.0370145225613125,1.796230155959209,1.2882722616195679,1.0385289192199707,1.0091757774353027,0.009147784615899027,-0.02296604368241839,0.05829043720572441
1776514924.9967053,1.7808537708812346e-06,-1.363969786529993e-07,0.0,0.0,1.0091757774353027,2.0370145225613125,1.796230155959209,1.2882722616195679,1.0385289192199707,1.0091757774353027,0.009147784588427913,-0.02296604556453241,0.05829043676001795
1776514925.057115,1.7808598109010079e-06,-1.3636710334826132e-07,0.0,0.0,1.0160526037216187,2.0370955745121817,1.7961951259609001,1.2728370428085327,1.0408565998077393,1.0160526037216187,0.009147784561128285,-0.022966047446942195,0.05829043631415778
1776514925.099602,1.7808598109010079e-06,-1.3636710334826132e-07,0.0,0.0,1.0160526037216187,2.0370955745121817,1.7961951259609001,1.2728370428085327,1.0408565998077393,1.0160526037216187,0.009147784561128285,-0.022966047446942195,0.05829043631415778
1776514925.1480463,1.780864887897881e-06,-1.36338253418198e-07,0.0,0.0,1.0160526037216187,2.0370955745121817,1.7961951259609001,1.2728370428085327,1.0408565998077393,1.0160526037216187,0.009147784533985431,-0.02296604932962465,0.05829043586814488
1776514925.2026076,1.780864887897881e-06,-1.36338253418198e-07,0.0,0.0,1.0160526037216187,2.0370955745121817,1.7961951259609001,1.2728370428085327,1.0408565998077393,1.0160526037216187,0.009147784533985431,-0.02296604932962465,0.05829043586814488
1776514925.2487195,1.780869001162483e-06,-1.3631067071500193e-07,0.0,0.0,1.0160526037216187,2.0370955745121817,1.7961951259609001,1.2728370428085327,1.0408565998077393,1.0160526037216187,0.00914778450698902,-0.02296605121257178,0.05829043542199429
1776514925.301596,1.7808730681132361e-06,-1.362840333555774e-07,0.0,0.0,1.0096142292022705,2.0369194705215015,1.796020379236522,1.2893058061599731,1.0378328561782837,1.0096142292022705,0.009147784480129493,-0.022966053095753836,0.05829043497572291
1776514925.3467407,1.7808764869358988e-06,-1.3625674952338255e-07,0.0,0.0,1.0096142292022705,2.0369194705215015,1.796020379236522,1.2893058061599731,1.0378328561782837,1.0096142292022705,0.009147784453394042,-0.02296605497916815,0.058290434529329735
1776514925.3980765,1.7808764869358988e-06,-1.3625674952338255e-07,0.0,0.0,1.0096142292022705,2.0369194705215015,1.796020379236522,1.2893058061599731,1.0378328561782837,1.0096142292022705,0.009147784453394042,-0.02296605497916815,0.058290434529329735
1776514925.4525986,1.7808784151913275e-06,-1.3622994998294497e-07,0.0,0.0,1.0166606903076172,2.0370036664657523,1.7953309392731984,1.2781678438186646,1.0404319763183594,1.0166606903076172,0.009147784426776304,-0.022966056862786743,0.05829043408282967
1776514925.4995768,1.7808805667217894e-06,-1.3620446416061373e-07,0.0,0.0,1.0166606903076172,2.0370036664657523,1.7953309392731984,1.2781678438186646,1.0404319763183594,1.0166606903076172,0.009147784400265124,-0.022966058746617612,0.05829043363623411
1776514925.547197,1.7808835952945958e-06,-1.3615331352170836e-07,0.0,0.0,1.013554573059082,2.0372450742095185,1.7964506617218647,1.2832573652267456,1.039328694343567,1.013554573059082,0.0091477843475354,-0.02296606251484823,0.058290432742772916
1776514925.596829,1.7808835952945958e-06,-1.3615331352170836e-07,0.0,0.0,1.013554573059082,2.0372450742095185,1.7964506617218647,1.2832573652267456,1.039328694343567,1.013554573059082,0.0091477843475354,-0.02296606251484823,0.058290432742772916
1776514925.6465075,1.7808840887092102e-06,-1.3610564467188484e-07,0.0,0.0,1.013554573059082,2.0372450742095185,1.7964506617218647,1.2832573652267456,1.039328694343567,1.013554573059082,0.009147784295153186,-0.022966066283741426,0.05829043184900555
1776514925.698735,1.7808840887092102e-06,-1.3610564467188484e-07,0.0,0.0,1.0136154890060425,2.036918511664173,1.7955311054984522,1.2952277660369873,1.0392942428588867,1.0136154890060425,0.009147784295153186,-0.022966066283741426,0.05829043184900555
1776514925.7582371,1.7808843113634368e-06,-1.3608283147801662e-07,0.0,0.0,1.0136154890060425,2.036918511664173,1.7955311054984522,1.2952277660369873,1.0392942428588867,1.0136154890060425,0.009147784269077178,-0.022966068168413845,0.05829043140202581
1776514925.797784,1.7808842353722497e-06,-1.360585965344793e-07,0.0,0.0,1.0136154890060425,2.036918511664173,1.7955311054984522,1.2952277660369873,1.0392942428588867,1.0136154890060425,0.009147784243069437,-0.022966070053231036,0.058290430954981994
1776514925.850537,1.7808836295904226e-06,-1.3603568159166164e-07,0.0,0.0,1.0159600973129272,2.036990966761586,1.796106716445534,1.2860310077667236,1.0380479097366333,1.0159600973129272,0.009147784217127544,-0.02296607193817346,0.05829043050788509
1776514925.8966138,1.780882679191833e-06,-1.3601319551542414e-07,0.0,0.0,1.0159600973129272,2.036990966761586,1.796106716445534,1.2860310077667236,1.0380479097366333,1.0159600973129272,0.009147784191245767,-0.022966073823235345,0.058290430060735504
1776514925.9477296,1.780882679191833e-06,-1.3601319551542414e-07,0.0,0.0,1.0159600973129272,2.036990966761586,1.796106716445534,1.2860310077667236,1.0380479097366333,1.0159600973129272,0.009147784191245767,-0.022966073823235345,0.058290430060735504
1776514926.001738,1.780880765149839e-06,-1.3599150440098205e-07,0.0,0.0,1.0119729042053223,2.0373495829314905,1.7959270338133138,1.2823330163955688,1.0330142974853516,1.0119729042053223,0.009147784165418817,-0.022966075708433564,0.058290429613540674
1776514926.046607,1.7808801052155046e-06,-1.3596729477736618e-07,0.0,0.0,1.0119729042053223,2.0373495829314905,1.7959270338133138,1.2823330163955688,1.0330142974853516,1.0119729042053223,0.009147784139644389,-0.022966077593737477,0.058290429166299056
1776514926.0968325,1.7808783254021738e-06,-1.359461441405804e-07,0.0,0.0,1.0119729042053223,2.0373495829314905,1.7959270338133138,1.2823330163955688,1.0330142974853516,1.0119729042053223,0.009147784113918178,-0.022966079479152857,0.05829042871902168
1776514926.1536229,1.780876593884996e-06,-1.3592437867126158e-07,0.0,0.0,1.0087997913360596,2.0373585793180227,1.7957332993347723,1.2784117460250854,1.0352815389633179,1.0087997913360596,0.009147784088237701,-0.02296608136467837,0.05829042827170691
1776514926.1986144,1.7808751291792636e-06,-1.3590232665788351e-07,0.0,0.0,1.0087997913360596,2.0373585793180227,1.7957332993347723,1.2784117460250854,1.0352815389633179,1.0087997913360596,0.009147784062599263,-0.022966083250290925,0.05829042782435686
1776514926.2466264,1.7808751291792636e-06,-1.3590232665788351e-07,0.0,0.0,1.0087997913360596,2.0373585793180227,1.7957332993347723,1.2784117460250854,1.0352815389633179,1.0087997913360596,0.009147784062599263,-0.022966083250290925,0.05829042782435686
1776514926.2966335,1.7808717006542637e-06,-1.3588211243431605e-07,0.0,0.0,1.0127842426300049,2.0371895741798833,1.7961999031105127,1.2798463106155396,1.035575270652771,1.0127842426300049,0.0091477840370011,-0.02296608513600429,0.05829042737697519
1776514926.3474565,1.7808698735501234e-06,-1.3585851741442357e-07,0.0,0.0,1.0127842426300049,2.0371895741798833,1.7961999031105127,1.2798463106155396,1.035575270652771,1.0127842426300049,0.009147784011439952,-0.022966087021799364,0.058290426929571156
1776514926.4009268,1.7808673173018053e-06,-1.3583961519678064e-07,0.0,0.0,1.0127842426300049,2.0371895741798833,1.7961999031105127,1.2798463106155396,1.035575270652771,1.0127842426300049,0.009147783985914187,-0.022966088907682813,0.05829042648214301
1776514926.446937,1.7808673173018053e-06,-1.3583961519678064e-07,0.0,0.0,1.0127842426300049,2.0371895741798833,1.7961999031105127,1.2798463106155396,1.035575270652771,1.0127842426300049,0.009147783985914187,-0.022966088907682813,0.05829042648214301
1776514926.496736,1.7808615010713684e-06,-1.3579631530857393e-07,0.0,0.0,1.013504981994629,2.0373894948853484,1.7956324520470126,1.2817426919937134,1.0357766151428223,1.013504981994629,0.009147783934956251,-0.022966092679705508,0.05829042558720991
1776514926.5467436,1.7808615010713684e-06,-1.3579631530857393e-07,0.0,0.0,1.013504981994629,2.0373894948853484,1.7956324520470126,1.2817426919937134,1.0357766151428223,1.013504981994629,0.009147783934956251,-0.022966092679705508,0.05829042558720991
1776514926.6013384,1.7808595565070593e-06,-1.3577494719195935e-07,0.0,0.0,1.011083722114563,2.036735340911519,1.796547045385136,1.2934184074401855,1.0427278280258179,1.011083722114563,0.009147783909523026,-0.02296609456582921,0.05829042513972123
1776514926.6467237,1.7808567764990831e-06,-1.3575409685491495e-07,0.0,0.0,1.011083722114563,2.036735340911519,1.796547045385136,1.2934184074401855,1.0427278280258179,1.011083722114563,0.00914778388411425,-0.02296609645203418,0.058290424692203774
1776514926.6967459,1.7808534588048527e-06,-1.35734018784714e-07,0.0,0.0,1.0085986852645874,2.0373746938555466,1.7966174476498322,1.2728466987609863,1.036468267440796,1.0085986852645874,0.009147783858732942,-0.02296609833830754,0.05829042424467719
1776514926.746733,1.7808497812582936e-06,-1.3571371660170158e-07,0.0,0.0,1.0085986852645874,2.0373746938555466,1.7966174476498322,1.2728466987609863,1.036468267440796,1.0085986852645874,0.00914778383337319,-0.022966100224655506,0.05829042379713101
1776514926.796624,1.7808473509541098e-06,-1.3569215892172295e-07,0.0,0.0,1.0085986852645874,2.0373746938555466,1.7966174476498322,1.2728466987609863,1.036468267440796,1.0085986852645874,0.009147783808036708,-0.02296610211107497,0.05829042334957233
1776514926.8466153,1.7808435313984826e-06,-1.3567296031853046e-07,0.0,0.0,1.0098227262496948,2.036945459359669,1.7965557142766306,1.2833573818206787,1.0383378267288208,1.0098227262496948,0.00914778378272272,-0.02296610399754684,0.058290422902006686
1776514926.8967285,1.780840476918064e-06,-1.356518552988873e-07,0.0,0.0,1.0098227262496948,2.036945459359669,1.7965557142766306,1.2833573818206787,1.0383378267288208,1.0098227262496948,0.009147783757428115,-0.02296610588409287,0.05829042245443057
1776514926.9466321,1.7808373863623074e-06,-1.356291531606677e-07,0.0,0.0,1.0098227262496948,2.036945459359669,1.7965557142766306,1.2833573818206787,1.0383378267288208,1.0098227262496948,0.00914778373215042,-0.022966107770712174,0.058290422006833376
1776514927.0007215,1.7808373863623074e-06,-1.356291531606677e-07,0.0,0.0,1.0098227262496948,2.036945459359669,1.7965557142766306,1.2833573818206787,1.0383378267288208,1.0098227262496948,0.00914778373215042,-0.022966107770712174,0.058290422006833376
1776514927.046608,1.7808334725727296e-06,-1.3560984435963264e-07,0.0,0.0,1.008621335029602,2.037126407041029,1.7953676727387302,1.2792036533355713,1.0414735078811646,1.008621335029602,0.009147783706892997,-0.02296610965739898,0.05829042155923107
1776514927.097776,1.7808293939533247e-06,-1.3559221355658325e-07,0.0,0.0,1.008621335029602,2.037126407041029,1.7953676727387302,1.2792036533355713,1.0414735078811646,1.008621335029602,0.009147783681653313,-0.0229661115441262,0.058290421111631116
1776514927.1466117,1.7808293939533247e-06,-1.3559221355658325e-07,0.0,0.0,1.008621335029602,2.037126407041029,1.7953676727387302,1.2792036533355713,1.0414735078811646,1.008621335029602,0.009147783681653313,-0.0229661115441262,0.058290421111631116
1776514927.1966028,1.780827072986657e-06,-1.3557015612788646e-07,0.0,0.0,1.0164363384246826,2.037349383440644,1.796470481705355,1.286146879196167,1.037607192993164,1.0164363384246826,0.009147783656428715,-0.02296611343091648,0.05829042066401922
1776514927.246887,1.7808230705919128e-06,-1.3555103489163403e-07,0.0,0.0,1.0164363384246826,2.037349383440644,1.796470481705355,1.286146879196167,1.037607192993164,1.0164363384246826,0.009147783631218306,-0.02296611531776538,0.05829042021639005
1776514927.2977536,1.7808230705919128e-06,-1.3555103489163403e-07,0.0,0.0,1.0164363384246826,2.037349383440644,1.796470481705355,1.286146879196167,1.037607192993164,1.0164363384246826,0.009147783631218306,-0.02296611531776538,0.05829042021639005
1776514927.3488421,1.7808190478653574e-06,-1.3553091208202571e-07,0.0,0.0,1.0175414085388184,2.0370785740103354,1.7965294399409035,1.285499095916748,1.0324455499649048,1.0175414085388184,0.009147783606024725,-0.02296611720468178,0.05829041976876318
1776514927.3967135,1.7808153040864249e-06,-1.3551230840281452e-07,0.0,0.0,1.0175414085388184,2.0370785740103354,1.7965294399409035,1.285499095916748,1.0324455499649048,1.0175414085388184,0.009147783580845883,-0.02296611909164259,0.05829041932113702
1776514927.447347,1.7808153040864249e-06,-1.3551230840281452e-07,0.0,0.0,1.0175414085388184,2.0370785740103354,1.7965294399409035,1.285499095916748,1.0324455499649048,1.0175414085388184,0.009147783580845883,-0.02296611909164259,0.05829041932113702
1776514927.4967084,1.7808109485669165e-06,-1.3549090195446186e-07,0.0,0.0,1.0175414085388184,2.0370785740103354,1.7965294399409035,1.285499095916748,1.0324455499649048,1.0175414085388184,0.009147783555678125,-0.022966120978653137,0.05829041887349922
1776514927.546733,1.7808080402601074e-06,-1.3546993648152999e-07,0.0,0.0,1.0175414085388184,2.0370785740103354,1.7965294399409035,1.285499095916748,1.0324455499649048,1.0175414085388184,0.00914778353052453,-0.022966122865720973,0.05829041842586393
1776514927.5966241,1.7808080402601074e-06,-1.3546993648152999e-07,0.0,0.0,1.011576771736145,2.037353826274925,1.7961902843293018,1.2828572988510132,1.034751057624817,1.011576771736145,0.00914778353052453,-0.022966122865720973,0.05829041842586393
1776514927.653644,1.7808044675147779e-06,-1.3544993845192802e-07,0.0,0.0,1.011576771736145,2.037353826274925,1.7961902843293018,1.2828572988510132,1.034751057624817,1.011576771736145,0.009147783505381977,-0.022966124752866524,0.05829041797821508
1776514927.6967628,1.7808004357581474e-06,-1.3543069376123546e-07,0.0,0.0,1.011576771736145,2.037353826274925,1.7961902843293018,1.2828572988510132,1.034751057624817,1.011576771736145,0.00914778348025234,-0.022966126640046713,0.0582904175305671
1776514927.7469537,1.7807964914201021e-06,-1.3541236314764842e-07,0.0,0.0,1.0069562196731567,2.0369518771423003,1.7961104912948815,1.2725772857666016,1.0359867811203003,1.0069562196731567,0.00914778345513592,-0.022966128527258434,0.05829041708292359
1776514927.7966132,1.7807921040946728e-06,-1.3539186120696106e-07,0.0,0.0,1.0069562196731567,2.0369518771423003,1.7961104912948815,1.2725772857666016,1.0359867811203003,1.0069562196731567,0.009147783430030552,-0.022966130414513675,0.05829041663528281
1776514927.8476684,1.7807883668721368e-06,-1.3537005494858654e-07,0.0,0.0,1.0112245082855225,2.0370849027995375,1.7960114520681398,1.2788039445877075,1.0390725135803223,1.0112245082855225,0.00914778340493308,-0.02296613230185862,0.058290416187623255
1776514927.8967516,1.780784384819011e-06,-1.35350093642744e-07,0.0,0.0,1.0112245082855225,2.0370849027995375,1.7960114520681398,1.2788039445877075,1.0390725135803223,1.0112245082855225,0.00914778337984542,-0.02296613418925908,0.05829041573996288
1776514927.946771,1.7807801859592934e-06,-1.3533163710398935e-07,0.0,0.0,1.0112245082855225,2.0370849027995375,1.7960114520681398,1.2788039445877075,1.0390725135803223,1.0112245082855225,0.009147783354770005,-0.022966136076700394,0.05829041529230699
1776514927.9967299,1.7807761714042859e-06,-1.35313413708895e-07,0.0,0.0,1.0110350847244263,2.037324468699128,1.7966503783937589,1.2803324460983276,1.0374587774276733,1.0110350847244263,0.009147783329706002,-0.02296613796418656,0.058290414844653825
1776514928.0467808,1.7807719076930062e-06,-1.352921785187411e-07,0.0,0.0,1.0110350847244263,2.037324468699128,1.7966503783937589,1.2803324460983276,1.0374587774276733,1.0110350847244263,0.009147783304652574,-0.022966139851700262,0.05829041439700709
1776514928.0984316,1.7807680092728855e-06,-1.3527225973064454e-07,0.0,0.0,1.0110350847244263,2.037324468699128,1.7966503783937589,1.2803324460983276,1.0374587774276733,1.0110350847244263,0.009147783279605852,-0.0229661417392788,0.058290413949350715
1776514928.1470037,1.7807638239758513e-06,-1.3525207182633675e-07,0.0,0.0,1.0170727968215942,2.037075592013667,1.7958943183239464,1.2820154428482056,1.0285745859146118,1.0170727968215942,0.00914778325456647,-0.022966143626915958,0.0582904135016901
1776514928.1978889,1.7807597312404137e-06,-1.352328054030583e-07,0.0,0.0,1.0170727968215942,2.037075592013667,1.7958943183239464,1.2820154428482056,1.0285745859146118,1.0170727968215942,0.00914778325456647,-0.022966143626915958,0.0582904135016901
1776514928.246819,1.7807597312404137e-06,-1.352328054030583e-07,0.0,0.0,1.0170727968215942,2.037075592013667,1.7958943183239464,1.2820154428482056,1.0285745859146118,1.0170727968215942,0.009147783229534209,-0.022966145514607295,0.058290413054027025
1776514928.2996294,1.7807558960795242e-06,-1.3521256715628292e-07,0.0,0.0,1.0103192329406738,2.036922914247398,1.7961053860153524,1.2726619243621826,1.0318198204040527,1.0103192329406738,0.009147783204512955,-0.022966147402342152,0.058290412606368504
1776514928.347851,1.780751401768073e-06,-1.351942388218746e-07,0.0,0.0,1.0103192329406738,2.036922914247398,1.7961053860153524,1.2726619243621826,1.0318198204040527,1.0103192329406738,0.009147783179502763,-0.022966149290110316,0.058290412158718156
1776514928.3966618,1.7807474467561915e-06,-1.3517461865801665e-07,0.0,0.0,1.0103192329406738,2.036922914247398,1.7961053860153524,1.2726619243621826,1.0318198204040527,1.0103192329406738,0.009147783154501573,-0.0229661511779109,0.058290411711074325
1776514928.446572,1.7807474467561915e-06,-1.3517461865801665e-07,0.0,0.0,1.0028223991394043,2.037493204210336,1.7967399425060755,1.2897531986236572,1.0360842943191528,1.0028223991394043,0.009147783154501573,-0.0229661511779109,0.058290411711074325
1776514928.4965918,1.7807474467561915e-06,-1.3517461865801665e-07,0.0,0.0,1.0028223991394043,2.037493204210336,1.7967399425060755,1.2897531986236572,1.0360842943191528,1.0028223991394043,0.009147783154501573,-0.0229661511779109,0.058290411711074325
1776514928.5466132,1.7807433309166311e-06,-1.3515554124522099e-07,0.0,0.0,1.0028223991394043,2.037493204210336,1.7967399425060755,1.2897531986236572,1.0360842943191528,1.0028223991394043,0.009147783129507089,-0.022966153065758554,0.05829041126342631
1776514928.5967436,1.7807393289015782e-06,-1.351342667827942e-07,0.0,0.0,1.0028223991394043,2.037493204210336,1.7967399425060755,1.2897531986236572,1.0360842943191528,1.0028223991394043,0.00914778310451946,-0.02296615495366039,0.058290410815777675
1776514928.6469467,1.780735684752776e-06,-1.3511458416010945e-07,0.0,0.0,1.004704475402832,2.0375885492557733,1.796114550861545,1.2912489175796509,1.0435872077941895,1.004704475402832,0.009147783079537493,-0.022966156841627505,0.05829041036812486
1776514928.700162,1.7807314651459413e-06,-1.3509478988815805e-07,0.0,0.0,1.004704475402832,2.0375885492557733,1.796114550861545,1.2912489175796509,1.0435872077941895,1.004704475402832,0.009147783054561931,-0.022966158729646136,0.05829040992046966
1776514928.7566047,1.780726801631452e-06,-1.350758056260729e-07,0.0,0.0,1.004704475402832,2.0375885492557733,1.796114550861545,1.2912489175796509,1.0435872077941895,1.004704475402832,0.009147783029595465,-0.022966160617703846,0.05829040947281915
1776514928.7967188,1.7807227595860202e-06,-1.3505614644284443e-07,0.0,0.0,1.015259027481079,2.036715364478232,1.7965654531155095,1.2879688739776611,1.0393790006637573,1.015259027481079,0.009147783004638772,-0.022966162505798415,0.05829040902517689
1776514928.8501897,1.7807227595860202e-06,-1.3505614644284443e-07,0.0,0.0,1.015259027481079,2.036715364478232,1.7965654531155095,1.2879688739776611,1.0393790006637573,1.015259027481079,0.009147783004638772,-0.022966162505798415,0.05829040902517689
1776514928.902621,1.7807185402973552e-06,-1.3503706519095452e-07,0.0,0.0,1.015259027481079,2.036715364478232,1.7965654531155095,1.2879688739776611,1.0393790006637573,1.015259027481079,0.009147782979690617,-0.022966164393926736,0.05829040857753935
1776514928.9466257,1.7807145654372921e-06,-1.3501788230213916e-07,0.0,0.0,1.011089563369751,2.0370960019453053,1.796412120044462,1.2649768590927124,1.0299142599105835,1.011089563369751,0.009147782954748912,-0.022966166282086142,0.0582904081299013
1776514928.996738,1.78071044163102e-06,-1.3499651164489237e-07,0.0,0.0,1.011089563369751,2.0370960019453053,1.796412120044462,1.2649768590927124,1.0299142599105835,1.011089563369751,0.009147782929814018,-0.022966168170304613,0.05829040768226981
1776514929.0466905,1.780706325747877e-06,-1.3497773686588496e-07,0.0,0.0,1.0144264698028564,2.0373162260549584,1.7959638258980055,1.280579924583435,1.0350987911224365,1.0144264698028564,0.009147782904883998,-0.0229661700585857,0.058290407234628805
1776514929.0967522,1.7807022341448983e-06,-1.349578164932676e-07,0.0,0.0,1.0144264698028564,2.0373162260549584,1.7959638258980055,1.280579924583435,1.0350987911224365,1.0144264698028564,0.009147782879960657,-0.022966171946916525,0.0582904067869872
1776514929.151645,1.7806981148613712e-06,-1.3493769281059582e-07,0.0,0.0,1.0144264698028564,2.0373162260549584,1.7959638258980055,1.280579924583435,1.0350987911224365,1.0144264698028564,0.00914778285504414,-0.022966173835295756,0.0582904063393504
1776514929.2054913,1.7806937450432751e-06,-1.3491953124426917e-07,0.0,0.0,1.0067214965820312,2.0373821192378805,1.796139007646544,1.2813496589660645,1.04189133644104,1.0067214965820312,0.00914778283013516,-0.022966175723718507,0.05829040589171836
1776514929.2505898,1.7806895210956058e-06,-1.3490149063093655e-07,0.0,0.0,1.0067214965820312,2.0373821192378805,1.796139007646544,1.2813496589660645,1.04189133644104,1.0067214965820312,0.009147782805234123,-0.022966177612158134,0.058290405444092946
1776514929.3037317,1.7806854933107814e-06,-1.3488179624360994e-07,0.0,0.0,1.0067214965820312,2.0373821192378805,1.796139007646544,1.2813496589660645,1.04189133644104,1.0067214965820312,0.009147782780341882,-0.022966179500624406,0.058290404996477675
1776514929.3507361,1.7806854933107814e-06,-1.3488179624360994e-07,0.0,0.0,1.0151886940002441,2.0377154001805873,1.7960279670861925,1.2935621738433838,1.0438125133514404,1.0151886940002441,0.009147782780341882,-0.022966179500624406,0.058290404996477675
1776514929.3966234,1.7806814093385849e-06,-1.3486138356688465e-07,0.0,0.0,1.0151886940002441,2.0377154001805873,1.7960279670861925,1.2935621738433838,1.0438125133514404,1.0151886940002441,0.0091477827554548,-0.022966181389133755,0.058290404548860135
1776514929.4467125,1.7806773589813855e-06,-1.348412552620933e-07,0.0,0.0,1.0151886940002441,2.0377154001805873,1.7960279670861925,1.2935621738433838,1.0438125133514404,1.0151886940002441,0.009147782730573813,-0.022966183277707497,0.05829040410124018
1776514929.5178137,1.7806773589813855e-06,-1.348412552620933e-07,0.0,0.0,1.0151886940002441,2.0377154001805873,1.7960279670861925,1.2935621738433838,1.0438125133514404,1.0151886940002441,0.009147782730573813,-0.022966183277707497,0.05829040410124018
1776514929.547841,1.780673266480196e-06,-1.3482201174891816e-07,0.0,0.0,1.0108084678649902,2.0369831798916938,1.796328786815848,1.2800146341323853,1.0287094116210938,1.0108084678649902,0.009147782705697877,-0.022966185166328312,0.05829040365362154
1776514929.6027758,1.7806691971808349e-06,-1.3480112937986882e-07,0.0,0.0,1.0108084678649902,2.0369831798916938,1.796328786815848,1.2800146341323853,1.0287094116210938,1.0108084678649902,0.009147782680828227,-0.022966187054999754,0.058290403205998736
1776514929.6497812,1.7806691971808349e-06,-1.3480112937986882e-07,0.0,0.0,1.0108084678649902,2.0369831798916938,1.796328786815848,1.2800146341323853,1.0287094116210938,1.0108084678649902,0.009147782680828227,-0.022966187054999754,0.058290403205998736
1776514929.7006032,1.780664994745682e-06,-1.3478218961382836e-07,0.0,0.0,1.0108084678649902,2.0369831798916938,1.796328786815848,1.2800146341323853,1.0287094116210938,1.0108084678649902,0.009147782655965987,-0.022966188943738697,0.058290402758382404
1776514929.7537587,1.7806607439873342e-06,-1.3476241882240807e-07,0.0,0.0,1.0095356702804565,2.037046821772446,1.7957785289295771,1.2817686796188354,1.0379477739334106,1.0095356702804565,0.009147782631111108,-0.02296619083251006,0.05829040231076912
1776514929.796827,1.7806607439873342e-06,-1.3476241882240807e-07,0.0,0.0,1.0095356702804565,2.037046821772446,1.7957785289295771,1.2817686796188354,1.0379477739334106,1.0095356702804565,0.009147782631111108,-0.02296619083251006,0.05829040231076912
1776514929.8497424,1.7806565118766444e-06,-1.3474391905114348e-07,0.0,0.0,1.0095356702804565,2.037046821772446,1.7957785289295771,1.2817686796188354,1.0379477739334106,1.0095356702804565,0.009147782606263723,-0.022966192721308953,0.05829040186316423
1776514929.9028718,1.7806519968645073e-06,-1.347251111443446e-07,0.0,0.0,1.0132578611373901,2.037229409601598,1.796161896955105,1.2871071100234985,1.0382089614868164,1.0132578611373901,0.009147782581423715,-0.022966194610134494,0.058290401415565976
1776514930.00961,1.7806519968645073e-06,-1.347251111443446e-07,0.0,0.0,1.0132578611373901,2.037229409601598,1.796161896955105,1.2871071100234985,1.0382089614868164,1.0132578611373901,0.009147782581423715,-0.022966194610134494,0.058290401415565976
1776514930.0277092,1.7806519968645073e-06,-1.347251111443446e-07,0.0,0.0,1.0132578611373901,2.037229409601598,1.796161896955105,1.2871071100234985,1.0382089614868164,1.0132578611373901,0.009147782581423715,-0.022966194610134494,0.058290401415565976
1776514930.0629888,1.7806472825118478e-06,-1.347051670046386e-07,0.0,0.0,1.0132578611373901,2.037229409601598,1.796161896955105,1.2871071100234985,1.0382089614868164,1.0132578611373901,0.009147782556589403,-0.022966196499007996,0.0582904009679672
1776514930.0985107,1.7806430125306046e-06,-1.3468572330880182e-07,0.0,0.0,1.0132578611373901,2.037229409601598,1.796161896955105,1.2871071100234985,1.0382089614868164,1.0132578611373901,0.009147782531760186,-0.02296619838793612,0.05829040052036791
1776514930.1556296,1.7806430125306046e-06,-1.3468572330880182e-07,0.0,0.0,1.0132578611373901,2.037229409601598,1.796161896955105,1.2871071100234985,1.0382089614868164,1.0132578611373901,0.009147782531760186,-0.02296619838793612,0.05829040052036791
1776514930.2044528,1.7806399111580345e-06,-1.3466451010424778e-07,0.0,0.0,1.0155949592590332,2.0366303231515452,1.7960287804106132,1.279539704322815,1.0367177724838257,1.0155949592590332,0.009147782506937433,-0.02296620027691887,0.05829040007277342
1776514930.259685,1.7806399111580345e-06,-1.3466451010424778e-07,0.0,0.0,1.0155949592590332,2.0366303231515452,1.7960287804106132,1.279539704322815,1.0367177724838257,1.0155949592590332,0.009147782506937433,-0.02296620027691887,0.05829040007277342
1776514930.300718,1.7806360300834084e-06,-1.3464451046846957e-07,0.0,0.0,1.0155949592590332,2.0366303231515452,1.7960287804106132,1.279539704322815,1.0367177724838257,1.0155949592590332,0.009147782482118939,-0.0229662021659629,0.05829039962517124
1776514930.3472085,1.780631869527418e-06,-1.3462487949724962e-07,0.0,0.0,1.0155949592590332,2.0366303231515452,1.7960287804106132,1.279539704322815,1.0367177724838257,1.0155949592590332,0.009147782457307293,-0.022966204055047346,0.058290399177573886
1776514930.39898,1.7806270740478352e-06,-1.3460594539302085e-07,0.0,0.0,1.0057497024536133,2.037439820393713,1.7964918985868847,1.2787870168685913,1.0264798402786255,1.0057497024536133,0.009147782457307293,-0.022966204055047346,0.058290399177573886
1776514930.4464948,1.7806220020038162e-06,-1.345867571206115e-07,0.0,0.0,1.0057497024536133,2.037439820393713,1.7964918985868847,1.2787870168685913,1.0264798402786255,1.0057497024536133,0.009147782407706084,-0.022966207833310825,0.058290398282393636
1776514930.516543,1.7806220020038162e-06,-1.345867571206115e-07,0.0,0.0,1.0077623128890991,2.037161726184072,1.7959895492225395,1.2866615056991577,1.0334393978118896,1.0077623128890991,0.009147782407706084,-0.022966207833310825,0.058290398282393636
1776514930.5537689,1.7806220020038162e-06,-1.345867571206115e-07,0.0,0.0,1.0077623128890991,2.037161726184072,1.7959895492225395,1.2866615056991577,1.0334393978118896,1.0077623128890991,0.009147782407706084,-0.022966207833310825,0.058290398282393636
1776514930.8087287,1.7806220020038162e-06,-1.345867571206115e-07,0.0,0.0,1.0077623128890991,2.037161726184072,1.7959895492225395,1.2866615056991577,1.0334393978118896,1.0077623128890991,0.009147782407706084,-0.022966207833310825,0.058290398282393636
1776514930.8467343,1.7806136999546845e-06,-1.3454886985454496e-07,0.0,0.0,1.0077623128890991,2.037161726184072,1.7959895492225395,1.2866615056991577,1.0334393978118896,1.0077623128890991,0.009147782358131604,-0.022966211611721743,0.058290397387239956
1776514930.906524,1.7806096267668942e-06,-1.3452993118105617e-07,0.0,0.0,1.0077623128890991,2.037161726184072,1.7959895492225395,1.2866615056991577,1.0334393978118896,1.0077623128890991,0.009147782333352042,-0.022966213500987376,0.058290396939663314
1776514930.9487529,1.7806096267668942e-06,-1.3452993118105617e-07,0.0,0.0,1.0077623128890991,2.037161726184072,1.7959895492225395,1.2866615056991577,1.0334393978118896,1.0077623128890991,0.009147782333352042,-0.022966213500987376,0.058290396939663314
1776514930.9969583,1.7806012717096703e-06,-1.3448727701198361e-07,0.0,0.0,1.010743260383606,2.0371153662317223,1.7960825792215471,1.2827043533325195,1.0371991395950317,1.010743260383606,0.009147782283811164,-0.022966217279689616,0.05829039604451188
1776514931.0470436,1.7806012717096703e-06,-1.3448727701198361e-07,0.0,0.0,1.010743260383606,2.0371153662317223,1.7960825792215471,1.2827043533325195,1.0371991395950317,1.010743260383606,0.009147782283811164,-0.022966217279689616,0.05829039604451188
1776514931.0989144,1.7805973675626904e-06,-1.3446867141595333e-07,0.0,0.0,1.0124667882919312,2.037260129978875,1.7959229298900143,1.2713985443115234,1.0411044359207153,1.0124667882919312,0.009147782259049404,-0.02296621916913555,0.05829039559693349
1776514931.1476455,1.7805973675626904e-06,-1.3446867141595333e-07,0.0,0.0,1.0124667882919312,2.037260129978875,1.7959229298900143,1.2713985443115234,1.0411044359207153,1.0124667882919312,0.009147782259049404,-0.02296621916913555,0.05829039559693349
1776514931.1972616,1.7805931155556084e-06,-1.3444924116510156e-07,0.0,0.0,1.0124667882919312,2.037260129978875,1.7959229298900143,1.2713985443115234,1.0411044359207153,1.0124667882919312,0.00914778223429508,-0.0229662210586139,0.058290395149363496
1776514931.2466044,1.7805888650891446e-06,-1.3443005414485648e-07,0.0,0.0,1.0049577951431274,2.0371886855689163,1.7956332703455817,1.2871639728546143,1.0386782884597778,1.0049577951431274,0.009147782209547749,-0.02296622294811801,0.058290394701800176
1776514931.300048,1.7805848410553353e-06,-1.3441265175389276e-07,0.0,0.0,1.0049577951431274,2.0371886855689163,1.7956332703455817,1.2871639728546143,1.0386782884597778,1.0049577951431274,0.009147782184808719,-0.022966224837639437,0.05829039425424524
1776514931.3468132,1.7805807708816915e-06,-1.343918180733547e-07,0.0,0.0,1.0049577951431274,2.0371886855689163,1.7956332703455817,1.2871639728546143,1.0386782884597778,1.0049577951431274,0.009147782160076064,-0.02296622672720572,0.05829039380669515
1776514931.3976438,1.7805807708816915e-06,-1.343918180733547e-07,0.0,0.0,1.0049577951431274,2.0371886855689163,1.7956332703455817,1.2871639728546143,1.0386782884597778,1.0049577951431274,0.009147782160076064,-0.02296622672720572,0.05829039380669515
1776514931.447503,1.7805765828027193e-06,-1.343724653457909e-07,0.0,0.0,1.015824794769287,2.0371924658598006,1.7961283198052582,1.282778024673462,1.0266685485839844,1.015824794769287,0.00914778213534713,-0.022966228616821294,0.05829039335914286
1776514931.4993343,1.7805723552618534e-06,-1.3435128256866642e-07,0.0,0.0,1.015824794769287,2.0371924658598006,1.7961283198052582,1.282778024673462,1.0266685485839844,1.015824794769287,0.009147782110623372,-0.0229662305064946,0.05829039291158823
1776514931.5466163,1.7805682987426835e-06,-1.3433173047913032e-07,0.0,0.0,1.013040542602539,2.03741595052548,1.7963934497880936,1.281201720237732,1.0418263673782349,1.013040542602539,0.009147782085905488,-0.02296623239622031,0.05829039246403306
1776514931.606616,1.780564269246279e-06,-1.3431269001210572e-07,0.0,0.0,1.013040542602539,2.03741595052548,1.7963934497880936,1.281201720237732,1.0418263673782349,1.013040542602539,0.009147782061193559,-0.022966234285995313,0.05829039201648093
1776514931.680578,1.7805601573630637e-06,-1.3429318654454164e-07,0.0,0.0,1.013040542602539,2.03741595052548,1.7963934497880936,1.281201720237732,1.0418263673782349,1.013040542602539,0.009147782036489173,-0.02296623617581295,0.05829039156893537
1776514931.7635562,1.7805601573630637e-06,-1.3429318654454164e-07,0.0,0.0,1.013040542602539,2.03741595052548,1.7963934497880936,1.281201720237732,1.0418263673782349,1.013040542602539,0.009147782036489173,-0.02296623617581295,0.05829039156893537
1776514931.798461,1.7805601573630637e-06,-1.3429318654454164e-07,0.0,0.0,1.013040542602539,2.03741595052548,1.7963934497880936,1.281201720237732,1.0418263673782349,1.013040542602539,0.009147782036489173,-0.02296623617581295,0.05829039156893537
1776514931.8601139,1.7805555074720765e-06,-1.342739478913677e-07,0.0,0.0,1.013040542602539,2.03741595052548,1.7963934497880936,1.281201720237732,1.0418263673782349,1.013040542602539,0.009147782036489173,-0.02296623617581295,0.05829039156893537
1776514931.896938,1.7805555074720765e-06,-1.342739478913677e-07,0.0,0.0,1.016458511352539,2.037395461635607,1.7963292400214375,1.2759476900100708,1.0307968854904175,1.016458511352539,0.009147782011790851,-0.022966238065667444,0.05829039112139109
1776514931.947807,1.7805505012975142e-06,-1.342545057130031e-07,0.0,0.0,1.016458511352539,2.037395461635607,1.7963292400214375,1.2759476900100708,1.0307968854904175,1.016458511352539,0.009147782011790851,-0.022966238065667444,0.05829039112139109
1776514931.9977922,1.7805505012975142e-06,-1.342545057130031e-07,0.0,0.0,1.016458511352539,2.037395461635607,1.7963292400214375,1.2759476900100708,1.0307968854904175,1.016458511352539,0.009147781987100433,-0.022966239955557466,0.05829039067385517
1776514932.0480952,1.7805505012975142e-06,-1.342545057130031e-07,0.0,0.0,1.016458511352539,2.037395461635607,1.7963292400214375,1.2759476900100708,1.0307968854904175,1.016458511352539,0.009147781987100433,-0.022966239955557466,0.05829039067385517
1776514932.0966733,1.7805461792988288e-06,-1.342355349860709e-07,0.0,0.0,1.016458511352539,2.037395461635607,1.7963292400214375,1.2759476900100708,1.0307968854904175,1.016458511352539,0.009147781962416075,-0.022966241845487456,0.05829039022632233
1776514932.1488965,1.7805461792988288e-06,-1.342355349860709e-07,0.0,0.0,1.016458511352539,2.037395461635607,1.7963292400214375,1.2759476900100708,1.0307968854904175,1.016458511352539,0.009147781962416075,-0.022966241845487456,0.05829039022632233
1776514932.2057204,1.7805420653819824e-06,-1.3421617605577642e-07,0.0,0.0,1.003357172012329,2.037464917312608,1.7965494355502236,1.2857240438461304,1.0300440788269043,1.003357172012329,0.00914778193773806,-0.022966243735457414,0.05829038977879794
1776514932.2593439,1.7805378842537733e-06,-1.3419639242088939e-07,0.0,0.0,1.003357172012329,2.037464917312608,1.7965494355502236,1.2857240438461304,1.0300440788269043,1.003357172012329,0.009147781913064814,-0.02296624562546512,0.05829038933127312
1776514932.2985203,1.7805339099276101e-06,-1.3417473279444197e-07,0.0,0.0,1.003357172012329,2.037464917312608,1.7965494355502236,1.2857240438461304,1.0300440788269043,1.003357172012329,0.009147781888395814,-0.02296624751554255,0.058290388883738796
1776514932.3476064,1.7805339099276101e-06,-1.3417473279444197e-07,0.0,0.0,1.021544098854065,2.0367118671577797,1.796235576301894,1.2907549142837524,1.0351077318191528,1.021544098854065,0.009147781888395814,-0.02296624751554255,0.058290388883738796
1776514932.4005995,1.7805300331177974e-06,-1.3415559831707071e-07,0.0,0.0,1.021544098854065,2.0367118671577797,1.796235576301894,1.2907549142837524,1.0351077318191528,1.021544098854065,0.009147781863733459,-0.02296624940567904,0.05829038843620923
1776514932.4466102,1.780525529238857e-06,-1.341360005597509e-07,0.0,0.0,1.0104740858078003,2.0366971804850857,1.7959173892381064,1.2902578115463257,1.0368133783340454,1.0104740858078003,0.009147781839076392,-0.022966251295856388,0.05829038798867739
1776514932.4995968,1.78052135941477e-06,-1.3411711750255104e-07,0.0,0.0,1.0104740858078003,2.0366971804850857,1.7959173892381064,1.2902578115463257,1.0368133783340454,1.0104740858078003,0.00914778181442796,-0.022966253186057717,0.05829038754115932
1776514932.5486631,1.7805171726437812e-06,-1.34097878973614e-07,0.0,0.0,1.0104740858078003,2.0366971804850857,1.7959173892381064,1.2902578115463257,1.0368133783340454,1.0104740858078003,0.009147781789785371,-0.022966255076291464,0.05829038709364435
1776514932.600479,1.7805131805718128e-06,-1.340796622895309e-07,0.0,0.0,1.0120172500610352,2.036816198554555,1.7965500051469028,1.2906471490859985,1.0353397130966187,1.0120172500610352,0.009147781765150152,-0.022966256966568288,0.05829038664614134
1776514932.64689,1.7805088332419102e-06,-1.340597618701004e-07,0.0,0.0,1.0120172500610352,2.036816198554555,1.7965500051469028,1.2906471490859985,1.0353397130966187,1.0120172500610352,0.009147781740521362,-0.022966258856875754,0.058290386198639625
1776514932.6972096,1.780504687495924e-06,-1.3403847787280266e-07,0.0,0.0,1.0120172500610352,2.036816198554555,1.7965500051469028,1.2906471490859985,1.0353397130966187,1.0120172500610352,0.009147781715898138,-0.022966260747240064,0.058290385751139165
1776514932.7486155,1.780504687495924e-06,-1.3403847787280266e-07,0.0,0.0,1.0120172500610352,2.036816198554555,1.7965500051469028,1.2906471490859985,1.0353397130966187,1.0120172500610352,0.009147781715898138,-0.022966260747240064,0.058290385751139165
1776514932.7969198,1.7805009268578113e-06,-1.3401915020062769e-07,0.0,0.0,1.015261173248291,2.036643135558666,1.7960800509323906,1.2660828828811646,1.0356601476669312,1.015261173248291,0.009147781715898138,-0.022966260747240064,0.058290385751139165
1776514932.8470595,1.7805009268578113e-06,-1.3401915020062769e-07,0.0,0.0,1.015261173248291,2.036643135558666,1.7960800509323906,1.2660828828811646,1.0356601476669312,1.015261173248291,0.009147781691279406,-0.022966262637658996,0.05829038530363643
1776514932.8995886,1.7805725251658886e-06,-1.3905239020984458e-07,0.0,0.0,1.015261173248291,2.036643135558666,1.7960800509323906,1.2660828828811646,1.0356601476669312,1.015261173248291,0.009147781653530937,-0.02296626446069272,0.058290384851506824
1776514932.950815,1.7804818755945669e-06,-1.396266309941569e-07,0.0,0.0,1.0097132921218872,2.036954567897772,1.7959666169443493,1.2803808450698853,1.041032075881958,1.0097132921218872,0.009147781610098916,-0.022966266243189093,0.058290384399602324
1776514932.9971056,1.7804423615188523e-06,-1.3978528897012633e-07,0.0,0.0,1.0097132921218872,2.036954567897772,1.7959666169443493,1.2803808450698853,1.041032075881958,1.0097132921218872,0.00914778156642079,-0.022966268019172897,0.05829038394875731
1776514933.046763,1.7804251316111926e-06,-1.3981002284995358e-07,0.0,0.0,1.0083039999008179,2.036932452093331,1.7962099106206624,1.2919273376464844,1.03493070602417,1.0083039999008179,0.009147781522724665,-0.022966269793259997,0.058290383498360514
1776514933.098522,1.7804163078708446e-06,-1.3978569891413563e-07,0.0,0.0,1.0083039999008179,2.036932452093331,1.7962099106206624,1.2919273376464844,1.03493070602417,1.0083039999008179,0.009147781479072182,-0.02296627156709974,0.05829038304815776
1776514933.148658,1.7804110134491928e-06,-1.3974610829204908e-07,0.0,0.0,1.0083039999008179,2.036932452093331,1.7962099106206624,1.2919273376464844,1.03493070602417,1.0083039999008179,0.009147781435482108,-0.022966273341237464,0.058290382598054274
1776514933.2021458,1.7804065656708676e-06,-1.397020746186832e-07,0.0,0.0,1.0119550228118896,2.037646489050739,1.7964264647511012,1.2821754217147827,1.0331456661224365,1.0119550228118896,0.009147781391958446,-0.022966275115845924,0.05829038214802222
1776514933.2479148,1.7804029141516946e-06,-1.3965892731941882e-07,0.0,0.0,1.0119550228118896,2.037646489050739,1.7964264647511012,1.2821754217147827,1.0331456661224365,1.0119550228118896,0.009147781348495289,-0.022966276890964643,0.05829038169802771
1776514933.302656,1.780400206984433e-06,-1.3961651968327628e-07,0.0,0.0,1.0119550228118896,2.037646489050739,1.7964264647511012,1.2821754217147827,1.0331456661224365,1.0119550228118896,0.009147781305089978,-0.022966278666560314,0.058290381248079975
