timestamp_sec,odom_linear_x,odom_angular_z,cmd_linear_x,cmd_angular_z,scan_min,scan_mean,scan_std,scan_front_min,scan_left_min,scan_right_min,traj_cross_track_error,traj_heading_error,traj_goal_distance
1776515000.2214756,nan,nan,nan,nan,nan,nan,nan,nan,nan,nan,nan,nan,nan
1776515000.3398545,0.4095979368106929,0.39597580045547,nan,nan,0.7253166437149048,2.9964987246335157,2.5365217723936744,1.6825929880142212,0.7253166437149048,1.718239665031433,nan,nan,nan
1776515000.4522574,0.3677307220717602,0.3222713919532249,nan,nan,0.7253166437149048,2.9964987246335157,2.5365217723936744,1.6825929880142212,0.7253166437149048,1.718239665031433,nan,nan,nan
1776515000.5812387,0.36002512764271516,0.2790563757082454,nan,nan,0.737799346446991,2.9803455259158147,2.5347757584412625,1.6703402996063232,0.737799346446991,1.6882538795471191,nan,nan,nan
1776515000.695582,0.36478727626794527,0.28126597759326044,nan,nan,0.7538232803344727,2.9581404028393186,2.5176185432447595,1.6603587865829468,0.7538232803344727,1.6724910736083984,nan,nan,nan
1776515000.8058746,0.3630253309095608,0.2473244905990803,nan,nan,0.7545104622840881,2.951320720038736,2.5326555467822724,1.6548973321914673,0.7545104622840881,1.654258131980896,nan,nan,nan
1776515000.9167037,0.3651011895153071,0.24251031645230994,nan,nan,0.7819581627845764,2.928254383620457,2.5122103312817177,1.6358970403671265,0.7819581627845764,1.6395375728607178,nan,nan,nan
1776515001.029624,0.3742114903505943,0.24011748536630867,nan,nan,0.7838659882545471,2.905266932102401,2.5241120324903243,1.6195449829101562,0.7838659882545471,1.6176115274429321,nan,nan,nan
1776515001.1372993,0.40778635409567127,0.2609082850343418,nan,nan,0.7838659882545471,2.905266932102401,2.5241120324903243,1.6195449829101562,0.7838659882545471,1.6176115274429321,nan,nan,nan
1776515001.2542021,0.5127025580635101,0.3973350803689903,nan,nan,0.8049535155296326,2.8679398159866087,2.498025466863126,1.6019057035446167,0.8049535155296326,1.607961654663086,nan,nan,nan
1776515001.3655322,0.5786573312760271,0.5273977318234666,nan,nan,0.81797194480896,2.8301755107739366,2.497603699211749,1.5948508977890015,0.81797194480896,1.5883550643920898,nan,nan,nan
1776515001.4764218,0.521516549373206,0.7521236544996771,nan,nan,0.8311761021614075,2.7965118344132267,2.51447173039457,1.5964109897613525,0.8311761021614075,1.5772066116333008,nan,nan,nan
1776515001.5936322,0.49635547430028487,0.8205754124466061,nan,nan,0.8432738184928894,2.7484886026514777,2.4933878606960915,1.597144603729248,0.8432738184928894,1.5632734298706055,nan,nan,nan
1776515001.706361,0.5169997116717606,0.9861814402432117,nan,nan,0.8432738184928894,2.7484886026514777,2.4933878606960915,1.597144603729248,0.8432738184928894,1.5632734298706055,nan,nan,nan
1776515001.8310263,0.517909030722222,0.9943052202328349,nan,nan,0.8489031195640564,2.7166570583832255,2.505860543183324,1.6222031116485596,0.8489031195640564,1.5512068271636963,nan,nan,nan
1776515001.9454014,0.5198933073045144,1.2011093251539025,nan,nan,0.8495365977287292,2.6922850150625317,2.5214014481733655,1.6192537546157837,0.8495365977287292,1.5474531650543213,nan,nan,nan
1776515002.0659008,0.5172326821917416,1.1714104920254613,nan,nan,0.8689690828323364,2.6646671018371086,2.514295699202749,1.636112093925476,0.8689690828323364,1.5419303178787231,nan,nan,nan
1776515002.1915698,0.5375745055099252,1.0107622488800565,nan,nan,0.8719634413719177,2.6420967680894036,2.5114402295089993,1.6430996656417847,0.8719634413719177,1.5324889421463013,nan,nan,nan
1776515002.3013122,0.5588660718127435,0.9286819211041558,nan,nan,0.8719634413719177,2.6420967680894036,2.5114402295089993,1.6430996656417847,0.8719634413719177,1.5324889421463013,nan,nan,nan
1776515002.4183972,0.5869194478647244,0.9182859609382525,nan,nan,0.8890159726142883,2.630587678006355,2.516731892907461,1.6511725187301636,0.8890159726142883,1.5084482431411743,nan,nan,nan
1776515002.5382402,0.6114875091363629,0.7483593165629523,nan,nan,0.888382077217102,2.612455714973005,2.5065162689074922,1.6610203981399536,0.888382077217102,1.5084965229034424,nan,nan,nan
1776515002.6660557,0.629678073752413,0.6639520830355982,nan,nan,0.888382077217102,2.612455714973005,2.5065162689074922,1.6610203981399536,0.888382077217102,1.5084965229034424,nan,nan,nan
1776515002.7891614,0.6448903866274834,0.5906938446564876,nan,nan,0.899305522441864,2.60453197528211,2.5137716997241513,1.6567689180374146,0.899305522441864,1.5048807859420776,nan,nan,nan
1776515002.9057317,0.6409802837071527,0.45723781125827473,0.6880183076955344,0.6110889401233434,0.8969250917434692,2.5874610929771444,2.5056270666747658,1.6875340938568115,0.8969250917434692,1.4912679195404053,nan,nan,nan
1776515003.0199304,0.6641782450288548,0.47072375274624007,0.6986460529070673,0.47045105462452674,0.916442334651947,2.578989790888653,2.506088994193244,1.696621298789978,0.916442334651947,1.4788650274276733,nan,nan,nan
1776515003.1286683,0.6792104483887059,0.4805359744863758,0.703484610048356,0.5202074482396324,0.9155267477035522,2.575636728950169,2.512486625586053,1.6989268064498901,0.9155267477035522,1.4720659255981445,nan,nan,nan
1776515003.2418334,0.6684149122700815,0.4589100274144655,0.7080606535214917,0.49750449919159917,0.9296547174453735,2.565705169967542,2.5032440602898953,1.7037990093231201,0.9296547174453735,1.4707032442092896,nan,nan,nan
1776515003.3535078,0.6970019461126643,0.3526678615640504,0.7162926042695692,0.4660528132530012,0.9315563440322876,2.5620253282382905,2.500455194769009,1.7228455543518066,0.9315563440322876,1.464959979057312,nan,nan,nan
1776515003.4707937,0.6946981451499463,0.34087130657265224,0.7196579156666618,0.4472631761789541,0.947645902633667,2.559228080770244,2.509825000810466,1.72006356716156,0.947645902633667,1.4567375183105469,nan,nan,nan
1776515003.5805147,0.7204751302642545,0.31105992648037917,0.7257412967768779,0.4187670327541648,0.9515420198440552,2.5583985501367885,2.507053913174727,1.7312219142913818,0.9515420198440552,1.4490207433700562,nan,nan,nan
1776515003.693747,0.7276662250866959,0.30132013497131327,0.7258633774515378,0.48524043469454015,0.9579184055328369,2.5572206613424195,2.509780179127236,1.7409933805465698,0.9579184055328369,1.4412117004394531,nan,nan,nan
1776515003.8037112,0.71574749671601,0.40571747511644507,0.732245578062158,0.37217437679238985,0.9654298424720764,2.5482766053171537,2.4954897867176387,1.7489867210388184,0.9654298424720764,1.4347079992294312,nan,nan,nan
1776515003.9165523,0.73370470953057,0.24377963530757146,0.7382533021362836,0.3533146156172622,0.9654298424720764,2.5482766053171537,2.4954897867176387,1.7489867210388184,0.9654298424720764,1.4347079992294312,nan,nan,nan
1776515004.0317469,0.733282447645081,0.29187706205811353,0.7410560417751922,0.393519696756955,0.968650221824646,2.553870533871276,2.5120446441975015,1.7408349514007568,0.968650221824646,1.4340083599090576,nan,nan,nan
1776515004.147954,0.7352259011185069,0.32585782117896445,0.7470525062533137,0.29388806302032355,0.9759171009063721,2.5537074605256294,2.5133038507804444,1.7194197177886963,0.9759171009063721,1.4229068756103516,nan,nan,nan
1776515004.2664897,0.7356584959640837,0.31147372783271365,0.753005014262054,0.26341608647122294,0.9891635775566101,2.5542459988020614,2.5106750100956576,1.6983267068862915,0.9891635775566101,1.4228076934814453,nan,nan,nan
1776515004.3863754,0.7491918312530086,0.28091150703200024,0.7585141153229356,0.23457064581299947,0.9904603958129883,2.5550382988084586,2.5044211442891915,1.6840788125991821,0.9904603958129883,1.4193534851074219,nan,nan,nan
1776515004.506255,0.7464192919951524,0.21791602971974908,0.7595840523108591,0.23392919226555492,0.9904603958129883,2.5550382988084586,2.5044211442891915,1.6840788125991821,0.9904603958129883,1.4193534851074219,nan,nan,nan
1776515004.6274445,0.7520150556325635,0.22922006360585576,0.7662811132063319,0.1984463316794162,0.9810293912887573,2.5611060177915963,2.51457486046965,1.661521077156067,0.9810293912887573,1.4084080457687378,nan,nan,nan
1776515004.7342024,0.7585852673868694,0.19920159204241797,0.7682914389445118,0.213191777459933,0.996628999710083,2.5564685610022178,2.493311507738025,1.7902421951293945,0.996628999710083,1.3986499309539795,nan,nan,nan
1776515004.8646326,0.7659461747385653,0.16881640263104586,0.7690032231064559,0.22365156335468758,0.9983360171318054,2.5638066104007584,2.497266900538198,1.795320749282837,0.9983360171318054,1.4083331823349,nan,nan,nan
1776515004.9782364,0.7703358762140137,0.17456225443855716,0.7742083969808236,0.1545557252554788,0.9911573529243469,2.5645035369102875,2.494871897324707,1.8077665567398071,0.9911573529243469,1.4044864177703857,nan,nan,nan
1776515005.0945635,0.7649916384307285,0.14099743533088616,0.7769623702805831,0.14508842723825632,0.9911573529243469,2.5645035369102875,2.494871897324707,1.8077665567398071,0.9911573529243469,1.4044864177703857,nan,nan,nan
1776515005.2026799,0.7711164301155926,0.1541305900253996,0.7760888763958462,0.18080062758122994,1.0017744302749634,2.571441842713475,2.4984471172893836,1.8303217887878418,1.0017744302749634,1.39853835105896,nan,nan,nan
1776515005.3146317,0.7735438821255118,0.15869361618834307,0.779225545769087,0.15071116703378903,1.0113877058029175,2.5798265849077295,2.508296561937885,1.8325011730194092,1.0113877058029175,1.3946278095245361,nan,nan,nan
1776515005.4278111,0.7802706280008788,0.14054012976586544,0.7823388154622548,0.11149196420040097,1.005615472793579,2.5806750522290636,2.49596711006084,1.8209075927734375,1.005615472793579,1.3849334716796875,nan,nan,nan
1776515005.5471947,0.7800254276636229,0.07897216213703724,0.7850502819890908,0.10216537746356172,1.0139386653900146,2.5889081122365734,2.5038516983108807,1.847516417503357,1.0139386653900146,1.3856492042541504,nan,nan,nan
1776515005.6685317,0.7831177110556856,0.10932397381998554,0.787097420319106,0.07929961970564488,1.016544222831726,2.589460213354183,2.488555927817538,1.8490500450134277,1.016544222831726,1.3878178596496582,nan,nan,nan
1776515005.7957838,0.7867783161634667,0.08484466088545564,0.7891613186894513,0.08162211622270339,1.0150396823883057,2.5978473057689544,2.4917708038213418,1.8486053943634033,1.0150396823883057,1.383225440979004,nan,nan,nan
1776515005.9137926,0.788278904505216,0.1034532971918136,0.7893548974957896,0.08262523660885727,1.0223689079284668,2.605253517462301,2.4916925999329314,1.834857702255249,1.0223689079284668,1.381327509880066,nan,nan,nan
1776515006.0215092,0.7864895069655035,0.05307616205139333,0.7919154099892696,0.06998170968780804,1.019137978553772,2.6123512586325432,2.4936390691618593,1.8529222011566162,1.019137978553772,1.3781757354736328,nan,nan,nan
1776515006.1370378,0.7910180149617458,0.06294934467228169,0.7917001068188577,0.08827881902662693,1.0250582695007324,2.6261159749520697,2.4978572911250816,1.8518104553222656,1.0250582695007324,1.3748149871826172,nan,nan,nan
1776515006.2567968,0.7904604198225843,0.07659540327405513,0.7931958466174946,0.060906617754943604,1.0330415964126587,2.6278256069830896,2.488870148164768,1.8535423278808594,1.0330415964126587,1.3759303092956543,nan,nan,nan
1776515006.3823547,0.793085722794132,0.0628107972346457,0.7952535570605627,0.04874932964273953,1.0255935192108154,2.629693204445711,2.474326086496027,1.8588824272155762,1.0255935192108154,1.3648335933685303,nan,nan,nan
1776515006.5019844,0.7942177181461874,0.05962963690691329,0.7953434802159284,0.06544542405744631,1.0255935192108154,2.629693204445711,2.474326086496027,1.8588824272155762,1.0255935192108154,1.3648335933685303,nan,nan,nan
1776515006.6141303,0.793480287210663,0.031669934063070636,0.7962305667485654,0.0478001237571039,1.02609121799469,2.630609370182224,2.461170441663115,1.8594099283218384,1.02609121799469,1.3692774772644043,nan,nan,nan
1776515006.730978,0.7969010777022092,0.03594682606295343,0.7970929372310445,0.048611787251174515,1.0347436666488647,2.632136052896533,2.4506675787373635,1.8622314929962158,1.0347436666488647,1.3616561889648438,nan,nan,nan
1776515006.9454045,0.7969144830076106,0.03432828430820541,0.7975209273067566,0.04070242019552763,1.0381511449813843,2.6337739733167536,2.434721908655133,1.8589028120040894,1.0381511449813843,1.360901117324829,nan,nan,nan
1776515007.0606065,0.7969155240563944,0.044688950798264356,0.7985433251100404,0.032142833851946224,1.0381511449813843,2.6337739733167536,2.434721908655133,1.8589028120040894,1.0381511449813843,1.360901117324829,nan,nan,nan
1776515007.181306,0.7969083177266819,0.05465309250727135,0.7966962121898873,-0.04377970439621462,1.0477052927017212,2.639992187245922,2.4329278742890046,1.8491437435150146,1.0477052927017212,1.3524110317230225,nan,nan,nan
1776515007.4720876,0.7952350226532972,0.02347584284571353,0.7963913595614986,0.011256682810911536,1.0372467041015625,2.639514235960566,2.411973557779957,1.8521496057510376,1.0372467041015625,1.3556084632873535,nan,nan,nan
1776515007.606122,0.7962856383830833,0.01858668998364068,0.7965719379091682,0.014895729972397877,1.0372467041015625,2.639514235960566,2.411973557779957,1.8521496057510376,1.0372467041015625,1.3556084632873535,nan,nan,nan
1776515007.726314,0.7996972550082024,0.024753630539685625,0.794143396147522,-0.016337046475381423,1.0305055379867554,2.6428522998596318,2.3988673106956875,1.8657491207122803,1.0305055379867554,1.3607842922210693,nan,nan,nan
1776515007.8445675,0.7798577873641673,0.13507336552495064,0.7780083187079625,-0.30325522567571384,1.043738603591919,2.6502832507337275,2.396477513828727,1.8507493734359741,1.043738603591919,1.3569340705871582,-0.019346787162545925,0.07384801416365369,13.341005179553958
1776515007.8495104,0.788852703942687,0.096380975062459,0.7776720552399602,-0.09871058526554688,1.0460017919540405,2.6540441692812813,2.3793599104420093,1.8340615034103394,1.0460017919540405,1.3585457801818848,-0.019346787162545925,0.07384801416365369,13.341005179553958
1776515007.899492,0.7780933365728023,-0.04391814017378474,0.7802008724165458,-0.09002084776976632,1.0460017919540405,2.6540441692812813,2.3793599104420093,1.8340615034103394,1.0460017919540405,1.3585457801818848,-0.024661577255747996,0.06021364275949653,13.235612475877941
1776515007.9492505,0.780271544297817,-0.0470961380293948,0.7802008724165458,-0.08365130214530474,1.0460017919540405,2.6540441692812813,2.3793599104420093,1.8340615034103394,1.0460017919540405,1.3585457801818848,-0.029604229177040586,0.04825940450786953,13.113854958675116
1776515007.9991336,0.780271544297817,-0.0470961380293948,0.7805970552109452,-0.07298288878335037,1.0460017919540405,2.6540441692812813,2.3793599104420093,1.8340615034103394,1.0460017919540405,1.3585457801818848,-0.031788501804761726,0.015290880081485159,12.821758710361959
1776515008.0502608,0.780653529421275,-0.06846512210264093,0.7805970552109452,-0.08160281911575679,1.0495368242263794,2.65850816083991,2.3645871547806685,1.8305039405822754,1.0495368242263794,1.345236897468567,-0.03265855288764391,-0.03791160555383702,12.639538923584624
1776515008.100361,0.781527450697726,-0.06673147093402214,0.7811547951172394,-0.07137318598775162,1.0495368242263794,2.65850816083991,2.3645871547806685,1.8305039405822754,1.0495368242263794,1.345236897468567,-0.031624886411762976,-0.03669145484851974,12.624395841149974
1776515008.1524794,0.7811658182787011,-0.06159258664223944,0.7817569212666502,-0.06766051232565243,1.0495368242263794,2.65850816083991,2.3645871547806685,1.8305039405822754,1.0495368242263794,1.345236897468567,-0.03064905216211175,-0.03551716601812835,12.60925291488071
1776515008.2021298,0.7811658182787011,-0.06159258664223944,0.782331632370072,-0.06485647398324895,1.0502804517745972,2.6663417914308516,2.3660389929006715,1.817306637763977,1.0502804517745972,1.3539658784866333,-0.03064905216211175,-0.03551716601812835,12.60925291488071
1776515008.2520022,0.7808020246965834,-0.07197033362283797,0.782922443895074,-0.06101560994138224,1.0502804517745972,2.6663417914308516,2.3660389929006715,1.817306637763977,1.0502804517745972,1.3539658784866333,-0.02965636003510011,-0.03430054777171701,12.59412755912846
1776515008.302038,0.7821017546121933,-0.07672609895700112,0.782922443895074,-0.06895691441865402,1.0502804517745972,2.6663417914308516,2.3660389929006715,1.817306637763977,1.0502804517745972,1.3539658784866333,-0.03204269532992765,-0.03314422522292407,12.578983988867725
1776515008.3576927,0.7826979875986659,-0.13743976022926704,0.7826448577144395,-0.07429940910275865,1.0502804517745972,2.6663417914308516,2.3660389929006715,1.817306637763977,1.0502804517745972,1.3539658784866333,-0.030410455807890396,-0.03130317400989133,12.563831112144799
1776515008.4001553,0.7826979875986659,-0.13743976022926704,0.7835716764136421,-0.053395325678517076,1.0540745258331299,2.670290245930427,2.343938791063592,1.8255844116210938,1.0540745258331299,1.3450512886047363,-0.030410455807890396,-0.03130317400989133,12.563831112144799
1776515008.451474,0.7955902439884119,-0.18465043998034175,0.7851582141023398,-0.03626063118467458,1.0540745258331299,2.670290245930427,2.343938791063592,1.8255844116210938,1.0540745258331299,1.3450512886047363,-0.02763959818439976,-0.02813073983996997,12.548610969428202
1776515008.500007,0.8033703411140947,-0.19257612703417945,0.7851582141023398,-0.056646845299068146,1.0540745258331299,2.670290245930427,2.343938791063592,1.8255844116210938,1.0540745258331299,1.3450512886047363,-0.02463239945887949,-0.024611714565150128,12.53310094248206
1776515008.5539591,0.7756953031624229,-0.0894537226789294,0.7869013552581204,-0.024020155876238722,1.056456208229065,2.6815870790763876,2.3423451795846444,1.8526372909545898,1.056456208229065,1.3421400785446167,-0.022796531519346602,-0.022428660809936857,12.517914634702507
1776515008.6000993,0.7767885738701986,-0.10322636207841882,0.7879752490303424,-0.024592267240193175,1.056456208229065,2.6815870790763876,2.3423451795846444,1.8526372909545898,1.056456208229065,1.3421400785446167,-0.021249749636082893,-0.020544563641901464,12.502953596702968
1776515008.6491961,0.7842360640534562,-0.054626963518373546,0.7888925852719747,-0.023812052657509127,1.056456208229065,2.6815870790763876,2.3423451795846444,1.8526372909545898,1.056456208229065,1.3421400785446167,-0.020095719446797305,-0.019122339840796948,12.487888544772254
1776515008.7004182,0.7842360640534562,-0.054626963518373546,0.789581623543984,-0.023841069299640673,1.0631999969482422,2.685234131138155,2.321120006286486,1.942713975906372,1.0631999969482422,1.3375740051269531,-0.020095719446797305,-0.019122339840796948,12.487888544772254
1776515008.7500699,0.7885321395583159,-0.0324434927153878,0.789581623543984,-0.03176461687165642,1.0631999969482422,2.685234131138155,2.321120006286486,1.942713975906372,1.0631999969482422,1.3375740051269531,-0.021458780313323766,-0.018505315745582035,12.472710046852656
1776515008.8004322,0.7881268780137299,-0.038697068436765694,0.7894108989522794,-0.03502950417157576,1.0631999969482422,2.685234131138155,2.321120006286486,1.942713975906372,1.0631999969482422,1.3375740051269531,-0.021005985392038046,-0.017984975467467385,12.457502796248566
1776515008.8527472,0.782752288406517,-0.09620149704986677,0.7896706985503156,-0.02801650139834122,1.0718485116958618,2.6949226131712694,2.3101835694789647,2.0568504333496094,1.0718485116958618,1.3383210897445679,-0.02018082233354271,-0.01702690973563245,12.442363149780938
1776515008.9119563,0.7748731267059682,-0.17441321131069856,0.7901468980459702,-0.02374291520445394,1.0718485116958618,2.6949226131712694,2.3101835694789647,2.0568504333496094,1.0718485116958618,1.3383210897445679,-0.018025158068720987,-0.014478471977738855,12.427376648973105
1776515008.9501998,0.7748731267059682,-0.17441321131069856,0.7914036880129155,-0.0036907509950294473,1.0718485116958618,2.6949226131712694,2.3101835694789647,2.0568504333496094,1.0718485116958618,1.3383210897445679,-0.018025158068720987,-0.014478471977738855,12.427376648973105
1776515009.0027232,0.7747057807519993,-0.1984545185088098,0.7931734613825431,0.013986143252271505,1.0680700540542603,2.7086917426606,2.311132987487064,2.089340925216675,1.0680700540542603,1.3356785774230957,-0.015017839328839905,-0.010864439666390585,12.412489682092861
1776515009.0500526,0.7960194394081218,-0.1381009099596695,0.7931734613825431,-0.011621276432671915,1.0680700540542603,2.7086917426606,2.311132987487064,2.089340925216675,1.0680700540542603,1.3356785774230957,-0.012360988513990173,-0.007619306205708082,12.397444346813852
1776515009.1061802,0.8060467939985551,-0.11923727957512252,0.7947516251568763,0.017705161470149288,1.0680700540542603,2.7086917426606,2.311132987487064,2.089340925216675,1.0680700540542603,1.3356785774230957,-0.011097574890980122,-0.005359988668873689,12.38196233515819
1776515009.1510346,0.8060467939985551,-0.11923727957512252,0.7957026143001884,0.015046396070334792,1.0685700178146362,2.7121687491220197,2.2842378633086597,2.1448938846588135,1.0685700178146362,1.3236172199249268,-0.011097574890980122,-0.005359988668873689,12.38196233515819
1776515009.2040014,0.7925341987538985,-0.012716276085220567,0.7957026143001884,0.0027317750170179553,1.0685700178146362,2.7121687491220197,2.2842378633086597,2.1448938846588135,1.0685700178146362,1.3236172199249268,-0.010542814384736393,-0.004738565922061483,12.366796181847368
1776515009.250638,0.7955200570330688,0.005984187353664183,0.7960164123168693,0.008338957728110805,1.0685700178146362,2.7121687491220197,2.2842378633086597,2.1448938846588135,1.0685700178146362,1.3236172199249268,-0.010740108822164307,-0.004963325029920224,12.351539827403142
1776515009.3011434,0.7957039440920513,-0.0046132667954909634,0.795903761568437,0.0022724977157588355,1.0685700178146362,2.7121687491220197,2.2842378633086597,2.1448938846588135,1.0685700178146362,1.3236172199249268,-0.01084682096987738,-0.005092754423909079,12.336276752322151
1776515009.3504071,0.7957039440920513,-0.0046132667954909634,0.7958406298768964,0.0026323409578191035,1.067338228225708,2.7232208082126754,2.2820744806149627,2.1093647480010986,1.067338228225708,1.3234827518463135,-0.01084682096987738,-0.005092754423909079,12.336276752322151
1776515009.4060166,0.7953711864403539,-0.010261870329234379,0.7958345047395751,0.003288750136204492,1.067338228225708,2.7232208082126754,2.2820744806149627,2.1093647480010986,1.067338228225708,1.3234827518463135,-0.010856959691767587,-0.005105505064641275,12.321014910502265
1776515009.4501424,0.7892468104931963,-0.05336727381602824,0.7958871433883228,0.004269217180032967,1.0824689865112305,2.735116263432816,2.2768885687448175,2.0835022926330566,1.0824689865112305,1.3207677602767944,-0.010831881321116704,-0.004511701365365023,12.29059097747927
1776515009.49996,0.7818023843201539,-0.13683370697888264,0.7960070895247764,0.005848413775859454,1.0824689865112305,2.735116263432816,2.2768885687448175,2.0835022926330566,1.0824689865112305,1.3207677602767944,-0.009296862435970499,-0.002783501585319148,12.27552955510896
1776515009.5501492,0.7818023843201539,-0.13683370697888264,0.7968778102222461,0.019854475775178924,1.0824689865112305,2.735116263432816,2.2768885687448175,2.0835022926330566,1.0824689865112305,1.3207677602767944,-0.009296862435970499,-0.002783501585319148,12.27552955510896
1776515009.6025474,0.7804392734422216,-0.17433110411668912,0.7984354523589398,0.040565086116349604,1.0912747383117676,2.7480461504810063,2.2674837555900953,2.054170846939087,1.0912747383117676,1.3092138767242432,-0.006575526942853155,0.00033030410192397275,12.260602659340114
1776515009.6494386,0.8060634686815751,-0.09457346715425685,0.7984354523589398,0.01812683233701988,1.0912747383117676,2.7480461504810063,2.2674837555900953,2.054170846939087,1.0912747383117676,1.3092138767242432,-0.004560094041087426,0.0026662672562911827,12.245433580575362
1776515009.7003355,0.8070180345109235,-0.0734835278044783,0.7995974111334075,0.04011956382577869,1.0912747383117676,2.7480461504810063,2.2674837555900953,2.054170846939087,1.0912747383117676,1.3092138767242432,-0.003230399609638862,0.004259565224467521,12.229930660090835
1776515009.7551458,0.7856586549780075,-0.08179774986575725,0.7996213824387781,0.038653649450621656,1.0976006984710693,2.7577180532698935,2.250178734729127,2.028796911239624,1.0976006984710693,1.3107171058654785,-0.002524790620396289,0.005125419995107322,12.214773705113869
1776515009.8000646,0.7856586549780075,-0.08179774986575725,0.7992011296377098,0.03726072609906145,1.0976006984710693,2.7577180532698935,2.250178734729127,2.028796911239624,1.0976006984710693,1.3107171058654785,-0.002524790620396289,0.005125419995107322,12.214773705113869
1776515009.8501673,0.782548431425134,-0.10359067875534322,0.7984429746232283,0.04485753136616711,1.0976006984710693,2.7577180532698935,2.250178734729127,2.028796911239624,1.0976006984710693,1.3107171058654785,-0.0012565966382661886,0.0066917418914814175,12.19979783257698
1776515009.9035795,0.77953373615311,-0.126295642535782,0.797202139880909,0.060086812087287604,1.105161190032959,2.7735277492618473,2.2485648414787285,1.9909119606018066,1.105161190032959,1.2998664379119873,0.0013095389173247152,0.008813772542590026,12.184889293487151
1776515009.9519556,0.77626470810997,-0.13902287510047084,0.797202139880909,0.043111908366974344,1.105161190032959,2.7735277492618473,2.2485648414787285,1.9909119606018066,1.105161190032959,1.2998664379119873,0.003430810926263933,0.011230193068396288,12.17005606730475
1776515010.0011594,0.7734384539910142,-0.1383765447009734,0.7947069468922885,0.09268648047615645,1.105161190032959,2.7735277492618473,2.2485648414787285,1.9909119606018066,1.105161190032959,1.2998664379119873,0.005657870098659007,0.013811678010176714,12.15530816827525
1776515010.0511868,0.7748159781273225,-0.16972255590452845,0.793337745941438,0.08175851853809055,1.1034015417099,2.7896674645377133,2.2399541276135744,1.9532182216644287,1.1034015417099,1.3004482984542847,0.008007855381394535,0.016586694651609307,12.14055080940137
1776515010.1046932,0.763048483058337,-0.22081300833212972,0.793337745941438,0.0653240315953829,1.1034015417099,2.7896674645377133,2.2399541276135744,1.9532182216644287,1.1034015417099,1.3004482984542847,0.011072142845253985,0.020267697615666824,12.125978418659194
1776515010.151492,0.763048483058337,-0.22081300833212972,0.7915348646706093,0.09829882099272336,1.1034015417099,2.7896674645377133,2.2399541276135744,1.9532182216644287,1.1034015417099,1.3004482984542847,0.011072142845253985,0.020267697615666824,12.125978418659194
1776515010.2017794,0.7901815977756151,-0.1306102189970685,0.7896580242344178,0.10933977816128837,1.1134730577468872,2.808656433795361,2.2396708735371034,1.9364479780197144,1.1134730577468872,1.2903475761413574,0.019329967822978883,0.027104967503421173,12.096625098870842
1776515010.2502513,0.7996932409495121,-0.015259663537472474,0.7875394572076515,0.1287358900681493,1.1134730577468872,2.808656433795361,2.2396708735371034,1.9364479780197144,1.1134730577468872,1.2903475761413574,0.020367221753603948,0.028270705291264936,12.081400136761618
1776515010.2992704,0.7848585950940593,0.10954644551920548,0.7869516626365377,0.10958106651139417,1.1296604871749878,2.827474229430623,2.242637350029757,1.9005695581436157,1.1296604871749878,1.2835862636566162,0.020367221753603948,0.028270705291264936,12.081400136761618
1776515010.352345,0.7848585950940593,0.10954644551920548,0.7878435364751493,0.08568954386114382,1.1296604871749878,2.827474229430623,2.242637350029757,1.9005695581436157,1.1296604871749878,1.2835862636566162,0.018811434691146378,0.026485649938149752,12.066532948661537
1776515010.4002643,0.7878011426287693,0.05076590977194403,0.7888385490718646,0.07901692753774993,1.1296604871749878,2.827474229430623,2.242637350029757,1.9005695581436157,1.1296604871749878,1.2835862636566162,0.01599388428550999,0.023162887503255125,12.03670291713154
1776515010.450125,0.7882429592560202,0.043139491239500706,0.7894839326591401,0.07926777648506925,1.1355136632919312,2.840221336988472,2.2327464268400496,1.8835482597351074,1.1355136632919312,1.2919126749038696,0.015104860637683654,0.022081498948386485,12.02174296936644
1776515010.5010011,0.785319907690292,0.021446965288425303,0.7900107554137555,0.07865508323905553,1.1355136632919312,2.840221336988472,2.2327464268400496,1.8835482597351074,1.1355136632919312,1.2919126749038696,0.016497028950898412,-0.10672719921260851,12.006796758646136
1776515010.5502043,0.7796512134751226,-0.02663336046030287,0.7742736355160961,-0.5218641653481112,1.1613054275512695,2.8719715961805656,2.258232620871852,1.8472539186477661,1.1613054275512695,1.2798497676849365,0.016422756112288134,-0.10681106371688429,11.991948445621425
1776515010.6089928,0.7762654917809334,-0.06802824568213774,0.7742314366995691,-0.12039511352725313,1.1613054275512695,2.8719715961805656,2.258232620871852,1.8472539186477661,1.1613054275512695,1.2798497676849365,0.017114176866514952,-0.10601782543852178,11.9771996214134
1776515010.6495125,0.7762654917809334,-0.06802824568213774,0.7746277814475757,-0.11252460533947875,1.1613054275512695,2.8719715961805656,2.258232620871852,1.8472539186477661,1.1613054275512695,1.2798497676849365,0.017114176866514952,-0.10601782543852178,11.9771996214134
1776515010.6998947,0.7852270439613355,-0.16962660102616003,0.7759676856726876,-0.09425872107890898,1.169149398803711,2.8932662502027684,2.2622044743185263,1.8251490592956543,1.169149398803711,1.273000955581665,0.022005739302458804,-0.10027129044695227,11.94779451841007
1776515010.7490878,0.7808515051653789,-0.14169768470152264,0.777469484979073,-0.08080887541397652,1.169149398803711,2.8932662502027684,2.2622044743185263,1.8251490592956543,1.169149398803711,1.273000955581665,0.022005739302458804,-0.10027129044695227,11.94779451841007
1776515010.802102,0.7808515051653789,-0.14169768470152264,0.7789241925798674,-0.07955249652846896,1.169149398803711,2.8932662502027684,2.2622044743185263,1.8251490592956543,1.169149398803711,1.273000955581665,0.024472819022072684,-0.09729627790605333,11.932905876858841
1776515010.8521028,0.7703517618676408,-0.12976759781312547,0.7800090207187009,-0.06799146723955247,1.1815569400787354,2.9324005020646227,2.309445148138121,1.8121641874313354,1.1815569400787354,1.2661752700805664,0.026294303993815965,-0.09506122817050253,11.918364818397997
1776515010.899477,0.7794115670733563,-0.05741180909174819,0.598397456143001,-1.5,1.1815569400787354,2.9324005020646227,2.309445148138121,1.8121641874313354,1.1815569400787354,1.2661752700805664,0.0181631183280781,-0.3989312995704847,11.903674701907239
1776515010.9496136,0.7628075262982059,-0.026850993925207744,0.5987758197086405,-0.5793219078082821,1.1966731548309326,2.965977878067694,2.3535209996007747,1.7982286214828491,1.1966731548309326,1.2619578838348389,0.01893193735937554,-0.3980585864542371,11.888953761077437
1776515011.007989,0.7427677419497355,-0.030631764695147674,0.5989141702931481,-0.5817662705911775,1.1966731548309326,2.965977878067694,2.3535209996007747,1.7982286214828491,1.1966731548309326,1.2619578838348389,0.019199818337580082,-0.3977506297027488,11.860441617744234
1776515011.0525715,0.7083683032855669,-0.10202586365695057,0.5989085908357149,-0.5851218767800896,1.2184398174285889,3.013026584308529,2.4380994186704115,1.7843328714370728,1.2184398174285889,1.2585099935531616,0.019935585917571164,-0.39685826511772293,11.846800834428098
1776515011.1002917,0.6908936189589248,-0.14673833187863794,0.5992845132687844,-0.5784097984821187,1.2184398174285889,3.013026584308529,2.4380994186704115,1.7843328714370728,1.2184398174285889,1.2585099935531616,0.021824459113914285,-0.3945646613605896,11.833770432746283
1776515011.1505046,0.6747421340320389,-0.12329965352962559,0.6002502427146812,-0.5637232355427898,1.2184398174285889,3.013026584308529,2.4380994186704115,1.7843328714370728,1.2184398174285889,1.2585099935531616,-0.014337951377615038,-0.39203287819411986,11.821013814117673
1776515011.202607,0.6593426897349115,-0.129209360375835,0.6866176303584876,-0.7392689199847677,1.236181378364563,3.059317763594981,2.54406345426018,1.7631949186325073,1.236181378364563,1.2528671026229858,-0.012046678728796167,-0.38944351779304526,11.8085494692816
1776515011.2500145,0.656637807966311,-0.20382587495367596,0.6879200519782908,-0.6036399977716493,1.236181378364563,3.059317763594981,2.54406345426018,1.7631949186325073,1.236181378364563,1.2528671026229858,-0.009184200360522199,-0.38615328669182625,11.796204963021736
1776515011.2990656,0.6531638063696835,-0.16830847516605962,0.6895626612354371,-0.5874020879307802,1.236181378364563,3.059317763594981,2.54406345426018,1.7631949186325073,1.236181378364563,1.2528671026229858,-0.006237566375578152,-0.38272884756131054,11.783944087557895
1776515011.3503692,0.6636338418457377,-0.153748187072741,0.6912640559561875,-0.5842140839559815,1.2412828207015991,3.121384450068196,2.7174368392965635,1.7633483409881592,1.2437622547149658,1.2412828207015991,-0.003650868139821656,-0.37967057751222927,11.771631071003622
1776515011.3999345,0.6823777521445692,-0.1554753780313297,0.6927722195253407,-0.5704873232993004,1.2412828207015991,3.121384450068196,2.7174368392965635,1.7633483409881592,1.2437622547149658,1.2412828207015991,-0.0011704624976416333,-0.3766894073636906,11.759054121341986
1776515011.4500802,0.6823777521445692,-0.1554753780313297,0.694232009388761,-0.5679714274016107,1.2462712526321411,3.1850029138588,2.883867921384609,1.7341973781585693,1.2681106328964233,1.2462712526321411,-0.0011704624976416333,-0.3766894073636906,11.759054121341986
1776515011.5019782,0.7093233426873494,-0.16263844050620205,0.6956950416299441,-0.560352952836949,1.2462712526321411,3.1850029138588,2.883867921384609,1.7341973781585693,1.2681106328964233,1.2462712526321411,0.0012905541396963927,-0.3736792071902125,11.746079239575955
1776515011.551847,0.7265220196629844,-0.17522107036715717,0.6881599089157442,-0.7202764541618092,1.2462712526321411,3.1850029138588,2.883867921384609,1.7341973781585693,1.2681106328964233,1.2462712526321411,-0.03225974613775082,-0.3703951252055095,11.732606019100006
1776515011.600086,0.7278598977365439,-0.1699212351815995,0.6898376898589303,-0.5941576128104283,1.2378040552139282,3.2385447450967764,3.0205410483968915,1.7081735134124756,1.2892950773239136,1.2378040552139282,-0.029309676848307847,-0.3670581127689148,11.719059188258402
1776515011.65293,0.7315549552481031,-0.1647796072886258,0.6898376898589303,-0.6151317821068175,1.2378040552139282,3.2385447450967764,3.0205410483968915,1.7081735134124756,1.2892950773239136,1.2378040552139282,-0.02651780310006105,-0.3638496075378992,11.705469910400558
1776515011.7014935,0.7286023616877639,-0.16284493997407323,0.6914396235081729,-0.5860841680485878,1.2378040552139282,3.2385447450967764,3.0205410483968915,1.7081735134124756,1.2892950773239136,1.2378040552139282,-0.023899788551690143,-0.360788148522151,11.691924249475365
1776515011.749884,0.7294509673074782,-0.15176894891543233,0.6929565716987719,-0.5788976532054149,1.229166030883789,3.2964927219440274,3.147110942342946,1.7076060771942139,1.3119564056396484,1.229166030883789,-0.02141451826875533,-0.35783025146170383,11.678418916219638
1776515011.799999,0.7294509673074782,-0.15176894891543233,0.6944110709869966,-0.5726731865985901,1.229166030883789,3.2964927219440274,3.147110942342946,1.7076060771942139,1.3119564056396484,1.229166030883789,-0.02141451826875533,-0.35783025146170383,11.678418916219638
1776515011.8515499,0.7301913463856161,-0.14767791314395975,0.6957916252449365,-0.5704826037684154,1.229166030883789,3.2964927219440274,3.147110942342946,1.7076060771942139,1.3119564056396484,1.229166030883789,-0.01907903649787364,-0.35500163413428343,11.664907294007836
1776515011.9064734,0.7225637585347027,-0.14429352646713106,0.6970926650350731,-0.5554987246828264,1.2187141180038452,3.3242404603164135,3.2110498513873296,1.7049895524978638,1.3303765058517456,1.2187141180038452,-0.016900340036438866,-0.3523158902705156,11.651463637694748
1776515011.9500391,0.7215209819130629,-0.13279144756765038,0.6970926650350731,-0.5781793833829982,1.2187141180038452,3.3242404603164135,3.2110498513873296,1.7049895524978638,1.3303765058517456,1.2187141180038452,-0.04912737579799341,-0.3497510431603237,11.638155401619155
1776515012.0010247,0.7307364613544115,-0.1264644647647538,0.6896896092140151,-0.7137679067761937,1.2187141180038452,3.3242404603164135,3.2110498513873296,1.7049895524978638,1.3303765058517456,1.2187141180038452,-0.046999056204184056,-0.3473207668571918,11.624751276031827
1776515012.0521092,0.738663109704773,-0.12455435138476371,0.6909064231165319,-0.5997666733006957,1.214093565940857,3.3206434002857756,3.216003116075525,1.692586898803711,1.3474081754684448,1.214093565940857,-0.04493977267875403,-0.3449294477559417,11.611206009114474
1776515012.1014054,0.7352404501491915,-0.12039217627333662,0.6920949319132904,-0.5933189722564127,1.214093565940857,3.3206434002857756,3.216003116075525,1.692586898803711,1.3474081754684448,1.214093565940857,-0.043009474362620106,-0.3426522999079027,11.59768926599501
1776515012.160049,0.734436848325588,-0.11335882246129042,0.6932189684864071,-0.5889438645442404,1.1968963146209717,3.316121457573664,3.2149197735905006,1.6639457941055298,1.3689959049224854,1.1968963146209717,-0.041185275142356814,-0.34046092643201575,11.584182307546312
1776515012.2011356,0.7365749191654939,-0.11097861343242532,0.6942922512631617,-0.5838710190292093,1.1968963146209717,3.316121457573664,3.2149197735905006,1.6639457941055298,1.3689959049224854,1.1968963146209717,-0.039477798384697116,-0.33837427995996594,11.570666634138718
1776515012.251108,0.7374301745805171,-0.107691507736353,0.695306796418266,-0.5802166119810342,1.1968963146209717,3.316121457573664,3.2149197735905006,1.6639457941055298,1.3689959049224854,1.1968963146209717,-0.07087488854989753,-0.33637442832725717,11.557148540452161
1776515012.3009815,0.739769927036728,-0.1038773093727343,0.6879546881537939,-0.7261111074651776,1.1959552764892578,3.31209476075715,3.2160890520113017,1.6492414474487305,1.391294002532959,1.1959552764892578,-0.06918177823110508,-0.33446347608940596,11.543616991852959
1776515012.350145,0.7403464534207033,-0.11401840016214011,0.6898630116211497,-0.5995532965343,1.1959552764892578,3.31209476075715,3.2160890520113017,1.6492414474487305,1.391294002532959,1.1959552764892578,-0.06753754070653131,-0.33256260043144475,11.530060985348246
1776515012.3999982,0.6746770468703034,-0.2515562285434084,0.6918074520837096,-0.5923986224893624,1.1962192058563232,3.3087988530563934,3.2158935257059853,1.6447094678878784,1.4331740140914917,1.1962192058563232,-0.06422939894436994,-0.32859549779396136,11.517249889537915
1776515012.4551296,0.6436600745145904,-0.04699907558875757,0.6940803606243695,-0.5722580556886848,1.1962192058563232,3.3087988530563934,3.2158935257059853,1.6447094678878784,1.4331740140914917,1.1962192058563232,-0.06028211364922585,-0.3240305240572342,11.505522719353674
1776515012.5001361,0.6228203455064779,0.15732862933984215,0.6934209597635584,-0.6163171660470153,1.1795339584350586,3.3010758463703405,3.2162345954612346,1.6152347326278687,1.449278712272644,1.1795339584350586,-0.06346414353722646,-0.32795756416860034,11.482399069199202
1776515012.550216,0.6130656794651315,0.21250485112500447,0.692178917861411,-0.6310152281908626,1.1795339584350586,3.3010758463703405,3.2162345954612346,1.6152347326278687,1.449278712272644,1.1795339584350586,-0.09902500496482008,-0.3316901770294305,11.471156894779998
1776515012.600064,0.609397869178564,0.2670751229934344,0.6821724491806248,-0.8064419861599121,1.1795339584350586,3.3010758463703405,3.2162345954612346,1.6152347326278687,1.449278712272644,1.1795339584350586,-0.10336753977898484,-0.33659233344002804,11.460025253845723
1776515012.6576586,0.609397869178564,0.2670751229934344,0.6797055266124881,-0.7204124822267042,1.183687686920166,3.2987042107480637,3.2219250323961943,1.6046161651611328,1.4750994443893433,1.183687686920166,-0.10336753977898484,-0.33659233344002804,11.460025253845723
1776515012.702149,0.6601502416183562,0.3489715537649084,0.6766655120401869,-0.7459039469857394,1.183687686920166,3.2987042107480637,3.2219250323961943,1.6046161651611328,1.4750994443893433,1.183687686920166,-0.11462365936111683,-0.34960086432466275,11.43683739186822
1776515012.7497203,0.7048697712733363,0.37161744196064184,0.673226595830093,-0.7724900031942709,1.1753320693969727,3.2874622063764702,3.2131773763879234,1.577552318572998,1.4853715896606445,1.1753320693969727,-0.12117554723884474,-0.35736437743078403,11.424238485371248
1776515012.799959,0.7048697712733363,0.37161744196064184,0.6694017364151916,-0.7971622277993793,1.1753320693969727,3.2874622063764702,3.2131773763879234,1.577552318572998,1.4853715896606445,1.1753320693969727,-0.12117554723884474,-0.35736437743078403,11.424238485371248
1776515012.8518002,0.7472642398238764,0.3418625431876208,0.6659971835442207,-0.8149525809505634,1.1753320693969727,3.2874622063764702,3.2131773763879234,1.577552318572998,1.4853715896606445,1.1753320693969727,-0.12694973968867607,-0.3643267216222606,11.410755706997021
1776515012.9010394,0.7644953500503872,0.29010363122713473,0.6629255903120711,-0.8272797182245789,1.166534185409546,3.2822301963432094,3.2203713943147214,1.5398705005645752,1.4756503105163574,1.166534185409546,-0.13210231074199383,-0.37065938350338046,11.396721350971516
1776515012.9503675,0.7634176803672239,0.22492255832311478,0.6629255903120711,-0.7901104155685975,1.166534185409546,3.2822301963432094,3.2203713943147214,1.5398705005645752,1.4756503105163574,1.166534185409546,-0.13598952182506102,-0.3755414681441076,11.38247108198149
1776515013.0031414,0.7625166036136304,0.17138070486558846,0.6605790294197345,-0.8378342101332118,1.166534185409546,3.2822301963432094,3.2203713943147214,1.5398705005645752,1.4756503105163574,1.166534185409546,-0.1762818316661323,-0.3796755035092394,11.368284879551751
1776515013.0502963,0.7625166036136304,0.17138070486558846,0.6492678374375477,-1.0072159598133976,1.166534185409546,3.2822301963432094,3.2203713943147214,1.5398705005645752,1.4756503105163574,1.166534185409546,-0.1762818316661323,-0.3796755035092394,11.368284879551751
1776515013.1001735,0.7488552371780716,0.1400311821816304,0.6477902922422175,-0.8983498812340542,1.1737781763076782,3.2703137654711205,3.2075815384339093,1.5223345756530762,1.4648717641830444,1.1737781763076782,-0.17884061471518872,-0.38264954589126776,11.354213551873018
1776515013.1501665,0.730316728717784,0.1294794002350028,0.6477902922422175,-0.8811097942942443,1.1737781763076782,3.2703137654711205,3.2075815384339093,1.5223345756530762,1.4648717641830444,1.1737781763076782,-0.181162645431536,-0.3854010850293742,11.340447514246687
1776515013.2036035,0.7131185433713931,0.1417399829568374,0.645079357053476,-0.9407377219463801,1.1781445741653442,3.2649589185908807,3.214033509831583,1.4970499277114868,1.4399539232254028,1.1781445741653442,-0.1834599522520263,-0.3881740534964768,11.327000085968814
1776515013.2507606,0.6900257643889559,0.18683889381803215,0.6435933451577717,-0.9296754374744366,1.1781445741653442,3.2649589185908807,3.214033509831583,1.4970499277114868,1.4399539232254028,1.1781445741653442,-0.1887865267211314,-0.39477948602251334,11.300979071995117
1776515013.300375,0.7399387969206803,0.22008697552526196,0.6418875391799712,-0.9382309499324648,1.1781445741653442,3.2649589185908807,3.214033509831583,1.4970499277114868,1.4399539232254028,1.1781445741653442,-0.19205906183193097,-0.3989419636189371,11.287677160433516
1776515013.3525891,0.7399387969206803,0.22008697552526196,0.6398973666050511,-0.9580948163148946,1.1726406812667847,3.254923876405975,3.2065659390239225,1.477186918258667,1.4123073816299438,1.1726406812667847,-0.19205906183193097,-0.3989419636189371,11.287677160433516
1776515013.4032288,0.7644132892928,0.19277207504006125,0.6398973666050511,-0.9314789433711214,1.1726406812667847,3.254923876405975,3.2065659390239225,1.477186918258667,1.4123073816299438,1.1726406812667847,-0.23463758088765094,-0.4032936164240529,11.273424354931095
1776515013.4511268,0.7542314326006987,0.16776728577731267,0.6279491170175772,-1.145959947501105,1.1726406812667847,3.254923876405975,3.2065659390239225,1.477186918258667,1.4123073816299438,1.1726406812667847,-0.23763642621834874,-0.4068498060990523,11.259226591426732
1776515013.5033255,0.7676811969341103,0.15656910369954277,0.6261976748852416,-1.036768504800745,1.173348069190979,3.2509744409936983,3.2117904070157777,1.4497790336608887,1.3928028345108032,1.173348069190979,-0.24046067733388457,-0.41025359889752133,11.24483154509934
1776515013.5541735,0.7459179106594245,0.1281643340927695,0.6245329016205552,-1.042697769073284,1.173348069190979,3.2509744409936983,3.2117904070157777,1.4497790336608887,1.3928028345108032,1.173348069190979,-0.24298636320726463,-0.4133920372200123,11.230635040194556
1776515013.6027572,0.7402427957034968,0.13849510849508728,0.623017666050166,-1.0538298851026155,1.173348069190979,3.2509744409936983,3.2117904070157777,1.4497790336608887,1.3928028345108032,1.173348069190979,-0.24532361297078376,-0.4163229184139139,11.216731080348085
1776515013.6561456,0.7402427957034968,0.13849510849508728,0.6216080323754667,-1.0605722285056078,1.1820712089538574,3.2388279100571595,3.201526681599363,1.4153234958648682,1.3795335292816162,1.1820712089538574,-0.24532361297078376,-0.4163229184139139,11.216731080348085
1776515013.7002215,0.7456823054045437,0.13441475157852883,0.6202399674674517,-1.0679450998352304,1.1820712089538574,3.2388279100571595,3.201526681599363,1.4153234958648682,1.3795335292816162,1.1820712089538574,-0.24756403006702665,-0.4191924891273485,11.202749887348322
1776515013.7520866,0.743496374915021,0.12699911613578316,0.6086174450960465,-1.2820904804000213,1.1820712089538574,3.2388279100571595,3.201526681599363,1.4153234958648682,1.3795335292816162,1.1820712089538574,-0.290624379046641,-0.4219471835149997,11.188695636495364
1776515013.8023453,0.7408794806735435,0.12184335815319985,0.6086174450960465,-1.12049799394184,1.1907687187194824,3.231266427106266,3.2003869787255503,1.3967928886413574,1.356040358543396,1.1907687187194824,-0.29280219317994016,-0.424534365917815,11.174709775095298
1776515013.851612,0.7392195758948792,0.11479199169754181,0.607344224861667,-1.1458830462704042,1.1907687187194824,3.231266427106266,3.2003869787255503,1.3967928886413574,1.356040358543396,1.1907687187194824,-0.294819643515272,-0.42696971844637566,11.160752308168759
1776515013.901811,0.7360603361007431,0.10782357899136194,0.6061539286691663,-1.1527295356944571,1.1907687187194824,3.231266427106266,3.2003869787255503,1.3967928886413574,1.356040358543396,1.1907687187194824,-0.2967021545701907,-0.4292892949756674,11.146834507490466
1776515013.9515715,0.7360603361007431,0.10782357899136194,0.605030054455125,-1.1592039147770496,1.1878961324691772,3.223457461148914,3.2025008100360526,1.3648265600204468,1.336613655090332,1.1878961324691772,-0.2967021545701907,-0.4292892949756674,11.146834507490466
1776515014.0065348,0.738296569591543,0.1108954126163575,0.6039216661291713,-1.166421803592268,1.1878961324691772,3.223457461148914,3.2025008100360526,1.3648265600204468,1.336613655090332,1.1878961324691772,-0.2985353078478003,-0.43159798676136807,11.132912114638561
1776515014.0497465,0.7326940079712925,0.09409207059890576,0.6029079212181048,-1.1700976447059024,1.1851781606674194,3.2138983636515546,3.199833326609316,1.356884479522705,1.3220791816711426,1.1851781606674194,-0.30176263378135026,-0.4357797487900657,11.105099319487291
1776515014.1017563,0.7326940079712925,0.09409207059890576,0.6019374866258813,-1.1782387143600441,1.1851781606674194,3.2138983636515546,3.199833326609316,1.356884479522705,1.3220791816711426,1.1851781606674194,-0.30176263378135026,-0.4357797487900657,11.105099319487291
1776515014.1497383,0.7202280198190252,0.09012833797392573,0.6010294064068626,-1.1807386012649939,1.1851781606674194,3.2138983636515546,3.199833326609316,1.356884479522705,1.3220791816711426,1.1851781606674194,-0.30321626739638513,-0.43771462217588697,11.091328296490023
1776515014.1995785,0.7097688960687818,0.07198084390975326,0.6010294064068626,-1.168974820532214,1.2022038698196411,3.2095916287751245,3.2105793445520527,1.3330456018447876,1.2887682914733887,1.2022038698196411,-0.34712405617498976,-0.43956414839274577,11.077843999446552
1776515014.2527478,0.720429646382562,0.07964274805087074,0.5894467762939337,-1.3835282659431243,1.2022038698196411,3.2095916287751245,3.2105793445520527,1.3330456018447876,1.2887682914733887,1.2022038698196411,-0.34853453001779167,-0.44130477978431676,11.064313424552633
1776515014.2997866,0.7409456711989657,0.07313757891340313,0.5886039600959079,-1.2490718371538263,1.2022038698196411,3.2095916287751245,3.2105793445520527,1.3330456018447876,1.2887682914733887,1.2022038698196411,-0.34987029108286444,-0.44298409182593296,11.050440453495508
1776515014.3520823,0.7316226955837528,0.06651642691745362,0.5877971409358569,-1.2575216963142946,1.2175731658935547,3.1973173079062787,3.202310709006744,1.28999662399292,1.2717119455337524,1.2175731658935547,-0.35105079190845234,-0.44449740318989656,11.03651684032867
1776515014.4018247,0.7258688359428422,0.07117965486459729,0.5870759275458991,-1.257849368611114,1.2175731658935547,3.1973173079062787,3.202310709006744,1.28999662399292,1.2717119455337524,1.2175731658935547,-0.35223350059689207,-0.446041995199345,11.022756960277913
1776515014.4567335,0.7222418279472905,0.06941969880763098,0.5863453991937666,-1.2623305448686049,1.2175731658935547,3.1973173079062787,3.202310709006744,1.28999662399292,1.2717119455337524,1.2175731658935547,-0.3533769475764339,-0.4475703168045665,11.009033618667804
1776515014.4993677,0.7221462458039094,0.06307652902940224,0.58562932050546,-1.2652318785746406,1.22977614402771,3.1906756461493733,3.2092941870468943,1.2854220867156982,1.2493808269500732,1.22977614402771,-0.3544432873478938,-0.44902486823149484,10.99531466418575
1776515014.5511289,0.721510527869997,0.06171085255059732,0.5849533284835122,-1.2706183831143825,1.22977614402771,3.1906756461493733,3.2092941870468943,1.2854220867156982,1.2493808269500732,1.22977614402771,-0.3544432873478938,-0.44902486823149484,10.99531466418575
1776515014.599527,0.721510527869997,0.06171085255059732,0.5733448614974582,-1.476877794809531,1.235305666923523,3.1782569311814215,3.2012083126750484,1.2599284648895264,1.235305666923523,1.2355220317840576,-0.3989701700211159,-0.4504094844900736,10.981605580222308
1776515014.649878,0.7206264715926712,0.055730427081603466,0.5727112832900412,-1.3390518856792077,1.235305666923523,3.1782569311814215,3.2012083126750484,1.2599284648895264,1.235305666923523,1.2355220317840576,-0.4000177177653056,-0.4517294708325067,10.96790438457172
1776515014.6996174,0.7366796081084503,0.05753333809402119,0.5727112832900412,-1.3307926669140508,1.235305666923523,3.1782569311814215,3.2012083126750484,1.2599284648895264,1.235305666923523,1.2355220317840576,-0.40101553520842714,-0.4530160866763123,10.953951191339073
1776515014.7517579,0.7297370241161427,0.038978189287370305,0.5720995808581089,-1.3431638623062037,1.2144372463226318,3.1686757825018628,3.2022826482321984,1.2378184795379639,1.2144372463226318,1.2334911823272705,-0.40201714381898224,-0.4543384442667268,10.940008724662803
1776515014.8012812,0.7042740155864512,0.06581361448594997,0.571476915362933,-1.3454741847211715,1.2144372463226318,3.1686757825018628,3.2022826482321984,1.2378184795379639,1.2144372463226318,1.2334911823272705,-0.4029183125165024,-0.45553981218480666,10.926423495689267
1776515014.8499103,0.7086570695235964,0.056549212959012954,0.5709134378340955,-1.3486067458149364,1.1849520206451416,3.161416729217762,3.211423421839358,1.2114200592041016,1.1849520206451416,1.26149320602417,-0.4038725164464467,-0.45683970993482165,10.912981612904595
1776515014.8996217,0.7021738833653282,0.05034939239650923,0.5697801147038967,-1.3611752500607002,1.1849520206451416,3.161416729217762,3.211423421839358,1.2114200592041016,1.1849520206451416,1.26149320602417,-0.40469925004494495,-0.457984551017062,10.89951904105426
1776515014.9492013,0.6873098131997435,0.07030343565409426,0.5692311245300354,-1.3580941666917934,1.1849520206451416,3.161416729217762,3.211423421839358,1.2114200592041016,1.1849520206451416,1.26149320602417,-0.4509546733010214,-0.4605620260045861,10.873174576967138
1776515014.9999459,0.6873098131997435,0.07030343565409426,0.5574020550468586,-1.5,1.163272738456726,3.15251977558383,3.212029113542532,1.1952928304672241,1.163272738456726,1.2795206308364868,-0.4509546733010214,-0.4605620260045861,10.873174576967138
1776515015.0498106,0.7206326490225821,0.06311702774922481,0.5566167779103302,-1.4330548457849945,1.163272738456726,3.15251977558383,3.212029113542532,1.1952928304672241,1.163272738456726,1.2795206308364868,-0.4533979219515566,-0.4637858451666067,10.846063785168639
1776515015.0998144,0.7115287251115454,0.05677700022910962,0.5558836870215579,-1.436357783141005,1.1454280614852905,3.1391255651548104,3.2058448921290394,1.1719074249267578,1.1454280614852905,1.2940775156021118,-0.4543630530532502,-0.465104214075982,10.832499808720321
1776515015.1531162,0.7078456549813269,0.05471493411068246,0.5552713306893059,-1.4381333248570294,1.1454280614852905,3.1391255651548104,3.2058448921290394,1.1719074249267578,1.1454280614852905,1.2940775156021118,-0.4552180953016475,-0.4662897153409689,10.81901435328199
1776515015.2019267,0.7060979047951553,0.050820938533098006,0.5547239196885135,-1.4407846648124398,1.1454280614852905,3.1391255651548104,3.2058448921290394,1.1719074249267578,1.1454280614852905,1.2940775156021118,-0.4560273156122846,-0.46743592335331513,10.805531923782112
1776515015.2502677,0.6988392048463259,0.04820262707821153,0.5541990579267762,-1.4432685174232804,1.12979257106781,3.1314590881534685,3.2159655374436857,1.140282392501831,1.12979257106781,1.3003009557724,-0.4567842094550439,-0.46852436223748284,10.79212649232598
1776515015.2997537,0.6988392048463259,0.04820262707821153,0.5537035577908338,-1.445866449809988,1.12979257106781,3.1314590881534685,3.2159655374436857,1.140282392501831,1.12979257106781,1.3003009557724,-0.4567842094550439,-0.46852436223748284,10.79212649232598
1776515015.350087,0.6863907045669753,0.0486704525320353,0.553191439198942,-1.4490044949260115,1.1019322872161865,3.116047852575283,3.2096692545515046,1.1220499277114868,1.1019322872161865,1.3187538385391235,-0.45754872553877163,-0.46966529273316976,10.778936290671538
1776515015.3996155,0.6961401085927508,0.04415621454906042,0.553191439198942,-1.4423346331489029,1.1019322872161865,3.116047852575283,3.2096692545515046,1.1220499277114868,1.1019322872161865,1.3187538385391235,-0.4581948262713114,-0.47063448761513454,10.765772161753572
1776515015.4496303,0.7020476187009826,0.041686093912519886,0.552757247247392,-1.4504100999855185,1.1019322872161865,3.116047852575283,3.2096692545515046,1.1220499277114868,1.1019322872161865,1.3187538385391235,-0.5042801964687283,-0.47163767044542954,10.752426581727383
1776515015.5006845,0.7032953844931965,0.04195340790043341,0.5408628427651603,-1.5,1.0842907428741455,3.104482116906539,3.2115451368436423,1.0970196723937988,1.0842907428741455,1.3352020978927612,-0.5049478313652098,-0.47255748104320494,10.739008747609756
1776515015.556747,0.7023096400380956,0.03600698586806535,0.5404370518038698,-1.5,1.0842907428741455,3.104482116906539,3.2115451368436423,1.0970196723937988,1.0842907428741455,1.3352020978927612,-0.5055784404250374,-0.47344767814665567,10.725579480504631
1776515015.59975,0.7004218378729525,0.03222760151440383,0.5400288831318271,-1.5,1.0842907428741455,3.104482116906539,3.2115451368436423,1.0970196723937988,1.0842907428741455,1.3352020978927612,-0.506175746729526,-0.4743115498435379,10.712187718686819
1776515015.6517115,0.694390715769075,0.028942786680006546,0.5396364778679689,-1.5,1.0674625635147095,3.093106596255942,3.2125206054577076,1.0888595581054688,1.0674625635147095,1.3494645357131958,-0.5067459548655909,-0.47515143668272386,10.698901827618212
1776515015.7005703,0.6935688412834659,0.03481474902367648,0.5392576171027085,-1.5,1.0674625635147095,3.093106596255942,3.2125206054577076,1.0888595581054688,1.0674625635147095,1.3494645357131958,-0.5072759975410561,-0.47594306133664926,10.685641249138387
1776515015.7572656,0.6919315661415952,0.029903029080208414,0.5389023914453921,-1.5,1.0674625635147095,3.093106596255942,3.2125206054577076,1.0888595581054688,1.0674625635147095,1.3494645357131958,-0.5077781656551943,-0.4767085036152622,10.67240642332985
1776515015.8002412,0.6919315661415952,0.029903029080208414,0.5385615212426176,-1.5,1.0395902395248413,3.0827778948334825,3.218071456017867,1.0605709552764893,1.0395902395248413,1.368316650390625,-0.5077781656551943,-0.4767085036152622,10.67240642332985
1776515015.8493266,0.6939831892314507,0.0321171643623306,0.5382227065158393,-1.5,1.0395902395248413,3.0827778948334825,3.218071456017867,1.0605709552764893,1.0395902395248413,1.368316650390625,-0.5082674287460078,-0.47747821942916685,10.659162900618984
1776515015.8997662,0.6678492176046169,0.02849315400432328,0.5263153747682433,-1.5,1.0248351097106934,3.070802499584089,3.2193040555338936,1.0388327836990356,1.0248351097106934,1.3934348821640015,-0.5552174850545776,-0.478895121692584,10.633027134084593
1776515015.9497468,0.6675322270022823,0.02607680326476044,0.5259945596923229,-1.5,1.0248351097106934,3.070802499584089,3.2193040555338936,1.0388327836990356,1.0248351097106934,1.3934348821640015,-0.5556460958867347,-0.47952169388011906,10.620289211784547
1776515015.99967,0.6713484189523266,0.024765222621420845,0.5257111095501096,-1.5,1.005785346031189,3.057607861826753,3.2205308550397023,1.0073095560073853,1.005785346031189,1.4087119102478027,-0.5560531752839913,-0.4801276776942932,10.607470247641675
1776515016.0516198,0.6476484402119634,0.02990485545185987,0.5254388500740321,-1.5,1.005785346031189,3.057607861826753,3.2205308550397023,1.0073095560073853,1.005785346031189,1.4087119102478027,-0.5564493938234886,-0.4807287419639155,10.594881641603736
1776515016.100487,0.6287107510672627,0.05865154489356894,0.5251707050065846,-1.5,1.005785346031189,3.057607861826753,3.2205308550397023,1.0073095560073853,1.005785346031189,1.4087119102478027,-0.5570535239488048,-0.4816659462428605,10.58271158355224
1776515016.1536884,0.6167056677680886,0.08802446381387624,0.5247560470169003,-1.5,0.9828847646713257,3.046727715268607,3.222454199281622,1.0020354986190796,0.9828847646713257,1.4280790090560913,-0.5579873310711407,-0.48314814744564616,10.570836154948333
1776515016.2006245,0.6167056677680886,0.08802446381387624,0.5241057112852916,-1.5,0.9828847646713257,3.046727715268607,3.222454199281622,1.0020354986190796,0.9828847646713257,1.4280790090560913,-0.5579873310711407,-0.48314814744564616,10.570836154948333
1776515016.2534044,0.6318440597271132,0.14422622237874247,0.5231844221615468,-1.5,0.9828847646713257,3.046727715268607,3.222454199281622,1.0020354986190796,0.9828847646713257,1.4280790090560913,-0.5609134398314422,-0.48795141774884065,10.547072760601328
1776515016.2997289,0.6494220969637158,0.15584232137058268,0.5220234161928012,-1.5,0.9534796476364136,3.035314034081299,3.2243189619575725,0.975187361240387,0.9534796476364136,1.4436862468719482,-0.5626965614139448,-0.4909742879179778,10.534797296856643
1776515016.3496656,0.6637030404816758,0.15331425495783507,0.5207276659066522,-1.5,0.9534796476364136,3.035314034081299,3.2243189619575725,0.975187361240387,0.9534796476364136,1.4436862468719482,-0.5644910322145238,-0.4941006293661236,10.522197052715953
1776515016.4031305,0.6637030404816758,0.15331425495783507,0.5194000836594255,-1.5,0.9534796476364136,3.035314034081299,3.2243189619575725,0.975187361240387,0.9534796476364136,1.4436862468719482,-0.5644910322145238,-0.4941006293661236,10.522197052715953
1776515016.4521093,0.6707287685795682,0.13840287242678986,0.5194000836594255,-1.5,0.938586950302124,3.0211441747354866,3.219990060176428,0.9570274949073792,0.938586950302124,1.4547879695892334,-0.6138111717975098,-0.4970304325935142,10.50937162433873
1776515016.5006268,0.6586025601270636,0.12805700417246801,0.5049371746064265,-1.5,0.938586950302124,3.0211441747354866,3.219990060176428,0.9570274949073792,0.938586950302124,1.4547879695892334,-0.6155568895902628,-0.49979460434581197,10.496604559916314
1776515016.5517344,0.646895497300435,0.12446409107738483,0.5049371746064265,-1.5,0.9200417995452881,3.0122037734508957,3.2264776238935955,0.9208630323410034,0.9200417995452881,1.4863466024398804,-0.617051263485636,-0.5022174566661655,10.484070079348331
1776515016.6026268,0.6419632468795837,0.11855650859648664,0.5038821937350936,-1.5,0.9200417995452881,3.0122037734508957,3.2264776238935955,0.9208630323410034,0.9200417995452881,1.4863466024398804,-0.6185111426734899,-0.5046378489391192,10.471685951655651
1776515016.650005,0.642235987073666,0.11421078078129485,0.5028365943433272,-1.5,0.9200417995452881,3.0122037734508957,3.2264776238935955,0.9208630323410034,0.9200417995452881,1.4863466024398804,-0.6198780001288803,-0.5069587047280735,10.459337154360654
1776515016.6997623,0.647769321841972,0.11052398726311143,0.5018423066436617,-1.5,0.900473415851593,3.0000692682063326,3.2285427318691786,0.9172323942184448,0.900473415851593,1.4979829788208008,-0.6211634664573341,-0.5091946686761945,10.446921794557023
1776515016.7496178,0.6570375395144,0.1062288338134344,0.5008922992234174,-1.5,0.900473415851593,3.0000692682063326,3.2285427318691786,0.9172323942184448,0.900473415851593,1.4979829788208008,-0.6223805378882177,-0.5113657005687475,10.434355698242456
1776515016.7991843,0.6647038631206625,0.10447446593644627,0.49997770829291976,-1.5,0.8832759261131287,2.9864105743241462,3.230745871952742,0.8834835290908813,0.8832759261131287,1.5245431661605835,-0.6235337694182024,-0.5134768437498557,10.421585727370296
1776515016.849676,0.6628895753432877,0.0987841187836947,0.49909597385665344,-1.5,0.8832759261131287,2.9864105743241462,3.230745871952742,0.8834835290908813,0.8832759261131287,1.5245431661605835,-0.6246096899858664,-0.5155009189220459,10.408792387161624
1776515016.9002225,0.6612026860461954,0.0939528322438216,0.4982581008253888,-1.5,0.8832759261131287,2.9864105743241462,3.230745871952742,0.8834835290908813,0.8832759261131287,1.5245431661605835,-0.6256090203638031,-0.517432800772944,10.396025606465281
1776515016.949974,0.659826778418612,0.0917763948776351,0.4974653426518974,-1.5,0.8620335459709167,2.9750815236270705,3.2383080311847414,0.8725652694702148,0.8620335459709167,1.5420384407043457,-0.6761681726859898,-0.5453919072886023,10.383284768595011
1776515017.0068588,0.6585222234230648,0.0900361897963055,0.4768958864423219,-1.5,0.8620335459709167,2.9750815236270705,3.2383080311847414,0.8725652694702148,0.8620335459709167,1.5420384407043457,-0.6772115717217182,-0.5472079502375635,10.370562973620933
1776515017.0497136,0.6417002526816107,0.08666994208928745,0.4761244578596093,-1.5,0.8620335459709167,2.9750815236270705,3.2383080311847414,0.8725652694702148,0.8620335459709167,1.5420384407043457,-0.6782308893916487,-0.5490239191409002,10.358074344894922
1776515017.1015933,0.6417002526816107,0.08666994208928745,0.47535911851385254,-1.5,0.839879035949707,2.9588946823606217,3.2320696131156663,0.8469522595405579,0.839879035949707,1.5662859678268433,-0.6782308893916487,-0.5490239191409002,10.358074344894922
1776515017.1496058,0.6245053806811807,0.1015788319754787,0.47535911851385254,-1.5,0.839879035949707,2.9588946823606217,3.2320696131156663,0.8469522595405579,0.839879035949707,1.5662859678268433,-0.6792968685273681,-0.5509714458903565,10.345829453219386
1776515017.1996486,0.6245053806811807,0.1015788319754787,0.4745451842818034,-1.5,0.839879035949707,2.9588946823606217,3.2320696131156663,0.8469522595405579,0.839879035949707,1.5662859678268433,-0.6792968685273681,-0.5509714458903565,10.345829453219386
1776515017.249751,0.6047148252004274,0.09755402421064303,0.47369670577566814,-1.5,0.839879035949707,2.9588946823606217,3.2320696131156663,0.8469522595405579,0.839879035949707,1.5662859678268433,-0.6803843967992281,-0.5530229508247373,10.333991789911705
1776515017.3006186,0.5930290648209731,0.09206058142810092,0.47369670577566814,-1.5,0.8177991509437561,2.946309069204286,3.2379177228357414,0.8335216641426086,0.8177991509437561,1.5812705755233765,-0.6813812171097807,-0.5549426900456245,10.322424614765165
1776515017.349734,0.5738867177761832,0.11997440982495251,0.47290798007556045,-1.5,0.8177991509437561,2.946309069204286,3.2379177228357414,0.8335216641426086,0.8177991509437561,1.5812705755233765,-0.6823538503542482,-0.5568677744256763,10.311114433959165
1776515017.4056993,0.5738867177761832,0.11997440982495251,0.4721238528715402,-1.5,0.8177991509437561,2.946309069204286,3.2379177228357414,0.8335216641426086,0.8177991509437561,1.5812705755233765,-0.6823538503542482,-0.5568677744256763,10.311114433959165
1776515017.4496098,0.5624360548061283,0.09114099968267117,0.4714283633670805,-1.5,0.8177991509437561,2.946309069204286,3.2379177228357414,0.8335216641426086,0.8177991509437561,1.5812705755233765,-0.6832032225244123,-0.5585872305598842,10.300137315484474
1776515017.5017204,0.5559052365065039,0.0892633311809053,0.4714283633670805,-1.5,0.795760452747345,2.9377626798750622,3.2469617173510463,0.8022994995117188,0.795760452747345,1.6077667474746704,-0.6840855649051802,-0.5604225197643549,10.28931710927613
1776515017.5506094,0.5559052365065039,0.0892633311809053,0.47069213210987526,-1.5,0.795760452747345,2.9377626798750622,3.2469617173510463,0.8022994995117188,0.795760452747345,1.6077667474746704,-0.6840855649051802,-0.5604225197643549,10.28931710927613
1776515017.5998802,0.5453829213478144,0.10609409295063346,0.47069213210987526,-1.5,0.795760452747345,2.9377626798750622,3.2469617173510463,0.8022994995117188,0.795760452747345,1.6077667474746704,-0.6853554292420944,-0.563135401236015,10.27869680914646
1776515017.6501603,0.5453829213478144,0.10609409295063346,0.46961251948490806,-1.5,0.7757443785667419,2.9274250113997162,3.254895332870329,0.795094907283783,0.7757443785667419,1.6161041259765625,-0.6853554292420944,-0.563135401236015,10.27869680914646
1776515017.6993885,0.5430503234154542,0.10515330014206867,0.46883632362117783,-1.5,0.7757443785667419,2.9274250113997162,3.254895332870329,0.795094907283783,0.7757443785667419,1.6161041259765625,-0.6862509068626759,-0.5651015994622424,10.268139643069674
1776515017.7526958,0.5409943657920344,0.10965333637709937,0.46799803954050634,-1.5,0.7757443785667419,2.9274250113997162,3.254895332870329,0.795094907283783,0.7757443785667419,1.6161041259765625,-0.6871995958223663,-0.5672416511152051,10.257634137504931
1776515017.7997575,0.5417965851757156,0.11544796310102937,0.46712167147574135,-1.5,0.7580892443656921,2.9155682244309666,3.2571976648924625,0.7580892443656921,0.7607960104942322,1.63388991355896,-0.6881714656740356,-0.5694968541942917,10.247131429060607
1776515017.8536613,0.5462612918103699,0.11440079345958099,0.466213648598481,-1.5,0.7580892443656921,2.9155682244309666,3.2571976648924625,0.7580892443656921,0.7607960104942322,1.63388991355896,-0.7443187891071856,-0.7080350661214928,10.225997636159702
1776515017.907673,0.5444029988223782,0.11110987944302678,0.12,-1.5,0.7385069131851196,2.9036111717528486,3.2613570516782526,0.7507532238960266,0.7385069131851196,1.6592079401016235,-0.7453907082940029,-0.7102807150197245,10.215395004883977
1776515017.9543185,0.5378297899334635,0.1063443248518662,0.12,-1.5,0.7385069131851196,2.9036111717528486,3.2613570516782526,0.7507532238960266,0.7385069131851196,1.6592079401016235,-0.7464139881097791,-0.7124849306151138,10.204873163655234
1776515018.0027213,0.5342510711177001,0.10821143636205094,0.12,-1.5,0.7385069131851196,2.9036111717528486,3.2613570516782526,0.7507532238960266,0.7385069131851196,1.6592079401016235,-0.747382877186687,-0.7146268442393011,10.194456956428104
1776515018.0512373,0.5347507499184805,0.10732161330218719,0.12,-1.5,0.7176191210746765,2.8907625665827883,3.265541260712412,0.7176191210746765,0.7209360003471375,1.6760812997817993,-0.7483373731013251,-0.7167946599954313,10.184061865898109
1776515018.0997877,0.539128101099155,0.09827063573981297,0.12,-1.5,0.7176191210746765,2.8907625665827883,3.265541260712412,0.7176191210746765,0.7209360003471375,1.6760812997817993,-0.7492136593101546,-0.7188413950284331,10.173614771437977
1776515018.1499546,0.538857105125092,0.06980673962606825,0.12,-1.5,0.703532338142395,2.876388512200277,3.260663943401838,0.703532338142395,0.7104350924491882,1.6934417486190796,-0.7499074235634241,-0.7204307819815003,10.163111064104577
1776515018.2022092,0.5374551337408169,0.03330479909729862,0.12,-1.5,0.703532338142395,2.876388512200277,3.260663943401838,0.703532338142395,0.7104350924491882,1.6934417486190796,-0.7504681562297095,-0.7215669200121062,10.15261043370768
1776515018.250103,0.5365709239722088,0.06196698148449545,0.12,-1.5,0.703532338142395,2.876388512200277,3.260663943401838,0.703532338142395,0.7104350924491882,1.6934417486190796,-0.7510151214142968,-0.7225516094147708,10.14211839596059
1776515018.2996676,0.5338761086596394,0.08994444158617824,0.12,-1.5,0.6961852312088013,2.866284974629299,3.2769092627674814,0.6975831985473633,0.6961852312088013,1.7069107294082642,-0.7516648606164992,-0.7237256896274467,10.131656511677942
1776515018.3510115,0.5338761086596394,0.08994444158617824,0.12,-1.5,0.6961852312088013,2.866284974629299,3.2769092627674814,0.6975831985473633,0.6961852312088013,1.7069107294082642,-0.7516648606164992,-0.7237256896274467,10.131656511677942
1776515018.4027236,0.5300974159584737,0.0010208005532369206,0.12,-1.5,0.6961852312088013,2.866284974629299,3.2769092627674814,0.6975831985473633,0.6961852312088013,1.7069107294082642,-0.75221061624279,-0.7245428639552872,10.121225548603931
1776515018.449825,0.5252235607764195,-0.009462943250444458,0.12,-1.5,0.6748284697532654,2.8476085568003695,3.2737687190372387,0.6793822646141052,0.6748284697532654,1.7344287633895874,-0.7526336969749615,-0.7252739150125727,10.110924353831491
1776515018.4998126,0.5183898274015618,0.10154890061708301,0.12,-1.5,0.6748284697532654,2.8476085568003695,3.2737687190372387,0.6793822646141052,0.6748284697532654,1.7344287633895874,-0.7531920242970849,-0.7266192528103594,10.100738606205544
1776515018.549828,0.513119753284434,-0.002373795384168025,0.12,-1.5,0.6748284697532654,2.8476085568003695,3.2737687190372387,0.6793822646141052,0.6748284697532654,1.7344287633895874,-0.7534273641093554,-0.7269415757556767,10.090608260929953
1776515018.5996833,0.5049735051853154,0.056242930197478266,0.12,-1.5,0.6454340815544128,2.8328634363208844,3.2774413895457273,0.6544873714447021,0.6454340815544128,1.7519145011901855,-0.7535896384070199,-0.7271746499128031,10.080637640112391
1776515018.6557438,0.4996258411058915,0.01105524771431696,0.12,-1.5,0.6454340815544128,2.8328634363208844,3.2774413895457273,0.6544873714447021,0.6454340815544128,1.7519145011901855,-0.7539225336149455,-0.7280537423095664,10.07085408542885
1776515018.7088437,0.492671605454912,0.02402291221825691,0.12,-1.5,0.6250738501548767,2.8184468118158565,3.2814035050855477,0.6481515169143677,0.6250738501548767,1.7697700262069702,-0.7540985300965026,-0.7284762618565503,10.061221848855443
1776515018.7556565,0.4773046961965513,0.015826108902537262,0.12,-1.5,0.6250738501548767,2.8184468118158565,3.2814035050855477,0.6481515169143677,0.6250738501548767,1.7697700262069702,-0.7542500861729365,-0.7288505287637368,10.051751896613245
1776515018.79976,0.46966049392314807,0.03966368448340516,0.12,-1.5,0.6250738501548767,2.8184468118158565,3.2814035050855477,0.6481515169143677,0.6250738501548767,1.7697700262069702,-0.7545169650565122,-0.7297896877501339,10.042455203334825
1776515018.8519568,0.45800448594051485,0.026157399973105965,0.12,-1.5,0.6274570226669312,2.804932412783599,3.2851369921720535,0.6303057670593262,0.6274570226669312,1.783709168434143,-0.7547052893407605,-0.730291067937437,10.03338457497797
1776515018.9046128,0.43888690972913524,0.019005794263777985,0.12,-1.5,0.6274570226669312,2.804932412783599,3.2851369921720535,0.6303057670593262,0.6274570226669312,1.783709168434143,-0.8216170313277958,-0.730695334869597,10.024604414919393
1776515018.9497051,0.423605731672591,0.028694073504160898,0.12,-1.5,0.6053473353385925,2.7917275019093424,3.2921571200123085,0.6077695488929749,0.6053473353385925,1.7903969287872314,-0.8218246835578153,-0.7311746069864511,10.016154010946922
1776515019.003403,0.3579480030742981,0.020654582063266005,0.12,-1.5,0.6053473353385925,2.7917275019093424,3.2921571200123085,0.6077695488929749,0.6053473353385925,1.7903969287872314,-0.8222104236032234,-0.7321955494015476,10.000855889928127
1776515019.0513437,0.3579480030742981,0.020654582063266005,0.12,-1.5,0.5923059582710266,2.7522965523515115,3.2238644716389437,0.5928348898887634,0.5923059582710266,1.8055020570755005,-0.8222104236032234,-0.7321955494015476,10.000855889928127
1776515019.0998647,0.3130692319878063,0.01657151747879292,0.12,-1.5,0.5923059582710266,2.7522965523515115,3.2238644716389437,0.5928348898887634,0.5923059582710266,1.8055020570755005,-0.8223921482962093,-0.7326931650631147,9.994297210501632
1776515019.156168,0.255962313216759,-0.10965500016343872,0.12,-1.5,0.5923059582710266,2.7522965523515115,3.2238644716389437,0.5928348898887634,0.5923059582710266,1.8055020570755005,-0.8224595521412607,-0.7327953067090156,9.988693538100149
1776515019.1998055,0.20458870548898714,0.027897491038583005,0.12,-1.5,0.5791991353034973,2.721889159064068,3.1695549859880723,0.5904695391654968,0.5791991353034973,1.8135639429092407,-0.8223848921758412,-0.7320631380291667,9.98410651394213
1776515019.2497754,0.15695617152355207,0.025832440361347953,0.12,-1.5,0.5791991353034973,2.721889159064068,3.1695549859880723,0.5904695391654968,0.5791991353034973,1.8135639429092407,-0.8227019570085043,-0.732671891301157,9.980573241449068
1776515019.3011057,0.08926551865504308,-0.014844337060554881,0.12,-1.5,0.5727787613868713,2.706043304777278,3.139502476521928,0.5890144109725952,0.5727787613868713,1.821083664894104,-0.8227653170855027,-0.7324912782435591,9.978241800563017
1776515019.349786,0.02276171675985484,0.16403737460651235,0.12,-1.5,0.5727787613868713,2.706043304777278,3.139502476521928,0.5890144109725952,0.5727787613868713,1.821083664894104,-0.8225884591938706,-0.7316724290238334,9.977301050641994
1776515019.399761,-0.010946091558340131,-0.08258422810019862,0.12,-1.5,0.5727787613868713,2.706043304777278,3.139502476521928,0.5890144109725952,0.5727787613868713,1.821083664894104,-0.8225583076955596,-0.7319262449667865,9.977344229829816
1776515019.4536662,-0.01269901767475827,-0.1533014717367662,0.12,-1.5,0.5792888402938843,2.6944154601864634,3.1163844755447485,0.580167293548584,0.5792888402938843,1.8315420150756836,-0.821863448565411,-0.7294097334351087,9.977514462149971
1776515019.4997666,-0.0194104542256793,-0.18188138662300682,0.12,-1.5,0.5792888402938843,2.6944154601864634,3.1163844755447485,0.580167293548584,0.5792888402938843,1.8315420150756836,-0.8209116531474339,-0.7260901080894795,9.977837741650257
1776515019.55298,-0.023606564079147796,-0.2190066867961476,0.12,-1.5,0.5792888402938843,2.6944154601864634,3.1163844755447485,0.580167293548584,0.5792888402938843,1.8315420150756836,-0.8197217825004103,-0.7220134557510203,9.97825541287349
1776515019.5992546,-0.023606564079147796,-0.2190066867961476,0.12,-1.5,0.5542786717414856,2.6959097313726534,3.1244688803014227,0.5542786717414856,0.5762379765510559,1.8251996040344238,-0.8197217825004103,-0.7220134557510203,9.97825541287349
1776515019.6496754,-0.03063319152209962,-0.23943571357088975,0.12,-1.5,0.5542786717414856,2.6959097313726534,3.1244688803014227,0.5542786717414856,0.5762379765510559,1.8251996040344238,-0.8183361990704974,-0.7173483489766511,9.978737986640757
1776515019.699618,-0.013521675674674985,-0.3575097444152049,0.12,-1.5,0.5542786717414856,2.6959097313726534,3.1244688803014227,0.5542786717414856,0.5762379765510559,1.8251996040344238,-0.8166163520504877,-0.7115959037551157,9.979219622505466
1776515019.7495673,-0.0008973456270877623,-0.4226094572901876,0.12,-1.5,0.5794946551322937,2.6956665166873384,3.141889079165141,0.5850966572761536,0.5794946551322937,1.8256330490112305,-0.8166163520504877,-0.7115959037551157,9.979219622505466
1776515019.7998452,0.02557327366888766,-0.49763346117873086,0.12,-1.5,0.5794946551322937,2.6956665166873384,3.141889079165141,0.5850966572761536,0.5794946551322937,1.8256330490112305,-0.8115257516702677,-0.6943149342564229,9.979027072495661
1776515019.8548698,0.04665106905628607,-0.5865955876159362,0.12,-1.5,0.5794946551322937,2.6956665166873384,3.141889079165141,0.5850966572761536,0.5794946551322937,1.8256330490112305,-0.8083511658373826,-0.6837704382232606,9.97830192379488
1776515019.8996122,0.04665106905628607,-0.5865955876159362,0.12,-1.5,0.5859406590461731,2.6806388799511205,3.1370424793499385,0.5859406590461731,0.587978184223175,1.8236500024795532,-0.8083511658373826,-0.6837704382232606,9.97830192379488
1776515019.949655,0.06400362592591918,-0.6368932845568052,0.12,-1.5,0.5859406590461731,2.6806388799511205,3.1370424793499385,0.5859406590461731,0.587978184223175,1.8236500024795532,-0.804444626692587,-0.6708549629664697,9.977041409456794
1776515019.999622,0.06400362592591918,-0.6368932845568052,0.12,-1.5,0.5859406590461731,2.6806388799511205,3.1370424793499385,0.5859406590461731,0.587978184223175,1.8236500024795532,-0.804444626692587,-0.6708549629664697,9.977041409456794
1776515020.0496225,0.12056496715712102,-0.7964490695516645,0.12,-1.5,0.5859406590461731,2.6806388799511205,3.1370424793499385,0.5859406590461731,0.587978184223175,1.8236500024795532,-0.7999705544780094,-0.6571491638944621,9.975177851197174
1776515020.1016288,0.12342904591506874,-0.8112748386600496,0.12,-1.5,0.5833147168159485,2.6475831641850927,3.108076983132354,0.5978562235832214,0.5833147168159485,1.8190512657165527,-0.7943682025823762,-0.6409617135389226,9.9725224972174
1776515020.1496246,0.1440900788464212,-0.7770255621515891,0.12,-1.5,0.5833147168159485,2.6475831641850927,3.108076983132354,0.5978562235832214,0.5833147168159485,1.8190512657165527,-0.7888816959664193,-0.6251688251464191,9.97002845415214
1776515020.1998177,0.14518093389105696,-0.8078349136104904,0.12,-1.5,0.5833147168159485,2.6475831641850927,3.108076983132354,0.5978562235832214,0.5833147168159485,1.8190512657165527,-0.7830714503322413,-0.6090652463915419,9.967388876807071
1776515020.2550862,0.159825349189249,-0.7514580782007897,0.12,-1.5,0.5804716348648071,2.6170626577682565,3.1006420034405826,0.5984908938407898,0.5804716348648071,1.817138671875,-0.7773888822678953,-0.5940395892872994,9.964521064789915
1776515020.2995605,0.1459428512857708,-0.7456407092691616,0.12,-1.5,0.5804716348648071,2.6170626577682565,3.1006420034405826,0.5984908938407898,0.5804716348648071,1.817138671875,-0.7713309556453252,-0.5784770251748536,9.961673393303595
1776515020.349626,0.1459428512857708,-0.7456407092691616,0.12,-1.5,0.5804716348648071,2.6170626577682565,3.1006420034405826,0.5984908938407898,0.5804716348648071,1.817138671875,-0.7713309556453252,-0.5784770251748536,9.961673393303595
1776515020.399615,0.12754621397182006,-0.6424656116499206,0.12,-1.5,0.5766815543174744,2.5707581916636166,3.0637520267856218,0.6085864305496216,0.5766815543174744,1.8236467838287354,-0.7659852621800418,-0.5642859470549421,9.959336052244298
1776515020.4498303,0.16453648778027571,-0.70504426788582,0.12,-1.5,0.5766815543174744,2.5707581916636166,3.0637520267856218,0.6085864305496216,0.5766815543174744,1.8236467838287354,-0.7602199246234487,-0.5502352212416848,9.956423046371443
1776515020.501619,0.1298834631881174,-0.55961787501553,0.12,-1.5,0.5766125321388245,2.5101414074730144,2.9835882737315162,0.6088935732841492,0.5766125321388245,1.820812463760376,-0.7547581792593939,-0.5371078113885637,9.953695697432419
1776515020.5556664,0.08761102997894814,-0.40809371161498253,0.12,-1.5,0.5766125321388245,2.5101414074730144,2.9835882737315162,0.6088935732841492,0.5766125321388245,1.820812463760376,-0.7504588181486751,-0.5266692899413683,9.951647043111054
1776515020.5996568,0.02814839362405696,-0.3133776426479182,0.12,-1.5,0.5766125321388245,2.5101414074730144,2.9835882737315162,0.6088935732841492,0.5766125321388245,1.820812463760376,-0.7479849325594796,-0.5196752632984246,9.950550571002847
1776515020.6516347,-0.005973193185930068,-0.13160227822304382,0.46599872327145225,-1.5,0.5814276933670044,2.482974246626756,2.953269138338643,0.606113612651825,0.5814276933670044,1.8241599798202515,-0.7471876697071366,-0.5155182136323047,9.950130265230557
1776515020.6995075,-0.00425821206363433,-0.10434157946290773,0.4673636074167563,-1.5,0.5814276933670044,2.482974246626756,2.953269138338643,0.606113612651825,0.5814276933670044,1.8241599798202515,-0.7470872689168815,-0.513531289443321,9.94990531289947
1776515020.7507918,-0.00425821206363433,-0.10434157946290773,0.467945247188816,-1.5,0.5814276933670044,2.482974246626756,2.953269138338643,0.606113612651825,0.5814276933670044,1.8241599798202515,-0.7470872689168815,-0.513531289443321,9.94990531289947
1776515020.7995229,0.0020601964971032212,-0.012403785310349169,0.4682652499338266,-1.5,0.5781895518302917,2.4744703160955552,2.940627175975206,0.5941383838653564,0.5781895518302917,1.8213386535644531,-0.7470430355107031,-0.512428232562415,9.949737819266087
1776515020.8541105,0.009717525486774951,0.015548343315109486,0.4682652499338266,-1.5,0.5781895518302917,2.4744703160955552,2.940627175975206,0.5941383838653564,0.5781895518302917,1.8213386535644531,-0.7471468329842668,-0.5123820515965974,9.949565657118256
1776515020.9026706,0.016775748635207595,0.03262465377200891,0.46825202364091756,-1.5,0.5781895518302917,2.4744703160955552,2.940627175975206,0.5941383838653564,0.5781895518302917,1.8213386535644531,-0.7473660873717461,-0.5128596432462582,9.949327446865182
1776515020.9504983,0.025101183305573968,0.033226515474814616,0.46806304587336767,-1.5,0.578010082244873,2.484943860057986,2.969490602066213,0.606131911277771,0.578010082244873,1.826136589050293,-0.7477283058559879,-0.5136101594529356,9.948914718828195
1776515020.99993,0.0419469017906872,0.06256347428422676,0.4677616222774691,-1.5,0.578010082244873,2.484943860057986,2.969490602066213,0.606131911277771,0.578010082244873,1.826136589050293,-0.7482077057113545,-0.5144242989996454,9.948265808269346
1776515021.0510805,0.0827658006262266,0.11279368406094438,0.467412854440838,-1.5,0.5780810117721558,2.4762572059468138,2.941190149852201,0.6129310131072998,0.5780810117721558,1.8265477418899536,-0.7490148828315268,-0.5162827042586157,9.94713322423073
1776515021.101744,0.1250948409592074,0.11580959355516794,0.4666890923340429,-1.5,0.5780810117721558,2.4762572059468138,2.941190149852201,0.6129310131072998,0.5780810117721558,1.8265477418899536,-0.7500806675425065,-0.5187939322620987,9.945188847241713
1776515021.1542027,0.13988234804852306,0.08405537702480047,0.4657173707459008,-1.5,0.5780810117721558,2.4762572059468138,2.941190149852201,0.6129310131072998,0.5780810117721558,1.8265477418899536,-0.7509853274579064,-0.520935758456217,9.942659568039057
1776515021.2006347,0.1811253990520074,0.031229313986808272,0.4648896851128669,-1.5,0.5678569078445435,2.4652363381156426,2.9096585870448544,0.6081962585449219,0.5678569078445435,1.8291765451431274,-0.7514767951252854,-0.5220871229130939,9.939667934388488
1776515021.2495894,0.1811253990520074,0.031229313986808272,0.4644434532127618,-1.5,0.5678569078445435,2.4652363381156426,2.9096585870448544,0.6081962585449219,0.5678569078445435,1.8291765451431274,-0.7514767951252854,-0.5220871229130939,9.939667934388488
1776515021.2998261,0.2063075443394816,-0.034943424390105546,0.4644434532127618,-1.5,0.5678569078445435,2.4652363381156426,2.9096585870448544,0.6081962585449219,0.5678569078445435,1.8291765451431274,-0.7515552012009509,-0.5222861324864037,9.936170750832796
1776515021.3496192,0.2772465061219429,-0.16787421596790902,0.4643679722011673,-1.5,0.5678569078445435,2.4652363381156426,2.9096585870448544,0.6081962585449219,0.5678569078445435,1.8291765451431274,-0.7508952573372545,-0.5206341747826858,9.931939201700079
1776515021.400049,0.4095483388266078,-0.3977512093205548,0.46499682621185984,-1.5,0.5688319206237793,2.4355882809296676,2.8521401966856494,0.5992077589035034,0.5688319206237793,1.8368586301803589,-0.7490224255013026,-0.515975538751263,9.92592634709666
1776515021.449832,0.4666970555414796,-0.6520681053801701,0.46677319792331806,-1.5,0.5688319206237793,2.4355882809296676,2.8521401966856494,0.5992077589035034,0.5688319206237793,1.8368586301803589,-0.7447483837738127,-0.5053567771723236,9.917642957476225
1776515021.4996202,0.4666970555414796,-0.6520681053801701,0.4708235096807486,-1.5,0.5688319206237793,2.4355882809296676,2.8521401966856494,0.5992077589035034,0.5688319206237793,1.8368586301803589,-0.7447483837738127,-0.5053567771723236,9.917642957476225
1776515021.552137,0.4350154537007182,-0.9840567284188276,0.47716106831832905,-1.5,0.5586407780647278,2.351165320507141,2.717075752281603,0.6021068096160889,0.5586407780647278,1.8427058458328247,-0.7380662468891404,-0.4887365623771702,9.909507989570558
1776515021.5991304,0.42419157461031615,-1.2463272310199973,0.47716106831832905,-1.5,0.5586407780647278,2.351165320507141,2.717075752281603,0.6021068096160889,0.5586407780647278,1.8427058458328247,-0.7291013267523125,-0.46671163619270856,9.901825005678333
1776515021.649714,0.38834857327057154,-1.3627141737764548,0.48558720752445894,-1.5,0.5578315854072571,2.1672077701667414,2.2355505564736182,0.6090661287307739,0.5578315854072571,1.841422200202942,-0.7182346969689796,-0.43986280115440757,9.894712854160623
1776515021.7062502,0.40882132677443456,-1.2353374874144911,0.49584327204058315,-1.5,0.5578315854072571,2.1672077701667414,2.2355505564736182,0.6090661287307739,0.5578315854072571,1.841422200202942,-0.7077934678187676,-0.4153519279324709,9.887810290438983
1776515021.7536218,0.43297980737525954,-1.2730710493442,0.5053375062885788,-1.5,0.5578315854072571,2.1672077701667414,2.2355505564736182,0.6090661287307739,0.5578315854072571,1.841422200202942,-0.6970464576999971,-0.3907299309424063,9.880709753949551
1776515021.8001587,0.46193586526928504,-1.3106674903142204,0.514939911995727,-1.5,0.5611194968223572,2.0826499826041336,1.8962000841152467,0.6353557109832764,0.5611194968223572,1.8494930267333984,-0.6857254683920797,-0.3652992018923552,9.873194271686728
1776515021.8530529,0.46885590571900954,-1.316921244834244,0.5249134054353365,-1.4967728522306243,0.5611194968223572,2.0826499826041336,1.8962000841152467,0.6353557109832764,0.5611194968223572,1.8494930267333984,-0.6739431553433328,-0.33934217510597126,9.865540821816094
1776515021.9051151,0.4830366791428203,-1.334716055200237,0.5351505158238082,-1.3849005510838148,0.5611194968223572,2.0826499826041336,1.8962000841152467,0.6353557109832764,0.5611194968223572,1.8494930267333984,-0.661788729673828,-0.3130285833677998,9.857820687575368
1776515021.9499261,0.4830366791428203,-1.334716055200237,0.5455812367792114,-1.3464254062842829,0.5561608672142029,2.0981289323119516,1.8897274574589475,0.6489152312278748,0.5561608672142029,1.8437317609786987,-0.661788729673828,-0.3130285833677998,9.857820687575368
1776515022.00698,0.48895184076887055,-1.32678324868887,0.5560087348537935,-1.2927721131843242,0.5561608672142029,2.0981289323119516,1.8897274574589475,0.6489152312278748,0.5561608672142029,1.8437317609786987,-0.6627495033962303,-0.260626361788344,9.84266627379491
1776515022.0506253,0.48895184076887055,-1.32678324868887,0.5600117438434137,-1.3550109591053072,0.5561608672142029,2.0981289323119516,1.8897274574589475,0.6489152312278748,0.5561608672142029,1.8437317609786987,-0.6627495033962303,-0.260626361788344,9.84266627379491
1776515022.1007857,0.49409226215288204,-1.3327380997710678,0.5600117438434137,-1.403361463751922,0.5584812164306641,2.1192904072817997,1.8782847584554176,0.6697614789009094,0.5584812164306641,1.8363739252090454,-0.6474887052786478,-0.23435624505819547,9.835210545374354
1776515022.1499326,0.49409226215288204,-1.3327380997710678,0.571213097653486,-1.148788132888496,0.5584812164306641,2.1192904072817997,1.8782847584554176,0.6697614789009094,0.5584812164306641,1.8363739252090454,-0.6474887052786478,-0.23435624505819547,9.835210545374354
1776515022.2047193,0.5049871802949509,-1.3512722845174807,0.571213097653486,-1.339353727694366,0.5584812164306641,2.1192904072817997,1.8782847584554176,0.6697614789009094,0.5584812164306641,1.8363739252090454,-0.6318537558506261,-0.20777243123179498,9.827793650521022
1776515022.2529616,0.5054257989645022,-1.3415561034116796,0.5825965727807397,-1.1184456488061905,0.555885374546051,2.155621377105078,1.8843406095214679,0.7026177048683167,0.555885374546051,1.8375179767608643,-0.6161091278063492,-0.18130946430965544,9.820580351512291
1776515022.2998762,0.5441934250953672,-1.3102360467941503,0.6049979266996048,-0.8621539802433202,0.555885374546051,2.155621377105078,1.8843406095214679,0.7026177048683167,0.555885374546051,1.8375179767608643,-0.6007466654635755,-0.15576397715562218,9.813211880888142
1776515022.3496146,0.5536992941030477,-1.3070276481845549,0.616137754253792,-0.9456848079324431,0.555885374546051,2.155621377105078,1.8843406095214679,0.7026177048683167,0.555885374546051,1.8375179767608643,-0.5851592238051964,-0.13000757624035164,9.805740962542693
1776515022.3995042,0.5449359065773006,-1.065640348573335,0.616137754253792,-1.0826414042640455,0.5599086880683899,2.198737811093855,1.8901030358318742,0.7493336796760559,0.5599086880683899,1.8355398178100586,-0.5712811336014251,-0.10722089148496194,9.798365782981946
1776515022.450581,0.5449359065773006,-1.065640348573335,0.6260153047166516,-0.8910552068904876,0.5599086880683899,2.198737811093855,1.8901030358318742,0.7493336796760559,0.5599086880683899,1.8355398178100586,-0.5712811336014251,-0.10722089148496194,9.798365782981946
1776515022.4996219,0.5512276012446318,-1.0280592181007406,0.6350849227704253,-0.8622072965364947,0.5599086880683899,2.198737811093855,1.8901030358318742,0.7493336796760559,0.5599086880683899,1.8355398178100586,-0.5585590485478019,-0.0862792749840312,9.79131756618648
1776515022.5576725,0.5567925655071698,-1.06760172549094,0.6350849227704253,-0.9743718698832847,0.5599086880683899,2.198737811093855,1.8901030358318742,0.7493336796760559,0.5599086880683899,1.8355398178100586,-0.5463071795194799,-0.06615165504492926,9.784289925894173
1776515022.60211,0.5589593787175233,-1.1393628007343888,0.6438081273485109,-0.8169544253916556,0.5790192484855652,2.2473164669459447,1.9123990013855137,0.7984089255332947,0.5790192484855652,1.826528787612915,-0.5329904344459312,-0.044344916471078244,9.777468853438094
1776515022.6536775,0.5605470291091202,-1.150156663841716,0.6532698339077234,-0.7382553778698655,0.5790192484855652,2.2473164669459447,1.9123990013855137,0.7984089255332947,0.5790192484855652,1.826528787612915,-0.5191312049323771,-0.021682232311528105,9.770835352664443
1776515022.7015665,0.5651343090300855,-1.1223948437530997,0.6631079113098132,-0.6894631968387303,0.5790192484855652,2.2473164669459447,1.9123990013855137,0.7984089255332947,0.5790192484855652,1.826528787612915,-0.5053630360238177,0.0007033044140319356,9.764374055676027
1776515022.7497306,0.5651343090300855,-1.1223948437530997,0.6728454401579269,-0.6363780533508113,0.5768845677375793,2.322837603742827,1.9825404215230056,0.8447723984718323,0.5768845677375793,1.8266346454620361,-0.5053630360238177,0.0007033044140319356,9.764374055676027
1776515022.7996068,0.573443799898631,-1.1020736807739133,0.6728454401579269,-0.7585974848118465,0.5768845677375793,2.322837603742827,1.9825404215230056,0.8447723984718323,0.5768845677375793,1.8266346454620361,-0.4897182013344228,0.022685269520878015,9.758038433055303
1776515022.8495517,0.5907626652944534,-1.1105648196350226,0.6829428887295713,-0.5721629663961422,0.5768845677375793,2.322837603742827,1.9825404215230056,0.8447723984718323,0.5768845677375793,1.8266346454620361,-0.47393674923599105,0.04487501300801938,9.75176306800842
1776515022.9026372,0.6179287153207356,-0.9387200313728347,0.6931329428347758,-0.5194959283216115,0.5868322849273682,2.3956625748298213,2.0488005183174085,0.9108374714851379,0.5868322849273682,1.816501498222351,-0.4595962177357391,0.06507024763018632,9.74555393617763
1776515022.9498389,0.6179287153207356,-0.9387200313728347,0.702401422467046,-0.46205433852869093,0.5868322849273682,2.3956625748298213,2.0488005183174085,0.9108374714851379,0.5868322849273682,1.816501498222351,-0.4595962177357391,0.06507024763018632,9.74555393617763
1776515023.0021076,0.7016857058729696,-0.6205853344172998,0.702401422467046,-0.5897061573311663,0.5868322849273682,2.3956625748298213,2.0488005183174085,0.9108374714851379,0.5868322849273682,1.816501498222351,-0.4483299260007596,0.08098058432129951,9.739122737133695
1776515023.0496137,0.7167109031895769,-0.40537896613505836,0.7096954222577725,-0.4547323766887288,0.5927665829658508,2.4458472861612868,2.098920568235837,0.9680795669555664,0.5927665829658508,1.8097680807113647,-0.4418474213987348,0.09029334983496623,9.732050855177656
1776515023.0998063,0.6980164320259011,-0.3486009367955101,0.7139365877613094,-0.46997286204784816,0.5927665829658508,2.4458472861612868,2.098920568235837,0.9680795669555664,0.5927665829658508,1.8097680807113647,-0.4369575712519579,0.09739773995405349,9.72534524867533
1776515023.153727,0.7147353180696245,-0.31455622299952596,0.7171580592316417,-0.4625114130939153,0.5927665829658508,2.4458472861612868,2.098920568235837,0.9680795669555664,0.5927665829658508,1.8097680807113647,-0.42220114153789834,0.10389493712590159,9.718644496241764
1776515023.2003188,0.7165245191294097,-0.31689518004769984,0.7226958947277021,-0.4077191834026618,0.5952585935592651,2.4634861707356546,2.1140820024818203,0.9864570498466492,0.5952585935592651,1.800691843032837,-0.4173987191776005,0.1101873134707751,9.711986213397399
1776515023.2507935,0.7170846096902049,-0.32320945720666117,0.7256679705390617,-0.4151106731913653,0.5952585935592651,2.4634861707356546,2.1140820024818203,0.9864570498466492,0.5952585935592651,1.800691843032837,-0.4125812539426661,0.116595772881325,9.705404188700768
1776515023.3029191,0.719838593033348,-0.33050931771187103,0.7286763404132192,-0.40053306114981524,0.5952585935592651,2.4634861707356546,2.1140820024818203,0.9864570498466492,0.5952585935592651,1.800691843032837,-0.4076501003288421,0.12325737335018855,9.69890244033941
1776515023.3497674,0.723097330843655,-0.32279207986858144,0.7317842392551847,-0.38541377331747667,0.5981055498123169,2.4860057849006227,2.1368548580241824,1.024765133857727,0.5981055498123169,1.7989469766616821,-0.40285109211813264,0.12983943556780297,9.692481900806735
1776515023.3998253,0.7289156502655431,-0.2997815324234919,0.7348365667452155,-0.3612804861999079,0.5981055498123169,2.4860057849006227,2.1368548580241824,1.024765133857727,0.5981055498123169,1.7989469766616821,-0.39835743518225286,0.1361065965353611,9.68612172125301
1776515023.4491134,0.7289156502655431,-0.2997815324234919,0.7377237733639734,-0.35282018419056727,0.6076655387878418,2.504111336128895,2.15180653044947,1.0391533374786377,0.6076655387878418,1.7962260246276855,-0.39835743518225286,0.1361065965353611,9.68612172125301
1776515023.501834,0.7367361394781075,-0.2542316798751995,0.740229359836272,-0.3394856478419045,0.6076655387878418,2.504111336128895,2.15180653044947,1.0391533374786377,0.6076655387878418,1.7962260246276855,-0.3944979549737504,0.14158158746306082,9.679793688804866
1776515023.5503306,0.7397985134965867,-0.24667062245784266,0.740229359836272,-0.37354651522130333,0.6076655387878418,2.504111336128895,2.15180653044947,1.0391533374786377,0.6076655387878418,1.7962260246276855,-0.3765196553916976,0.14647499162924332,9.673498676313265
1776515023.5997474,0.7380104020418752,-0.20520355800872275,0.748238015991689,-0.23022257846087077,0.6182748675346375,2.5144230428390433,2.160205839753776,1.0778357982635498,0.6182748675346375,1.7867181301116943,-0.3730754226032276,0.15090365174179388,9.667282116779756
1776515023.649787,0.7317392921859551,-0.20437213565981652,0.748238015991689,-0.3277827657617777,0.6182748675346375,2.5144230428390433,2.160205839753776,1.0778357982635498,0.6182748675346375,1.7867181301116943,-0.37000890736433295,0.15492204928982378,9.661184028875429
1776515023.6993678,0.7306231714754629,-0.19657629179157132,0.7519512111885276,-0.25728818206663706,0.6271888613700867,2.5237750368577037,2.167561513201144,1.0942282676696777,0.6271888613700867,1.7795166969299316,-0.36710474854076514,0.15879145650285842,9.655195761326341
1776515023.7498074,0.7545015969903996,-0.1584007537168736,0.7537955202305797,-0.2722916534322639,0.6271888613700867,2.5237750368577037,2.167561513201144,1.0942282676696777,0.6271888613700867,1.7795166969299316,-0.36418332124986524,0.1627489899483776,9.649153830544716
1776515023.7996106,0.756907071515802,-0.16664474719258263,0.7554347600214355,-0.2655050112922427,0.6271888613700867,2.5237750368577037,2.167561513201144,1.0942282676696777,0.6271888613700867,1.7795166969299316,-0.34229689970957855,0.16970267030289332,9.637115858069636
1776515023.8523402,0.756907071515802,-0.16664474719258263,0.7612579289579964,-0.1815488901161012,0.6360522508621216,2.532818401334023,2.1750027451283405,1.1470286846160889,0.6360522508621216,1.7734332084655762,-0.34229689970957855,0.16970267030289332,9.637115858069636
1776515023.9004853,0.7561582078499556,-0.18009736257129108,0.7630625679756455,-0.2184207228010935,0.6360522508621216,2.532818401334023,2.1750027451283405,1.1470286846160889,0.6360522508621216,1.7734332084655762,-0.33931051992332417,0.17346006784401147,9.631180999983549
1776515023.9503095,0.7475872385277255,-0.13304565780894512,0.7630625679756455,-0.24307104013916844,0.6360522508621216,2.532818401334023,2.1750027451283405,1.1470286846160889,0.6360522508621216,1.7734332084655762,-0.336551778606659,0.17701204184721553,9.625336848088626
1776515023.9992156,0.7475872385277255,-0.13304565780894512,0.7647523235083423,-0.21178683370277068,0.6371724605560303,2.540073804453939,2.182642222725731,1.1762408018112183,0.6371724605560303,1.7553452253341675,-0.336551778606659,0.17701204184721553,9.625336848088626
1776515024.0502882,0.7379218693328825,-0.05413150714334738,0.7657969052939264,-0.21351646560467458,0.6371724605560303,2.540073804453939,2.182642222725731,1.1762408018112183,0.6371724605560303,1.7553452253341675,-0.3348692719388968,0.17922843508045827,9.61962421038108
1776515024.1006503,0.7305242004271104,0.026734943697460514,0.7660916244751044,-0.222004494774149,0.6371724605560303,2.540073804453939,2.182642222725731,1.1762408018112183,0.6371724605560303,1.7553452253341675,-0.33440623357860694,0.17986426906040476,9.614019284834537
1776515024.1496296,0.7235148955150984,0.1041826105990283,0.765647410588755,-0.23374446171123794,0.6430167555809021,2.5321288565371898,2.171393365674111,1.187161922454834,0.6430167555809021,1.7575404644012451,-0.33511540883316526,0.17891604862397337,9.60849411490953
1776515024.200834,0.7166069836775796,0.175199270822414,0.7689386683023756,-0.16678149922797264,0.6430167555809021,2.5321288565371898,2.171393365674111,1.187161922454834,0.6430167555809021,1.7575404644012451,-0.31933644751550494,0.17646947527243872,9.603017199594698
1776515024.254629,0.6974297963922692,0.30665031077690863,0.7671431888387406,-0.2411089626509645,0.6370239853858948,2.504220402538501,2.1344265143215595,1.1621357202529907,0.6370239853858948,1.7506228685379028,-0.32628387315407964,0.16770678232242886,9.592239043098283
1776515024.3036218,0.6852093491560415,0.37651082393404833,0.7647343630154521,-0.2652309724183529,0.6370239853858948,2.504220402538501,2.1344265143215595,1.1621357202529907,0.6370239853858948,1.7506228685379028,-0.33110679958927547,0.16124815113863056,9.587042060371992
1776515024.3516154,0.6852093491560415,0.37651082393404833,0.7617105688223191,-0.28798175158663786,0.6370239853858948,2.504220402538501,2.1344265143215595,1.1621357202529907,0.6370239853858948,1.7506228685379028,-0.33110679958927547,0.16124815113863056,9.587042060371992
1776515024.3998654,0.660739869800507,0.507596635720121,0.7581128010192132,-0.32446447972952125,0.6532863974571228,2.4617381741557267,2.080222614913401,1.14641273021698,0.6532863974571228,1.7422537803649902,-0.3428768674776804,0.14425714988353167,9.577264646672273
1776515024.4603307,0.6491734084242765,0.5678404639103758,0.7539870313630135,-0.34859375371046275,0.6532863974571228,2.4617381741557267,2.080222614913401,1.14641273021698,0.6532863974571228,1.7422537803649902,-0.33625748038877085,0.1338547912298182,9.572681555486039
1776515024.4996405,0.6380752473976209,0.6246960132098173,0.7527424564863789,-0.317740039985483,0.6489130854606628,2.4109660387039185,2.0179249373398314,1.0928298234939575,0.6489130854606628,1.7449995279312134,-0.34455574168673714,0.12227010054608112,9.568292488223287
1776515024.5526195,0.6256397559261735,0.6418083927085793,0.7417650654301103,-0.5079606083029357,0.6489130854606628,2.4109660387039185,2.0179249373398314,1.0928298234939575,0.6489130854606628,1.7449995279312134,-0.35314365038748596,0.1098473761705599,9.564035645140498
1776515024.6002362,0.6226416760215827,0.6707857590353365,0.7359351700487973,-0.4729036217890859,0.6489130854606628,2.4109660387039185,2.0179249373398314,1.0928298234939575,0.6489130854606628,1.7449995279312134,-0.3619106442810891,0.09691661574154165,9.559713309729114
1776515024.653975,0.6256100731850537,0.7079392869559207,0.7359351700487973,-0.39808474257830173,0.6668133735656738,2.348321337208055,1.94090182238151,1.070769190788269,0.6668133735656738,1.739745020866394,-0.371017185894118,0.08335927173303265,9.555165495314501
1776515024.6997776,0.6209490713269983,0.5839259182829357,0.7298442652399315,-0.5135137723485215,0.6668133735656738,2.348321337208055,1.94090182238151,1.070769190788269,0.6668133735656738,1.739745020866394,-0.3797354567076058,0.07054343548033604,9.55017911615503
1776515024.750843,0.6040179801817916,0.5938585690796058,0.7240588268441774,-0.5403462302779455,0.6668133735656738,2.348321337208055,1.94090182238151,1.070769190788269,0.6668133735656738,1.739745020866394,-0.38783369168482573,0.05938186815201485,9.544451977241314
1776515024.7998836,0.5887882986978402,0.6031339861689616,0.7188928327779881,-0.5629781391261803,0.6464934349060059,2.288103596023891,1.8663817448745958,1.0208251476287842,0.6464934349060059,1.7445794343948364,-0.3961171598520131,0.04768134561763149,9.538756956227786
1776515024.850059,0.5757246029809261,0.6137105282360056,0.7135292524902296,-0.5904945031342217,0.6464934349060059,2.288103596023891,1.8663817448745958,1.0208251476287842,0.6464934349060059,1.7445794343948364,-0.40080088081549103,0.035734630077987606,9.53308464648017
1776515024.8996716,0.5658922699289927,0.6487529374136045,0.7090038744563328,-0.6103827928206894,0.6536558270454407,2.2381016867895243,1.8034211129275926,0.9902252554893494,0.6536558270454407,1.7369722127914429,-0.4103549828113898,0.023307625805912946,9.527475989387149
1776515024.9601922,0.5535605686146748,0.6399521879567128,0.7031166795571854,-0.6614052653407066,0.6536558270454407,2.2381016867895243,1.8034211129275926,0.9902252554893494,0.6536558270454407,1.7369722127914429,-0.4200616679070758,0.010228144099464265,9.521965856158891
1776515024.9996223,0.5535605686146748,0.6399521879567128,0.6970083400352669,-0.703996859698015,0.6536558270454407,2.2381016867895243,1.8034211129275926,0.9902252554893494,0.6536558270454407,1.7369722127914429,-0.4200616679070758,0.010228144099464265,9.521965856158891
1776515025.0546627,0.557307392371067,0.6601221769266722,0.691036023249882,-0.7243512501479447,0.6541447639465332,2.1912737306238435,1.7594499163303676,0.951767086982727,0.6541447639465332,1.7504332065582275,-0.42954917548568106,-0.0025628018847371203,9.516215033645716
1776515025.0997438,0.5502548495490739,0.6532393928052667,0.6850116355267417,-0.7719054187769424,0.6541447639465332,2.1912737306238435,1.7594499163303676,0.951767086982727,0.6541447639465332,1.7504332065582275,-0.4389882408170423,-0.015583313526298881,9.51037370789274
1776515025.1497886,0.539490047029843,0.6438769291079246,0.6790573130621689,-0.802442655967645,0.6474102139472961,2.156693805763834,1.7385508270966294,0.9198601841926575,0.6474102139472961,1.7504826784133911,-0.4481855426827922,-0.02857117922059832,9.504501800945965
1776515025.2037318,0.5338696036540899,0.6414611601123277,0.6732144843006973,-0.8262921286433453,0.6474102139472961,2.156693805763834,1.7385508270966294,0.9198601841926575,0.6474102139472961,1.7504826784133911,-0.45708058153300235,-0.04143288983209337,9.498635527175892
1776515025.2530265,0.531873282663133,0.5941233426771132,0.6674716740885991,-0.8669054565484956,0.6474102139472961,2.156693805763834,1.7385508270966294,0.9198601841926575,0.6474102139472961,1.7504826784133911,-0.47371826930410454,-0.06637452019859741,9.486637672768788
1776515025.3001568,0.531873282663133,0.5941233426771132,0.6620381304797585,-0.8922972356563832,0.6372478604316711,2.135982756643357,1.7366182017789897,0.8553333878517151,0.6372478604316711,1.7539056539535522,-0.47371826930410454,-0.06637452019859741,9.486637672768788
1776515025.3496218,0.5298930747053089,0.6938580298656488,0.6620381304797585,-0.8203535401156665,0.6372478604316711,2.135982756643357,1.7366182017789897,0.8553333878517151,0.6372478604316711,1.7539056539535522,-0.4898480476754048,-0.07917418395081777,9.480466887614114
1776515025.3997345,0.5086157199761273,0.7807383474894177,0.6543895204795691,-0.9640616009650922,0.6372478604316711,2.135982756643357,1.7366182017789897,0.8553333878517151,0.6372478604316711,1.7539056539535522,-0.5005976725365611,-0.09401438503119125,9.474354443440586
1776515025.450746,0.49675641244058105,0.8466854431115689,0.6475253587120531,-0.9913539128464812,0.6367013454437256,2.1152245074813836,1.7300144479647428,0.8550198674201965,0.6367013454437256,1.7650580406188965,-0.5122403448979502,-0.11049618744502002,9.468360304118455
1776515025.499627,0.49675641244058105,0.8466854431115689,0.639976500601111,-1.0307869675506531,0.6367013454437256,2.1152245074813836,1.7300144479647428,0.8550198674201965,0.6367013454437256,1.7650580406188965,-0.5122403448979502,-0.11049618744502002,9.468360304118455
1776515025.5501246,0.48084300772166655,0.7451344926127502,0.63232039458681,-1.1034470572216288,0.6367013454437256,2.1152245074813836,1.7300144479647428,0.8550198674201965,0.6367013454437256,1.7650580406188965,-0.5352591594806679,-0.1430002470824538,9.455552664406854
1776515025.599895,0.4765818202560674,0.7782398761810535,0.6250746226277846,-1.1252969431348179,0.6208460330963135,2.100974908975624,1.7342022391969676,0.7959938645362854,0.6208460330963135,1.7744832038879395,-0.546436318396434,-0.15865827366794258,9.448734943706768
1776515025.649688,0.4765818202560674,0.7782398761810535,0.6178737311370748,-1.161773301824324,0.6208460330963135,2.100974908975624,1.7342022391969676,0.7959938645362854,0.6208460330963135,1.7744832038879395,-0.546436318396434,-0.15865827366794258,9.448734943706768
1776515025.6996279,0.4594353561968719,0.6539212669554492,0.6178737311370748,-1.0727215363595732,0.6208460330963135,2.100974908975624,1.7342022391969676,0.7959938645362854,0.6208460330963135,1.7744832038879395,-0.5572389106771087,-0.1735140977003695,9.441666109885105
1776515025.7500114,0.4353345287358375,0.5594848732009805,0.6109918471532652,-1.2003315914620738,0.6153159737586975,2.084152728346737,1.7320383521187561,0.7747786641120911,0.6153159737586975,1.78263521194458,-0.5669013407840835,-0.18593019763784366,9.434296293482273
1776515025.8039143,0.40530669474730313,0.4313456968488684,0.6050804067838147,-1.2124163591013766,0.6153159737586975,2.084152728346737,1.7320383521187561,0.7747786641120911,0.6153159737586975,1.78263521194458,-0.5753257965889581,-0.19562629689959124,9.426762874152574
1776515025.8496292,0.40530669474730313,0.4313456968488684,0.6002425361276971,-1.2455427287479028,0.6153159737586975,2.084152728346737,1.7320383521187561,0.7747786641120911,0.6153159737586975,1.78263521194458,-0.5753257965889581,-0.19562629689959124,9.426762874152574
1776515025.899533,0.3707899594204189,0.33482012652070753,0.5960782012152084,-1.2498646627133223,0.5999943017959595,2.073955814282614,1.7385036918878216,0.7386862635612488,0.5999943017959595,1.8024094104766846,-0.5831375278135718,-0.2034683634848985,9.41918696185411
1776515025.9571507,0.3496965611531915,0.3842425043355991,0.5960782012152084,-1.1972674216273809,0.5999943017959595,2.073955814282614,1.7385036918878216,0.7386862635612488,0.5999943017959595,1.8024094104766846,-0.5902871980752195,-0.20977991885133299,9.411736998943077
1776515026.0030231,0.32672739904982645,0.1919987935129943,0.5925092488066716,-1.2627219326423,0.5999943017959595,2.073955814282614,1.7385036918878216,0.7386862635612488,0.5999943017959595,1.8024094104766846,-0.5973464769590862,-0.215712371820385,9.404450513252893
1776515026.0498302,0.3155970980502861,0.0829087883891834,0.5890692236966025,-1.282719834603376,0.5917378067970276,2.0629477703824954,1.7363948844390709,0.7221435904502869,0.5917378067970276,1.812914490699768,-0.6030493400476046,-0.21958631639533424,9.397395608150502
1776515026.1007102,0.2921689397956775,0.07101437045639904,0.5865473977173101,-1.283933722238027,0.5917378067970276,2.0629477703824954,1.7363948844390709,0.7221435904502869,0.5917378067970276,1.812914490699768,-0.6076427115201931,-0.2211007282428825,9.390594653248344
1776515026.1558652,0.23862261825347736,-0.18955220078366034,0.5849658327889042,-1.281117271823183,0.5755006074905396,2.0577747804714948,1.7390630290751565,0.6994467973709106,0.5755006074905396,1.8294801712036133,-0.6111117554849271,-0.2198708477110955,9.384025216660008
1776515026.207923,0.22086575315762078,-0.3680079054451402,0.5844360002586916,-1.2707455462771053,0.5755006074905396,2.0577747804714948,1.7390630290751565,0.6994467973709106,0.5755006074905396,1.8294801712036133,-0.6127700997473136,-0.2148677057323258,9.377661299453324
1776515026.2496114,0.20998700039682697,-0.3826605561522799,0.5854189772586258,-1.2453202455759664,0.5755006074905396,2.0577747804714948,1.7390630290751565,0.6994467973709106,0.5755006074905396,1.8294801712036133,-0.6129748738370479,-0.20718066731931425,9.371617577225432
1776515026.2990835,0.16542176224510896,-0.561544983053313,0.5875197449436559,-1.2193587365673866,0.5671370029449463,2.057791706371043,1.7379205133363453,0.6969364285469055,0.5671370029449463,1.8378325700759888,-0.6120049895773932,-0.19759606639374838,9.366057568539409
1776515026.3497167,0.12055914128338978,-0.5925305310822072,0.5904478440362474,-1.1923023906113885,0.5671370029449463,2.057791706371043,1.7379205133363453,0.6969364285469055,0.5671370029449463,1.8378325700759888,-0.6102650873172504,-0.18645813282168397,9.360990589591019
1776515026.4039724,0.075957063275401,-0.7905872419610394,0.5940049208059814,-1.1646172929643974,0.5671370029449463,2.057791706371043,1.7379205133363453,0.6969364285469055,0.5671370029449463,1.8378325700759888,-0.6070087857336169,-0.17238698602892855,9.356329680040163
1776515026.449734,0.05529426972070956,-0.8271115375534258,0.5987654299070286,-1.118106492143452,0.5585699677467346,2.064606004131822,1.7388206138518385,0.6914150714874268,0.5585699677467346,1.8453844785690308,-0.6021074067841496,-0.15511393001800908,9.351983894699684
1776515026.5016236,0.040691972224930484,-0.7745047582000811,0.6048370330853517,-1.0684475800161606,0.5585699677467346,2.064606004131822,1.7388206138518385,0.6914150714874268,0.5585699677467346,1.8453844785690308,-0.5972160763205812,-0.13917335328919617,9.348160095506525
1776515026.5495508,0.03409360674307204,-0.7246115323460158,0.6105330098462387,-1.049607542300976,0.5540390610694885,2.0710892172239093,1.7287189606470226,0.7275490760803223,0.5540390610694885,1.8481730222702026,-0.5922539705494002,-0.12418720428146537,9.344842290366607
1776515026.6016278,0.03311905939258462,-0.6693094690739543,0.615979582222741,-1.0050176677792173,0.5540390610694885,2.0710892172239093,1.7287189606470226,0.7275490760803223,0.5540390610694885,1.8481730222702026,-0.587185099521531,-0.10998368349116255,9.341989115628374
1776515026.6506572,0.08839171237216377,-0.5869416864856751,0.6212339235430488,-0.9854951310284723,0.5540390610694885,2.0710892172239093,1.7287189606470226,0.7275490760803223,0.5540390610694885,1.8481730222702026,-0.5813411243543681,-0.097470498685542,9.339887374906583
1776515026.7001257,0.11963927417240675,-0.6657326589527436,0.6262102970307475,-0.9611057508756168,0.5461820363998413,2.084198544358457,1.730191800281725,0.7441285252571106,0.5461820363998413,1.852620005607605,-0.5741166085431986,-0.08424847217468917,9.337923788496392
1776515026.7566257,0.3344159592669156,-1.3093589613551346,0.631733042438201,-0.928888160102646,0.5461820363998413,2.084198544358457,1.730191800281725,0.7441285252571106,0.5461820363998413,1.852620005607605,-0.563452721917445,-0.06623731072032596,9.335325027394925
1776515026.8036096,0.4369687234929764,-1.3354875926386898,0.6394634670751126,-0.8433711044611971,0.5461820363998413,2.084198544358457,1.730191800281725,0.7441285252571106,0.5461820363998413,1.852620005607605,-0.5468040723816614,-0.03858115100969434,9.330941435467356
1776515026.8517773,0.40790856809181814,-1.361487501636027,0.651402651477107,-0.7216428246332427,0.5556032657623291,2.1153128495600133,1.7225896105044087,0.7895687222480774,0.5556032657623291,1.8397133350372314,-0.5289742299328547,-0.010169532849940432,9.326322529118535
1776515026.8997378,0.3681951771839423,-1.1983019366681145,0.6638510248589373,-0.6562861345929571,0.5556032657623291,2.1153128495600133,1.7225896105044087,0.7895687222480774,0.5556032657623291,1.8397133350372314,-0.5138539571602617,0.01453169758988282,9.322215464300568
1776515026.949853,0.3681951771839423,-1.1983019366681145,0.6745776781207813,-0.6044849992104083,0.5556032657623291,2.1153128495600133,1.7225896105044087,0.7895687222480774,0.5556032657623291,1.8397133350372314,-0.5138539571602617,0.01453169758988282,9.322215464300568
1776515027.004564,0.3028845903594298,-1.006755224687847,0.6745776781207813,-0.7486989821669644,0.5691434741020203,2.178151291018829,1.76590069627321,0.853147029876709,0.5691434741020203,1.8387880325317383,-0.5015267729259425,0.035922073561326096,9.318018698749457
1776515027.051143,0.25201832705824695,-0.8212215472699058,0.6836734338198339,-0.5745011729096399,0.5691434741020203,2.178151291018829,1.76590069627321,0.853147029876709,0.5691434741020203,1.8387880325317383,-0.48630283388060963,0.05409624162611171,9.313994381031682
1776515027.1057575,0.23240345818698988,-0.5942815260423955,0.6925986335173977,-0.5305516491135172,0.5691434741020203,2.178151291018829,1.76590069627321,0.853147029876709,0.5691434741020203,1.8387880325317383,-0.48191705012545183,0.06795250622840138,9.302580669104945
1776515027.149536,0.22934719943326737,-0.1889141359655695,0.6975836051123386,-0.5554223662701495,0.5612584948539734,2.230719520139209,1.830378844383395,0.8951537013053894,0.5612584948539734,1.8396111726760864,-0.477455903023259,0.07612007589914732,9.299329447399481
1776515027.1997209,0.21893545475262452,0.0056483031760757455,0.7009947336899001,-0.5519993425640511,0.5612584948539734,2.230719520139209,1.830378844383395,0.8951537013053894,0.5612584948539734,1.8396111726760864,-0.4773560031847083,0.07712281333842763,9.296806523788668
1776515027.2500186,0.21893545475262452,0.0056483031760757455,0.7013006749322133,-0.5924919028938946,0.5612584948539734,2.230719520139209,1.830378844383395,0.8951537013053894,0.5612584948539734,1.8396111726760864,-0.4773560031847083,0.07712281333842763,9.296806523788668
1776515027.2995968,0.19003528717124912,0.011579234592679403,0.7005082547126446,-0.6121755078381439,0.5694462060928345,2.234653393280495,1.8346029962264963,0.9089986085891724,0.5694462060928345,1.843421459197998,-0.4789329742585965,0.0760132245522348,9.29248241680489
1776515027.3516479,0.19003528717124912,0.011579234592679403,0.7005925933614594,-0.5990580482540608,0.5694462060928345,2.234653393280495,1.8346029962264963,0.9089986085891724,0.5694462060928345,1.843421459197998,-0.4789329742585965,0.0760132245522348,9.29248241680489
1776515027.399973,0.18281034621484307,-0.016941907188396214,0.7005925933614594,-0.6000423236488034,0.5679347515106201,2.2374127022542964,1.8389242368930399,0.9063428044319153,0.5679347515106201,1.8305829763412476,-0.4782361596628947,0.07761581237746434,9.29044854193077
1776515027.4498844,0.18089829007380195,-0.11565387856792773,0.7012169152306407,-0.5822340500714172,0.5679347515106201,2.2374127022542964,1.8389242368930399,0.9063428044319153,0.5679347515106201,1.8305829763412476,-0.47724567104751536,0.07944710666766769,9.28859951384413
1776515027.4998486,0.18381004960044386,-0.10088052452816985,0.7019792807629731,-0.5816719924551189,0.5679347515106201,2.2374127022542964,1.8389242368930399,0.9063428044319153,0.5679347515106201,1.8305829763412476,-0.47584017947059826,0.08159844986213116,9.28694187504042
1776515027.5498104,0.1968175004385463,-0.08919478040610251,0.702935840734806,-0.5755722189171952,0.5703462362289429,2.242190470913844,1.8432515346120468,0.9072222709655762,0.5703462362289429,1.8415615558624268,-0.47451283130188376,0.08349171494788404,9.285293476945075
1776515027.5998478,0.2060256041837551,-0.1214979946413513,0.7038004466973329,-0.5701599455560986,0.5703462362289429,2.242190470913844,1.8432515346120468,0.9072222709655762,0.5703462362289429,1.8415615558624268,-0.47310029628835026,0.08551710791627737,9.283582056546042
1776515027.6506631,0.22410971159990412,-0.18034124075372363,0.706113290790907,-0.5363754180077903,0.5696918964385986,2.252458989013686,1.8563576203754728,0.9224390387535095,0.5696918964385986,1.8288198709487915,-0.4709790043625099,0.08857142817949781,9.28174885780939
1776515027.701106,0.24646141178193096,-0.2305044929424197,0.706113290790907,-0.5684954811948177,0.5696918964385986,2.252458989013686,1.8563576203754728,0.9224390387535095,0.5696918964385986,1.8288198709487915,-0.46810857288110996,0.09272096437191074,9.279761382051738
1776515027.7506201,0.26929441230583534,-0.22557281245129115,0.7079985096580953,-0.5333384346620462,0.5696918964385986,2.252458989013686,1.8563576203754728,0.9224390387535095,0.5696918964385986,1.8288198709487915,-0.46473774683296065,0.0976210081751519,9.277600535522796
1776515027.8006911,0.3047747278943979,-0.17794707702230117,0.7120928162003305,-0.48391058864808956,0.5718756914138794,2.2695713655249485,1.8742599818045502,0.9248318076133728,0.5718756914138794,1.8318140506744385,-0.46189685424525107,0.10175294096476328,9.27521291865758
1776515027.851482,0.33059306228354773,-0.11670021165861368,0.7134022833719378,-0.509146588788061,0.5718756914138794,2.2695713655249485,1.8742599818045502,0.9248318076133728,0.5718756914138794,1.8318140506744385,-0.4599206764469843,0.10465104941634928,9.272608075644783
1776515027.9007952,0.3467051592465909,-0.07098703965919008,0.7142608281302107,-0.5108124952408544,0.5755710601806641,2.277086704776422,1.8835742114382292,0.9567245841026306,0.5755710601806641,1.8148431777954102,-0.4575649222482751,0.10815603221329906,9.267030411676869
1776515027.949501,0.34023410692331557,-0.037621187624960147,0.7149773286131584,-0.5089609180561058,0.5755710601806641,2.277086704776422,1.8835742114382292,0.9567245841026306,0.5755710601806641,1.8148431777954102,-0.45683537937098795,0.10925584043040337,9.264264137931153
1776515027.999777,0.34023410692331557,-0.037621187624960147,0.715469119719024,-0.5086327007661228,0.5755710601806641,2.277086704776422,1.8835742114382292,0.9567245841026306,0.5755710601806641,1.8148431777954102,-0.45683537937098795,0.10925584043040337,9.264264137931153
1776515028.0549715,0.33544972857514765,-0.011123813934531485,0.715469119719024,-0.5150336016055773,0.5755710601806641,2.277086704776422,1.8835742114382292,0.9567245841026306,0.5755710601806641,1.8148431777954102,-0.44557538463723767,0.1097269699388661,9.26155971709379
1776515028.0996702,0.33745684847376484,0.015076470986403516,0.7184385546542986,-0.45989010226984567,0.5826141834259033,2.277563759455738,1.8833144074110428,0.9602002501487732,0.5826141834259033,1.8325695991516113,-0.44561368693411096,0.1096754733549905,9.25887037082849
1776515028.150277,0.3460988733992672,0.04331691630177464,0.7184144834320014,-0.49851013458030935,0.5826141834259033,2.277563759455738,1.8833144074110428,0.9602002501487732,0.5826141834259033,1.8325695991516113,-0.44605337758757924,0.1090829499430716,9.256138975463735
1776515028.2006278,0.360839938205484,0.076275195562599,0.7181377748319901,-0.5033591227092177,0.5790704488754272,2.271497996839299,1.8734817634631538,0.9683932662010193,0.5790704488754272,1.8251734972000122,-0.44693719000868015,0.10788036823310027,9.253310963923475
1776515028.2501533,0.37999423166760843,0.11728070966311153,0.7175783312230807,-0.5100397527325304,0.5790704488754272,2.271497996839299,1.8734817634631538,0.9683932662010193,0.5790704488754272,1.8251734972000122,-0.4483463828776754,0.10594156315072373,9.25033794384803
1776515028.308834,0.4031837751776828,0.16794108820778847,0.7166803491970285,-0.5199098380115343,0.5790704488754272,2.271497996839299,1.8734817634631538,0.9683932662010193,0.5790704488754272,1.8251734972000122,-0.45038835515576015,0.10309683955517418,9.247189524762177
1776515028.3579197,0.4031837751776828,0.16794108820778847,0.7153692495761973,-0.5320548581112712,0.5726332664489746,2.257825420754139,1.8526495431012782,0.9392037987709045,0.5726332664489746,1.8210761547088623,-0.45038835515576015,0.10309683955517418,9.247189524762177
1776515028.3997576,0.4370087988818912,0.23034228912190266,0.7153692495761973,-0.5156042881360159,0.5726332664489746,2.257825420754139,1.8526495431012782,0.9392037987709045,0.5726332664489746,1.8210761547088623,-0.45323076954382724,0.09908498163751195,9.243787510011966
1776515028.4516468,0.47604557418020926,0.3036587982670368,0.7111014156542859,-0.5953077861179458,0.5726332664489746,2.257825420754139,1.8526495431012782,0.9392037987709045,0.5726332664489746,1.8210761547088623,-0.4569464897332789,0.09375689666811476,9.240059582989996
1776515028.5007532,0.5150230293185803,0.3948149528138008,0.7111014156542859,-0.5399919105469381,0.5768614411354065,2.2284629655369557,1.8109810034116298,0.9373480081558228,0.5768614411354065,1.8160431385040283,-0.4617442188206199,0.08675299674989334,9.235955234796391
1776515028.5536468,0.5345103812477141,0.48939882556798797,0.7039412856387783,-0.6732494761367952,0.5768614411354065,2.2284629655369557,1.8109810034116298,0.9373480081558228,0.5768614411354065,1.8160431385040283,-0.46770248385196866,0.07786539846240859,9.231541194258948
1776515028.5997343,0.5275591886361013,0.5173739220164059,0.6992184927053511,-0.6680049265870169,0.5785763263702393,2.1842578939549027,1.7515262989443248,0.9039706587791443,0.5785763263702393,1.8220338821411133,-0.4756027366291409,0.05697080498468071,9.222316358741857
1776515028.649338,0.5275591886361013,0.5173739220164059,0.6960999357651672,-0.6663923121313914,0.5785763263702393,2.1842578939549027,1.7515262989443248,0.9039706587791443,0.5785763263702393,1.8220338821411133,-0.4756027366291409,0.05697080498468071,9.222316358741857
1776515028.7055228,0.5375689578862013,0.45291387719345805,0.691604053899146,-0.7081735824951337,0.569949209690094,2.139855144974482,1.691456236121245,0.8821712136268616,0.569949209690094,1.823015570640564,-0.48265077255702593,0.04725731636970176,9.217571413417756
1776515028.7492316,0.5566394873613699,0.3159718205455941,0.6877708469639935,-0.7223713670077849,0.569949209690094,2.139855144974482,1.691456236121245,0.8821712136268616,0.569949209690094,1.823015570640564,-0.4934480005204154,0.03191596137896907,9.207657349369837
1776515028.799917,0.5566394873613699,0.3159718205455941,0.6845875730549666,-0.7326537030380816,0.569949209690094,2.139855144974482,1.691456236121245,0.8821712136268616,0.569949209690094,1.823015570640564,-0.4934480005204154,0.03191596137896907,9.207657349369837
1776515028.84976,0.572017610964155,0.24463166974444575,0.682071346284471,-0.7383206181233812,0.5789229869842529,2.122227538525231,1.678818647418684,0.8751437664031982,0.5789229869842529,1.829176664352417,-0.49724447897591384,0.02634626780857563,9.202445984522662
1776515028.9000506,0.5875959270949023,0.15982494703903943,0.682071346284471,-0.7058780212315949,0.5789229869842529,2.122227538525231,1.678818647418684,0.8751437664031982,0.5789229869842529,1.829176664352417,-0.4999546728257896,0.022289739339352466,9.197046252937227
1776515028.9497678,0.603296131722901,0.05524711580907852,0.6802525494629198,-0.7396523446681532,0.5789229869842529,2.122227538525231,1.678818647418684,0.8751437664031982,0.5789229869842529,1.829176664352417,-0.5013482616423269,0.02016337099325921,9.191484852865825
1776515028.9996288,0.612173066079799,-0.04957646500743687,0.6793059819442462,-0.7339511765030902,0.5722517371177673,2.1139827350242397,1.670765502784107,0.8651390671730042,0.5722517371177673,1.8210043907165527,-0.5012571316316652,0.02030772899674871,9.185821685314258
1776515029.0496233,0.6184263553913997,-0.09609747050571493,0.6806113207115079,-0.6976412688086857,0.5722517371177673,2.1139827350242397,1.670765502784107,0.8651390671730042,0.5722517371177673,1.8210043907165527,-0.49807792193796524,0.021881989428125526,9.180096344216171
1776515029.1006792,0.6189383403741078,-0.09871632034584012,0.6815154535840334,-0.6976162861818668,0.5702059864997864,2.1157173614166713,1.6712288011997387,0.8630467653274536,0.5702059864997864,1.8204699754714966,-0.49666906151177914,0.02384306101786321,9.174380952080917
1776515029.1503553,0.6235444130659943,-0.10113997208016644,0.6815154535840334,-0.7090545509483809,0.5702059864997864,2.1157173614166713,1.6712288011997387,0.8630467653274536,0.5702059864997864,1.8204699754714966,-0.49533967590847683,0.02572891381795467,9.168655808066907
1776515029.200793,0.629053901769612,-0.14776233201996006,0.6823784975400913,-0.6934361941424299,0.5702059864997864,2.1157173614166713,1.6712288011997387,0.8630467653274536,0.5702059864997864,1.8204699754714966,-0.49371528666618014,0.028075457140519955,9.162940881265474
1776515029.2499108,0.649983301383353,-0.3295744778085075,0.6834448757594682,-0.684307109307238,0.576077938079834,2.1164332016764913,1.6657072233239032,0.8589053153991699,0.576077938079834,1.8277597427368164,-0.4907545837467725,0.032417542824483225,9.157169304543213
1776515029.3016484,0.6552970749469988,-0.6335545145454191,0.6854067568866686,-0.661937292245612,0.576077938079834,2.1164332016764913,1.6657072233239032,0.8589053153991699,0.576077938079834,1.8277597427368164,-0.4839326402624915,0.04259392105653437,9.151308544912554
1776515029.3496385,0.6552970749469988,-0.6335545145454191,0.6899752725496818,-0.5994333642889798,0.576077938079834,2.1164332016764913,1.6657072233239032,0.8589053153991699,0.576077938079834,1.8277597427368164,-0.4839326402624915,0.04259392105653437,9.151308544912554
1776515029.399664,0.6539397784325454,-0.6838611432385828,0.695759552307432,-0.5532731560545576,0.5826956629753113,2.1367285398837046,1.667481891746523,0.9160864949226379,0.5826956629753113,1.815314769744873,-0.4753071368285402,0.05548910995794343,9.145654928903646
1776515029.4527903,0.6563659677253989,-0.7465579186676864,0.7021277768717412,-0.5093452260143336,0.5826956629753113,2.1367285398837046,1.667481891746523,0.9160864949226379,0.5826956629753113,1.815314769744873,-0.46588277077213275,0.06975083966542384,9.140141275855532
1776515029.4997435,0.6557076846144745,-0.6857719352769598,0.7021277768717412,-0.5912698464471932,0.5826956629753113,2.1367285398837046,1.667481891746523,0.9160864949226379,0.5826956629753113,1.815314769744873,-0.44848472295480046,0.08356898081722819,9.134858078925948
1776515029.549784,0.6602042736328679,-0.6484207730975905,0.6892553165900989,-0.43417923250290547,0.5852482914924622,2.1858517729938307,1.7281960334799342,0.96321040391922,0.5852482914924622,1.8111392259597778,-0.438864881628378,0.09644951788517064,9.129699502342024
1776515029.599732,0.6675894103657868,-0.533371815737158,0.695106720005123,-0.4324432984965808,0.5852482914924622,2.1858517729938307,1.7281960334799342,0.96321040391922,0.5852482914924622,1.8111392259597778,-0.43045199542224216,0.10782217808357436,9.12469267628547
1776515029.6557062,0.6821307267190168,-0.48794460670275525,0.7002533661916942,-0.4100208477155827,0.5852482914924622,2.1858517729938307,1.7281960334799342,0.96321040391922,0.5852482914924622,1.8111392259597778,-0.4235092429301718,0.11733493247095317,9.119686339481229
1776515029.703819,0.6821307267190168,-0.48794460670275525,0.7045352696365617,-0.3998014666443063,0.600077211856842,2.2229973903747755,1.7774904954095456,0.9992915987968445,0.600077211856842,1.8058143854141235,-0.4235092429301718,0.11733493247095317,9.119686339481229
1776515029.751112,0.6853440061215558,-0.41364820544940756,0.7085374941325472,-0.37493293462451127,0.600077211856842,2.2229973903747755,1.7774904954095456,0.9992915987968445,0.600077211856842,1.8058143854141235,-0.41131962106065384,0.13435102807066163,9.1100867545944
1776515029.80053,0.6852302410554801,-0.4347840419269241,0.7121385196023764,-0.36571756300513353,0.600077211856842,2.2229973903747755,1.7774904954095456,0.9992915987968445,0.600077211856842,1.8058143854141235,-0.40554977385365676,0.14259151376152235,9.105420857456068
1776515029.857624,0.6852947913641085,-0.4536580249753241,0.7157879996167117,-0.3384444888163456,0.6008034944534302,2.2607813298867656,1.8274030258143283,1.048441767692566,0.6008034944534302,1.802154541015625,-0.38453301543165574,0.1512158498500808,9.100882244985362
1776515029.8997853,0.6852947913641085,-0.4536580249753241,0.5911594497606916,-0.24714000632067076,0.6008034944534302,2.2607813298867656,1.8274030258143283,1.048441767692566,0.6008034944534302,1.802154541015625,-0.38453301543165574,0.1512158498500808,9.100882244985362
1776515029.9516912,0.6834719518465725,-0.4716028737047262,0.08,-0.6196631984879959,0.6111283302307129,2.2935704183622603,1.8713759840999438,1.0959018468856812,0.6111283302307129,1.7910287380218506,-0.3775376820332269,0.16019924405086639,9.09648458819341
1776515029.999747,0.6562929347639257,-0.41236082957956294,0.08,-0.35223040641293885,0.6111283302307129,2.2935704183622603,1.8713759840999438,1.0959018468856812,0.6111283302307129,1.7910287380218506,-0.3711653401009465,0.16848699035831716,9.092351094198674
1776515030.050629,0.6425419024792117,-0.36697101126302795,0.08,-0.3998935070333828,0.6111283302307129,2.2935704183622603,1.8713759840999438,1.0959018468856812,0.6111283302307129,1.7910287380218506,-0.3655346756104301,0.17591077787328802,9.088442495541514
1776515030.1016927,0.6286309029860087,-0.32781257363395677,0.08,-0.333718959612993,0.618974506855011,2.319112872713479,1.9065753057166612,1.1129258871078491,0.618974506855011,1.7746752500534058,-0.3605809153335686,0.18253345749178007,9.084716129161334
1776515030.1499848,0.6105653322426908,-0.33948906139630436,0.08,-0.2690494554846449,0.618974506855011,2.319112872713479,1.9065753057166612,1.1129258871078491,0.618974506855011,1.7746752500534058,-0.355790405400653,0.18902211111917344,9.081191557222589
1776515030.2037237,0.596042194588275,-0.3559984866760847,0.08,-0.3444799809542227,0.618974506855011,2.319112872713479,1.9065753057166612,1.1129258871078491,0.618974506855011,1.7746752500534058,-0.3506771533167801,0.19604265240310792,9.077850076010568
1776515030.2503097,0.5814483561932002,-0.38997871904293424,0.08,-0.2846124195337957,0.6294786334037781,2.3473025484287993,1.9437402450507428,1.1966902017593384,0.6294786334037781,1.7661410570144653,-0.32494484978727556,0.20369886360356904,9.074692625534183
1776515030.299649,0.5472697009680006,-0.43640865641287674,0.42463045976473585,-0.2081899985044586,0.6294786334037781,2.3473025484287993,1.9437402450507428,1.1966902017593384,0.6294786334037781,1.7661410570144653,-0.3180946124866639,0.2121840289223682,9.071751655035577
1776515030.3522513,0.5279773461012902,-0.40761641028439427,0.4269555069092852,-0.2116215648602356,0.6352030634880066,2.384138005348844,1.9971174725148588,1.2493705749511719,0.6352030634880066,1.7644968032836914,-0.3112963212630872,0.22067830306356084,9.06906577915534
1776515030.3996327,0.5162909182393111,-0.34625766773542677,0.42927439173626625,-0.19058906006080267,0.6352030634880066,2.384138005348844,1.9971174725148588,1.2493705749511719,0.6352030634880066,1.7644968032836914,-0.30520906446597923,0.22835686066433059,9.066539864876315
1776515030.4526753,0.485233321112867,-0.3503480606530814,0.43136212470200774,-0.17287981305061248,0.6426902413368225,2.4153910450203124,2.0438591195018483,1.2963449954986572,0.6426902413368225,1.7525818347930908,-0.2998678193169956,0.23517187416218277,9.064195779597616
1776515030.5008273,0.47472020146886396,-0.33685785825936304,0.4332061855963626,-0.1621543611840064,0.6426902413368225,2.4153910450203124,2.0438591195018483,1.2963449954986572,0.6426902413368225,1.7525818347930908,-0.2945521530573638,0.24201567335604368,9.062023293735393
1776515030.549903,0.45790094452234076,-0.2980923922228909,0.43675123095956947,-0.08629628965244694,0.6426902413368225,2.4153910450203124,2.0438591195018483,1.2963449954986572,0.6426902413368225,1.7525818347930908,-0.2896805690397467,0.2483479073398952,9.059978486831413
1776515030.6005754,0.45075502270444423,-0.17423087463776296,0.43801670277703403,-0.12311793076784963,0.6525866389274597,2.442084367853089,2.0845476698205205,1.3422075510025024,0.6525866389274597,1.7493400573730469,-0.2860749220647211,0.25307975006276395,9.058036361645032
1776515030.6501818,0.4416821080292954,-0.08331242241836083,0.43863964102889413,-0.13436393892132326,0.6525866389274597,2.442084367853089,2.0845476698205205,1.3422075510025024,0.6525866389274597,1.7493400573730469,-0.2843101784196896,0.2554182588617454,9.056166427563722
1776515030.6996014,0.43536441950715654,-0.12039935604011268,0.6223533229158508,-0.04858629766003038,0.65938401222229,2.4473518323942427,2.088744462195213,1.3665828704833984,0.65938401222229,1.7361124753952026,-0.2574674739164616,-3.056565982934381,9.054343784614256
1776515030.75399,0.43333068513945555,-0.15822010279495796,0.6234446987238405,-0.09451265143024712,0.65938401222229,2.4473518323942427,2.088744462195213,1.3665828704833984,0.65938401222229,1.7361124753952026,-0.25514420830035056,-3.0537804228856844,9.052564935717118
1776515030.801873,0.4457195152011023,-0.18536543832573096,0.6234446987238405,-0.11114825566141333,0.65938401222229,2.4473518323942427,2.088744462195213,1.3665828704833984,0.65938401222229,1.7361124753952026,-0.2520902672022862,-3.0500831527126153,9.050786756044843
1776515030.851772,0.46139008251965724,-0.22164682388165466,0.6265693241141362,-0.03628971665977791,0.6583995223045349,2.4606989516801683,2.108009948074762,1.4070626497268677,0.6583995223045349,1.7401673793792725,-0.24854901799426105,-3.0457546723843683,9.04899546877579
1776515030.9017105,0.4795368939860954,-0.2431984053561553,0.6265693241141362,-0.08863351912791761,0.6583995223045349,2.4606989516801683,2.108009948074762,1.4070626497268677,0.6583995223045349,1.7401673793792725,-0.2445545013785726,-3.0408251713661287,9.047193510716944
1776515030.949736,0.5003321642861105,-0.25790405292822466,0.6284771433407608,-0.04715408808235353,0.6583995223045349,2.4606989516801683,2.108009948074762,1.4070626497268677,0.6583995223045349,1.7401673793792725,-0.2403387139383284,-3.0355669562543977,9.045378889281773
1776515031.0026233,0.5229381107565577,-0.2589765102787746,0.6305030821232454,-0.023795586141631173,0.6741917133331299,2.4784998868374113,2.134503907121692,1.4546985626220703,0.6741917133331299,1.7251397371292114,-0.23607568153763198,-3.0301918619535337,9.043554330821465
1776515031.0527103,0.535328872646629,-0.2502326809984215,0.6325646740885318,-0.011781379647139323,0.6741917133331299,2.4784998868374113,2.134503907121692,1.4546985626220703,0.6741917133331299,1.7251397371292114,-0.2320428675328855,-3.0250449212177575,9.041733127390758
1776515031.099775,0.5621428733857143,-0.2278366519492427,0.6343291763940424,0.0009996378463239808,0.6773806214332581,2.4974391847490494,2.1614682416146525,1.5160017013549805,0.6773806214332581,1.718056082725525,-0.22838410928382324,-3.020320586230422,9.039917139695978
1776515031.149791,0.5937667620763953,-0.18484417029712205,0.6325349559103496,0.010123737741067253,0.6773806214332581,2.4974391847490494,2.1614682416146525,1.5160017013549805,0.6773806214332581,1.718056082725525,-0.20841218530838324,0.20336114372346858,9.038067169249116
1776515031.2076046,0.6224892158312666,-0.11492383836960833,0.6309227888406311,0.01923542206656015,0.6773806214332581,2.4974391847490494,2.1614682416146525,1.5160017013549805,0.6773806214332581,1.718056082725525,-0.18551117801869865,0.2064790740630582,9.03617554592669
1776515031.2497213,0.6396821825821735,-0.08791584010326103,0.7654727450235013,0.11091741429294961,0.6936596035957336,2.510258184275508,2.1803708647263753,1.5458967685699463,0.6936596035957336,1.7136657238006592,-0.18384996408416326,0.20842005597905222,9.034263131011045
1776515031.2996964,0.6532995249695691,-0.026524696118248443,0.7645392558521129,0.0498352263327233,0.6936596035957336,2.510258184275508,2.1803708647263753,1.5458967685699463,0.6936596035957336,1.7136657238006592,-0.18293698837079786,0.20951540343883535,9.032317868034768
1776515031.3529546,0.6674388403286471,0.0049231437037049195,0.764018451468238,0.04743298618761385,0.698220431804657,2.5020103563212555,2.1647807790986615,1.575664758682251,0.698220431804657,1.697982668876648,-0.18294946171463078,0.20950580590990087,9.030363620424104
1776515031.4060848,0.688138027003606,0.007891836098951301,0.764024108664505,0.04008536590803201,0.698220431804657,2.5020103563212555,2.1647807790986615,1.575664758682251,0.698220431804657,1.697982668876648,-0.18322363840000638,0.20916683860752072,9.028374943171412
1776515031.4510381,0.7009143703633829,-0.045709698626867426,0.7641832347786849,0.037236677280794266,0.698220431804657,2.5020103563212555,2.1647807790986615,1.575664758682251,0.698220431804657,1.697982668876648,-0.1826683313434087,0.20985809198034944,9.026373258499087
1776515031.501265,0.7009143703633829,-0.045709698626867426,0.7638596639818855,0.045857711475094445,0.7175671458244324,2.488112589752751,2.1385965370062823,1.6048247814178467,0.7175671458244324,1.6860452890396118,-0.1826683313434087,0.20985809198034944,9.026373258499087
1776515031.5497158,0.716732817982513,-0.0711230252368693,0.7631919988422496,0.05370720790941309,0.7175671458244324,2.488112589752751,2.1385965370062823,1.6048247814178467,0.7175671458244324,1.6860452890396118,-0.1815376913891099,0.21129812046135932,9.024367295283612
1776515031.6047268,0.7367775573145341,-0.07603021543688736,0.7803963279130698,0.16478103950504402,0.7175671458244324,2.488112589752751,2.1385965370062823,1.6048247814178467,0.7175671458244324,1.6860452890396118,-0.15899073746561254,0.21310477831523078,9.022361552458117
1776515031.651745,0.7510930530729366,-0.06326464624527607,0.7803963279130698,0.08096995911624602,0.7267314791679382,2.488688372110019,2.137554898134109,1.6438416242599487,0.7267314791679382,1.6632530689239502,-0.15775737173738846,0.21454921641248903,9.02035455476098
1776515031.7018368,0.7665560486293977,0.059290977226324176,0.7796080639456261,0.09545023809574593,0.7267314791679382,2.488688372110019,2.137554898134109,1.6438416242599487,0.7267314791679382,1.6632530689239502,-0.1576255870755059,0.21469137141929084,9.018374896882762
1776515031.7586231,0.7740893783096154,0.09774514738788652,0.7796080639456261,0.08576811563693165,0.7267314791679382,2.488688372110019,2.137554898134109,1.6438416242599487,0.7267314791679382,1.6632530689239502,-0.15915905520771312,0.2128406180442063,9.016341060350419
1776515031.7996454,0.7774965703999723,0.07977072476435537,0.780512708859966,0.06872734982565727,0.7376196384429932,2.4698734444451484,2.099508405858219,1.6709470748901367,0.7376196384429932,1.6637674570083618,-0.16061071890480877,0.2110498405953103,9.014303636761353
1776515031.856061,0.7774965703999723,0.07977072476435537,0.781379945797325,0.06584319867539404,0.7376196384429932,2.4698734444451484,2.099508405858219,1.6709470748901367,0.7376196384429932,1.6637674570083618,-0.16061071890480877,0.2110498405953103,9.014303636761353
1776515031.900905,0.7798482499705774,0.04955244644518179,0.781379945797325,0.07607203837012673,0.7376196384429932,2.4698734444451484,2.099508405858219,1.6709470748901367,0.7376196384429932,1.6637674570083618,-0.16154908925711164,0.20986674005050399,9.012265330363123
1776515031.9526541,0.7804869148716265,0.04814440192600889,0.781947683278651,0.06461940782028078,0.7376196384429932,2.4698734444451484,2.099508405858219,1.6709470748901367,0.7376196384429932,1.6637674570083618,-0.14155307899081682,0.20890890175540155,9.01023314292611
1776515032.000233,0.7804869148716265,0.04814440192600889,0.7771768834141735,0.1662359805567176,0.738811194896698,2.4551677683456203,2.068398775546256,1.685572862625122,0.738811194896698,1.652949571609497,-0.14155307899081682,0.20890890175540155,9.01023314292611
1776515032.0533586,0.7804781379918458,0.04196720060179045,0.7771768834141735,0.10052782096337176,0.738811194896698,2.4551677683456203,2.068398775546256,1.685572862625122,0.738811194896698,1.652949571609497,-0.14233754385466185,0.2079972471883419,9.008210211082172
1776515032.099376,0.7702642477561505,0.027637776759268796,0.7776298318386391,0.09204242455445932,0.738811194896698,2.4551677683456203,2.068398775546256,1.685572862625122,0.738811194896698,1.652949571609497,-0.1431468003402374,0.20704112382919693,9.006217955275979
1776515032.1498587,0.7702642477561505,0.027637776759268796,0.7781014790135647,0.08926238656674199,0.747879147529602,2.434205706531973,2.027856979580208,1.6925424337387085,0.747879147529602,1.641105055809021,-0.1431468003402374,0.20704112382919693,9.006217955275979
1776515032.1997573,0.766196367471837,-0.008332430871223264,0.7781014790135647,0.09570077862643311,0.747879147529602,2.434205706531973,2.027856979580208,1.6925424337387085,0.747879147529602,1.641105055809021,-0.1432673292205373,0.20689046590088822,9.004261273075493
1776515032.2546566,0.7648032596126381,-0.02373084856575972,0.7781740365113268,0.09451243271748078,0.747879147529602,2.434205706531973,2.027856979580208,1.6925424337387085,0.747879147529602,1.641105055809021,-0.14293257451666996,0.20729927554725947,9.002338318574278
1776515032.302741,0.7700639935704847,0.018644268559052043,0.7779752116249683,0.0992889073917543,0.7689646482467651,2.429677743585324,2.0141432422174126,1.7140815258026123,0.7689646482467651,1.6350089311599731,-0.1428131335512411,0.20744203621642143,9.000444128559351
1776515032.3498297,0.7700639935704847,0.018644268559052043,0.7779051395143148,0.09820385525374606,0.7689646482467651,2.429677743585324,2.0141432422174126,1.7140815258026123,0.7689646482467651,1.6350089311599731,-0.1428131335512411,0.20744203621642143,9.000444128559351
1776515032.3997438,0.7719813490731925,0.1019359106436962,0.7779051395143148,0.09745261008577938,0.7689646482467651,2.429677743585324,2.0141432422174126,1.7140815258026123,0.7689646482467651,1.6350089311599731,-0.12337863803116189,0.2061200437956472,8.99855105656292
1776515032.4537103,0.7690434187206288,0.12190461551403027,0.7733778045210716,0.18152554313029476,0.7689646482467651,2.429677743585324,2.0141432422174126,1.7140815258026123,0.7689646482467651,1.6350089311599731,-0.12544442918463655,0.2037308318858262,8.996662139235767
1776515032.5066378,0.7690434187206288,0.12190461551403027,0.7745673632264971,0.10262273286360754,0.7886125445365906,2.3984175720333942,1.951092322535487,1.7295453548431396,0.7886125445365906,1.6262620687484741,-0.12544442918463655,0.2037308318858262,8.996662139235767
1776515032.5535035,0.7690421766427007,0.1615368767384127,0.7761006849951133,0.08683628790169884,0.7886125445365906,2.3984175720333942,1.951092322535487,1.7295453548431396,0.7886125445365906,1.6262620687484741,-0.1280798507749102,0.2006265621434431,8.994755574935212
1776515032.6001596,0.7733607639700412,0.07535529152479274,0.7770270153569344,0.09137458129337783,0.7886125445365906,2.3984175720333942,1.951092322535487,1.7295453548431396,0.7886125445365906,1.6262620687484741,-0.12965704707495201,0.1987377160926912,8.99282615847934
1776515032.6536474,0.7751369199948795,0.060886650801719025,0.7776186731635506,0.09245746894130387,0.7882137298583984,2.3787005220046207,1.9092507041854958,1.7411532402038574,0.7882137298583984,1.6130651235580444,-0.13065197028960818,0.19752008339082394,8.990895826510327
1776515032.6995165,0.7693615167365014,0.00799720448292636,0.7782054559988341,0.0895026922597568,0.7882137298583984,2.3787005220046207,1.9092507041854958,1.7411532402038574,0.7882137298583984,1.6130651235580444,-0.11278087214620464,0.19556876675000245,8.987056124098109
1776515032.7499037,0.7693615167365014,0.00799720448292636,0.773661525090843,0.18240231749264518,0.7882137298583984,2.3787005220046207,1.9092507041854958,1.7411532402038574,0.7882137298583984,1.6130651235580444,-0.11278087214620464,0.19556876675000245,8.987056124098109
1776515032.800623,0.7632497215633247,-0.03510871171538201,0.773661525090843,0.12309923084562548,0.8070964813232422,2.3691570468791427,1.8865746781434924,1.7538847923278809,0.8070964813232422,1.5970699787139893,-0.11248226005112383,0.19590600596639607,8.985193997542806
1776515032.8496666,0.75650597008195,-0.031667030460194125,0.7734918478622923,0.12637350479625348,0.8070964813232422,2.3691570468791427,1.8865746781434924,1.7538847923278809,0.8070964813232422,1.5970699787139893,-0.11198669086083518,0.19648087050615182,8.98338473833613
1776515032.901344,0.7572526631968691,-0.03246399476163289,0.7732060023552081,0.12983224672220503,0.8162063360214233,2.3637203676738086,1.8693196567363723,1.788938045501709,0.8162063360214233,1.5911855697631836,-0.11143526742140059,0.19714141753573466,8.981604972774894
1776515032.949901,0.7637209423788718,0.04706780583313235,0.7728820904801873,0.13225608272746522,0.8162063360214233,2.3637203676738086,1.8693196567363723,1.788938045501709,0.8162063360214233,1.5911855697631836,-0.11143208656857623,0.19713177519186742,8.979862776195834
1776515033.0001113,0.7690244231307145,0.11747211073285024,0.7728839887615584,0.12828429627234564,0.8162063360214233,2.3637203676738086,1.8693196567363723,1.788938045501709,0.8162063360214233,1.5911855697631836,-0.11302494576962502,0.19516213957445327,8.97809559548598
1776515033.0496998,0.7701540876272597,0.10312356836918934,0.7738368872530986,0.11096382649831531,0.8302039504051208,2.3425566851817052,1.8216457616744823,1.8003734350204468,0.8302039504051208,1.5714786052703857,-0.09567453314070562,0.19287348676574356,8.976319565841012
1776515033.1008072,0.7731937440010923,0.07695804922448655,0.7701054060570497,0.1914640848590554,0.8302039504051208,2.3425566851817052,1.8216457616744823,1.8003734350204468,0.8302039504051208,1.5714786052703857,-0.09717161691600873,0.19116196195526358,8.974536605693478
1776515033.1498072,0.7688396778285093,0.15220501854518856,0.7709618981153604,0.12869216222939134,0.8322990536689758,2.323326988367986,1.7775693475240648,1.8025808334350586,0.8322990536689758,1.5497376918792725,-0.09956465034250972,0.18837502457180844,8.972753619973275
1776515033.1998353,0.7684346257420426,0.07613189265797017,0.7723452850062061,0.11405516775450478,0.8322990536689758,2.323326988367986,1.7775693475240648,1.8025808334350586,0.8322990536689758,1.5497376918792725,-0.10130056261172316,0.18632298325705166,8.970950397867332
1776515033.2516022,0.7647544902942235,0.031052320934062017,0.7733573064661798,0.11412397632559809,0.8322990536689758,2.323326988367986,1.7775693475240648,1.8025808334350586,0.8322990536689758,1.5497376918792725,-0.1021658128087291,0.18527706953960943,8.96916216898246
1776515033.2998579,0.7604733553014763,-0.004966796094385453,0.7738682053567092,0.117042615412053,0.8399007320404053,2.308161426428619,1.73829697204127,1.7974871397018433,0.8399007320404053,1.557370662689209,-0.10231190990774236,0.18509601736586445,8.967401265246123
1776515033.349661,0.7606425927603395,-0.007672324922937047,0.7739557164343092,0.12244927159912168,0.8399007320404053,2.308161426428619,1.73829697204127,1.7974871397018433,0.8399007320404053,1.557370662689209,-0.08372667443585646,0.18529573769903107,8.965672435388031
1776515033.399835,0.766995315526909,0.04185934223257453,0.7692163154021072,0.21175099043966497,0.8527703881263733,2.296289520115901,1.7068108307726875,1.7876737117767334,0.8527703881263733,1.5442430973052979,-0.08396358172394064,0.18502081356175293,8.963964872794781
1776515033.4512167,0.7745593894909771,0.1357044799159272,0.7693529947971423,0.14856460322051795,0.8527703881263733,2.296289520115901,1.7068108307726875,1.7876737117767334,0.8527703881263733,1.5442430973052979,-0.08564881182037754,0.183068705192996,8.962245846779716
1776515033.5011625,0.7636131864378803,0.1421187176719866,0.7703242631246963,0.13216441795929335,0.8527703881263733,2.296289520115901,1.7068108307726875,1.7876737117767334,0.8527703881263733,1.5442430973052979,-0.08790462890726264,0.18042424978295535,8.960518203464297
1776515033.5543227,0.7636131864378803,0.1421187176719866,0.7716331765454028,0.12073322039955722,0.8684313893318176,2.2915862915584273,1.7001531260805467,1.77677583694458,0.8684313893318176,1.532173752784729,-0.08790462890726264,0.18042424978295535,8.960518203464297
1776515033.599748,0.7652783471181769,0.12389395210785141,0.7730239592892008,0.112145316482049,0.8684313893318176,2.2915862915584273,1.7001531260805467,1.77677583694458,0.8684313893318176,1.532173752784729,-0.09245258120997285,0.1749251494685674,8.957043408228023
1776515033.6498752,0.7698001401549027,0.09469262024957119,0.7743190086137144,0.1059240286724552,0.8684313893318176,2.2915862915584273,1.7001531260805467,1.77677583694458,0.8684313893318176,1.532173752784729,-0.09420867029688312,0.1727406752610049,8.95527636029823
1776515033.7027636,0.7723310819112319,0.06855867085174572,0.7753731958417331,0.10434426565378178,0.873153030872345,2.3005321185198455,1.7266627728097699,1.7604721784591675,0.873153030872345,1.5286153554916382,-0.0784194333147118,0.17116272146466593,8.953496347211406
1776515033.7498312,0.7689591186227853,0.03146739501791993,0.771836135185201,0.18554269234511783,0.873153030872345,2.3005321185198455,1.7266627728097699,1.7604721784591675,0.873153030872345,1.5286153554916382,-0.07930099971723054,0.17015186976491725,8.951724729698874
1776515033.800003,0.7475885351401682,0.04671045334079437,0.7723413283945653,0.12834640086675092,0.8825624585151672,2.305873147047415,1.7434774947107512,1.7596673965454102,0.8825624585151672,1.5226773023605347,-0.08006248276982214,0.1692541025783969,8.95000775045533
1776515033.85162,0.757961844577233,0.005589488792683059,0.7727845969360441,0.12684250427566696,0.8825624585151672,2.305873147047415,1.7434774947107512,1.7596673965454102,0.8825624585151672,1.5226773023605347,-0.08046736789439402,0.1687741113540877,8.948303763883636
1776515033.9020395,0.7598642421370531,0.00039871352883646505,0.7730210255302428,0.12846982598186338,0.8825624585151672,2.305873147047415,1.7434774947107512,1.7596673965454102,0.8825624585151672,1.5226773023605347,-0.08047072391064525,0.16876901641248965,8.946608645588483
1776515033.9516413,0.7610430457954571,0.01296625112264137,0.7730232978299856,0.13124098254634908,0.8953937888145447,2.3094523155942874,1.7527360784163315,1.7556816339492798,0.8953937888145447,1.5087535381317139,-0.0805626550685885,0.1686544387945721,8.944936354443783
1776515033.9998887,0.7658631634530959,0.06535827637899927,0.7730785462148042,0.13050103023513532,0.8953937888145447,2.3094523155942874,1.7527360784163315,1.7556816339492798,0.8953937888145447,1.5087535381317139,-0.0644653950138731,0.16787913857928627,8.943279173579906
1776515034.0505052,0.7688379593484868,0.1168429641779166,0.7692391207412959,0.21020051120045946,0.9009775519371033,2.3150220427327857,1.7690892881723237,1.746713399887085,0.9009775519371033,1.4973393678665161,-0.06620219413045914,0.16589706238595636,8.94161427962554
1776515034.0998735,0.7642485343341993,0.17660332487838298,0.770231775452808,0.13524613903708013,0.9009775519371033,2.3150220427327857,1.7690892881723237,1.746713399887085,0.9009775519371033,1.4973393678665161,-0.06896134991676134,0.16269599408446456,8.939940737284712
1776515034.1497865,0.7646341670355538,0.12876566628605712,0.7718233818353739,0.11856394938054901,0.9009775519371033,2.3150220427327857,1.7690892881723237,1.746713399887085,0.9009775519371033,1.4973393678665161,-0.07144601995894001,0.15976510803228128,8.938249402509447
1776515034.1996539,0.7646341670355538,0.12876566628605712,0.7732701667806142,0.11450670869414628,0.9081513285636902,2.319398039143798,1.7871226089240078,1.7391945123672485,0.9081513285636902,1.4854011535644531,-0.07144601995894001,0.15976510803228128,8.938249402509447
1776515034.2536325,0.7704645211075429,0.07942103966450355,0.7742784668882723,0.11005294183090439,0.9081513285636902,2.319398039143798,1.7871226089240078,1.7391945123672485,0.9081513285636902,1.4854011535644531,-0.07316072742000518,0.15770727293417552,8.936532526933782
1776515034.3027537,0.7659191391083988,0.03330072439266753,0.7748179747290534,0.11547006903366712,0.9081513285636902,2.319398039143798,1.7871226089240078,1.7391945123672485,0.9081513285636902,1.4854011535644531,-0.07406624825917185,0.15659542797234982,8.934822026555485
1776515034.3507593,0.7620672854152648,-0.0054500505105102084,0.7709855230857153,0.19074550541837362,0.9247958660125732,2.331411584012493,1.816292067933439,1.7280690670013428,0.9247958660125732,1.4794617891311646,-0.05864390018270638,0.15640264200116671,8.933137368727385
1776515034.399848,0.7608653992884716,-0.014411643514440754,0.7709855230857153,0.14470218867416704,0.9247958660125732,2.331411584012493,1.816292067933439,1.7280690670013428,0.9247958660125732,1.4794617891311646,-0.05842161592447431,0.15665279681516275,8.931485703972555
1776515034.4546309,0.7616137349571488,0.03701909316261529,0.770859464104722,0.14724631371277944,0.9247958660125732,2.331411584012493,1.816292067933439,1.7280690670013428,0.9247958660125732,1.4794617891311646,-0.0586933322088764,0.1563350093078626,8.929866406092062
1776515034.5056255,0.7694830219116873,0.10364444349780474,0.7710169171104354,0.1430766084983325,0.9397178292274475,2.3423456428891303,1.8419342430946857,1.7273775339126587,0.9397178292274475,1.4693893194198608,-0.059966250275863775,0.15483886653089796,8.928242962529431
1776515034.5503225,0.7668215871886732,0.12189896142951305,0.7717566124408664,0.13139187465491364,0.9397178292274475,2.3423456428891303,1.8419342430946857,1.7273775339126587,0.9397178292274475,1.4693893194198608,-0.06183294787867738,0.15261244476515579,8.926608196749177
1776515034.6030214,0.7668215871886732,0.12189896142951305,0.7728504183311831,0.1196409506702186,0.9397178292274475,2.3423456428891303,1.8419342430946857,1.7273775339126587,0.9397178292274475,1.4693893194198608,-0.06183294787867738,0.15261244476515579,8.926608196749177
1776515034.6518233,0.7623797382998576,0.1511990149346913,0.7741428345236142,0.11100723535525203,0.9444683790206909,2.3452627073273846,1.854891125512022,1.7179003953933716,0.9444683790206909,1.4487013816833496,-0.0663898816809187,0.14701738863713076,8.923320038421902
1776515034.7031517,0.7623797382998576,0.1511990149346913,0.7755653813651949,0.10181492887205448,0.9444683790206909,2.3452627073273846,1.854891125512022,1.7179003953933716,0.9444683790206909,1.4487013816833496,-0.0663898816809187,0.14701738863713076,8.923320038421902
1776515034.7505355,0.7637396379399064,0.14499304994527154,0.7009336777217826,1.4087256323353516,0.9475829601287842,2.3576828360447277,1.8888126373880436,1.7227727174758911,0.9475829601287842,1.452319622039795,-0.054434174510386624,0.37895193276869743,8.921649149458734
1776515034.8006246,0.7722171468703452,0.08881043530774804,0.7021429362194711,0.487287909769403,0.9475829601287842,2.3576828360447277,1.8888126373880436,1.7227727174758911,0.9475829601287842,1.452319622039795,-0.05657221650634858,0.3765162489054148,8.919947543677512
1776515034.8539853,0.7453307588783734,0.14284483846887014,0.7035380795250169,0.47669891859585567,0.9475829601287842,2.3576828360447277,1.8888126373880436,1.7227727174758911,0.9475829601287842,1.452319622039795,-0.059002712483070985,0.3736735751506891,8.918271339177673
1776515034.899614,0.7218299576423439,0.14802692789470653,0.7035380795250169,0.49561660845919453,0.9636439085006714,2.3632031614641478,1.908226321199427,1.71848464012146,0.9636439085006714,1.4480400085449219,-0.0616008083653547,0.37060001808235987,8.916626124891328
1776515034.9537833,0.7047516595118581,0.17052562978739047,0.7050390967645447,0.4671674109569439,0.9636439085006714,2.3632031614641478,1.908226321199427,1.71848464012146,0.9636439085006714,1.4480400085449219,-0.06428467941212257,0.36736296878930363,8.915004954164239
1776515035.0011137,0.7047516595118581,0.17052562978739047,0.7066068712296987,0.4585328483560838,0.9636439085006714,2.3632031614641478,1.908226321199427,1.71848464012146,0.9636439085006714,1.4480400085449219,-0.06428467941212257,0.36736296878930363,8.915004954164239
1776515035.051724,0.7046134668673079,0.3220535759471589,0.7084666624049835,0.44579364527270354,0.9691258668899536,2.37274696025222,1.9377158201610722,1.7131916284561157,0.9691258668899536,1.4314316511154175,-0.03720953866357524,0.4424560388050121,8.91172261048763
1776515035.104632,0.7033507393888546,0.339613683135125,0.6854891128778177,1.0410317464074823,0.9691258668899536,2.37274696025222,1.9377158201610722,1.7131916284561157,0.9691258668899536,1.4314316511154175,-0.043136006793468906,0.4357214602277281,8.909977334318135
1776515035.1498919,0.7111676324448186,0.41057315029938257,0.6888682648481903,0.5820274825181291,0.9710164666175842,2.37349070480419,1.951699547901393,1.7286417484283447,0.9710164666175842,1.4277795553207397,-0.04996453700504577,0.42783079726463785,8.908130975533249
1776515035.2016232,0.6793329202471231,0.4853607116124865,0.692798440091173,0.5427889228048413,0.9710164666175842,2.37349070480419,1.951699547901393,1.7286417484283447,0.9710164666175842,1.4277795553207397,-0.05748098764042553,0.41899111963664076,8.906261728653405
1776515035.2493432,0.6774075614394904,0.46831782218928153,0.6971676953871279,0.5189344643992918,0.9710164666175842,2.37349070480419,1.951699547901393,1.7286417484283447,0.9710164666175842,1.4277795553207397,-0.06572720263870174,0.4091405043024459,8.904309729498191
1776515035.2998595,0.6774075614394904,0.46831782218928153,0.7020039138602681,0.48763356191183604,0.9809544086456299,2.382416083347345,1.9864227197595772,1.7480982542037964,0.9809544086456299,1.4139853715896606,-0.06572720263870174,0.4091405043024459,8.904309729498191
1776515035.352214,0.6972708729070796,0.38119004738811185,0.7020039138602681,0.5490067030535906,0.9809544086456299,2.382416083347345,1.9864227197595772,1.7480982542037964,0.9809544086456299,1.4139853715896606,-0.0730678400298912,0.40022135013607857,8.902208726604375
1776515035.402878,0.6955917735930521,0.3351823856580999,0.7098517024016302,0.40134343379944004,0.9809544086456299,2.382416083347345,1.9864227197595772,1.7480982542037964,0.9809544086456299,1.4139853715896606,-0.0789152626438342,0.39298194208791465,8.900002719740115
1776515035.451616,0.6787384468891617,0.2731468818672098,0.7098517024016302,0.5054551667689559,0.9790893793106079,2.3829522485208114,1.999350027943428,1.7300280332565308,0.9790893793106079,1.4296293258666992,-0.04611647639509392,0.38677622240622683,8.89775671336054
1776515035.5006084,0.6861167413802677,0.1378876577499376,0.7033240097778202,0.6301788243060346,0.9790893793106079,2.3829522485208114,1.999350027943428,1.7300280332565308,0.9790893793106079,1.4296293258666992,-0.049322489993544105,0.3831085369599198,8.895461279036034
1776515035.5546126,0.6919715125180171,0.2157447519493865,0.7051588771295956,0.5115310162144605,0.9790893793106079,2.3829522485208114,1.999350027943428,1.7300280332565308,0.9790893793106079,1.4296293258666992,-0.05262499349003902,0.37925107647782214,8.893154075295442
1776515035.6006544,0.7219863954233963,0.2968653580140271,0.7070711969456998,0.4987075873973759,0.9797350168228149,2.395716413317953,2.0316010477986546,1.7005894184112549,0.9797350168228149,1.417877197265625,-0.05738584016185766,0.3736056900787256,8.890716083860575
1776515035.6491778,0.7148163761698989,0.2901144598128225,0.709851638498745,0.4723779015204193,0.9797350168228149,2.395716413317953,2.0316010477986546,1.7005894184112549,0.9797350168228149,1.417877197265625,-0.062293729103506446,0.3676961147859414,8.888186368175997
1776515035.6995633,0.7154095014642186,0.2770811107882673,0.71274310759402,0.4559752331750973,0.9797350168228149,2.395716413317953,2.0316010477986546,1.7005894184112549,0.9797350168228149,1.417877197265625,-0.06710688662311232,0.36179235542881294,8.885606239970748
1776515035.7496588,0.7197786410324529,0.2557608519117248,0.7156090759089567,0.4374827196798029,0.9900299310684204,2.4092601972746697,2.0644052921793032,1.6764287948608398,0.9900299310684204,1.416121482849121,-0.03674765907776589,0.3561590653700348,8.882956439488677
1776515035.7996204,0.7252695890526077,0.22469619926393752,0.7095358717839874,0.5881855350605553,0.9900299310684204,2.4092601972746697,2.0644052921793032,1.6764287948608398,0.9900299310684204,1.416121482849121,-0.041255155741679095,0.35103253996719463,8.880236618016115
1776515035.8497694,0.7152057956733091,0.37981326715606295,0.7121071880560886,0.46304751564471713,0.9920051097869873,2.412960561087129,2.0798272360068504,1.6302344799041748,0.9920051097869873,1.4133141040802002,-0.04695367356204805,0.3444328042789678,8.87747734996031
1776515035.9036207,0.6912777430131233,0.40557819067805106,0.7153911405395252,0.43808173374393294,0.9920051097869873,2.412960561087129,2.0798272360068504,1.6302344799041748,0.9920051097869873,1.4133141040802002,-0.05408953103353109,0.3360849694876197,8.87468545040986
1776515035.949073,0.7058616790121236,0.26906644044754363,0.7195267703639163,0.40870144442454104,0.9852693676948547,2.425904377371376,2.114095226338955,1.606560230255127,0.9852693676948547,1.4057990312576294,-0.06014142996066957,0.32885841764476437,8.871823230329197
1776515035.9997861,0.7058616790121236,0.26906644044754363,0.7230752834095547,0.3850370470964457,0.9852693676948547,2.425904377371376,2.114095226338955,1.606560230255127,0.9852693676948547,1.4057990312576294,-0.06014142996066957,0.32885841764476437,8.871823230329197
1776515036.0497534,0.7020350490416011,0.19251115420938683,0.7230752834095547,0.4373758027635077,0.9852693676948547,2.425904377371376,2.114095226338955,1.606560230255127,0.9852693676948547,1.4057990312576294,-0.06383270140484709,0.324354072386316,8.86888000003764
1776515036.1020298,0.7008191497769776,0.1248794347331808,0.7267804500404806,0.36712911506929685,0.9852693676948547,2.425904377371376,2.114095226338955,1.606560230255127,0.9852693676948547,1.4057990312576294,-0.06636028724056697,0.3212226512290793,8.865914200777452
1776515036.2570624,0.6947530956499098,0.11011176188862976,0.7201366590695281,0.5439746456448407,0.994674563407898,2.437782870962265,2.1403486128100253,1.6113907098770142,0.994674563407898,1.4068493843078613,-0.037099434968211054,0.3186157090802184,8.862961854471333
1776515036.3030791,0.6983969171976059,0.1117887128425771,0.7201366590695281,0.45694739619791863,0.994674563407898,2.437782870962265,2.1403486128100253,1.6113907098770142,0.994674563407898,1.4068493843078613,-0.037099434968211054,0.3186157090802184,8.862961854471333
1776515036.3506134,0.6977824038856169,0.16820731213854198,0.7212430858306912,0.4367965790654716,0.994674563407898,2.437782870962265,2.1403486128100253,1.6113907098770142,0.994674563407898,1.4068493843078613,-0.04170145467215358,0.3132859416468869,8.857019166308175
1776515036.4019094,0.6977824038856169,0.16820731213854198,0.7227887029162544,0.42266771615262627,1.0003637075424194,2.4546880741895736,2.174817626283568,1.5959769487380981,1.0003637075424194,1.404056191444397,-0.04170145467215358,0.3132859416468869,8.857019166308175
1776515036.4497533,0.7280975110232835,0.2645936696972409,0.7247834513912234,0.4069268613744162,1.0003637075424194,2.4546880741895736,2.174817626283568,1.5959769487380981,1.0003637075424194,1.404056191444397,-0.0451131362870667,0.309232353403991,8.853963033147382
1776515036.5017674,0.7240707582861502,0.2711174380890264,0.7275505645403112,0.38037227984840216,1.0003637075424194,2.4546880741895736,2.174817626283568,1.5959769487380981,1.0003637075424194,1.404056191444397,-0.04981867771807458,0.30358479373087033,8.85077283137905
1776515036.5500429,0.7280544581218792,0.24390816943222396,0.7275505645403112,0.41725078004008337,1.001739501953125,2.4670158894827363,2.2017635460390594,1.5614454746246338,1.001739501953125,1.4027154445648193,-0.05425609723642255,0.2981501253519792,8.847532305229317
1776515036.605966,0.7280812748162301,0.2297086777464959,0.7301905014050244,0.3689437799724114,1.001739501953125,2.4670158894827363,2.2017635460390594,1.5614454746246338,1.001739501953125,1.4027154445648193,-0.029383402001362913,0.29313854229946695,8.844212025663172
1776515036.6564074,0.7043733544505044,0.2653545970549701,0.7253258254604927,0.4895152044632552,1.001739501953125,2.4670158894827363,2.2017635460390594,1.5614454746246338,1.001739501953125,1.4027154445648193,-0.03408059219211096,0.28782012506109955,8.840933679045797
1776515036.7011733,0.6984033060470749,0.19531555613113666,0.7279986742153041,0.379310523131812,0.9993523359298706,2.4728453711819363,2.213842978997419,1.5582776069641113,0.9993523359298706,1.4041208028793335,-0.03826154566530632,0.2830040966977066,8.837663637066367
1776515036.7527325,0.7020942697679337,0.11377541736908545,0.7304007624322995,0.3794990593198431,0.9993523359298706,2.4728453711819363,2.213842978997419,1.5582776069641113,0.9993523359298706,1.4041208028793335,-0.04084198231555519,0.2799849333157052,8.834341600532444
1776515036.801647,0.6972848833872647,0.06264328154752517,0.7318963982151225,0.3690604932511733,0.9947167634963989,2.4703604039718,2.2098739039146205,1.5090757608413696,0.9947167634963989,1.4088304042816162,-0.042432900520596395,0.27809107812260275,8.831027174232743
1776515036.856336,0.6972848833872647,0.06264328154752517,0.7328275890568615,0.3789365847079333,0.9947167634963989,2.4703604039718,2.2098739039146205,1.5090757608413696,0.9947167634963989,1.4088304042816162,-0.042432900520596395,0.27809107812260275,8.831027174232743
1776515036.8995926,0.7013273185426026,0.04602521985815727,0.7333201660901987,0.38061772110668063,0.9947167634963989,2.4703604039718,2.2098739039146205,1.5090757608413696,0.9947167634963989,1.4088304042816162,-0.04326265465578005,0.2770786531537785,8.827719121861806
1776515036.9516435,0.7090863461120982,0.10013973145773826,0.7342358883870361,0.3736016872501991,1.0049924850463867,2.4701660384082,2.206975892654409,1.5341949462890625,1.0049924850463867,1.4031941890716553,-0.044792427347205455,0.2751850118016416,8.824378996922508
1776515037.0002277,0.7393562070987146,0.22906708842695525,0.7291391189475542,0.49843220819143125,1.0049924850463867,2.4701660384082,2.206975892654409,1.5341949462890625,1.0049924850463867,1.4031941890716553,-0.020706934717830472,0.27171081643335376,8.820957825439319
1776515037.0518413,0.7348174194348667,0.24480738782666642,0.7316758366505581,0.3674876104122041,1.0049924850463867,2.4701660384082,2.206975892654409,1.5341949462890625,1.0049924850463867,1.4031941890716553,-0.025157269109936597,0.2666564113040928,8.817417039501702
1776515037.1036255,0.725283353613694,0.2731361384451763,0.7316758366505581,0.3991167376457277,1.0044656991958618,2.467178653722334,2.201156166436173,1.5606266260147095,1.0044656991958618,1.3966312408447266,-0.029762400919520815,0.2613208016284929,8.813877007998926
1776515037.1495948,0.7308415567243866,0.23746969591446038,0.7343303005757412,0.3505167982544842,1.0044656991958618,2.467178653722334,2.201156166436173,1.5606266260147095,1.0044656991958618,1.3966312408447266,-0.03426924538354492,0.2560269871562778,8.810254271224558
1776515037.1995966,0.7308415567243866,0.23746969591446038,0.7369482934328956,0.3358716098229743,1.0044656991958618,2.467178653722334,2.201156166436173,1.5606266260147095,1.0044656991958618,1.3966312408447266,-0.03426924538354492,0.2560269871562778,8.810254271224558
1776515037.2496197,0.7249454973150044,0.19511243739529102,0.7392854537174833,0.3269387090529422,0.9969534873962402,2.4652895859057544,2.1979413736464286,1.6044591665267944,0.9969534873962402,1.4000016450881958,-0.038256024579528924,0.25126808741627876,8.80658678658574
1776515037.301624,0.7108861267656974,0.05818464659963317,0.7405981648590958,0.33317267599349226,0.9969534873962402,2.4652895859057544,2.1979413736464286,1.6044591665267944,0.9969534873962402,1.4000016450881958,-0.04047310821582556,0.2485752086117583,8.80295687536156
1776515037.357985,0.7024322075888572,-0.044040573181064475,0.7405981648590958,0.3503417522039637,0.9969534873962402,2.4652895859057544,2.1979413736464286,1.6044591665267944,0.9969534873962402,1.4000016450881958,-0.0162831173926003,0.2511552792938619,8.799370249344523
1776515037.4014797,0.690023090263831,-0.16595080951954208,0.733779867380654,0.47498956575651036,1.0037610530853271,2.4614890029759016,2.187653631198256,1.9422820806503296,1.0037610530853271,1.400166630744934,-0.014615404351061234,0.2530513531659829,8.795873416894855
1776515037.450596,0.6931527465470237,-0.15310916059226837,0.7328287030099923,0.4075699755666962,1.0037610530853271,2.4614890029759016,2.187653631198256,1.9422820806503296,1.0037610530853271,1.400166630744934,-0.01182753665309011,0.2562342513063882,8.7924767767165
1776515037.5007694,0.7357919459783979,0.07487045059085151,0.7312349488707901,0.42591294330799134,1.0110007524490356,2.4623608838398074,2.1855489779777546,1.9449681043624878,1.0110007524490356,1.3970894813537598,-0.011181882246885988,0.2569573287755447,8.789044036403855
1776515037.5526145,0.7485096942419238,0.1657203659797908,0.7308697822690627,0.41262491341050916,1.0110007524490356,2.4623608838398074,2.1855489779777546,1.9449681043624878,1.0110007524490356,1.3970894813537598,-0.0139111483773659,0.25375138716240736,8.78539734560826
1776515037.6011298,0.7432251586734274,0.18986273647549712,0.7324552209856222,0.3790466275797825,1.0110007524490356,2.4623608838398074,2.1855489779777546,1.9449681043624878,1.0110007524490356,1.3970894813537598,-0.017013422573948167,0.2500213843554608,8.781752661614874
1776515037.6551201,0.7379736762653731,0.21381247731672173,0.734281394869106,0.36417226488605525,1.0062435865402222,2.4611087977941337,2.183322842701121,1.9589284658432007,1.0062435865402222,1.4029041528701782,-0.017013422573948167,0.2500213843554608,8.781752661614874
1776515037.6996777,0.7379736762653731,0.21381247731672173,0.7363244133962753,0.352040752053843,1.0062435865402222,2.4611087977941337,2.183322842701121,1.9589284658432007,1.0062435865402222,1.4029041528701782,-0.02044698149950197,0.24581509264856855,8.778102828494095
1776515037.7507386,0.7361644493817953,0.2252574272689647,0.7305131825770026,0.48624295203312856,1.0062435865402222,2.4611087977941337,2.183322842701121,1.9589284658432007,1.0062435865402222,1.4029041528701782,-0.00024901339532273914,0.24839131713792437,8.774425274402585
1776515037.7995417,0.7128783746149493,0.07150187624276945,0.7327965289510292,0.3704011765575005,1.0069390535354614,2.4576678557268012,2.1768431125224144,1.984289526939392,1.0069390535354614,1.400909423828125,-0.0067513885775816185,0.24102149204166193,8.767028476693524
1776515037.8503907,0.6890261915585941,-0.020211034170683307,0.7342153321498852,0.37268218512381585,1.0069390535354614,2.4576678557268012,2.1768431125224144,1.984289526939392,1.0069390535354614,1.400909423828125,-0.007172044537779643,0.24056371281013375,8.763427416939948
1776515037.903766,0.6834799175549717,-0.0875232591057317,0.734449515636683,0.3877008716490758,1.002617359161377,2.455084402951568,2.1684434499610825,2.0028865337371826,1.002617359161377,1.4064068794250488,-0.006401805915592529,0.24147366592923294,8.759985872092722
1776515037.9518325,0.679815882264402,-0.12455601496173775,0.734000628630544,0.399528696466869,1.002617359161377,2.455084402951568,2.1684434499610825,2.0028865337371826,1.002617359161377,1.4064068794250488,-0.004780487391649824,0.24343497913666992,8.756580491158255
1776515038.0002105,0.6756979481222485,-0.14466349963881414,0.7330428886644282,0.41192334887852955,1.0036900043487549,2.4547502961454293,2.162758433756893,1.9798235893249512,1.0036900043487549,1.3939357995986938,-0.002816783244730836,0.24584730509581923,8.753244986100228
1776515038.052044,0.6737467019873371,-0.16036921549304894,0.7243217571906212,0.5625986543160556,1.0036900043487549,2.4547502961454293,2.162758433756893,1.9798235893249512,1.0036900043487549,1.3939357995986938,0.024034932370581297,0.24864799947140112,8.749974686651694
1776515038.0997884,0.6699741032784315,-0.17169821326617785,0.722809483996167,0.4770060271071498,1.0036900043487549,2.4547502961454293,2.162758433756893,1.9798235893249512,1.0036900043487549,1.3939357995986938,0.026693192772288876,0.25165654080434385,8.746777152853543
1776515038.1499553,0.6543335080205324,-0.13691804428621981,0.721490202412852,0.48612061540936236,1.0071781873703003,2.456922414344731,2.164182748122282,1.9614495038986206,1.0071781873703003,1.399471402168274,0.02899259061580145,0.254298802685593,8.74370610269355
1776515038.1997588,0.6712349872819686,-0.06690573431178719,0.7204259077329942,0.48697390334220975,1.0071781873703003,2.456922414344731,2.164182748122282,1.9614495038986206,1.0071781873703003,1.399471402168274,0.03083593853884148,0.2564408419829204,8.740663977627502
1776515038.249796,0.6710715171023963,-0.06250342613706815,0.7204259077329942,0.47464223985409465,1.0071781873703003,2.456922414344731,2.164182748122282,1.9614495038986206,1.0071781873703003,1.399471402168274,0.03155716978565659,0.25729311162794666,8.737609661405179
1776515038.2999532,0.6710715171023963,-0.06250342613706815,0.7200055219581896,0.4832880592462079,1.007643461227417,2.453705922306742,2.1532235720368904,1.9405839443206787,1.007643461227417,1.3946897983551025,0.03155716978565659,0.25729311162794666,8.737609661405179
1776515038.3536184,0.6648178328425135,-0.08413816224036418,0.7195763090875582,0.4862161386657858,1.007643461227417,2.453705922306742,2.1532235720368904,1.9405839443206787,1.007643461227417,1.3946897983551025,0.032278786937881665,0.25817655930034156,8.734593125273186
1776515038.4029636,0.6537936360813554,-0.1927870943205606,0.7195763090875582,0.4811818441507915,1.007643461227417,2.453705922306742,2.1532235720368904,1.9405839443206787,1.007643461227417,1.3946897983551025,0.034408904438638366,0.26078979424965476,8.73166903350497
1776515038.4498117,0.6581965848097991,-0.22767699795289356,0.7183078136915598,0.504938638712088,1.0087567567825317,2.456032343643005,2.1540094457176795,1.929002285003662,1.0087567567825317,1.3870062828063965,0.06388797365822205,0.26489233734408024,8.728831959093874
1776515038.503853,0.6420549494574138,-0.237267391926989,0.7076610042439735,0.6846171532560772,1.0087567567825317,2.456032343643005,2.1540094457176795,1.929002285003662,1.0087567567825317,1.3870062828063965,0.0675282415420064,0.26900671031228907,8.726056061929233
1776515038.5501614,0.6417394287927121,-0.20083060022551427,0.7056710422064453,0.589828143280274,1.0108931064605713,2.456316346266444,2.1490837760645656,1.9115439653396606,1.0108931064605713,1.3890630006790161,0.07100951845279305,0.2729805683694674,8.723420842458692
1776515038.6011612,0.6619131243811731,0.0542600405238992,0.7056710422064453,0.5632419487413527,1.0108931064605713,2.456316346266444,2.1490837760645656,1.9115439653396606,1.0108931064605713,1.3890630006790161,0.07215091179044955,0.2742792430557681,8.720821101450051
1776515038.6498678,0.6863754614659042,0.3853839171488568,0.7050197821731917,0.5762053549224369,1.0108931064605713,2.456316346266444,2.1490837760645656,1.9115439653396606,1.0108931064605713,1.3890630006790161,0.06833305672744286,0.26976015853207025,8.71812302840901
1776515038.6998572,0.6996571883154505,0.43097599827858796,0.7116746678706786,0.45500006743591753,1.013916254043579,2.453924840848607,2.145395644638424,1.9494597911834717,1.013916254043579,1.389027714729309,0.06078310621400859,0.260742819154969,8.71521163520572
1776515038.750981,0.7047115267089894,0.29640465926847215,0.7155341404176383,0.4531600418007944,1.013916254043579,2.453924840848607,2.145395644638424,1.9494597911834717,1.013916254043579,1.389027714729309,0.048761014707352224,0.24598958885403419,8.709074105085717
1776515038.802649,0.7047115267089894,0.29640465926847215,0.7188351394146177,0.4486908020673639,1.0052357912063599,2.448284711030542,2.134790538953719,1.9758986234664917,1.0052357912063599,1.3962481021881104,0.048761014707352224,0.24598958885403419,8.709074105085717
1776515038.8496075,0.6892443863862723,0.10406202734491028,0.7152693994978471,0.5594625815870633,1.0052357912063599,2.448284711030542,2.134790538953719,1.9758986234664917,1.0052357912063599,1.3962481021881104,0.06588679323302635,0.23783118071133422,8.702756063699438
1776515038.8998618,0.6676094572529576,0.09063423812639543,0.7168037975061039,0.48395493732187167,1.005611777305603,2.4464025082795517,2.131011124426117,1.9993337392807007,1.005611777305603,1.4001350402832031,0.06406832096867102,0.23572297474054396,8.699675463385018
1776515038.9497313,0.6966687503537826,0.09052427611224713,0.7178523501885427,0.4850634300872107,1.005611777305603,2.4464025082795517,2.131011124426117,1.9993337392807007,1.005611777305603,1.4001350402832031,0.06274551919092547,0.23415628386853735,8.69656743978132
1776515039.0037582,0.6966687503537826,0.09052427611224713,0.7186243696806964,0.4833504166752563,1.005611777305603,2.4464025082795517,2.131011124426117,1.9993337392807007,1.005611777305603,1.4001350402832031,0.06274551919092547,0.23415628386853735,8.69656743978132
1776515039.050655,0.7306263989698849,0.2266952702450424,0.7203889469148997,0.4619791647619452,1.0009814500808716,2.4443506091750407,2.1252339637618225,1.9951705932617188,1.0009814500808716,1.394736886024475,0.05974421894123147,0.23055539254253568,8.693282856303071
1776515039.104734,0.7156460847702658,0.35505764273824375,0.7234549243899884,0.4331033591891477,1.0009814500808716,2.4443506091750407,2.1252339637618225,1.9951705932617188,1.0009814500808716,1.394736886024475,0.048283451426217344,0.2165004454665271,8.68656849146535
1776515039.1543357,0.7222455705077159,0.29661748953632666,0.7272124455099657,0.398064415659935,1.0008996725082397,2.4423256987890194,2.1241201810480326,2.0095529556274414,1.0008996725082397,1.3983662128448486,0.04491291216105309,0.21366388112649856,8.687406464045923
1776515039.1997461,0.7222455705077159,0.29661748953632666,0.7288560594199951,0.41296231115296606,1.0008996725082397,2.4423256987890194,2.1241201810480326,2.0095529556274414,1.0008996725082397,1.3983662128448486,0.04491291216105309,0.21366388112649856,8.687406464045923
1776515039.252243,0.7264824186931417,0.2711186205180519,0.7263668222450195,0.483714400811072,1.0008996725082397,2.4423256987890194,2.1241201810480326,2.0095529556274414,1.0008996725082397,1.3983662128448486,0.061048341501644704,0.20803212748773622,8.683833881320243
1776515039.3032696,0.7274981767791123,0.2754245538951606,0.7263668222450195,0.4527610157427464,1.0008996725082397,2.4423256987890194,2.1241201810480326,2.0095529556274414,1.0008996725082397,1.3983662128448486,0.05604276047466808,0.2023825479405045,8.680190618092471
1776515039.3516405,0.7274981767791123,0.2754245538951606,0.7292101109370424,0.3970081633088385,0.9988147616386414,2.4384403079334613,2.114022520754823,1.9924557209014893,0.9988147616386414,1.4054709672927856,0.05604276047466808,0.2023825479405045,8.680190618092471
1776515039.3997226,0.7091169422782164,0.14041939928062352,0.7319981481452829,0.3857087810260744,0.9988147616386414,2.4384403079334613,2.114022520754823,1.9924557209014893,0.9988147616386414,1.4054709672927856,0.04796451735897825,0.1930524150053641,8.672853178378693
1776515039.449958,0.7050952240268583,0.07398335955812393,0.7338582654240355,0.38757979679208876,0.9970197081565857,2.437351265789512,2.111402702557416,1.9682652950286865,0.9970197081565857,1.3993066549301147,0.046270169758799634,0.19104291455307046,8.669202861063601
1776515039.4997687,0.7050952240268583,0.07398335955812393,0.7348479011459228,0.39046359799242497,0.9970197081565857,2.437351265789512,2.111402702557416,1.9682652950286865,0.9970197081565857,1.3993066549301147,0.046270169758799634,0.19104291455307046,8.669202861063601
1776515039.5496166,0.7116667776833877,0.105022504599085,0.7348479011459228,0.4042977077375842,0.9970197081565857,2.437351265789512,2.111402702557416,1.9682652950286865,0.9970197081565857,1.3993066549301147,0.04474901452094346,0.1892037290115807,8.665544570797989
1776515039.5997536,0.7402899616504532,0.2318252762611461,0.7357462042174797,0.3876667436722978,0.9970197081565857,2.437351265789512,2.111402702557416,1.9682652950286865,0.9970197081565857,1.3993066549301147,0.04178065646174861,0.1855473766981394,8.661781968428487
1776515039.6553326,0.7402899616504532,0.2318252762611461,0.7375180090961604,0.3712588221531184,0.9902096390724182,2.435535768741375,2.1068005507510277,1.9536939859390259,0.9902096390724182,1.4086098670959473,0.04178065646174861,0.1855473766981394,8.661781968428487
1776515039.70228,0.7414825568166838,0.22311811063288164,0.7375180090961604,0.3890399480219411,0.9902096390724182,2.435535768741375,2.1068005507510277,1.9536939859390259,0.9902096390724182,1.4086098670959473,0.05609056315837033,0.18095680235905062,8.657889248892973
1776515039.7496388,0.7323652561887372,0.2803364215571711,0.7376474751982856,0.3866785352709938,0.9902096390724182,2.435535768741375,2.1068005507510277,1.9536939859390259,0.9902096390724182,1.4086098670959473,0.0517836513906188,0.17608230232599484,8.653984155893035
1776515039.8014328,0.7309238403092339,0.3164650562894429,0.74083116847193,0.33173959872808256,0.9931306838989258,2.4345363071403714,2.105264250528335,1.9317034482955933,0.9931306838989258,1.4181568622589111,0.046230640921649274,0.16970967862790862,8.650052664668051
1776515039.8491638,0.7307364753822566,0.30325911551257545,0.74083116847193,0.3701076087318288,0.9931306838989258,2.4345363071403714,2.105264250528335,1.9317034482955933,0.9931306838989258,1.4181568622589111,0.04099332703306452,0.16358472717639708,8.646061934430893
1776515039.9006186,0.7336665252969088,0.284576641318598,0.7438659579782766,0.3132697227445588,0.9931306838989258,2.4345363071403714,2.105264250528335,1.9317034482955933,0.9931306838989258,1.4181568622589111,0.03608694464458834,0.15775469335807243,8.641986309115472
1776515039.9536455,0.7415784537501601,0.19715009993042035,0.7467347758093035,0.299146701340385,0.9924111366271973,2.4300998301554566,2.0960465545228333,1.9160772562026978,0.9924111366271973,1.412534236907959,0.0321261640270131,0.1529766322186293,8.637809501432113
1776515040.0009005,0.7325106244714698,0.1067471969383757,0.7490707496439766,0.29312143792192025,0.9924111366271973,2.4300998301554566,2.0960465545228333,1.9160772562026978,0.9924111366271973,1.412534236907959,0.02967840718490361,0.14995556253805128,8.633636684875285
1776515040.0496173,0.7325106244714698,0.1067471969383757,0.75053348387875,0.29646066060087967,0.9924111366271973,2.4300998301554566,2.0960465545228333,1.9160772562026978,0.9924111366271973,1.412534236907959,0.02967840718490361,0.14995556253805128,8.633636684875285
1776515040.1008255,0.7287774365936752,0.06010755975948063,0.7475813286520665,0.37046841168942723,0.9777319431304932,2.4277565894470956,2.0882317015475884,1.9022364616394043,0.9777319431304932,1.4213334321975708,0.04317816430742227,0.14834919265165417,8.629491630641477
1776515040.149692,0.7335384589917869,0.08461754787595423,0.7475813286520665,0.3315352648453348,0.9777319431304932,2.4277565894470956,2.0882317015475884,1.9022364616394043,0.9777319431304932,1.4213334321975708,0.04185041121901914,0.1468397323211781,8.62534503174871
1776515040.199714,0.7458367286220169,0.20210482599020507,0.7483385713228774,0.31740054199534357,0.9777319431304932,2.4277565894470956,2.0882317015475884,1.9022364616394043,0.9777319431304932,1.4213334321975708,0.03929497476585864,0.1438824214303385,8.621160849051218
1776515040.2507527,0.7480567619452265,0.21426714447596776,0.7498105883585089,0.30020458664296823,0.9730643630027771,2.425843128278011,2.0814176572341565,1.8831661939620972,0.9730643630027771,1.4240416288375854,0.03548153204633317,0.13941796358463734,8.616878179312357
1776515040.2996001,0.7523843304322831,0.18756083951507221,0.7520216241206257,0.2773792199814185,0.9730643630027771,2.425843128278011,2.0814176572341565,1.8831661939620972,0.9730643630027771,1.4240416288375854,0.03214462331146761,0.1354375109631282,8.612541814689155
1776515040.3519685,0.7523843304322831,0.18756083951507221,0.7539770518558343,0.2704262544503615,0.9730643630027771,2.425843128278011,2.0814176572341565,1.8831661939620972,0.9730643630027771,1.4240416288375854,0.03214462331146761,0.1354375109631282,8.612541814689155
1776515040.3995922,0.7476923574742355,0.20536702354045966,0.755863795282229,0.2617143090150331,0.9680315256118774,2.4255981117790215,2.0809843456200614,1.8611595630645752,0.9680315256118774,1.430871844291687,0.028959495992032874,0.13156575617063843,8.608176006920543
1776515040.4495997,0.7476923574742355,0.20536702354045966,0.755863795282229,0.2842068841015488,0.9680315256118774,2.4255981117790215,2.0809843456200614,1.8611595630645752,0.9680315256118774,1.430871844291687,0.028959495992032874,0.13156575617063843,8.608176006920543
1776515040.499732,0.7496255111706408,0.20522732362893498,0.7580053037009439,0.24300831360931396,0.9680315256118774,2.4255981117790215,2.0809843456200614,1.8611595630645752,0.9680315256118774,1.430871844291687,0.02537900920084235,0.12713994993015662,8.603782796142776
1776515040.5527952,0.7511817835157449,0.21886389980847867,0.7580053037009439,0.27196969313746355,0.9680315256118774,2.4255981117790215,2.0809843456200614,1.8611595630645752,0.9680315256118774,1.430871844291687,0.0341600127582978,0.12276912969684947,8.5993403783417
1776515040.5996492,0.7538246519435806,0.14704165687787424,0.7570163204697912,0.2902061220852831,0.9661804437637329,2.422442410027507,2.0730139976474287,1.8540935516357422,0.9661804437637329,1.432715892791748,0.030955707990024783,0.11912234717297746,8.594828611726722
1776515040.6516025,0.7321396600757961,0.02530683498796938,0.7600366268540588,0.2206694145243532,0.9661804437637329,2.422442410027507,2.0730139976474287,1.8540935516357422,0.9661804437637329,1.432715892791748,0.028185837802392144,0.11589611192646965,8.58598757824326
1776515040.7026625,0.7321396600757961,0.02530683498796938,0.7604462575343858,0.25282503360043074,0.9573550224304199,2.4217671458639556,2.070467298020303,1.8414242267608643,0.9573550224304199,1.4427720308303833,0.028185837802392144,0.11589611192646965,8.58598757824326
1776515040.7496176,0.7173775285271776,0.1388853550770347,0.7604462575343858,0.25802138551779613,0.9573550224304199,2.4217671458639556,2.070467298020303,1.8414242267608643,0.9573550224304199,1.4427720308303833,0.026777845889838475,0.11419690004881261,8.581668382437286
1776515040.8026538,0.7366361702468893,0.29028837928779305,0.7612768508220933,0.24212778113461428,0.9573550224304199,2.4217671458639556,2.070467298020303,1.8414242267608643,0.9573550224304199,1.4427720308303833,0.023154377390577824,0.10976085522801701,8.577311154980622
1776515040.8496518,0.7530632293666615,0.23000369757238504,0.76335527322861,0.21438797822434655,0.9624937772750854,2.4182233308665073,2.0597232710094264,1.826239824295044,0.9624937772750854,1.449337124824524,0.029326769471307412,0.10447993165935929,8.57275242468894
1776515040.899075,0.7644343295376244,0.12861127631974403,0.7651446338460163,0.20818194049461233,0.9624937772750854,2.4182233308665073,2.0597232710094264,1.826239824295044,0.9624937772750854,1.449337124824524,0.02367687794766621,0.09807960684106573,8.563393228837034
1776515040.949732,0.7608562467882,0.15989147120161296,0.7665711368416898,0.2050806535803133,0.9499349594116211,2.4165047175568857,2.055814777799438,1.7999622821807861,0.9499349594116211,1.4532157182693481,0.02123215594401351,0.09522871843221647,8.558680927250728
1776515040.9997387,0.7628023013580637,0.14750613944776736,0.767985455541088,0.19649119740841328,0.9499349594116211,2.4165047175568857,2.055814777799438,1.7999622821807861,0.9499349594116211,1.4532157182693481,0.018432403489641286,0.09191421887203044,8.55395136954201
1776515041.0495713,0.7646971616000582,0.1211164509338201,0.769619053036442,0.18443158289602496,0.9497912526130676,2.414472299742544,2.050250111427408,1.7866131067276,0.9497912526130676,1.461241364479065,0.016144447039544457,0.08915827178672778,8.549185714380584
1776515041.103636,0.7562431953674096,0.0363992680769401,0.770967283245751,0.18043682800272867,0.9497912526130676,2.414472299742544,2.050250111427408,1.7866131067276,0.9497912526130676,1.461241364479065,0.0148256645876787,0.08753648687431073,8.544438318910979
1776515041.1497507,0.7495433970148296,-0.034279743411888754,0.771753716199098,0.18328992564451516,0.9299488663673401,2.414763773237523,2.051973361341306,1.7685353755950928,0.9299488663673401,1.4689785242080688,0.023651062068089007,0.08763020818274175,8.539763378340552
1776515041.1994998,0.7531819212329535,-0.010497152944229721,0.7695034740676739,0.23341814499029442,0.9299488663673401,2.414763773237523,2.051973361341306,1.7685353755950928,0.9299488663673401,1.4689785242080688,0.02393803983567558,0.08795576011517323,8.535118629405654
1776515041.2499435,0.7629198554091687,0.11552727443820822,0.7693400011291613,0.20944530304091985,0.9299488663673401,2.414763773237523,2.051973361341306,1.7685353755950928,0.9299488663673401,1.4689785242080688,0.02300591415576525,0.08686777687228464,8.530485864715052
1776515041.299625,0.7629198554091687,0.11552727443820822,0.7698795321085075,0.1974717360656558,0.940923810005188,2.4133686691274474,2.045099581198845,1.7478145360946655,0.940923810005188,1.461976170539856,0.02300591415576525,0.08686777687228464,8.530485864715052
1776515041.351662,0.7693145180943218,0.1299506322989575,0.7714387731005481,0.1751196025095053,0.940923810005188,2.4133686691274474,2.045099581198845,1.7478145360946655,0.940923810005188,1.461976170539856,0.01804587210405592,0.0810060965870478,8.520996409742933
1776515041.4000485,0.7723933991015384,0.10585242070260252,0.7727707331854046,0.1695388712179028,0.940923810005188,2.4133686691274474,2.045099581198845,1.7478145360946655,0.940923810005188,1.461976170539856,0.01607409341058294,0.07860561247727088,8.516212334074822
1776515041.4577465,0.7723933991015384,0.10585242070260252,0.7739397569668973,0.16587353536282679,0.9340433478355408,2.4102280945495584,2.036669727170542,1.7379207611083984,0.9340433478355408,1.4791368246078491,0.01607409341058294,0.07860561247727088,8.516212334074822
1776515041.5022326,0.7725847510706348,0.1082332921774593,0.7730955935740476,0.1961132666886843,0.9340433478355408,2.4102280945495584,2.036669727170542,1.7379207611083984,0.9340433478355408,1.4791368246078491,0.021902489390134505,0.07637492535585197,8.51140504052309
1776515041.5495598,0.7706670973769674,0.12964695560565107,0.7743742084954839,0.16141111107932798,0.9340433478355408,2.4102280945495584,2.036669727170542,1.7379207611083984,0.9340433478355408,1.4791368246078491,0.019645541771763808,0.07383969635011306,8.506606601405215
1776515041.5990882,0.7630236079586324,0.039780822596918515,0.775694922693182,0.15389641293878326,0.925466001033783,2.406825459687165,2.0283105364159697,1.7155975103378296,0.925466001033783,1.4830307960510254,0.015929056742145342,0.06956583288699153,8.49700864688984
1776515041.6540806,0.7608911287584333,0.0037609130556195123,0.7765074444926219,0.1557599139131777,0.925466001033783,2.406825459687165,2.0283105364159697,1.7155975103378296,0.925466001033783,1.4830307960510254,0.015679091179151478,0.0692700998232986,8.492258446533526
1776515041.699619,0.7608911287584333,0.0037609130556195123,0.7766532410723302,0.16367636396371113,0.9265052080154419,2.4078095646283892,2.0302570343092987,1.698845386505127,0.9265052080154419,1.4943394660949707,0.015679091179151478,0.0692700998232986,8.492258446533526
1776515041.7556703,0.7620547363299841,0.0015271858981269909,0.7767040859660463,0.164409283153715,0.9265052080154419,2.4078095646283892,2.0302570343092987,1.698845386505127,0.9265052080154419,1.4943394660949707,0.015594384340385625,0.06916474707205877,8.4875337226455
1776515041.8047743,0.771968157999548,0.07539473159068534,0.7771266521642309,0.1572223576466072,0.9265052080154419,2.4078095646283892,2.0302570343092987,1.698845386505127,0.9265052080154419,1.4943394660949707,0.01488833049454405,0.06829103053980021,8.482799390695238
1776515041.860663,0.7742609704366943,0.1311213577391108,0.7771266521642309,0.16270484477582375,0.9317821264266968,2.40513760226397,2.023314613398882,1.6843476295471191,0.9317821264266968,1.4926122426986694,0.019538513221665776,0.0658743449956096,8.478010122709648
1776515041.9041884,0.7742609704366943,0.1311213577391108,0.7766314780693695,0.1719804361281191,0.9317821264266968,2.40513760226397,2.023314613398882,1.6843476295471191,0.9317821264266968,1.4926122426986694,0.019538513221665776,0.0658743449956096,8.478010122709648
1776515041.9553938,0.7770196049073677,0.1067021866297803,0.7778032566353763,0.14392581359836382,0.9317821264266968,2.40513760226397,2.023314613398882,1.6843476295471191,0.9317821264266968,1.4926122426986694,0.017479399154760433,0.06354262420580026,8.47319764133943
1776515042.0146391,0.7766159072249926,0.11376415741285666,0.7778032566353763,0.15883853351213545,0.9233675003051758,2.4011655841350112,2.0127033569946766,1.665555477142334,0.9233675003051758,1.5035269260406494,0.01540687140395633,0.0611521093473858,8.46837872494768
1776515042.0633307,0.776103847780526,0.10814217985368355,0.7789948777889351,0.13027283762958095,0.9233675003051758,2.4011655841350112,2.0127033569946766,1.665555477142334,0.9233675003051758,1.5035269260406494,0.013531890122804174,0.05894944718663331,8.463552696928383
1776515042.0997245,0.7755686999082052,0.1012931845866057,0.780084118476796,0.13079533960919856,0.9233675003051758,2.4011655841350112,2.0127033569946766,1.665555477142334,0.9233675003051758,1.5035269260406494,0.01169113400522423,0.056752144658429704,8.458720165305401
1776515042.1497388,0.7743659673284916,0.0675343360564313,0.7811632337263232,0.12624557276446718,0.9343626499176025,2.4007512157874236,2.011642767628899,1.6500378847122192,0.9343626499176025,1.517016053199768,0.01014787954447964,0.05487970213706447,8.453884059830356
1776515042.1997626,0.7747542825988942,0.05251035312572211,0.7820764177564131,0.12218781008829899,0.9343626499176025,2.4007512157874236,2.011642767628899,1.6500378847122192,0.9343626499176025,1.517016053199768,0.014529659023124586,0.05365946810784303,8.449058941631154
1776515042.2495813,0.775855867474501,0.042701793555656654,0.7813138748559766,0.14784107779534428,0.9308636784553528,2.3986972282596697,2.0038974756251653,1.6378252506256104,0.9308636784553528,1.5170624256134033,0.013672667642148223,0.05269537111683403,8.44423864415939
1776515042.300769,0.7754134793511968,0.07218291651674075,0.7817997838414652,0.12913564464238628,0.9308636784553528,2.3986972282596697,2.0038974756251653,1.6378252506256104,0.9308636784553528,1.5170624256134033,0.012492811375008739,0.051343198173371934,8.439434574054575
1776515042.352155,0.779291621349263,0.10591081884482688,0.7824757160449537,0.12388030507674205,0.9308636784553528,2.3986972282596697,2.0038974756251653,1.6378252506256104,0.9308636784553528,1.5170624256134033,0.01088491775335347,0.049469078311418974,8.43460712767446
1776515042.4169424,0.7792888508646606,0.10214955976575167,0.7844670852056536,0.09382691429205445,0.9408130645751953,2.3973009331594675,2.001043206325439,1.610102891921997,0.9408130645751953,1.5310665369033813,0.00906621793642795,0.047315099551309386,8.429768356379927
1776515042.4538643,0.780099287101841,0.09379204684517065,0.7844670852056536,0.12075951311055128,0.9408130645751953,2.3973009331594675,2.001043206325439,1.610102891921997,0.9408130645751953,1.5310665369033813,0.007415493911929541,0.04531937060042915,8.424920846205026
1776515042.4993227,0.780099287101841,0.09379204684517065,0.7854418717660736,0.10148514218569853,0.9408130645751953,2.3973009331594675,2.001043206325439,1.610102891921997,0.9408130645751953,1.5310665369033813,0.007415493911929541,0.04531937060042915,8.424920846205026
1776515042.5509195,0.7826588061688418,0.09415011915666291,0.7864255590040691,0.09718614415263656,0.9321773052215576,2.39169242451524,1.9894181850441375,1.6049442291259766,0.9321773052215576,1.5179630517959595,0.005766007678325413,0.04329073950354653,8.420057541412952
1776515042.60172,0.786263187452504,0.05069330475223279,0.7864255590040691,0.10956823426246305,0.9321773052215576,2.39169242451524,1.9894181850441375,1.6049442291259766,0.9321773052215576,1.5179630517959595,0.00874181447993895,0.04178014024603868,8.415182847301022
1776515042.6496286,0.7823260533196436,0.07405713463753241,0.7860986234821645,0.11546457598363764,0.9321773052215576,2.39169242451524,1.9894181850441375,1.6049442291259766,0.9321773052215576,1.5179630517959595,0.007428024929024127,0.04028873697724772,8.410304784455379
1776515042.700061,0.776074575933299,0.03625555284821176,0.7868472913642566,0.09716882038940486,0.9501380324363708,2.3899399695519934,1.9836398339854757,1.5853451490402222,0.9501380324363708,1.4983036518096924,0.006308819375227592,0.03900635431451388,8.405458741934947
1776515042.7508466,0.7712071414358401,-0.04587978477779442,0.7874883983093788,0.09521729044955644,0.9501380324363708,2.3899399695519934,1.9836398339854757,1.5853451490402222,0.9501380324363708,1.4983036518096924,0.006279359166190851,0.03898417112215102,8.400665126935174
1776515042.8011336,0.7613843513940324,-0.12258292178228841,0.7875020335759176,0.10324069052912016,0.9501380324363708,2.3899399695519934,1.9836398339854757,1.5853451490402222,0.9501380324363708,1.4983036518096924,0.007576021034628219,0.04053961654744273,8.395962533500448
1776515042.851617,0.7613843513940324,-0.12258292178228841,0.7867397500659897,0.11751532787728208,0.9493964314460754,2.390576030290535,1.9850956462201876,1.5512620210647583,0.9493964314460754,1.4780216217041016,0.007576021034628219,0.04053961654744273,8.395962533500448
1776515042.9027858,0.7497497088659846,-0.1958798179484351,0.7852791463809178,0.1348912050054213,0.9493964314460754,2.390576030290535,1.9850956462201876,1.5512620210647583,0.9493964314460754,1.4780216217041016,0.01003376847413763,0.04354408558428427,8.391384405967985
1776515042.9502237,0.7370183938384074,-0.2700028648180362,0.7852791463809178,0.11611916353761302,0.9493964314460754,2.390576030290535,1.9850956462201876,1.5512620210647583,0.9493964314460754,1.4780216217041016,0.018391864656309112,0.047979005895940036,8.386959396832514
1776515043.0006735,0.7234543909679404,-0.3433952470199925,0.7789500160285094,0.17604809079605527,0.9661425948143005,2.38871923665224,1.976422142273171,1.5317606925964355,0.9661425948143005,1.4543901681900024,0.023614588856203753,0.05385744211996804,8.382710898613688
1776515043.0496342,0.7234543909679404,-0.3433952470199925,0.7759992203503524,0.19228943517933633,0.9661425948143005,2.38871923665224,1.976422142273171,1.5317606925964355,0.9661425948143005,1.4543901681900024,0.023614588856203753,0.05385744211996804,8.382710898613688
1776515043.099654,0.6949617823921376,-0.29293696045216217,0.7729434433801299,0.2091636802695569,0.9661425948143005,2.38871923665224,1.976422142273171,1.5317606925964355,0.9661425948143005,1.4543901681900024,0.028978546469814584,0.05998513636093958,8.378700154363832
1776515043.1503818,0.702649251091781,-0.38830592365830763,0.7700360591380585,0.22405728977069006,0.9818063378334045,2.389022821855148,1.9776067963482866,1.4989304542541504,0.9818063378334045,1.4422156810760498,0.039704365393914115,0.07263765266432862,8.370956230135674
1776515043.199541,0.6948615514442816,-0.38423594079524664,0.766721643837993,0.24815203815472706,0.9818063378334045,2.389022821855148,1.9776067963482866,1.4989304542541504,0.9818063378334045,1.4422156810760498,0.04592404299445538,0.08012088740664708,8.367307599058453
1776515043.251603,0.6798763398942956,-0.4297056198012474,0.7630729432631497,0.2702520059413526,0.9955592751502991,2.388576501889101,1.9712829874117195,1.475223183631897,0.9955592751502991,1.416296362876892,0.05229705333492586,0.0879230925316688,8.363858079600746
1776515043.2995992,0.6798763398942956,-0.4297056198012474,0.7592967789460006,0.3005016274815875,0.9955592751502991,2.388576501889101,1.9712829874117195,1.475223183631897,0.9955592751502991,1.416296362876892,0.05229705333492586,0.0879230925316688,8.363858079600746
1776515043.3498173,0.6744739467669231,-0.4345954167160431,0.6231210418499101,0.3692612954779063,0.9955592751502991,2.388576501889101,1.9712829874117195,1.475223183631897,0.9955592751502991,1.416296362876892,0.06869575897626033,0.09636309787697322,8.36058644298305
1776515043.405778,0.6704512736578151,-0.4204771916276466,0.619680347501667,0.36259811838647604,1.0123791694641113,2.387248024137675,1.9608549827964252,1.4446258544921875,1.0123791694641113,1.399559497833252,0.07605373257784837,0.10464376344648454,8.357465510943038
1776515043.4497678,0.6693603985167795,-0.409582453585869,0.619680347501667,0.30894739642647695,1.0123791694641113,2.387248024137675,1.9608549827964252,1.4446258544921875,1.0123791694641113,1.399559497833252,0.08309114380577104,0.11269177233272773,8.354476968889555
1776515043.4997354,0.6731033066617454,-0.33553354444656563,0.6163599766454497,0.3858651870942147,1.0123791694641113,2.387248024137675,1.9608549827964252,1.4446258544921875,1.0123791694641113,1.399559497833252,0.0892899035090574,0.11988936507994716,8.35162361921287
1776515043.5516117,0.6911916402532894,-0.1010821336399727,0.613410206999265,0.39652132126815,1.0255166292190552,2.388191648592671,1.9591373350436025,1.4280039072036743,1.0255166292190552,1.3861424922943115,0.09307568939337428,0.12433864351782997,8.348838088682575
1776515043.599755,0.7038851305358369,0.07112063291615996,0.6117292453933758,0.3903608223991274,1.0255166292190552,2.388191648592671,1.9591373350436025,1.4280039072036743,1.0255166292190552,1.3861424922943115,0.0927975121192557,0.12401334566578864,8.345966529567125
1776515043.6496112,0.6812061830207903,0.08205489993632392,0.6117292453933758,0.36404977051699006,1.0354264974594116,2.3871244414882677,1.9586533015743215,1.3998650312423706,1.0354264974594116,1.352565050125122,0.09180001202793855,0.12279747287259113,8.343179419042313
1776515043.7025013,0.6609986799357305,0.09492773170982576,0.612217228180411,0.3530363292281915,1.0354264974594116,2.3871244414882677,1.9586533015743215,1.3998650312423706,1.0354264974594116,1.352565050125122,0.09063714586132833,0.1213558523135958,8.34048010423186
1776515043.7527375,0.6437290407170122,0.06043140725655117,0.6127916915049736,0.3484456517080526,1.0354264974594116,2.3871244414882677,1.9586533015743215,1.3998650312423706,1.0354264974594116,1.352565050125122,0.1013556072335266,0.2857832110923702,8.337848599221307
1776515043.8001602,0.6437290407170122,0.06043140725655117,0.4209177601848441,1.2987947415894268,1.0354264974594116,2.3871244414882677,1.9586533015743215,1.3998650312423706,1.0354264974594116,1.352565050125122,0.1013556072335266,0.2857832110923702,8.337848599221307
1776515043.8496788,0.637894161376582,0.054211580340197026,0.4209177601848441,0.6352052121640708,1.0568112134933472,2.38456387050057,1.9551814849978486,1.3693482875823975,1.0568112134933472,1.3417558670043945,0.1005025261960373,0.2848119630831849,8.335262517557936
1776515043.8997173,0.5898524763305673,0.13562178700620411,0.42121289873283,0.6264162396674281,1.0568112134933472,2.38456387050057,1.9551814849978486,1.3693482875823975,1.0568112134933472,1.3417558670043945,0.09853940194416512,0.28253990234459303,8.332803585132396
1776515043.950418,0.5550362280377688,0.007130860522833112,0.42274294115997163,0.5835216829670885,1.077777624130249,2.379892636183563,1.9463303198482655,1.3556814193725586,1.077777624130249,1.3308959007263184,0.0961158874737963,0.2797445929620982,8.330481222685608
1776515044.0006144,0.5176828491662623,-0.06123892593809558,0.4225980607523832,0.6222927493431643,1.077777624130249,2.379892636183563,1.9463303198482655,1.3556814193725586,1.077777624130249,1.3308959007263184,0.09652365577058,0.2802312685768943,8.328331406519382
1776515044.050565,0.49228902059000224,-0.14338249244416523,0.42202401124552696,0.637508091369868,1.077777624130249,2.379892636183563,1.9463303198482655,1.3556814193725586,1.077777624130249,1.3308959007263184,0.0981360300223293,0.2821625571282027,8.326318804928643
1776515044.0996246,0.4606974199847715,-0.3155570644131637,0.4209357843046259,0.6582358316024142,1.0884238481521606,2.3821280097432096,1.9531258388238286,1.3582466840744019,1.0884238481521606,1.3254327774047852,0.10563013951077845,0.29132558589197177,8.322648969509931
1776515044.1496599,0.4524066479813011,-0.4010344778610656,0.41932422573853045,0.682139507461869,1.0884238481521606,2.3821280097432096,1.9531258388238286,1.3582466840744019,1.0884238481521606,1.3254327774047852,0.11143386540980231,0.29854551558913195,8.320970520310064
1776515044.2056231,0.4524066479813011,-0.4010344778610656,0.4172124096079703,0.7178685030568337,1.0995538234710693,2.3801883711625202,1.9455654318552107,1.3326243162155151,1.0995538234710693,1.3029652833938599,0.11143386540980231,0.29854551558913195,8.320970520310064
1776515044.2501636,0.44836564674589485,-0.46791536601095285,0.08,1.5,1.0995538234710693,2.3801883711625202,1.9455654318552107,1.3326243162155151,1.0995538234710693,1.3029652833938599,0.14288005212187085,2.1004841155051013,8.319430292014504
1776515044.3009338,0.4364131899811945,-0.39027653616351815,0.12,1.5,1.0995538234710693,2.3801883711625202,1.9455654318552107,1.3326243162155151,1.0995538234710693,1.3029652833938599,0.15005108356555263,2.1084765209469847,8.31824206844433
1776515044.3500123,0.4519651188819621,-0.45171910203982024,0.12,1.5,1.1141682863235474,2.3839607914766705,1.9477653392362866,1.322973370552063,1.1141682863235474,1.2917039394378662,0.15753919207336248,2.1170413970586788,8.317026879325537
1776515044.3994703,0.4544416818836226,-0.45986450543589663,0.12,1.5,1.1141682863235474,2.3839607914766705,1.9477653392362866,1.322973370552063,1.1141682863235474,1.2917039394378662,0.1661718326705845,2.127086946177617,8.315893613130886
1776515044.4495838,0.4475500635000609,-0.4027002683198238,0.12,1.5,1.1255587339401245,2.382214390933789,1.936735713534668,1.2919031381607056,1.1255587339401245,1.2692091464996338,0.17341559568853804,2.135445184393795,8.31497756122534
1776515044.5118632,0.43547982272242003,-0.40546443613434263,0.12,1.5,1.1255587339401245,2.382214390933789,1.936735713534668,1.2919031381607056,1.1255587339401245,1.2692091464996338,0.1808842260323405,2.144134337851093,8.314216163578921
1776515044.55245,0.4062727013314402,-0.35421687189049866,0.12,1.5,1.1255587339401245,2.382214390933789,1.936735713534668,1.2919031381607056,1.1255587339401245,1.2692091464996338,0.18748598625486498,2.151717103003271,8.313687591568657
1776515044.5994337,0.37588679741557335,-0.2954807678163816,0.12,-1.5,1.1448136568069458,2.3868278979593467,1.9434822039396065,1.2754818201065063,1.1448136568069458,1.262695550918579,0.19330496259668836,2.158136411945899,8.31350497489765
1776515044.6494339,0.33489785398764027,-0.18240926289976941,0.12,1.5,1.1448136568069458,2.3868278979593467,1.9434822039396065,1.2754818201065063,1.1448136568069458,1.262695550918579,0.19824882445124026,2.1630263503644422,8.313834898437642
1776515044.7004251,0.2956365245886084,-0.10261479478291352,0.12,1.5,1.1448136568069458,2.3868278979593467,1.9434822039396065,1.2754818201065063,1.1448136568069458,1.262695550918579,0.20196334116283965,2.1657298603761155,8.314800085588244
1776515044.7495673,0.24124370978401613,0.06320330319668901,0.12,1.5,1.1601686477661133,2.3846532689764146,1.9421794063346693,1.258244276046753,1.1601686477661133,1.2325326204299927,0.20386286272504028,2.1653924927416472,8.316438457924153
1776515044.800046,0.19330344379953668,0.0804366224109336,0.12,1.5,1.1601686477661133,2.3846532689764146,1.9421794063346693,1.258244276046753,1.1601686477661133,1.2325326204299927,0.44708749205865334,0.8985760121781758,8.318642060690957
1776515044.853674,0.14541715454118576,0.4118239362357226,0.12,1.5,1.1705087423324585,2.379808215825895,1.9410110242844858,1.2449498176574707,1.1705087423324585,1.2278295755386353,0.44596128100390015,0.8932209538730043,8.321240731258113
1776515044.8995116,0.09495437054461126,0.6246560893406587,0.12,1.5,1.1705087423324585,2.379808215825895,1.9410110242844858,1.2449498176574707,1.1705087423324585,1.2278295755386353,0.4412140881139106,0.8826344152143282,8.324286941461068
1776515044.9496493,0.034330313218038984,0.7848943475209605,0.12,1.5,1.1705087423324585,2.379808215825895,1.9410110242844858,1.2449498176574707,1.1705087423324585,1.2278295755386353,0.4343043346698272,0.8686440043266053,8.327925771498224
1776515045.0026271,0.037929305223866235,0.7654997588845069,0.12,1.5,1.1723493337631226,2.3736533252978966,1.9492919189656952,1.257529616355896,1.1723493337631226,1.2325595617294312,0.42605795388466833,0.8529599515415344,8.331658703215213
1776515045.0503938,0.030824130909793863,0.7330623788180151,0.12,1.5,1.1723493337631226,2.3736533252978966,1.9492919189656952,1.257529616355896,1.1723493337631226,1.2325595617294312,0.41786213421376983,0.8378367147013109,8.335085828874075
1776515045.1059487,0.019845540672684653,0.6756333485127595,0.12,1.5,1.1723493337631226,2.3736533252978966,1.9492919189656952,1.257529616355896,1.1723493337631226,1.2325595617294312,0.41786213421376983,0.8378367147013109,8.335085828874075
1776515045.1496391,0.019845540672684653,0.6756333485127595,0.3384312290069252,1.5,1.1784554719924927,2.3665641009201064,1.9491883086223276,1.2441648244857788,1.1784554719924927,1.212139368057251,0.410022078439373,0.8238263353062468,8.338102648431475
1776515045.208412,0.013100092525200339,0.6381248659440701,0.3425022337119681,1.5,1.1784554719924927,2.3665641009201064,1.9491883086223276,1.2441648244857788,1.1784554719924927,1.212139368057251,0.4023852251631523,0.8106796028524181,8.340731092855975
1776515045.2495306,0.005962528030219668,0.5852595372272333,0.34633526616696003,1.5,1.1784554719924927,2.3665641009201064,1.9491883086223276,1.2441648244857788,1.1784554719924927,1.212139368057251,0.3950326906995776,0.7984472549578439,8.343006244205272
1776515045.3078597,0.002766053410000631,0.624380678937326,0.34988174610623357,1.5,1.1822376251220703,2.3627422623453485,1.9504954436457416,1.2488739490509033,1.1822376251220703,1.213818073272705,0.38806125036746475,0.7872810960601418,8.34489458107319
1776515045.375695,-0.003887488916026443,0.5775224719742231,0.34988174610623357,1.5,1.1822376251220703,2.3627422623453485,1.9504954436457416,1.2488739490509033,1.1822376251220703,1.213818073272705,0.38019411585246676,0.7750471594180658,8.346818114016854
1776515045.4006033,-0.003887488916026443,0.5775224719742231,0.35380928018551094,1.5,1.1822376251220703,2.3627422623453485,1.9504954436457416,1.2488739490509033,1.1822376251220703,1.213818073272705,0.38019411585246676,0.7750471594180658,8.346818114016854
1776515045.4493594,-0.002405562096645896,0.3097719774110843,0.35696430698982123,1.5,1.1822435855865479,2.3599518881585175,1.9518576520359316,1.2771575450897217,1.1822435855865479,1.208703875541687,0.36928838301429623,0.7577777273418452,8.349777116850035
1776515045.499602,0.0010519157873309854,0.14463371580955148,0.3593168750159457,1.5,1.1822435855865479,2.3599518881585175,1.9518576520359316,1.2771575450897217,1.1822435855865479,1.208703875541687,0.36928838301429623,0.7577777273418452,8.349777116850035
1776515045.5499628,0.0010519157873309854,0.14463371580955148,0.3607746236303422,1.5,1.1822435855865479,2.3599518881585175,1.9518576520359316,1.2771575450897217,1.1822435855865479,1.208703875541687,0.3663995097281575,0.7532089713827017,8.350585331038431
1776515045.5995705,0.000228311063838,0.029364930877845006,0.3607746236303422,1.5,1.1821043491363525,2.356754100069087,1.9470029940501994,1.2704591751098633,1.1821043491363525,1.2194509506225586,0.36550597428257187,0.7517448862706824,8.350872913385778
1776515045.6684337,0.0444474771545053,0.14374965792040087,0.3612358709640844,1.5,1.1821043491363525,2.356754100069087,1.9470029940501994,1.2704591751098633,1.1821043491363525,1.2194509506225586,0.3640163902143254,0.7498543248754947,8.350778933039479
1776515045.6994421,0.0444474771545053,0.14374965792040087,0.36189292606655316,1.5,1.1821043491363525,2.356754100069087,1.9470029940501994,1.2704591751098633,1.1821043491363525,1.2194509506225586,0.3640163902143254,0.7498543248754947,8.350778933039479
1776515045.753454,0.02866564854179882,0.07740373864832466,0.36189292606655316,1.5,1.1821043491363525,2.356754100069087,1.9470029940501994,1.2704591751098633,1.1821043491363525,1.2194509506225586,0.36251468808933174,0.7479075618105541,8.350683774298052
1776515045.8053534,0.02866564854179882,0.07740373864832466,0.3625636274237951,1.5,1.17827570438385,2.3558376899590434,1.946372986944683,1.286256194114685,1.17827570438385,1.2207655906677246,0.36251468808933174,0.7479075618105541,8.350683774298052
1776515045.8506129,-0.004857212444646864,-0.025853551862606194,0.3625636274237951,1.5,1.17827570438385,2.3558376899590434,1.946372986944683,1.286256194114685,1.17827570438385,1.2207655906677246,0.3625529062215741,0.747839662746494,8.35073725310304
1776515045.8999536,0.0013315003814012934,-0.008034398894886427,0.36257044013664363,1.5,1.17827570438385,2.3558376899590434,1.946372986944683,1.286256194114685,1.17827570438385,1.2207655906677246,0.36253638850628517,0.7478223239950321,8.350729855786678
1776515045.9564793,-0.0019457130363181529,-0.020118236582525133,0.36257698889378714,1.5,1.1866976022720337,2.359253565102788,1.9551237659927725,1.2823548316955566,1.1866976022720337,1.2156577110290527,0.36272680109424504,0.7480835342806522,8.350704440106892
1776515045.999865,-0.0011377707399551006,-0.04330328872718489,0.3624890243308422,1.5,1.1866976022720337,2.359253565102788,1.9551237659927725,1.2823548316955566,1.1866976022720337,1.2156577110290527,0.36320044826404946,0.7486767816357984,8.350710384032295
1776515046.051636,-0.00620149352729695,-0.07093507831079099,0.362281705085404,1.5,1.1866976022720337,2.359253565102788,1.9551237659927725,1.2823548316955566,1.1866976022720337,1.2156577110290527,0.36419176848989376,0.7499022963427868,8.35071872254743
1776515046.0995023,-0.00620149352729695,-0.07093507831079099,0.36185107464578115,1.5,1.1762264966964722,2.357887607057485,1.9501238029628414,1.282880425453186,1.1762264966964722,1.2106775045394897,0.36419176848989376,0.7499022963427868,8.35071872254743
1776515046.149777,-0.010438870366425015,-0.10756165742095075,0.36122088939527763,1.5,1.1762264966964722,2.357887607057485,1.9501238029628414,1.282880425453186,1.1762264966964722,1.2106775045394897,0.36564326368286165,0.7516950003790147,8.350755670555877
1776515046.1999197,-0.014557402836459937,-0.14616989870373504,0.36033152238317046,1.5,1.1762264966964722,2.357887607057485,1.9501238029628414,1.282880425453186,1.1762264966964722,1.2106775045394897,0.3676932484407571,0.7542236368985563,8.350814813846116
1776515046.249547,-0.018737590842734693,-0.1845872698720105,0.3591747135836572,1.5,1.1773741245269775,2.359891931951101,1.9537441749131514,1.2658401727676392,1.1773741245269775,1.210395336151123,0.37035917894523956,0.7575131155056335,8.350894162963371
1776515046.3025749,-0.022706462497137873,-0.2249881482899803,0.35774376144154574,1.5,1.1773741245269775,2.359891931951101,1.9537441749131514,1.2658401727676392,1.1773741245269775,1.210395336151123,0.37365482046997744,0.7615840035611485,8.350991897667825
1776515046.349453,-0.02642624082589141,-0.26764287653757296,0.3560337502753809,1.5,1.1848876476287842,2.358246100930347,1.9467766515610772,1.2713627815246582,1.1848876476287842,1.2125957012176514,0.37758961966239807,0.766451972833191,8.351106375896627
1776515046.399602,-0.028721056478483258,-0.3138160292716849,0.3540389594180627,1.5,1.1848876476287842,2.358246100930347,1.9467766515610772,1.2713627815246582,1.1848876476287842,1.2125957012176514,0.3821741830500007,0.7721356098599857,8.35123523714755
1776515046.4495647,-0.007538127860045267,-0.41003197174008754,0.3540389594180627,1.5,1.1848876476287842,2.358246100930347,1.9467766515610772,1.2713627815246582,1.1848876476287842,1.2125957012176514,0.3881669603603503,0.779649892364592,8.351249031251392
1776515046.5001044,0.019942033320407337,-0.4814769221593677,0.34810486161923726,1.5,1.1871638298034668,2.361294293491847,1.9518466760892514,1.2552423477172852,1.1871638298034668,1.208287239074707,0.39564599851112603,0.7891929729010541,8.351010961657447
1776515046.5506718,0.04778053577935604,-0.5881998572443842,0.3442548188675997,1.5,1.1871638298034668,2.361294293491847,1.9518466760892514,1.2552423477172852,1.1871638298034668,1.208287239074707,0.4043396917387833,0.8003019291118536,8.350692212182564
1776515046.5994513,0.059678483278275095,-0.6385518782234277,0.3442548188675997,1.5,1.1871638298034668,2.361294293491847,1.9518466760892514,1.2552423477172852,1.1871638298034668,1.208287239074707,0.4141862728645624,0.8130122478567803,8.350258050282301
1776515046.650119,0.06395358838332302,-0.6136841619210732,0.3398681488077921,1.5,1.1943751573562622,2.3631969002195246,1.949442461605013,1.2405200004577637,1.1943751573562622,1.2081551551818848,0.42364148541188473,0.8253979137393606,8.349777225887411
1776515046.7005627,0.0845476130568794,-0.6219885440560758,0.12,1.5,1.1943751573562622,2.3631969002195246,1.949442461605013,1.2405200004577637,1.1943751573562622,1.2081551551818848,0.43323800831508114,0.8376578878590495,8.349550014193165
1776515046.74967,0.08741219118582329,-0.5945253432108837,0.12,1.5,1.1979471445083618,2.365590070707725,1.9459165464044728,1.2276241779327393,1.2052942514419556,1.1979471445083618,0.4426896960206472,0.8498812087272329,8.349278650594576
1776515046.8005712,0.10093908361856593,-0.5764650622170941,0.12,1.5,1.1979471445083618,2.365590070707725,1.9459165464044728,1.2276241779327393,1.2052942514419556,1.1979471445083618,0.4514318992838813,0.8613586811342455,8.348958306831124
1776515046.8498569,0.10557398956852763,-0.46601585787951233,0.12,1.5,1.1979471445083618,2.365590070707725,1.9459165464044728,1.2276241779327393,1.2052942514419556,1.1979471445083618,0.45858312497951553,0.8709735113703507,8.348606282470993
1776515046.9004526,0.09317865629757487,-0.3626640878564711,0.12,1.5,1.2039328813552856,2.3685036026472077,1.9453679186373045,1.219531536102295,1.2039328813552856,1.2051886320114136,0.4646829307849806,0.8790945630153311,8.348392574653527
1776515046.9564455,0.08568937112323359,-0.3139899717618364,0.12,1.5,1.2039328813552856,2.3685036026472077,1.9453679186373045,1.219531536102295,1.2039328813552856,1.2051886320114136,0.46959896179676414,0.8856493229238876,8.348228493836638
1776515046.9994478,0.07940543124528228,-0.14379847075584298,0.12,1.5,1.1861432790756226,2.371537703038585,1.9497560695160872,1.21744704246521,1.2012462615966797,1.1861432790756226,0.4727472694792886,0.8899419230297682,8.348043366174482
1776515047.0511038,0.08067857928842367,-0.03837271808343861,0.12,1.5,1.1861432790756226,2.371537703038585,1.9497560695160872,1.21744704246521,1.2012462615966797,1.1861432790756226,0.4741135060380986,0.8918123256850932,8.34788092867355
1776515047.1014977,0.08965472083731028,0.1797827628821983,0.12,1.5,1.1861432790756226,2.371537703038585,1.9497560695160872,1.21744704246521,1.2012462615966797,1.1861432790756226,0.4729587435722019,0.890232409333307,8.347728547560042
1776515047.1525416,0.08897399495509782,0.11596072202847252,0.12,1.5,1.188378095626831,2.372157963418387,1.9530656775140172,1.218206524848938,1.2080202102661133,1.188378095626831,0.47048822163566506,0.8869984505386234,8.347454926509782
1776515047.2033858,0.08231420576494773,0.0013258609974185678,0.12,1.5,1.188378095626831,2.372157963418387,1.9530656775140172,1.218206524848938,1.2080202102661133,1.188378095626831,0.46906508125998336,0.8856754552518912,8.346830253244852
1776515047.2494285,0.09507931735273893,0.12274935750844189,0.12,1.5,1.1961688995361328,2.369608461250319,1.9470281720513283,1.211150050163269,1.2153221368789673,1.1961688995361328,0.46830540402667503,0.8855913385987277,8.345956028437698
1776515047.3005934,0.12825783754858133,0.17257651287977674,0.12,1.5,1.1961688995361328,2.369608461250319,1.9470281720513283,1.211150050163269,1.2153221368789673,1.1961688995361328,0.46612727294379164,0.8825864116737455,8.345740259145893
1776515047.3496954,0.12825783754858133,0.17257651287977674,0.12,1.5,1.1961688995361328,2.369608461250319,1.9470281720513283,1.211150050163269,1.2153221368789673,1.1961688995361328,0.46612727294379164,0.8825864116737455,8.345740259145893
1776515047.399633,0.18144647468887046,0.2398488416979255,0.12,1.5,1.1854327917099,2.3679624999925895,1.947613119346976,1.2083381414413452,1.2151610851287842,1.1854327917099,0.4630976210809927,0.8784532933035976,8.345395439305852
1776515047.4523118,0.22986220117286696,0.26634008335929454,0.12,1.5,1.1854327917099,2.3679624999925895,1.947613119346976,1.2083381414413452,1.2151610851287842,1.1854327917099,0.46212419792380466,0.8705455135669975,8.351200600331742
1776515047.5004675,0.22986220117286696,0.26634008335929454,0.12,1.5,1.1854327917099,2.3679624999925895,1.947613119346976,1.2083381414413452,1.2151610851287842,1.1854327917099,0.46212419792380466,0.8705455135669975,8.351200600331742
1776515047.55148,0.2266703916863644,0.2908924912794068,0.12,1.5,1.1859275102615356,2.364192896039259,1.9465723543013147,1.211961269378662,1.2200647592544556,1.1859275102615356,0.45892802416098766,0.8654141025375937,8.351533485668003
1776515047.6005569,0.22299916993261204,0.3142616511545171,0.12,1.5,1.1859275102615356,2.364192896039259,1.9465723543013147,1.211961269378662,1.2200647592544556,1.1859275102615356,0.4543810347784858,0.8593029487966681,8.350951104046176
1776515047.6504753,0.22443197237665327,0.3061225706580174,0.12,1.5,1.1859275102615356,2.364192896039259,1.9465723543013147,1.211961269378662,1.2200647592544556,1.1859275102615356,0.44977697644832404,0.8531010976546793,8.350345984472698
1776515047.7010148,0.22472470772311953,0.3028088591014849,0.12,1.5,1.1749235391616821,2.3625703302386953,1.9492044344396124,1.2056752443313599,1.2193760871887207,1.1749235391616821,0.44526603433179823,0.8470122647022245,8.349712069637954
1776515047.7503762,0.22582748868568195,0.29444557231654617,0.12,1.5,1.1749235391616821,2.3625703302386953,1.9492044344396124,1.2056752443313599,1.2193760871887207,1.1749235391616821,0.44081926516882197,0.8410061502237078,8.349045940299813
1776515047.8054385,0.22547229028675417,0.2955026096765396,0.12,1.5,1.1737892627716064,2.3596076492244284,1.9494880917397175,1.2058991193771362,1.2327018976211548,1.1737892627716064,0.436437037463822,0.835060910303794,8.348360709762828
1776515047.8497534,0.22628043201600767,0.29336037542927995,0.12,1.5,1.1737892627716064,2.3596076492244284,1.9494880917397175,1.2058991193771362,1.2327018976211548,1.1737892627716064,0.4321047500235691,0.8291680484210848,8.347650381059564
1776515047.9096036,0.22677499857056124,0.2902222509934944,0.12,1.5,1.1737892627716064,2.3596076492244284,1.9494880917397175,1.2058991193771362,1.2327018976211548,1.1737892627716064,0.4278267521041642,0.8233328532216664,8.346914428892328
1776515047.9504216,0.22719932494270392,0.2870400846940605,0.12,1.5,1.1738969087600708,2.358135236070511,1.9510878705755177,1.2034176588058472,1.2368665933609009,1.1738969087600708,0.423605511724396,0.8175586328655389,8.346153514892121
1776515047.999431,0.22740086810428706,0.2830237950102995,0.33721980676609853,1.5,1.1738969087600708,2.358135236070511,1.9510878705755177,1.2034176588058472,1.2368665933609009,1.1738969087600708,0.4194496730972219,0.8118614029860959,8.345365612749518
1776515048.0516658,0.22740086810428706,0.2830237950102995,0.3391388994497178,1.5,1.1738969087600708,2.358135236070511,1.9510878705755177,1.2034176588058472,1.2368665933609009,1.1738969087600708,0.4194496730972219,0.8118614029860959,8.345365612749518
1776515048.0994735,0.2476291139578428,0.3034328121103893,0.34114327723685367,1.5,1.1629070043563843,2.3518548143009252,1.941943194939244,1.2010610103607178,1.2355947494506836,1.1629070043563843,0.4151160187069139,0.805904802404037,8.344502602633732
1776515048.149465,0.2503328598124354,0.3123072866000054,0.34114327723685367,1.5,1.1629070043563843,2.3518548143009252,1.941943194939244,1.2010610103607178,1.2355947494506836,1.1629070043563843,0.41067377201652744,0.7997925069563119,8.343574434807794
1776515048.2004623,0.2383810252007372,0.2956368594219991,0.34519802547949663,1.5,1.1629070043563843,2.3518548143009252,1.941943194939244,1.2010610103607178,1.2355947494506836,1.1629070043563843,0.4063762284773599,0.7938306572961472,8.342663902888514
1776515048.2504041,0.2180403765750271,0.2659953254267272,0.34519802547949663,1.5,1.152937412261963,2.3497175026778048,1.9428677785833774,1.211000680923462,1.241337776184082,1.152937412261963,0.4024139457017064,0.7883221907446264,8.341781987906632
1776515048.3074374,0.1964406813011771,0.2300668714326113,0.34866064177875356,1.5,1.152937412261963,2.3497175026778048,1.9428677785833774,1.211000680923462,1.241337776184082,1.152937412261963,0.39894710005048706,0.7834888322698474,8.34096550186751
1776515048.3532054,0.18872367478079766,0.2097724847111749,0.35011088647861704,1.5,1.1551241874694824,2.349287310427367,1.9468013380072327,1.2090435028076172,1.2483587265014648,1.1551241874694824,0.39584515642120094,0.7791487414736149,8.340185553080211
1776515048.4004126,0.17752483991992657,0.19226093257851146,0.3514511248010108,1.5,1.1551241874694824,2.349287310427367,1.9468013380072327,1.2090435028076172,1.2483587265014648,1.1551241874694824,0.39298261918838473,0.775134161136541,8.33943335928732
1776515048.449429,0.17111473183134182,0.1783001989086981,0.3514511248010108,1.5,1.1551241874694824,2.349287310427367,1.9468013380072327,1.2090435028076172,1.2483587265014648,1.1551241874694824,0.3903629480545142,0.7714494889523531,8.338705987398283
1776515048.5005033,0.17111473183134182,0.1783001989086981,0.3526798293132407,1.5,1.1551241874694824,2.349287310427367,1.9468013380072327,1.2090435028076172,1.2483587265014648,1.1551241874694824,0.3903629480545142,0.7714494889523531,8.338705987398283
1776515048.5523539,0.1778476716374581,0.1760011083430499,0.35381613325266037,1.5,1.1554926633834839,2.347838677376316,1.9459437550400793,1.2036352157592773,1.2471178770065308,1.1554926633834839,0.3879445935028307,0.7680380283381378,8.337964515590167
1776515048.5998743,0.19857550750282119,0.17878147146701984,0.3547745703786486,1.5,1.1554926633834839,2.347838677376316,1.9459437550400793,1.2036352157592773,1.2471178770065308,1.1554926633834839,0.3859104020753191,0.7651555130699496,8.337139891504327
1776515048.6520069,0.2255252670597907,0.1861493663598017,0.3558102224667103,1.5,1.1469230651855469,2.343961150970424,1.9411797321425406,1.1998088359832764,1.2501842975616455,1.1469230651855469,0.3837185252951545,0.762035196106819,8.336210034504193
1776515048.6997435,0.30114496744151126,0.31055754894693377,0.4353907216407379,1.5,1.1469230651855469,2.343961150970424,1.9411797321425406,1.1998088359832764,1.2501842975616455,1.1469230651855469,0.4486390362685582,0.7566877908938894,8.335079983070692
1776515048.7494335,0.4179130254225339,0.4830424636427189,0.4353907216407379,1.5,1.1469230651855469,2.343961150970424,1.9411797321425406,1.1998088359832764,1.2501842975616455,1.1469230651855469,0.4426376485070852,0.7488664549159322,8.333465410996634
1776515048.8020263,0.4426799474431387,0.5617964234459079,0.4387838134638256,1.5,1.1384470462799072,2.34162771657702,1.9414831095707756,1.2022157907485962,1.2598507404327393,1.1384470462799072,0.434467587405335,0.7382373859971368,8.331349213814251
1776515048.8496282,0.4426799474431387,0.5617964234459079,0.44339826652058084,1.5,1.1384470462799072,2.34162771657702,1.9414831095707756,1.2022157907485962,1.2598507404327393,1.1384470462799072,0.434467587405335,0.7382373859971368,8.331349213814251
1776515048.8998826,0.43419975050394893,0.6994625736742551,0.44339826652058084,1.5,1.1384470462799072,2.34162771657702,1.9414831095707756,1.2022157907485962,1.2598507404327393,1.1384470462799072,0.4243931027330063,0.7250142027033013,8.329237416927652
1776515048.9607527,0.4251786598978829,0.8051025319278217,0.449118234418437,1.5,1.1420936584472656,2.3384599323960833,1.943679487351015,1.2142939567565918,1.260913610458374,1.1420936584472656,0.4118564840985775,0.7086221306783138,8.327016673983273
1776515049.0005786,0.41969239707281947,1.0303320912618654,0.4562200162691181,1.5,1.1420936584472656,2.3384599323960833,1.943679487351015,1.2142939567565918,1.260913610458374,1.1420936584472656,0.39669709122994307,0.6887663463717353,8.324683797836489
1776515049.0509627,0.44507094301517774,1.0557543670821752,0.4648163679260945,1.5,1.1420936584472656,2.3384599323960833,1.943679487351015,1.2142939567565918,1.260913610458374,1.1420936584472656,0.37978397355172666,0.6665438240542921,8.322131849872605
1776515049.1002903,0.44507094301517774,1.0557543670821752,0.4744250824311395,1.5,1.1281934976577759,2.335040694690214,1.9401980912096748,1.237829327583313,1.2670944929122925,1.1281934976577759,0.37978397355172666,0.6665438240542921,8.322131849872605
1776515049.1537044,0.4298185252658304,0.955969972431286,0.4826533310420032,1.4739804264915637,1.1281934976577759,2.335040694690214,1.9401980912096748,1.237829327583313,1.2670944929122925,1.1281934976577759,0.36531381815537334,0.6475021917124334,8.319329360580715
1776515049.2023697,0.4503391413451158,0.9375794743153072,0.4904785568262455,1.4350009980361949,1.1281934976577759,2.335040694690214,1.9401980912096748,1.237829327583313,1.2670944929122925,1.1281934976577759,0.3381542554360237,0.6115503517982344,8.313365075968353
1776515049.2530286,0.4503391413451158,0.9375794743153072,0.4981516088576021,1.3947856213442114,1.131966233253479,2.3344472965413394,1.9406921055687363,1.262142300605774,1.2773855924606323,1.131966233253479,0.3381542554360237,0.6115503517982344,8.313365075968353
1776515049.3014605,0.47505877785328465,0.9082693358862418,0.4981516088576021,1.4974226907050492,1.131966233253479,2.3344472965413394,1.9406921055687363,1.262142300605774,1.2773855924606323,1.131966233253479,0.32460997908109923,0.593536337558875,8.310027254987569
1776515049.355621,0.498498772071969,0.9600544674986703,0.5059023233143985,1.2897728149011407,1.131966233253479,2.3344472965413394,1.9406921055687363,1.262142300605774,1.2773855924606323,1.131966233253479,0.3111640639026863,0.575539688995783,8.306338863687442
1776515049.4007294,0.4994100021659532,1.0497301119310376,0.5136258647949199,1.2941114073216824,1.1235874891281128,2.3309266737056595,1.9281565728684746,1.2920233011245728,1.2771834135055542,1.1235874891281128,0.3487527832896273,0.5552012197364209,8.302430587208159
1776515049.4506652,0.502489302709519,0.921751863126761,0.5566579570848161,1.4710704865930628,1.1235874891281128,2.3309266737056595,1.9281565728684746,1.2920233011245728,1.2771834135055542,1.1235874891281128,0.33329156339303484,0.5364643704402453,8.298303546846974
1776515049.4994042,0.5144191425507024,0.9038339720315903,0.5744121980160329,1.105284990158705,1.1227432489395142,2.3335843490958763,1.9298111801185434,1.316107153892517,1.2795168161392212,1.1227432489395142,0.31877513502744886,0.5187730998466067,8.293935384862031
1776515049.553447,0.5347021975351542,0.906441703521072,0.5744121980160329,1.3210731541940972,1.1227432489395142,2.3335843490958763,1.9298111801185434,1.316107153892517,1.2795168161392212,1.1227432489395142,0.30435354631210687,0.5010994479883369,8.289241216839047
1776515049.6016188,0.5546656991860417,0.903217316215432,0.5829950608926148,1.163064062235314,1.1227432489395142,2.3335843490958763,1.9298111801185434,1.316107153892517,1.2795168161392212,1.1227432489395142,0.29001475626883516,0.4834075427316832,8.28420261042957
1776515049.6496341,0.5546656991860417,0.903217316215432,0.5915621694553822,1.1168263439679815,1.12620210647583,2.3347547453493016,1.9220817499840728,1.3529657125473022,1.275639295578003,1.12620210647583,0.29001475626883516,0.4834075427316832,8.28420261042957
1776515049.6996167,0.5741094571364197,0.8998920735034838,0.6000461161716569,1.063364338334451,1.12620210647583,2.3347547453493016,1.9220817499840728,1.3529657125473022,1.275639295578003,1.12620210647583,0.2758761075596361,0.4658325168689817,8.27882138364851
1776515049.7497642,0.5860144718035036,0.8483590376710075,0.6080334579375318,1.0238675742112042,1.12620210647583,2.3347547453493016,1.9220817499840728,1.3529657125473022,1.275639295578003,1.12620210647583,0.2626377367071249,0.44922083004383123,8.27316859826411
1776515049.7994053,0.598581148745012,0.7993711969409943,0.6155494056797916,0.9884596188587209,1.1242104768753052,2.3368901216134663,1.9165638962839102,1.3751698732376099,1.2826402187347412,1.1242104768753052,0.25024774291427876,0.43352915394932245,8.267235296839543
1776515049.8497946,0.6088942380687364,0.7325238035002672,0.6155494056797916,1.0860033961154774,1.1242104768753052,2.3368901216134663,1.9165638962839102,1.3751698732376099,1.2826402187347412,1.1242104768753052,0.23893239564163254,0.41906714242299026,8.261039966372044
1776515049.902481,0.6121549513083868,0.7252961524348197,0.6224502364198714,0.961922445187871,1.1242104768753052,2.3368901216134663,1.9165638962839102,1.3751698732376099,1.2826402187347412,1.1242104768753052,0.22807390052341975,0.40500848774532316,8.254692832738746
1776515049.9496996,0.617644306466402,0.6864231003360183,0.6291230004994078,0.9184531818400594,1.1279892921447754,2.342512713440252,1.9178597767757846,1.422532558441162,1.2665776014328003,1.1279892921447754,0.25569235108277577,0.39125780711520186,8.248169414447577
1776515049.99994,0.6187062149776962,0.7070223389479133,0.626013341534884,1.0638457823860372,1.1279892921447754,2.342512713440252,1.9178597767757846,1.422532558441162,1.2665776014328003,1.1279892921447754,0.24393511599235276,0.3773771755123589,8.241511343539651
1776515050.0517428,0.6313979598418333,0.7319491031994987,0.6328627416264667,0.8928766156636263,1.126050591468811,2.3480837393645113,1.9127879416574625,1.4677261114120483,1.28034508228302,1.126050591468811,0.23181845261848294,0.36293362770670623,8.234599144023992
1776515050.0995312,0.6283884531975804,0.6876501168395949,0.6399603341822646,0.8602738917104645,1.126050591468811,2.3480837393645113,1.9127879416574625,1.4677261114120483,1.28034508228302,1.126050591468811,0.22023941587872967,0.3489716870606644,8.22754698339969
1776515050.1518598,0.6318091001416871,0.6676350118246684,0.6467875948215741,0.8140729152366085,1.126050591468811,2.3480837393645113,1.9127879416574625,1.4677261114120483,1.28034508228302,1.126050591468811,0.2092398699862279,0.33555386338651394,8.22035184664323
1776515050.2034419,0.6367562621651897,0.6535491547014705,0.6533164710152467,0.7866695024997621,1.1225426197052002,2.3543801809437954,1.9070214898107989,1.4904019832611084,1.281597375869751,1.1225426197052002,0.19862624793952458,0.32245112813269233,8.212975330443838
1776515050.252713,0.6437744873569763,0.6476560161033139,0.659659869642086,0.76052229256459,1.1225426197052002,2.3543801809437954,1.9070214898107989,1.4904019832611084,1.281597375869751,1.1225426197052002,0.18830815684039126,0.3095520363292556,8.205396403684118
1776515050.2997975,0.6422542609237727,0.6573304152221867,0.672017653102094,0.5829300940355677,1.120635747909546,2.3653822143688785,1.9083760688298816,1.550971269607544,1.2781199216842651,1.120635747909546,0.17817632669786576,0.29672111632158493,8.197683592052448
1776515050.3525825,0.646477277369476,0.6335679990305303,0.672017653102094,0.7633276965594628,1.120635747909546,2.3653822143688785,1.9083760688298816,1.550971269607544,1.2781199216842651,1.120635747909546,0.1963374946317287,0.2840549724103042,8.189820809646426
1776515050.4009378,0.6429806748513367,0.5772290657501117,0.6709875590779193,0.7832773600627008,1.120635747909546,2.3653822143688785,1.9083760688298816,1.550971269607544,1.2781199216842651,1.120635747909546,0.186184055600891,0.27231310387343866,8.18187011156675
1776515050.4495635,0.6429806748513367,0.5772290657501117,0.6768339489040127,0.6593731084070078,1.126573085784912,2.3777432986479132,1.9094227445399405,1.590734601020813,1.2708215713500977,1.126573085784912,0.186184055600891,0.27231310387343866,8.18187011156675
1776515050.4997928,0.6490352528313276,0.5497239337291724,0.6768339489040127,0.735806006262785,1.126573085784912,2.3777432986479132,1.9094227445399405,1.590734601020813,1.2708215713500977,1.126573085784912,0.17681257666793465,0.26137224163852946,8.173765162842678
1776515050.559528,0.6620982760147611,0.5334430518665226,0.6874935653400254,0.5435844117317868,1.126573085784912,2.3777432986479132,1.9094227445399405,1.590734601020813,1.2708215713500977,1.126573085784912,0.16783727797459802,0.25075514503705687,8.165436005675614
1776515050.5998867,0.669674547751762,0.5629694350102455,0.6928735607602328,0.5726837035328497,1.139200210571289,2.401152874891897,1.938989363604464,1.640305519104004,1.258109211921692,1.139200210571289,0.15869391055903534,0.2397699063531799,8.156876512826098
1776515050.655029,0.6684451028639246,0.5058206394575788,0.6979790156299481,0.5490548826646349,1.139200210571289,2.401152874891897,1.938989363604464,1.640305519104004,1.258109211921692,1.139200210571289,0.1500935017381468,0.2292765069001388,8.14822859189071
1776515050.7020738,0.6806379805011737,0.5160036118944894,0.7028907788185328,0.5233103771450754,1.1389269828796387,2.4412141806763925,2.024767124611492,1.6963251829147339,1.262923240661621,1.1389269828796387,0.14188767188826593,0.21911974237722937,8.139363520315786
1776515050.7500002,0.6848279728924835,0.4972558916779566,0.7076889883108056,0.49960215111145906,1.1389269828796387,2.4412141806763925,2.024767124611492,1.6963251829147339,1.262923240661621,1.1389269828796387,0.13394297126046828,0.20913351046984452,8.130330208425239
1776515050.801448,0.6971860261621258,0.47459861033585465,0.7073130229593569,0.5664049803085166,1.1389269828796387,2.4412141806763925,2.024767124611492,1.6963251829147339,1.262923240661621,1.1389269828796387,0.13802307075112796,0.1900746518650802,8.111797673102597
1776515050.8493357,0.7009360000552526,0.4944736665534364,0.7119972836484934,0.4721311499263363,1.1403374671936035,2.4682892932591893,2.0712648650221417,1.7255021333694458,1.2595611810684204,1.1403374671936035,0.12991750478767944,0.18059796777683607,8.10228781216636
1776515050.8993583,0.6933983001552037,0.4541359309570588,0.7166933578159908,0.44970998892630315,1.1403374671936035,2.4682892932591893,2.0712648650221417,1.7255021333694458,1.2595611810684204,1.1403374671936035,0.12991750478767944,0.18059796777683607,8.10228781216636
1776515050.9509096,0.6933983001552037,0.4541359309570588,0.7212811951835284,0.42096095232766856,1.1403374671936035,2.4682892932591893,2.0712648650221417,1.7255021333694458,1.2595611810684204,1.1403374671936035,0.12205819201207674,0.17128621581938663,8.092747125190197
1776515050.99944,0.697723308333785,0.41811132081720176,0.7212811951835284,0.4818217418084092,1.148030400276184,2.4998845809262513,2.127030205147412,1.6640771627426147,1.2523921728134155,1.148030400276184,0.11504276243422534,0.16288395364982883,8.083123479733082
1776515051.049838,0.7082647729416292,0.4059044153255224,0.7254017168446232,0.40332408221198146,1.148030400276184,2.4998845809262513,2.127030205147412,1.6640771627426147,1.2523921728134155,1.148030400276184,0.10845888290387495,0.15487445383878362,8.073307951498693
1776515051.0996063,0.70891182892979,0.3526379867731511,0.7293035144333642,0.3862900598472396,1.1527925729751587,2.5186362605090498,2.153691699739839,1.6194255352020264,1.2465581893920898,1.1527925729751587,0.10254683812404597,0.14758182044154505,8.063375228581487
1776515051.1505632,0.7171269046587774,0.3613789970946602,0.7956598249839237,-0.8013934565624599,1.1527925729751587,2.5186362605090498,2.153691699739839,1.6194255352020264,1.2465581893920898,1.1527925729751587,0.1108836391135955,-0.08429465014482052,8.053300714647628
1776515051.1997018,0.7124564211563085,0.28252876645287517,0.799139826647236,-0.00236372916564858,1.1527925729751587,2.5186362605090498,2.153691699739839,1.6194255352020264,1.2465581893920898,1.1527925729751587,0.0997356674684764,-0.0971087110506868,8.032915070848448
1776515051.253457,0.7221171643215432,0.2867446778491083,0.7979429491078638,-0.021159298137846304,1.1520044803619385,2.5316599808171545,2.174126245074601,1.6078003644943237,1.241989016532898,1.1520044803619385,0.09489136071686238,-0.10281030609865799,8.02260889394475
1776515051.3034465,0.7392138829744697,0.3229049444036221,0.7951257371930252,-0.030667759908966568,1.1520044803619385,2.5316599808171545,2.174126245074601,1.6078003644943237,1.241989016532898,1.1520044803619385,0.08965901623835587,-0.10906831164765163,8.012040017373339
1776515051.3505445,0.7392138829744697,0.3229049444036221,0.7920549448307233,-0.057237657225399585,1.1547799110412598,2.543115601508734,2.1910849252680724,1.579718828201294,1.2412382364273071,1.1547799110412598,0.08965901623835587,-0.10906831164765163,8.012040017373339
1776515051.4009004,0.7481651097063217,0.31179490291326023,0.7888255082017958,-0.07116171636501417,1.1547799110412598,2.543115601508734,2.1910849252680724,1.579718828201294,1.2412382364273071,1.1547799110412598,0.07903847760686394,-0.12212381310431625,7.99036005253167
1776515051.4494345,0.7481651097063217,0.31179490291326023,0.7857230286877211,-0.09065552880161136,1.1547799110412598,2.543115601508734,2.1910849252680724,1.579718828201294,1.2412382364273071,1.1547799110412598,0.07903847760686394,-0.12212381310431625,7.99036005253167
1776515051.4994855,0.7429679692152541,0.2670862828573758,0.735399996618503,-0.9606357341165932,1.1747597455978394,2.5527365567174694,2.202347866886091,1.5557239055633545,1.2336355447769165,1.1747597455978394,0.06211241160106351,-0.2866154682320183,7.979514817079115
1776515051.5495641,0.7434241827349423,0.2246211391780617,0.7329622027736941,-0.3858783325718076,1.1747597455978394,2.5527365567174694,2.202347866886091,1.5557239055633545,1.2336355447769165,1.1747597455978394,0.05783629007774532,-0.29147336544963504,7.968642395533823
1776515051.5999346,0.7291730610709484,0.1044744419548427,0.731091662719839,-0.3856475717500929,1.1816097497940063,2.5578254897984833,2.215330877139204,1.5296045541763306,1.2235004901885986,1.1816097497940063,0.05246913579720758,-0.2977259534741142,7.947060464521002
1776515051.649833,0.7291730610709484,0.1044744419548427,0.7298589552481444,-0.38671807133683594,1.1816097497940063,2.5578254897984833,2.215330877139204,1.5296045541763306,1.2235004901885986,1.1816097497940063,0.05246913579720758,-0.2977259534741142,7.947060464521002
1776515051.6994486,0.7188792069506361,0.03426009937176849,0.7292944771194783,-0.38265201513296937,1.1816097497940063,2.5578254897984833,2.215330877139204,1.5296045541763306,1.2235004901885986,1.1816097497940063,0.05150989824636537,-0.298878632995021,7.936494832353175
1776515051.7505422,0.7038009323242543,-0.00897771583849723,0.7292944771194783,-0.3752483051231624,1.1851328611373901,2.546934748114975,2.2018513350702293,1.5272655487060547,1.2107187509536743,1.1851328611373901,0.05152265905257569,-0.2988679282067633,7.926127138603879
1776515051.810459,0.7038009323242543,-0.00897771583849723,0.7293006901833554,-0.3756359759439773,1.1851328611373901,2.546934748114975,2.2018513350702293,1.5272655487060547,1.2107187509536743,1.1851328611373901,0.05152265905257569,-0.2988679282067633,7.926127138603879
1776515051.8497431,0.6951542275019306,-0.01296754350608826,0.7220876016306605,-0.5106629143814037,1.1851328611373901,2.546934748114975,2.2018513350702293,1.5272655487060547,1.2107187509536743,1.1851328611373901,0.022444923744102563,-0.29845899697447636,7.91589903299165
1776515051.9259524,0.6951542275019306,-0.01296754350608826,0.7220876016306605,-0.41806397079786684,1.1851328611373901,2.546934748114975,2.2018513350702293,1.5272655487060547,1.2107187509536743,1.1851328611373901,0.022444923744102563,-0.29845899697447636,7.91589903299165
1776515051.9496963,0.6938743844460311,0.002438073147270246,0.7221401474095148,-0.4179120971739212,1.1851328611373901,2.546934748114975,2.2018513350702293,1.5272655487060547,1.2107187509536743,1.1851328611373901,0.022536068253467045,-0.2983533635369959,7.9057126899547105
1776515051.9997342,0.6924838966596594,0.007186274374338266,0.7221401474095148,-0.41886051121537377,1.1909013986587524,2.5333315077807264,2.1860892225646977,1.511317491531372,1.213750958442688,1.1909013986587524,0.022508077140932337,-0.2983836928162206,7.8955703172097245
1776515052.0522354,0.6919126167098757,-0.024225874422488605,0.7221246014509732,-0.4197127073353783,1.1909013986587524,2.5333315077807264,2.1860892225646977,1.511317491531372,1.213750958442688,1.1909013986587524,0.02269050212775614,-0.2981311752209852,7.885456780335215
1776515052.099656,0.6866519410805418,-0.05582273759977412,0.7226782091790567,-0.4095165039560611,1.1966975927352905,2.5179076663439854,2.167851634533012,1.5146894454956055,1.2086313962936401,1.1966975927352905,0.023419907422508046,-0.2972271696121977,7.875317927753676
1776515052.1504347,0.6893497821458047,-0.08150483576362105,0.7226782091790567,-0.41743815323694283,1.1966975927352905,2.5179076663439854,2.167851634533012,1.5146894454956055,1.2086313962936401,1.1966975927352905,0.02460786672738391,-0.295769761099166,7.865280740743107
1776515052.2015066,0.6913560853028243,-0.08359623888930398,0.7233856493075344,-0.4054151683271083,1.1966975927352905,2.5179076663439854,2.167851634533012,1.5146894454956055,1.2086313962936401,1.1966975927352905,0.02592536680840679,-0.29411869928281,7.855224116444334
1776515052.2501159,0.6954084518622231,-0.08829292653212376,0.7241799566365318,-0.39903241174428655,1.2032923698425293,2.498352168777494,2.1435127325454735,1.5020768642425537,1.210253119468689,1.2032923698425293,-0.0016329621450179022,-0.29249644323204904,7.84514985759654
1776515052.3054643,0.6959478342279959,-0.09259011119170998,0.7176894894344819,-0.5262489217899783,1.2032923698425293,2.498352168777494,2.1435127325454735,1.5020768642425537,1.210253119468689,1.2032923698425293,-1.3666860148475735e-05,-0.2906648006668119,7.835080850680153
1776515052.3515627,0.6849463069769163,-0.1171474695361392,0.7186104117645353,-0.43057000893861574,1.2032923698425293,2.498352168777494,2.1435127325454735,1.5020768642425537,1.210253119468689,1.2032923698425293,0.002056345249109748,-0.28828442122186976,7.825184187753374
1776515052.4004571,0.6862445652765816,-0.08285422508276687,0.7197985610606521,-0.421183227085744,1.2006388902664185,2.4806789348348217,2.1225158713084338,1.505531668663025,1.2006388902664185,1.2110352516174316,0.003791707076872264,-0.2862590762887524,7.815315191163155
1776515052.4546027,0.6870150733368046,-0.0554756396755145,0.7214435731552415,-0.4076349878842434,1.2006388902664185,2.4806789348348217,2.1225158713084338,1.505531668663025,1.2006388902664185,1.2110352516174316,0.004884772210889454,-0.2849549622925095,7.8054460916921835
1776515052.500036,0.6848654446900756,-0.03714111581771207,0.7214435731552415,-0.4284628064515734,1.1949816942214966,2.46513266975851,2.108317451889904,1.5072463750839233,1.1949816942214966,1.215489387512207,0.005663149581508986,-0.28400914415653017,7.79563007327484
1776515052.5504074,0.6832753838671168,-0.018107986562326074,0.7219045533307118,-0.4208742419768455,1.1949816942214966,2.46513266975851,2.108317451889904,1.5072463750839233,1.1949816942214966,1.215489387512207,0.006177896295946228,-0.28337061127449237,7.785850746176545
1776515052.5995328,0.682852094835184,-0.00047414947170262037,0.7222130587097206,-0.4208102631935742,1.1949816942214966,2.46513266975851,2.108317451889904,1.5072463750839233,1.1949816942214966,1.215489387512207,-0.0215557089769694,-0.2831165923132828,7.7761022809272164
1776515052.6494515,0.682852094835184,-0.00047414947170262037,0.7152953154900845,-0.5543804797916948,1.1909459829330444,2.450266797822675,2.088316756349144,1.4927048683166504,1.1909459829330444,1.2197811603546143,-0.0215557089769694,-0.2831165923132828,7.7761022809272164
1776515052.6996505,0.6819091367077246,-0.011034876223668952,0.7153764501843224,-0.46482695761716447,1.1909459829330444,2.450266797822675,2.088316756349144,1.4927048683166504,1.1909459829330444,1.2197811603546143,-0.02142008600734352,-0.282948886220811,7.76637330076916
1776515052.7544937,0.6576062864451546,-0.07997424921239574,0.7159297650112317,-0.4525548333401811,1.1909459829330444,2.450266797822675,2.088316756349144,1.4927048683166504,1.1909459829330444,1.2197811603546143,-0.020462665097526866,-0.28183444065782676,7.756880782233991
1776515052.799848,0.6742857519974629,-0.07803114124848161,0.7167524503056992,-0.4484924720007947,1.1726725101470947,2.432192677044405,2.0611869153288707,1.4990477561950684,1.1726725101470947,1.218822717666626,-0.019043699752541277,-0.28017334770235874,7.747421412316122
1776515052.8496604,0.6854182752490858,-0.09806170993292837,0.7176168129796358,-0.4431999827028111,1.1726725101470947,2.432192677044405,2.0611869153288707,1.4990477561950684,1.1726725101470947,1.218822717666626,-0.01601739253143386,-0.27649633875669294,7.728103467209078
1776515052.9044192,0.6835127155276046,-0.087829789979452,0.7185446422302046,-0.43818798511648793,1.1788338422775269,2.4148668394829804,2.041969806694242,1.5074002742767334,1.1788338422775269,1.2269809246063232,-0.014490475403961478,-0.2746171858904606,7.7184634274541555
1776515052.9527617,0.683283386954784,-0.06935756114818693,0.7194555881488728,-0.4336120400267334,1.1788338422775269,2.4148668394829804,2.041969806694242,1.5074002742767334,1.1788338422775269,1.2269809246063232,-0.04021350447090333,-0.273064954130424,7.7088775643608844
1776515052.9994495,0.6837153910865416,-0.05597035953065555,0.7134080097168137,-0.5631131610818987,1.172260046005249,2.3935876163920247,2.009234637918046,1.4834721088409424,1.172260046005249,1.2277982234954834,-0.039108003125581436,-0.2718152143922253,7.699316079507668
1776515053.060808,0.6837153910865416,-0.05597035953065555,0.7140365231825304,-0.46940711591656864,1.172260046005249,2.3935876163920247,2.009234637918046,1.4834721088409424,1.172260046005249,1.2277982234954834,-0.039108003125581436,-0.2718152143922253,7.699316079507668
1776515053.103555,0.6846962372617336,-0.1206391020565017,0.7149146064414004,-0.4615449353243029,1.172260046005249,2.3935876163920247,2.009234637918046,1.4834721088409424,1.172260046005249,1.2277982234954834,-0.035791725453772405,-0.2679523304843154,7.680431383552942
1776515053.1497476,0.6923096986341726,-0.15153598216551456,0.7159538326500411,-0.4540573643492982,1.167426586151123,2.371976002844035,1.9740132497378589,1.5070545673370361,1.167426586151123,1.232616662979126,-0.03356078300598969,-0.2653080707497396,7.670891554093125
1776515053.2018018,0.6923096986341726,-0.15153598216551456,0.7172564228725635,-0.4435835089236788,1.167426586151123,2.371976002844035,1.9740132497378589,1.5070545673370361,1.167426586151123,1.232616662979126,-0.03356078300598969,-0.2653080707497396,7.670891554093125
1776515053.2495017,0.7041561304991238,-0.19071043819365507,0.7189081745787993,-0.43182915669311983,1.167426586151123,2.371976002844035,1.9740132497378589,1.5070545673370361,1.167426586151123,1.232616662979126,-0.03076375259012709,-0.26192628488745956,7.661263525753535
1776515053.2995007,0.7231602484682634,-0.26371477762373446,0.7189081745787993,-0.4523875501433228,1.1621389389038086,2.3443974735117092,1.9284899193056715,1.5137608051300049,1.1621389389038086,1.234729528427124,-0.02698474054280464,-0.25728272264705515,7.651388814319719
1776515053.349539,0.7231602484682634,-0.26371477762373446,0.7211606830420378,-0.41139531032980436,1.1621389389038086,2.3443974735117092,1.9284899193056715,1.5137608051300049,1.1621389389038086,1.234729528427124,-0.02698474054280464,-0.25728272264705515,7.651388814319719
1776515053.3994534,0.7142107804550912,-0.35830403648252307,0.717897770643273,-0.5006397353851515,1.1621389389038086,2.3443974735117092,1.9284899193056715,1.5137608051300049,1.1621389389038086,1.234729528427124,-0.04683206477248736,-0.25107338940735807,7.641606558094935
1776515053.4515564,0.7142107804550912,-0.35830403648252307,0.717897770643273,-0.4599040606934572,1.1621389389038086,2.3443974735117092,1.9284899193056715,1.5137608051300049,1.1621389389038086,1.234729528427124,-0.04683206477248736,-0.25107338940735807,7.641606558094935
1776515053.499564,0.704257367741267,-0.41884672703478126,0.717897770643273,-0.46049803562879676,1.1621389389038086,2.3443974735117092,1.9284899193056715,1.5137608051300049,1.1621389389038086,1.234729528427124,-0.03983000769961742,-0.24319647115374848,7.632080182454223
1776515053.5544677,0.7089279582580799,-0.4413408355288962,0.7218678261366469,-0.3861812071571271,1.1508249044418335,2.2981229005975927,1.8380539765474049,1.528099775314331,1.1508249044418335,1.2356765270233154,-0.03263853425534674,-0.23495763580817636,7.622634751786392
1776515053.5997875,0.7018043085622935,-0.5035051951789116,0.7259869513413633,-0.3630360705108163,1.1508249044418335,2.2981229005975927,1.8380539765474049,1.528099775314331,1.1508249044418335,1.2356765270233154,-0.024551647715514824,-0.22552898219947154,7.613316381791642
1776515053.6498988,0.7382344512600295,-0.390985886724289,0.7306648697598384,-0.3302230643512337,1.1622772216796875,2.251658708491224,1.7488258009285058,1.559625506401062,1.1622772216796875,1.2331089973449707,-0.016817780381841396,-0.21641343911296324,7.603984090528821
1776515053.700546,0.7495507211662611,-0.35026180744970803,0.7351661563921463,-0.3037613908782189,1.1622772216796875,2.251658708491224,1.7488258009285058,1.559625506401062,1.1622772216796875,1.2331089973449707,-0.011248745382117176,-0.20968858044680405,7.594314333811391
1776515053.750253,0.752928373516004,-0.3449895892795567,0.7384525136386014,-0.30324727677586644,1.1622772216796875,2.251658708491224,1.7488258009285058,1.559625506401062,1.1622772216796875,1.2331089973449707,-0.005879571155613772,-0.20310879180278735,7.584706943433866
1776515053.7993343,0.752928373516004,-0.3449895892795567,0.7416478863640049,-0.28756528909860657,1.1617085933685303,2.24578603950504,1.739657151437197,1.5741167068481445,1.1617085933685303,1.2415205240249634,-0.005879571155613772,-0.20310879180278735,7.584706943433866
1776515053.8494356,0.7562327713647589,-0.3478218183662333,0.7416478863640049,-0.32811531540890004,1.1617085933685303,2.24578603950504,1.739657151437197,1.5741167068481445,1.1617085933685303,1.2415205240249634,-0.0201580848071225,-0.09430244774376106,7.575151045369793
1776515053.9031665,0.7562327713647589,-0.3478218183662333,0.7685154772603521,0.17299624157274726,1.1617085933685303,2.24578603950504,1.739657151437197,1.5741167068481445,1.1617085933685303,1.2415205240249634,-0.0201580848071225,-0.09430244774376106,7.575151045369793
1776515053.9550443,0.7587932993298832,-0.36298248991737136,0.7719380867560458,-0.11065691523652055,1.1617085933685303,2.24578603950504,1.739657151437197,1.5741167068481445,1.1617085933685303,1.2415205240249634,-0.014140834644941203,-0.08749436754796114,7.565660363276209
1776515053.9995494,0.758966687629105,-0.3234093627218992,0.7719380867560458,-0.15565068840838794,1.1613842248916626,2.242178067358195,1.7306994115492278,1.58443284034729,1.1613842248916626,1.2391352653503418,-0.008831133355042597,-0.08137945219725651,7.556179923441063
1776515054.0534546,0.7610330578563685,-0.25147689041806953,0.7749883077792975,-0.09862047830858067,1.1613842248916626,2.242178067358195,1.7306994115492278,1.58443284034729,1.1613842248916626,1.2391352653503418,-0.004203401820606523,-0.07595003246962678,7.546792424530972
1776515054.101793,0.7610330578563685,-0.25147689041806953,0.7776747336497117,-0.09801194531409574,1.1613842248916626,2.242178067358195,1.7306994115492278,1.58443284034729,1.1613842248916626,1.2391352653503418,-0.004203401820606523,-0.07595003246962678,7.546792424530972
1776515054.1494136,0.754222020383878,-0.2129730750674966,0.7776747336497117,-0.12339348863128077,1.1613842248916626,2.242178067358195,1.7306994115492278,1.58443284034729,1.1613842248916626,1.2391352653503418,-0.00036118998761835996,-0.07136914839161945,7.537607914860643
1776515054.1994374,0.7592670862030592,-0.20839367948709484,0.7799256185734668,-0.07433260013150014,1.1583000421524048,2.2424370308478156,1.7318757081770237,1.6117161512374878,1.1583000421524048,1.2382426261901855,0.0031891054814369713,-0.0670603150998576,7.528470498732985
1776515054.2536967,0.7592670862030592,-0.20839367948709484,0.782026766353362,-0.07446080299172363,1.1583000421524048,2.2424370308478156,1.7318757081770237,1.6117161512374878,1.1583000421524048,1.2382426261901855,0.0031891054814369713,-0.0670603150998576,7.528470498732985
1776515054.2994661,0.7605432465984636,-0.17414633030151233,0.782026766353362,-0.0988950838360062,1.1583000421524048,2.2424370308478156,1.7318757081770237,1.6117161512374878,1.1583000421524048,1.2382426261901855,0.006352461631560502,-0.06314560412569009,7.519366827629261
1776515054.3494916,0.7705737625848763,-0.1230810989890794,0.7839200511759601,-0.06539541126274329,1.1700242757797241,2.238133499955381,1.7201670199123866,1.6374478340148926,1.1700242757797241,1.2385659217834473,0.00268465286955194,0.03079477740509745,7.510284064777733
1776515054.4014363,0.7824479526386984,-0.06345787316887241,0.7907009298034456,0.4030114864559607,1.1700242757797241,2.238133499955381,1.7201670199123866,1.6374478340148926,1.1700242757797241,1.2385659217834473,0.004455744477794621,0.032810178763827635,7.501101051311751
1776515054.450675,0.7716557973019985,0.0761100506060269,0.7896903023377241,0.07575550008255313,1.1700242757797241,2.238133499955381,1.7201670199123866,1.6374478340148926,1.1700242757797241,1.2385659217834473,0.0038348821611752237,0.032085005358115315,7.4920167343342
1776515054.4993453,0.790755425848224,0.05812370436077526,0.7900498081951116,0.05620864105093845,1.1540974378585815,2.236766613930271,1.7167713921747936,1.6413633823394775,1.1540974378585815,1.2413861751556396,0.002849257204684874,0.030927349222721556,7.482716593002809
1776515054.5494533,0.790755425848224,0.05812370436077526,0.7906223294020575,0.049975934809159,1.1540974378585815,2.236766613930271,1.7167713921747936,1.6413633823394775,1.1540974378585815,1.2413861751556396,0.002849257204684874,0.030927349222721556,7.482716593002809
1776515054.6025748,0.7913256277433132,0.04509983687827656,0.7906223294020575,0.05761473044048385,1.1540974378585815,2.236766613930271,1.7167713921747936,1.6413633823394775,1.1540974378585815,1.2413861751556396,0.0021763619973424464,0.03011757660957398,7.473403240983644
1776515054.6495252,0.7923948215278958,0.04261344707878475,0.791018635325989,0.051551877993906654,1.164084553718567,2.233587631795497,1.7090222541735935,1.6390353441238403,1.164084553718567,1.2378517389297485,0.0015902023041712288,0.029398453309278927,7.464090943593151
1776515054.7038457,0.7908659884587634,0.04654378325358073,0.7913677020927508,0.04685290260150813,1.164084553718567,2.233587631795497,1.7090222541735935,1.6390353441238403,1.164084553718567,1.2378517389297485,0.00382378689731816,0.028602100255812724,7.454799722086684
1776515054.7529445,0.7912276705637005,0.031196416445707996,0.7910278176302483,0.05981974021164636,1.164084553718567,2.233587631795497,1.7090222541735935,1.6390353441238403,1.164084553718567,1.2378517389297485,0.0033318274237641443,0.028042426111642926,7.445517695188101
1776515054.8014505,0.7906989474105517,0.03712209651155062,0.7913085001779514,0.05029780462020337,1.1629269123077393,2.2310786395024413,1.7011524050344027,1.62069571018219,1.1629269123077393,1.2362571954727173,0.0028353918063668826,0.027464797217306547,7.436271736082776
1776515054.8520827,0.7893253435835699,0.05027445011476225,0.7915953380439498,0.04870608550003895,1.1629269123077393,2.2310786395024413,1.7011524050344027,1.62069571018219,1.1629269123077393,1.2362571954727173,0.0022196242197706773,0.026740324845958674,7.427040655999559
1776515054.9000967,0.7891676418830379,0.06614338273741503,0.7919533637397493,0.045871589437364385,1.1658254861831665,2.2287696827130667,1.6952514510357135,1.624910831451416,1.1658254861831665,1.2438316345214844,0.0010831243781202482,0.02523366279104483,7.417520995292711
1776515054.949472,0.7919243826825799,0.04210588736900333,0.7937963694809442,0.018171873533855496,1.1658254861831665,2.2287696827130667,1.6952514510357135,1.624910831451416,1.1658254861831665,1.2438316345214844,-0.00037385261625955124,0.02249229063697572,7.406146184826783
1776515054.9994247,0.7919531515480863,0.0420080973529503,0.7941734855245994,0.03225380992505539,1.1592037677764893,2.225990399180685,1.6880258314375982,1.5998739004135132,1.1592037677764893,1.2443804740905762,0.0005297982714862481,0.020332161824950568,7.395164181356625
1776515055.0536277,0.794537389608357,0.02130654588419182,0.7943850104333295,0.0339154343902959,1.1592037677764893,2.225990399180685,1.6880258314375982,1.5998739004135132,1.1592037677764893,1.2443804740905762,0.0001603375015489794,0.01990923041528614,7.385892297373835
1776515055.102608,0.7945285369695391,0.039207408617720714,0.7943850104333295,0.03665039168264179,1.1592037677764893,2.225990399180685,1.6880258314375982,1.5998739004135132,1.1592037677764893,1.2443804740905762,-0.00039137273398959227,0.019263252020488397,7.376634694615032
1776515055.150746,0.7952343981777368,0.043665021312380405,0.7950729339959017,0.02389379708747958,1.1487350463867188,2.2229518045660086,1.6803540471267804,1.5856631994247437,1.1487350463867188,1.243201494216919,-0.001022622763664105,0.01851702478764855,7.367386635752624
1776515055.206849,0.7934985609074042,0.040075457031160576,0.7950729339959017,0.03279678134461745,1.1487350463867188,2.2229518045660086,1.6803540471267804,1.5856631994247437,1.1487350463867188,1.243201494216919,-0.001658888544240733,0.017767519419527866,7.358146320335177
1776515055.250338,0.7957146899221764,0.016598270905393023,0.7954431344756809,0.02481359713826077,1.1539608240127563,2.2196495926677904,1.6714028389643607,1.5976496934890747,1.1539608240127563,1.252211093902588,-0.0020677119175766534,0.017281265719619077,7.348914575846411
1776515055.2994292,0.7961105938251396,0.0166132129306045,0.795682309001736,0.026259667018301902,1.1539608240127563,2.2196495926677904,1.6714028389643607,1.5976496934890747,1.1539608240127563,1.252211093902588,-0.000555422156677865,0.017042264734077384,7.339705865659222
1776515055.3571353,0.795422170002719,0.026500490616681915,0.7953681322579412,0.035199399185362884,1.1539608240127563,2.2196495926677904,1.6714028389643607,1.5976496934890747,1.1539608240127563,1.252211093902588,-0.0008766653440074879,0.016685374362942207,7.330508381075384
1776515055.3994656,0.795422170002719,0.026500490616681915,0.7955490148450661,0.027834557325580954,1.1539608240127563,2.2196495926677904,1.6714028389643607,1.5976496934890747,1.1539608240127563,1.252211093902588,-0.0008766653440074879,0.016685374362942207,7.330508381075384
1776515055.453036,0.7954901646537093,0.03409260660127864,0.7955490148450661,0.03023057389432028,1.1558648347854614,2.21954376293927,1.6717322370591854,1.6047569513320923,1.1558648347854614,1.2513633966445923,-0.0014142426020377075,0.01606780471322622,7.3213322688248414
1776515055.4996314,0.7951921454824918,0.03763318554999372,0.7958574038160102,0.024769520688004844,1.1558648347854614,2.21954376293927,1.6717322370591854,1.6047569513320923,1.1558648347854614,1.2513633966445923,-0.0019790257369559083,0.015404371316164733,7.3121757588710565
1776515055.5529764,0.7956111033772295,0.033928837685603154,0.7965020543657252,0.016195530781645217,1.1558648347854614,2.21954376293927,1.6717322370591854,1.6047569513320923,1.1558648347854614,1.2513633966445923,-0.002516320891260637,0.014757351781687522,7.303032080006227
1776515055.6004553,0.7961228334964037,0.028621303628785375,0.7965020543657252,0.024864511766589346,1.143507480621338,2.2163344500353777,1.663694659795628,1.5897570848464966,1.143507480621338,1.2609695196151733,-0.0028892933867297743,0.01429922187491095,7.293889237603866
1776515055.6591496,0.7967514565783576,0.04769787244755189,0.7967243198084808,0.020896401018888976,1.143507480621338,2.2163344500353777,1.663694659795628,1.5897570848464966,1.143507480621338,1.2609695196151733,-0.0019048469909738186,0.013808984394765744,7.28474764594571
1776515055.7013507,0.8002268696916351,0.05482952237566423,0.7966135058111911,0.02582442371205353,1.143507480621338,2.2163344500353777,1.663694659795628,1.5897570848464966,1.143507480621338,1.2609695196151733,-0.002615134641618999,0.013023231835846694,7.2756039028005794
1776515055.7494433,0.8002268696916351,0.05482952237566423,0.797012509015651,0.016895929459967783,1.1482199430465698,2.213538984696585,1.6555947264690127,1.5909874439239502,1.1482199430465698,1.2533494234085083,-0.002615134641618999,0.013023231835846694,7.2756039028005794
1776515055.8007355,0.7992219756349903,0.09272957823924033,0.797012509015651,0.022037627724847814,1.1482199430465698,2.213538984696585,1.6555947264690127,1.5909874439239502,1.1482199430465698,1.2533494234085083,-0.003489268810723256,0.01202486137971237,7.266436238178053
1776515055.8501906,0.7969275230303817,0.017389168055352292,0.7975123345539828,0.012720856875533369,1.1482199430465698,2.213538984696585,1.6555947264690127,1.5909874439239502,1.1482199430465698,1.2533494234085083,-0.0038127717249483717,0.011646288161106133,7.25733306905258
1776515055.9005914,0.7965658705050108,0.023923396251026123,0.7976998577895773,0.01569684309200418,1.150589108467102,2.210253324914486,1.6469952713658023,1.5867843627929688,1.150589108467102,1.2498481273651123,-0.003993261271607151,0.011430792291557967,7.248249778548864
1776515055.951576,0.7905490030845572,0.06667198514129057,0.7978056799988088,0.016297592836484465,1.150589108467102,2.210253324914486,1.6469952713658023,1.5867843627929688,1.150589108467102,1.2498481273651123,-0.00455100477019349,0.010754677924302236,7.239225356630923
1776515056.0020633,0.791932505024214,0.0701689229354003,0.7981355433832842,0.011057951801200208,1.1449854373931885,2.2073707669890665,1.6403530168420783,1.5780153274536133,1.1449854373931885,1.2578561305999756,-0.0056882858369941,0.009358670198942709,7.230246642371102
1776515056.050571,0.7956293174511101,0.06415363528563257,0.7988130203752186,0.0030584396496393888,1.1449854373931885,2.2073707669890665,1.6403530168420783,1.5780153274536133,1.1449854373931885,1.2578561305999756,-0.006000206478992687,0.007962651734151283,7.2212448373177445
1776515056.1008487,0.7956293174511101,0.06415363528563257,0.7992825095471439,0.003138453378556047,1.1449854373931885,2.2073707669890665,1.6403530168420783,1.5780153274536133,1.1449854373931885,1.2578561305999756,-0.006000206478992687,0.007962651734151283,7.2212448373177445
1776515056.1494873,0.7974319095267827,0.05112544388464901,0.7996979815597367,0.0019082887269181526,1.1449854373931885,2.2073707669890665,1.6403530168420783,1.5780153274536133,1.1449854373931885,1.2578561305999756,-0.006730777306845681,0.00713633686281584,7.212198479464544
1776515056.2014241,0.7984988914558235,0.02329898765132424,0.7996979815597367,0.006772974959638439,1.1362580060958862,2.2044132800150757,1.6335366774307238,1.5826828479766846,1.1362580060958862,1.2606920003890991,-0.0070028412099964465,0.006815216048784822,7.20315820049333
1776515056.2509804,0.8005554418878715,0.021847511546205286,0.7998564554912594,0.0038160514854626197,1.1362580060958862,2.2044132800150757,1.6335366774307238,1.5826828479766846,1.1362580060958862,1.2606920003890991,-0.007196705773636181,0.006583790637716358,7.194121532755535
1776515056.3090267,0.8036847910124951,0.03607266712343232,0.7999701084763958,0.003750383384586156,1.1362580060958862,2.2044132800150757,1.6335366774307238,1.5826828479766846,1.1362580060958862,1.2606920003890991,-0.007455312501196354,0.006272896761599145,7.185083645580286
1776515056.3535748,0.8036847910124951,0.03607266712343232,0.7998776723429463,0.002379043303456373,1.1447415351867676,2.2005597384961857,1.6240029825687166,1.5522146224975586,1.1447415351867676,1.2533693313598633,-0.007455312501196354,0.006272896761599145,7.185083645580286
1776515056.41017,0.8010805055991902,0.03433007024523228,0.7995647857733053,-0.0012919431685195597,1.1447415351867676,2.2005597384961857,1.6240029825687166,1.5522146224975586,1.1447415351867676,1.2533693313598633,-0.007983663983776923,0.0056309610614889705,7.176035970525079
1776515056.4494333,0.7995343011833911,0.0062995403284234665,0.799739941705861,0.005262164572068479,1.1447415351867676,2.2005597384961857,1.6240029825687166,1.5522146224975586,1.1447415351867676,1.2533693313598633,-0.007356533770376372,0.0056921007714137994,7.167072014630051
1776515056.5024266,0.7985750678174008,0.009968862339127192,0.799739941705861,0.003554507220009419,1.1399152278900146,2.200054668365641,1.62137370149531,1.5703340768814087,1.1399152278900146,1.2659807205200195,-0.007339000013203922,0.005714304614378107,7.158127877006376
1776515056.5499456,0.7985750678174008,0.009968862339127192,0.7997505772886986,0.0037104347082787927,1.1399152278900146,2.200054668365641,1.62137370149531,1.5703340768814087,1.1399152278900146,1.2659807205200195,-0.007339000013203922,0.005714304614378107,7.158127877006376
1776515056.6064472,0.7947919623003491,0.04207853553429461,0.7997505772886986,0.0036115787971285037,1.1399152278900146,2.200054668365641,1.62137370149531,1.5703340768814087,1.1399152278900146,1.2659807205200195,-0.007623226700644081,0.005394378446560821,7.149228652901491
1776515056.6495588,0.7969006444647811,0.03308067938057289,0.7995893728364747,0.0004568096536655621,1.1291261911392212,2.195189807174605,1.6116884844697406,1.567410945892334,1.1291261911392212,1.2642252445220947,-0.008157547346422878,0.004767657629086375,7.140360597720035
1776515056.7020555,0.7983620259247607,0.022564372870177218,0.7992792422048457,-0.0032639999658853197,1.1291261911392212,2.195189807174605,1.6116884844697406,1.567410945892334,1.1291261911392212,1.2642252445220947,-0.008415009367573612,0.004457421624823155,7.1314867312490415
1776515056.7508605,0.7978392063361223,0.03445626819344134,0.799127495694322,-0.0018648804358490198,1.1291261911392212,2.195189807174605,1.6116884844697406,1.567410945892334,1.1291261911392212,1.2642252445220947,-0.00868076725057787,0.004133256473890512,7.122631759804244
1776515056.7995656,0.7978392063361223,0.03445626819344134,0.7989697584655437,-0.0027524598565403747,1.1325526237487793,2.194945416221125,1.6108981894103314,1.5584179162979126,1.1325526237487793,1.2598003149032593,-0.00868076725057787,0.004133256473890512,7.122631759804244
1776515056.8490999,0.7999156492217407,0.010396650267125194,0.7988750865222434,-0.0027302090324083828,1.1325526237487793,2.194945416221125,1.6108981894103314,1.5584179162979126,1.1325526237487793,1.2598003149032593,-0.008830441348416873,0.0035098444456874156,7.104978327470186
1776515056.9004633,0.8003221350382128,0.013488625057510226,0.7987574852249915,-0.0036302817632446758,1.1325526237487793,2.194945416221125,1.6108981894103314,1.5584179162979126,1.1325526237487793,1.2598003149032593,-0.008820219531892048,0.0035211609265719535,7.09617589011504
1776515056.9525414,0.7986635963184688,0.013868472780494627,0.7987632297374034,-0.0020036654028723986,1.1332288980484009,2.190939194730429,1.600402428443215,1.5632604360580444,1.1332288980484009,1.2703925371170044,-0.008967206400058159,0.00335353693196655,7.087385926253815
1776515057.003907,0.7987292283803059,0.00597175212552663,0.798679254328136,-0.003676096959036536,1.1332288980484009,2.190939194730429,1.600402428443215,1.5632604360580444,1.1332288980484009,1.2703925371170044,-0.008901792937884179,0.0034273323642193265,7.078641328129571
1776515057.0496812,0.7967207874794295,0.015554913712465956,0.7987164012416347,-0.0019095489126352404,1.1348029375076294,2.1890861800596957,1.5968961253884935,1.5569883584976196,1.1348029375076294,1.2614825963974,-0.008916434328257783,0.0034106307022148674,7.069929010003389
1776515057.1001294,0.790891103050512,0.055611245594605355,0.7987080351458993,-0.0025238829436975267,1.1348029375076294,2.1890861800596957,1.5968961253884935,1.5569883584976196,1.1348029375076294,1.2614825963974,-0.0090658852895672,0.0028750739412785054,7.061280680282882
1776515057.1514215,0.7940569293168068,0.0372543871376908,0.7985204176105871,-0.006172677817843732,1.1326032876968384,2.1860205806261077,1.5887595924812372,1.5416975021362305,1.1326032876968384,1.2788795232772827,-0.010056508310311019,0.0017795837261588843,7.052675969375004
1776515057.2024267,0.7987402409076859,-0.0009007709529788325,0.7979640433491262,-0.013903443951087188,1.1326032876968384,2.1860205806261077,1.5887595924812372,1.5416975021362305,1.1326032876968384,1.2788795232772827,-0.01031253553139172,0.0014829733287787805,7.044026770431396
1776515057.2513127,0.7980863199584661,-0.01553646704802622,0.7978164735781474,-0.00944771733232508,1.1326032876968384,2.1860205806261077,1.5887595924812372,1.5416975021362305,1.1326032876968384,1.2788795232772827,-0.010047536035998783,0.00178715297779386,7.035398770178205
1776515057.2995586,0.7983812392329381,-0.006718651798844794,0.7979684237527107,-0.004754001566701219,1.1260210275650024,2.18094022256373,1.5768963353195045,1.559898018836975,1.1260210275650024,1.2781615257263184,-0.009982360997520479,0.0018691491921879466,7.026786015182821
1776515057.3519318,0.7995718481533929,-0.03285985582191885,0.7980078068024374,-0.0059865712577882695,1.1260210275650024,2.18094022256373,1.5768963353195045,1.559898018836975,1.1260210275650024,1.2781615257263184,-0.009842763319176384,0.002030259728154238,7.018213613606265
1776515057.400576,0.7972082136138112,-0.04393359495721319,0.7980880963674508,-0.005027622677017285,1.126482605934143,2.179030148438234,1.5722953782602165,1.5283862352371216,1.126482605934143,1.2774829864501953,-0.009416721755797608,0.0025682864550184425,7.009644758934338
1776515057.4498358,0.7870242357195526,-0.1231665700907689,0.7983461063249442,-0.001452853555491801,1.126482605934143,2.179030148438234,1.5722953782602165,1.5283862352371216,1.126482605934143,1.2774829864501953,-0.007990828909404002,-0.06269354324048804,7.001194504046286
1776515057.5014462,0.7870242357195526,-0.1231665700907689,0.7804321190074935,-0.35299342023491764,1.126482605934143,2.179030148438234,1.5722953782602165,1.5283862352371216,1.126482605934143,1.2774829864501953,-0.007990828909404002,-0.06269354324048804,7.001194504046286
1776515057.549414,0.777800674375233,-0.2169757179392992,0.7820292740374001,-0.08214203632461489,1.1226685047149658,2.1796249267020564,1.5722803285073084,1.555917501449585,1.1226685047149658,1.277401328086853,-0.0052010388110568795,-0.05950022922219156,6.992898709135595
1776515057.5996644,0.7736937150140899,-0.2870252685283584,0.7820292740374001,-0.09821003713815209,1.1226685047149658,2.1796249267020564,1.5722803285073084,1.555917501449585,1.1226685047149658,1.277401328086853,-0.0010807776568448335,-0.05471920202318209,6.984764835486523
1776515057.6592226,0.7736937150140899,-0.2870252685283584,0.7844062674639841,-0.05405793980213418,1.1226685047149658,2.1796249267020564,1.5722803285073084,1.555917501449585,1.1226685047149658,1.277401328086853,-0.0010807776568448335,-0.05471920202318209,6.984764835486523
1776515057.6994362,0.7545125266607682,-0.30118089526003367,0.7872373903629439,-0.03358505236816275,1.1226685047149658,2.1796249267020564,1.5722803285073084,1.555917501449585,1.1226685047149658,1.277401328086853,0.003777575703024616,-0.04898056683649371,6.976819188332792
1776515057.750117,0.7463997217833651,-0.3177752735822074,0.7872373903629439,-0.06874314633712858,1.1212103366851807,2.174118283277965,1.558532569609855,1.586970329284668,1.1212103366851807,1.282221794128418,0.008467889195530542,-0.0433483987078947,6.969137736069539
1776515057.7995415,0.7516627483425852,-0.3161384428836406,0.7899963564390632,-0.017622776908478806,1.1212103366851807,2.174118283277965,1.558532569609855,1.586970329284668,1.1212103366851807,1.282221794128418,0.01346873886483857,-0.03723017305570836,6.961558634204925
1776515057.8525608,0.7542347521805669,-0.3013146185544063,0.792969673738341,0.001611833248697285,1.1212103366851807,2.174118283277965,1.558532569609855,1.586970329284668,1.1212103366851807,1.282221794128418,0.015055813926628525,-0.11277484591791975,6.954047903096679
1776515057.8995764,0.7562284673626195,-0.28718055942979953,0.7722171082524929,-0.42030684711267774,1.129845380783081,2.1745825599014044,1.5591018054661514,1.602965235710144,1.129845380783081,1.2724370956420898,0.02000438766930346,-0.10719468610169347,6.946618523780074
1776515057.9496071,0.7779682173742426,-0.3189109591472032,0.7750265935841903,-0.10764531665180248,1.129845380783081,2.1745825599014044,1.5591018054661514,1.602965235710144,1.129845380783081,1.2724370956420898,0.02545925016066647,-0.10093478919483007,6.939122969451491
1776515057.999563,0.7685364989069645,-0.24660900861577742,0.7781539900659356,-0.07864435011871607,1.129845380783081,2.1745825599014044,1.5591018054661514,1.602965235710144,1.129845380783081,1.2724370956420898,0.02998624084976753,-0.09564792382179466,6.931757613967229
1776515058.0494525,0.7685364989069645,-0.24660900861577742,0.7807751140240389,-0.07037902640548746,1.1210218667984009,2.1725876798903245,1.5521542230496463,1.6308906078338623,1.1210218667984009,1.2567158937454224,0.02998624084976753,-0.09564792382179466,6.931757613967229
1776515058.103462,0.7609350318744357,-0.21987638395953013,0.7807751140240389,-0.10661180696309762,1.1210218667984009,2.1725876798903245,1.5521542230496463,1.6308906078338623,1.1210218667984009,1.2567158937454224,0.033559574920031865,-0.0913952043543515,6.924550556786371
1776515058.1494932,0.7573427386807112,-0.3362044889391547,0.7828663556606297,-0.06719522538744112,1.1210218667984009,2.1725876798903245,1.5521542230496463,1.6308906078338623,1.1210218667984009,1.2567158937454224,0.03793055131238282,-0.08606347353416022,6.9174398985165535
1776515058.1994445,0.7588908530705771,-0.39625250212176266,0.7854607263411557,-0.05006899745119415,1.1380656957626343,2.171623662486328,1.5473079108177223,1.6527198553085327,1.1380656957626343,1.2767869234085083,0.043580661694098105,-0.07907973283944641,6.91047093431395
1776515058.2496467,0.7473354626860383,-0.4176815949932101,0.7888400015518677,-0.010492616899699665,1.1380656957626343,2.171623662486328,1.5473079108177223,1.6527198553085327,1.1380656957626343,1.2767869234085083,0.042817226214516946,-0.07108808171202857,6.903654502936612
1776515058.2995586,0.749448535504229,-0.34041822318505127,0.7908852781266904,-0.02637604067482659,1.1258323192596436,2.1692319875729513,1.539153058825389,1.690613865852356,1.1258323192596436,1.2714120149612427,0.049215894249715036,-0.0638072270440036,6.897041352595954
1776515058.3504548,0.7594109268671203,-0.2948820132683162,0.7975540746237803,0.08992979079845921,1.1258323192596436,2.1692319875729513,1.539153058825389,1.690613865852356,1.1258323192596436,1.2714120149612427,0.05445306155103194,-0.05774320316814224,6.890484565763031
1776515058.3993883,0.7687253301043818,-0.24060191087656332,0.7999169995734483,0.03340472263399452,1.139153003692627,2.1677678180556956,1.5330451656552913,1.71808922290802,1.139153003692627,1.265343427658081,0.058797290721580714,-0.052621131554595024,6.8839333708771075
1776515058.4495142,0.7891631868596274,-0.022250705359547072,0.7986070786000834,0.02924043812580312,1.139153003692627,2.1677678180556956,1.5330451656552913,1.71808922290802,1.139153003692627,1.265343427658081,0.06103803152463874,-0.049959509086758225,6.877420596559241
1776515058.4991615,0.79854078089486,0.02333963631869822,0.7986070786000834,0.010830449749543239,1.139153003692627,2.1677678180556956,1.5330451656552913,1.71808922290802,1.139153003692627,1.265343427658081,0.060306265017785354,-0.05082907001144771,6.870666640227629
1776515058.552659,0.79854078089486,0.02333963631869822,0.7995279607559895,-0.02372115203563219,1.1325418949127197,2.165836986516164,1.5295011985255864,1.7166801691055298,1.1325418949127197,1.2601635456085205,0.05494902327766016,-0.05113997539278892,6.863984756373238
1776515058.6026266,0.7920462409045709,-0.04782419735133231,0.7995516929175173,0.0006067410499582877,1.1325418949127197,2.165836986516164,1.5295011985255864,1.7166801691055298,1.1325418949127197,1.2601635456085205,0.05498775666286804,-0.051090077719734006,6.857339088943592
1776515058.6554434,0.7966236252339162,-0.09789789660678803,0.7997907922508635,0.012553701505004799,1.1308534145355225,2.1617924663118475,1.5179929366857268,1.7202578783035278,1.1308534145355225,1.2725176811218262,0.056132050624286334,-0.049771675029227136,6.8507459419967125
1776515058.700506,0.7815257760012784,-0.14510707887625682,0.7985706954944441,0.026653130056713988,1.1308534145355225,2.1617924663118475,1.5179929366857268,1.7202578783035278,1.1308534145355225,1.2725176811218262,0.060311708200853575,-0.044807983543798946,6.837750713025074
1776515058.7506084,0.7815257760012784,-0.14510707887625682,0.7973476849256487,0.03389338827735401,1.1308534145355225,2.1617924663118475,1.5179929366857268,1.7202578783035278,1.1308534145355225,1.2725176811218262,0.060311708200853575,-0.044807983543798946,6.837750713025074
1776515058.7994297,0.7804326966033156,-0.12760062296869704,0.7960732683818719,0.04172073051053586,1.1340373754501343,2.1619942684508824,1.5162143176202088,1.7103239297866821,1.1340373754501343,1.2536033391952515,0.0624611438196197,-0.04219098794434273,6.831488796417976
1776515058.852311,0.7844203602664124,-0.07934413481565432,0.7919457788644548,0.09820990608480394,1.1340373754501343,2.1619942684508824,1.5162143176202088,1.7103239297866821,1.1340373754501343,1.2536033391952515,0.07301660103887106,-0.03694986545089396,6.839717146499643
1776515058.8995683,0.7961292199945541,0.003731482445246966,0.7919457788644548,0.049069096013570415,1.1340373754501343,2.1619942684508824,1.5162143176202088,1.7103239297866821,1.1340373754501343,1.2536033391952515,0.07360329118003764,-0.03623331710906563,6.8335067846798525
1776515058.9515631,0.7915032039391284,0.032857390544334966,0.7915972994131689,0.056101129232065276,1.1327589750289917,2.1578486109088684,1.507041872588898,1.7223644256591797,1.1327589750289917,1.2475358247756958,0.06932852970440023,-0.036955983006443205,6.827289564349516
1776515059.0054424,0.7907639400409231,0.040218612115420375,0.7928768857562952,0.02849468999588734,1.1327589750289917,2.1578486109088684,1.507041872588898,1.7223644256591797,1.1327589750289917,1.2475358247756958,0.06861497237982386,-0.0377757152107861,6.821107176956837
1776515059.0498333,0.7888800406360622,-0.01415894466288069,0.7932862272193045,0.03622170418285824,1.1327589750289917,2.1578486109088684,1.507041872588898,1.7223644256591797,1.1327589750289917,1.2475358247756958,0.06825761036479117,-0.038185362214533725,6.814934318971227
1776515059.1035678,0.7888800406360622,-0.01415894466288069,0.7934909836081421,0.037620653424048814,1.1391350030899048,2.156363945002913,1.504401660222129,1.708360195159912,1.1391350030899048,1.256844401359558,0.06825761036479117,-0.038185362214533725,6.814934318971227
1776515059.1520092,0.78076634887914,-0.10084623306888724,0.7930400307783141,0.04864462040859486,1.1391350030899048,2.156363945002913,1.504401660222129,1.708360195159912,1.1391350030899048,1.256844401359558,0.069030123201133,-0.03727007794642695,6.808848109300929
1776515059.2028992,0.7774814324908225,-0.18350752661394376,0.7930400307783141,0.04311425433206461,1.1391350030899048,2.156363945002913,1.504401660222129,1.708360195159912,1.1391350030899048,1.256844401359558,0.07117130442224989,-0.03468765116048905,6.802865079371643
1776515059.2575397,0.7924231046464736,-0.1736634942550628,0.79177737361053,0.06588864972902952,1.1433879137039185,2.1564312599854376,1.5018723676317676,1.6790152788162231,1.1433879137039185,1.248420238494873,0.07395222084047298,-0.031280146507225715,6.796914728248598
1776515059.3013837,0.772119987631286,-0.14334442252021704,0.790122481370224,0.0771914522813659,1.1433879137039185,2.1564312599854376,1.5018723676317676,1.6790152788162231,1.1433879137039185,1.248420238494873,0.0732158612874709,-0.028615295899453552,6.791070865697975
1776515059.3515768,0.773961823462731,-0.09721367621855147,0.7895618858074044,0.07266770228378829,1.1494555473327637,2.1528866531449706,1.4932059768124262,1.691612958908081,1.1494555473327637,1.2530314922332764,0.07523885760032645,-0.026333451189434254,6.785370597158163
1776515059.403455,0.7842715127954493,0.003307230659122683,0.7884131742177594,0.08492504270311639,1.1494555473327637,2.1528866531449706,1.4932059768124262,1.691612958908081,1.1494555473327637,1.2530314922332764,0.0759242380404512,-0.02554882203885589,6.7796686379153295
1776515059.4494681,0.7871495276639857,0.06413800009812576,0.788020762184686,0.0769095454406395,1.1494555473327637,2.1528866531449706,1.4932059768124262,1.691612958908081,1.1494555473327637,1.2530314922332764,0.07491188060801732,-0.026732374307083695,6.773921153402373
1776515059.500727,0.7873275875832774,0.05117584560935495,0.7886072708927632,0.06064729048677942,1.1369496583938599,2.151205757279621,1.4900195803695226,1.681658387184143,1.1369496583938599,1.255685806274414,0.0740118236435757,-0.02781079539076503,6.768192476484999
1776515059.5499904,0.7872282739504548,0.0264449899045494,0.7891360431512332,0.059148313947549644,1.1369496583938599,2.151205757279621,1.4900195803695226,1.681658387184143,1.1369496583938599,1.255685806274414,0.07335658919453475,-0.028609182165391156,6.762473949920196
1776515059.5997415,0.7859174857680862,0.016499517365460004,0.7895247105292867,0.05880820653825686,1.1472315788269043,2.150162950475165,1.4867057630098945,1.6951069831848145,1.1472315788269043,1.249160885810852,0.07278201073703133,-0.02931929140173284,6.75677685646097
1776515059.6504412,0.7805172091408306,-0.06794758260998024,0.7898683348867533,0.057569749503801004,1.1472315788269043,2.150162950475165,1.4867057630098945,1.6951069831848145,1.1472315788269043,1.249160885810852,0.07017895056530313,-0.028949568061650166,6.751141673521803
1776515059.7054498,0.7799328308201039,-0.15451446800730131,0.7904207835148057,0.05168750049561811,1.1472315788269043,2.150162950475165,1.4867057630098945,1.6951069831848145,1.1472315788269043,1.249160885810852,0.07205764943826873,-0.026793852250763806,6.745580966916542
1776515059.7574718,0.79102983716473,-0.18581266794480014,0.7893437509717702,0.07819597787336148,1.160684585571289,2.1466143048548454,1.4786257737041253,1.67281174659729,1.160684585571289,1.2432019710540771,0.07494832546608365,-0.023424784391828657,6.740063070486552
1776515059.8015292,0.7660164226754049,-0.10852298507286137,0.787671961612259,0.09616621657348734,1.160684585571289,2.1466143048548454,1.4786257737041253,1.67281174659729,1.160684585571289,1.2432019710540771,0.07707432266671416,-0.020897148190837822,6.734666674713876
1776515059.85058,0.7675753935503017,-0.09355548178946389,0.7864284721814226,0.09730161471665977,1.160684585571289,2.1466143048548454,1.4786257737041253,1.67281174659729,1.160684585571289,1.2432019710540771,0.07883444176291896,-0.018766765943383223,6.729421417662844
1776515059.8995488,0.7808431098302018,0.016510691574331687,0.7853884151398918,0.10276911798505606,1.1631097793579102,2.146452755535454,1.4777762043878309,1.6650806665420532,1.1631097793579102,1.245782732963562,0.07938505232087795,-0.018095041874698792,6.724177748572779
1776515059.9507294,0.7840197516318318,0.07858869521969969,0.7850615785400544,0.09415810808984243,1.1631097793579102,2.146452755535454,1.4777762043878309,1.6650806665420532,1.1631097793579102,1.245782732963562,0.07623462432978531,-0.01958788170872383,6.718877800588102
1776515060.0001976,0.7843994916224065,0.0570213664018286,0.7862734815473368,0.06787690535671445,1.1674978733062744,2.1453994091300364,1.4759821853580741,1.6668208837509155,1.1674978733062744,1.2319296598434448,0.07507793633435927,-0.020904292764539756,6.713591841782682
1776515060.0496707,0.7841756590055137,0.05053746314554845,0.7875564140540195,0.05891344729483208,1.1674978733062744,2.1453994091300364,1.4759821853580741,1.6668208837509155,1.1674978733062744,1.2319296598434448,0.07399577992739573,-0.022154823556154335,6.70831431278438
1776515060.1019595,0.7807081429496671,-0.0010579363698010498,0.7878868904019402,0.06985477068157442,1.1668810844421387,2.139782304238876,1.4647191299741646,1.6583226919174194,1.1668810844421387,1.229042410850525,0.07342647349656012,-0.02282272043954736,6.7030563421216325
1776515060.150998,0.7765849096911733,-0.1214880191700676,0.7875756665211875,0.079937413624442,1.1668810844421387,2.139782304238876,1.4647191299741646,1.6583226919174194,1.1668810844421387,1.229042410850525,0.07554556601683327,-0.020246455074459324,6.692772462894981
1776515060.2009506,0.7765849096911733,-0.1214880191700676,0.7866315247846067,0.09355976289472331,1.1669827699661255,2.140794678929776,1.4660846351440995,1.6542949676513672,1.1669827699661255,1.228230595588684,0.07554556601683327,-0.020246455074459324,6.692772462894981
1776515060.2533457,0.7748285277996138,0.004347585790714844,0.7861431738987297,0.0905330867562413,1.1669827699661255,2.140794678929776,1.4660846351440995,1.6542949676513672,1.1669827699661255,1.228230595588684,0.07581055378883711,-0.017700961578241747,6.682577568056983
1776515060.303987,0.7756479670971814,-0.020883595475691633,0.7858520096871208,0.08984053305116362,1.1669827699661255,2.140794678929776,1.4660846351440995,1.6542949676513672,1.1669827699661255,1.228230595588684,0.07595177347915708,-0.01753218811409457,6.677614738837842
1776515060.3574646,0.7845629916951133,0.06191561418197289,0.785769165755199,0.08769109306794103,1.1679917573928833,2.136489841146231,1.4571494886436056,1.642720103263855,1.1679917573928833,1.2344582080841064,0.07511286002198173,-0.01851978062582449,6.672631960081239
1776515060.4035842,0.7846598605592253,0.05643753187801155,0.7862570978496914,0.07823392503465675,1.1679917573928833,2.136489841146231,1.4571494886436056,1.642720103263855,1.1679917573928833,1.2344582080841064,0.07354370367679502,-0.019847843419803834,6.666970279842111
1776515060.4535518,0.7846598605592253,0.05643753187801155,0.7870243828309929,0.06992286871017807,1.1679917573928833,2.136489841146231,1.4571494886436056,1.642720103263855,1.1679917573928833,1.2344582080841064,0.07354370367679502,-0.019847843419803834,6.666970279842111
1776515060.5029242,0.7857737649534554,0.044678138938546844,0.7870243828309929,0.07975197241452411,1.1790765523910522,2.1356629853332407,1.455728740030304,1.634927749633789,1.1790765523910522,1.2259045839309692,0.06813363747592827,-0.020927723586745328,6.655208101006277
1776515060.551031,0.786196210474768,0.03801786975839677,0.7886900859603547,0.049182082111153796,1.1790765523910522,2.1356629853332407,1.455728740030304,1.634927749633789,1.1790765523910522,1.2259045839309692,0.06307183257775992,-0.02196892614629803,6.647214495254043
1776515060.6004071,0.7827008467130191,-0.018449661875900712,0.790257197511368,0.04119720202347715,1.1830549240112305,2.133773657594093,1.4515661370754915,1.6290334463119507,1.1830549240112305,1.226086974143982,0.06275229909144014,-0.022330056320528535,6.64229993708842
1776515060.6561594,0.7746037258567003,-0.10062809214983386,0.7904388363987052,0.058017337281527005,1.1830549240112305,2.133773657594093,1.4515661370754915,1.6290334463119507,1.1830549240112305,1.226086974143982,0.06369145963139439,-0.02124514566166813,6.637475768665071
1776515060.7048864,0.7751471115120664,-0.1813288947003191,0.7898983929581558,0.07041820878319881,1.1830549240112305,2.133773657594093,1.4515661370754915,1.6290334463119507,1.1830549240112305,1.226086974143982,0.06595737169382854,-0.018568632990988876,6.6327303019491906
1776515060.7504203,0.7915894798373099,-0.17929222387265764,0.7885779595706321,0.08778667196454082,1.1780357360839844,2.1325547758017724,1.4475927635203956,1.6372861862182617,1.1780357360839844,1.2157944440841675,0.06884486082628138,-0.015110349929877587,6.628030518449006
1776515060.8018472,0.7678461636631104,-0.1086481052805401,0.7868819930521429,0.10412729059907365,1.1780357360839844,2.1325547758017724,1.4475927635203956,1.6372861862182617,1.1780357360839844,1.2157944440841675,0.07097892749278559,-0.012492679754531166,6.6233906386640475
1776515060.8515408,0.7678461636631104,-0.1086481052805401,0.7856112606030868,0.103142210135707,1.1780357360839844,2.1325547758017724,1.4475927635203956,1.6372861862182617,1.1780357360839844,1.2157944440841675,0.07097892749278559,-0.012492679754531166,6.6233906386640475
1776515060.9008129,0.760701043735851,-0.12293195103548628,0.7856112606030868,0.08849850725121804,1.1817635297775269,2.1311227394186933,1.444868247856558,1.617867112159729,1.1817635297775269,1.205248475074768,0.07158159572149064,-0.01042682544581297,6.618935946829918
1776515060.9541576,0.7649841102761012,-0.08969807143411611,0.7837856826554106,0.123397344858563,1.1817635297775269,2.1311227394186933,1.444868247856558,1.617867112159729,1.1817635297775269,1.205248475074768,0.07509814032437984,-0.006427940741373428,6.610226256369234
1776515060.9992487,0.7649841102761012,-0.08969807143411611,0.7828750920458409,0.1147836344521744,1.18369722366333,2.1275674516023253,1.4371466322446973,1.5969043970108032,1.18369722366333,1.220219373703003,0.07509814032437984,-0.006427940741373428,6.610226256369234
1776515061.051644,0.7687441128082595,-0.04729635975031682,0.7822871693973639,0.11631142163499748,1.18369722366333,2.1275674516023253,1.4371466322446973,1.5969043970108032,1.18369722366333,1.220219373703003,0.07611346760109236,-0.0052420115458540195,6.605949086633489
1776515061.0996945,0.7789128396443633,0.05274127037704951,0.7827008314104275,0.10028139225686816,1.18369722366333,2.1275674516023253,1.4371466322446973,1.5969043970108032,1.18369722366333,1.220219373703003,0.07387866623149747,-0.007936099050205592,6.597299386116781
1776515061.1493351,0.7733295100520501,-0.01612735479493543,0.7836046838437203,0.08900802908017522,1.1961278915405273,2.1271896719601724,1.4349289148328086,1.5997718572616577,1.1961278915405273,1.2042949199676514,0.0735086844055099,-0.008396203051567352,6.593022830295132
1776515061.2008812,0.7818259347452537,-0.022487498922962923,0.7838267483842505,0.09651747619045878,1.1961278915405273,2.1271896719601724,1.4349289148328086,1.5997718572616577,1.1961278915405273,1.2042949199676514,0.07285174228383057,-0.00819123889459794,6.58877048713185
1776515061.2496786,0.7998313686236742,-0.052198329110093436,0.7839349078349622,0.0975211277396945,1.2012368440628052,2.1261094843867085,1.4350044425365005,1.612782597541809,1.2012368440628052,1.2025634050369263,0.0731247260435555,-0.007880241187026737,6.58448262404402
1776515061.3023646,0.7998313686236742,-0.052198329110093436,0.7837790365693915,0.10170716588358167,1.2012368440628052,2.1261094843867085,1.4350044425365005,1.612782597541809,1.2012368440628052,1.2025634050369263,0.0731247260435555,-0.007880241187026737,6.58448262404402
1776515061.3494358,0.7772969467454416,-0.017278119312437494,0.783378152296974,0.1082269021481654,1.2012368440628052,2.1261094843867085,1.4350044425365005,1.612782597541809,1.2012368440628052,1.2025634050369263,0.07381924676228324,-0.00707358028953331,6.580234461326764
1776515061.3994136,0.7704615111464332,-0.021722374407864484,0.783378152296974,0.10244702730963959,1.1922584772109985,2.1254884482091714,1.4332969670630071,1.6060640811920166,1.1922584772109985,1.204701542854309,0.07382011874022432,-0.0070567782805674995,6.576126102519595
1776515061.4534552,0.7823333549773869,0.06936162464298365,0.7833732279960224,0.10265575004023737,1.1922584772109985,2.1254884482091714,1.4332969670630071,1.6060640811920166,1.1922584772109985,1.204701542854309,0.07345289456441503,-0.007517638295075735,6.5720474625234715
1776515061.5018306,0.7820742499258214,0.07017936606990495,0.7835948092923887,0.09864602766293852,1.1922584772109985,2.1254884482091714,1.4332969670630071,1.6060640811920166,1.1922584772109985,1.204701542854309,0.07212022318823691,-0.009141942795798441,6.567934700486287
1776515061.5501819,0.7833348816836357,0.0598240387717265,0.7843854477393879,0.0881300816676268,1.2013400793075562,2.119736161968644,1.4236925378542544,1.5913169384002686,1.2025935649871826,1.2013400793075562,0.06993257861127883,-0.01055876138985512,6.563839566118579
1776515061.5995288,0.782548111975127,0.03725436758696374,0.7853334433791173,0.07734337938023517,1.2013400793075562,2.119736161968644,1.4236925378542544,1.5913169384002686,1.2025935649871826,1.2013400793075562,0.06893657629583391,-0.01168357656881508,6.559750887454216
1776515061.6502857,0.7774970227268856,-0.01858683454443144,0.7858993842127181,0.08129127239999086,1.2013400793075562,2.119736161968644,1.4236925378542544,1.5913169384002686,1.2025935649871826,1.2013400793075562,0.06851984944913933,-0.012163205609261374,6.555699381678723
1776515061.6994526,0.7725711023206958,-0.0908658898758193,0.7861386955094102,0.08464442702809678,1.1972905397415161,2.12115664442417,1.4265436231068063,1.5826696157455444,1.208022952079773,1.1972905397415161,0.06851984944913933,-0.012163205609261374,6.555699381678723
1776515061.7499716,0.7792196480289848,-0.04927564227891643,0.7856588643619693,0.09710526597749088,1.1972905397415161,2.12115664442417,1.4265436231068063,1.5826696157455444,1.208022952079773,1.1972905397415161,0.07040416867195962,-0.009929291271125185,6.547789942691666
1776515061.8003745,0.7792196480289848,-0.04927564227891643,0.7850383510505813,0.100839374447254,1.1972905397415161,2.12115664442417,1.4265436231068063,1.5826696157455444,1.208022952079773,1.1972905397415161,0.07040416867195962,-0.009929291271125185,6.547789942691666
1776515061.8503115,0.7851566853500416,-0.014872623627512491,0.7847007350185776,0.10099242045002155,1.192007303237915,2.1173275691507922,1.4205832359833759,1.5822539329528809,1.2124323844909668,1.192007303237915,0.07169736401400553,-0.00834292247249352,6.539903753633325
1776515061.9194946,0.7715648542516939,0.02238854094058162,0.7842682825607689,0.10310172957703852,1.192007303237915,2.1173275691507922,1.4205832359833759,1.5822539329528809,1.2124323844909668,1.192007303237915,0.070389211176242,-0.00886018217296114,6.5360918162059924
1776515061.949336,0.7715648542516939,0.02238854094058162,0.7847427697920162,0.09076298164447029,1.1858962774276733,2.117277559365088,1.4197467512849407,1.5821201801300049,1.2152117490768433,1.1858962774276733,0.070389211176242,-0.00886018217296114,6.5360918162059924
1776515061.9995258,0.7831653929343345,0.05854400900846117,0.7847427697920162,0.0959516288228346,1.1858962774276733,2.117277559365088,1.4197467512849407,1.5821201801300049,1.2152117490768433,1.1858962774276733,0.06995017616846244,-0.009375294553895464,6.532324433593871
1776515062.0525131,0.7831653929343345,0.05854400900846117,0.7849976380806383,0.09233504489531091,1.1858962774276733,2.117277559365088,1.4197467512849407,1.5821201801300049,1.2152117490768433,1.1858962774276733,0.06995017616846244,-0.009375294553895464,6.532324433593871
1776515062.1013722,0.7834830954083927,0.06450683999790967,0.7849976380806383,0.0947059649945915,1.1858962774276733,2.117277559365088,1.4197467512849407,1.5821201801300049,1.2152117490768433,1.1858962774276733,0.06864957511198394,-0.010882045582521538,6.528528609635487
1776515062.1514397,0.7848018026716795,0.05576618698991605,0.7857472798348861,0.08091631669070874,1.1801104545593262,2.115156639184696,1.4172370728357695,1.5852919816970825,1.2206597328186035,1.1801104545593262,0.06750067862888987,-0.012244844302983171,6.524750023590449
1776515062.1994753,0.7831828814053803,0.027372845036649707,0.786418385390355,0.07850183084025247,1.1801104545593262,2.115156639184696,1.4172370728357695,1.5852919816970825,1.2206597328186035,1.1801104545593262,0.06750067862888987,-0.012244844302983171,6.524750023590449
1776515062.2493083,0.77727379113526,-0.03033315453159851,0.7869035259912276,0.07764099765651604,1.1801104545593262,2.115156639184696,1.4172370728357695,1.5852919816970825,1.2206597328186035,1.1801104545593262,0.06641502227453877,-0.013562037139334404,6.517260713164164
1776515062.2993557,0.77727379113526,-0.03033315453159851,0.78706078478583,0.08135107966281975,1.1801104545593262,2.115156639184696,1.4172370728357695,1.5852919816970825,1.2206597328186035,1.1801104545593262,0.06641502227453877,-0.013562037139334404,6.517260713164164
1776515062.349425,0.7718838203387477,-0.11123987450383391,0.78706078478583,0.0833931612738255,1.1556578874588013,2.115270796580848,1.4171591781380999,1.582649827003479,1.2127569913864136,1.1556578874588013,0.06632366367517875,-0.012148377713754321,6.513611736297933
1776515062.3994167,0.7775201080814723,-0.061590650395912425,0.7866879825137062,0.09036845172642081,1.1556578874588013,2.115270796580848,1.4171591781380999,1.582649827003479,1.2127569913864136,1.1556578874588013,0.07776487850564656,-0.0071411297396464235,6.521884002335983
1776515062.4499042,0.7980037508762962,-0.08689652130765792,0.7824027669436782,0.16254120126361477,1.1863735914230347,2.115411899246406,1.4178786640599361,1.5509700775146484,1.216001272201538,1.1863735914230347,0.0787922783286408,-0.005986824609749697,6.51830167740588
1776515062.502004,0.8128789176838942,-0.12736656811185523,0.7818206567519125,0.12161206600872138,1.1863735914230347,2.115411899246406,1.4178786640599361,1.5509700775146484,1.216001272201538,1.1863735914230347,0.08050254295472278,-0.004014306459002526,6.514670043173319
1776515062.5495849,0.8309465661347043,-0.1541674128780219,0.7797431115522345,0.1508342588973526,1.1718578338623047,2.1121596735346437,1.4132210814348276,1.5522546768188477,1.2272353172302246,1.1718578338623047,0.08238926476624839,-0.001804308119032566,6.511046725377742
1776515062.6005747,0.8168992654650966,-0.1552977144335121,0.7781779745436729,0.15600565089887924,1.1718578338623047,2.1121596735346437,1.4132210814348276,1.5522546768188477,1.2272353172302246,1.1718578338623047,0.08505816387963949,0.0013834577094929135,6.507527625761278
1776515062.6501393,0.8125127063090737,-0.1352686121717663,0.776771497511874,0.16093835444880428,1.1718578338623047,2.1121596735346437,1.4132210814348276,1.5522546768188477,1.2272353172302246,1.1718578338623047,0.08951510862068021,0.006862388712142453,6.500801241736685
1776515062.6997497,0.8125127063090737,-0.1352686121717663,0.7755207237881887,0.16684691941608526,1.1721866130828857,2.1126221946606916,1.4142525133254304,1.5458483695983887,1.2280136346817017,1.1721866130828857,0.08951510862068021,0.006862388712142453,6.500801241736685
1776515062.7514648,0.8049628624382509,-0.14194269546856245,0.7755207237881887,0.15050133567350668,1.1721866130828857,2.1126221946606916,1.4142525133254304,1.5458483695983887,1.2280136346817017,1.1721866130828857,0.09244952082311589,0.009399217102882385,6.497577806111727
1776515062.800566,0.792454694903322,-0.1790955497075737,0.7740709399637677,0.17739435076181415,1.1721866130828857,2.1126221946606916,1.4142525133254304,1.5458483695983887,1.2280136346817017,1.1721866130828857,0.09497040377594396,0.012295115077089774,6.494471829490516
1776515062.8506136,0.792454694903322,-0.1790955497075737,0.7726248260268771,0.1860907698895304,1.1749190092086792,2.112942384085536,1.4140404036649346,1.5179141759872437,1.233120322227478,1.1749190092086792,0.09497040377594396,0.012295115077089774,6.494471829490516
1776515062.902595,0.7770172592858225,-0.20908904357103703,0.7707203303475194,0.20296037517234497,1.1749190092086792,2.112942384085536,1.4140404036649346,1.5179141759872437,1.233120322227478,1.1749190092086792,0.09825581553388019,0.016140014778367268,6.491511194046236
1776515062.950543,0.7645693089124402,-0.11873757652813091,0.7690721112613166,0.2096775828731486,1.1749190092086792,2.112942384085536,1.4140404036649346,1.5179141759872437,1.233120322227478,1.1749190092086792,0.10308288519340575,0.021923642331645538,6.4859842241834444
1776515063.0027773,0.7645693089124402,-0.11873757652813091,0.767884493078401,0.21027483067026914,1.164711833000183,2.112398582404681,1.41463217178447,1.4991838932037354,1.236717939376831,1.164711833000183,0.10308288519340575,0.021923642331645538,6.4859842241834444
1776515063.0498266,0.7693048025969326,-0.09726622024701052,0.767884493078401,0.19540609592884164,1.164711833000183,2.112398582404681,1.41463217178447,1.4991838932037354,1.236717939376831,1.164711833000183,0.10471703011459235,0.023938415979653627,6.483319328974345
1776515063.101596,0.7482898810636025,0.020283858927680712,0.7669085519368197,0.21357545858859342,1.164711833000183,2.112398582404681,1.41463217178447,1.4991838932037354,1.236717939376831,1.164711833000183,0.10721325769427748,0.02405009852770043,6.480776243776213
1776515063.1507115,0.7634659058722856,0.16973246125127828,0.7662482314732859,0.2133588398364355,1.150960087776184,2.110261874106281,1.4124558826257707,1.4975570440292358,1.2553735971450806,1.150960087776184,0.10524105921664448,0.021792717889198537,6.478229336498228
1776515063.1994581,0.7634659058722856,0.16973246125127828,0.7673772920684301,0.18636590267509212,1.150960087776184,2.110261874106281,1.4124558826257707,1.4975570440292358,1.2553735971450806,1.150960087776184,0.10524105921664448,0.021792717889198537,6.478229336498228
1776515063.2525547,0.7663981250123866,0.1382700003725425,0.7673772920684301,0.19927941482863812,1.150960087776184,2.110261874106281,1.4124558826257707,1.4975570440292358,1.2553735971450806,1.150960087776184,0.10249190786582207,0.018616509574135576,6.475639130367286
1776515063.2995505,0.7669014621371527,0.11805635303409298,0.7702221061301318,0.1447945424143639,1.153439998626709,2.1074986742339017,1.4086677317518759,1.4943171739578247,1.24848210811615,1.153439998626709,0.10032225800936873,0.016059588755383186,6.473039400359729
1776515063.351023,0.7662863165832815,0.12476487181453261,0.7715438053562101,0.15753543999283903,1.153439998626709,2.1074986742339017,1.4086677317518759,1.4943171739578247,1.24848210811615,1.153439998626709,0.09807288647903425,0.013363668753832991,6.470433638478364
1776515063.3996701,0.7579411471716639,-0.006851920143465531,0.7724204796655513,0.15985304539190012,1.1434637308120728,2.10521209019406,1.4075596811138358,1.4863024950027466,1.2396479845046997,1.1434637308120728,0.09659703815999068,0.011560952564753979,6.46782760940161
1776515063.4493728,0.7609830579840081,-0.024275469945308,0.7727371052613483,0.16562595975964214,1.1434637308120728,2.10521209019406,1.4075596811138358,1.4863024950027466,1.2396479845046997,1.1434637308120728,0.09607014692602026,0.010904348976052275,6.465265944645503
1776515063.5150115,0.7609830579840081,-0.024275469945308,0.7727371052613483,0.16562595975964214,1.1434637308120728,2.10521209019406,1.4075596811138358,1.4863024950027466,1.2396479845046997,1.1434637308120728,0.09728906621247357,0.011048517821324072,6.462739319791408
1776515063.5597117,0.7807583238786909,0.02299866730299883,0.772389570324486,0.1718953455364154,1.1434637308120728,2.10521209019406,1.4075596811138358,1.4863024950027466,1.2396479845046997,1.1434637308120728,0.09713239708598725,0.010861642984364817,6.460217025754698
1776515063.6036005,0.7807583238786909,0.02299866730299883,0.7724813758987091,0.1694908214069929,1.1454567909240723,2.1082669959699083,1.4137196815416275,1.480934500694275,1.2569162845611572,1.1454567909240723,0.09713239708598725,0.010861642984364817,6.460217025754698
1776515063.6498883,0.7908669785207277,-0.022578328496186014,0.7724813758987091,0.17168090434109368,1.1454567909240723,2.1082669959699083,1.4137196815416275,1.480934500694275,1.2569162845611572,1.1454567909240723,0.09675110927711852,0.010426683625415073,6.457656784754601
1776515063.6996384,0.7719609954886133,0.08819590377583447,0.7726992490470499,0.16806288798521257,1.1454567909240723,2.1082669959699083,1.4137196815416275,1.480934500694275,1.2569162845611572,1.1454567909240723,0.09626386660702832,0.009837490332356758,6.45515715783018
1776515063.7504718,0.7694268728524182,0.12925512476648213,0.772987008321969,0.16524157296725706,1.1414203643798828,2.10506478390354,1.4097636769815358,1.475733757019043,1.2577118873596191,1.1414203643798828,0.0940103371386716,0.007126050404397705,6.452690770586995
1776515063.8005664,0.7694268728524182,0.12925512476648213,0.7743141009278234,0.14601402873295816,1.1414203643798828,2.10506478390354,1.4097636769815358,1.475733757019043,1.2577118873596191,1.1414203643798828,0.0940103371386716,0.007126050404397705,6.452690770586995
1776515063.868769,0.7706492068763708,0.11364599798133504,0.7755511773580106,0.13895926514040774,1.1414203643798828,2.10506478390354,1.4097636769815358,1.475733757019043,1.2577118873596191,1.1414203643798828,0.09193990884364153,0.004571305762113759,6.450226702560536
1776515063.9045143,0.7721078455283893,0.09759400677547575,0.7755511773580106,0.15506207862169247,1.1359553337097168,2.104409535542117,1.410304782654651,1.4721953868865967,1.261643409729004,1.1359553337097168,0.09043649132494566,0.002385005390595968,6.447754314175196
1776515063.9507675,0.7762944371287548,0.09690736342955789,0.7775696216519846,0.11791404171174347,1.1359553337097168,2.104409535542117,1.410304782654651,1.4721953868865967,1.261643409729004,1.1359553337097168,0.08863408407006601,0.0003378184369957349,6.4452796076306305
1776515064.0115478,0.7650983487598322,0.03495528205833314,0.7775696216519846,0.11791404171174347,1.1359553337097168,2.104409535542117,1.410304782654651,1.4721953868865967,1.261643409729004,1.1359553337097168,0.08726870247746979,-0.001237669809166897,6.442824669417575
1776515064.055397,0.7640308183452692,-0.027736973454444685,0.7783548345222444,0.13952191312609918,1.1391491889953613,2.1052105550298417,1.4143039960369894,1.483105182647705,1.2687653303146362,1.1391491889953613,0.08735198073240233,-0.001140845233606691,6.440412710056455
1776515064.1235728,0.7640308183452692,-0.027736973454444685,0.7783548345222444,0.13952191312609918,1.1391491889953613,2.1052105550298417,1.4143039960369894,1.483105182647705,1.2687653303146362,1.1391491889953613,0.08735198073240233,-0.001140845233606691,6.440412710056455
1776515064.1625757,0.7640308183452692,-0.027736973454444685,0.7783548345222444,0.1398757130188534,1.1391491889953613,2.1052105550298417,1.4143039960369894,1.483105182647705,1.2687653303146362,1.1391491889953613,0.08735198073240233,-0.001140845233606691,6.440412710056455
1776515064.2031655,0.7640308183452692,-0.027736973454444685,0.7783067375208446,0.14104796961894486,1.1391491889953613,2.1052105550298417,1.4143039960369894,1.483105182647705,1.2687653303146362,1.1391491889953613,0.08735198073240233,-0.001140845233606691,6.440412710056455
1776515064.2525356,0.7640308183452692,-0.027736973454444685,0.7783067375208446,0.14041760031716805,1.1391491889953613,2.1052105550298417,1.4143039960369894,1.483105182647705,1.2687653303146362,1.1391491889953613,0.08735198073240233,-0.001140845233606691,6.440412710056455
1776515064.304865,0.7707317530250323,0.007718644210901985,0.7783067375208446,0.14059508477612076,1.1391491889953613,2.1052105550298417,1.4143039960369894,1.483105182647705,1.2687653303146362,1.1391491889953613,0.08741715336905115,-0.0010668771537440391,6.438039890029801
1776515064.375554,0.7707317530250323,0.007718644210901985,0.7782696029540475,0.14144939013139116,1.1391491889953613,2.1052105550298417,1.4143039960369894,1.483105182647705,1.2687653303146362,1.1391491889953613,0.08741715336905115,-0.0010668771537440391,6.438039890029801
1776515064.4028354,0.7707317530250323,0.007718644210901985,0.7782696029540475,0.14144939013139116,1.1391491889953613,2.1052105550298417,1.4143039960369894,1.483105182647705,1.2687653303146362,1.1391491889953613,0.08741715336905115,-0.0010668771537440391,6.438039890029801
1776515064.4499896,0.7851303110004588,0.04043222333462471,0.7782696029540475,0.141238413378067,1.130344271659851,2.1041198906029517,1.4130261263185233,1.458311915397644,1.2717349529266357,1.130344271659851,0.0867244965081676,-0.001911273470082936,6.435650774922077
1776515064.5024304,0.7891916424524873,0.018627839976540786,0.778680583451565,0.13468015794027002,1.130344271659851,2.1041198906029517,1.4130261263185233,1.458311915397644,1.2717349529266357,1.130344271659851,0.08608909290781241,-0.0026979515411780786,6.433262841724922
1776515064.5501878,0.7818810794791999,0.051607250876468475,0.7790609750187611,0.1308770021199437,1.130344271659851,2.1041198906029517,1.4130261263185233,1.458311915397644,1.2717349529266357,1.130344271659851,0.08543763027107532,-0.0031288379539917976,6.430901719179495
1776515064.600988,0.776608200924799,0.10467499813641128,0.7793457917988067,0.13212420257169633,1.1310549974441528,2.1046964849839047,1.4154889534403663,1.4706729650497437,1.2723565101623535,1.1310549974441528,0.083612002535677,-0.0052127179066543405,6.42858543132297
1776515064.6524699,0.7772467411639749,0.08996959419700494,0.7813895465982786,0.09876642293929122,1.1310549974441528,2.1046964849839047,1.4154889534403663,1.4706729650497437,1.2723565101623535,1.1310549974441528,0.0818825445337647,-0.007228385074240451,6.426277699702654
1776515064.7014453,0.7769995948872481,0.0859345678848629,0.7813895465982786,0.12414067395208453,1.1243877410888672,2.1024843857974282,1.4140691832081638,1.459296703338623,1.26675283908844,1.1243877410888672,0.08023068363326852,-0.009193030047003503,6.423979044013369
1776515064.758476,0.7775037681189291,0.03789548905110297,0.7829591139651754,0.0924784542826942,1.1243877410888672,2.1024843857974282,1.4140691832081638,1.459296703338623,1.26675283908844,1.1243877410888672,0.07921132334791262,-0.010429883745890378,6.421686488550636
1776515064.7996528,0.7652974202080816,-0.04561274252406212,0.7829591139651754,0.11540214331581969,1.1243877410888672,2.1024843857974282,1.4140691832081638,1.459296703338623,1.26675283908844,1.1243877410888672,0.07901538763474422,-0.010669419577909622,6.419440303752513
1776515064.853607,0.7605539461773884,-0.1110770989129663,0.7830755597978593,0.11334779381531193,1.124646544456482,2.103142525838769,1.4188423336659453,1.4484645128250122,1.2746217250823975,1.124646544456482,0.07934965872195968,-0.009103019146324942,6.417263078898748
1776515064.8996725,0.7645465265010615,-0.0903307312215889,0.7825527313630372,0.12464724665144958,1.124646544456482,2.103142525838769,1.4188423336659453,1.4484645128250122,1.2746217250823975,1.124646544456482,0.08108277723231855,-0.007137190027907525,6.415155226972257
1776515064.9528484,0.7814138548986329,-0.027767090164262338,0.7815655533452699,0.1364939146576424,1.1212620735168457,2.1033481833672325,1.4184240267645996,1.4341944456100464,1.2839765548706055,1.1212620735168457,0.08190500357131861,-0.006195216091808675,6.413079811664167
1776515065.0030956,0.7938722018997457,0.0009676738289941565,0.7810945996057342,0.13222700433886053,1.1212620735168457,2.1033481833672325,1.4184240267645996,1.4341944456100464,1.2839765548706055,1.1212620735168457,0.08185987420852361,-0.006247858140362328,6.411001143915784
1776515065.055468,0.7945002278530716,-0.01759975601101182,0.7811207119787535,0.12630131875610645,1.1212620735168457,2.1033481833672325,1.4184240267645996,1.4341944456100464,1.2839765548706055,1.1212620735168457,0.08212765341616077,-0.005920248109875237,6.408936659679041
1776515065.1003273,0.7773589250993879,0.11597671374536922,0.7809615008098927,0.1299307768107303,1.1093039512634277,2.105352201801445,1.4245212356948795,1.426737666130066,1.2749900817871094,1.1093039512634277,0.08068900136485366,-0.007679192398696466,6.406944502175009
1776515065.157667,0.7773589250993879,0.11597671374536922,0.781816545527692,0.11016448805372803,1.1093039512634277,2.105352201801445,1.4245212356948795,1.426737666130066,1.2749900817871094,1.1093039512634277,0.08068900136485366,-0.007679192398696466,6.406944502175009
1776515065.1995687,0.7792447650143519,0.08667357232892153,0.781816545527692,0.12298834260602542,1.1093039512634277,2.105352201801445,1.4245212356948795,1.426737666130066,1.2749900817871094,1.1093039512634277,0.07810220996006251,-0.009691517369601832,6.4049606496224865
1776515065.2499008,0.7796806947579642,0.06887299453791305,0.7830318679535528,0.10095652706469155,1.1093039512634277,2.105352201801445,1.4245212356948795,1.426737666130066,1.2749900817871094,1.1093039512634277,0.07667562989017093,-0.011303854932014579,6.4029903417354115
1776515065.3005075,0.7797248294727239,0.04032607062161103,0.783842820648641,0.09965643066983246,1.116684079170227,2.1064728170936577,1.4291651152116693,1.4285845756530762,1.2791577577590942,1.116684079170227,0.07555714787611742,-0.012587361769200056,6.401027951574989
1776515065.349396,0.7712938486140857,-0.035728418227274086,0.7844840600305945,0.09973080045431856,1.116684079170227,2.1064728170936577,1.4291651152116693,1.4285845756530762,1.2791577577590942,1.116684079170227,0.07538222541917725,-0.012792788534335908,6.399107368375746
1776515065.401281,0.7712938486140857,-0.035728418227274086,0.7845856599839814,0.10632436791935941,1.116684079170227,2.1064728170936577,1.4291651152116693,1.4285845756530762,1.2791577577590942,1.116684079170227,0.07538222541917725,-0.012792788534335908,6.399107368375746
1776515065.4701953,0.7661211960687639,-0.11423604182031923,0.7845856599839814,0.10773941838360482,1.1174371242523193,2.1037461741118384,1.4259969986660317,1.4090007543563843,1.2741718292236328,1.1174371242523193,0.07658874030880483,-0.011353406859817172,6.397246879924791
1776515065.4994438,0.7661211960687639,-0.11423604182031923,0.78387859136293,0.12061897339612572,1.1174371242523193,2.1037461741118384,1.4259969986660317,1.4090007543563843,1.2741718292236328,1.1174371242523193,0.07658874030880483,-0.011353406859817172,6.397246879924791
1776515065.5496528,0.7675536932861703,-0.13352590113838136,0.78387859136293,0.11199888317433847,1.1174371242523193,2.1037461741118384,1.4259969986660317,1.4090007543563843,1.2741718292236328,1.1174371242523193,0.07850488935032313,-0.00902936740501864,6.395457865189135
1776515065.6033738,0.78242179839689,-0.09065600818215537,0.7827449907571239,0.13448931787425827,1.1174371242523193,2.1037461741118384,1.4259969986660317,1.4090007543563843,1.2741718292236328,1.1174371242523193,0.07997968646409556,-0.007212589242572731,6.3937258185181625
1776515065.6507127,0.8054994607766456,-0.0695998644619254,0.7818646439989684,0.1345743629457289,1.1127853393554688,2.1040875361431097,1.4298850463967907,1.4113057851791382,1.2910135984420776,1.1127853393554688,0.08016596564712936,-0.006191908948252611,6.391989965312782
1776515065.6997364,0.8099339246390174,-0.122045984042217,0.7815319111624341,0.13019860428580698,1.1127853393554688,2.1040875361431097,1.4298850463967907,1.4113057851791382,1.2910135984420776,1.1127853393554688,0.08166847991529103,-0.0044745525121597796,6.390297715089168
1776515065.7499607,0.777856028924502,0.07158810692652683,0.7806724177647514,0.14162183054783603,1.0942304134368896,2.106383829178576,1.4362255928798326,1.3959819078445435,1.2964632511138916,1.0942304134368896,0.0820369733267366,-0.004055308810539282,6.3887066186818995
1776515065.801481,0.7787850635408904,0.09777549117679123,0.7804621691886134,0.1348657982158016,1.0942304134368896,2.106383829178576,1.4362255928798326,1.3959819078445435,1.2964632511138916,1.0942304134368896,0.08006697256171305,-0.0063572295404186185,6.387136556513176
1776515065.849473,0.778874629463013,0.10328304948170623,0.7816031471857655,0.11061463856855758,1.1040318012237549,2.1087067021361996,1.4423263097211385,1.4034268856048584,1.3004306554794312,1.1040318012237549,0.07820615531457017,-0.008610648830285506,6.385597501243607
1776515065.9015145,0.7756820790172451,0.05013272525373703,0.7827030305332083,0.10711860335875514,1.1040318012237549,2.1087067021361996,1.4423263097211385,1.4034268856048584,1.3004306554794312,1.1040318012237549,0.07681304492310484,-0.010320482797996577,6.384057443523798
1776515065.9561167,0.7699078453943752,-0.04206835363935637,0.7835328478628166,0.10387143952125766,1.1040318012237549,2.1087067021361996,1.4423263097211385,1.4034268856048584,1.3004306554794312,1.1040318012237549,0.0756406378813112,0.2622947875339038,6.382543349078254
1776515066.0016181,0.7654116001660569,-0.14130846852047912,0.6454901832916323,1.5,1.0995668172836304,2.1088594547804584,1.445860164664207,1.380247950553894,1.2959948778152466,1.0995668172836304,0.07707063578510945,0.2639198148590232,6.381088918657316
1776515066.0495903,0.7581645306626943,-0.11231887600524419,0.644746275962692,0.5666084849438323,1.0995668172836304,2.1088594547804584,1.445860164664207,1.380247950553894,1.2959948778152466,1.0995668172836304,0.07924553404432874,0.2664222801914491,6.379722083363101
1776515066.1005461,0.7758032886076058,-0.056481899607439094,0.6436069546035572,0.5792434460110298,1.0995668172836304,2.1088594547804584,1.445860164664207,1.380247950553894,1.2959948778152466,1.0995668172836304,0.08045369901631677,0.2678288599120492,6.37842109611021
1776515066.1495984,0.7692105042635866,-0.08472020122537112,0.6429698545844953,0.5768809700804283,1.0897066593170166,2.1089706626013403,1.4493165623270816,1.3780927658081055,1.2994318008422852,1.0897066593170166,0.08165853910667897,0.2692812965331218,6.377151413361561
1776515066.2018332,0.7692105042635866,-0.08472020122537112,0.6423218043791838,0.5817227174839408,1.0897066593170166,2.1089706626013403,1.4493165623270816,1.3780927658081055,1.2994318008422852,1.0897066593170166,0.08165853910667897,0.2692812965331218,6.377151413361561
1776515066.251283,0.744078416553069,-0.0459463960218021,0.6423218043791838,0.5733791124685252,1.0897066593170166,2.1089706626013403,1.4493165623270816,1.3780927658081055,1.2994318008422852,1.0897066593170166,0.08262425824151423,0.2704550612262605,6.375977974642433
1776515066.299623,0.7272338987426689,-0.05122585849622451,0.641451336568593,0.5924941371374367,1.0922833681106567,2.109935162687169,1.4552171707375456,1.3537198305130005,1.3172802925109863,1.0922833681106567,0.08325952302378117,0.27124785748561275,6.3748755022850325
1776515066.3494062,0.6966012642327549,0.0203669704648857,0.6111671410837672,1.5,1.0922833681106567,2.109935162687169,1.4552171707375456,1.3537198305130005,1.3172802925109863,1.0922833681106567,0.10960678204956806,0.5128200182943554,6.372879637434935
1776515066.4027853,0.7020363441118594,0.1447040222764306,0.6112383992786664,1.0055062792081475,1.0833147764205933,2.112907698703628,1.462689954921551,1.3487732410430908,1.303787112236023,1.0833147764205933,0.10779866824231718,0.5107131408925617,6.3719162266480165
1776515066.4526432,0.7020363441118594,0.1447040222764306,0.6122547851481476,0.987884849361111,1.0833147764205933,2.112907698703628,1.462689954921551,1.3487732410430908,1.303787112236023,1.0833147764205933,0.10779866824231718,0.5107131408925617,6.3719162266480165
1776515066.4995797,0.6779985361210835,0.1441855342078576,0.613627729890203,0.9770209895169008,1.0833147764205933,2.112907698703628,1.462689954921551,1.3487732410430908,1.303787112236023,1.0833147764205933,0.10537957193010336,0.5078461581147664,6.37097033315981
1776515066.5501204,0.6461909865886117,0.1744272924906145,0.613627729890203,0.9959850920907619,1.0808777809143066,2.1139609903014445,1.4673147579688752,1.3460564613342285,1.3135849237442017,1.0808777809143066,0.10274384923205232,0.5046655044486272,6.370056949333655
1776515066.6006718,0.628717076072261,0.21389482682453326,0.6151391170962311,0.9675031170640103,1.0808777809143066,2.1139609903014445,1.4673147579688752,1.3460564613342285,1.3135849237442017,1.0808777809143066,0.09949070521554246,0.5006911011432424,6.369153337310018
1776515066.6680958,0.628717076072261,0.21389482682453326,0.6151391170962311,0.9675031170640103,1.0808777809143066,2.1139609903014445,1.4673147579688752,1.3460564613342285,1.3135849237442017,1.0808777809143066,0.09949070521554246,0.5006911011432424,6.369153337310018
1776515066.701574,0.628717076072261,0.21389482682453326,0.6170177979125113,0.9651065550281355,1.0808777809143066,2.1139609903014445,1.4673147579688752,1.3460564613342285,1.3135849237442017,1.0808777809143066,0.09949070521554246,0.5006911011432424,6.369153337310018
1776515066.7514558,0.6220685902742732,0.27056986081683904,0.6170177979125113,0.9763723773395692,1.0808777809143066,2.1139609903014445,1.4673147579688752,1.3460564613342285,1.3135849237442017,1.0808777809143066,0.09553587189830587,0.49578406800229385,6.3682362939790655
1776515066.8035588,0.6239148517035394,0.3617054714473828,0.6193222161705956,0.9108586697036996,1.0692743062973022,2.113833034843565,1.4678802760421925,1.3471875190734863,1.3163927793502808,1.0692743062973022,0.13747015719812994,0.48939041947222417,6.36727981340604
1776515066.8534267,0.6322732755402429,0.5046989069288451,0.6283282029338486,1.1164638412661456,1.0692743062973022,2.113833034843565,1.4678802760421925,1.3471875190734863,1.3163927793502808,1.0692743062973022,0.13014609284337503,0.48097508057570953,6.366248064351293
1776515066.9046636,0.6512503948920559,0.5620219491745072,0.6325301620422709,0.9341614536961677,1.0692743062973022,2.113833034843565,1.4678802760421925,1.3471875190734863,1.3163927793502808,1.0692743062973022,0.12043848825278314,0.469687355665486,6.365080052626691
1776515066.9496834,0.6478213880822702,0.5459949274350574,0.6381370413739627,0.8829859793039282,1.0820564031600952,2.115502528081218,1.4705598887839746,1.3557698726654053,1.3027188777923584,1.0820564031600952,0.11111462132624922,0.45869817123361595,6.3637859707517235
1776515066.9998274,0.6503499357264239,0.5292232503870163,0.6435636274803728,0.8572292415240059,1.0820564031600952,2.115502528081218,1.4705598887839746,1.3557698726654053,1.3027188777923584,1.0820564031600952,0.10213300358742611,0.44796081557125345,6.362377498905862
1776515067.0495012,0.6542448611127109,0.5184823057725529,0.6488334547360177,0.8270693289758638,1.0779143571853638,2.117170565884826,1.4712007274132362,1.3738224506378174,1.3048062324523926,1.0779143571853638,0.09347493059608938,0.437457781234299,6.360850861331249
1776515067.100539,0.6542448611127109,0.5184823057725529,0.6539561387441819,0.8007431751765656,1.0779143571853638,2.117170565884826,1.4712007274132362,1.3738224506378174,1.3048062324523926,1.0779143571853638,0.09347493059608938,0.437457781234299,6.360850861331249
1776515067.150677,0.6424157669334487,0.4725574741827546,0.6589877773231216,0.7700717168372258,1.0779143571853638,2.117170565884826,1.4712007274132362,1.3738224506378174,1.3048062324523926,1.0779143571853638,0.08504177778565564,0.42707748098176174,6.359229907781924
1776515067.2017746,0.6136233280305573,0.4317091988118347,0.6532059503305168,0.9434524330559473,1.0791641473770142,2.120670023061521,1.4747363318430096,1.3723036050796509,1.3099690675735474,1.0791641473770142,0.118221436734256,0.417865170044467,6.357545750686668
1776515067.2544832,0.6243278524109731,0.4287840799202674,0.6532059503305168,0.8708231409684759,1.0791641473770142,2.120670023061521,1.4747363318430096,1.3723036050796509,1.3099690675735474,1.0791641473770142,0.11100303650956067,0.4096686917954907,6.355806852332922
1776515067.3024368,0.6128815226243202,0.3891571928004962,0.6614655224327377,0.7240967805697961,1.0791641473770142,2.120670023061521,1.4747363318430096,1.3723036050796509,1.3099690675735474,1.0791641473770142,0.10378624992184776,0.4013583663819882,6.354006922286407
1776515067.3498526,0.6069546225843102,0.3577193442965896,0.6614655224327377,0.8236255860986419,1.0773332118988037,2.12411991530938,1.4781272049265672,1.401976227760315,1.304832100868225,1.0773332118988037,0.09740333188092953,0.39391148977431595,6.35215848196696
1776515067.3998127,0.6079987772733092,0.33469295483567585,0.6685652318877211,0.6861927498986348,1.0773332118988037,2.12411991530938,1.4781272049265672,1.401976227760315,1.304832100868225,1.0773332118988037,0.0915624451141398,0.3870036855125563,6.3502498146246795
1776515067.4515798,0.6271715900927518,0.3208407524950621,0.6717558097262546,0.7208218580386222,1.0773332118988037,2.12411991530938,1.4781272049265672,1.401976227760315,1.304832100868225,1.0773332118988037,0.08613541556150717,0.38049309125802033,6.348262399820773
1776515067.500482,0.6271715900927518,0.3208407524950621,0.6717558097262546,0.764823944421403,1.0828834772109985,2.124903300423847,1.4771143289775472,1.4104655981063843,1.3072634935379028,1.0828834772109985,0.08613541556150717,0.38049309125802033,6.348262399820773
1776515067.5528197,0.6671957808840638,0.3434281050105695,0.6717558097262546,0.764823944421403,1.0828834772109985,2.124903300423847,1.4771143289775472,1.4104655981063843,1.3072634935379028,1.0828834772109985,0.08069761391114161,0.3738766147006147,6.34610368447724
1776515067.5994487,0.6949975205424435,0.3722624541810521,0.6749787491782202,0.7037385428550413,1.0828834772109985,2.124903300423847,1.4771143289775472,1.4104655981063843,1.3072634935379028,1.0828834772109985,0.07484415294257868,0.36665378103324764,6.34374839623185
1776515067.6535995,0.6886864857609463,0.4075419792913308,0.678476214769161,0.6817743734819889,1.0750010013580322,2.1308513676866574,1.4832639455411125,1.4180898666381836,1.2983156442642212,1.0750010013580322,0.10378048741434259,0.35888734886844037,6.341306119912063
1776515067.7004619,0.6824729662216256,0.43764180793532587,0.6733588594884224,0.8263048614496811,1.0750010013580322,2.1308513676866574,1.4832639455411125,1.4180898666381836,1.2983156442642212,1.0750010013580322,0.09627316504522737,0.3503248764235737,6.338807535313954
1776515067.7516286,0.681204334918053,0.42309611806783537,0.6776481970100021,0.6762674372769616,1.0750010013580322,2.1308513676866574,1.4832639455411125,1.4180898666381836,1.2983156442642212,1.0750010013580322,0.088710524567991,0.34157185602542567,6.336226714025289
1776515067.8018813,0.6757345078361213,0.3797723968483933,0.6820048281217471,0.6497849811591317,1.0736545324325562,2.1366491398251135,1.487115708688927,1.426537036895752,1.2959411144256592,1.0736545324325562,0.0818659770947836,0.33354992832501906,6.333568242227448
1776515067.8504577,0.6700032269515845,0.3765384574624682,0.6859757938411093,0.6343694775052571,1.0736545324325562,2.1366491398251135,1.487115708688927,1.426537036895752,1.2959411144256592,1.0736545324325562,0.07556965997883797,0.3260394163387057,6.330857935044996
1776515067.9000108,0.6553917060214892,0.34080870749675246,0.6896654091104953,0.6131027069113206,1.0830618143081665,2.1395093540038146,1.4878943822660313,1.4447993040084839,1.2903176546096802,1.0830618143081665,0.06964645253062296,0.31886971501220146,6.328141710664883
1776515067.9497192,0.6636396378900788,0.34578963320737083,0.6931655737588667,0.6000516922423507,1.0830618143081665,2.1395093540038146,1.4878943822660313,1.4447993040084839,1.2903176546096802,1.0830618143081665,0.06390766176205198,0.31180104072818837,6.325344201542245
1776515067.9994202,0.6700526727756376,0.33908368589624277,0.6965909778320702,0.5770879189116258,1.0830618143081665,2.1395093540038146,1.4878943822660313,1.4447993040084839,1.2903176546096802,1.0830618143081665,0.08840906461483622,0.30489631020824376,6.322461726689088
1776515068.0494173,0.6804804132865083,0.347759060417846,0.692349948858753,0.6993958026427425,1.08721923828125,2.1447913706247506,1.4923701356240426,1.454373836517334,1.2786613702774048,1.08721923828125,0.08238065689060808,0.2980512985085377,6.319491814020269
1776515068.1066344,0.690388838273281,0.3456147717065995,0.6957857108811762,0.5818212068188928,1.08721923828125,2.1447913706247506,1.4923701356240426,1.454373836517334,1.2786613702774048,1.08721923828125,0.07643875361325658,0.2912148693735714,6.316398586929248
1776515068.15258,0.7113619255360399,0.3552477589297257,0.6991972706648594,0.5626140649391346,1.0882322788238525,2.1464089437505915,1.4904251538704594,1.4867900609970093,1.276132345199585,1.0882322788238525,0.07056684458946566,0.28543688678010576,6.313063251358258
1776515068.200454,0.7022265721549924,0.3714162520063143,0.7022948268650251,0.5531160360041296,1.0882322788238525,2.1464089437505915,1.4904251538704594,1.4867900609970093,1.276132345199585,1.0882322788238525,0.06458795248026478,0.28025450358548604,6.309540999703479
1776515068.2505302,0.7040795681470168,0.36544002180583124,0.7052525749710372,0.5326867495497531,1.0882322788238525,2.1464089437505915,1.4904251538704594,1.4867900609970093,1.276132345199585,1.0882322788238525,0.058400002660615735,0.27296416597838785,6.306186234088542
1776515068.303552,0.7020918771601691,0.34224519113752594,0.7088532328555763,0.509265804163859,1.0900013446807861,2.1531686862236254,1.495722820179707,1.49777352809906,1.2642641067504883,1.0900013446807861,0.05258666903812842,0.265912370652473,6.302776086708681
1776515068.3517964,0.6962331135562636,0.3376140501982929,0.7122926956196993,0.49263651995884256,1.0900013446807861,2.1531686862236254,1.495722820179707,1.49777352809906,1.2642641067504883,1.0900013446807861,0.047167850447307036,0.2592157598117365,6.299331136205317
1776515068.4014468,0.6962331135562636,0.3376140501982929,0.7155332889399925,0.47524651739887547,1.0900013446807861,2.1531686862236254,1.495722820179707,1.49777352809906,1.2642641067504883,1.0900013446807861,0.047167850447307036,0.2592157598117365,6.299331136205317
1776515068.451163,0.6966944269929508,0.31085151889642987,0.7123541989674608,0.5846150122305408,1.098129391670227,2.1586896530684223,1.498868996307054,1.5096321105957031,1.262199878692627,1.098129391670227,0.06699853831531849,0.2527220334895678,6.295834546660417
1776515068.502794,0.7114211029881863,0.3177984010988904,0.7154537507006331,0.4747980601609276,1.098129391670227,2.1586896530684223,1.498868996307054,1.5096321105957031,1.262199878692627,1.098129391670227,0.06156738533241979,0.24654024355570414,6.29225400919429
1776515068.5497644,0.7114211029881863,0.3177984010988904,0.7154537507006331,0.5151214245678111,1.098129391670227,2.1586896530684223,1.498868996307054,1.5096321105957031,1.262199878692627,1.098129391670227,0.06156738533241979,0.24654024355570414,6.29225400919429
1776515068.6002553,0.685695945384851,0.2133491981078749,0.7187017913105995,0.45370919398457726,1.1030988693237305,2.163039555271724,1.501134476724412,1.5316123962402344,1.2556198835372925,1.1030988693237305,0.05073128061506382,0.2339590026458953,6.284929239784232
1776515068.651168,0.6989961790058477,0.24005910827066365,0.7217071965441533,0.4412945541661714,1.1030988693237305,2.163039555271724,1.501134476724412,1.5316123962402344,1.2556198835372925,1.1030988693237305,0.04716034623491472,0.22969459994011698,6.281242478294617
1776515068.700071,0.722360614574731,0.24453288350695915,0.7238011047655688,0.4409183492197333,1.1030988693237305,2.163039555271724,1.501134476724412,1.5316123962402344,1.2556198835372925,1.1030988693237305,0.04716034623491472,0.22969459994011698,6.281242478294617
1776515068.749475,0.722360614574731,0.24453288350695915,0.7263340378341923,0.4196778188432791,1.1103546619415283,2.1670757682096284,1.5037480036431246,1.5344232320785522,1.240073561668396,1.1103546619415283,0.04288467482300845,0.22449651468003418,6.277439057831979
1776515068.8025532,0.7310043131604328,0.2600504886452382,0.7263340378341923,0.4529483552331869,1.1103546619415283,2.1670757682096284,1.5037480036431246,1.5344232320785522,1.240073561668396,1.1103546619415283,0.03880617460671343,0.21948595350895628,6.273464964321325
1776515068.855823,0.7279224001039689,0.2626238757876515,0.7287647770166005,0.4077141390360509,1.1103546619415283,2.1670757682096284,1.5037480036431246,1.5344232320785522,1.240073561668396,1.1103546619415283,0.05587678776867122,0.21422802622565396,6.269458907615033
1776515068.9044306,0.7147220959826717,0.23504770556601737,0.7259352021391118,0.4925576888505507,1.123774766921997,2.172154323906947,1.5070613646075066,1.5495140552520752,1.2235021591186523,1.123774766921997,0.05587678776867122,0.21422802622565396,6.269458907615033
1776515068.9494498,0.706091451807892,0.2294599898339761,0.7284296382754027,0.4090413182793551,1.123774766921997,2.172154323906947,1.5070613646075066,1.5495140552520752,1.2235021591186523,1.123774766921997,0.047366128981966515,0.20448035797305453,6.261498090674511
1776515069.00241,0.706091451807892,0.2294599898339761,0.7308092352640893,0.3961288034075484,1.123774766921997,2.172154323906947,1.5070613646075066,1.5495140552520752,1.2235021591186523,1.123774766921997,0.047366128981966515,0.20448035797305453,6.261498090674511
1776515069.0515482,0.700515242245886,0.21689568886686408,0.7330089969883677,0.3882766737553211,1.1297606229782104,2.1745788861379705,1.5084446830542726,1.5423645973205566,1.2138254642486572,1.1297606229782104,0.0435777690726693,0.20003359001899856,6.257536410181994
1776515069.1106713,0.7157740812679845,0.2208544966462911,0.735047877400637,0.3755680609766843,1.1297606229782104,2.1745788861379705,1.5084446830542726,1.5423645973205566,1.2138254642486572,1.1297606229782104,0.04009980109825234,0.19588204543786925,6.2535081984107554
1776515069.1520135,0.738590536972157,0.21267452939499656,0.7372500035313617,0.3627050557725391,1.1286051273345947,2.1813296487660017,1.514147896349335,1.551369071006775,1.2142934799194336,1.1286051273345947,0.03638275510922223,0.191362650646837,6.24935572796945
1776515069.1995494,0.7348276241059158,0.23529492071760696,0.739320048354947,0.3525800686469738,1.1286051273345947,2.1813296487660017,1.514147896349335,1.551369071006775,1.2142934799194336,1.1286051273345947,0.03291773857069341,0.18708814830442244,6.245086244790557
1776515069.2515924,0.733246479651531,0.2263808644125641,0.7370093937033652,0.4230906752247075,1.1286051273345947,2.1813296487660017,1.514147896349335,1.551369071006775,1.2142934799194336,1.1286051273345947,0.04732261607115423,0.18237609659537146,6.240848335552387
1776515069.2995439,0.7383378805742328,0.2094028936260662,0.7370093937033652,0.3919463216950565,1.1388099193572998,2.183794646765985,1.514073810761263,1.5645270347595215,1.2022037506103516,1.1388099193572998,0.04341893006506986,0.17792823008851988,6.236548095515125
1776515069.3516936,0.7437041377501199,0.22249596657499623,0.7392385251988168,0.3530193848813611,1.1388099193572998,2.183794646765985,1.514073810761263,1.5645270347595215,1.2022037506103516,1.1388099193572998,0.03967864978295377,0.17362010157807695,6.232157680817519
1776515069.3999062,0.7340887501107813,0.21702765944892777,0.7436431003741677,0.2930771982436587,1.1424673795700073,2.1910980259456863,1.5200505846703134,1.5630019903182983,1.1975754499435425,1.1424673795700073,0.032118645527143386,0.16465677092933217,6.223343098715668
1776515069.4576123,0.7327119434335855,0.23150953237394967,0.7458022054669469,0.31541495638435796,1.1424673795700073,2.1910980259456863,1.5200505846703134,1.5630019903182983,1.1975754499435425,1.1424673795700073,0.028544724531311183,0.16030457980427448,6.21892956123447
1776515069.499568,0.7456900453835777,0.22496765410309796,0.7479214470729127,0.30020714954686395,1.1424673795700073,2.1910980259456863,1.5200505846703134,1.5630019903182983,1.1975754499435425,1.1424673795700073,0.04075307866607286,0.15615505382822892,6.214423649055484
1776515069.5524247,0.7478455954051437,0.2098335332552873,0.7460068091042455,0.3598222431716004,1.1503052711486816,2.196822387327429,1.52556036551253,1.5558785200119019,1.1821943521499634,1.1503052711486816,0.037000375925628604,0.15193533712113605,6.209872633713971
1776515069.6046705,0.7454530143142617,0.2454280047823523,0.7481340108728235,0.2902382498296866,1.1503052711486816,2.196822387327429,1.52556036551253,1.5558785200119019,1.1821943521499634,1.1503052711486816,0.03281854004189283,0.14715224432610474,6.205296936340841
1776515069.64994,0.7454530143142617,0.2454280047823523,0.7505270994981337,0.28633137197419556,1.1503052711486816,2.196822387327429,1.52556036551253,1.5558785200119019,1.1821943521499634,1.1503052711486816,0.03281854004189283,0.14715224432610474,6.205296936340841
1776515069.7001536,0.749427158287341,0.1887014801034883,0.7505270994981337,0.31470228858209326,1.1555184125900269,2.1984636879540727,1.5247680242569448,1.5658388137817383,1.164379596710205,1.1555184125900269,0.029317865132138743,0.14308348365623647,6.200678299756691
1776515069.7496636,0.7487487672764608,0.20479826758618944,0.7525485225629549,0.2778324811810592,1.1555184125900269,2.1984636879540727,1.5247680242569448,1.5658388137817383,1.164379596710205,1.1555184125900269,0.025936888566836902,0.13908693359381363,6.196020593412575
1776515069.8025787,0.7487487672764608,0.20479826758618944,0.7545195626748893,0.27147396283519754,1.1555184125900269,2.1984636879540727,1.5247680242569448,1.5658388137817383,1.164379596710205,1.1555184125900269,0.025936888566836902,0.13908693359381363,6.196020593412575
1776515069.8503902,0.7480879797831187,0.22641869016407581,0.7566646560968721,0.24158299817311332,1.1416834592819214,2.2042017202483186,1.5295420732337486,1.5840919017791748,1.1416834592819214,1.1451466083526611,0.022295659352587593,0.13470299195098545,6.19135339168752
1776515069.9045699,0.7501394081432979,0.21024968941235844,0.7587583649748192,0.2409273262572561,1.1416834592819214,2.2042017202483186,1.5295420732337486,1.5840919017791748,1.1416834592819214,1.1451466083526611,0.01877931359417112,0.13039017142660625,6.186641739238132
1776515069.950415,0.7573582285598897,0.159469286578757,0.7574344186745896,0.2922042600262611,1.1416834592819214,2.2042017202483186,1.5295420732337486,1.5840919017791748,1.1416834592819214,1.1451466083526611,0.025291215413557167,0.12312320825662659,6.177093189326434
1776515069.9997034,0.7573582285598897,0.159469286578757,0.7591521154039281,0.24433064723136977,1.14739990234375,2.212660766993266,1.5370433850468128,1.591626763343811,1.14739990234375,1.1535788774490356,0.025291215413557167,0.12312320825662659,6.177093189326434
1776515070.0500147,0.7455625373770522,0.17410753849893199,0.7591521154039281,0.2654164834061249,1.14739990234375,2.212660766993266,1.5370433850468128,1.591626763343811,1.14739990234375,1.1535788774490356,0.022306456377967188,0.11968239246563428,6.172337496430011
1776515070.10446,0.753308271366145,0.18003794770146064,0.7608677031023747,0.2292781030442399,1.14739990234375,2.212660766993266,1.5370433850468128,1.591626763343811,1.14739990234375,1.1535788774490356,0.019370694223415752,0.11624622651132333,6.167542944441675
1776515070.1524427,0.753308271366145,0.18003794770146064,0.7625696416325287,0.22536679943473917,1.123688817024231,2.2155299087457365,1.539735403235645,1.5887349843978882,1.123688817024231,1.1453689336776733,0.019370694223415752,0.11624622651132333,6.167542944441675
1776515070.1995966,0.7569244655663184,0.18133461183320582,0.7625696416325287,0.24588776209983604,1.123688817024231,2.2155299087457365,1.539735403235645,1.5887349843978882,1.123688817024231,1.1453689336776733,0.022442658963686524,0.11966600303408992,6.169999465256521
1776515070.249568,0.7583833353300085,0.19540931902936476,0.7608379690916058,0.27705822254585094,1.123688817024231,2.2155299087457365,1.539735403235645,1.5887349843978882,1.123688817024231,1.1453689336776733,0.01919481064331352,0.1158298250069798,6.1651771970325715
1776515070.3184426,0.7581461088189617,0.20728871107164362,0.7627305567159307,0.2213520827205297,1.1177988052368164,2.224465822644194,1.547932549938981,1.5952621698379517,1.1177988052368164,1.1638630628585815,0.01579683705016338,0.11174460797931851,6.160329369757972
1776515070.3495495,0.7581461088189617,0.20728871107164362,0.7647307068291497,0.20557759584104943,1.1177988052368164,2.224465822644194,1.547932549938981,1.5952621698379517,1.1177988052368164,1.1638630628585815,0.01579683705016338,0.11174460797931851,6.160329369757972
1776515070.4008324,0.7634232962116347,0.14589824444096142,0.7647307068291497,0.23353881811914487,1.1177988052368164,2.224465822644194,1.547932549938981,1.5952621698379517,1.1177988052368164,1.1638630628585815,0.013086831278075917,0.1084277483413928,6.155441455045378
1776515070.4498396,0.7624274445376906,0.1542059963217426,0.7663423489823349,0.2027455222306101,1.1177988052368164,2.224465822644194,1.547932549938981,1.5952621698379517,1.1177988052368164,1.1638630628585815,0.021176359129023048,-0.14532768885249392,6.150532235997881
1776515070.5006583,0.7631066027825869,0.16120660224960592,0.7318316616798133,-1.085276903462584,1.101227879524231,2.225853668661938,1.5480779308759867,1.6001038551330566,1.101227879524231,1.1584166288375854,0.018318176560191468,-0.14855384803603666,6.145611308560455
1776515070.5494564,0.749695215606727,0.13703861664443598,0.7303090294427496,-0.20823721414554652,1.092274785041809,2.231720545576415,1.5536023910152685,1.6206517219543457,1.092274785041809,1.1631128787994385,0.01285764071031592,-0.15488243009175984,6.135798533556826
1776515070.5994182,0.7282416884127348,0.043999443111702126,0.7288122844762641,-0.21875888864993476,1.092274785041809,2.231720545576415,1.5536023910152685,1.6206517219543457,1.092274785041809,1.1631128787994385,0.01174625597710488,-0.15618100114601097,6.131010511905626
1776515070.6510897,0.7187563729620986,-0.0005626041540720488,0.728194926397051,-0.21064694118898936,1.092274785041809,2.231720545576415,1.5536023910152685,1.6206517219543457,1.092274785041809,1.1631128787994385,0.011650979506169445,-0.15629959798998638,6.126382827909672
1776515070.6994684,0.7187563729620986,-0.0005626041540720488,0.7281400484177514,-0.20343077595382864,1.0853350162506104,2.234927420810237,1.55712328296229,1.6124199628829956,1.0853350162506104,1.1670947074890137,0.011650979506169445,-0.15629959798998638,6.126382827909672
1776515070.7514863,0.7011374340152767,0.06671483925454731,0.7281582912468435,-0.2027034049323468,1.0853350162506104,2.234927420810237,1.55712328296229,1.6124199628829956,1.0853350162506104,1.1670947074890137,-0.004491359718350962,-0.2034465932248522,6.117355563518801
1776515070.8024533,0.7011374340152767,0.06671483925454731,0.7389911614578685,-0.5547595140695523,1.0853350162506104,2.234927420810237,1.55712328296229,1.6124199628829956,1.0853350162506104,1.1670947074890137,-0.004491359718350962,-0.2034465932248522,6.117355563518801
1776515070.8534956,0.6748029547587553,0.1180855862402311,0.7382801115757379,-0.3157465766124441,1.0633678436279297,2.239640337686424,1.5614253656875072,1.6275877952575684,1.0633678436279297,1.1770411729812622,-0.007401876676769281,-0.20678134208495452,6.108569233932887
1776515070.89944,0.6809848339801111,0.18263049892467817,0.7373305251848392,-0.3248725738179762,1.0633678436279297,2.239640337686424,1.5614253656875072,1.6275877952575684,1.0633678436279297,1.1770411729812622,-0.009958368668290918,-0.20979415235398774,6.104273169320345
1776515070.9525585,0.6857011693900629,0.13644739351876695,0.7358485420323609,-0.3395897453311268,1.0720635652542114,2.244946361360012,1.567041572212787,1.6000678539276123,1.0720635652542114,1.1772056818008423,-0.012664375279721918,-0.21299650576987533,6.099922117925539
1776515070.9994407,0.6907421460783619,0.12113416642043102,0.7342761653073753,-0.35023747701767977,1.0720635652542114,2.244946361360012,1.567041572212787,1.6000678539276123,1.0720635652542114,1.1772056818008423,-0.014798430452065081,-0.2155786103237723,6.095516149016244
1776515071.0505753,0.691389715019176,0.07083800069658824,0.7330203426557294,-0.35656921890080634,1.0720635652542114,2.244946361360012,1.567041572212787,1.6000678539276123,1.0720635652542114,1.1772056818008423,-0.01635562141426755,-0.21749210495117605,6.091103416674457
1776515071.099698,0.6983673630418213,0.024090585467117547,0.7320957951857575,-0.35621410785864693,1.0593152046203613,2.2415543850873156,1.5598135325341649,1.60111665725708,1.0593152046203613,1.1787887811660767,-0.038785601981290996,-0.21843248475424432,6.08667630296427
1776515071.152119,0.6983673630418213,0.024090585467117547,0.6010538890466374,-0.4421009466255786,1.0593152046203613,2.2415543850873156,1.5598135325341649,1.60111665725708,1.0593152046203613,1.1787887811660767,-0.038785601981290996,-0.21843248475424432,6.08667630296427
1776515071.2069392,0.7043983872541963,-0.07347012581271413,0.6010538890466374,-0.37911558264241824,1.0593152046203613,2.2415543850873156,1.5598135325341649,1.60111665725708,1.0593152046203613,1.1787887811660767,-0.038225715958219664,-0.21779336549825928,6.082217816317977
1776515071.2626314,0.7064075927820818,-0.16477421664916264,0.6023222010037577,-0.3524722757138804,1.032891869544983,2.2365794857820904,1.5534208764801414,1.5972485542297363,1.032891869544983,1.1898280382156372,-0.036104203826409165,-0.21535133575616167,6.077822507047972
1776515071.3014917,0.6937058021426767,-0.2617496492486497,0.6023222010037577,-0.37138209016013884,1.032891869544983,2.2365794857820904,1.5534208764801414,1.5972485542297363,1.032891869544983,1.1898280382156372,-0.03190092876748318,-0.21043460262870822,6.073557438513964
1776515071.351501,0.6810148720991396,-0.2383740982041562,0.6063583291011047,-0.2711563147199793,1.032891869544983,2.2365794857820904,1.5534208764801414,1.5972485542297363,1.032891869544983,1.1898280382156372,-0.027695451862481013,-0.2054344512167005,6.069450942726131
1776515071.400612,0.6621592586302089,-0.25374101386501974,0.6063583291011047,-0.344327274250523,1.0427511930465698,2.2322013793887088,1.5515137001396675,1.5771560668945312,1.0427511930465698,1.1813006401062012,-0.023596661738966906,-0.20048492610334795,6.065529343642182
1776515071.451942,0.6621592586302089,-0.25374101386501974,0.6083523989400195,-0.29429073137261785,1.0427511930465698,2.2322013793887088,1.5515137001396675,1.5771560668945312,1.0427511930465698,1.1813006401062012,-0.023596661738966906,-0.20048492610334795,6.065529343642182
1776515071.4994514,0.642736078347334,-0.2693682129030964,0.6083523989400195,-0.331371288503621,1.0427511930465698,2.2322013793887088,1.5515137001396675,1.5771560668945312,1.0427511930465698,1.1813006401062012,-0.019284173652411807,-0.19519051586061836,6.061804812605687
1776515071.549509,0.6180391988221259,-0.22427804316636277,0.610470477430848,-0.2820402536629132,1.039922833442688,2.2260739060048147,1.5454328216305206,1.5521833896636963,1.039922833442688,1.186063289642334,-0.03411504536501514,0.3980364578601552,6.058282495896647
1776515071.6000154,0.6112474426993997,-0.2004963274402457,0.4224299932645562,1.5,1.039922833442688,2.2260739060048147,1.5454328216305206,1.5521833896636963,1.039922833442688,1.186063289642334,-0.030497518329987594,0.4021048336319155,6.054932923427401
1776515071.6496744,0.5966335038690406,-0.1439897346954332,0.4211873519573,0.6517175104738742,1.039922833442688,2.2260739060048147,1.5454328216305206,1.5521833896636963,1.039922833442688,1.186063289642334,-0.02763102528710104,0.40537704936944774,6.051720884286438
1776515071.7006776,0.5802796690454953,-0.1214631449859929,0.42019447077176864,0.6550684511571632,1.0265634059906006,2.2222376905250725,1.5431984575168527,1.53596830368042,1.0265634059906006,1.1897298097610474,-0.025605738953324297,0.4077224130630276,6.048638500034625
1776515071.7623653,0.5644716544368126,-0.09359211284977899,0.4194872924992352,0.6561630170929202,1.0265634059906006,2.2222376905250725,1.5431984575168527,1.53596830368042,1.0265634059906006,1.1897298097610474,-0.023863892867514225,0.40976143475679594,6.045684780453036
1776515071.799552,0.5511550186433877,-0.05375584503945727,0.41887536982871854,0.6614431693261581,1.0301573276519775,2.2209712147822986,1.5427434512984775,1.523741602897644,1.0301573276519775,1.1913468837738037,-0.022769253182829907,0.4110596614160379,6.042836424888054
1776515071.849799,0.5319080426089242,-0.0556656075191902,0.4184879596756199,0.6600118773689546,1.0301573276519775,2.2209712147822986,1.5427434512984775,1.523741602897644,1.0301573276519775,1.1913468837738037,-0.021961870300597597,0.4120313808836553,6.0401037713605845
1776515071.9015048,0.5319080426089242,-0.0556656075191902,0.4184879596756199,0.6600118773689546,1.0301573276519775,2.2209712147822986,1.5427434512984775,1.523741602897644,1.0301573276519775,1.1913468837738037,-0.021961870300597597,0.4120313808836553,6.0401037713605845
1776515071.9501903,0.5021829139042886,-0.08770433745677199,0.418199809199732,0.6567248765317436,1.0301573276519775,2.2209712147822986,1.5427434512984775,1.523741602897644,1.0301573276519775,1.1913468837738037,-0.02072821444214812,0.4135488847015928,6.037513446810908
1776515071.9997537,0.5021829139042886,-0.08770433745677199,0.4177539683256616,0.6705545078016215,1.0284088850021362,2.2182658370394712,1.5389574245910151,1.4993170499801636,1.0284088850021362,1.1871973276138306,-0.02072821444214812,0.4135488847015928,6.037513446810908
1776515072.0504925,0.47708228427173927,-0.056993793303665136,0.4175154537475137,0.6702305252845164,1.0284088850021362,2.2182658370394712,1.5389574245910151,1.4993170499801636,1.0284088850021362,1.1871973276138306,-0.020052638037548032,0.41434667512951495,6.035132154007817
1776515072.10078,0.4717202581097274,-0.05972503556287648,0.4175154537475137,0.6655765927844944,1.0284088850021362,2.2182658370394712,1.5389574245910151,1.4993170499801636,1.0284088850021362,1.1871973276138306,0.02075217309207833,0.4730609419589126,6.032816161792497
1776515072.1547,0.46686005552272275,-0.05163006923210156,0.5455751453685345,1.1585516645387721,1.0216727256774902,2.2161305322347142,1.5368071033858377,1.4980988502502441,1.0216727256774902,1.1932621002197266,0.02173000918251894,0.4741199326037896,6.0305822146156505
1776515072.199471,0.4441818956664541,-0.04489167357605674,0.5451945007525351,0.8306923698658547,1.0216727256774902,2.2161305322347142,1.5368071033858377,1.4980988502502441,1.0216727256774902,1.1932621002197266,0.029776068576862824,0.4830034850737557,6.0317435995250905
1776515072.2496302,0.43058445602881995,-0.05547131765575675,0.5418528989883545,0.9017446583248981,1.0248371362686157,2.212856935528447,1.5302458638113638,1.4963617324829102,1.0248371362686157,1.1851056814193726,0.03074258096957383,0.4840131780123319,6.029778690015578
1776515072.301417,0.4316331603466512,-0.05138053475153779,0.5414190285483713,0.8572563062432722,1.0248371362686157,2.212856935528447,1.5302458638113638,1.4963617324829102,1.0248371362686157,1.1851056814193726,0.03184049340909445,0.48512501012889264,6.027894791043191
1776515072.3515594,0.4328789771542365,0.023209194904053723,0.5409342818356546,0.8609754429294791,1.0248371362686157,2.212856935528447,1.5302458638113638,1.4963617324829102,1.0248371362686157,1.1851056814193726,0.03261245698006038,0.4856949126508503,6.026207803885709
1776515072.4021719,0.4328789771542365,0.023209194904053723,0.5406423493943124,0.8613141274226591,1.0260621309280396,2.211003230083441,1.529515613939621,1.4722959995269775,1.0260621309280396,1.1888798475265503,0.03261245698006038,0.4856949126508503,6.026207803885709
1776515072.4720874,0.41800360523846186,0.002876088559535955,0.5406423493943124,0.8560737982926474,1.0260621309280396,2.211003230083441,1.529515613939621,1.4722959995269775,1.0260621309280396,1.1888798475265503,0.03241220328687777,0.4849973030727235,6.0246326807103765
1776515072.5004685,0.4072358370944945,0.08482284874490013,0.5408449867743106,0.8520356287222227,1.0260621309280396,2.211003230083441,1.529515613939621,1.4722959995269775,1.0260621309280396,1.1888798475265503,0.032226496633595,0.4841273733270408,6.023310847864175
1776515072.549526,0.42109243810691616,0.178373990999934,0.5410843798133597,0.8479709531291187,1.031327486038208,2.2106949131760083,1.5291612347723735,1.4645030498504639,1.031327486038208,1.1794832944869995,0.03051563332138807,0.48135915610480184,6.02199654064932
1776515072.5994499,0.40027242401493146,0.18755742956545174,0.5420788238404501,0.8319620800744235,1.031327486038208,2.2106949131760083,1.5291612347723735,1.4645030498504639,1.031327486038208,1.1794832944869995,0.02818263631562873,0.4778311510909772,6.020681953864105
1776515072.6495652,0.40027242401493146,0.18755742956545174,0.5433779051978928,0.8141107862108821,1.031327486038208,2.2106949131760083,1.5291612347723735,1.4645030498504639,1.031327486038208,1.1794832944869995,0.02818263631562873,0.4778311510909772,6.020681953864105
1776515072.702247,0.33425493328646405,0.2149046460665343,0.5447299277314602,0.8069196265816261,1.021315574645996,2.210989350086004,1.5260870824331443,1.4769400358200073,1.021315574645996,1.1771296262741089,0.025767254885362467,0.4741479475474568,6.019571961787962
1776515072.7510498,0.2706012821519571,0.06973088141251917,0.5447299277314602,0.8277415631108529,1.021315574645996,2.210989350086004,1.5260870824331443,1.4769400358200073,1.021315574645996,1.1771296262741089,0.023616340899297372,0.47025390053178007,6.019171487679022
1776515072.7994502,0.21256945329194846,-0.06953014628029763,0.5460756767580521,0.7949066279688086,1.021315574645996,2.210989350086004,1.5260870824331443,1.4769400358200073,1.021315574645996,1.1771296262741089,0.024023182033156565,0.46991294510767034,6.018702395025897
1776515072.8504698,0.13475433469681586,-0.022410190643654074,0.5460698592996726,0.8185360275194885,1.025746464729309,2.209701363848493,1.5240056448657655,1.4743143320083618,1.025746464729309,1.1704750061035156,0.025202002159281978,0.47127469307020187,6.017939806308622
1776515072.90343,0.10029765355736245,0.13323925965268482,0.5455106139562053,0.8296318595749056,1.025746464729309,2.209701363848493,1.5240056448657655,1.4743143320083618,1.025746464729309,1.1704750061035156,0.07003362756306569,0.470699142375525,6.017343178219794
1776515072.9504857,0.036899125701390485,0.11430598932723737,0.6491992352331818,1.0622406554000112,1.0220142602920532,2.207765562351273,1.5214478805101765,1.4496757984161377,1.0220142602920532,1.1757599115371704,0.06795314478129633,0.4682800876921729,6.017084911097409
1776515073.0025766,0.005604764428153453,-0.026275423690259245,0.6502770074037353,0.8593770862874436,1.0220142602920532,2.207765562351273,1.5214478805101765,1.4496757984161377,1.0220142602920532,1.1757599115371704,0.06617551978591846,0.46601559627550126,6.017273613760704
1776515073.0525908,0.005604764428153453,-0.026275423690259245,0.6505285669954313,0.8682829844585993,1.0220142602920532,2.207765562351273,1.5214478805101765,1.4496757984161377,1.0220142602920532,1.1757599115371704,0.06578698296448648,0.4654633120798002,6.017387263512098
1776515073.0993466,0.018975912896383576,-0.14012235922461816,0.6505285669954313,0.8714745547965409,1.0191748142242432,2.209751137641709,1.523489805282809,1.472103238105774,1.0191748142242432,1.1794010400772095,0.06693664799253646,0.46683971716378436,6.0172922953759524
1776515073.1574411,0.018975912896383576,-0.14012235922461816,0.6498561077877136,0.8844791476169416,1.0191748142242432,2.209751137641709,1.523489805282809,1.472103238105774,1.0191748142242432,1.1794010400772095,0.06693664799253646,0.46683971716378436,6.0172922953759524
1776515073.1995542,0.06453859825879443,-0.32497638356338643,0.6471158987333874,0.9267038848851525,1.0191748142242432,2.209751137641709,1.523489805282809,1.472103238105774,1.0191748142242432,1.1794010400772095,0.07175261770796276,0.472330368547911,6.017002999230153
1776515073.24944,0.030865647243039994,-0.3605497620516518,0.6471158987333874,0.8910523591761241,1.0191748142242432,2.209751137641709,1.523489805282809,1.472103238105774,1.0191748142242432,1.1794010400772095,0.07869021029880091,0.48019685724884176,6.016745557394732
1776515073.2998965,-0.024727045027289226,-0.2972816635844254,0.6431805158081495,0.9632008224028996,1.016412377357483,2.204897101337881,1.5201994727336317,1.4565339088439941,1.016412377357483,1.1731425523757935,0.08420980280717189,0.4867774860045537,6.016434152629286
1776515073.349998,-0.010051569624404472,-0.20579717455458355,0.6399596939843932,0.9720366605285541,1.016412377357483,2.204897101337881,1.5201994727336317,1.4565339088439941,1.016412377357483,1.1731425523757935,0.08776844363150843,0.49138830305181347,6.016012243985507
1776515073.399648,-0.003954228242464087,-0.1272478664443171,0.6377804748630019,0.9750628870045518,1.0268595218658447,2.2045374032416682,1.5213160696855625,1.4479461908340454,1.0268595218658447,1.1722749471664429,0.09054449360600075,0.4949428076366026,6.0156977060579635
1776515073.4506054,0.0019113536442960167,0.017688185542397893,0.6360923011772575,0.9754591378899385,1.0268595218658447,2.2045374032416682,1.5213160696855625,1.4479461908340454,1.0268595218658447,1.1722749471664429,0.09118999315580273,0.4957612153194051,6.015635946180979
1776515073.5007708,0.00030345759918852213,-0.00028447387402772724,0.6357171811729303,0.9614064579484392,1.0265613794326782,2.2055148733202556,1.524576894979883,1.442982792854309,1.0265613794326782,1.1638002395629883,0.09116296380448935,0.4957311778582274,6.0156341045948984
1776515073.5548582,0.0004362892001763427,-0.00041216022080215126,0.6357171811729303,0.9564445524516286,1.0265613794326782,2.2055148733202556,1.524576894979883,1.442982792854309,1.0265613794326782,1.1638002395629883,0.0911523155752153,0.495718974496944,6.015633295063167
1776515073.6000152,0.0004362892001763427,-0.00041216022080215126,0.6357232575242091,0.956338391690015,1.0265613794326782,2.2055148733202556,1.524576894979883,1.442982792854309,1.0265613794326782,1.1638002395629883,0.0911523155752153,0.495718974496944,6.015633295063167
1776515073.6525745,0.0008366414535954329,-0.00915566413097689,0.6357069808548291,0.9567342448893129,1.0265613794326782,2.2055148733202556,1.524576894979883,1.442982792854309,1.0265613794326782,1.1638002395629883,0.09117972040448746,0.49575267017576874,6.015629344345656
1776515073.7007768,0.011517702573659023,-0.013410371881057401,0.6357069808548291,0.9565030696636919,1.014381766319275,2.20493149239084,1.524255652396194,1.452843189239502,1.014381766319275,1.1688977479934692,0.09137753237355856,0.49602077611215933,6.0155683659697985
1776515073.750617,0.034434277513335075,0.007283625678945742,0.6355825528806766,0.9588711428088783,1.014381766319275,2.20493149239084,1.524255652396194,1.452843189239502,1.014381766319275,1.1688977479934692,0.09093794889034063,0.49552560979587223,6.015499685795004
1776515073.8028152,0.025693028240719177,-0.012669054136450222,0.635830995507203,0.9524417559445412,1.014381766319275,2.20493149239084,1.524255652396194,1.452843189239502,1.014381766319275,1.1688977479934692,0.09079180023003558,0.49548941356168674,6.015250884095409
1776515073.85005,-0.005810223746114587,-0.033723553826827964,0.6358777755798706,0.9549292457048396,1.029758334159851,2.206151411888447,1.5240542586218022,1.4392729997634888,1.029758334159851,1.1693940162658691,0.0908161796422241,0.4956439225530733,6.015126674705207
1776515073.8998046,0.09305893871974963,-0.19212148816489708,0.6358285633694689,0.9564851936668228,1.029758334159851,2.206151411888447,1.5240542586218022,1.4392729997634888,1.029758334159851,1.1693940162658691,0.09252801179902409,0.49770007855961984,6.014879569363081
1776515073.9509456,0.09305893871974963,-0.19212148816489708,0.6348254108727599,0.9747148821476342,1.029758334159851,2.206151411888447,1.5240542586218022,1.4392729997634888,1.029758334159851,1.1693940162658691,0.09252801179902409,0.49770007855961984,6.014879569363081
1776515073.9998121,0.25850592915434173,-0.5534848918695099,0.6298909733635244,1.055194656698048,1.0246225595474243,2.2019849469769786,1.5207930508128937,1.438294529914856,1.0246225595474243,1.1670255661010742,0.10113795752131588,0.5076435613170563,6.0139332654424855
1776515074.0510285,0.3950670446741016,-0.6639746427638274,0.6298909733635244,0.989868356937985,1.0246225595474243,2.2019849469769786,1.5207930508128937,1.438294529914856,1.0246225595474243,1.1670255661010742,0.11453202538056317,0.5228794985391063,6.012653131517252
1776515074.1003165,0.3958264093005106,-0.40714559224518104,0.6222795982083467,1.1610634738575154,1.0188623666763306,2.2009982264339647,1.5241404036046389,1.4002605676651,1.0188623666763306,1.1678377389907837,0.12413073533428026,0.5338944027504606,6.011347566863011
1776515074.152577,0.3662561480528761,-0.06566594808127531,0.6167981495845744,1.1368548158191536,1.0188623666763306,2.2009982264339647,1.5241404036046389,1.4002605676651,1.0188623666763306,1.1678377389907837,0.1268819271599601,0.5371718763206573,6.010091018140783
1776515074.2038112,0.3511622865056459,0.3490930342180939,0.617828523313886,1.0462693686377067,1.0188623666763306,2.2009982264339647,1.5241404036046389,1.4002605676651,1.0188623666763306,1.1678377389907837,0.12234371197558491,0.5318083170507872,6.008914216446287
1776515074.2504735,0.36235742254445047,0.3408271345824103,0.6209731735233573,0.9979016882182539,1.0329252481460571,2.1986960919227565,1.5185607722941736,1.3952773809432983,1.0329252481460571,1.1671701669692993,0.11691564671395915,0.5254184272228846,6.0076329072388415
1776515074.302818,0.36987384149889846,0.30310501126960676,0.6210270807851183,1.0400249430410782,1.0329252481460571,2.1986960919227565,1.5185607722941736,1.3952773809432983,1.0329252481460571,1.1671701669692993,0.11598251579764524,0.5260649604707428,6.008759238129041
1776515074.3497887,0.38643688002572585,0.27026920325012643,0.6238465973730085,0.9902908668874522,1.0275533199310303,2.199096987580503,1.5184909415367167,1.4012047052383423,1.0275533199310303,1.1575126647949219,0.11112689824069982,0.5203256348503054,6.007424638486896
1776515074.403247,0.4015434791355377,0.23111748292915918,0.6238465973730085,1.0245437492270963,1.0275533199310303,2.199096987580503,1.5184909415367167,1.4012047052383423,1.0275533199310303,1.1575126647949219,0.10692097556678104,0.5153121732002899,6.006003309120218
1776515074.449963,0.40209998508529493,0.1652772524204933,0.6282372577614074,0.9476567381101582,1.0275533199310303,2.199096987580503,1.5184909415367167,1.4012047052383423,1.0275533199310303,1.1575126647949219,0.10361788464188426,0.5113410269541417,6.004526605601795
1776515074.5039067,0.3898129912091045,0.026257544089381298,0.6292600486415928,0.9785446277208147,1.0274348258972168,2.1981363113449195,1.5149453243314268,1.397139310836792,1.0274348258972168,1.1573039293289185,0.10188263019302707,0.5092355375537851,6.003060534480153
1776515074.551008,0.42645514472374585,-0.28561065049387147,0.6282660701794385,1.0111573673216367,1.0274348258972168,2.1981363113449195,1.5149453243314268,1.397139310836792,1.0274348258972168,1.1573039293289185,0.10353097684867502,0.5113159369951934,6.001550300424004
1776515074.60349,0.4650346119256668,-0.4762084591461379,0.6241610927317959,1.081412320603671,1.034195899963379,2.1949107438518864,1.5123563736865997,1.3807858228683472,1.034195899963379,1.1538541316986084,0.1104224847193932,0.5198319833867683,5.999959688404508
1776515074.6499317,0.4504386674024268,-0.5479797745628175,0.6191468947546032,1.1163165338699448,1.034195899963379,2.1949107438518864,1.5123563736865997,1.3807858228683472,1.034195899963379,1.1538541316986084,0.11877309714069068,0.5302948474057985,5.998479625305564
1776515074.7029457,0.4508117450698411,-0.5683230323452744,0.6191468947546032,1.0515050157318722,1.034195899963379,2.1949107438518864,1.5123563736865997,1.3807858228683472,1.034195899963379,1.1538541316986084,0.17877727024582335,0.541100272824506,5.997104583947039
1776515074.7499292,0.44641886570350003,-0.5910731321072135,0.6034400515071909,1.393329733202239,1.0483273267745972,2.1915532920671548,1.5110618243597185,1.3586732149124146,1.0483273267745972,1.141951322555542,0.18857184057823784,0.5524773485172656,5.995841449852376
1776515074.801831,0.445607694365004,-0.6311119213026107,0.5977862385894497,1.2630060728033456,1.0483273267745972,2.1915532920671548,1.5110618243597185,1.3586732149124146,1.0483273267745972,1.141951322555542,0.19868484529900637,0.5643785033020337,5.9946922030557275
1776515074.849744,0.4655092071324519,-0.5377340125895632,0.5860010030257246,1.4089801290701787,1.0469223260879517,2.1873402596622786,1.5069542453795655,1.3133559226989746,1.0469223260879517,1.1375266313552856,0.20878200590698814,0.5763783267346944,5.993697352575075
1776515074.9012578,0.6028747554765204,-0.08518670192897358,0.5831284986539753,1.3078418227095994,1.0469223260879517,2.1873402596622786,1.5069542453795655,1.3133559226989746,1.0469223260879517,1.1375266313552856,0.21368039722462667,0.5822287187336384,5.992639193258256
1776515074.9701953,0.6839331821495306,0.22861039017118723,0.5846170886622343,1.244970941362899,1.0469223260879517,2.1873402596622786,1.5069542453795655,1.3133559226989746,1.0469223260879517,1.1375266313552856,0.21115722767476114,0.5791831784418783,5.991233567240285
1776515074.9993644,0.6839331821495306,0.22861039017118723,0.5868001938619231,1.2207555290870267,1.0462512969970703,2.1870619538313365,1.507995996658002,1.3198716640472412,1.0462512969970703,1.1263132095336914,0.20750802407614188,0.5746706573960332,5.989795684976042
1776515075.0499558,0.6814593436258664,0.2679473975227079,0.5868001938619231,1.2502846065032975,1.0462512969970703,2.1870619538313365,1.507995996658002,1.3198716640472412,1.0462512969970703,1.1263132095336914,0.2037097258899146,0.5698414955898434,5.988376610286619
1776515075.101039,0.665431002892593,0.28540588992768234,0.5891095303105853,1.2039179892422938,1.0462512969970703,2.1870619538313365,1.507995996658002,1.3198716640472412,1.0462512969970703,1.1263132095336914,0.2528871799132525,0.5642997758601651,5.986925770857298
1776515075.161229,0.6495001524676571,0.2597419618780646,0.5782684934210142,1.429414802444709,1.0467782020568848,2.1828499482143378,1.5004878919649318,1.3145546913146973,1.0467782020568848,1.1308566331863403,0.24839941475903027,0.5590253735006326,5.98546447520003
1776515075.1999393,0.642648868472253,0.2569328472657643,0.5833764798270186,1.203025042020767,1.0467782020568848,2.1828499482143378,1.5004878919649318,1.3145546913146973,1.0467782020568848,1.1308566331863403,0.24412766588201645,0.5539405298954047,5.98398225861603
1776515075.25652,0.6347953507822905,0.26173873138420295,0.5858603104593341,1.2229762737397114,1.051650047302246,2.1808948086765936,1.497089553213549,1.3146991729736328,1.051650047302246,1.1259124279022217,0.23991587067420894,0.5488603218955905,5.982476334527889
1776515075.3008502,0.6326760126551249,0.2758953839588568,0.5884166765981224,1.2071987775747797,1.051650047302246,2.1808948086765936,1.497089553213549,1.3146991729736328,1.051650047302246,1.1259124279022217,0.23562094299045427,0.5435958777438683,5.980953676197802
1776515075.3538258,0.6460189029078822,0.40267732668976247,0.5884166765981224,1.2410475622964434,1.051650047302246,2.1808948086765936,1.497089553213549,1.3146991729736328,1.051650047302246,1.1259124279022217,0.2305822096682144,0.5373180169271102,5.979379244345221
1776515075.4028995,0.6425649723786544,0.48399371729380763,0.5914442384240192,1.184265878618353,1.0599207878112793,2.1793828188104833,1.4933630999642389,1.3137023448944092,1.0599207878112793,1.1128498315811157,0.22347555377587341,0.5283615935002433,5.977706259307142
1776515075.4539347,0.6425649723786544,0.48399371729380763,0.5957429142684119,1.1449966754906595,1.0599207878112793,2.1793828188104833,1.4933630999642389,1.3137023448944092,1.0599207878112793,1.1128498315811157,0.22347555377587341,0.5283615935002433,5.977706259307142
1776515075.5018218,0.6394471414533377,0.5021783508579338,0.5957429142684119,1.199183347037647,1.0599207878112793,2.1793828188104833,1.4933630999642389,1.3137023448944092,1.0599207878112793,1.1128498315811157,0.21584197682147493,0.5185996344295627,5.975961932418745
1776515075.5501525,0.6409650956732986,0.5402241891351219,0.6003999242007109,1.1115341672086863,1.0599207878112793,2.1793828188104833,1.4933630999642389,1.3137023448944092,1.0599207878112793,1.1128498315811157,0.25651548245983147,0.5082427551834672,5.974112713671807
1776515075.6005335,0.6313959736489335,0.5283615567816974,0.5930501269687517,1.3082707089675563,1.0528396368026733,2.1778728132662564,1.489101545576611,1.3149073123931885,1.0528396368026733,1.1179159879684448,0.24771124480449286,0.4978757168778958,5.972176012823791
1776515075.6559465,0.6448174472742146,0.5804501619528221,0.5981715655834571,1.1174895214559728,1.0528396368026733,2.1778728132662564,1.489101545576611,1.3149073123931885,1.0528396368026733,1.1179159879684448,0.2383345604503862,0.4866903512941293,5.97011432742763
1776515075.6999614,0.6227629026661926,0.5328244386219269,0.6036663924041465,1.085627929518582,1.0661969184875488,2.1793401117792404,1.4865523321635383,1.3322570323944092,1.0661969184875488,1.1139432191848755,0.22947410670226132,0.47596468638354417,5.96798985683144
1776515075.755966,0.6081924414135118,0.5511757022723636,0.6089024129236379,1.0569543526173089,1.0661969184875488,2.1793401117792404,1.4865523321635383,1.3322570323944092,1.0661969184875488,1.1139432191848755,0.22124525970445985,0.4658781337329353,5.965821760500526
1776515075.7998145,0.5975545907393612,0.5356982795200547,0.6138003171092543,1.0317881823098527,1.0661969184875488,2.1793401117792404,1.4865523321635383,1.3322570323944092,1.0661969184875488,1.1139432191848755,0.2126207683870296,0.4550543208801292,5.963699951676579
1776515075.853967,0.5675594276518768,0.5444956329124607,0.6190043565200325,1.0010432672360552,1.0620505809783936,2.1778983182095466,1.4795019104494624,1.3447747230529785,1.0620505809783936,1.1190106868743896,0.2038688256840288,0.444149961767054,5.961396783907157
1776515075.9008439,0.5642330288230619,0.47201596951923014,0.6242630666328497,0.966442276287337,1.0620505809783936,2.1778983182095466,1.4795019104494624,1.3447747230529785,1.0620505809783936,1.1190106868743896,0.19590889857659882,0.4340896766392933,5.9590998834579505
1776515075.950911,0.5642330288230619,0.47201596951923014,0.629085848099695,0.9469982299517344,1.0620505809783936,2.1778983182095466,1.4795019104494624,1.3447747230529785,1.0620505809783936,1.1190106868743896,0.19590889857659882,0.4340896766392933,5.9590998834579505
1776515076.001902,0.5642330288230619,0.47201596951923014,0.629085848099695,1.0086522965731717,1.0596565008163452,2.178240020114112,1.4760656922197388,1.3597729206085205,1.0596565008163452,1.122545599937439,0.19590889857659882,0.4340896766392933,5.9590998834579505
1776515076.0499425,0.5798513145211496,0.3912096078184579,0.629085848099695,1.0086522965731717,1.0596565008163452,2.178240020114112,1.4760656922197388,1.3597729206085205,1.0596565008163452,1.122545599937439,0.23067481012096153,0.4257234807622228,5.956684372066825
1776515076.10197,0.5958254641491237,0.469174440596791,0.6226673732360953,1.125388067646108,1.0596565008163452,2.178240020114112,1.4760656922197388,1.3597729206085205,1.0596565008163452,1.122545599937439,0.22370902610599808,0.4176252886166867,5.954154669618219
1776515076.150476,0.6267444046203727,0.7008660650993589,0.6266902446086162,0.9712329806588259,1.0661276578903198,2.1783955278052543,1.468554160264805,1.3793835639953613,1.0661276578903198,1.1141963005065918,0.21342348265558297,0.405524244617009,5.951413827268431
1776515076.2143521,0.6188853456514858,0.7309413421384507,0.6397128581242265,0.7730357258951114,1.0661276578903198,2.1783955278052543,1.468554160264805,1.3793835639953613,1.0661276578903198,1.1141963005065918,0.2013659189697607,0.3912247510549782,5.948473699841545
1776515076.251923,0.6168857042509199,0.7503012712816317,0.6469444701850301,0.8096545519056598,1.0661276578903198,2.1783955278052543,1.468554160264805,1.3793835639953613,1.0661276578903198,1.1141963005065918,0.18907124182276486,0.37646277455583277,5.945415165686972
1776515076.3028157,0.6012076477568774,0.7287452462641086,0.6469444701850301,0.9066030275141138,1.042798399925232,2.181957191388768,1.4615447777652786,1.4132869243621826,1.042798399925232,1.1240229606628418,0.1771022316999178,0.36193490132597894,5.942262614004863
1776515076.349882,0.6064968137835971,0.7018245202957748,0.6540284652403466,0.7705131206163988,1.042798399925232,2.181957191388768,1.4615447777652786,1.4132869243621826,1.042798399925232,1.1240229606628418,0.1655006071337255,0.34769013900986534,5.9389583923127
1776515076.402523,0.6373872688922583,0.5623297005391902,0.6609406080795389,0.7429327997925066,1.042798399925232,2.181957191388768,1.4615447777652786,1.4132869243621826,1.042798399925232,1.1240229606628418,0.1558569124570286,0.335697349658715,5.935406694900225
1776515076.4542873,0.6373872688922583,0.5623297005391902,0.6667288001563887,0.716778997810748,1.0657116174697876,2.1879070881447453,1.4597311805893893,1.4337444305419922,1.0657116174697876,1.1254814863204956,0.1558569124570286,0.335697349658715,5.935406694900225
1776515076.5232363,0.6550144775535266,0.5681838051596854,0.672175844309064,0.6941612784120059,1.0657116174697876,2.1879070881447453,1.4597311805893893,1.4337444305419922,1.0657116174697876,1.1254814863204956,0.16848574875584021,0.31264387568546537,5.927770321830175
1776515076.551008,0.6550144775535266,0.5681838051596854,0.670001306121598,0.7989832748705274,1.0657116174697876,2.1879070881447453,1.4597311805893893,1.4337444305419922,1.0657116174697876,1.1254814863204956,0.16848574875584021,0.31264387568546537,5.927770321830175
1776515076.6009007,0.6622667275342692,0.5421379358647878,0.6756340988810696,0.6524108146587535,1.0681357383728027,2.1933405305587175,1.4540775565348611,1.4528461694717407,1.0681357383728027,1.1312826871871948,0.15869887443914188,0.30133494557238094,5.923681049765098
1776515076.6518226,0.6694108443564752,0.5347972347850319,0.6811448754105385,0.6426094642130868,1.0681357383728027,2.1933405305587175,1.4540775565348611,1.4528461694717407,1.0681357383728027,1.1312826871871948,0.14919621630888658,0.29020599314150786,5.919433872892762
1776515076.7011397,0.6598683538712262,0.5192243840938691,0.6863905768065013,0.6149415290650879,1.0609798431396484,2.1949934125718533,1.444696323660351,1.4705679416656494,1.0609798431396484,1.1377758979797363,0.14022120788376796,0.2795488528813901,5.915095746800785
1776515076.749822,0.6558516194092519,0.439941671283487,0.6910207935589747,0.5946434741108757,1.0609798431396484,2.1949934125718533,1.444696323660351,1.4705679416656494,1.0609798431396484,1.1377758979797363,0.13236484145881144,0.27008309426216015,5.910719103083239
1776515076.8034887,0.6765872199654022,0.4722514227339495,0.6910207935589747,0.6547383225201449,1.0609798431396484,2.1949934125718533,1.444696323660351,1.4705679416656494,1.0609798431396484,1.1377758979797363,0.12421453863450754,0.260113586552832,5.906127146351301
1776515076.8498359,0.6765872199654022,0.4722514227339495,0.6958661320293111,0.5620804268141899,1.0609798431396484,2.1949934125718533,1.444696323660351,1.4705679416656494,1.0609798431396484,1.1377758979797363,0.12421453863450754,0.260113586552832,5.906127146351301
1776515076.899943,0.6801812635090619,0.5305567102936594,0.6958661320293111,0.6270506741182221,1.0483876466751099,2.199735209194187,1.4396144482900632,1.4942625761032104,1.0483876466751099,1.1397860050201416,0.11557033193828359,0.24939792803342786,5.901367702786503
1776515076.9498513,0.6804402148029497,0.46747924865643775,0.7010448565021927,0.5321119082780331,1.0483876466751099,2.199735209194187,1.4396144482900632,1.4942625761032104,1.0483876466751099,1.1397860050201416,0.13113984441442905,0.11516682415052804,5.896494569069168
1776515077.0019143,0.6698051282644623,0.3641242229482026,0.7388109995200772,-0.11003310471123656,1.0483876466751099,2.199735209194187,1.4396144482900632,1.4942625761032104,1.0483876466751099,1.1397860050201416,0.12395256839157942,0.10697483301873145,5.891615349114372
1776515077.069515,0.672751083000034,0.3101163308217258,0.7388109995200772,0.3816514313138447,1.0565189123153687,2.2055338825151725,1.4364866766617523,1.4944231510162354,1.0565189123153687,1.1444703340530396,0.11798815573697269,0.1000950428032209,5.886653572030466
1776515077.1045146,0.6816840043807819,0.15271586558881325,0.742240372769381,0.3226652850949673,1.0565189123153687,2.2055338825151725,1.4364866766617523,1.4944231510162354,1.0565189123153687,1.1444703340530396,0.11404821125671116,0.09548169803519446,5.881540831531717
1776515077.1497393,0.6831179302416741,0.00939997115543913,0.7445249753134544,0.31424430396143027,1.0565189123153687,2.2055338825151725,1.4364866766617523,1.4944231510162354,1.0565189123153687,1.1444703340530396,0.11272763463584201,0.09390923975766341,5.8764033576644445
1776515077.1997116,0.6952742602901193,-0.05972343442230787,0.7452980489396221,0.3346768133285191,1.0660252571105957,2.204608849967441,1.4311848316701874,1.5156806707382202,1.0660252571105957,1.1376692056655884,0.11329091619697834,0.0945900508469949,5.87125098168342
1776515077.25277,0.701993759661883,-0.13521602304984404,0.7449654748812029,0.35077413988675477,1.0660252571105957,2.204608849967441,1.4311848316701874,1.5156806707382202,1.0660252571105957,1.1376692056655884,0.11329091619697834,0.0945900508469949,5.87125098168342
1776515077.3043485,0.701993759661883,-0.13521602304984404,0.7440236882338297,0.3636177723265584,1.0670229196548462,2.196009467753076,1.4206566901783697,1.492232084274292,1.0670229196548462,1.1284915208816528,0.11486634716644512,0.0965356867150935,5.866090464406719
1776515077.3542855,0.7555188855525828,0.02494714911398946,0.77796195751747,-0.25687618476942553,1.0670229196548462,2.196009467753076,1.4206566901783697,1.492232084274292,1.0670229196548462,1.1284915208816528,0.1258292278791791,-0.03453901051079655,5.860912739026907
1776515077.400214,0.7408753703945329,0.1468083145464181,0.7796083125085636,0.12622852711260302,1.0670229196548462,2.196009467753076,1.4206566901783697,1.492232084274292,1.0670229196548462,1.1284915208816528,0.11898400893949318,-0.04235623717091541,5.849943098461434
1776515077.4498115,0.7408753703945329,0.1468083145464181,0.7818757761551041,0.1057480825935536,1.0620416402816772,2.1942697428201328,1.4144941449197137,1.4968147277832031,1.0620416402816772,1.1361393928527832,0.11898400893949318,-0.04235623717091541,5.849943098461434
1776515077.500027,0.7408753703945329,0.1468083145464181,0.7818757761551041,0.13556699339940553,1.0620416402816772,2.1942697428201328,1.4144941449197137,1.4968147277832031,1.0620416402816772,1.1361393928527832,0.11898400893949318,-0.04235623717091541,5.849943098461434
1776515077.5507169,0.7408753703945329,0.1468083145464181,0.7818757761551041,0.13556699339940553,1.0620416402816772,2.1942697428201328,1.4144941449197137,1.4968147277832031,1.0620416402816772,1.1361393928527832,0.11898400893949318,-0.04235623717091541,5.849943098461434
1776515077.6032758,0.7548436321540462,0.04584432991465824,0.7818757761551041,0.13556699339940553,1.0620416402816772,2.1942697428201328,1.4144941449197137,1.4968147277832031,1.0620416402816772,1.1361393928527832,0.11732042303892026,-0.04430704397537133,5.844452976589865
1776515077.6607223,0.7548436321540462,0.04584432991465824,0.7828412257072961,0.11797998824140647,1.0620416402816772,2.1942697428201328,1.4144941449197137,1.4968147277832031,1.0620416402816772,1.1361393928527832,0.11732042303892026,-0.04430704397537133,5.844452976589865
1776515077.702859,0.7570507271555309,-0.08688610345273405,0.7828412257072961,0.13005013881545108,1.0620416402816772,2.1942697428201328,1.4144941449197137,1.4968147277832031,1.0620416402816772,1.1361393928527832,0.11770345070151128,-0.04384371281501376,5.838927631693676
1776515077.7500093,0.7570507271555309,-0.08688610345273405,0.782614970011423,0.13428391689256608,1.0740618705749512,2.1913686013684903,1.4110306800322088,1.48677659034729,1.0740618705749512,1.1400024890899658,0.11770345070151128,-0.04384371281501376,5.838927631693676
1776515077.8079083,0.7431984072312464,-0.2065154791370533,0.7814580055469835,0.15235405420658502,1.0740618705749512,2.1913686013684903,1.4110306800322088,1.48677659034729,1.0740618705749512,1.1400024890899658,0.12253447433459702,-0.03790448022473181,5.828220074183831
1776515077.8498952,0.7404008880932627,-0.1967632516825687,0.7797345669306065,0.17121807663949987,1.0740618705749512,2.1913686013684903,1.4110306800322088,1.48677659034729,1.0740618705749512,1.1400024890899658,0.12209913241929732,-0.0341407664545067,5.823043619771032
1776515077.9003446,0.7425534873067826,-0.18692258368254006,0.7706549936743906,0.16562233264984744,1.0742298364639282,2.1826417286235023,1.404459020835851,1.446457028388977,1.0742298364639282,1.1433337926864624,0.12525012334727248,-0.030542563482650387,5.817934406584397
1776515077.9529274,0.7425534873067826,-0.18692258368254006,0.768872266534027,0.18489026887698032,1.0742298364639282,2.1826417286235023,1.404459020835851,1.446457028388977,1.0742298364639282,1.1433337926864624,0.12525012334727248,-0.030542563482650387,5.817934406584397
1776515078.0057213,0.7319246854000868,-0.22211479850333818,0.7671210170133087,0.190219219160956,1.0742298364639282,2.1826417286235023,1.404459020835851,1.446457028388977,1.0742298364639282,1.1433337926864624,0.1283119821874486,-0.02697774846734291,5.812961826331069
1776515078.049844,0.7229177560617962,-0.2694683187583252,0.7671210170133087,0.17360485680217735,1.0871667861938477,2.175548835775568,1.3973388356851348,1.4478009939193726,1.0871667861938477,1.1278517246246338,0.1321066775935909,-0.022488114700078166,5.808137464557379
1776515078.0998209,0.7131759443792649,-0.29442381360460557,0.7649307776353096,0.21547194749022247,1.0871667861938477,2.175548835775568,1.3973388356851348,1.4478009939193726,1.0871667861938477,1.1278517246246338,0.13652129772328336,-0.017176901859716875,5.803471387288829
1776515078.1498597,0.7371313075838715,-0.07691200382971426,0.7623583100881569,0.23479807771880948,1.0952142477035522,2.170222692419047,1.3946092703770097,1.4201345443725586,1.0952142477035522,1.1362935304641724,0.13955216386776687,-0.013500794219562962,5.798918030916886
1776515078.2609673,0.7371313075838715,-0.07691200382971426,0.7605839527302823,0.23364589671094504,1.0952142477035522,2.170222692419047,1.3946092703770097,1.4201345443725586,1.0952142477035522,1.1362935304641724,0.13955216386776687,-0.013500794219562962,5.798918030916886
1776515078.3123138,0.7550051729354695,0.10816268066376519,0.7605839527302823,0.21135384521828357,1.0952142477035522,2.170222692419047,1.3946092703770097,1.4201345443725586,1.0952142477035522,1.1362935304641724,0.13863107010577452,-0.014647778337332551,5.794200314993703
1776515078.3553083,0.7522908356389191,0.11053294286908025,0.7611314443022055,0.20141291930720348,1.0952142477035522,2.170222692419047,1.3946092703770097,1.4201345443725586,1.0952142477035522,1.1362935304641724,0.13498808645714955,-0.017050202491071142,5.789420474496959
1776515078.4000323,0.7522908356389191,0.11053294286908025,0.6293443344193785,0.1777389051804833,1.0937325954437256,2.1676512590500074,1.3893339983653274,1.4168322086334229,1.0937325954437256,1.1239975690841675,0.13498808645714955,-0.017050202491071142,5.789420474496959
1776515078.4509225,0.7490065863891934,0.012171275510088259,0.6293443344193785,0.19910252051258154,1.0937325954437256,2.1676512590500074,1.3893339983653274,1.4168322086334229,1.0937325954437256,1.1239975690841675,0.1327025548955173,-0.01967590657828433,5.779984039104006
1776515078.504274,0.7490065863891934,0.012171275510088259,0.6304149253475108,0.17542525933266112,1.0937325954437256,2.1676512590500074,1.3893339983653274,1.4168322086334229,1.0937325954437256,1.1239975690841675,0.1327025548955173,-0.01967590657828433,5.779984039104006
1776515078.5549288,0.7358272360997182,0.06598383319728897,0.6308595205368129,0.18145124049421008,1.110393762588501,2.162770171610985,1.3811983793746838,1.4143990278244019,1.110393762588501,1.1243816614151,0.13177881080146514,-0.020789162104415393,5.775405560772387
1776515078.6001375,0.7272855517407691,0.05558704323064136,0.6308595205368129,0.1884988281870452,1.110393762588501,2.162770171610985,1.3811983793746838,1.4143990278244019,1.110393762588501,1.1243816614151,0.13853758123301513,-0.01558101302296877,5.778640392272144
1776515078.6498532,0.7124441924164977,0.017708529007189135,0.6282780754663306,0.24519202905851978,1.110393762588501,2.162770171610985,1.3811983793746838,1.4143990278244019,1.110393762588501,1.1243816614151,0.1424115383770307,-0.01237510544276521,5.778683118402263
1776515078.6991243,0.7124441924164977,0.017708529007189135,0.6267479916692948,0.23934156019307495,1.1207916736602783,2.161199427555271,1.376577069290023,1.4148035049438477,1.1207916736602783,1.1315193176269531,0.1424115383770307,-0.01237510544276521,5.778683118402263
1776515078.7492914,0.682876297708526,-0.04375740710371439,0.6268212820580471,0.21539695191879463,1.1207916736602783,2.161199427555271,1.376577069290023,1.4148035049438477,1.1207916736602783,1.1315193176269531,0.1422591066363305,-0.012558483407453358,5.7744501002869075
1776515078.8065608,0.6651847164375871,-0.07340513548829518,0.6265879429534341,0.22174583541054466,1.1207916736602783,2.161199427555271,1.376577069290023,1.4148035049438477,1.1207916736602783,1.1315193176269531,0.14352183873908658,-0.010980399046226719,5.766351949191321
1776515078.851841,0.6651847164375871,-0.07340513548829518,0.6262006622774016,0.2270989542584743,1.127797245979309,2.156249319150644,1.3705082661212722,1.3971940279006958,1.1311193704605103,1.127797245979309,0.14352183873908658,-0.010980399046226719,5.766351949191321
1776515078.9028673,0.6549782905435788,-0.053799933744090034,0.35586984065210525,1.5,1.127797245979309,2.156249319150644,1.3705082661212722,1.3971940279006958,1.1311193704605103,1.127797245979309,0.14353576560294717,0.5924659318171189,5.762497151053343
1776515078.9499366,0.650642982017287,-0.026695291537020032,0.35586984065210525,1.1866369933756342,1.127797245979309,2.156249319150644,1.3705082661212722,1.3971940279006958,1.1311193704605103,1.127797245979309,0.14394077974951436,0.5929334685007723,5.758704314077379
1776515079.0059407,0.6324802902411125,-0.051758542733989076,0.3557311836524413,1.1909534683705845,1.1168042421340942,2.15561897240779,1.3698545784732423,1.3698232173919678,1.1320414543151855,1.1168042421340942,0.14440185369574682,0.5934797965317894,5.75499565089832
1776515079.04984,0.5997336065701189,-0.1157250544915421,0.3555709885725253,1.1929703007795183,1.1168042421340942,2.15561897240779,1.3698545784732423,1.3698232173919678,1.1320414543151855,1.1168042421340942,0.14573947791255287,0.5950585154435879,5.751510417717292
1776515079.10036,0.5882410403474853,-0.1235516993131532,0.35510728499323285,1.2029400123229308,1.1168042421340942,2.15561897240779,1.3698545784732423,1.3698232173919678,1.1320414543151855,1.1168042421340942,0.14762986641837728,0.597328251164201,5.748177707993637
1776515079.1510198,0.5848415993509055,-0.12734966395706035,0.3544455228751107,1.216179933974924,1.1242495775222778,2.1523486884185057,1.3654794723984551,1.3652764558792114,1.139522910118103,1.1242495775222778,0.1495515722046642,0.5996662564735606,5.744931163322134
1776515079.2002525,0.5672659844827629,-0.1700872225023093,0.35376768697552113,1.221616350065079,1.1242495775222778,2.1523486884185057,1.3654794723984551,1.3652764558792114,1.139522910118103,1.1242495775222778,0.15192239576140598,0.6025976955211427,5.741796704234933
1776515079.2498295,0.5512252092809548,-0.1913527366389032,0.3529235992532079,1.2326768520993865,1.1178052425384521,2.148038604544005,1.36073258499854,1.3433475494384766,1.143403172492981,1.1178052425384521,0.1547653056070123,0.6061637095570833,5.738803369041851
1776515079.2999394,0.5370410411241193,-0.2031394949729646,0.3519029588853947,1.2477846724877968,1.1178052425384521,2.148038604544005,1.36073258499854,1.3433475494384766,1.143403172492981,1.1178052425384521,0.2131433734272854,0.7246104995171705,5.735954405850624
1776515079.3519347,0.5208954481585351,-0.21815236972352375,0.44204384436281935,1.5,1.1176891326904297,2.1456195665221873,1.3573351091061128,1.3430025577545166,1.1682593822479248,1.1176891326904297,0.21663683224551783,0.7287038841520952,5.733233843776847
1776515079.4008343,0.5099435039725377,-0.23114071434254918,0.44204384436281935,1.5,1.1176891326904297,2.1456195665221873,1.3573351091061128,1.3430025577545166,1.1682593822479248,1.1176891326904297,0.22042805668730164,0.7332015570589211,5.7306574329066455
1776515079.4498296,0.5181620640043436,-0.1512287225269194,0.4402354507189014,1.5,1.1176891326904297,2.1456195665221873,1.3573351091061128,1.3430025577545166,1.1682593822479248,1.1176891326904297,0.22344640072444538,0.736824172341783,5.728116372548418
1776515079.500015,0.5242793760384755,-0.056383765387335284,0.43878615116927705,1.5,1.1206117868423462,2.144873749647396,1.3575054603167063,1.329282522201538,1.1767164468765259,1.1206117868423462,0.22484578461941052,0.7385259147248757,5.725590985079101
1776515079.5507302,0.5342882897998744,0.00846251873001927,0.4381091415930474,1.5,1.1206117868423462,2.144873749647396,1.3575054603167063,1.329282522201538,1.1767164468765259,1.1206117868423462,0.22483092148708805,0.7385086938280088,5.723036019047503
1776515079.599933,0.5491430690648562,0.051329020664989664,0.43811613707847197,1.5,1.1206117868423462,2.144873749647396,1.3575054603167063,1.329282522201538,1.1767164468765259,1.1206117868423462,0.22392569890296293,0.7373835424861517,5.72043062127449
1776515079.6501796,0.5663904202737057,0.05602243183975107,0.43855964090356964,1.5,1.1076462268829346,2.141904129240934,1.3520491384234614,1.3126392364501953,1.1835060119628906,1.1076462268829346,0.22273102626031777,0.73586598249332,5.717755318366645
1776515079.7018337,0.5612004981779529,0.0962381091996572,0.4391524188870295,1.5,1.1076462268829346,2.141904129240934,1.3520491384234614,1.3126392364501953,1.1835060119628906,1.1076462268829346,0.22164803691737583,0.7344712981153794,5.715070122623578
1776515079.7504313,0.5525786629205255,0.14375745174022983,0.4396941235949252,1.5,1.110355257987976,2.1415532483313506,1.350374165806602,1.3215340375900269,1.1955223083496094,1.110355257987976,0.2866431076659278,0.7320681787241982,5.712438100558106
1776515079.799198,0.5355100809014938,0.12553423782830583,0.5173256847267607,1.5,1.110355257987976,2.1415532483313506,1.350374165806602,1.3215340375900269,1.1955223083496094,1.110355257987976,0.2844220964133474,0.7293924137340284,5.709859648552235
1776515079.850824,0.5355100809014938,0.12553423782830583,0.5186209205686737,1.5,1.110355257987976,2.1415532483313506,1.350374165806602,1.3215340375900269,1.1955223083496094,1.110355257987976,0.2844220964133474,0.7293924137340284,5.709859648552235
1776515079.899827,0.5274419657337973,0.1394006610079036,0.5198790849830043,1.5,1.1022882461547852,2.139498186265838,1.346648712607022,1.3058253526687622,1.202797532081604,1.1022882461547852,0.28228005950894797,0.7267793674486225,5.7073378596833715
1776515079.950106,0.5108205169788872,0.2814176052457792,0.5213250664113961,1.5,1.1022882461547852,2.139498186265838,1.346648712607022,1.3058253526687622,1.202797532081604,1.1022882461547852,0.2763370099853662,0.7193827744998249,5.702391745849813
1776515080.0008397,0.5181155260973556,0.23979870482637908,0.523410500013631,1.5,1.1023043394088745,2.1383581604812014,1.3429652298908836,1.3154557943344116,1.2174221277236938,1.1023043394088745,0.2724193085077877,0.714437992734146,5.699889974809415
1776515080.0500448,0.5354036760282017,0.23718693186838707,0.5257575232681022,1.5,1.1023043394088745,2.1383581604812014,1.3429652298908836,1.3154557943344116,1.2174221277236938,1.1023043394088745,0.2687143697752443,0.7097010397654586,5.697299102281224
1776515080.1026607,0.5815989801387279,0.24925237669553169,0.5279939062248588,1.5,1.0868247747421265,2.137455207125993,1.3396560462134055,1.3064303398132324,1.2273324728012085,1.0868247747421265,0.26490548047972506,0.7047803325068266,5.69451605178827
1776515080.1529393,0.6027257565292579,0.29673484286490825,0.53030712480738,1.5,1.0868247747421265,2.137455207125993,1.3396560462134055,1.3064303398132324,1.2273324728012085,1.0868247747421265,0.2606905866515542,0.6992507895599124,5.691557857128815
1776515080.2001827,0.6296077887683943,0.3482357935455732,0.5328902809222399,1.4909797061726606,1.0868247747421265,2.137455207125993,1.3396560462134055,1.3064303398132324,1.2273324728012085,1.0868247747421265,0.3196688883426463,0.6927737729665042,5.68835778599072
1776515080.2499893,0.6238574118538551,0.3844074360846823,0.525466783707032,1.5,1.0902646780014038,2.1364594678102433,1.3350442440436796,1.3091682195663452,1.228740930557251,1.0902646780014038,0.3135736407327636,0.6853416394361644,5.685084658227636
1776515080.3048172,0.5971681368601148,0.40363511102211025,0.5331862267883153,1.4515794085699953,1.0902646780014038,2.1364594678102433,1.3350442440436796,1.3091682195663452,1.228740930557251,1.0902646780014038,0.2999042772648186,0.668354462040629,5.678471456901279
1776515080.3524284,0.5855660003212065,0.44082784546270987,0.5372848727578896,1.4762837619889602,1.0978593826293945,2.1364661101165687,1.3307106021058173,1.329478144645691,1.234385371208191,1.0978593826293945,0.293275984369087,0.6599656555375656,5.675180258308378
1776515080.4064198,0.5858771288264766,0.47555720558481324,0.5413040683884718,1.4596893353486018,1.0978593826293945,2.1364661101165687,1.3307106021058173,1.329478144645691,1.234385371208191,1.0978593826293945,0.2859154537264142,0.650545253645806,5.671840804993543
1776515080.4529476,0.5945693977052208,0.4852864121688027,0.5457966346401181,1.4231404417999745,1.0911284685134888,2.1351580463218864,1.3247642047202077,1.3331387042999268,1.2477384805679321,1.0911284685134888,0.2784756851655187,0.6409114065852801,5.668386891025154
1776515080.5020201,0.5945693977052208,0.4852864121688027,0.550368933494411,1.3992113606170462,1.0911284685134888,2.1351580463218864,1.3247642047202077,1.3331387042999268,1.2477384805679321,1.0911284685134888,0.2784756851655187,0.6409114065852801,5.668386891025154
1776515080.556954,0.6136564613307501,0.49822499211139154,0.5550241177238686,1.371546035248905,1.0911284685134888,2.1351580463218864,1.3247642047202077,1.3331387042999268,1.2477384805679321,1.0911284685134888,0.27095470379656095,0.6310546318549932,5.6647539618287
1776515080.6018674,0.6169247142794099,0.5030245987821539,0.5550241177238686,1.431862184435037,1.0911284685134888,2.1351580463218864,1.3247642047202077,1.3331387042999268,1.2477384805679321,1.0911284685134888,0.32214758033971336,0.621843133129906,5.661834432177444
1776515080.6504827,0.6169247142794099,0.5030245987821539,0.5447027324780186,1.5,1.0909003019332886,2.136396246304896,1.3187928225959582,1.3419495820999146,1.261887788772583,1.0909003019332886,0.32214758033971336,0.621843133129906,5.661834432177444
1776515080.7002301,0.6228506590254703,0.5184149472222945,0.5489962268597264,1.4119980930379243,1.0909003019332886,2.136396246304896,1.3187928225959582,1.3419495820999146,1.261887788772583,1.0909003019332886,0.3146826200883203,0.6132276888500603,5.659853141388446
1776515080.751031,0.6161281043050945,0.5126167085303633,0.5533060470603116,1.3855499503563389,1.08721125125885,2.13969499187046,1.3171121632986582,1.3484156131744385,1.2544904947280884,1.08721125125885,0.2990795262793978,0.5945371683605051,5.652877020901019
1776515080.8000607,0.6117369193762514,0.5415279044802417,0.5581615522366503,1.3510255487395506,1.08721125125885,2.13969499187046,1.3171121632986582,1.3484156131744385,1.2544904947280884,1.08721125125885,0.2904058033353943,0.5838382715902856,5.64873783410301
1776515080.8566737,0.6133357089054134,0.5308485146476191,0.5633430215142007,1.320120491369725,1.08721125125885,2.13969499187046,1.3171121632986582,1.3484156131744385,1.2544904947280884,1.08721125125885,0.2818772223774559,0.5731982136675092,5.64449721051988
1776515080.9035878,0.6133357089054134,0.5308485146476191,0.5684714401339787,1.28836874891637,1.08721125125885,2.13969499187046,1.3171121632986582,1.3484156131744385,1.2544904947280884,1.08721125125885,0.2818772223774559,0.5731982136675092,5.64449721051988
1776515080.9498324,0.5958926110407847,0.4967501308372008,0.5684714401339787,1.3550203420915512,1.0895988941192627,2.142285702186641,1.3092075218990495,1.3631609678268433,1.2809784412384033,1.0895988941192627,0.2737442280920861,0.5629380876485162,5.640222690240878
1776515081.0001905,0.5834699761298024,0.47568630920591126,0.5733937899792098,1.2489516549819648,1.0895988941192627,2.142285702186641,1.3092075218990495,1.3631609678268433,1.2809784412384033,1.0895988941192627,0.26606570805425955,0.5531310692821627,5.635967149319636
1776515081.0849206,0.5834699761298024,0.47568630920591126,0.578074742171321,1.243848672838626,1.0895988941192627,2.142285702186641,1.3092075218990495,1.3631609678268433,1.2809784412384033,1.0895988941192627,0.26606570805425955,0.5531310692821627,5.635967149319636
1776515081.10273,0.5696609403100972,0.43913769651073725,0.578074742171321,1.3001443304495943,1.0935027599334717,2.1483939286187,1.3048469260607534,1.3846015930175781,1.277920126914978,1.0935027599334717,0.25899833195480226,0.5440006305667966,5.631732342308911
1776515081.1539364,0.5623010061171236,0.4040105721660413,0.5824122437886867,1.2158314916492137,1.0935027599334717,2.1483939286187,1.3048469260607534,1.3846015930175781,1.277920126914978,1.0935027599334717,0.25256706854153566,0.5355928877681781,5.627503435445912
1776515081.199965,0.5628668354585911,0.37418982882696517,0.5863870901524432,1.203092276884201,1.0935027599334717,2.1483939286187,1.3048469260607534,1.3846015930175781,1.277920126914978,1.0935027599334717,0.2970754081784416,0.5278388646630434,5.623234265130536
1776515081.2511415,0.5717801017335543,0.35350369024032785,0.5773421150333806,1.4111071322487225,1.0898256301879883,2.1563684387851048,1.3080042297273815,1.3861010074615479,1.2906209230422974,1.0898256301879883,0.2910428247853857,0.5205938254615359,5.61886995021875
1776515081.3051398,0.587959522764918,0.34491537656566984,0.5808909370248528,1.2327537649280413,1.0898256301879883,2.1563684387851048,1.3080042297273815,1.3861010074615479,1.2906209230422974,1.0898256301879883,0.285312379373163,0.513632238628142,5.6143467478968025
1776515081.3498206,0.6128830777144867,0.35353514571131495,0.5842842535820832,1.2206745968033976,1.0898256301879883,2.1563684387851048,1.3080042297273815,1.3861010074615479,1.2906209230422974,1.0898256301879883,0.27966168015781556,0.5066831161417877,5.609616459712451
1776515081.4005349,0.6128830777144867,0.35353514571131495,0.5876539840805299,1.20293763517126,1.0898256301879883,2.1563684387851048,1.3080042297273815,1.3861010074615479,1.2906209230422974,1.0898256301879883,0.27966168015781556,0.5066831161417877,5.609616459712451
1776515081.4511242,0.6406150222175386,0.3796830585572932,0.5876539840805299,1.2454058052541148,1.0893598794937134,2.1783217146482654,1.3704769086314983,1.3957209587097168,1.2948665618896484,1.0893598794937134,0.27376887360415336,0.4993487181581924,5.604586732141274
1776515081.501723,0.6529843589621359,0.4030156392925533,0.5911926027674594,1.1830865202332488,1.0893598794937134,2.1783217146482654,1.3704769086314983,1.3957209587097168,1.2948665618896484,1.0893598794937134,0.26749669874262677,0.49144661036197856,5.599321154514262
1776515081.5499907,0.6529843589621359,0.4030156392925533,0.594985781015504,1.151674180310322,1.0893598794937134,2.1783217146482654,1.3704769086314983,1.3957209587097168,1.2948665618896484,1.0893598794937134,0.26749669874262677,0.49144661036197856,5.599321154514262
1776515081.6010025,0.643718836039516,0.4364847476818178,0.5989877260874469,1.1293899600937065,1.0850471258163452,2.2070807340958956,1.4540581085838682,1.4181113243103027,1.2990201711654663,1.0850471258163452,0.26093747334022566,0.4830572522529153,5.5940171749326115
1776515081.6518538,0.6325056414164066,0.3816776424209045,0.5989877260874469,1.1806415652145894,1.0850471258163452,2.2070807340958956,1.4540581085838682,1.4181113243103027,1.2990201711654663,1.0850471258163452,0.2543447028559166,0.4745268646900995,5.58868828009426
1776515081.70188,0.6258631457410118,0.41547311995346764,0.6030376127670811,1.1054193148663025,1.093438744544983,2.237260375058177,1.541666067284562,1.4464564323425293,1.3163878917694092,1.093438744544983,0.2930337044379194,0.4662854134730898,5.58338120584485
1776515081.751741,0.6232470570603963,0.42574707182353727,0.5955955907091791,1.296859861612301,1.093438744544983,2.237260375058177,1.541666067284562,1.4464564323425293,1.3163878917694092,1.093438744544983,0.2859809851582226,0.4578842285044984,5.578052612394876
1776515081.8009362,0.6308668807134271,0.4549792168048006,0.5997252077588684,1.1251601142258925,1.093438744544983,2.237260375058177,1.541666067284562,1.4464564323425293,1.3163878917694092,1.093438744544983,0.27869406413559095,0.44909524061572315,5.572634435238038
1776515081.8531113,0.644348698161019,0.45486972187706337,0.6040224284654286,1.0943727812484538,1.1013587713241577,2.273563395375791,1.6402665998131067,1.4656705856323242,1.322535753250122,1.1013587713241577,0.2711885101676895,0.4399337831093293,5.56701890375599
1776515081.904153,0.644348698161019,0.45486972187706337,0.6084790361671302,1.0685830196355952,1.1013587713241577,2.273563395375791,1.6402665998131067,1.4656705856323242,1.322535753250122,1.1013587713241577,0.2711885101676895,0.4399337831093293,5.56701890375599
1776515081.9519901,0.6475375487254547,0.4420487580762479,0.6084790361671302,1.1264055076164,1.1013587713241577,2.273563395375791,1.6402665998131067,1.4656705856323242,1.322535753250122,1.1013587713241577,0.2639359225463055,0.4309714883724898,5.561255096406778
1776515082.002468,0.6520504474655435,0.42584949151293994,0.6128161307740339,1.0485897056658209,1.1013587713241577,2.273563395375791,1.6402665998131067,1.4656705856323242,1.322535753250122,1.1013587713241577,0.2569929765516492,0.42227585649814037,5.555384543472324
1776515082.0509548,0.6557553022549013,0.4159931861550963,0.6170005300895052,1.0208415854903268,1.100197196006775,2.3065795802496627,1.7139831011484505,1.4861334562301636,1.3315430879592896,1.100197196006775,0.25034003059832827,0.4138296379087234,5.549395822053284
1776515082.1000018,0.6589491289712089,0.40427922626286694,0.6210420136747787,1.0026093661301343,1.100197196006775,2.3065795802496627,1.7139831011484505,1.4861334562301636,1.3315430879592896,1.100197196006775,0.24396469021824754,0.40562025285860437,5.543304512533297
1776515082.16425,0.6589491289712089,0.40427922626286694,0.6249472272645925,0.9955447750003178,1.100197196006775,2.3065795802496627,1.7139831011484505,1.4861334562301636,1.3315430879592896,1.100197196006775,0.24396469021824754,0.40562025285860437,5.543304512533297
1776515082.2041152,0.6621215839490241,0.39600649155838946,0.6249472272645925,1.0323015584880435,1.1078864336013794,2.3340532312119704,1.776514041730901,1.5151647329330444,1.3390648365020752,1.1078864336013794,0.27657314718789106,0.3976321692055056,5.537101826617955
1776515082.2580125,0.6652958535773623,0.3851137688312529,0.6189665595311099,1.145739879150192,1.1078864336013794,2.3340532312119704,1.776514041730901,1.5151647329330444,1.3390648365020752,1.1078864336013794,0.26991850585010146,0.38977229213042985,5.530781938556135
1776515082.3782582,0.6652958535773623,0.3851137688312529,0.6228442947292541,0.9932808408507242,1.1078864336013794,2.3340532312119704,1.776514041730901,1.5151647329330444,1.3390648365020752,1.1078864336013794,0.26991850585010146,0.38977229213042985,5.530781938556135
1776515082.400194,0.6652958535773623,0.3851137688312529,0.6228442947292541,0.9932808408507242,1.1078864336013794,2.3340532312119704,1.776514041730901,1.5151647329330444,1.3390648365020752,1.1078864336013794,0.26991850585010146,0.38977229213042985,5.530781938556135
1776515082.4505973,0.6456524152353948,0.3697003273365147,0.6228442947292541,1.044318315832834,1.1176637411117554,2.3633994810234937,1.8385034097457829,1.5300185680389404,1.340741515159607,1.1176637411117554,0.2637745362421089,0.3824089115678406,5.524529074225471
1776515082.5006094,0.6392276855448791,0.36112862382573396,0.6264543216279932,0.9810047596765481,1.1176637411117554,2.3633994810234937,1.8385034097457829,1.5300185680389404,1.340741515159607,1.1176637411117554,0.2580323744759107,0.37545862878397496,5.518325473933728
1776515082.5497859,0.6368724132673006,0.3426942600649342,0.6298474255725576,0.9572080163556081,1.1176637411117554,2.3633994810234937,1.8385034097457829,1.5300185680389404,1.340741515159607,1.1176637411117554,0.25267537170572035,0.3688962130338429,5.51210406834239
1776515082.6009493,0.6368724132673006,0.3426942600649342,0.6330348666806825,0.9444848450609166,1.1176637411117554,2.3633994810234937,1.8385034097457829,1.5300185680389404,1.340741515159607,1.1176637411117554,0.25267537170572035,0.3688962130338429,5.51210406834239
1776515082.6509712,0.6350027216042767,0.3201985670078475,0.6361120109886409,0.9292418198944707,1.1241127252578735,2.377160796735377,1.859280204570815,1.5228267908096313,1.3433833122253418,1.1241127252578735,0.24754594764602755,0.36252289358771494,5.505867589171638
1776515082.699561,0.6331085987307076,0.3126114489716392,0.6361120109886409,0.9685027943506237,1.1241127252578735,2.377160796735377,1.859280204570815,1.5228267908096313,1.3433833122253418,1.1241127252578735,0.24272636773385337,0.3564501150776287,5.499594142536165
1776515082.7679944,0.6331085987307076,0.3126114489716392,0.639026923109333,0.8550933469751715,1.1241127252578735,2.377160796735377,1.859280204570815,1.5228267908096313,1.3433833122253418,1.1241127252578735,0.24272636773385337,0.3564501150776287,5.499594142536165
1776515082.8024428,0.6331085987307076,0.3126114489716392,0.639026923109333,0.8550933469751715,1.1241127252578735,2.377160796735377,1.859280204570815,1.5228267908096313,1.3433833122253418,1.1241127252578735,0.24272636773385337,0.3564501150776287,5.499594142536165
1776515082.865945,0.6476671801723436,0.31177064150756356,0.639026923109333,0.9518461536609548,1.1241127252578735,2.377160796735377,1.859280204570815,1.5228267908096313,1.3433833122253418,1.1241127252578735,0.23809436975716394,0.3505109885057158,5.493264385963671
1776515082.9003727,0.6813692325841224,0.3339203737259584,0.6418571420395942,0.8967628218497645,1.1244111061096191,2.3727730482844267,1.8375567605710588,1.531638741493225,1.3569730520248413,1.1244111061096191,0.2671611768336327,0.34439450812881334,5.486623798210865
1776515082.9499638,0.6841847233161616,0.3425894267908937,0.6362449211618568,1.0503582450713649,1.1244111061096191,2.3727730482844267,1.8375567605710588,1.531638741493225,1.3569730520248413,1.1244111061096191,0.26177393695405937,0.33806338226270816,5.479733547112533
1776515082.9993808,0.6511677098756502,0.47461257324900746,0.6393752208540189,0.9121077509329721,1.1339550018310547,2.3782977154693814,1.8384822239634158,1.5559407472610474,1.371488332748413,1.1339550018310547,0.25484767941874853,0.3297871246992208,5.473031298098123
1776515083.0538344,0.6511677098756502,0.47461257324900746,0.6434379898706936,0.870744009612518,1.1339550018310547,2.3782977154693814,1.8384822239634158,1.5559407472610474,1.371488332748413,1.1339550018310547,0.25484767941874853,0.3297871246992208,5.473031298098123
1776515083.1029444,0.6437902725715768,0.43885952014999696,0.6492840810675067,0.8215802790253595,1.1339550018310547,2.3782977154693814,1.8384822239634158,1.5559407472610474,1.371488332748413,1.1339550018310547,0.23507130894948855,0.30588475781398583,5.460039938512845
1776515083.1527138,0.6437902725715768,0.43885952014999696,0.6551142979568129,0.7794104355535261,1.1422594785690308,2.3983290764493703,1.8608595873715652,1.582155466079712,1.3552305698394775,1.1422594785690308,0.23507130894948855,0.30588475781398583,5.460039938512845
1776515083.1992087,0.5976854731370311,0.2059710664584246,0.6572467570452043,0.8237863122455304,1.1422594785690308,2.3983290764493703,1.8608595873715652,1.582155466079712,1.3552305698394775,1.1422594785690308,0.2281383857839349,0.2972843802693079,5.4469172304164095
1776515083.2498362,0.5931608670343025,0.17870781117745238,0.6592695003070422,0.8063752051090493,1.1508064270019531,2.3984103740970917,1.8517342867797517,1.5854822397232056,1.3698835372924805,1.1508064270019531,0.22512881060949197,0.29345636157430643,5.440565299934485
1776515083.3029723,0.5971934803365876,0.1754252496907412,0.6610997584856023,0.802284392565616,1.1508064270019531,2.3984103740970917,1.8517342867797517,1.5854822397232056,1.3698835372924805,1.1508064270019531,0.22242010411165333,0.28996083052812205,5.4341771197006965
1776515083.3505082,0.5995829860038796,0.16522424906841846,0.6627611012159892,0.7944440339395777,1.1508064270019531,2.3984103740970917,1.8517342867797517,1.5854822397232056,1.3698835372924805,1.1508064270019531,0.25283651806367075,0.2901052577812613,5.4293177310196254
1776515083.4000602,0.6078024229130181,0.16352275164231583,0.6550557252692019,0.9402925754765614,1.148278832435608,2.3861103323628567,1.821814778301166,1.5789402723312378,1.379846215248108,1.148278832435608,0.250051203111795,0.28681404475020456,5.422857403491645
1776515083.449925,0.6217069682424147,0.16682678243225352,0.6566791642857703,0.8237632232439396,1.148278832435608,2.3861103323628567,1.821814778301166,1.5789402723312378,1.379846215248108,1.148278832435608,0.24732783908169076,0.283557574278154,5.416271484658322
1776515083.4998126,0.6489930452165473,0.18908050571623627,0.6582772637535309,0.8224734391523917,1.1588996648788452,2.376418548861,1.794601634036042,1.5794787406921387,1.3958773612976074,1.1588996648788452,0.24441637845453568,0.28002550063550213,5.409449969581019
1776515083.557619,0.6818152121773716,0.2345366211201055,0.6599999324515164,0.8095245209713893,1.1588996648788452,2.376418548861,1.794601634036042,1.5794787406921387,1.3958773612976074,1.1588996648788452,0.24099405949935268,0.2758097120561773,5.402276304654513
1776515083.5999467,0.7055152667447815,0.27960634571968496,0.6645156072598323,0.7451263295815329,1.152348279953003,2.3737164551631706,1.7817165831678423,1.6042557954788208,1.3904293775558472,1.152348279953003,0.23687827830534616,0.27068238074007334,5.394687929980362
1776515083.650816,0.698619795155629,0.3300455165934676,0.6672748016228244,0.7572912458812177,1.152348279953003,2.3737164551631706,1.7817165831678423,1.6042557954788208,1.3904293775558472,1.152348279953003,0.23234321265050883,0.2649096742473125,5.387068298452987
1776515083.6999218,0.663078023014584,0.3796019116006357,0.6707906387191036,0.7224172966794213,1.152348279953003,2.3737164551631706,1.7817165831678423,1.6042557954788208,1.3904293775558472,1.152348279953003,0.2266093229286373,0.2575136139388565,5.379721746384517
1776515083.7498116,0.6265863738657044,0.3889468624827554,0.6685483882214249,0.8125305012044821,1.1549198627471924,2.3798396918202416,1.7811093008259853,1.6200547218322754,1.403243064880371,1.1549198627471924,0.24480739270591922,0.24914338863101237,5.372697027574073
1776515083.7998445,0.6202340527522221,0.23477484636596657,0.6708456007001226,0.7408105694660312,1.1549198627471924,2.3798396918202416,1.7811093008259853,1.6200547218322754,1.403243064880371,1.1549198627471924,0.2366327490411851,0.23948237202073153,5.3587479425927595
1776515083.8512454,0.6202340527522221,0.23477484636596657,0.6733134830758165,0.7235788772704282,1.1620333194732666,2.378022188615402,1.769346090132663,1.6539875268936157,1.3983533382415771,1.1620333194732666,0.2366327490411851,0.23948237202073153,5.3587479425927595
1776515083.8997424,0.6554391684979094,0.23456775154304618,0.675462845360121,0.7168431417065932,1.1620333194732666,2.378022188615402,1.769346090132663,1.6539875268936157,1.3983533382415771,1.1620333194732666,0.22941959477412638,0.23069402671568984,5.344488529473857
1776515083.949955,0.6554391684979094,0.23456775154304618,0.677591934636527,0.7031794563728573,1.1620333194732666,2.378022188615402,1.769346090132663,1.6539875268936157,1.3983533382415771,1.1620333194732666,0.22941959477412638,0.23069402671568984,5.344488529473857
1776515083.9998746,0.703792672130362,0.26651356452206476,0.677591934636527,0.7314746592198458,1.1690043210983276,2.3681896081354528,1.7403010883159578,1.6604321002960205,1.4122865200042725,1.1690043210983276,0.22554084518612202,0.225859344489302,5.3368207744414455
1776515084.0518205,0.7090834047837382,0.3065117538842483,0.6799230905560928,0.6874541047977708,1.1690043210983276,2.3681896081354528,1.7403010883159578,1.6604321002960205,1.4122865200042725,1.1690043210983276,0.22115136988516435,0.22033349638307542,5.328750391057993
1776515084.100921,0.6942824477478249,0.35349967957391887,0.6825764758016776,0.6687973398458116,1.1817283630371094,2.375688327560813,1.7445691364217033,1.6782689094543457,1.4103240966796875,1.1817283630371094,0.2159312814282725,0.21362548898403144,5.320747416273208
1776515084.1519294,0.694844208259789,0.34291976381990275,0.6837700099421729,0.6813558711189722,1.1817283630371094,2.375688327560813,1.7445691364217033,1.6782689094543457,1.4103240966796875,1.1817283630371094,0.23133383394033916,0.20690665680307796,5.312762781383273
1776515084.2008145,0.680018165782143,0.32239014013185485,0.6837700099421729,0.6961713717590131,1.1817283630371094,2.375688327560813,1.7445691364217033,1.6782689094543457,1.4103240966796875,1.1817283630371094,0.22584492361308448,0.2004535653207451,5.304825447277896
1776515084.2549646,0.6674447577032205,0.28678804527793156,0.6898086046462449,0.5775400694070698,1.1754778623580933,2.372739021365671,1.728936448482573,1.6969106197357178,1.4098999500274658,1.1754778623580933,0.22098150232448996,0.1946573455999414,5.297021950966994
1776515084.3008113,0.6716053808509543,0.2958707914162567,0.6898086046462449,0.661665116307172,1.1754778623580933,2.372739021365671,1.728936448482573,1.6969106197357178,1.4098999500274658,1.1754778623580933,0.2165253109587607,0.18926965099433968,5.289195385427488
1776515084.350015,0.6509957818425178,0.28096888067090536,0.6924401193599773,0.6131839460191151,1.1754778623580933,2.372739021365671,1.728936448482573,1.6969106197357178,1.4098999500274658,1.1754778623580933,0.21187543410095377,0.183558558671173,5.281453364365484
1776515084.4019773,0.641913558324652,0.1856441931073508,0.6952109941786313,0.5943281178637313,1.1753852367401123,2.3724528556615527,1.717589077667513,1.7075551748275757,1.4148598909378052,1.1753852367401123,0.20791833969341061,0.17865750005810765,5.273810644202967
1776515084.4549325,0.6592214404352952,0.2259750600579832,0.6975804783809905,0.5871290498510527,1.1753852367401123,2.3724528556615527,1.717589077667513,1.7075551748275757,1.4148598909378052,1.1753852367401123,0.2049234842427072,0.17486119336101602,5.266110142281706
1776515084.5007877,0.6898911595251264,0.21159607324562213,0.6993981478297533,0.5837374176041074,1.1753852367401123,2.3724528556615527,1.717589077667513,1.7075551748275757,1.4148598909378052,1.1753852367401123,0.21836735119423106,0.17033434274262005,5.258165945286028
1776515084.5498748,0.6898911595251264,0.21159607324562213,0.6972778115311202,0.6465905525516901,1.1852591037750244,2.368396500213404,1.7068128778409246,1.7232714891433716,1.4165840148925781,1.1852591037750244,0.21836735119423106,0.17033434274262005,5.258165945286028
1776515084.6008136,0.7210706526341362,0.23998195138278808,0.6995658219850776,0.5762091923638734,1.1852591037750244,2.368396500213404,1.7068128778409246,1.7232714891433716,1.4165840148925781,1.1852591037750244,0.21439377679009786,0.16573909379934948,5.249776117862178
1776515084.6522145,0.7211248117814968,0.28376210924704914,0.70219316583639,0.5590880834019467,1.1852591037750244,2.368396500213404,1.7068128778409246,1.7232714891433716,1.4165840148925781,1.1852591037750244,0.20986624434237944,0.1604305021047514,5.241125732001674
1776515084.699342,0.7077257805921858,0.3178022445103746,0.70219316583639,0.5908961952206288,1.2017724514007568,2.366263327501528,1.6929736693358242,1.7244497537612915,1.4257827997207642,1.2017724514007568,0.2049226750665965,0.15452651378745696,5.232559086289512
1776515084.7516234,0.6966994146231235,0.3013120899425476,0.7050920620227298,0.5351963819366183,1.2017724514007568,2.366263327501528,1.6929736693358242,1.7244497537612915,1.4257827997207642,1.2017724514007568,0.1998740915985478,0.14839965462594318,5.224058887861095
1776515084.7997847,0.6931254412980389,0.28677011706979294,0.708079825621902,0.523037262303178,1.1944535970687866,2.3638494399606245,1.6767395098948301,1.730474829673767,1.4282971620559692,1.1944535970687866,0.19510305126349403,0.14252692621925722,5.2156284463040326
1776515084.8501368,0.6957672721956535,0.2806130808124083,0.7109264917402075,0.49829179798062273,1.1944535970687866,2.3638494399606245,1.6767395098948301,1.730474829673767,1.4282971620559692,1.1944535970687866,0.19069949234158956,0.13701519813159813,5.207169494559542
1776515084.901924,0.7065757172498199,0.2937761088019003,0.713579472453072,0.49454002974365874,1.1944535970687866,2.3638494399606245,1.6767395098948301,1.730474829673767,1.4282971620559692,1.1944535970687866,0.18630678300497144,0.13142335217256185,5.198585778161064
1776515084.9578753,0.7065757172498199,0.2937761088019003,0.713579472453072,0.49454002974365874,1.2226592302322388,2.360993811424742,1.659228351846252,1.7433507442474365,1.430556058883667,1.2226592302322388,0.18630678300497144,0.13142335217256185,5.198585778161064
1776515084.9998407,0.7220231096358697,0.27698079139312803,0.692228219643928,1.0925035379644998,1.2226592302322388,2.360993811424742,1.659228351846252,1.7433507442474365,1.430556058883667,1.2226592302322388,0.1945203627401182,0.17971499204384633,5.189794780111027
1776515085.0506606,0.7152174400294264,0.2761572237305334,0.6949655808602548,0.5482773310177468,1.2226592302322388,2.360993811424742,1.659228351846252,1.7433507442474365,1.430556058883667,1.2226592302322388,0.18972837606455187,0.17413239908359301,5.180941849975721
1776515085.0998328,0.6609000456697234,0.46944798130355103,0.6985999281221927,0.514813597317847,1.2251989841461182,2.3635011887131303,1.6518137370828496,1.763972520828247,1.4302829504013062,1.2251989841461182,0.18342328385306658,0.16666905547756428,5.172463374268222
1776515085.149878,0.6805268911307296,0.09338582669289476,0.6985999281221927,0.5628000175125187,1.2251989841461182,2.3635011887131303,1.6518137370828496,1.763972520828247,1.4302829504013062,1.2251989841461182,0.17816763897594762,0.1604314975662937,5.164014558428467
1776515085.2018244,0.6929792128459228,0.17188145729436216,0.7030858916704853,0.4789809853603414,1.222838282585144,2.3539986425147466,1.6235461851607642,1.7787710428237915,1.4314820766448975,1.222838282585144,0.1757063026453069,0.15739787503926195,5.155573304274308
1776515085.2498248,0.7282003839861372,0.18616251307984027,0.7030858916704853,0.5368536758720611,1.222838282585144,2.3539986425147466,1.6235461851607642,1.7787710428237915,1.4314820766448975,1.222838282585144,0.1729797056932426,0.15402744359390685,5.146537201065825
1776515085.2992752,0.7132247467372365,0.21485454353567762,0.7046970879494522,0.5061196157936781,1.222838282585144,2.3539986425147466,1.6235461851607642,1.7787710428237915,1.4314820766448975,1.222838282585144,0.16981208926121827,0.1500356378731016,5.137469637907822
1776515085.3515184,0.7132247467372365,0.21485454353567762,0.7065899744947625,0.492834942099422,1.222838282585144,2.3539986425147466,1.6235461851607642,1.7787710428237915,1.4314820766448975,1.222838282585144,0.16981208926121827,0.1500356378731016,5.137469637907822
1776515085.403817,0.6912663607531725,0.2014638260116386,0.7065899744947625,0.5165864291331169,1.2445735931396484,2.341948995647554,1.5912107828542799,1.785776972770691,1.4248132705688477,1.2445735931396484,0.18119444664480105,0.489138862523792,5.128660938579558
1776515085.454976,0.6912663607531725,0.2014638260116386,0.5029178440729859,1.5,1.2445735931396484,2.341948995647554,1.5912107828542799,1.785776972770691,1.4248132705688477,1.2445735931396484,0.18119444664480105,0.489138862523792,5.128660938579558
1776515085.5002007,0.6828749410642746,0.1871302031960166,0.5029178440729859,1.0755421832065808,1.2445735931396484,2.341948995647554,1.5912107828542799,1.785776972770691,1.4248132705688477,1.2445735931396484,0.17814346168054784,0.4856180239588468,5.120042194714755
1776515085.5499363,0.6540774015704544,0.1636309949768815,0.504347208852261,1.042059469087229,1.2445735931396484,2.341948995647554,1.5912107828542799,1.785776972770691,1.4248132705688477,1.2445735931396484,0.17530774387931836,0.4825746957920032,5.1122410785127474
1776515085.6028526,0.6540774015704544,0.1636309949768815,0.5056234693688423,1.036807217885063,1.2479908466339111,2.3346140050535173,1.567298043383511,1.7914652824401855,1.4309569597244263,1.2479908466339111,0.17530774387931836,0.4825746957920032,5.1122410785127474
1776515085.6498415,0.6474876945841243,0.14377296957226707,0.5056519886613796,1.0558763917974465,1.2479908466339111,2.3346140050535173,1.567298043383511,1.7914652824401855,1.4309569597244263,1.2479908466339111,0.173806300044196,0.48380095888686814,5.109962714494187
1776515085.6999414,0.6605292932108796,0.13522319732863164,0.5056519886613796,1.0563626062826312,1.2479908466339111,2.3346140050535173,1.567298043383511,1.7914652824401855,1.4309569597244263,1.2479908466339111,0.17211374463680035,0.4837278975490198,5.105171656392783
1776515085.7495656,0.651944839994519,0.11984435186656195,0.5060160994957925,1.0478698505629156,1.2479908466339111,2.3346140050535173,1.567298043383511,1.7914652824401855,1.4309569597244263,1.2479908466339111,0.1702603624253859,0.4815075464451519,5.096928399012777
1776515085.7998273,0.651944839994519,0.11984435186656195,0.5069029957560249,1.03362927442886,1.260769248008728,2.3231682059502403,1.5415870978526012,1.7936792373657227,1.4310139417648315,1.260769248008728,0.1702603624253859,0.4815075464451519,5.096928399012777
1776515085.849834,0.6347901150609803,0.09748552462827295,0.5075992515167544,1.0321824315673667,1.260769248008728,2.3231682059502403,1.5415870978526012,1.7936792373657227,1.4310139417648315,1.260769248008728,0.16880749968133724,0.4797625477651626,5.088797137467958
1776515085.9028368,0.5900134667964989,0.2084511568133939,0.5075992515167544,1.0427028759653858,1.260769248008728,2.3231682059502403,1.5415870978526012,1.7936792373657227,1.4310139417648315,1.260769248008728,0.16569825500280333,0.47590839302304144,5.081261317253949
1776515086.0352325,0.5900134667964989,0.2084511568133939,0.5091166012237891,1.0093328395704986,1.257615089416504,2.313697342074215,1.5132921602984712,1.797742486000061,1.428789734840393,1.257615089416504,0.16569825500280333,0.47590839302304144,5.081261317253949
1776515086.085457,0.5423645830741943,0.4211574040533426,0.5091166012237891,1.0093328395704986,1.257615089416504,2.313697342074215,1.5132921602984712,1.797742486000061,1.428789734840393,1.257615089416504,0.16014245895965645,0.4690192679294418,5.07426978827018
1776515086.1000023,0.5354551428096799,-0.1181172573763823,0.5118284173552384,0.9459586777748877,1.257615089416504,2.313697342074215,1.5132921602984712,1.797742486000061,1.428789734840393,1.257615089416504,0.1579851495860625,0.46632576691911054,5.067343748108562
1776515086.149626,0.5303303869549312,-0.15552417646268865,0.5128856233560467,0.9762910287506624,1.257615089416504,2.313697342074215,1.5132921602984712,1.797742486000061,1.428789734840393,1.257615089416504,0.2056519375484837,0.4694357252717889,5.060536531083732
1776515086.1997623,0.5095099764390169,-0.20084662711266016,0.6093113184779378,1.2192713810735871,1.2739111185073853,2.3047713831990655,1.4956436422213781,1.8045533895492554,1.428996205329895,1.2739111185073853,0.20873830880209027,0.47304048410490784,5.053955377137907
1776515086.2519548,0.5095099764390169,-0.20084662711266016,0.6075457281735369,1.1176048177011288,1.2739111185073853,2.3047713831990655,1.4956436422213781,1.8045533895492554,1.428996205329895,1.2739111185073853,0.20873830880209027,0.47304048410490784,5.053955377137907
1776515086.3002973,0.4897634923299566,-0.24852875092878576,0.6075457281735369,1.0894479392428627,1.2739111185073853,2.3047713831990655,1.4956436422213781,1.8045533895492554,1.428996205329895,1.2739111185073853,0.21253928920610315,0.4775358814462516,5.047689336652552
1776515086.351862,0.47420224835915353,-0.30246801424433367,0.6053558461354991,1.1320991583658397,1.2720425128936768,2.2729678974451564,1.4341558076863516,1.7840406894683838,1.4265412092208862,1.2720425128936768,0.21715205018937855,0.4830619410818482,5.041690520656472
1776515086.3998964,0.47420224835915353,-0.30246801424433367,0.6026787450592721,1.1528570649022674,1.2720425128936768,2.2729678974451564,1.4341558076863516,1.7840406894683838,1.4265412092208862,1.2720425128936768,0.21715205018937855,0.4830619410818482,5.041690520656472
1776515086.449939,0.4611846873543468,-0.4107682668915736,0.5996002946492124,1.175123856710978,1.2720425128936768,2.2729678974451564,1.4341558076863516,1.7840406894683838,1.4265412092208862,1.2720425128936768,0.22242519826728194,0.4894445038077606,5.035920300509347
1776515086.499914,0.4564518381992593,-0.29777636890478376,0.5996002946492124,1.135403491597303,1.271282434463501,2.2394102275867795,1.3692833207534802,1.746747612953186,1.4244887828826904,1.271282434463501,0.2273706640941185,0.49535450720069196,5.0303903160155645
1776515086.5499442,0.4597328026079018,-0.27297290539065056,0.5967341505479312,1.189636827795413,1.271282434463501,2.2394102275867795,1.3692833207534802,1.746747612953186,1.4244887828826904,1.271282434463501,0.23188709365605975,0.500666661041409,5.02503419771863
1776515086.6018152,0.4473178124311377,-0.2666605445431005,0.5941402056368378,1.2007058465362703,1.271282434463501,2.2394102275867795,1.3692833207534802,1.746747612953186,1.4244887828826904,1.271282434463501,0.23652502202979053,0.5062011647763198,5.019764760346541
1776515086.65394,0.43770730504614813,-0.24222710796526276,0.5914545028134989,1.2138947072192066,1.2692641019821167,2.206662175282629,1.295347965566608,1.724800944328308,1.4308351278305054,1.2692641019821167,0.24088821377264918,0.5113202355590181,5.01471159205551
1776515086.7009275,0.43655366471480417,-0.2558871543205611,0.5889521216950481,1.2315372879491164,1.2692641019821167,2.206662175282629,1.295347965566608,1.724800944328308,1.4308351278305054,1.2692641019821167,0.245148419833011,0.5162146007895585,5.009937750892494
1776515086.7520194,0.4298305200615246,-0.24359830922924033,0.5865375409733835,1.242336746985571,1.2692641019821167,2.206662175282629,1.295347965566608,1.724800944328308,1.4308351278305054,1.2692641019821167,0.2993826007162399,0.5214005640260142,5.005172117759741
1776515086.7999477,0.40763072343715967,-0.22653187772283553,0.5785634266922236,1.5,1.2707351446151733,2.180582327935345,1.2317946587741624,1.7100790739059448,1.435575246810913,1.2707351446151733,0.30389156657773875,0.5260461566167209,5.000820988021827
1776515086.8500657,0.37624457056005955,-0.16954825856619207,0.576126401369728,1.3430706952772868,1.2707351446151733,2.180582327935345,1.2317946587741624,1.7100790739059448,1.435575246810913,1.2707351446151733,0.30816304990047866,0.5304396844443671,4.996784053112267
1776515086.9008236,0.33509436655175906,-0.15023210032357837,0.5738197997806566,1.3531060254166822,1.262834072113037,2.159229669054827,1.1771957070319972,1.6872708797454834,1.4388898611068726,1.262834072113037,0.31166582494818573,0.5334815834259097,4.9935706379427325
1776515086.9501076,0.28146174183025824,0.12127873590548108,0.5720853687538024,1.355683526754193,1.262834072113037,2.159229669054827,1.1771957070319972,1.6872708797454834,1.4388898611068726,1.262834072113037,0.31371410807932215,0.5341815999326189,4.991342450495971
1776515086.9999413,0.23688507878732645,0.0721112453643262,0.5723136449885153,1.3301380251988681,1.2682441473007202,2.149073258249105,1.1509390634377838,1.6747239828109741,1.4446483850479126,1.2682441473007202,0.3131933850934432,0.5312915070283464,4.989941900127075
1776515087.0498378,0.1833118623017312,0.1602619344479677,0.5723615634839032,1.332108068431432,1.2682441473007202,2.149073258249105,1.1509390634377838,1.6747239828109741,1.4446483850479126,1.2682441473007202,0.31415807011037505,0.5302521530295796,4.98911342055393
1776515087.1008427,0.13570092754227706,0.23776218648084105,0.5723615634839032,1.3327910658062674,1.2682441473007202,2.149073258249105,1.1509390634377838,1.6747239828109741,1.4446483850479126,1.2682441473007202,0.3123330207808878,0.5259059102861217,4.98868736917649
1776515087.156482,0.07882750465725609,0.2813520858476333,0.5740384238831022,1.3018230094369647,1.2543953657150269,2.1635217877254784,1.1902308111945676,1.6818503141403198,1.4435902833938599,1.2543953657150269,0.30959722207238155,0.5207593548061562,4.988568034369783
1776515087.2059393,0.029017973507029397,0.2638028572020877,0.5761688806920361,1.2873151826905196,1.2543953657150269,2.1635217877254784,1.1902308111945676,1.6818503141403198,1.4435902833938599,1.2543953657150269,0.306480103645439,0.5155365205069795,4.988782418453241
1776515087.2589128,0.0415096080292114,0.22523870664138834,0.5784167881393952,1.2638470878128543,1.2543953657150269,2.1635217877254784,1.1902308111945676,1.6818503141403198,1.4435902833938599,1.2543953657150269,0.3034150319405367,0.5107211756061367,4.989291199220129
1776515087.3003201,0.12958286768057167,0.6240234854372055,0.5805374827812665,1.2608403083870718,1.2633150815963745,2.1829832219945184,1.2396519289054615,1.6938682794570923,1.4509282112121582,1.2633150815963745,0.2962010783300039,0.5016622197411531,4.988202127382547
1776515087.353942,0.12958286768057167,0.6240234854372055,0.5848919067333161,1.2007310148934884,1.2633150815963745,2.1829832219945184,1.2396519289054615,1.6938682794570923,1.4509282112121582,1.2633150815963745,0.2962010783300039,0.5016622197411531,4.988202127382547
1776515087.4052708,0.22668817373548206,0.9280516348450487,0.5932178736540891,1.1082725246702907,1.2633150815963745,2.1829832219945184,1.2396519289054615,1.6938682794570923,1.4509282112121582,1.2633150815963745,0.28251597799891837,0.48424321389351244,4.986096630618078
1776515087.4508274,0.39242967902656867,1.1450938427449,0.5932178736540891,1.2136121505480624,1.2510446310043335,2.2323565830465384,1.3353462839173047,1.733508586883545,1.4457062482833862,1.2510446310043335,0.2633331838086541,0.460871781343398,4.981269500221245
1776515087.500393,0.2943828553123547,0.9998857933697958,0.6045959389040677,1.0035358078265355,1.2510446310043335,2.2323565830465384,1.3353462839173047,1.733508586883545,1.4457062482833862,1.2510446310043335,0.24683525703859666,0.44065861249844174,4.9770076769427565
1776515087.5498164,0.2885594924724603,0.7221372021119681,0.6236495589914265,0.7911137413097677,1.2510446310043335,2.2323565830465384,1.3353462839173047,1.733508586883545,1.4457062482833862,1.2510446310043335,0.23185510108156027,0.42115341262864425,4.973763386958496
1776515087.6000617,0.22655440162951163,0.5920314858037824,0.6236495589914265,1.0397168057632775,1.2749650478363037,2.2854570895846966,1.4171756696336826,1.7959939241409302,1.43742036819458,1.2749650478363037,0.22182842320518964,0.40782800735858915,4.97094574100604
1776515087.6498952,0.16311584379380814,0.445999272004545,0.6299073952918873,0.9230627443432187,1.2749650478363037,2.2854570895846966,1.4171756696336826,1.7959939241409302,1.43742036819458,1.2749650478363037,0.2146272964362855,0.3976846182718261,4.969019258826645
1776515087.7009492,0.1421460297550868,0.30680251433220584,0.6345622281819447,0.925262573675731,1.268103837966919,2.3110158893380532,1.4471342872008304,1.8208013772964478,1.445373296737671,1.268103837966919,0.20955791987217964,0.3903599028755327,4.967485860502769
1776515087.7492216,0.10245010699855071,0.1150843526845337,0.6378906313870616,0.9056212944555453,1.268103837966919,2.3110158893380532,1.4471342872008304,1.8208013772964478,1.445373296737671,1.268103837966919,0.20723948097268113,0.3868754916708703,4.966245697003691
1776515087.7999413,0.10245010699855071,0.1150843526845337,0.6394505131270407,0.9292778747283416,1.268103837966919,2.3110158893380532,1.4471342872008304,1.8208013772964478,1.445373296737671,1.268103837966919,0.20723948097268113,0.3868754916708703,4.966245697003691
1776515087.8492792,0.05328515522512148,0.040598375449243725,0.6400400012529639,0.9384158857059852,1.2742148637771606,2.315538716470611,1.450948608262093,1.8283404111862183,1.4405946731567383,1.2742148637771606,0.206323982790307,0.38559412529956694,4.9653214042850164
1776515087.900099,0.05328515522512148,0.040598375449243725,0.6400400012529639,0.9460571356973493,1.2742148637771606,2.315538716470611,1.450948608262093,1.8283404111862183,1.4405946731567383,1.2742148637771606,0.206323982790307,0.38559412529956694,4.9653214042850164
1776515087.9501646,0.0043408673408100356,-0.05497837180077767,0.6400978804180949,0.9449919880394306,1.2742148637771606,2.315538716470611,1.450948608262093,1.8283404111862183,1.4405946731567383,1.2742148637771606,0.20616164639502868,0.38553351675127834,4.964829390176999
1776515088.0089471,0.023590672003267667,0.019724536905320326,0.6400978804180949,0.9457263976108866,1.2742148637771606,2.315538716470611,1.450948608262093,1.8283404111862183,1.4405946731567383,1.2742148637771606,0.2063565199035421,0.3859455838843877,4.964728974352973
1776515088.0557785,0.046152110320508505,-0.06379357748000387,0.6399333934966789,0.9487855786693666,1.2663652896881104,2.3147992143798604,1.4519171733133394,1.8240076303482056,1.42800772190094,1.2663652896881104,0.20723228168752567,0.387083769419609,4.9639993586909625
1776515088.0998597,0.046152110320508505,-0.06379357748000387,0.639394009577253,0.9559193540563438,1.2663652896881104,2.3147992143798604,1.4519171733133394,1.8240076303482056,1.42800772190094,1.2663652896881104,0.20723228168752567,0.387083769419609,4.9639993586909625
1776515088.155753,-0.0033097845562917207,-0.11679356919748556,0.6355896593747258,1.0286002458086578,1.2663652896881104,2.3147992143798604,1.4519171733133394,1.8240076303482056,1.42800772190094,1.2663652896881104,0.2092173342765172,0.3988841870985427,4.971893850345109
1776515088.2018924,-0.001656936003069939,-0.0030710449675114796,0.635138861696307,0.9793731357364946,1.2735141515731812,2.3102717547368163,1.4438549074202858,1.8167433738708496,1.429087519645691,1.2735141515731812,0.20984284508965728,0.3999312190753552,4.9717351229400935
1776515088.2888753,0.04742650447605596,-0.20815294020961772,0.6347277915500369,0.9815729488117795,1.2735141515731812,2.3102717547368163,1.4438549074202858,1.8167433738708496,1.429087519645691,1.2735141515731812,0.21246319574904943,0.4034210624457337,4.971077489978665
1776515088.2993717,0.04742650447605596,-0.20815294020961772,0.6347277915500369,0.976412619714075,1.2820018529891968,2.3006801517003117,1.4286747935224426,1.8181904554367065,1.4326213598251343,1.2820018529891968,0.21246319574904943,0.4034210624457337,4.971077489978665
1776515088.3558402,0.058879446599240756,-0.21706302494734092,0.6313983103155283,1.0466905617437072,1.2820018529891968,2.3006801517003117,1.4286747935224426,1.8181904554367065,1.4326213598251343,1.2820018529891968,0.21947312919063763,0.4127419387196549,4.969353888144276
1776515088.400815,0.22413406116335083,-0.715675678252135,0.629125028602456,1.0382211868120081,1.2820018529891968,2.3006801517003117,1.4286747935224426,1.8181904554367065,1.4326213598251343,1.2820018529891968,0.22620921020505522,0.4213061255841013,4.967391119383121
1776515088.4498606,0.3844236144286061,-0.8706267200404808,0.6250295638647778,1.0857476992714785,1.2818766832351685,2.2802752747125474,1.4053273417428884,1.7744344472885132,1.4321351051330566,1.2818766832351685,0.23988684813718616,0.43847351739730667,4.96300581538596
1776515088.4998958,0.33898841464605445,-0.7742847630004625,0.6167759293981833,1.1833548988485647,1.2818766832351685,2.2802752747125474,1.4053273417428884,1.7744344472885132,1.4321351051330566,1.2818766832351685,0.25287629233281045,0.45511844455002337,4.9582186409638656
1776515088.5549397,0.39124186189802457,-0.7794337526881542,0.6088420098581253,1.228399722692742,1.2646746635437012,2.217406207163173,1.2947487430797324,1.7329621315002441,1.4522660970687866,1.2646746635437012,0.26534170989088685,0.47122423043888917,4.953569682623496
1776515088.6017962,0.2899302916640177,-0.7057055128913672,0.6011911045846077,1.2664358465607608,1.2646746635437012,2.217406207163173,1.2947487430797324,1.7329621315002441,1.4522660970687866,1.2646746635437012,0.2755535051676577,0.485189941085985,4.949410947127556
1776515088.6497738,0.22249276497836573,-0.5559633154587243,0.5947073331936744,1.2878784910128007,1.2646746635437012,2.217406207163173,1.2947487430797324,1.7329621315002441,1.4522660970687866,1.2646746635437012,0.3312065694332343,0.4968230958466424,4.945917601787691
1776515088.7028244,0.15910301432530724,-0.3677318707081901,0.5774254776657651,1.5,1.2731351852416992,2.1656576299093917,1.184408495111372,1.6920329332351685,1.4459450244903564,1.2731351852416992,0.3371559142284537,0.5055134873033831,4.942775353151422
1776515088.752146,0.15910301432530724,-0.3677318707081901,0.5734929331694824,1.3779332437179963,1.2731351852416992,2.1656576299093917,1.184408495111372,1.6920329332351685,1.4459450244903564,1.2731351852416992,0.3371559142284537,0.5055134873033831,4.942775353151422
1776515088.8003721,0.08747128387340367,0.2077399415088435,0.5714924910486382,1.3635602287462905,1.2785180807113647,2.1471405660080536,1.1348910270256687,1.6747232675552368,1.4398680925369263,1.2785180807113647,0.3377871431795353,0.5099699086574676,4.937842431604065
1776515088.850843,0.1337988438556172,0.42590598461082,0.5720860654946662,1.3269677708715408,1.2785180807113647,2.1471405660080536,1.1348910270256687,1.6747232675552368,1.4398680925369263,1.2785180807113647,0.3318953910022797,0.5029455269619201,4.93643223757728
1776515088.8997602,0.19208979094906942,0.508436959306832,0.5755376139180879,1.2687381169358563,1.2785180807113647,2.1471405660080536,1.1348910270256687,1.6747232675552368,1.4398680925369263,1.2785180807113647,0.3240065558262301,0.4933250370539983,4.934496935247722
1776515088.9517999,0.19208979094906942,0.508436959306832,0.5802193375566705,1.234895965576798,1.275364637374878,2.174355452199648,1.197296336526661,1.701582431793213,1.4472241401672363,1.275364637374878,0.3240065558262301,0.4933250370539983,4.934496935247722
1776515088.9998257,0.2499688982225228,0.47923016389655615,0.5849661205357076,1.1950154544243625,1.275364637374878,2.174355452199648,1.197296336526661,1.701582431793213,1.4472241401672363,1.275364637374878,0.31601073324090595,0.48356848102708594,4.93189695663237
1776515089.0498075,0.3207850386159824,0.4399777455160915,0.5849661205357076,1.260765025510242,1.275364637374878,2.174355452199648,1.197296336526661,1.701582431793213,1.4472241401672363,1.275364637374878,0.30844638534586266,0.4743157787364989,4.928455521658368
1776515089.1000586,0.3890951138561392,0.34170131990528607,0.589463092846623,1.1749107599757664,1.2800583839416504,2.195119973468516,1.2427236476844536,1.7299693822860718,1.4356658458709717,1.2800583839416504,0.3020163750397358,0.4664163166314419,4.92412864105842
1776515089.151052,0.44301974084926093,0.139073699322938,0.5932953048331829,1.163958468720789,1.2800583839416504,2.195119973468516,1.2427236476844536,1.7299693822860718,1.4356658458709717,1.2800583839416504,0.2980436518769733,0.4615061560587612,4.91902389023164
1776515089.2008154,0.4576917374584951,-0.10126672288437473,0.5956712760305497,1.1687778297816445,1.2800583839416504,2.195119973468516,1.2427236476844536,1.7299693822860718,1.4356658458709717,1.2800583839416504,0.2982468054959421,0.4617626274658784,4.91343137578328
1776515089.251981,0.4576917374584951,-0.10126672288437473,0.5955482693245767,1.2018868797918152,1.2780920267105103,2.1885392852230936,1.225304964229116,1.719141960144043,1.4423390626907349,1.2780920267105103,0.2982468054959421,0.4617626274658784,4.91343137578328
1776515089.2998734,0.4420759101385248,-0.25403132600527345,0.5955482693245767,1.200295603859562,1.2780920267105103,2.1885392852230936,1.225304964229116,1.719141960144043,1.4423390626907349,1.2780920267105103,0.3011450188415095,0.46543391761453434,4.90792860186349
1776515089.3525705,0.4129515769118088,-0.3650551140577705,0.59378995831987,1.2341707821642518,1.2780920267105103,2.1885392852230936,1.225304964229116,1.719141960144043,1.4423390626907349,1.2780920267105103,0.3062344752487536,0.4719804320059613,4.902774644665039
1776515089.4030557,0.4220497987277042,-0.3255483725189691,0.590674391275645,1.2570208771235547,1.287192463874817,2.156739973227918,1.153289549397134,1.7063157558441162,1.4389549493789673,1.287192463874817,0.3116737479813708,0.47904134460717906,4.8978023400494
1776515089.4497864,0.4346282774790893,-0.22230502769709057,0.5873266390186844,1.3124482788707976,1.287192463874817,2.156739973227918,1.153289549397134,1.7063157558441162,1.4389549493789673,1.287192463874817,0.3116737479813708,0.47904134460717906,4.8978023400494
1776515089.5007434,0.43983943197870506,-0.1519395404699114,0.5847802190022434,1.2957466053679827,1.287192463874817,2.156739973227918,1.153289549397134,1.7063157558441162,1.4389549493789673,1.287192463874817,0.3185512214493613,0.4881469973155963,4.8876581892838855
1776515089.5503888,0.45843541047146236,-0.02675975612860634,0.583043932946394,1.2930156257306862,1.2879527807235718,2.1309312627229504,1.0853962995461495,1.6887975931167603,1.4453798532485962,1.2879527807235718,0.3200537731285748,0.490160464058488,4.882485590478744
1776515089.599958,0.4623933253025595,0.11374933496705494,0.5821015192352225,1.2901708919831338,1.2879527807235718,2.1309312627229504,1.0853962995461495,1.6887975931167603,1.4453798532485962,1.2879527807235718,0.3659991149650469,0.4887768455907795,4.877086863439402
1776515089.652802,0.4771546270073156,0.211318734398037,0.5709107062633899,1.4825499913113034,1.2879527807235718,2.1309312627229504,1.0853962995461495,1.6887975931167603,1.4453798532485962,1.2879527807235718,0.3632714511357098,0.48540022089127755,4.8716228677084565
1776515089.703336,0.47975654270034285,0.28867326607300964,0.5725435324642435,1.3107739330662977,1.2913122177124023,2.1253868095528516,1.0692521515583318,1.6729313135147095,1.447830319404602,1.2913122177124023,0.35882085536829816,0.4798484951230948,4.866056334831
1776515089.7498147,0.5144666725661206,0.5668209411691856,0.5752195658127224,1.2813505688024034,1.2913122177124023,2.1253868095528516,1.0692521515583318,1.6729313135147095,1.447830319404602,1.2913122177124023,0.35238181296061216,0.47169294580952914,4.860291307563507
1776515089.7998059,0.5238674239310033,0.7634887354307608,0.5791257583072577,1.2449528014277251,1.2890276908874512,2.1445232003403416,1.1159703390556888,1.6917697191238403,1.447289228439331,1.2890276908874512,0.34142540294069745,0.4578109812244726,4.854102663791047
1776515089.8521366,0.5326508038370219,0.8030792567677209,0.5857737237160919,1.1711059254323761,1.2890276908874512,2.1445232003403416,1.1159703390556888,1.6917697191238403,1.447289228439331,1.2890276908874512,0.32902324195835186,0.4419682755969432,4.847669511012085
1776515089.8999686,0.5572566563958503,0.6946305297049504,0.5933350258593512,1.1287727344902603,1.3078093528747559,2.185002531418637,1.200459844907456,1.7168357372283936,1.4400378465652466,1.3078093528747559,0.31767457915042846,0.4273853231080562,4.8409856663693445
1776515089.9500802,0.5642883797718924,0.6631949181603202,0.6063692313591412,0.9357156625456241,1.3078093528747559,2.185002531418637,1.200459844907456,1.7168357372283936,1.4400378465652466,1.3078093528747559,0.3077870792113803,0.41453008814139647,4.833982818056546
1776515090.0020528,0.59813201523985,0.6786967466842627,0.6123452262209074,1.027667768233204,1.3098341226577759,2.210800245666151,1.2461220267781734,1.7601648569107056,1.4264445304870605,1.3098341226577759,0.28854481124277903,0.38917829274133386,4.819179120962277
1776515090.049775,0.6124307815975434,0.7150227094946261,0.6183167855992462,0.9927233468319266,1.3098341226577759,2.210800245666151,1.2461220267781734,1.7601648569107056,1.4264445304870605,1.3098341226577759,0.31532623946062777,0.3758885079934109,4.811301078882724
1776515090.0998387,0.6124307815975434,0.7150227094946261,0.6152890054177669,1.1264633890229856,1.3098341226577759,2.210800245666151,1.2461220267781734,1.7601648569107056,1.4264445304870605,1.3098341226577759,0.31532623946062777,0.3758885079934109,4.811301078882724
1776515090.1501,0.6182980120161398,0.6905795654635247,0.6152890054177669,1.0874913976127616,1.3098341226577759,2.210800245666151,1.2461220267781734,1.7601648569107056,1.4264445304870605,1.3098341226577759,0.31532623946062777,0.3758885079934109,4.811301078882724
1776515090.2004628,0.6182980120161398,0.6905795654635247,0.6219092315493393,0.9664880356737905,1.3201212882995605,2.2311616587925576,1.273059385423989,1.795262098312378,1.4251108169555664,1.3201212882995605,0.3040786062002496,0.362367713172135,4.803174547246094
1776515090.2499676,0.6117416319864685,0.780813884869204,0.6219092315493393,1.0496615340037756,1.3201212882995605,2.2311616587925576,1.273059385423989,1.795262098312378,1.4251108169555664,1.3201212882995605,0.29172338267695536,0.3473596147735478,4.795037923454628
1776515090.3088183,0.6214762478700241,0.7418466516000017,0.6292250154288139,0.9229466390328043,1.3201212882995605,2.2311616587925576,1.273059385423989,1.795262098312378,1.4251108169555664,1.3201212882995605,0.2799688963651025,0.33294883636914707,4.786620672456414
1776515090.3492734,0.6356958964804262,0.6519328553528956,0.6362221639326331,0.8723443319406309,1.3252698183059692,2.2589864587475037,1.308898955454472,1.8085943460464478,1.408128261566162,1.3252698183059692,0.2799688963651025,0.33294883636914707,4.786620672456414
1776515090.4049897,0.6356958964804262,0.6519328553528956,0.642572300050954,0.8493336449406939,1.3252698183059692,2.2589864587475037,1.308898955454472,1.8085943460464478,1.408128261566162,1.3252698183059692,0.2693743389527416,0.3198048804748399,4.777949761694547
1776515090.453944,0.6378163826661291,0.621554634623862,0.6485160509415948,0.8219592917672627,1.3252698183059692,2.2589864587475037,1.308898955454472,1.8085943460464478,1.408128261566162,1.3252698183059692,0.25951452269599545,0.3074510333536229,4.769164194812495
1776515090.4998157,0.637183316546639,0.6431724384604197,0.6485160509415948,0.8976225660480301,1.342523217201233,2.2747707779378827,1.3208666490828138,1.7790988683700562,1.4164905548095703,1.342523217201233,0.24965120461186752,0.2949359258282489,4.760260698837898
1776515090.5566897,0.6410765611609246,0.5781825256940676,0.660187471714634,0.6759446702664444,1.342523217201233,2.2747707779378827,1.3208666490828138,1.7790988683700562,1.4164905548095703,1.342523217201233,0.24035274912057186,0.28301298395350694,4.751258307430919
1776515090.6052518,0.637041233066133,0.5680855514397268,0.658791235664986,0.8569834970279465,1.342523217201233,2.2747707779378827,1.3208666490828138,1.7790988683700562,1.4164905548095703,1.342523217201233,0.2584813835566283,0.2716837702812276,4.742197665445328
1776515090.6499577,0.627093032487015,0.5690768682765115,0.658791235664986,0.838907224771509,1.355832815170288,2.2881695708116925,1.3322118953854338,1.7389224767684937,1.3950709104537964,1.355832815170288,0.24904989244494002,0.260679163314558,4.733127264940834
1776515090.701265,0.647224937678998,0.6412250328682773,0.6697265995534389,0.6371185553287191,1.355832815170288,2.2881695708116925,1.3322118953854338,1.7389224767684937,1.3950709104537964,1.355832815170288,0.22982919189748516,0.2378298973162165,4.714684319024826
1776515090.7500257,0.6441333442310418,0.5869499458251971,0.6754906723932932,0.67273997278796,1.3682738542556763,2.3010287122744084,1.3407679504805412,1.6778184175491333,1.3898513317108154,1.3682738542556763,0.2201210701268079,0.2260998780702177,4.705175647226074
1776515090.8019602,0.6567417791149003,0.6008274670005291,0.6812215244683835,0.6345613567152751,1.3682738542556763,2.3010287122744084,1.3407679504805412,1.6778184175491333,1.3898513317108154,1.3682738542556763,0.21044039343717463,0.21422684979576712,4.695432479624834
1776515090.8508568,0.6567417791149003,0.6008274670005291,0.6869855029110172,0.6010732505920174,1.3682738542556763,2.3010287122744084,1.3407679504805412,1.6778184175491333,1.3898513317108154,1.3682738542556763,0.21044039343717463,0.21422684979576712,4.695432479624834
1776515090.9028351,0.6626697062176936,0.5913718670145154,0.6869855029110172,0.6777971262227589,1.3651126623153687,2.3136107944758484,1.3476375857127294,1.6155346632003784,1.3651126623153687,1.3767969608306885,0.20089816921795806,0.20237257294796795,4.685498357153794
1776515090.9539335,0.6764731312876915,0.5812396376797792,0.6927093409316436,0.5694178854021261,1.3651126623153687,2.3136107944758484,1.3476375857127294,1.6155346632003784,1.3651126623153687,1.3767969608306885,0.19173760943029897,0.19083297100998808,4.67533217657854
1776515090.9999318,0.6840014213099109,0.5593768410141755,0.698248890540768,0.5436718636752718,1.3652981519699097,2.3279071441962693,1.3574978569792528,1.5769710540771484,1.3652981519699097,1.3998924493789673,0.2008527243099968,0.17964653718915224,4.664926356373772
1776515091.0508199,0.6848341324061158,0.5293437978043635,0.6830016537301017,0.5976831718420846,1.3652981519699097,2.3279071441962693,1.3574978569792528,1.5769710540771484,1.3652981519699097,1.3998924493789673,0.1916029509744975,0.1690031542781465,4.654384394711468
1776515091.0999377,0.6695554476566549,0.47976320628487923,0.12,-1.5,1.3652981519699097,2.3279071441962693,1.3574978569792528,1.5769710540771484,1.3652981519699097,1.3998924493789673,0.1831392661215485,0.15913646280236393,4.64389781324165
1776515091.149974,0.6695554476566549,0.47976320628487923,0.12,-1.5,1.3652981519699097,2.3279071441962693,1.3574978569792528,1.5769710540771484,1.3652981519699097,1.3998924493789673,0.1831392661215485,0.15913646280236393,4.64389781324165
1776515091.201836,0.6566998147637072,0.4469205388981301,0.12,-1.5,1.353047251701355,2.334606229762696,1.3590717126565843,1.548033356666565,1.353047251701355,1.3972995281219482,0.17574493445955758,0.15039176789303488,4.63361630760852
1776515091.2499347,0.6385297474193122,0.42170604870754225,0.12,-1.5,1.353047251701355,2.334606229762696,1.3590717126565843,1.548033356666565,1.353047251701355,1.3972995281219482,0.16878506916449743,0.1420539714150606,4.623497169829637
1776515091.315544,0.6228852887204257,0.41846715145101765,0.12,-1.5,1.353047251701355,2.334606229762696,1.3590717126565843,1.548033356666565,1.353047251701355,1.3972995281219482,0.16207499358200086,0.1339017035172363,4.6135958145990195
1776515091.3810492,0.6228852887204257,0.41846715145101765,0.12,-1.5,1.353047251701355,2.334606229762696,1.3590717126565843,1.548033356666565,1.353047251701355,1.3972995281219482,0.16207499358200086,0.1339017035172363,4.6135958145990195
1776515091.4700677,0.6228852887204257,0.41846715145101765,0.12,-1.5,1.353047251701355,2.334606229762696,1.3590717126565843,1.548033356666565,1.353047251701355,1.3972995281219482,0.16207499358200086,0.1339017035172363,4.6135958145990195
1776515091.5595016,0.6228852887204257,0.41846715145101765,0.12,-1.5,1.353047251701355,2.334606229762696,1.3590717126565843,1.548033356666565,1.353047251701355,1.3972995281219482,0.16207499358200086,0.1339017035172363,4.6135958145990195
1776515091.60646,0.6228852887204257,0.41846715145101765,0.25607985350605794,0.041820632349481565,1.353047251701355,2.334606229762696,1.3590717126565843,1.548033356666565,1.353047251701355,1.3972995281219482,0.16207499358200086,0.1339017035172363,4.6135958145990195
1776515091.6500924,0.6058667530364158,0.42281080699539275,0.25607985350605794,0.0418619893520577,1.3432520627975464,2.338750566298161,1.359891403799722,1.5103310346603394,1.3432520627975464,1.411285400390625,0.15550566547664177,0.12581152477174595,4.6039141976935705
1776515091.700001,0.5852330940163345,0.4323890603661993,0.5125613686677958,0.07130079988668912,1.3432520627975464,2.338750566298161,1.359891403799722,1.5103310346603394,1.3432520627975464,1.411285400390625,0.14890933877996337,0.11757984788060072,4.594497262523638
1776515091.7512121,0.5667189055704522,0.4368602995481421,0.5151962084221307,-0.025025829565202336,1.3322051763534546,2.341822131048409,1.3545088447156688,1.4733920097351074,1.3322051763534546,1.4190082550048828,0.15315353227490672,0.10917165069804557,4.585343911454263
1776515091.8039894,0.5569200623877928,0.39513777955944474,0.5141866645889002,-0.05396559066223783,1.3322051763534546,2.341822131048409,1.3545088447156688,1.4733920097351074,1.3322051763534546,1.4190082550048828,0.14600353625410012,0.10105571917155465,4.576362899604388
1776515091.8503842,0.5448728917432949,0.3183220238118653,0.5116227342648582,-0.07051987670339206,1.3170725107192993,2.3456057206444116,1.3553098781296027,1.4616367816925049,1.3170725107192993,1.4355942010879517,0.14004839304148733,0.09421868623649066,4.567532658325234
1776515091.9173691,0.5327900271094193,0.26320375675589414,0.5116227342648582,-0.07051987670339206,1.3170725107192993,2.3456057206444116,1.3553098781296027,1.4616367816925049,1.3170725107192993,1.4355942010879517,0.1352010302412186,0.08859665315658583,4.5588226473960285
1776515091.9798095,0.5327900271094193,0.26320375675589414,0.5077225820702886,-0.10469459100731746,1.3170725107192993,2.3456057206444116,1.3553098781296027,1.4616367816925049,1.3170725107192993,1.4355942010879517,0.1352010302412186,0.08859665315658583,4.5588226473960285
1776515092.007359,0.5327900271094193,0.26320375675589414,0.5077225820702886,-0.05649505347100864,1.3170725107192993,2.3456057206444116,1.3553098781296027,1.4616367816925049,1.3170725107192993,1.4355942010879517,0.1352010302412186,0.08859665315658583,4.5588226473960285
1776515092.0509105,0.5327900271094193,0.26320375675589414,0.5077225820702886,-0.056604049728502026,1.3170725107192993,2.3456057206444116,1.3553098781296027,1.4616367816925049,1.3170725107192993,1.4355942010879517,0.1352010302412186,0.08859665315658583,4.5588226473960285
1776515092.1002302,0.5290991152971931,0.20887598969228843,0.5061707997952977,-0.12589099237887702,1.3170725107192993,2.3456057206444116,1.3553098781296027,1.4616367816925049,1.3170725107192993,1.4355942010879517,0.12704906211457742,0.07897935866958883,4.541517139350573
1776515092.15002,0.5290991152971931,0.20887598969228843,0.5047486242430825,-0.1109426981058891,1.3062595129013062,2.344495626206094,1.3517498372148726,1.424633502960205,1.3062595129013062,1.444522500038147,0.12704906211457742,0.07897935866958883,4.541517139350573
1776515092.2063012,0.513577594587241,0.11588671651846139,0.5047486242430825,-0.08325854118875906,1.3062595129013062,2.344495626206094,1.3517498372148726,1.424633502960205,1.3062595129013062,1.444522500038147,0.124132300975455,0.0755084457059958,4.532940192372471
1776515092.2498097,0.4972326015760231,-0.035879999527622226,0.5036807695348768,-0.11291122130742853,1.3062595129013062,2.344495626206094,1.3517498372148726,1.424633502960205,1.3062595129013062,1.444522500038147,0.12353661053016879,0.07475475453336156,4.524759116901578
1776515092.3028004,0.5014800487355864,-0.07768345915186792,0.6693436258413168,-0.030463578178724846,1.2849462032318115,2.333694569718275,1.3395400949050542,1.4076529741287231,1.2849462032318115,1.4482723474502563,0.12436384147449592,0.07575379255019499,4.516621802779247
1776515092.3560266,0.510146063970611,-0.09316880784764084,0.6697688098023461,-0.06453451162885046,1.2849462032318115,2.333694569718275,1.3395400949050542,1.4076529741287231,1.2849462032318115,1.4482723474502563,0.1255169859386874,0.07719340410755193,4.508359637593102
1776515092.3998318,0.5127795668866189,-0.08371985738199347,0.6703732646335075,-0.058813583196700256,1.2849462032318115,2.333694569718275,1.3395400949050542,1.4076529741287231,1.2849462032318115,1.4482723474502563,0.13444726012045602,0.032238417631667904,4.500235960155679
1776515092.4506044,0.5291385322109942,-0.12478051500033159,0.6709711047756584,-0.05380059439556031,1.2860970497131348,2.3226201345697803,1.3285644394149023,1.4281485080718994,1.2860970497131348,1.4577579498291016,0.13382295536947783,0.03403942237149238,4.4960091876813015
1776515092.5000098,0.5553478882933076,-0.19164665713162185,0.6712445089147614,-0.05780838612927682,1.2860970497131348,2.3226201345697803,1.3285644394149023,1.4281485080718994,1.2860970497131348,1.4577579498291016,0.1355478457170045,0.036883765524979184,4.488690477083167
1776515092.5498989,0.580760239091287,-0.28243769592565454,0.6722599059020261,-0.03972510573488782,1.2860970497131348,2.3226201345697803,1.3285644394149023,1.4281485080718994,1.2860970497131348,1.4577579498291016,0.1394948627888442,0.041440820749475415,4.479440288581281
1776515092.602032,0.580760239091287,-0.28243769592565454,0.6741425807929721,-0.014161112552982663,1.2743240594863892,2.307073403463443,1.3142366167194284,1.4210869073867798,1.2743240594863892,1.468805193901062,0.1394948627888442,0.041440820749475415,4.479440288581281
1776515092.649821,0.5923386517629092,-0.3537084147200431,0.6767498249483983,0.01649943456084781,1.2743240594863892,2.307073403463443,1.3142366167194284,1.4210869073867798,1.2743240594863892,1.468805193901062,0.14491449650520646,0.04778404916464862,4.469929345778936
1776515092.699954,0.6014249989038964,-0.42945570167075603,0.6799720462063593,0.0386039399534954,1.2579950094223022,2.2823634025236723,1.2904179199915262,1.432464838027954,1.2579950094223022,1.471042275428772,0.15154677453201323,0.05566669884071129,4.460319568725391
1776515092.750006,0.6047889025910371,-0.49577412714517366,0.7944158302756943,0.18270059571910985,1.2579950094223022,2.2823634025236723,1.2904179199915262,1.432464838027954,1.2579950094223022,1.471042275428772,0.1591634872512734,0.06486511666031447,4.450699425561167
1776515092.802437,0.6023226438727439,-0.5164019422808208,0.7895127740180523,0.13929061979908033,1.2579950094223022,2.2823634025236723,1.2904179199915262,1.432464838027954,1.2579950094223022,1.471042275428772,0.16717425278302647,0.07470048947392294,4.441194038536395
1776515092.851832,0.5989839520460223,-0.6623446220689758,0.7895127740180523,0.07587180106694331,1.2558056116104126,2.252986254237737,1.2601741135552675,1.4612690210342407,1.2558056116104126,1.4792354106903076,0.17662876013816503,0.08651808087928115,4.431734774553534
1776515092.9016132,0.6015164449783802,-0.7755147631811815,0.7836536447323401,0.1847322031438458,1.2558056116104126,2.252986254237737,1.2601741135552675,1.4612690210342407,1.2558056116104126,1.4792354106903076,0.18804582800492053,0.10104989267076214,4.4223871997950335
1776515092.951391,0.6015164449783802,-0.7755147631811815,0.776485121303005,0.23225786954147756,1.2558056116104126,2.252986254237737,1.2601741135552675,1.4612690210342407,1.2558056116104126,1.4792354106903076,0.18804582800492053,0.10104989267076214,4.4223871997950335
1776515093.0002503,0.6185200987250686,-0.8060039596143357,0.7684625696655756,0.3193078744743931,1.2495981454849243,2.205645880359505,1.201595785966015,1.5402871370315552,1.2495981454849243,1.4796124696731567,0.2110744706396041,-2.2635395876338373,4.413037168667767
1776515093.0519438,0.6319456091147146,-0.9112706191439285,0.7684625696655756,0.19688118781986022,1.2495981454849243,2.205645880359505,1.201595785966015,1.5402871370315552,1.2495981454849243,1.4796124696731567,0.22542384605557428,-2.2465295994988437,4.403646602886057
1776515093.1008675,0.6124529417798457,-0.9206699505227842,0.7601554153852464,0.3476632537356103,1.2495981454849243,2.205645880359505,1.201595785966015,1.5402871370315552,1.2495981454849243,1.4796124696731567,0.24015082880849936,-2.228739754741291,4.394486494955373
1776515093.149974,0.6089441488446877,-0.9455037896642419,0.7515109289249815,0.4112629191051604,1.2475872039794922,2.156697399741957,1.1289265363309178,1.7818334102630615,1.2475872039794922,1.4783250093460083,0.25494469072510906,-2.2104843113604487,4.385735893780081
1776515093.2018316,0.593637525209514,-0.9456244448545069,0.742691652190533,0.45590839243882175,1.2475872039794922,2.156697399741957,1.1289265363309178,1.7818334102630615,1.2475872039794922,1.4783250093460083,0.26938597385763674,-2.192296395127116,4.377301390347596
1776515093.2500975,0.593637525209514,-0.9456244448545069,0.7263512816134226,0.651764354887365,1.2475872039794922,2.156697399741957,1.1289265363309178,1.7818334102630615,1.2475872039794922,1.4783250093460083,0.26938597385763674,-2.192296395127116,4.377301390347596
1776515093.3002656,0.5768977694357825,-0.9304352992409362,0.7172196593489997,0.6044461567819298,1.2500752210617065,2.1095373870927245,1.0460061185429252,1.7874425649642944,1.2500752210617065,1.4762619733810425,0.2835268675921127,-2.174101991277782,4.36924509437716
1776515093.3521943,0.5596823238077705,-0.9184281324222958,0.7172196593489997,0.4924854077184181,1.2500752210617065,2.1095373870927245,1.0460061185429252,1.7874425649642944,1.2500752210617065,1.4762619733810425,0.2972671967383347,-2.1560355276749665,4.361568643298944
1776515093.400429,0.544820700560941,-0.8852775045762937,0.7082020796777726,0.6524459870084616,1.2500752210617065,2.1095373870927245,1.0460061185429252,1.7874425649642944,1.2500752210617065,1.4762619733810425,-0.0012567949648957522,0.3602545727627604,4.354273615541432
1776515093.449196,0.5412912620666808,-0.8887462022866622,0.6994454319575809,0.7189708496548861,1.2484023571014404,2.1056972330747987,1.0542098607032975,1.7354599237442017,1.2484023571014404,1.4611353874206543,0.013556198206744863,0.37772983533915183,4.347237313388369
1776515093.5013335,0.5412912620666808,-0.8887462022866622,0.6908194841569378,0.7625282140756093,1.2484023571014404,2.1056972330747987,1.0542098607032975,1.7354599237442017,1.2484023571014404,1.4611353874206543,0.013556198206744863,0.37772983533915183,4.347237313388369
1776515093.5498755,0.5164365084621867,-0.8054594412386975,0.6825779315307747,0.780122881079994,1.2484023571014404,2.1056972330747987,1.0542098607032975,1.7354599237442017,1.2484023571014404,1.4611353874206543,0.04089899041883937,0.4106093690970547,4.334064955814939
1776515093.600825,0.5164365084621867,-0.8054594412386975,0.6747228310672773,0.8703470340556642,1.2484023571014404,2.1056972330747987,1.0542098607032975,1.7354599237442017,1.2484023571014404,1.4611353874206543,0.04089899041883937,0.4106093690970547,4.334064955814939
1776515093.6500213,0.5091825473152283,-0.774386481208288,0.6747228310672773,0.7401683864508224,1.2421772480010986,2.103268095787535,1.0617755278634464,1.6799407005310059,1.2421772480010986,1.4586068391799927,0.05353580638286567,0.42611563230782123,4.327856706331044
1776515093.6999412,0.5089283945343457,-0.7482406263597163,0.6600106948373009,1.0463503581455331,1.2421772480010986,2.103268095787535,1.0617755278634464,1.6799407005310059,1.2421772480010986,1.4586068391799927,0.06550764633841714,0.44100492244792155,4.321841515762157
1776515093.754848,0.5187610458208071,-0.7437732263754165,0.6600106948373009,0.826143431585989,1.243952989578247,2.102175176970723,1.069514183724793,1.6467597484588623,1.243952989578247,1.44021475315094,0.12123200611526654,0.4557864860726639,4.315860152626239
1776515093.7999747,0.5087619065362368,-0.7084479139883562,0.6347287129333093,1.325064819567817,1.243952989578247,2.102175176970723,1.069514183724793,1.6467597484588623,1.243952989578247,1.44021475315094,0.13360587611925542,0.47000930815942277,4.310030841284353
1776515093.8499637,0.5126593967684032,-0.6664875240404203,0.6347287129333093,0.9728776164799151,1.243952989578247,2.102175176970723,1.069514183724793,1.6467597484588623,1.243952989578247,1.44021475315094,0.1452231127794861,0.4835305287540972,4.304418093768241
1776515093.9006782,0.5162465513940557,-0.6782423491297151,0.6280152275284223,1.0976620750745956,1.2532377243041992,2.106589081329289,1.0866691003993614,1.6108072996139526,1.2532377243041992,1.4395462274551392,0.15663383172726186,0.4969994093707224,4.298856901433122
1776515093.9507518,0.5162465513940557,-0.6782423491297151,0.6213684397809278,1.1369352189875785,1.2532377243041992,2.106589081329289,1.0866691003993614,1.6108072996139526,1.2532377243041992,1.4395462274551392,0.15663383172726186,0.4969994093707224,4.298856901433122
1776515093.999381,0.5204291875563576,-0.6187458822279602,0.6150840112442816,1.1690805365277996,1.2532377243041992,2.106589081329289,1.0866691003993614,1.6108072996139526,1.2532377243041992,1.4395462274551392,0.16732702722830356,0.509819921050664,4.293402038700564
1776515094.0501072,0.5293992987033593,-0.5850596294057626,0.6150840112442816,1.0886627928898196,1.255963683128357,2.1089207366260525,1.0974727830769504,1.5849796533584595,1.255963683128357,1.421501874923706,0.1771779230888456,0.521808317556701,4.2880074500712695
1776515094.1064484,0.5180764634514576,-0.529352275889949,0.6037158640562872,1.2978847648029934,1.255963683128357,2.1089207366260525,1.0974727830769504,1.5849796533584595,1.255963683128357,1.421501874923706,0.19517876893265243,0.544242669674861,4.277514269854733
1776515094.1501245,0.5180764634514576,-0.529352275889949,0.5984270027200106,1.2510251943712636,1.2634700536727905,2.109327609620637,1.107353442801554,1.5489140748977661,1.2634700536727905,1.4192111492156982,0.19517876893265243,0.544242669674861,4.277514269854733
1776515094.2121468,0.5016017184138118,-0.4768511197512519,0.5936571744551679,1.272504311122319,1.2634700536727905,2.109327609620637,1.107353442801554,1.5489140748977661,1.2634700536727905,1.4192111492156982,0.20300934380410385,0.5542302532364214,4.272632654276988
1776515094.2671351,0.4955366166274931,-0.43407403140860007,0.5936571744551679,1.2111018602561838,1.2634700536727905,2.109327609620637,1.107353442801554,1.5489140748977661,1.2634700536727905,1.4192111492156982,0.2634120220129019,0.5633031152917232,4.267955592293255
1776515094.3058422,0.4955366166274931,-0.43407403140860007,0.5758952981710662,1.5,1.2634700536727905,2.109327609620637,1.107353442801554,1.5489140748977661,1.2634700536727905,1.4192111492156982,0.2634120220129019,0.5633031152917232,4.267955592293255
1776515094.3530123,0.4912064958173623,-0.383272757437202,0.5718768953723219,1.3979602293106892,1.2698358297348022,2.112025294118629,1.1184218840397027,1.5157201290130615,1.2698358297348022,1.3986077308654785,0.2702989539457527,0.5714563151191019,4.263418578282984
1776515094.400113,0.4904056433391069,-0.33736517588641074,0.5718768953723219,1.335560597872447,1.2698358297348022,2.112025294118629,1.1184218840397027,1.5157201290130615,1.2698358297348022,1.3986077308654785,0.2762415868662519,0.5785913699515133,4.258992507709533
1776515094.4548302,0.493832859347914,-0.28635519826068045,0.5683815365232808,1.396874450609913,1.2698358297348022,2.112025294118629,1.1184218840397027,1.5157201290130615,1.2698358297348022,1.3986077308654785,0.28138279318381415,0.5848522030010281,4.254630653487493
1776515094.5001957,0.493832859347914,-0.28635519826068045,0.565332919277391,1.411923579032264,1.2641193866729736,2.116182144982852,1.1374112619286258,1.5004581212997437,1.2641193866729736,1.3963422775268555,0.28138279318381415,0.5848522030010281,4.254630653487493
1776515094.5500834,0.5144462198996569,-0.20574028270617192,0.565332919277391,1.3729547469863375,1.2641193866729736,2.116182144982852,1.1374112619286258,1.5004581212997437,1.2641193866729736,1.3963422775268555,0.28548129751186957,0.5898975617074016,4.250268069725478
1776515094.599815,0.6414347689338411,-0.15118733009245156,0.5617444457619819,1.437756649215867,1.2641193866729736,2.116182144982852,1.1374112619286258,1.5004581212997437,1.2641193866729736,1.3963422775268555,0.2873998263127385,0.5922528500257429,4.245299214282428
1776515094.6609423,0.7162053853227214,-0.06649457094005513,0.5617444457619819,1.3934603099315321,1.2641193866729736,2.116182144982852,1.1374112619286258,1.5004581212997437,1.2641193866729736,1.3963422775268555,0.2889828083404836,0.5943252305183713,4.239284843005407
1776515094.699846,0.7162053853227214,-0.06649457094005513,0.5607652677530542,1.412919836757696,1.2714647054672241,2.119400171082291,1.1580090566312242,1.4766820669174194,1.2714647054672241,1.3820635080337524,0.2889828083404836,0.5943252305183713,4.239284843005407
1776515094.750971,0.7019184297906726,-0.015192032072183935,0.5605624878233695,1.402980092444683,1.2714647054672241,2.119400171082291,1.1580090566312242,1.4766820669174194,1.2714647054672241,1.3820635080337524,0.28929482300928694,0.5947686313510367,4.233267918686906
1776515094.8021374,0.6973771200914282,0.02234556347409407,0.5605624878233695,1.4002143552950321,1.2714647054672241,2.119400171082291,1.1580090566312242,1.4766820669174194,1.2714647054672241,1.3820635080337524,0.2892158033867349,0.5946642912800548,4.227384529169485
1776515094.8500042,0.6820911008802477,0.05121844960579142,0.5468956232752168,1.5,1.2715617418289185,2.1238971907821216,1.1814881668044972,1.4623228311538696,1.2715617418289185,1.376570224761963,0.34456011994867597,0.5938400946347031,4.221625669300269
1776515094.90083,0.6678663949317533,0.0704511006129486,0.5474776302876718,1.4679657144867257,1.2715617418289185,2.1238971907821216,1.1814881668044972,1.4623228311538696,1.2715617418289185,1.376570224761963,0.34358624380226604,0.5926379866934184,4.216012966046303
1776515094.9518378,0.6536913281011276,0.11174637432530392,0.5483384498667049,1.4592042590820804,1.266350269317627,2.1277412804710325,1.2068860092930311,1.4457200765609741,1.266350269317627,1.3663374185562134,0.34215949203065865,0.5908477076484617,4.210537300681619
1776515095.0039306,0.6400792800152872,0.18941132590203877,0.5483384498667049,1.4700660007616873,1.266350269317627,2.1277412804710325,1.2068860092930311,1.4457200765609741,1.266350269317627,1.3663374185562134,0.33982080381172874,0.5878671964030631,4.205184027416622
1776515095.049829,0.6323396973782429,0.3470036361512037,0.5522182210933203,1.3991545466815043,1.266350269317627,2.1277412804710325,1.2068860092930311,1.4457200765609741,1.266350269317627,1.3663374185562134,0.3358235589180309,0.5826937216404855,4.199918888386841
1776515095.099821,0.6135967533358144,0.5517799374232936,0.5522182210933203,1.4478958794667414,1.2731157541275024,2.128404963689199,1.225207126597379,1.4424850940704346,1.2731157541275024,1.3540154695510864,0.32873642741635867,0.5734182183046805,4.1946847695083695
1776515095.150177,0.6094596010672749,0.5624346000560825,0.5635200514047088,1.2385241785679748,1.2731157541275024,2.128404963689199,1.225207126597379,1.4424850940704346,1.2731157541275024,1.3540154695510864,0.32167187121758856,0.5550665608873533,4.195333586272089
1776515095.2040124,0.6128494303691637,0.5711413109518662,0.5688475568277639,1.2851864825769939,1.2806485891342163,2.1304629896659746,1.2510294834516897,1.4396079778671265,1.2806485891342163,1.343502163887024,0.3131592043336259,0.5437011560005802,4.189939411274057
1776515095.2494402,0.6028552808606052,0.5579681815871097,0.5612813206310108,1.4879501716324912,1.2806485891342163,2.1304629896659746,1.2510294834516897,1.4396079778671265,1.2806485891342163,1.343502163887024,0.3556348381507363,0.5324953576964417,4.184539293553699
1776515095.3001492,0.6188649046580111,0.5345329201728325,0.5666717284909236,1.2921278186879357,1.2806485891342163,2.1304629896659746,1.2510294834516897,1.4396079778671265,1.2806485891342163,1.343502163887024,0.346558829467099,0.5214123088691698,4.178903405054418
1776515095.35172,0.627274232739919,0.5573074498680473,0.5666717284909236,1.3653044086232944,1.2653155326843262,2.134997801908622,1.2796965262378535,1.432131052017212,1.2653155326843262,1.342397928237915,0.3375003226734813,0.5102153023209217,4.173119770350528
1776515095.403532,0.6095641245661562,0.5329766954300978,0.5720896340364247,1.2668033121018623,1.2653155326843262,2.134997801908622,1.2796965262378535,1.432131052017212,1.2653155326843262,1.342397928237915,0.3375003226734813,0.5102153023209217,4.173119770350528
1776515095.4502578,0.5932962681642886,0.4845905446041536,0.5772543167226012,1.241474351022266,1.2653155326843262,2.134997801908622,1.2796965262378535,1.432131052017212,1.2653155326843262,1.342397928237915,0.32891664871495185,0.4994953135758251,4.167286269526542
1776515095.5001812,0.5932962681642886,0.4845905446041536,0.5821434175081327,1.2115475014597201,1.2687771320343018,2.1372861250146022,1.3032348321193288,1.424088716506958,1.2687771320343018,1.3359653949737549,0.32084442839875155,0.48929923762636385,4.161554548972605
1776515095.550077,0.5832326614553375,0.4600517469082001,0.5821434175081327,1.2768947570963844,1.2687771320343018,2.1372861250146022,1.3032348321193288,1.424088716506958,1.2687771320343018,1.3359653949737549,0.3134375949207542,0.47983912340367074,4.155868237624475
1776515095.599514,0.5771185448293755,0.44218590853497497,0.5866587715269421,1.1920627113346305,1.2687771320343018,2.1372861250146022,1.3032348321193288,1.424088716506958,1.2687771320343018,1.3359653949737549,0.3064579715516463,0.4708235188412013,4.150189133273129
1776515095.6640923,0.5775193183444567,0.4315654810243542,0.5909420058934488,1.1721221926591041,1.2690335512161255,2.1432278880799513,1.333035796855532,1.4320565462112427,1.2690335512161255,1.3225243091583252,0.2998336387073937,0.4621657116682154,4.14448710720324
1776515095.7059479,0.6003750331050669,0.4314755122966769,0.5950355237786366,1.155672508816783,1.2690335512161255,2.1432278880799513,1.333035796855532,1.4320565462112427,1.2690335512161255,1.3225243091583252,0.2933659096613596,0.45360099481036453,4.138622017010074
1776515095.751983,0.6442062424099226,0.44940024018387187,0.5990635122184353,1.1206634415648888,1.2601603269577026,2.1481067046977986,1.3611038242823281,1.4176967144012451,1.2601603269577026,1.3156222105026245,0.32969570761869593,0.4446514203875964,4.132258239792596
1776515095.8048048,0.6363743741397642,0.46708924233883975,0.5924142839715616,1.3003273866046636,1.2601603269577026,2.1481067046977986,1.3611038242823281,1.4176967144012451,1.2601603269577026,1.3156222105026245,0.322294257162006,0.4357058513402663,4.125718564648807
1776515095.852324,0.654927634000907,0.474618041849138,0.5967842088198999,1.1429713922489273,1.2601603269577026,2.1481067046977986,1.3611038242823281,1.4176967144012451,1.2601603269577026,1.3156222105026245,0.3144536991922249,0.42610828930011335,4.11900484646474
1776515095.9058383,0.6517969834377182,0.44876360362524265,0.6014473467995276,1.0968456813542506,1.2632492780685425,2.1545116774579314,1.3978672592113757,1.4114751815795898,1.2632492780685425,1.307234525680542,0.3068975952774135,0.41674608559143,4.112166586124288
1776515095.9503913,0.6442617098789997,0.4430206796789958,0.6059729020244915,1.081512614987528,1.2632492780685425,2.1545116774579314,1.3978672592113757,1.4114751815795898,1.2632492780685425,1.307234525680542,0.29974952007982636,0.40777653615760534,4.105333763654674
1776515096.0029488,0.6191749700006732,0.42082996460920863,0.6102856908157543,1.0660930963598083,1.2583868503570557,2.172584359012854,1.4827263940666011,1.4071768522262573,1.2583868503570557,1.2924830913543701,0.2931362185117459,0.39936699298883194,4.098601980791999
1776515096.0503566,0.6033706617062939,0.3977565162927551,0.6143069148981671,1.0346268526825562,1.2583868503570557,2.172584359012854,1.4827263940666011,1.4071768522262573,1.2583868503570557,1.2924830913543701,0.28716585476108947,0.3916905538063973,4.092089799464275
1776515096.0999548,0.6025796414326439,0.3796725451318323,0.6179608495344143,1.0258781018950616,1.2583868503570557,2.172584359012854,1.4827263940666011,1.4071768522262573,1.2583868503570557,1.2924830913543701,0.28145131580912186,0.3842656887489795,4.085554981311354
1776515096.1518054,0.6025796414326439,0.3796725451318323,0.6214798755663872,1.0103199968831482,1.2583868503570557,2.172584359012854,1.4827263940666011,1.4071768522262573,1.2583868503570557,1.2924830913543701,0.28145131580912186,0.3842656887489795,4.085554981311354
1776515096.1999693,0.599812063172073,0.36246628074983356,0.6247946299536058,1.0013421194036767,1.2518150806427002,2.1862770770017357,1.5482086289376882,1.4087156057357788,1.2518150806427002,1.2944676876068115,0.2761018235663645,0.3772418232416799,4.078977130855861
1776515096.2509701,0.5981760038877177,0.34887354162729056,0.5820739411999245,1.5,1.2518150806427002,2.1862770770017357,1.5482086289376882,1.4087156057357788,1.2518150806427002,1.2944676876068115,0.30721496665901316,0.5018138828643006,4.072381552218941
1776515096.3044293,0.5959877846779145,0.3413062249995509,0.5852573908777853,1.2185909783299698,1.2472187280654907,2.1962696673360607,1.6031769074724624,1.3871815204620361,1.2472187280654907,1.284354329109192,0.30180573825505597,0.49531272529264525,4.065780775714252
1776515096.3498394,0.5974703784326593,0.3285321434247512,0.5883274709187104,1.2077572843943398,1.2472187280654907,2.1962696673360607,1.6031769074724624,1.3871815204620361,1.2472187280654907,1.284354329109192,0.29662784028689615,0.4890082618892566,4.059152321840882
1776515096.4001472,0.5967093680581781,0.31539403881207556,0.5883274709187104,1.241557309035941,1.2472187280654907,2.1962696673360607,1.6031769074724624,1.3871815204620361,1.2472187280654907,1.284354329109192,0.29172303292200447,0.4829658160183792,4.0524743399036085
1776515096.4499395,0.5992656130470202,0.30596257550263295,0.5912553672185087,1.1818796241219622,1.255218744277954,2.2140272426781666,1.6800869788394923,1.3853093385696411,1.255218744277954,1.2824466228485107,0.2870094075702726,0.47708766131811364,4.045745125778981
1776515096.502956,0.6003283346643024,0.2976631095081988,0.5940890841232195,1.1718732551004367,1.255218744277954,2.2140272426781666,1.6800869788394923,1.3853093385696411,1.255218744277954,1.2824466228485107,0.28250840886596323,0.4714067231704486,4.038956809698161
1776515096.5499275,0.6018944692035727,0.2943405917119244,0.5968139984780517,1.1585179272112074,1.255218744277954,2.2140272426781666,1.6800869788394923,1.3853093385696411,1.255218744277954,1.2824466228485107,0.27815805130682386,0.46584449455238364,4.032128624260103
1776515096.60008,0.586389402521192,0.30961375599774704,0.599467712596013,1.1434792359455983,1.2533727884292603,2.2293932527220988,1.7482049394409844,1.386009931564331,1.2533727884292603,1.2707922458648682,0.2739152329414839,0.4603449063457501,4.025322607807145
1776515096.6508193,0.586389402521192,0.30961375599774704,0.602076787521936,1.1343676610330118,1.2533727884292603,2.2293932527220988,1.7482049394409844,1.386009931564331,1.2533727884292603,1.2707922458648682,0.2739152329414839,0.4603449063457501,4.025322607807145
1776515096.7042038,0.5477916701510479,0.35506902216017167,0.6053401772448678,1.0937628251119929,1.2533727884292603,2.2293932527220988,1.7482049394409844,1.386009931564331,1.2533727884292603,1.2707922458648682,0.2686555698540604,0.4534236398282465,4.018954438203705
1776515096.7503114,0.5208268008973548,0.20240539945754463,0.4990270353812968,1.5,1.2410545349121094,2.2409009137272724,1.79661066524888,1.3961784839630127,1.2410545349121094,1.2628118991851807,0.3059256905054557,0.7017483812645444,4.012851046924635
1776515096.8027966,0.5061587305476243,0.08982454421084322,0.5000739177970444,1.5,1.2410545349121094,2.2409009137272724,1.79661066524888,1.3961784839630127,1.2410545349121094,1.2628118991851807,0.3040477511525537,0.6994944454341963,4.006906134668214
1776515096.856825,0.49300597437494886,0.03616467297386618,0.5000739177970444,1.5,1.2410545349121094,2.2409009137272724,1.79661066524888,1.3961784839630127,1.2410545349121094,1.2628118991851807,0.3030423497128078,0.6982668713263211,4.001149198429368
1776515096.8999097,0.4821160480947947,-0.013974198976769788,0.5006399327917785,1.5,1.246638536453247,2.2546106703737947,1.855485088276216,1.385023832321167,1.246638536453247,1.263148307800293,0.30290390260310956,0.6980968892016821,3.9955176818786127
1776515096.952811,0.4728461440820104,-0.07029609974237253,0.5007181247300465,1.5,1.246638536453247,2.2546106703737947,1.855485088276216,1.385023832321167,1.246638536453247,1.263148307800293,0.3036146136714748,0.6989856922956226,3.9900131184207015
1776515096.9998195,0.46664649496977473,-0.12104775024783364,0.5003124281792796,1.5,1.246638536453247,2.2546106703737947,1.855485088276216,1.385023832321167,1.246638536453247,1.263148307800293,0.30514035421713304,0.7009153117888025,3.9846279434022396
1776515097.0519648,0.46428068375787557,-0.17149777784011297,0.4994357655669917,1.5,1.2442126274108887,2.259231598701442,1.8829086020852461,1.3669054508209229,1.2442126274108887,1.245119333267212,0.3074526268863885,0.7038771818700194,3.9793137627832937
1776515097.100008,0.4555384803580497,-0.2190691489867099,0.4980972182065495,1.5,1.2442126274108887,2.259231598701442,1.8829086020852461,1.3669054508209229,1.2442126274108887,1.245119333267212,0.31048700904348975,0.7078192321403534,3.974093716679052
1776515097.151057,0.44323652240309497,-0.2586591922809426,0.49632599701168856,1.5,1.2461601495742798,2.2722688962969926,1.9385448140416204,1.3566734790802002,1.2475216388702393,1.2461601495742798,0.3141450149983759,0.712636164039949,3.9690534123714674
1776515097.2008667,0.4268589625828036,-0.29752127760522284,0.4941735785726124,1.5,1.2461601495742798,2.2722688962969926,1.9385448140416204,1.3566734790802002,1.2475216388702393,1.2461601495742798,0.31831770319413005,0.7182069416486907,3.964226484409498
1776515097.2504067,0.4112721753747698,-0.3386329521258877,0.49169811444915873,1.5,1.234139323234558,2.281770308187557,1.977758880241633,1.3411657810211182,1.2459906339645386,1.234139323234558,0.32301522348498185,0.7245671304527748,3.9596337745956545
1776515097.3006897,0.39885739404867915,-0.38055171657149356,0.48888773977022365,1.5,1.234139323234558,2.281770308187557,1.977758880241633,1.3411657810211182,1.2459906339645386,1.234139323234558,0.3950933916272037,0.7317856095998274,3.9552604286392334
1776515097.3499413,0.3886260352159065,-0.47435276545344784,0.49553649462199306,1.5,1.234139323234558,2.281770308187557,1.977758880241633,1.3411657810211182,1.2459906339645386,1.234139323234558,0.40134932967070835,0.7396166404072955,3.951081522380209
1776515097.3999534,0.3865493555441032,-0.32773221471825564,0.4917673096089388,1.5,1.228698968887329,2.292229321133087,2.0184638794653353,1.322441816329956,1.2519227266311646,1.228698968887329,0.407234206373858,0.7466878588125696,3.9472775603210017
1776515097.4500568,0.3791876542274548,-0.29190065191952236,0.4883043795262683,1.5,1.228698968887329,2.292229321133087,2.0184638794653353,1.322441816329956,1.2519227266311646,1.228698968887329,0.4126511252170687,0.752797440697335,3.9438990017506903
1776515097.5009353,0.37183181907726826,-0.24539657447461272,0.485228633050045,1.5,1.228698968887329,2.292229321133087,2.0184638794653353,1.322441816329956,1.2519227266311646,1.228698968887329,0.4086627310757951,0.7580433559200688,3.9276299343964034
1776515097.5499704,0.37183181907726826,-0.24539657447461272,0.4847648521112804,1.5,1.2088600397109985,2.292748042105746,2.0377456139999204,1.2910974025726318,1.264123558998108,1.2088600397109985,0.4086627310757951,0.7580433559200688,3.9276299343964034
1776515097.5999446,0.3596333099669069,-0.22912683385466218,0.48241491543680226,1.5,1.2088600397109985,2.292748042105746,2.0377456139999204,1.2910974025726318,1.264123558998108,1.2088600397109985,0.4131980017085588,0.7623542433308605,3.9250725702439087
1776515097.655988,0.38145514635714056,-0.1726096652297807,0.48241491543680226,1.5,1.2088600397109985,2.292748042105746,2.0377456139999204,1.2910974025726318,1.264123558998108,1.2088600397109985,0.4172187169961485,0.7656855827595959,3.922840411198214
1776515097.70487,0.36161653952799916,-0.2510783747640137,0.4804689201442838,1.5,1.203948736190796,2.301766855423369,2.07478341720005,1.2654350996017456,1.2702736854553223,1.203948736190796,0.421855154359144,0.7704047514980339,3.9202140917915127
1776515097.7500691,0.35077516712502427,-0.14646259839584358,0.4779791706820462,1.5,1.203948736190796,2.301766855423369,2.07478341720005,1.2654350996017456,1.2702736854553223,1.203948736190796,0.42670892187568304,0.7749452837539681,3.9181729301781147
1776515097.7998629,0.35077516712502427,-0.14646259839584358,0.47548467223621693,1.5,1.203948736190796,2.301766855423369,2.07478341720005,1.2654350996017456,1.2702736854553223,1.203948736190796,0.42670892187568304,0.7749452837539681,3.9181729301781147
1776515097.8498359,0.3281136070223184,-0.09056514599906686,0.47413953819671967,1.5,1.1882333755493164,2.309210750485437,2.108969638912908,1.2507272958755493,1.2694709300994873,1.1882333755493164,0.42999859188825235,0.7767886308837171,3.9166204670994955
1776515097.8995585,0.30665699302821675,-0.00012576730350762194,0.47327839611832645,1.5,1.1882333755493164,2.309210750485437,2.108969638912908,1.2507272958755493,1.2694709300994873,1.1882333755493164,0.43272925393350425,0.7774065424658234,3.915561361678409
1776515097.9529488,0.24387488878486335,0.29539420070523315,0.4731864879525036,1.5,1.174462080001831,2.316900334680224,2.141007124325529,1.2537474632263184,1.2846357822418213,1.174462080001831,0.4350162545446764,0.7719913007333974,3.9154689423222795
1776515098.001233,0.21054637220917757,0.3805849324649355,0.47421833964939036,1.5,1.174462080001831,2.316900334680224,2.141007124325529,1.2537474632263184,1.2846357822418213,1.174462080001831,0.4342822354852798,0.7652148971013311,3.916681734087525
1776515098.0498176,0.17922670290063983,0.4171716587372443,0.47630070546933684,1.5,1.174462080001831,2.316900334680224,2.141007124325529,1.2537474632263184,1.2846357822418213,1.174462080001831,0.4331588986791634,0.7575717283080683,3.918347185790113
1776515098.0998366,0.17922670290063983,0.4171716587372443,0.4787238736065918,1.5,1.1658031940460205,2.3198312350051697,2.159144399507121,1.2314777374267578,1.2955769300460815,1.1658031940460205,0.4331588986791634,0.7575717283080683,3.918347185790113
1776515098.1517813,0.1452979411143941,0.552026655712656,0.4816002150246897,1.5,1.1658031940460205,2.3198312350051697,2.159144399507121,1.2314777374267578,1.2955769300460815,1.1658031940460205,0.43144698232137313,0.748839805108301,3.9204232046822174
1776515098.2048519,0.11847987057848627,0.5740639435998024,0.48557611402825246,1.5,1.1658031940460205,2.3198312350051697,2.159144399507121,1.2314777374267578,1.2955769300460815,1.1658031940460205,0.42817282431506265,0.7375869080155419,3.9229088942343093
1776515098.2500079,0.08386142919126606,0.6320475735328225,0.48557611402825246,1.5,1.1440049409866333,2.3261562257205637,2.1772516361508814,1.2352595329284668,1.3004190921783447,1.1440049409866333,0.4242417250414423,0.725682420288609,3.9254799787397525
1776515098.2998118,0.07549497585133691,0.7167613292434458,0.489900007608746,1.5,1.1440049409866333,2.3261562257205637,2.1772516361508814,1.2352595329284668,1.3004190921783447,1.1440049409866333,0.4188466639477141,0.7114126529270159,3.92857887502351
1776515098.3499386,0.132169621045925,0.6136520737807883,0.4952550978656116,1.5,1.1440049409866333,2.3261562257205637,2.1772516361508814,1.2352595329284668,1.3004190921783447,1.1440049409866333,0.41277920286253955,0.6981023764240704,3.930239850695803
1776515098.3995903,0.25984392182188626,0.5606927138375454,0.5005109754799004,1.5,1.1393818855285645,2.3327575906573568,2.192956005833736,1.2395154237747192,1.304503321647644,1.1393818855285645,0.4059334828387051,0.686997876700409,3.9289666703385975
1776515098.4534733,0.2660386120853419,0.776862963377265,0.5053453568485319,1.5,1.1393818855285645,2.3327575906573568,2.192956005833736,1.2395154237747192,1.304503321647644,1.1393818855285645,0.3951640193949522,0.6705348351159139,3.926465048969495
1776515098.5007298,0.5024233022627261,1.180427413575248,0.5126689132800161,1.5,1.1490628719329834,2.340730661269584,2.203709410504103,1.2592977285385132,1.3035532236099243,1.1490628719329834,0.4397721479446402,0.6481885927112283,3.9212764579012136
1776515098.5509038,0.46688741792114535,1.0816259286758099,0.5076846127588068,1.5,1.1490628719329834,2.340730661269584,2.203709410504103,1.2592977285385132,1.3035532236099243,1.1490628719329834,0.4224140063756139,0.6258473136820162,3.915796075032301
1776515098.599967,0.3644127175528817,0.971891194769263,0.5183144225623808,1.484603056226685,1.1398050785064697,2.3607932353438765,2.232194082017976,1.2688127756118774,1.2934190034866333,1.1398050785064697,0.4075393486090619,0.6056390935539975,3.9116848068874055
1776515098.653622,0.30400247143465353,0.8875340033047069,0.5277211379553972,1.4742227186390369,1.1398050785064697,2.3607932353438765,2.232194082017976,1.2688127756118774,1.2934190034866333,1.1398050785064697,0.39503946822935154,0.5873850935420444,3.9090063902763807
1776515098.7011235,0.26793028463075774,0.737306978098233,0.5430847753631663,1.2995760959480247,1.1398050785064697,2.3607932353438765,2.232194082017976,1.2688127756118774,1.2934190034866333,1.1398050785064697,0.38484458396577925,0.5711942481337762,3.9075846386914264
1776515098.7511218,0.19602173691591127,0.4625011539615161,0.5477755947911964,1.411673686155796,1.1403192281723022,2.3735212759217323,2.24542743254532,1.2767425775527954,1.2979578971862793,1.1403192281723022,0.3786063149555159,0.5600557637143342,3.9067488139348976
1776515098.8040307,0.16423656719303653,0.22853661778031184,0.5477755947911964,1.4732823154788777,1.1403192281723022,2.3735212759217323,2.24542743254532,1.2767425775527954,1.2979578971862793,1.1403192281723022,0.375705095464745,0.5531901332974727,3.906286487174069
1776515098.8518357,0.16969041353333406,0.15965110386319575,0.5504290786195919,1.4265138745199217,1.1403192281723022,2.3735212759217323,2.24542743254532,1.2767425775527954,1.2979578971862793,1.1403192281723022,0.37491108447471017,0.5492106112885955,3.9059504568983616
1776515098.9029493,0.1420474897810436,0.17469566037166465,0.5517434355515664,1.4323946272178163,1.1351758241653442,2.3759358058253666,2.2566596233480123,1.2678295373916626,1.3028825521469116,1.1351758241653442,0.3749657394983519,0.5464395199178931,3.9057303875766354
1776515098.950712,0.12254000027821908,0.3010480721465604,0.5525055680694052,1.4376085293567447,1.1351758241653442,2.3759358058253666,2.2566596233480123,1.2678295373916626,1.3028825521469116,1.1351758241653442,0.3736127355120843,0.5415674112978586,3.9058529550199297
1776515099.0007417,0.09978191342054955,0.4108545978718655,0.5542107154875543,1.412316763190854,1.1308356523513794,2.3855218917103853,2.2714444799829616,1.2705870866775513,1.3095358610153198,1.1308356523513794,0.3712178496230253,0.5348022396611569,3.9065812623909806
1776515099.0499458,0.07609795543029767,0.5006279096487407,0.5567084747898737,1.3907154291664214,1.1308356523513794,2.3855218917103853,2.2714444799829616,1.2705870866775513,1.3095358610153198,1.1308356523513794,0.3673615447075066,0.5257021580873202,3.9078368984118823
1776515099.1010334,0.051974278558335384,0.5829718798113811,0.5602282864692587,1.3532060034711872,1.1308356523513794,2.3855218917103853,2.2714444799829616,1.2705870866775513,1.3095358610153198,1.1308356523513794,0.3626097424925113,0.5149900484254677,3.909675055999867
1776515099.1499476,0.03465750369452837,0.6166221339461161,0.5644251313327562,1.324017005518605,1.1303426027297974,2.416134444460838,2.2985985997522524,1.2660088539123535,1.3104726076126099,1.1303426027297974,0.3568674657483174,0.5026841494335446,3.9119942146366316
1776515099.1999342,0.04110439936001118,0.542071272299004,0.5693178367900317,1.287909967415163,1.1303426027297974,2.416134444460838,2.2985985997522524,1.2660088539123535,1.3104726076126099,1.1303426027297974,0.3514064670543211,0.491166143403466,3.91408299977892
1776515099.2506201,0.04110439936001118,0.542071272299004,0.5739190501493406,1.2653646245986196,1.1303426027297974,2.416134444460838,2.2985985997522524,1.2660088539123535,1.3104726076126099,1.1303426027297974,0.3514064670543211,0.491166143403466,3.91408299977892
1776515099.3086352,0.02270976436154084,0.5416481915289969,0.5781622291901057,1.2440943903273025,1.1178200244903564,2.447955153916965,2.331758999986911,1.2944681644439697,1.315768837928772,1.1178200244903564,0.34630917651775484,0.48059949402650015,3.9159547946643354
1776515099.3524473,0.017683383133961596,0.4394225062395541,0.5781622291901057,1.2996444046279674,1.1178200244903564,2.447955153916965,2.331758999986911,1.2944681644439697,1.315768837928772,1.1178200244903564,0.3409937375034708,0.4698396815960315,3.9180814529669448
1776515099.400778,-0.0011521254647853224,0.351306855071904,0.5825144673022365,1.2193170738520211,1.1178200244903564,2.447955153916965,2.331758999986911,1.2944681644439697,1.315768837928772,1.1178200244903564,0.33748274567527026,0.4628108090695413,3.919368036860202
1776515099.4508142,0.009956793750046036,0.02287793647980775,0.5853673215503603,1.218906455582381,1.113356351852417,2.469241239316589,2.3476577923831314,1.2861052751541138,1.3216843605041504,1.113356351852417,0.3347889736213838,0.45747966235455473,3.9205520639579383
1776515099.5018234,0.0031007409405256012,-0.00852351739279567,0.587538873188136,1.2170541842284086,1.113356351852417,2.469241239316589,2.3476577923831314,1.2861052751541138,1.3216843605041504,1.113356351852417,0.3348053397809553,0.4575120425277397,3.920558370857427
1776515099.5528195,-0.013740313341540517,-0.025813569480203327,0.5875256824674322,1.246294034737807,1.113356351852417,2.469241239316589,2.3476577923831314,1.2861052751541138,1.3216843605041504,1.113356351852417,0.3348382804918903,0.4576024490946138,3.9204949962944053
1776515099.60072,-0.013740313341540517,-0.025813569480203327,0.5874920675695519,1.2468087961819903,1.1156302690505981,2.47005068969109,2.3480120901241803,1.3075547218322754,1.3237437009811401,1.1156302690505981,0.3348382804918903,0.4576024490946138,3.9204949962944053
1776515099.656503,0.2289306633528514,-0.476617287053731,0.586897679692294,1.2571276419968997,1.1156302690505981,2.47005068969109,2.3480120901241803,1.3075547218322754,1.3237437009811401,1.1156302690505981,0.3410946573514355,0.4656396336378936,3.9177423076759195
1776515099.706609,0.3725500441425976,-0.6827811513180784,0.583665048928828,1.3109256867039756,1.1153843402862549,2.4551416498769996,2.339537178553432,1.2738511562347412,1.316023826599121,1.1153843402862549,0.35112016603216023,0.47810200435408334,3.914471801911406
1776515099.7500155,0.31563726209586185,-0.49480296341503155,0.5776491569407524,1.380070020630292,1.1153843402862549,2.4551416498769996,2.339537178553432,1.2738511562347412,1.316023826599121,1.1153843402862549,0.3616768000903415,0.49038361041418077,3.91816666957519
1776515099.799927,0.2706722093119091,-0.1941184103613019,0.5715500354612634,1.4136967824041395,1.1153843402862549,2.4551416498769996,2.339537178553432,1.2738511562347412,1.316023826599121,1.1153843402862549,0.3689085944924858,0.4986458956483386,3.921709350992146
1776515099.8508866,0.17420184206885414,-0.08347668247667792,0.5674141834063589,1.4152615142104108,1.096083402633667,2.430903907730886,2.331655929334084,1.266586422920227,1.3178086280822754,1.096083402633667,0.3697843284804896,0.5005991361605928,3.9184548652077145
1776515099.8996315,0.10950183311592708,-0.011582212116541315,0.5666465910979507,1.3754437317140382,1.096083402633667,2.430903907730886,2.331655929334084,1.266586422920227,1.3178086280822754,1.096083402633667,0.3697843284804896,0.5005991361605928,3.9184548652077145
1776515099.9490972,0.07969216921481638,-0.009992931050539293,0.566594824125219,1.3663957489769267,1.093846321105957,2.4290280178892294,2.3366486046305313,1.2571617364883423,1.3234964609146118,1.093846321105957,0.36682772284086806,0.5006105212222796,3.9130971597334514
1776515100.0065494,0.05476523814030638,-0.14164509609813072,0.567388467901863,1.3508929399995626,1.093846321105957,2.4290280178892294,2.3366486046305313,1.2571617364883423,1.3234964609146118,1.093846321105957,0.36581845404134716,0.5020352098007852,3.9106604855067104
1776515100.0496984,0.05122039767928219,-0.09505613877644534,0.5672438908373607,1.3638988101721872,1.093846321105957,2.4290280178892294,2.3366486046305313,1.2571617364883423,1.3234964609146118,1.093846321105957,0.3651086404162969,0.503718769081597,3.908416543422342
1776515100.1008153,0.05122039767928219,-0.09505613877644534,0.566951367272246,1.3670082487435522,1.1170815229415894,2.425335986210614,2.3314994812232963,1.2542024850845337,1.309537410736084,1.1170815229415894,0.3651086404162969,0.503718769081597,3.908416543422342
1776515100.151113,0.04717542214611237,-0.06807162101891574,0.5668619061173238,1.3655092634315273,1.1170815229415894,2.425335986210614,2.3314994812232963,1.2542024850845337,1.309537410736084,1.1170815229415894,0.3642069815281631,0.5048497662056397,3.9064146526688757
1776515100.199921,0.04659910584076945,-0.01655306696693628,0.5668619061173238,1.3642176793295786,1.1170815229415894,2.425335986210614,2.3314994812232963,1.2542024850845337,1.309537410736084,1.1170815229415894,0.3636947151077544,0.5064942075246657,3.9045014990265186
1776515100.2499366,0.03860181964874912,0.04229872163232498,0.5665305536859395,1.3707099524791038,1.100845456123352,2.425305940066081,2.337819647097142,1.274306058883667,1.3103166818618774,1.100845456123352,0.36229348730374933,0.5062556451102689,3.902971017471211
1776515100.3008077,0.032487705136364675,-0.09691206113504774,0.5669504605685799,1.3589848836473104,1.100845456123352,2.425305940066081,2.337819647097142,1.274306058883667,1.3103166818618774,1.100845456123352,0.3618435959152673,0.5075314052619804,3.901484738819177
1776515100.350362,0.037471781590867094,0.006046059714551804,0.5667066203559982,1.368649956135571,1.100845456123352,2.425305940066081,2.337819647097142,1.274306058883667,1.3103166818618774,1.100845456123352,0.3613283713512446,0.5082884208518654,3.9001741005472703
1776515100.3998005,0.035458626665019206,0.05678233597409893,0.5666244925809641,1.3665582675244148,1.1067109107971191,2.417202577339511,2.32246191776292,1.2710598707199097,1.303756833076477,1.1067109107971191,0.36028438751036473,0.5075231716239665,3.899356120138552
1776515100.4500113,0.07489249625184263,-0.07315127714487343,0.5671018462926775,1.356176273690804,1.1067109107971191,2.417202577339511,2.32246191776292,1.2710598707199097,1.303756833076477,1.1067109107971191,0.3603209435383237,0.5077997306323183,3.898478446664341
1776515100.5000412,0.12000587570029794,-0.19908057711545657,0.5670151976512934,1.364471359287039,1.113301157951355,2.4211796545298645,2.3334289254640033,1.2506412267684937,1.3058297634124756,1.113301157951355,0.36215170605318786,0.5102958822304895,3.8972199671876613
1776515100.5499356,0.2093471692925581,-0.543960550989212,0.5658549230500596,1.384675368717216,1.113301157951355,2.4211796545298645,2.3334289254640033,1.2506412267684937,1.3058297634124756,1.113301157951355,0.3685935466882543,0.5189083331977327,3.8946463622000764
1776515100.6044905,0.2507733411031642,-0.6615567951617147,0.5618200929391949,1.445528349561903,1.113301157951355,2.4211796545298645,2.3334289254640033,1.2506412267684937,1.3058297634124756,1.113301157951355,0.37848558850684966,0.5320498110751433,3.8911962935998514
1776515100.6523988,0.2952416371665495,-0.6638397831593399,0.5556476845952337,1.5,1.1072872877120972,2.3956597378472284,2.3180457588816354,1.2438554763793945,1.3054336309432983,1.1072872877120972,0.3890976403608795,0.5463930680047198,3.8873934770344443
1776515100.700077,0.2975927037240726,-0.6329090445718482,0.5489573355877368,1.5,1.1072872877120972,2.3956597378472284,2.3180457588816354,1.2438554763793945,1.3054336309432983,1.1072872877120972,0.3988979608989692,0.5599054009566597,3.8835710368993897
1776515100.7508507,0.2975927037240726,-0.6329090445718482,0.5427042015855951,1.5,1.1072872877120972,2.3956597378472284,2.3180457588816354,1.2438554763793945,1.3054336309432983,1.1072872877120972,0.3988979608989692,0.5599054009566597,3.8835710368993897
1776515100.7999842,0.29017131326233714,-0.4068015026793614,0.5381235952480238,1.5,1.099047064781189,2.390817041864669,2.3392132650811837,1.2142505645751953,1.3117125034332275,1.099047064781189,0.4060307485827011,0.5698452003897698,3.879827841122585
1776515100.8493466,0.2407812023003494,-0.3036529925629781,0.5352320791232545,1.5,1.099047064781189,2.390817041864669,2.3392132650811837,1.2142505645751953,1.3117125034332275,1.099047064781189,0.4102710004519376,0.5763558170102043,3.8765157883725787
1776515100.9018903,0.20555482391063065,0.0354112528408816,0.534989869487993,1.5,1.0971698760986328,2.3925552397938814,2.348672719500449,1.2002202272415161,1.3161649703979492,1.0971698760986328,0.41058096096510327,0.576941886960004,3.873582479565394
1776515100.949827,0.14513682027480518,0.4329095548007417,0.5368199797296818,1.5,1.0971698760986328,2.3925552397938814,2.348672719500449,1.2002202272415161,1.3161649703979492,1.0971698760986328,0.40162272164340135,0.5658815958334507,3.868741021541246
1776515100.999951,0.15587473210870437,0.436089504712859,0.5403442273124968,1.4721674874703674,1.0966683626174927,2.402962335935905,2.3582750839455957,1.2188209295272827,1.313621163368225,1.0966683626174927,0.3950327454883821,0.5565052501966159,3.8667846859966932
1776515101.0519445,0.16915224800415374,0.3827588339941575,0.5446302780818754,1.4343063092280628,1.0966683626174927,2.402962335935905,2.3582750839455957,1.2188209295272827,1.313621163368225,1.0966683626174927,0.44146761367610926,0.5483384696571643,3.8647276079048267
1776515101.1042562,0.18545774614323132,0.3283371722354715,0.5352153898496145,1.5,1.0966683626174927,2.402962335935905,2.3582750839455957,1.2188209295272827,1.313621163368225,1.0966683626174927,0.43592933185351945,0.5412570897302718,3.862466678012845
1776515101.1509485,0.20659302852388706,0.275994883394477,0.5385938232484371,1.4823655455618572,1.0969243049621582,2.4051707825321054,2.35597938183025,1.2188833951950073,1.3153971433639526,1.0969243049621582,0.4312318386275655,0.5352439151242352,3.8599459858270757
1776515101.202832,0.23106551347098517,0.22390457699847818,0.5414612804310677,1.4728190109179888,1.0969243049621582,2.4051707825321054,2.35597938183025,1.2188833951950073,1.3153971433639526,1.0969243049621582,0.42735558267111634,0.5302706678457836,3.8571168051757523
1776515101.251813,0.25459776829567854,0.1667514683400721,0.5438306061700593,1.4661471565834847,1.0969243049621582,2.4051707825321054,2.35597938183025,1.2188833951950073,1.3153971433639526,1.0969243049621582,0.4243357530228868,0.5263828695573938,3.8539616662453593
1776515101.3029377,0.25459776829567854,0.1667514683400721,0.5456801867621623,1.4610292741451953,1.0947386026382446,2.416273289758998,2.3737506181544163,1.2282161712646484,1.3029776811599731,1.0947386026382446,0.4243357530228868,0.5263828695573938,3.8539616662453593
1776515101.349834,0.27720897948001194,0.10310319185522226,0.5456801867621623,1.485256075644787,1.0947386026382446,2.416273289758998,2.3737506181544163,1.2282161712646484,1.3029776811599731,1.0947386026382446,0.42226128418298425,0.5236997199767701,3.850494919258798
1776515101.3991036,0.29386137931190487,0.02193955939692943,0.5475481613294843,1.4527528817135853,1.0998815298080444,2.413136373726336,2.37099477914842,1.2160948514938354,1.305818796157837,1.0998815298080444,0.42129706668251043,0.5224463495232967,3.8467638969442004
1776515101.4529636,0.30237693600834065,-0.11419070554917024,0.5475481613294843,1.4745819352600897,1.0998815298080444,2.413136373726336,2.37099477914842,1.2160948514938354,1.305818796157837,1.0998815298080444,0.4219079686530982,0.523255774081522,3.842880257537247
1776515101.5000374,0.34361633419648546,-0.4081865337693736,0.5471675751565931,1.481238598074659,1.0998815298080444,2.413136373726336,2.37099477914842,1.2160948514938354,1.305818796157837,1.0998815298080444,0.42609090799505256,0.5288302170104451,3.8386445144035535
1776515101.550709,0.3253270707366774,-0.5234383686883768,0.5445526304223222,1.5,1.0788429975509644,2.404044177110938,2.371302992726391,1.2136310338974,1.3097155094146729,1.0788429975509644,0.43313914619828775,0.5382850489104751,3.834432713083093
1776515101.5998354,0.3159510204737313,-0.578693272813503,0.5401291214630984,1.5,1.0788429975509644,2.404044177110938,2.371302992726391,1.2136310338974,1.3097155094146729,1.0788429975509644,0.4410976232861989,0.5490998496018378,3.830416420590527
1776515101.6519184,0.31557044644672705,-0.5940151896400789,0.5350954410433634,1.5,1.0788429975509644,2.404044177110938,2.371302992726391,1.2136310338974,1.3097155094146729,1.0788429975509644,0.44946404385507754,0.5606654522738184,3.8265466507338153
1776515101.7036638,0.31557044644672705,-0.5940151896400789,0.5297487343118513,1.5,1.080356478691101,2.392796945836564,2.3777071895808812,1.155600666999817,1.3130024671554565,1.080356478691101,0.44946404385507754,0.5606654522738184,3.8265466507338153
1776515101.7542143,0.3206750578605735,-0.5683328285570365,0.5245128536320971,1.5,1.080356478691101,2.392796945836564,2.3777071895808812,1.155600666999817,1.3130024671554565,1.080356478691101,0.4575751601138852,0.5720650214971565,3.82267034289376
1776515101.8048542,0.3211249016777394,-0.5920065007483991,0.5245128536320971,1.5,1.080356478691101,2.392796945836564,2.3777071895808812,1.155600666999817,1.3130024671554565,1.080356478691101,0.4653952371686374,0.5832434309742829,3.8188300902684333
1776515101.8501446,0.3119585960088247,-0.6157804379853851,0.5140803052669066,1.5,1.0752627849578857,2.3819998978024604,2.377346220611706,1.148085117340088,1.317874550819397,1.0752627849578857,0.47349275836224186,0.5949982843778876,3.8151196137684495
1776515101.9018044,0.30835175490703964,-0.646612714892628,0.5085087763910389,1.5,1.0752627849578857,2.3819998978024604,2.377346220611706,1.148085117340088,1.317874550819397,1.0752627849578857,0.4818590376524081,0.6073669504305508,3.811530571545659
1776515101.9519334,0.30579441794182105,-0.6225510690384024,0.5028933942037014,1.5,1.0752627849578857,2.3819998978024604,2.377346220611706,1.148085117340088,1.317874550819397,1.0752627849578857,0.49019801940072005,0.6199168032404185,3.8080709501910364
1776515102.0024931,0.29897009241578315,-0.5447378672752057,0.5028933942037014,1.5,1.0666089057922363,2.369777062775138,2.3726567383073234,1.1368073225021362,1.3168103694915771,1.0666089057922363,0.4977394915946096,0.6314779354593383,3.8047400523243713
1776515102.0522957,0.29897009241578315,-0.5447378672752057,0.4977558261895437,1.5,1.0666089057922363,2.369777062775138,2.3726567383073234,1.1368073225021362,1.3168103694915771,1.0666089057922363,0.4977394915946096,0.6314779354593383,3.8047400523243713
1776515102.1019552,0.3152644830183784,-0.4449801861669747,0.49334150542044,1.5,1.0666089057922363,2.369777062775138,2.3726567383073234,1.1368073225021362,1.3168103694915771,1.0666089057922363,0.5041624689269913,0.6414626871784224,3.801455819428604
1776515102.1498854,0.3152644830183784,-0.4449801861669747,0.49334150542044,1.5,1.0666089057922363,2.369777062775138,2.3726567383073234,1.1368073225021362,1.3168103694915771,1.0666089057922363,0.5041624689269913,0.6414626871784224,3.801455819428604
1776515102.1998224,0.3296688284795813,-0.184696445162177,0.49089097644943086,1.5,1.060423731803894,2.364413740897377,2.3797682029911083,1.1129564046859741,1.3207310438156128,1.060423731803894,0.5076874058896034,0.6470421330942471,3.797971693473193
1776515102.2499661,0.32531837040343825,-0.12643419896564206,0.4897386783531323,1.5,1.060423731803894,2.364413740897377,2.3797682029911083,1.1129564046859741,1.3207310438156128,1.060423731803894,0.5093168618581461,0.6496909730664819,3.7944704109162983
1776515102.3040667,0.3190195210868283,-0.14744733239564078,0.47324615794408764,1.5,1.060423731803894,2.364413740897377,2.3797682029911083,1.1129564046859741,1.3207310438156128,1.060423731803894,0.571714070128458,0.6524353442269317,3.791052631760989
1776515102.3533504,0.3180255165606979,-0.16064657634587923,0.4718161839354098,1.5,1.0427095890045166,2.3583586139881865,2.379481742292898,1.097586750984192,1.3263570070266724,1.0427095890045166,0.5738777306693225,0.6555950997711464,3.787705494098966
1776515102.41395,0.3202045467805261,-0.1320384358315393,0.4718161839354098,1.5,1.0427095890045166,2.3583586139881865,2.379481742292898,1.097586750984192,1.3263570070266724,1.0427095890045166,0.576039127394078,0.6587830436533921,3.7843498216062574
1776515102.4548197,0.3116474056034561,-0.09377755955596206,0.47037888767374253,1.5,1.0427095890045166,2.3583586139881865,2.379481742292898,1.097586750984192,1.3263570070266724,1.0427095890045166,0.5774498018120551,0.6608908061471765,3.7810942111465553
1776515102.5038252,0.3102934459213243,-0.07302591863703867,0.46943322422215267,1.5,1.0472841262817383,2.3523584845769636,2.3777979628117523,1.0928248167037964,1.3219212293624878,1.0472841262817383,0.5785386007663239,0.6625350182267602,3.7778874959241047
1776515102.5501676,0.3156307361748745,-0.03867808441900713,0.46869846750339356,1.5,1.0472841262817383,2.3523584845769636,2.3777979628117523,1.0928248167037964,1.3219212293624878,1.0472841262817383,0.5792763948339753,0.6636607751152843,3.7746648875855233
1776515102.599301,0.32053460820409996,0.013505821188010246,0.46819733146955866,1.5,1.0472841262817383,2.3523584845769636,2.3777979628117523,1.0928248167037964,1.3219212293624878,1.0472841262817383,0.5794430169453211,0.6639142230434867,3.7714046097895393
1776515102.649956,0.3279213177265579,0.0888800270210346,0.46808437727760294,1.5,1.0450358390808105,2.3472455795113407,2.3764944099985477,1.0800429582595825,1.3353137969970703,1.0450358390808105,0.5788031597758942,0.6629130517601456,3.768089262914437
1776515102.700141,0.34684713848622095,0.2515139066291448,0.46852594924363394,1.5,1.0450358390808105,2.3472455795113407,2.3764944099985477,1.0800429582595825,1.3353137969970703,1.0450358390808105,0.5768080715416135,0.6597614811260015,3.7646566475620853
1776515102.7538412,0.39873552421706737,0.6682740153436368,0.469911151256233,1.5,1.026137113571167,2.344541874668534,2.3782081626316813,1.086307406425476,1.3403770923614502,1.026137113571167,0.5710429130080179,0.6506273328324947,3.7608199692556035
1776515102.8003175,0.44876232189662785,1.0333943766046534,0.47392153272888093,1.5,1.026137113571167,2.344541874668534,2.3782081626316813,1.086307406425476,1.3403770923614502,1.026137113571167,0.5599497719651185,0.6330971238594647,3.7563091864771434
1776515102.8507938,0.483942669478537,1.0975530158161264,0.4911809181084863,1.5,1.0210679769515991,2.3444187901397195,2.3751402907083756,1.0868476629257202,1.3339532613754272,1.0210679769515991,0.5461460570902452,0.6113938410884712,3.751193573658129
1776515102.899782,0.47721731018873037,1.0643966131133238,0.4911809181084863,1.5,1.0210679769515991,2.3444187901397195,2.3751402907083756,1.0868476629257202,1.3339532613754272,1.0210679769515991,0.5322895124900567,0.589631141246425,3.7458460432825436
1776515102.9517858,0.47721731018873037,1.0643966131133238,0.5007663233035068,1.5,1.0210679769515991,2.3444187901397195,2.3751402907083756,1.0868476629257202,1.3339532613754272,1.0210679769515991,0.5322895124900567,0.589631141246425,3.7458460432825436
1776515102.9998558,0.4722990697201457,1.0269481777785365,0.5096874104134713,1.5,1.0172569751739502,2.3490248329654873,2.3713200197112094,1.1023752689361572,1.335048794746399,1.0172569751739502,0.5065566448605723,0.5493588142826242,3.734656082484919
1776515103.04925,0.4722990697201457,1.0269481777785365,0.518527257496001,1.5,1.0172569751739502,2.3490248329654873,2.3713200197112094,1.1023752689361572,1.335048794746399,1.0172569751739502,0.5065566448605723,0.5493588142826242,3.734656082484919
1776515103.1018317,0.47831928011980485,1.08515689314197,0.527818824266925,1.470787178446989,1.0172569751739502,2.3490248329654873,2.3713200197112094,1.1023752689361572,1.335048794746399,1.0172569751739502,0.4930785103394827,0.5283049683125909,3.7289666433441515
1776515103.152801,0.49758924326417847,1.1758756476017052,0.527818824266925,1.5,1.0222631692886353,2.357761441944486,2.366920236524965,1.1126058101654053,1.3167551755905151,1.0222631692886353,0.47844365599359784,0.505493173970895,3.7228937818426595
1776515103.199809,0.49758924326417847,1.1758756476017052,0.5378941099777628,1.4077328226540053,1.0222631692886353,2.357761441944486,2.366920236524965,1.1126058101654053,1.3167551755905151,1.0222631692886353,0.47844365599359784,0.505493173970895,3.7228937818426595
1776515103.249945,0.502236774653691,1.22269107252251,0.5365005792779537,1.5,1.0222631692886353,2.357761441944486,2.366920236524965,1.1126058101654053,1.3167551755905151,1.0222631692886353,0.49209904660517007,0.4580074305762256,3.7101181867857322
1776515103.299951,0.5062111646699224,1.2497827567853799,0.547748959694154,1.327177081202075,1.0167429447174072,2.3921090598243127,2.3889077391545066,1.1473946571350098,1.3209571838378906,1.0167429447174072,0.4738177758973397,0.43314433850598055,3.703355109478464
1776515103.3499684,0.49887597721316623,1.2013817531477453,0.5593175056921958,1.2570826219874736,1.0167429447174072,2.3921090598243127,2.3889077391545066,1.1473946571350098,1.3209571838378906,1.0167429447174072,0.45589362407392364,0.4088215151677752,3.696519646420927
1776515103.3997145,0.514507465325395,1.18475087534237,0.5706447824863942,1.2184766535491138,1.0174349546432495,2.4472227372249775,2.421954518136186,1.152687907218933,1.3167909383773804,1.0174349546432495,0.4380614761157622,0.38464868582976264,3.689379948826633
1776515103.4503524,0.5316447232240236,1.1202623976494264,0.5819068759864944,1.1016715079006403,1.0174349546432495,2.4472227372249775,2.421954518136186,1.152687907218933,1.3167909383773804,1.0174349546432495,0.42093539208033637,0.36144006648634974,3.6818594233255015
1776515103.4998035,0.5343472861094889,1.062230953459513,0.5927210625795774,1.0838732601947882,1.0174349546432495,2.4472227372249775,2.421954518136186,1.152687907218933,1.3167909383773804,1.0174349546432495,0.404931747430751,0.33971573168901914,3.674074276412344
1776515103.5500083,0.553886006932307,0.9711423844755425,0.6028367947745255,1.023245083896637,1.0175580978393555,2.4974508622969664,2.4559798646089495,1.1836875677108765,1.304689884185791,1.0175580978393555,0.3899914204096408,0.3193984548440567,3.6660454183836935
1776515103.5998473,0.6040486281525488,0.7399696072665171,0.6122905947004347,0.9851895300035374,1.0175580978393555,2.4974508622969664,2.4559798646089495,1.1836875677108765,1.304689884185791,1.0175580978393555,0.3779559525205284,0.302957741164009,3.657257983032659
1776515103.6499681,0.613301127138652,0.6679304143185006,0.6199269324389044,0.9777591524486167,1.0175580978393555,2.4974508622969664,2.4559798646089495,1.1836875677108765,1.304689884185791,1.0175580978393555,0.3682528162566905,0.28952346322635814,3.6479589730096054
1776515103.7040918,0.613301127138652,0.6679304143185006,0.6261337205999338,0.9247457182301352,1.011043906211853,2.5233511312707058,2.4685961486908576,1.202886939048767,1.3011709451675415,1.011043906211853,0.3682528162566905,0.28952346322635814,3.6479589730096054
1776515103.7518268,0.6134493365873693,0.6364611739810986,0.5392498015945296,1.1437211755339278,1.011043906211853,2.5233511312707058,2.4685961486908576,1.202886939048767,1.3011709451675415,1.011043906211853,0.3865679821334102,0.2959155227216277,3.638538976171294
1776515103.7999668,0.6145673587981164,0.5992312905194594,0.5392498015945296,1.0621227306267151,1.011043906211853,2.5233511312707058,2.4685961486908576,1.202886939048767,1.3011709451675415,1.011043906211853,0.37698634865009567,0.28402118225977,3.629024887861573
1776515103.8502765,0.5956455704102906,0.6034262324255294,0.5493040906672894,0.8419865786107371,1.0176833868026733,2.5418698628890524,2.47787745700061,1.2069708108901978,1.2930173873901367,1.0176833868026733,0.36735055056501553,0.27194402787090866,3.61969774135239
1776515103.899921,0.5810609308565509,0.6263118211836763,0.5493040906672894,0.9960952374070763,1.0176833868026733,2.5418698628890524,2.47787745700061,1.2069708108901978,1.2930173873901367,1.0176833868026733,0.3576132580263277,0.25962918708901883,3.6105646951051527
1776515103.9500453,0.5610872996328122,0.6264314872724337,0.5596332005996928,0.7385911311982305,1.0141279697418213,2.561112240439317,2.4819152615835085,1.2301256656646729,1.2872422933578491,1.0141279697418213,0.3478175898634312,0.24712852468569357,3.6016303604164634
1776515104.001937,0.5511965388423656,0.6919743851290315,0.5596332005996928,0.9282629689004507,1.0141279697418213,2.561112240439317,2.4819152615835085,1.2301256656646729,1.2872422933578491,1.0141279697418213,0.3376660790740182,0.23405562629820187,3.5927888324957484
1776515104.0500388,0.5559572202238854,0.5903318044872846,0.5650442387020338,0.8118385293633732,1.0141279697418213,2.561112240439317,2.4819152615835085,1.2301256656646729,1.2872422933578491,1.0141279697418213,0.32810570224515795,0.2216594712585822,3.5839072910033436
1776515104.103042,0.5667907296454877,0.5704693811540883,0.5701607749548436,0.7798475996533281,1.0223383903503418,2.579913336959401,2.488992222428858,1.2422540187835693,1.261532187461853,1.0223383903503418,0.31943281486318553,0.21029163086126745,3.5747516391545813
1776515104.1511042,0.5577941143375064,0.5980842133665287,0.5748321695933598,0.7594540009826072,1.0223383903503418,2.579913336959401,2.488992222428858,1.2422540187835693,1.261532187461853,1.0223383903503418,0.310724581056416,0.19872306918736848,3.5655793804391367
1776515104.2011726,0.5577941143375064,0.5980842133665287,0.5795602183189339,0.7345698501787556,1.0223383903503418,2.579913336959401,2.488992222428858,1.2422540187835693,1.261532187461853,1.0223383903503418,0.310724581056416,0.19872306918736848,3.5655793804391367
1776515104.2500448,0.5624883891047855,0.5407609673803238,0.584103673949628,0.6903336101608674,1.0223383903503418,2.579913336959401,2.488992222428858,1.2422540187835693,1.261532187461853,1.0223383903503418,0.30237842328188064,0.18758628957771872,3.5564010845243463
1776515104.2999432,0.5624883891047855,0.5407609673803238,0.584103673949628,0.7675629928502582,1.0223383903503418,2.579913336959401,2.488992222428858,1.2422540187835693,1.261532187461853,1.0223383903503418,0.30237842328188064,0.18758628957771872,3.5564010845243463
1776515104.349857,0.5684237005785143,0.49607307928993705,0.584103673949628,0.7675629928502582,1.02173912525177,2.5958176541394598,2.4945563485257196,1.2542511224746704,1.2727283239364624,1.02173912525177,0.31249347180642506,0.676454615065639,3.547040081763958
1776515104.400358,0.5741583760188168,0.4671230331433897,0.3546417921699461,1.5,1.02173912525177,2.5958176541394598,2.4945563485257196,1.2542511224746704,1.2727283239364624,1.02173912525177,0.30473266897583023,0.6671000029358831,3.537539727147983
1776515104.4498706,0.5645095988336738,0.433186844323557,0.3576924799367408,1.4752750043528102,1.02173912525177,2.5958176541394598,2.4945563485257196,1.2542511224746704,1.2727283239364624,1.02173912525177,0.30473266897583023,0.6671000029358831,3.537539727147983
1776515104.5060792,0.5568958670914231,0.4195559854625812,0.3605324306504404,1.4592836310510025,1.0238608121871948,2.605053736146791,2.4973097204666677,1.2572695016860962,1.2665497064590454,1.0238608121871948,0.2908022816614433,0.6500550976465447,3.518689584671638
1776515104.5510082,0.5568958670914231,0.4195559854625812,0.36321572930917845,1.4384224455825954,1.0238608121871948,2.605053736146791,2.4973097204666677,1.2572695016860962,1.2665497064590454,1.0238608121871948,0.2908022816614433,0.6500550976465447,3.518689584671638
1776515104.6009188,0.5376929461217733,0.38588026140869813,0.3657164705584668,1.42109230758164,1.01920485496521,2.6124188214071804,2.4949757129138734,1.27534019947052,1.2512022256851196,1.01920485496521,0.284557349293975,0.6422816887872562,3.5095219226177403
1776515104.653052,0.5205832291198876,0.37351381733306815,0.3680441288139193,1.4086223777391487,1.01920485496521,2.6124188214071804,2.4949757129138734,1.27534019947052,1.2512022256851196,1.01920485496521,0.2787812437802421,0.6350133598208729,3.500654284918596
1776515104.7016037,0.5040759978042559,0.3971745380200918,0.370352225067647,1.3826465307485074,1.01920485496521,2.6124188214071804,2.4949757129138734,1.27534019947052,1.2512022256851196,1.01920485496521,0.27308967498399567,0.6277737209345431,3.4920276733532973
1776515104.7509522,0.4852519438636189,0.3936155092787077,0.3727522573817141,1.3636983339106383,1.0332719087600708,2.6211626460219177,2.4993160202113507,1.2679392099380493,1.242104172706604,1.0332719087600708,0.26719305602512367,0.6202262221457384,3.4835980054559204
1776515104.8031454,0.46869916502406545,0.41447394758689743,0.3727522573817141,1.4091199561093597,1.0332719087600708,2.6211626460219177,2.4993160202113507,1.2679392099380493,1.242104172706604,1.0332719087600708,0.2611328274629783,0.612393853026922,3.475439945553429
1776515104.850137,0.4523210498704027,0.44224510735985134,0.3752329698514079,1.3427487458706662,1.0332719087600708,2.6211626460219177,2.4993160202113507,1.2679392099380493,1.242104172706604,1.0332719087600708,0.25470060267056965,0.6039946257728475,3.4675498229089188
1776515104.89994,0.44881965124172923,0.4636752478762012,0.37788202865509457,1.3106635163752731,1.0277044773101807,2.631190671841377,2.503771258978415,1.2772817611694336,1.236402988433838,1.0277044773101807,0.3039280852230122,0.594980883568359,3.459766186626767
1776515104.9512796,0.436792282451214,0.4708251890419497,0.4845067215056281,1.5,1.0277044773101807,2.631190671841377,2.503771258978415,1.2772817611694336,1.236402988433838,1.0277044773101807,0.2962118052273928,0.5857190335742288,3.452086694499228
1776515105.016729,0.42617314402891193,0.4936779304102745,0.4884552550130402,1.3367219138126896,1.0340481996536255,2.6471794268028477,2.5074600621331773,1.2828545570373535,1.2312943935394287,1.0340481996536255,0.2881571902880818,0.5759843052469504,3.444541357172716
1776515105.0504768,0.41666161642618876,0.5183592098832397,0.4925931884366666,1.3099188507259754,1.0340481996536255,2.6471794268028477,2.5074600621331773,1.2828545570373535,1.2312943935394287,1.0340481996536255,0.27983349531207447,0.5658522851127499,3.437158362691171
1776515105.1000566,0.41666161642618876,0.5183592098832397,0.49688692009487473,1.2758191184496408,1.0340481996536255,2.6471794268028477,2.5074600621331773,1.2828545570373535,1.2312943935394287,1.0340481996536255,0.27983349531207447,0.5658522851127499,3.437158362691171
1776515105.1579056,0.4122310149254789,0.5417190991629786,0.5013744024905334,1.2564876396894005,1.0340481996536255,2.6471794268028477,2.5074600621331773,1.2828545570373535,1.2312943935394287,1.0340481996536255,0.27116625347618967,0.5552342197038524,3.4298599137400307
1776515105.1999385,0.41471025043180537,0.5755147200605235,0.5013744024905334,1.3108541565318772,1.0407695770263672,2.6607884797203,2.50662694780824,1.3106101751327515,1.218660831451416,1.0407695770263672,0.2621122504086623,0.544068559244133,3.4225324187117137
1776515105.2509062,0.42692011991435663,0.6531128924316986,0.506080107370172,1.21262563430605,1.0407695770263672,2.6607884797203,2.50662694780824,1.3106101751327515,1.218660831451416,1.0407695770263672,0.2522791004296815,0.5318574627488077,3.415056780146207
1776515105.2992811,0.46451214144837455,0.7274111712903056,0.5112113684950128,1.17355369177654,1.0407695770263672,2.6607884797203,2.50662694780824,1.3106101751327515,1.218660831451416,1.0407695770263672,0.24110759311550645,0.5178891302128124,3.4071101929364174
1776515105.3500385,0.5132671315269655,0.7928357987527177,0.5170642288458132,1.1138722174265232,1.0304771661758423,2.680134339425213,2.5087866746645284,1.3331551551818848,1.2095214128494263,1.0304771661758423,0.228847762022154,0.50245447421042,3.3982142462192266
1776515105.4036663,0.5137825570137545,0.7910708046000047,0.5235129847182826,1.0695879858842985,1.0304771661758423,2.680134339425213,2.5087866746645284,1.3331551551818848,1.2095214128494263,1.0304771661758423,0.21634922521621847,0.4866074966109877,3.3888620056238343
1776515105.4498878,0.5137825570137545,0.7910708046000047,0.5301145403372567,1.0251137859411517,1.0449718236923218,2.7047726170648367,2.508884659587063,1.3584972620010376,1.203345537185669,1.0449718236923218,0.21634922521621847,0.4866074966109877,3.3888620056238343
1776515105.5045083,0.5146566553086223,0.8036182265593237,0.5367172635037003,0.9794565537759639,1.0449718236923218,2.7047726170648367,2.508884659587063,1.3584972620010376,1.203345537185669,1.0449718236923218,0.20391782363784766,0.4706953051832028,3.3794382018371363
1776515105.5500746,0.5169969691942252,0.7995853519635805,0.5367172635037003,1.0787541543316252,1.0449718236923218,2.7047726170648367,2.508884659587063,1.3584972620010376,1.203345537185669,1.0449718236923218,0.23537130704910625,0.45460530221525186,3.369940316725632
1776515105.599303,0.5282785902976147,0.7947686555308342,0.6133969460033547,1.1417676644172121,1.0449718236923218,2.7047726170648367,2.508884659587063,1.3584972620010376,1.203345537185669,1.0449718236923218,0.23537130704910625,0.45460530221525186,3.369940316725632
1776515105.651929,0.5282785902976147,0.7947686555308342,0.6214669837686629,0.9471878258420529,1.0436928272247314,2.731507063904479,2.512874406157693,1.4107086658477783,1.188157320022583,1.0436928272247314,0.22142557659858425,0.4383348961731923,3.3602072170436115
1776515105.7000556,0.5483342126660944,0.8294822147463283,0.6296920159570392,0.9053274542842664,1.0436928272247314,2.731507063904479,2.512874406157693,1.4107086658477783,1.188157320022583,1.0436928272247314,0.20727772118041082,0.42169285109106225,3.350136901854991
1776515105.7500367,0.5813173548891539,0.8212977376603642,0.6377445908230972,0.8487248069083558,1.0436928272247314,2.731507063904479,2.512874406157693,1.4107086658477783,1.188157320022583,1.0436928272247314,0.19348830826868135,0.40534412676141107,3.3394787982409464
1776515105.803261,0.6002487067977041,0.7843861663769551,0.6377445908230972,0.959173766725159,1.0567691326141357,2.755236194819681,2.515521934759946,1.4406691789627075,1.1725263595581055,1.0567691326141357,0.18071305369239032,0.39002167242078967,3.3282587958836873
1776515105.8499267,0.6141145925211637,0.74625171645964,0.6452542421916966,0.8223114628970347,1.0567691326141357,2.755236194819681,2.515521934759946,1.4406691789627075,1.1725263595581055,1.0567691326141357,0.16873430687344537,0.3754768722478383,3.316698612572955
1776515105.8999395,0.628742405931569,0.6924386614662735,0.652345430438497,0.7877530454142199,1.0567691326141357,2.755236194819681,2.515521934759946,1.4406691789627075,1.1725263595581055,1.0567691326141357,0.1659927691105965,0.36174048284954496,3.302321007004553
1776515105.9539542,0.628742405931569,0.6924386614662735,0.6568824869862571,0.7906474598028573,1.0567691326141357,2.755236194819681,2.515521934759946,1.4406691789627075,1.1725263595581055,1.0567691326141357,0.1659927691105965,0.36174048284954496,3.302321007004553
1776515106.0004556,0.6399968379310276,0.6334460072804639,0.6568824869862571,0.8498143600785308,1.067557692527771,2.769100002841085,2.507204509756933,1.4728237390518188,1.161290168762207,1.067557692527771,0.1560008004511242,0.34923294202311483,3.2901486095505814
1776515106.0536866,0.6554852171734747,0.602335766168715,0.6629025745198446,0.7413620362349947,1.067557692527771,2.769100002841085,2.507204509756933,1.4728237390518188,1.161290168762207,1.067557692527771,0.1798523846763146,0.3374818365865142,3.277654280642028
1776515106.1022284,0.6628429959793429,0.5183527283859639,0.6601822848173448,0.8668673384504313,1.067557692527771,2.769100002841085,2.507204509756933,1.4728237390518188,1.161290168762207,1.067557692527771,0.1707986786953899,0.3270896842191475,3.264930022660334
1776515106.1508422,0.6608380188906314,0.6126871368469481,0.6653736213874004,0.7374030006438248,1.0810811519622803,2.7796481529062924,2.506319142990489,1.4869506359100342,1.1511300802230835,1.0810811519622803,0.1608737000345369,0.31554357227870566,3.2522267307138426
1776515106.2005713,0.6718289463652195,0.5288311214287651,0.6711076273532592,0.6897624114651659,1.0810811519622803,2.7796481529062924,2.506319142990489,1.4869506359100342,1.1511300802230835,1.0810811519622803,0.15181551719253128,0.304865801960303,3.2393298062282696
1776515106.2572057,0.6738363477773051,0.47273400313025354,0.6763800651185973,0.6726270712019842,1.0864789485931396,2.7882401807566244,2.502695169611136,1.5166116952896118,1.1284509897232056,1.0864789485931396,0.1437996264215601,0.29528229330401023,3.226367963256536
1776515106.3029635,0.6749965036530385,0.5031228771696348,0.681083452016644,0.6492883175262604,1.0864789485931396,2.7882401807566244,2.502695169611136,1.5166116952896118,1.1284509897232056,1.0864789485931396,0.13593239385194347,0.28573595722900214,3.213304626449912
1776515106.3601549,0.675913057826069,0.5251443966971059,0.6857389687251897,0.6350326790867236,1.0864789485931396,2.7882401807566244,2.502695169611136,1.5166116952896118,1.1284509897232056,1.0864789485931396,0.12781582467922692,0.2757502843628372,3.2001993691476263
1776515106.3995512,0.6699858998506191,0.49471709734998076,0.6905803325592405,0.5827433630405467,1.0928022861480713,2.7961327206967166,2.502160503343563,1.50277841091156,1.1083961725234985,1.0928022861480713,0.1199364791215968,0.2659218279549185,3.18715846119797
1776515106.4501622,0.6630561581447163,0.4900169166190953,0.6953178954339805,0.5680133491817596,1.0928022861480713,2.7961327206967166,2.502160503343563,1.50277841091156,1.1083961725234985,1.0928022861480713,0.13776774778841808,0.2563985346257236,3.1742145596989637
1776515106.4998782,0.6630561581447163,0.4900169166190953,0.6934909378621161,0.6642707305077409,1.0928022861480713,2.7961327206967166,2.502160503343563,1.50277841091156,1.1083961725234985,1.0928022861480713,0.13776774778841808,0.2563985346257236,3.1742145596989637
1776515106.5510716,0.6628272007060642,0.47053381404026784,0.6934909378621161,0.6406232122164799,1.0973337888717651,2.8002521466811867,2.4947873583023488,1.4449390172958374,1.0973337888717651,1.1000452041625977,0.12966681225776522,0.24715729953035748,3.1612963425001888
1776515106.6039815,0.6628272007060642,0.47053381404026784,0.6981199194425431,0.554854679210507,1.0973337888717651,2.8002521466811867,2.4947873583023488,1.4449390172958374,1.0973337888717651,1.1000452041625977,0.12966681225776522,0.24715729953035748,3.1612963425001888
1776515106.649928,0.6653257230991042,0.46938040872033826,0.7026100316866555,0.5466899541916264,1.0973337888717651,2.8002521466811867,2.4947873583023488,1.4449390172958374,1.0973337888717651,1.1000452041625977,0.12187420361609641,0.23813453215031544,3.1483530404845763
1776515106.6993895,0.672250191833864,0.46311436680076556,0.7026100316866555,0.5885141046476836,1.0973337888717651,2.8002521466811867,2.4947873583023488,1.4449390172958374,1.0973337888717651,1.1000452041625977,0.11424314986078912,0.22918052070089967,3.1352807812429053
1776515106.7501729,0.672250191833864,0.46311436680076556,0.7070401804388293,0.5058513351450392,1.0843086242675781,2.80481685553294,2.4898036410161777,1.4005143642425537,1.0843086242675781,1.1053622961044312,0.11424314986078912,0.22918052070089967,3.1352807812429053
1776515106.8020656,0.6814608090330745,0.4692207731713753,0.7070401804388293,0.5631989689209759,1.0843086242675781,2.80481685553294,2.4898036410161777,1.4005143642425537,1.0843086242675781,1.1053622961044312,0.10673742508510717,0.22023482284068763,3.1220442426224198
1776515106.8512712,0.7014670778247838,0.48328523723395445,0.7114364184831605,0.4743038419897231,1.0843086242675781,2.80481685553294,2.4898036410161777,1.4005143642425537,1.0843086242675781,1.1053622961044312,0.09908598135440522,0.21094840839949924,3.10849491448587
1776515106.9001741,0.7115215268965657,0.4752068081397932,0.7159647783468301,0.45267249389570285,1.0621278285980225,2.807995272278234,2.4831093989924615,1.3504561185836792,1.0621278285980225,1.1205204725265503,0.09153267386816344,0.20162439195093018,3.094609680599052
1776515106.9505956,0.7115215268965657,0.4752068081397932,0.7204789364389623,0.430733541525301,1.0621278285980225,2.807995272278234,2.4831093989924615,1.3504561185836792,1.0621278285980225,1.1205204725265503,0.09153267386816344,0.20162439195093018,3.094609680599052
1776515107.0009873,0.7169819274067822,0.41862703276976665,0.7454862382570696,0.02722580032097871,1.0621278285980225,2.807995272278234,2.4831093989924615,1.3504561185836792,1.0621278285980225,1.1205204725265503,0.10352341942558707,0.10152092874172336,3.0805036129346366
1776515107.0571604,0.7250288871960467,0.4203996385167727,0.749655307843843,0.26513794114909006,1.0445408821105957,2.813447360304304,2.4842737574810703,1.3130501508712769,1.0445408821105957,1.137913703918457,0.09621161604543849,0.09321201754538011,3.06626839263851
1776515107.1029274,0.7111164871364886,0.37008804778817445,0.749655307843843,0.3196839551780396,1.0445408821105957,2.813447360304304,2.4842737574810703,1.3130501508712769,1.0445408821105957,1.137913703918457,0.0893852059625268,0.08535474652339348,3.0520774319657638
1776515107.1498985,0.704781923898847,0.3463201412727362,0.7535755990708931,0.24591197095247794,1.0445408821105957,2.813447360304304,2.4842737574810703,1.3130501508712769,1.0445408821105957,1.137913703918457,0.08345324863126286,0.07842080319415956,3.0381573187406916
1776515107.2029839,0.701666068463524,0.3284144680093486,0.7570119564505572,0.23497849388498537,1.0260474681854248,2.8132105344539435,2.4777482437617135,1.299113392829895,1.0260474681854248,1.1530574560165405,0.07789242951294989,0.07181943774063049,3.024282363622705
1776515107.2499115,0.6973996824882901,0.25693439795600087,0.7602616651953601,0.215416878532519,1.0260474681854248,2.8132105344539435,2.4777482437617135,1.299113392829895,1.0260474681854248,1.1530574560165405,0.0732917410210713,0.06631567891257051,3.010490976873736
1776515107.3025513,0.6997349377808857,0.27652704104994247,0.7629620911671703,0.2102043478797067,1.0260474681854248,2.8132105344539435,2.4777482437617135,1.299113392829895,1.0260474681854248,1.1530574560165405,0.06923907070660829,0.061382773181007266,2.996655990063276
1776515107.3499033,0.7003609045150938,0.29676542557228014,0.7653645776912527,0.19766236837257617,1.0079765319824219,2.8106621520371484,2.4757159766255197,1.265875220298767,1.0079765319824219,1.1597906351089478,0.07064647504676949,-0.017760921211830816,2.9827764718370013
1776515107.4001591,0.7032904407718079,0.34795874721374603,0.7871701462275267,-0.17015836694782882,1.0079765319824219,2.8106621520371484,2.4757159766255197,1.265875220298767,1.0079765319824219,1.1597906351089478,0.06535417838025409,-0.023705264742096777,2.9688776736563027
1776515107.4498951,0.7144617947819555,0.4302297958935599,0.7901682211759631,0.0513503025364748,0.9918234348297119,2.8062032169484077,2.4655808307223572,1.2451040744781494,0.9918234348297119,1.1688275337219238,0.058941429577994364,-0.03105018842408125,2.9548224106741725
1776515107.4993052,0.72591551091558,0.5207426857559293,0.7938408125050882,0.017609944220783325,0.9918234348297119,2.8062032169484077,2.4655808307223572,1.2451040744781494,0.9918234348297119,1.1688275337219238,0.05112940228245824,-0.04015371397500944,2.9404831834929457
1776515107.5502734,0.72591551091558,0.5207426857559293,0.7983584305378232,-0.01456457989877638,0.9918234348297119,2.8062032169484077,2.4655808307223572,1.2451040744781494,0.9918234348297119,1.1688275337219238,0.05112940228245824,-0.04015371397500944,2.9404831834929457
1776515107.6000674,0.729507487497636,0.585613238671332,0.7983584305378232,0.041380396926724766,0.9918234348297119,2.8062032169484077,2.4655808307223572,1.2451040744781494,0.9918234348297119,1.1688275337219238,0.04217121600992685,-0.050763649800887656,2.9260012664298807
1776515107.6572893,0.7207693494354043,0.6424365833300968,0.7964133244902531,-0.055515125252799224,0.9792940020561218,2.812120338593447,2.462837204612385,1.208722710609436,0.9792940020561218,1.1716452836990356,0.03233372574218346,-0.06263455019765729,2.911554526615979
1776515107.7025619,0.7089001622852998,0.5894018241447878,0.7906104248316863,-0.09323592750569631,0.9792940020561218,2.812120338593447,2.462837204612385,1.208722710609436,0.9792940020561218,1.1716452836990356,0.022663389158181058,-0.07444136925447209,2.8973459307685903
1776515107.7500734,0.7186992975657999,0.443127067776347,0.7848675906766095,-0.12835412988873074,0.9622705578804016,2.8192727147816066,2.4630667511136553,1.1639903783798218,0.9622705578804016,1.1832188367843628,0.006356907695988123,-0.08423884450423769,2.883156312141777
1776515107.8011835,0.7436619739504623,0.29002514744756186,0.7780150642782026,-0.17885437813602717,0.9622705578804016,2.8192727147816066,2.4630667511136553,1.1639903783798218,0.9622705578804016,1.1832188367843628,-3.6043837839977444e-05,-0.09142436866637249,2.868615644999559
1776515107.8520575,0.7817782779501808,0.06063274723485033,0.77439209372628,-0.1646362577957254,0.9622705578804016,2.8192727147816066,2.4630667511136553,1.1639903783798218,0.9622705578804016,1.1832188367843628,-0.0029205413883262865,-0.09471506481865744,2.8534895505433058
1776515107.9031696,0.7900373265866962,-0.04693309450303631,0.7727438054209177,-0.14622587778954696,0.9356916546821594,2.8101198325324788,2.4584776785953264,1.1603431701660156,0.9356916546821594,1.1942099332809448,-0.0025719179191167063,-0.09430904607081736,2.83777733116637
1776515107.9535835,0.7900373265866962,-0.04693309450303631,0.7729453437845537,-0.12095230020104754,0.9356916546821594,2.8101198325324788,2.4584776785953264,1.1603431701660156,0.9356916546821594,1.1942099332809448,-0.0025719179191167063,-0.09430904607081736,2.83777733116637
1776515108.0030134,0.7756731300636261,-0.07466627573353606,0.7734652535954152,-0.11427385285354567,0.9356916546821594,2.8101198325324788,2.4584776785953264,1.1603431701660156,0.9356916546821594,1.1942099332809448,-0.0005635495231474941,-0.09190381884217125,2.806741284868159
1776515108.0499377,0.7756731300636261,-0.07466627573353606,0.774124916244359,-0.10858069539927241,0.9255663752555847,2.7956803879949588,2.4544061943136293,1.1802500486373901,0.9255663752555847,1.204742431640625,-0.0005635495231474941,-0.09190381884217125,2.806741284868159
1776515108.1011777,0.7756419725610652,-0.08061131238274412,0.7749225185512035,-0.10223649366388209,0.9255663752555847,2.7956803879949588,2.4544061943136293,1.1802500486373901,0.9255663752555847,1.204742431640625,0.0007723331950773016,-0.09025753362127142,2.7913044772339024
1776515108.1501088,0.7747244332986768,-0.05610036112518989,0.7734022865834287,-0.1374536012852626,0.912528932094574,2.780663100907805,2.4517864118851826,1.2099965810775757,0.912528932094574,1.2123301029205322,-0.005744542188300866,-0.0874632390676715,2.7603857921524773
1776515108.1999116,0.7674500326741281,-0.04302923451096058,0.7740626684296003,-0.10795147601557126,0.912528932094574,2.780663100907805,2.4517864118851826,1.2099965810775757,0.912528932094574,1.2123301029205322,-0.004886752131090216,-0.08646341520966727,2.745082305130349
1776515108.2519212,0.7674500326741281,-0.04302923451096058,0.7745587822042586,-0.10841746027922794,0.912528932094574,2.780663100907805,2.4517864118851826,1.2099965810775757,0.912528932094574,1.2123301029205322,-0.004886752131090216,-0.08646341520966727,2.745082305130349
1776515108.2999113,0.773770802926672,-0.06020070560778407,0.7750813367405898,-0.10614318678750935,0.8956440687179565,2.7653000415970506,2.4458052915244237,1.2152118682861328,0.8956440687179565,1.2186005115509033,-0.00399513549681299,-0.08539960397933388,2.7297724956479503
1776515108.3559053,0.7738031240695212,-0.08795694301397977,0.7750813367405898,-0.11278544000046196,0.8956440687179565,2.7653000415970506,2.4458052915244237,1.2152118682861328,0.8956440687179565,1.2186005115509033,-0.0028064897027586244,-0.08397026322838075,2.7143624979754244
1776515108.4016857,0.7719184397909075,-0.11797728233586993,0.7757810908909583,-0.09980333559027986,0.8956440687179565,2.7653000415970506,2.4458052915244237,1.2152118682861328,0.8956440687179565,1.2186005115509033,-0.0011390976338633008,-0.0819403591235437,2.698982037087721
1776515108.4539335,0.7679876377125483,-0.14014258114568343,0.7767696468416743,-0.09056153056097946,0.8907102346420288,2.748115347503623,2.442577576630059,1.2414610385894775,0.8907102346420288,1.2280631065368652,-0.007340468470118655,-0.0663217054437073,2.6836281165701044
1776515108.500308,0.7655773538151303,-0.1587634728416884,0.7795801244212921,-0.05200928859641082,0.8907102346420288,2.748115347503623,2.442577576630059,1.2414610385894775,0.8907102346420288,1.2280631065368652,-0.004847656030544795,-0.06350958472866663,2.668351626569929
1776515108.5538135,0.778144619209353,-0.10632969370481579,0.7823946885000542,-0.036347228315757756,0.8801054358482361,2.731374029204539,2.4419476544132057,1.2703903913497925,0.8801054358482361,1.2432961463928223,-0.002401955151762475,-0.060714352863220356,2.6530028890577824
1776515108.6000326,0.7802323942846912,-0.04263348720437846,0.7827896881233692,-0.06472445469273314,0.8801054358482361,2.731374029204539,2.4419476544132057,1.2703903913497925,0.8801054358482361,1.2432961463928223,-0.0017240818059203467,-0.05991372593406741,2.6374435265327816
1776515108.6599977,0.7824900791800061,-0.04534431656422023,0.7827896881233692,-0.06959319434421131,0.8801054358482361,2.731374029204539,2.4419476544132057,1.2703903913497925,0.8801054358482361,1.2432961463928223,-0.0012591656012643226,-0.05935515898779187,2.621851126017995
1776515108.7019522,0.7757334377275577,-0.08337199529023775,0.7830632457518997,-0.06454714532502465,0.8524220585823059,2.7147134690236205,2.4347087992982113,1.2888319492340088,0.8524220585823059,1.2389262914657593,-0.0004036010224031661,-0.05831571974885019,2.606279830987549
1776515108.7508676,0.7560181358191475,-0.10556162879361887,0.7835698910126764,-0.059873155921428674,0.8524220585823059,2.7147134690236205,2.4347087992982113,1.2888319492340088,0.8524220585823059,1.2389262914657593,0.0008934530209354918,-0.05671301164971343,2.5910634043495406
1776515108.8000996,0.7589547121566086,-0.14297655022524525,0.784345506899356,-0.05130063108921035,0.8524220585823059,2.7147134690236205,2.4347087992982113,1.2888319492340088,0.8524220585823059,1.2389262914657593,-0.0027462064595842606,0.25368939044191796,2.575997999995893
1776515108.8501596,0.7558104736920386,-0.2377576692004689,0.629737685082965,1.5,0.8549463152885437,2.693263753931573,2.4282112439573655,1.3220621347427368,0.8549463152885437,1.2448334693908691,0.0002496312115981003,0.25710478404400927,2.560885201013921
1776515108.9029212,0.7354264199821443,-0.29067054323386854,0.6282607681820528,0.4646655339600434,0.8549463152885437,2.693263753931573,2.4282112439573655,1.3220621347427368,0.8549463152885437,1.2448334693908691,0.004424064193630617,0.26193370426109785,2.546125733571173
1776515108.9499214,0.7091069018434132,-0.3294823077360798,0.6261859306804455,0.48530499839374425,0.8497283458709717,2.6552451473491043,2.41252819789403,1.3866366147994995,0.8497283458709717,1.248960018157959,0.009332091041772711,0.2677128226179648,2.53187249645937
1776515108.9999151,0.6865334646984476,-0.3519498535816094,0.6237219223127511,0.5078943751485174,0.8497283458709717,2.6552451473491043,2.41252819789403,1.3866366147994995,0.8497283458709717,1.248960018157959,0.014644724500825379,0.2740740347186543,2.518087646719261
1776515109.052673,0.6865334646984476,-0.3519498535816094,0.6210292493510259,0.5311346339162666,0.8497283458709717,2.6552451473491043,2.41252819789403,1.3866366147994995,0.8497283458709717,1.248960018157959,0.014644724500825379,0.2740740347186543,2.518087646719261
1776515109.1005564,0.6676014957593461,-0.3517898548904647,0.61823209119935,0.5509164562621433,0.8405355215072632,2.623891543779629,2.3987043297913946,1.4349944591522217,0.8405355215072632,1.2437443733215332,0.020112206026255075,0.28072825497481313,2.5047327114545
1776515109.1502717,0.6496356251373118,-0.3385384958942057,0.61823209119935,0.5101267846375084,0.8405355215072632,2.623891543779629,2.3987043297913946,1.4349944591522217,0.8405355215072632,1.2437443733215332,0.02543770126782799,0.2873187470778964,2.491746713115525
1776515109.1999269,0.6402179483340883,-0.3445071147106298,0.6154812140110556,0.5673298843409021,0.8405355215072632,2.623891543779629,2.3987043297913946,1.4349944591522217,0.8405355215072632,1.2437443733215332,0.05940068137559387,0.2936410796025637,2.4790271273762823
1776515109.249944,0.6261429613274281,-0.30718202311186793,0.7028115260046326,0.7263082616997194,0.839988112449646,2.590561630933181,2.38356881444113,1.4953595399856567,0.839988112449646,1.2452813386917114,0.06492822966186398,0.29993168380404533,2.4665028303100063
1776515109.3001342,0.6088119552737049,-0.3264627201834155,0.6996572146600776,0.6465542071961513,0.839988112449646,2.590561630933181,2.38356881444113,1.4953595399856567,0.839988112449646,1.2452813386917114,0.07020586213090971,0.3060429292286,2.454215102126138
1776515109.3498058,0.5826654680049866,-0.28961961013670245,0.6966161025590027,0.6610893310936633,0.8429840803146362,2.556323152631659,2.3700562901339075,1.5385334491729736,0.8429840803146362,1.2383553981781006,0.07513228361136912,0.31180779223451927,2.4425327749479444
1776515109.4000492,0.5852004918024116,-0.2967460752532939,0.6910214447078689,0.7285499927506082,0.8429840803146362,2.556323152631659,2.3700562901339075,1.5385334491729736,0.8429840803146362,1.2383553981781006,0.0798128574264626,0.31737755435950943,2.4310008048671876
1776515109.453908,0.5959011568470152,-0.28938119465399853,0.6881984566896444,0.7070722431110017,0.8429840803146362,2.556323152631659,2.3700562901339075,1.5385334491729736,0.8429840803146362,1.2383553981781006,0.08459276930559528,0.3231577337333773,2.419330378552931
1776515109.5049996,0.5979219970986607,-0.21858659713251227,0.6857987063401254,0.7108998554353906,0.8364867568016052,2.5252463310874247,2.3523810008930197,1.5175410509109497,0.8364867568016052,1.2273651361465454,0.08862572081104203,0.32809861434104315,2.4075393109818197
1776515109.5589442,0.6005944404698609,-0.16730247371435888,0.6857987063401254,0.6845788209135697,0.8364867568016052,2.5252463310874247,2.3523810008930197,1.5175410509109497,0.8364867568016052,1.2273651361465454,0.09162708102507694,0.33183517442593136,2.3957367551338193
1776515109.5996118,0.6104668354862927,-0.08174833529541456,0.6839961267424198,0.7193942885635202,0.8408109545707703,2.5003846840214443,2.3430853021141584,1.4845929145812988,0.8408109545707703,1.2350562810897827,0.12637606375930927,0.3143691957032244,2.383798390063474
1776515109.65006,0.6327581758400155,0.09894894210486926,0.6801298571357512,0.7651272236575761,0.8408109545707703,2.5003846840214443,2.3430853021141584,1.4845929145812988,0.8408109545707703,1.2350562810897827,0.12645249068453773,0.3144387881963624,2.3715912555234255
1776515109.6998835,0.7027565597386956,0.2973124689725861,0.6800911116525151,0.717682372741462,0.8408109545707703,2.5003846840214443,2.3430853021141584,1.4845929145812988,0.8408109545707703,1.2350562810897827,0.12224363798225288,0.3095238712540618,2.3585448690908253
1776515109.749924,0.7068736907168144,0.30762345400193736,0.682527919277335,0.6718176656084905,0.8308990597724915,2.4868728145750225,2.330524458231648,1.48786199092865,0.8308990597724915,1.2336101531982422,0.11723962901399287,0.3036523637577475,2.3445203988845553
1776515109.8009264,0.6921774759254941,0.3572776710999496,0.6854329516363045,0.6498815235489059,0.8308990597724915,2.4868728145750225,2.330524458231648,1.48786199092865,0.8308990597724915,1.2336101531982422,0.1116057373547969,0.29689515291213775,2.3307160070726822
1776515109.8500426,0.6763050110069833,0.3247545479180889,0.6887447113711926,0.6235932861207576,0.8308990597724915,2.4868728145750225,2.330524458231648,1.48786199092865,0.8308990597724915,1.2336101531982422,0.10602871700929817,0.2901013784653643,2.317187631962204
1776515109.899941,0.6695620007444643,0.31758652152156414,0.6920523773433549,0.6071810592789183,0.8388299942016602,2.473346858472321,2.321278188955084,1.4950780868530273,0.8388299942016602,1.2318835258483887,0.1008260370194449,0.28366293804213827,2.3038874926186392
1776515109.9533544,0.6695620007444643,0.31758652152156414,0.6951662160193012,0.5932412831618553,0.8388299942016602,2.473346858472321,2.321278188955084,1.4950780868530273,0.8388299942016602,1.2318835258483887,0.1008260370194449,0.28366293804213827,2.3038874926186392
1776515110.0098171,0.6672694519403936,0.2950030105462471,0.7149756256025289,0.23834703284983527,0.8388299942016602,2.473346858472321,2.321278188955084,1.4950780868530273,0.8388299942016602,1.2318835258483887,0.1233407238459793,0.19265182852958684,2.290648700487573
1776515110.0500386,0.6655686639421962,0.27963462290936636,0.7149756256025289,0.5178535679855492,0.8280869126319885,2.4626121761399657,2.3102493084631748,1.4959379434585571,0.8280869126319885,1.2278498411178589,0.1183246002085889,0.18694355816370578,2.2774588491983074
1776515110.0999062,0.6508907771882307,0.25161735327043744,0.7204592319507923,0.41588714472710836,0.8280869126319885,2.4626121761399657,2.3102493084631748,1.4959379434585571,0.8280869126319885,1.2278498411178589,0.11376694136285351,0.18168392437774505,2.2644997638511857
1776515110.1499088,0.6746950493513212,0.25470901140295454,0.7230088016546387,0.43924716398840724,0.8289380073547363,2.4491309784938626,2.3009785840403834,1.5176537036895752,0.8289380073547363,1.232948660850525,0.10937861675992927,0.17652781043521149,2.2511821367073943
1776515110.2009158,0.7039800264726295,0.2892231860878564,0.7230088016546387,0.4719497048306366,0.8289380073547363,2.4491309784938626,2.3009785840403834,1.5176537036895752,0.8289380073547363,1.232948660850525,0.10497931053275694,0.171279969312653,2.2374161763202514
1776515110.2540283,0.7268794477317146,0.2897029944947205,0.7255868223382025,0.4253692513301238,0.8289380073547363,2.4491309784938626,2.3009785840403834,1.5176537036895752,0.8289380073547363,1.232948660850525,0.10037884823478496,0.16573127220276396,2.2230321269295366
1776515110.3039098,0.7255427693342184,0.3244998559870516,0.7282997740280603,0.40740742947490977,0.8238365054130554,2.4376759951474156,2.2953099712021423,1.5228930711746216,0.8238365054130554,1.2396345138549805,0.0955075465223443,0.15974102982347338,2.2086407061099145
1776515110.3640313,0.7299029489721428,0.325439302005873,0.7302631987611483,0.40669942206896875,0.8238365054130554,2.4376759951474156,2.2953099712021423,1.5228930711746216,0.8238365054130554,1.2396345138549805,0.10596810312432098,0.15368871161258157,2.194193217609423
1776515110.4061632,0.7325798955177559,0.32037488964493166,0.7332733750884006,0.37002786934250476,0.8238365054130554,2.4376759951474156,2.2953099712021423,1.5228930711746216,0.8238365054130554,1.2396345138549805,0.10067711009260183,0.14769997560094206,2.1796624675511196
1776515110.4514503,0.7326137287903551,0.3023276615020193,0.7332733750884006,0.41329499949485393,0.8168155550956726,2.4230186736330075,2.281505438865003,1.5134484767913818,0.8168155550956726,1.236868143081665,0.09563665308465161,0.14190866672854208,2.1650956880235
1776515110.500032,0.736625415952164,0.2903243252954221,0.7361651367386761,0.3579831791741272,0.8168155550956726,2.4230186736330075,2.281505438865003,1.5134484767913818,0.8168155550956726,1.236868143081665,0.09108235465887987,0.13658480817596308,2.1504697580447822
1776515110.549933,0.7379771272064596,0.30820793552928744,0.7388035003366926,0.3477834586346257,0.8168155550956726,2.4230186736330075,2.281505438865003,1.5134484767913818,0.8168155550956726,1.236868143081665,0.0864240661362875,0.1310466767181424,2.135784889512298
1776515110.6029208,0.7362475557513526,0.3488639304979814,0.7415280658525757,0.33195379855617757,0.8098548054695129,2.410002520137314,2.271548681669458,1.4884470701217651,0.8098548054695129,1.2363625764846802,0.08132115628977077,0.12487570289066907,2.1211430887361473
1776515110.649823,0.7416902731282784,0.36014102471170817,0.7445418718055905,0.3094402037585484,0.8098548054695129,2.410002520137314,2.271548681669458,1.4884470701217651,0.8098548054695129,1.2363625764846802,0.08132115628977077,0.12487570289066907,2.1211430887361473
1776515110.7003386,0.7458502240703916,0.3357743898713874,0.7478270422748307,0.29004652860525226,0.813794732093811,2.3956287484495427,2.261135487022283,1.473272442817688,0.813794732093811,1.2260711193084717,0.0817626978796509,0.11161172008582021,2.0915640840335348
1776515110.750049,0.7511012884733003,0.3087183094789663,0.7481445185102984,0.3240197254310356,0.813794732093811,2.3956287484495427,2.261135487022283,1.473272442817688,0.813794732093811,1.2260711193084717,0.07644325879507047,0.10559688069307649,2.0766340670550623
1776515110.80004,0.7543248646540059,0.29932808808729194,0.7511691721895808,0.2718833427134169,0.813794732093811,2.3956287484495427,2.261135487022283,1.473272442817688,0.813794732093811,1.2260711193084717,0.07148392296415765,0.09989242643569929,2.061596698527418
1776515110.8519902,0.7592629830792013,0.2520919023257215,0.7540161720110365,0.2577297001652053,0.8233146071434021,2.3855377054126254,2.256647989999335,1.4525234699249268,0.8233146071434021,1.2280306816101074,0.06726287718052981,0.0949547943842819,2.0465017436895656
1776515110.8999295,0.7592629830792013,0.2520919023257215,0.7564624125229076,0.25396897211403446,0.8233146071434021,2.3855377054126254,2.256647989999335,1.4525234699249268,0.8233146071434021,1.2280306816101074,0.06726287718052981,0.0949547943842819,2.0465017436895656
1776515110.9495451,0.7659038999855147,0.2680218783509289,0.7587884456988521,0.23169736414971237,0.8233146071434021,2.3855377054126254,2.256647989999335,1.4525234699249268,0.8233146071434021,1.2280306816101074,0.06328898226256732,0.09022403846778948,2.031278135355337
1776515111.0010576,0.7663114122085586,0.25485020118777335,0.7587884456988521,0.2674945960065601,0.8161588907241821,2.366757280676592,2.2389251417324023,1.4137800931930542,0.8161588907241821,1.2189241647720337,0.05924398127000055,0.08532720071304345,2.0159737713737886
1776515111.0535173,0.7613104204796528,0.18038523576359355,0.7611789005203078,0.22315905158727486,0.8161588907241821,2.366757280676592,2.2389251417324023,1.4137800931930542,0.8161588907241821,1.2189241647720337,0.05617265516105635,0.08153476241411806,2.0007327125861765
1776515111.1020308,0.7613104204796528,0.18038523576359355,0.7630147574234608,0.22126687160115216,0.8161588907241821,2.366757280676592,2.2389251417324023,1.4137800931930542,0.8161588907241821,1.2189241647720337,0.05617265516105635,0.08153476241411806,2.0007327125861765
1776515111.1499238,0.7576552020833563,0.23313980297242468,0.7626787269315207,0.2495381193807239,0.814302384853363,2.352818213106856,2.232038585801429,1.417966365814209,0.814302384853363,1.224911093711853,0.06127873714121285,0.07813939753176324,1.9855194604464632
1776515111.1999385,0.7555891102318322,0.20463869402528717,0.7647597120753774,0.20424555073124692,0.814302384853363,2.352818213106856,2.232038585801429,1.417966365814209,0.814302384853363,1.224911093711853,0.05762349379954054,0.07399702673978004,1.970366516144642
1776515111.2576044,0.7579758036089189,0.19963657270381716,0.7667871774569784,0.19589367783427047,0.814302384853363,2.352818213106856,2.232038585801429,1.417966365814209,0.814302384853363,1.224911093711853,0.05411053800398197,0.0699177391643504,1.955285644103074
1776515111.3012226,0.7631793243883419,0.1563597984538431,0.7667871774569784,0.22178755738869468,0.8185110688209534,2.335676076784937,2.217518497137483,1.412392258644104,0.8185110688209534,1.2261152267456055,0.05098694657183009,0.06623891573439211,1.9400838882323197
1776515111.3539338,0.76549704224904,0.1323408867806021,0.7686043930582691,0.1884551485735678,0.8185110688209534,2.335676076784937,2.217518497137483,1.412392258644104,0.8185110688209534,1.2261152267456055,0.048572375303667814,0.06334313450068185,1.924782892539031
1776515111.400243,0.7628985987965766,0.1628188504849892,0.7700236837632848,0.1849897986326351,0.8185110688209534,2.335676076784937,2.217518497137483,1.412392258644104,0.8185110688209534,1.2261152267456055,0.045874322241085175,0.06004789124366061,1.90951335238706
1776515111.4499478,0.7628985987965766,0.1628188504849892,0.7716262612470216,0.17418673691233494,0.8201808333396912,2.317140946280173,2.20640656842812,1.3944472074508667,0.8201808333396912,1.2245354652404785,0.045874322241085175,0.06004789124366061,1.90951335238706
1776515111.5040004,0.7685649619483349,0.11420817187248786,0.771496035112248,0.19667244235764525,0.8201808333396912,2.317140946280173,2.20640656842812,1.3944472074508667,0.8201808333396912,1.2245354652404785,0.04941382744897885,0.0573274298950337,1.894153037379168
1776515111.5524209,0.7657026575938766,0.07417934044706347,0.7725407892310884,0.1754290968418714,0.8201808333396912,2.317140946280173,2.20640656842812,1.3944472074508667,0.8201808333396912,1.2245354652404785,0.0475687074308814,0.055256773201176834,1.8787888509378272
1776515111.6019394,0.754080102562232,0.014235066118353502,0.7725407892310884,0.18890977582235216,0.8276956677436829,2.2980384135775607,2.192532395526815,1.401100993156433,0.8276956677436829,1.2086261510849,0.04662294947797149,0.05417111389749385,1.8636199094047219
1776515111.651924,0.7520854361345648,-0.019465717022696397,0.773083104840253,0.1792660233370479,0.8276956677436829,2.2980384135775607,2.192532395526815,1.401100993156433,0.8276956677436829,1.2086261510849,0.04648172325709077,0.05401112335971714,1.8485730603921995
1776515111.6999276,0.7498164118041131,-0.04754911633097268,0.7731634911984924,0.18426448619652508,0.828307032585144,2.2771169689934525,2.1776018611796712,1.3995115756988525,0.828307032585144,1.2256983518600464,0.0469153848599459,0.05452629134930387,1.8335683584275344
1776515111.7498918,0.7764372337383129,0.07290507677879117,0.7727112608782485,0.19365327586268113,0.828307032585144,2.2771169689934525,2.1776018611796712,1.3995115756988525,0.828307032585144,1.2256983518600464,0.04636675209845341,0.05383480349870595,1.8028543954348526
1776515111.800136,0.7588075217557437,0.10838775209410444,0.7732418334915522,0.177853902395599,0.8298096656799316,2.2598470697570576,2.166846867226854,1.418900489807129,0.8298096656799316,1.219066858291626,0.0496034814693197,-0.017070445331298423,1.787571165926135
1776515111.8509223,0.7617439318857402,0.056086631919520166,0.792279647362495,-0.13936724878869072,0.8298096656799316,2.2598470697570576,2.166846867226854,1.418900489807129,0.8298096656799316,1.219066858291626,0.04800974362958464,-0.018875924726194704,1.7723465466566741
1776515111.9010208,0.7250589316188925,0.21160787276447324,0.7931868035286792,0.05855747572855316,0.8298096656799316,2.2598470697570576,2.166846867226854,1.418900489807129,0.8298096656799316,1.219066858291626,0.045260538124102676,-0.02207132728722838,1.7576958952302524
1776515111.949983,0.7250589316188925,0.21160787276447324,0.7947743160331502,0.040224788711681614,0.834082841873169,2.2432925827408368,2.1498436684460844,1.3985669612884521,0.834082841873169,1.207702875137329,0.045260538124102676,-0.02207132728722838,1.7576958952302524
1776515112.0074124,0.7446714214774411,0.28618182136458914,0.7947743160331502,0.06186105123914244,0.834082841873169,2.2432925827408368,2.1498436684460844,1.3985669612884521,0.834082841873169,1.207702875137329,0.04094253964310998,-0.02712296966685601,1.74289414085252
1776515112.0631788,0.7552558794408967,0.3131901008007397,0.797276911516656,0.012615055101981652,0.834082841873169,2.2432925827408368,2.1498436684460844,1.3985669612884521,0.834082841873169,1.207702875137329,0.03607635061621463,-0.032941526440387836,1.7278329461225383
1776515112.1000955,0.7552558794408967,0.3131901008007397,0.7998676129519775,0.004301910869931282,0.834082841873169,2.2432925827408368,2.1498436684460844,1.3985669612884521,0.834082841873169,1.207702875137329,0.03607635061621463,-0.032941526440387836,1.7278329461225383
1776515112.151055,0.7573626584896604,0.2808995965530857,0.7971560264857938,-0.0441702325372712,0.8353428840637207,2.2323559906392267,2.1442508900054156,1.3711289167404175,0.8353428840637207,1.2084919214248657,0.03149313445951665,-0.03850086927858776,1.7127618664668478
1776515112.202932,0.7553598332809567,0.2730507154768737,0.7946120828975897,-0.03193474723157204,0.8353428840637207,2.2323559906392267,2.1442508900054156,1.3711289167404175,0.8353428840637207,1.2084919214248657,0.02722323870818233,-0.04374347591740113,1.6976793876294598
1776515112.2529387,0.7527847478126728,0.26454488961892375,0.7838229975112412,-0.20091282916083003,0.8333715796470642,2.2215696743635203,2.1339439236129345,1.3665961027145386,0.8333715796470642,1.205302119255066,0.01662214957329483,-0.0727349435043898,1.6728382411921863
1776515112.2999163,0.7518851062343652,0.26491250876494665,0.781311195712482,-0.1073793505977998,0.8333715796470642,2.2215696743635203,2.1339439236129345,1.3665961027145386,0.8333715796470642,1.205302119255066,0.012234272921968548,-0.07775657522805046,1.6578411995732103
1776515112.3519974,0.7417735274262004,0.2354762587083551,0.781311195712482,-0.07522700299272592,0.8333715796470642,2.2215696743635203,2.1339439236129345,1.3665961027145386,0.8333715796470642,1.205302119255066,0.008172973472425335,-0.08247382694069127,1.6429605709285189
1776515112.399876,0.7372288806165591,0.22751713038911495,0.7768252342809152,-0.15423450032286035,0.8406146764755249,2.2110088335265723,2.125486279725175,1.3446921110153198,0.8406146764755249,1.2065064907073975,0.004502236981857102,-0.08681903370897448,1.6282401595196905
1776515112.453045,0.7386236730030655,0.23522417341210916,0.7768252342809152,-0.10119408045923792,0.8406146764755249,2.2110088335265723,2.125486279725175,1.3446921110153198,0.8406146764755249,1.2065064907073975,0.0008196353322133254,-0.09127114777378464,1.6135195252215642
1776515112.5019994,0.7377135272555277,0.24502453885263645,0.7746506267270581,-0.1406636084952023,0.8406146764755249,2.2110088335265723,2.125486279725175,1.3446921110153198,0.8406146764755249,1.2065064907073975,-0.0027769294638637088,-0.09569978049046579,1.598832454661813
1776515112.5500426,0.7377135272555277,0.24502453885263645,0.772504275237776,-0.1544213471832556,0.8418334722518921,2.1979057842333156,2.1110347292210014,1.343971848487854,0.8418334722518921,1.2075014114379883,-0.0027769294638637088,-0.09569978049046579,1.598832454661813
1776515112.599878,0.7374493481575803,0.26429597615827,0.7676046480660039,-0.2171046495834823,0.8418334722518921,2.1979057842333156,2.1110347292210014,1.343971848487854,0.8418334722518921,1.2075014114379883,-0.02122024128672699,-0.105693537497348,1.5694829446664027
1776515112.6500127,0.7261209673032557,0.2493317271808117,0.7650583086964874,-0.20373133144382055,0.8418334722518921,2.1979057842333156,2.1110347292210014,1.343971848487854,0.8418334722518921,1.2075014114379883,-0.025360416454916435,-0.110470182228247,1.5549360059821609
1776515112.7040672,0.7261209673032557,0.2493317271808117,0.7626775240294519,-0.21158435003853482,0.8416751623153687,2.189062842883852,2.1077012810592275,1.294893503189087,0.8416751623153687,1.2045652866363525,-0.025360416454916435,-0.110470182228247,1.5549360059821609
1776515112.751903,0.7216202909373994,0.22750807578596982,0.7626775240294519,-0.18342237580498597,0.8416751623153687,2.189062842883852,2.1077012810592275,1.294893503189087,0.8416751623153687,1.2045652866363525,-0.0290602531891022,-0.11481061607507748,1.540550586582611
1776515112.8000662,0.7192548734074822,0.20908619009969356,0.7605298436953246,-0.2235570398036782,0.8416751623153687,2.189062842883852,2.1077012810592275,1.294893503189087,0.8416751623153687,1.2045652866363525,-0.032459567356716026,-0.11886650585371017,1.5262103561304994
1776515112.850043,0.7165840965624598,0.20081360345636307,0.7585375673870688,-0.23306532195137955,0.8495969176292419,2.177496439047592,2.09371126549407,1.2966382503509521,0.8495969176292419,1.2019577026367188,-0.0356479017238944,-0.12275266342506219,1.5119319660258865
1776515112.8999205,0.7140037909497519,0.18993518650850458,0.7566459830065613,-0.24262781447439333,0.8495969176292419,2.177496439047592,2.09371126549407,1.2966382503509521,0.8495969176292419,1.2019577026367188,-0.038697724422639565,-0.12653791038928297,1.4977136459211922
1776515112.952715,0.718014021873152,0.15873077745041406,0.7499454158219271,-0.34593668100042696,0.8489079475402832,2.1659882327233277,2.0816084140303324,1.2709749937057495,0.8489079475402832,1.2060308456420898,-0.054305922197252665,-0.12989104208701896,1.4834722331500565
1776515112.999197,0.7240203018829683,0.057422772973744506,0.7486257251521653,-0.2809906581275038,0.8489079475402832,2.1659882327233277,2.0816084140303324,1.2709749937057495,0.8489079475402832,1.2060308456420898,-0.05661639443046701,-0.13252479804056083,1.4691404337680107
1776515113.0509171,0.7240203018829683,0.057422772973744506,0.7478398682758304,-0.2809258978639961,0.8489079475402832,2.1659882327233277,2.0816084140303324,1.2709749937057495,0.8489079475402832,1.2060308456420898,-0.057979917952321894,-0.13410425857208752,1.4547865170643401
1776515113.1011083,0.7232399474992119,-0.005189036871280565,0.7478398682758304,-0.27056887429259324,0.8565322160720825,2.151133183744856,2.074294237950006,1.2770966291427612,0.8565322160720825,1.2024714946746826,-0.058326715373338806,-0.1344942593718894,1.4404439634782897
1776515113.1500783,0.7591752738330831,-0.11981896729985435,0.7476432751017896,-0.27460519096521174,0.8565322160720825,2.151133183744856,2.074294237950006,1.2770966291427612,0.8565322160720825,1.2024714946746826,-0.056901877557914426,-0.13276480029545024,1.4256099993130629
1776515113.2000403,0.7512712260279609,-0.15049878894282237,0.7484865827726795,-0.25681901094064286,0.8565322160720825,2.151133183744856,2.074294237950006,1.2770966291427612,0.8565322160720825,1.2024714946746826,-0.05480570822948777,-0.1302071809204688,1.410535934205902
1776515113.2509198,0.7512712260279609,-0.15049878894282237,0.7497309508684379,-0.2447062162460599,0.8526634573936462,2.129776514977024,2.0569533099981077,1.2950356006622314,0.8526634573936462,1.200143814086914,-0.05480570822948777,-0.1302071809204688,1.410535934205902
1776515113.300939,0.7446150837970535,-0.2219392997398219,0.7485195357491491,-0.2827534314556398,0.8526634573936462,2.129776514977024,2.0569533099981077,1.2950356006622314,0.8526634573936462,1.200143814086914,-0.060145190462473685,-0.12168104984246986,1.3809417477438124
1776515113.3513603,0.7446150837970535,-0.2219392997398219,0.7507727180475651,-0.22588896601361053,0.8526634573936462,2.129776514977024,2.0569533099981077,1.2950356006622314,0.8526634573936462,1.200143814086914,-0.060145190462473685,-0.12168104984246986,1.3809417477438124
1776515113.404809,0.7475316496104651,-0.2044182853914658,0.7507727180475651,-0.25597993926005436,0.8538253903388977,2.1044975531862136,2.03157824587467,1.3062539100646973,0.8538253903388977,1.194303274154663,-0.05656211237766148,-0.11757772796053034,1.3660603625747434
1776515113.4521778,0.750323112600942,-0.17433421949670524,0.7528245838518809,-0.2184701335953835,0.8538253903388977,2.1044975531862136,2.03157824587467,1.3062539100646973,0.8538253903388977,1.194303274154663,-0.05344568123404528,-0.11394718966054329,1.351111424467431
1776515113.544076,0.7519354466530398,-0.1472832827587804,0.7546264752240686,-0.2118806516069164,0.8538253903388977,2.1044975531862136,2.03157824587467,1.3062539100646973,0.8538253903388977,1.194303274154663,-0.05090625917222563,-0.11093550086857018,1.3361288842167118
1776515113.5762231,0.7519354466530398,-0.1472832827587804,0.7546264752240686,-0.23507492275637612,0.8538253903388977,2.1044975531862136,2.03157824587467,1.3062539100646973,0.8538253903388977,1.194303274154663,-0.05090625917222563,-0.11093550086857018,1.3361288842167118
1776515113.6019642,0.7519354466530398,-0.1472832827587804,0.7561096824453996,-0.20142711772089603,0.8538253903388977,2.1044975531862136,2.03157824587467,1.3062539100646973,0.8538253903388977,1.194303274154663,-0.05090625917222563,-0.11093550086857018,1.3361288842167118
1776515113.6500702,0.7540394360737104,-0.14648190129886177,0.7561096824453996,-0.22709556765136113,0.8570893406867981,2.0945431683815596,2.0184469700538648,1.3145761489868164,0.8570893406867981,1.1909816265106201,-0.048604633892924354,-0.10815308340276841,1.3211282646359963
1776515113.7019572,0.7575931076076757,-0.1637370239191008,0.757468768906208,-0.20310725241214933,0.8570893406867981,2.0945431683815596,2.0184469700538648,1.3145761489868164,0.8570893406867981,1.1909816265106201,-0.046164041207866977,-0.10514930424187474,1.3060861987550576
1776515113.7499278,0.7598490436350583,-0.15780047064130717,0.7589248564278926,-0.19222203835797527,0.8642849326133728,2.09550084905642,2.017028730128592,1.3474737405776978,0.8642849326133728,1.1938945055007935,-0.05391185232429471,-0.10208918648401921,1.290961139571576
1776515113.8029134,0.7616950912852649,-0.1499477042138356,0.7578292409987524,-0.23218177518784158,0.8642849326133728,2.09550084905642,2.017028730128592,1.3474737405776978,0.8642849326133728,1.1938945055007935,-0.05132990308624895,-0.09916218029282398,1.275794981159289
1776515113.8531396,0.7623916143521215,-0.1716430020056586,0.7592994539402746,-0.19302195560245616,0.8642849326133728,2.09550084905642,2.017028730128592,1.3474737405776978,0.8642849326133728,1.1938945055007935,-0.04857473368436166,-0.0959668679469603,1.260620408473107
1776515113.9011137,0.7559133569144171,-0.18767102934562876,0.760888444086392,-0.177869230372208,0.8641867637634277,2.0939645196529146,2.008134093638916,1.3772119283676147,0.8641867637634277,1.1814817190170288,-0.04857473368436166,-0.0959668679469603,1.260620408473107
1776515113.9594736,0.7559133569144171,-0.18767102934562876,0.7625782955554729,-0.17237192957705438,0.8641867637634277,2.0939645196529146,2.008134093638916,1.3772119283676147,0.8641867637634277,1.1814817190170288,-0.04566608712913722,-0.09254946602851666,1.2454655598430577
1776515114.0005026,0.7590288681095295,-0.18913002733151496,0.7644328512987109,-0.16302022723261106,0.8641867637634277,2.0939645196529146,2.008134093638916,1.3772119283676147,0.8641867637634277,1.1814817190170288,-0.04250723327676184,-0.08876902112694696,1.2303632773733402
1776515114.051196,0.7613146175919927,-0.17806633015359993,0.7644328512987109,-0.18181253910314016,0.8701704740524292,2.093854981478886,2.0015321748360586,1.3879103660583496,0.8701704740524292,1.1803282499313354,-0.039561561391233346,-0.0851795276170475,1.2151969699361684
1776515114.102447,0.7596003740896118,-0.16026103024483299,0.7661802187966359,-0.14794838904737032,0.8701704740524292,2.093854981478886,2.0015321748360586,1.3879103660583496,0.8701704740524292,1.1803282499313354,-0.03688487855776752,-0.08186232300884821,1.200029436022491
1776515114.1560585,0.7643030810862638,-0.1254810360010138,0.7677835601609652,-0.14237865915997494,0.8701704740524292,2.093854981478886,2.0015321748360586,1.3879103660583496,0.8701704740524292,1.1803282499313354,-0.04257588147085467,-0.07908227967685955,1.1848540259584839
1776515114.2009568,0.7686863978789558,-0.0976044498759753,0.767127839559824,-0.1756445698516233,0.8747634291648865,2.0913050012606145,1.9917303415853986,1.4017938375473022,0.8747634291648865,1.1741740703582764,-0.040809696706940346,-0.07707090296512797,1.1695376954615178
1776515114.2499456,0.7677493869822218,-0.1226566726768287,0.7681361035996153,-0.14859625815271396,0.8747634291648865,2.0913050012606145,1.9917303415853986,1.4017938375473022,0.8747634291648865,1.1741740703582764,-0.03862938043840217,-0.07474229726254622,1.1552368685134333
1776515114.3020966,0.7682278127570689,-0.10097825334396292,0.7693375528960097,-0.13962836497660946,0.8848638534545898,2.091002399892745,1.9841235797916066,1.4143552780151367,0.8848638534545898,1.1740925312042236,-0.03574839597192567,-0.07270975975207028,1.1466352385549667
1776515114.3499684,0.7704635444676077,-0.09444284841867835,0.7706326714844951,-0.13093648642967204,0.8848638534545898,2.091002399892745,1.9841235797916066,1.4143552780151367,0.8848638534545898,1.1740925312042236,-0.03380574973296957,-0.0708158904014704,1.1332934103850532
1776515114.4019942,0.7714654075743529,-0.08858680093822979,0.77165250175488,-0.13119227919708754,0.8848638534545898,2.091002399892745,1.9841235797916066,1.4143552780151367,0.8848638534545898,1.1740925312042236,-0.032341095550444926,-0.06904407580253746,1.1178981256642113
1776515114.457958,0.7714654075743529,-0.08858680093822979,0.7725177026965775,-0.12472364557780949,0.8716842532157898,2.0898463182930147,1.9779390422365029,1.4418781995773315,0.8716842532157898,1.171581506729126,-0.032341095550444926,-0.06904407580253746,1.1178981256642113
1776515114.524587,0.7713257394108315,-0.09904013377504496,0.7725177026965775,-0.13754758630507535,0.8716842532157898,2.0898463182930147,1.9779390422365029,1.4418781995773315,0.8716842532157898,1.171581506729126,-0.03085004195955074,-0.06721343104208932,1.1024878429854277
1776515114.623641,0.7713257394108315,-0.09904013377504496,0.7725177026965775,-0.13754758630507535,0.8716842532157898,2.0898463182930147,1.9779390422365029,1.4418781995773315,0.8716842532157898,1.171581506729126,-0.03085004195955074,-0.06721343104208932,1.1024878429854277
1776515114.641458,0.7713257394108315,-0.09904013377504496,0.7725177026965775,-0.13754758630507535,0.8716842532157898,2.0898463182930147,1.9779390422365029,1.4418781995773315,0.8716842532157898,1.171581506729126,-0.03085004195955074,-0.06721343104208932,1.1024878429854277
1776515114.9336622,0.7713257394108315,-0.09904013377504496,0.7734060287344082,-0.12385333793980355,0.8716842532157898,2.0898463182930147,1.9779390422365029,1.4418781995773315,0.8716842532157898,1.171581506729126,-0.03085004195955074,-0.06721343104208932,1.1024878429854277
1776515114.9501488,0.7713257394108315,-0.09904013377504496,0.7734060287344082,-0.13314086824511717,0.8716842532157898,2.0898463182930147,1.9779390422365029,1.4418781995773315,0.8716842532157898,1.171581506729126,-0.03085004195955074,-0.06721343104208932,1.1024878429854277
1776515115.0000155,0.7705239469210364,-0.09055892443804071,0.7727845379396876,-0.1692095596838412,0.8716842532157898,2.0898463182930147,1.9779390422365029,1.4418781995773315,0.8716842532157898,1.171581506729126,-0.03214054979390979,-0.06105291771510979,1.0562668187236424
1776515115.0616739,0.7736186636629528,-0.12637503578094003,0.7756479511128873,-0.08563054260399416,0.8716842532157898,2.0898463182930147,1.9779390422365029,1.4418781995773315,0.8716842532157898,1.171581506729126,-0.02755004312648268,-0.0555196385550345,1.0102964431061037
1776515115.0994236,0.7519926123066417,-0.1440695983426536,0.7775118903367167,-0.09090957205063847,0.8912975788116455,2.087269313405996,1.9573495030493129,1.4758063554763794,0.8912975788116455,1.1461013555526733,-0.0307254195581059,-0.05289197120679656,0.9952385850579977
1776515115.1510777,0.7692236010340442,-0.12253156785156342,0.7774474423334543,-0.11281678422114104,0.8912975788116455,2.087269313405996,1.9573495030493129,1.4758063554763794,0.8912975788116455,1.1461013555526733,-0.02860039164711109,-0.05050069186735007,0.979883451175794
1776515115.2061908,0.7692236010340442,-0.12253156785156342,0.77865250758207,-0.08973047237118564,0.902428925037384,2.087015265011324,1.9517283967809453,1.4749250411987305,0.902428925037384,1.1523382663726807,-0.02860039164711109,-0.05050069186735007,0.979883451175794
1776515115.2622497,0.7780590639287168,-0.07759113498409993,0.779444923916048,-0.09194188846220469,0.902428925037384,2.087015265011324,1.9517283967809453,1.4749250411987305,0.902428925037384,1.1523382663726807,-0.027216769210873293,-0.04891589372432836,0.9643481155659225
1776515115.3011022,0.7786927024393903,-0.06900242128554573,0.779444923916048,-0.10081242426960266,0.902428925037384,2.087015265011324,1.9517283967809453,1.4749250411987305,0.902428925037384,1.1523382663726807,-0.027216769210873293,-0.04891589372432836,0.9643481155659225
1776515115.3565063,0.7786927024393903,-0.06900242128554573,0.7801191935349574,-0.08840913499073497,0.902428925037384,2.087015265011324,1.9517283967809453,1.4749250411987305,0.902428925037384,1.1523382663726807,-0.02604979331071361,-0.04755806625265313,0.9487971930069967
1776515115.4235988,0.7786927024393903,-0.06900242128554573,0.7801191935349574,-0.08840913499073497,0.902428925037384,2.087015265011324,1.9517283967809453,1.4749250411987305,0.902428925037384,1.1523382663726807,-0.02604979331071361,-0.04755806625265313,0.9487971930069967
1776515115.4500775,0.7786927024393903,-0.06900242128554573,0.7801191935349574,-0.09739762692813868,0.902428925037384,2.087015265011324,1.9517283967809453,1.4749250411987305,0.902428925037384,1.1523382663726807,-0.02604979331071361,-0.04755806625265313,0.9487971930069967
1776515115.5050175,0.7771523031635352,-0.09331133796668586,0.7801191935349574,-0.09753091874368203,0.902428925037384,2.087015265011324,1.9517283967809453,1.4749250411987305,0.902428925037384,1.1523382663726807,-0.024675633244025663,-0.0459251632032629,0.93324908486895
1776515115.562656,0.7799312221627173,-0.09548408421989188,0.780922694725592,-0.08237180895247902,0.912497341632843,2.0857086430866336,1.9437639378947718,1.4704689979553223,0.912497341632843,1.1504124402999878,-0.023192413961482555,-0.04413611760779812,0.9177009078827684
1776515115.6709867,0.7799312221627173,-0.09548408421989188,0.781797398751523,-0.07718645484252404,0.912497341632843,2.0857086430866336,1.9437639378947718,1.4704689979553223,0.912497341632843,1.1504124402999878,-0.023192413961482555,-0.04413611760779812,0.9177009078827684
1776515115.701,0.7832897084912899,-0.0823153759819215,0.7825914541802867,0.38775471867507966,0.912497341632843,2.0857086430866336,1.9437639378947718,1.4704689979553223,0.912497341632843,1.1504124402999878,-0.021865446725042426,-0.04249447587500921,0.9020797331517627
1776515115.7504208,0.7832897084912899,-0.0823153759819215,0.7825914541802867,-0.08404944348809296,0.912497341632843,2.0857086430866336,1.9437639378947718,1.4704689979553223,0.912497341632843,1.1504124402999878,-0.021865446725042426,-0.04249447587500921,0.9020797331517627
1776515115.8024619,0.7819709760731425,-0.05292782581090193,0.7825914541802867,-0.08417468015388874,0.9123544096946716,2.0837006476276128,1.9351993967684957,1.4552538394927979,0.9123544096946716,1.139034628868103,-0.024980517999228236,-0.04129824417108585,0.8864619713388876
1776515115.8563159,0.7819709760731425,-0.05292782581090193,0.7821414010962905,-0.09267703373337298,0.9123544096946716,2.0837006476276128,1.9351993967684957,1.4552538394927979,0.9123544096946716,1.139034628868103,-0.024980517999228236,-0.04129824417108585,0.8864619713388876
1776515116.081827,0.7828771909256171,-0.06154246346859836,0.7821414010962905,-0.08700394081691604,0.9123544096946716,2.0837006476276128,1.9351993967684957,1.4552538394927979,0.9123544096946716,1.139034628868103,-0.02401866858106702,-0.04019757616373365,0.8708342461471247
1776515116.147595,0.7828771909256171,-0.06154246346859836,0.7821414010962905,-0.08700394081691604,0.9123544096946716,2.0837006476276128,1.9351993967684957,1.4552538394927979,0.9123544096946716,1.139034628868103,-0.02401866858106702,-0.04019757616373365,0.8708342461471247
1776515116.175983,0.7828771909256171,-0.06154246346859836,0.7821414010962905,-0.08700394081691604,0.9123544096946716,2.0837006476276128,1.9351993967684957,1.4552538394927979,0.9123544096946716,1.139034628868103,-0.02401866858106702,-0.04019757616373365,0.8708342461471247
1776515116.2053723,0.7828771909256171,-0.06154246346859836,0.7826919741917258,-0.08467233896254099,0.9123544096946716,2.0837006476276128,1.9351993967684957,1.4552538394927979,0.9123544096946716,1.139034628868103,-0.02401866858106702,-0.04019757616373365,0.8708342461471247
1776515116.252888,0.7828771909256171,-0.06154246346859836,0.7826919741917258,-0.08472281905609838,0.9123544096946716,2.0837006476276128,1.9351993967684957,1.4552538394927979,0.9123544096946716,1.139034628868103,-0.02401866858106702,-0.04019757616373365,0.8708342461471247
1776515116.2995758,0.7823002626181668,-0.06762844370537648,0.7826919741917258,-0.0848481034061353,0.9123544096946716,2.0837006476276128,1.9351993967684957,1.4552538394927979,0.9123544096946716,1.139034628868103,-0.022938537087380168,-0.03894347621419758,0.8552120884943023
1776515116.3626587,0.7823002626181668,-0.06762844370537648,0.7833153153140049,-0.07376937470712959,0.9182456731796265,2.0838247935161007,1.932538987819518,1.4512269496917725,0.9182456731796265,1.1312891244888306,-0.022938537087380168,-0.03894347621419758,0.8552120884943023
1776515116.4074852,0.7828679227820273,-0.06108714983329213,0.7838832203075404,-0.07054688133636113,0.9182456731796265,2.0838247935161007,1.932538987819518,1.4512269496917725,0.9182456731796265,1.1312891244888306,-0.0219641606368407,-0.037792182899913485,0.8395724338312978
1776515116.4501925,0.7828679227820273,-0.06108714983329213,0.7838832203075404,-0.0783899833656923,0.9182456731796265,2.0838247935161007,1.932538987819518,1.4512269496917725,0.9182456731796265,1.1312891244888306,-0.0219641606368407,-0.037792182899913485,0.8395724338312978
1776515116.4999828,0.7838934439551782,-0.053094336895838354,0.7838832203075404,-0.07850441662740437,0.9182456731796265,2.0838247935161007,1.932538987819518,1.4512269496917725,0.9182456731796265,1.1312891244888306,-0.02112866473196154,-0.036787735327956206,0.8239159947165559
1776515116.5571902,0.7838934439551782,-0.053094336895838354,0.784375010595718,-0.07023770806331735,0.9182456731796265,2.0838247935161007,1.932538987819518,1.4512269496917725,0.9182456731796265,1.1312891244888306,-0.02112866473196154,-0.036787735327956206,0.8239159947165559
1776515116.6015887,0.784739937139106,-0.05805419549210941,0.7848896429656734,-0.06550119780866975,0.9280507564544678,2.080902827822644,1.9226035311536556,1.4241101741790771,0.9280507564544678,1.1309382915496826,-0.02026390915137405,-0.035728042600644105,0.8082431249915797
1776515116.6498961,0.784739937139106,-0.05805419549210941,0.7848896429656734,-0.0730851010988595,0.9280507564544678,2.080902827822644,1.9226035311536556,1.4241101741790771,0.9280507564544678,1.1309382915496826,-0.02026390915137405,-0.035728042600644105,0.8082431249915797
1776515116.699926,0.7850381327592553,-0.053634172699536374,0.7848896429656734,-0.0731979078276306,0.9280507564544678,2.080902827822644,1.9226035311536556,1.4241101741790771,0.9280507564544678,1.1309382915496826,-0.019463565644532804,-0.03472963335946311,0.7925601915657166
1776515116.7509136,0.7850381327592553,-0.053634172699536374,0.7853708841169281,-0.06359009823625501,0.9280507564544678,2.080902827822644,1.9226035311536556,1.4241101741790771,0.9280507564544678,1.1309382915496826,-0.019463565644532804,-0.03472963335946311,0.7925601915657166
1776515116.815079,0.7850381327592553,-0.053634172699536374,0.7853708841169281,-0.07065168572510035,0.9280507564544678,2.080902827822644,1.9226035311536556,1.4241101741790771,0.9280507564544678,1.1309382915496826,-0.019463565644532804,-0.03472963335946311,0.7925601915657166
1776515116.8510885,0.7835610388934154,-0.07279411600526278,0.7859483281724103,-0.059568952318233274,0.9236255288124084,2.080815930867173,1.919780441425123,1.431143879890442,0.9236255288124084,1.117213487625122,-0.018513374659487075,-0.03352250504785337,0.7768940080643445
1776515116.8999603,0.7835610388934154,-0.07279411600526278,0.7859483281724103,-0.06754703165472922,0.9236255288124084,2.080815930867173,1.919780441425123,1.431143879890442,0.9236255288124084,1.117213487625122,-0.018513374659487075,-0.03352250504785337,0.7768940080643445
1776515116.9503245,0.7854757292159663,-0.07630099198023443,0.7866164455647393,-0.055015136286104875,0.9236255288124084,2.080815930867173,1.919780441425123,1.431143879890442,0.9236255288124084,1.117213487625122,-0.01742993992468786,-0.032111462765140875,0.7612306106911304
1776515117.0050802,0.7873151793397591,-0.06747049473323305,0.7866164455647393,-0.06392158315806497,0.9236255288124084,2.080815930867173,1.919780441425123,1.431143879890442,0.9236255288124084,1.117213487625122,-0.016446443754962986,-0.03080391402129168,0.7455126919203553
1776515117.0545824,0.7866887999982893,-0.037650486244500105,0.7872304002477877,-0.053165914249613186,0.9236255288124084,2.080815930867173,1.919780441425123,1.431143879890442,0.9236255288124084,1.117213487625122,-0.01581719968072387,-0.029949663425783868,0.7297961956847718
1776515117.1026373,0.7866887999982893,-0.037650486244500105,0.7876281599212381,-0.052702593087249214,0.9295217394828796,2.078774275766491,1.9098861570216559,1.4168972969055176,0.9295217394828796,1.1037547588348389,-0.01581719968072387,-0.029949663425783868,0.7297961956847718
1776515117.1495774,0.7878587705015292,-0.03888038937568633,0.7879476205650957,-0.05275538277100368,0.9295217394828796,2.078774275766491,1.9098861570216559,1.4168972969055176,0.9295217394828796,1.1037547588348389,-0.01483325685176895,-0.028563367717785226,0.6983317405197119
1776515117.1999438,0.7878587705015292,-0.03888038937568633,0.7882642763123744,-0.05044218767639779,0.948011040687561,2.0773442683674253,1.9053257485384543,1.4096245765686035,0.948011040687561,1.0962965488433838,-0.01483325685176895,-0.028563367717785226,0.6983317405197119
1776515117.2499473,0.7883069801249458,-0.038998769113894924,0.7885767455147996,-0.0491546149270145,0.948011040687561,2.0773442683674253,1.9053257485384543,1.4096245765686035,0.948011040687561,1.0962965488433838,-0.0143585833165982,-0.027874612462206017,0.6825846927530602
1776515117.3069236,0.7890394464151695,-0.03775429021727085,0.7888788837227574,-0.04761784756739504,0.948011040687561,2.0773442683674253,1.9053257485384543,1.4096245765686035,0.948011040687561,1.0962965488433838,-0.013905660055364588,-0.027203178368895742,0.6668262064635889
1776515117.3491604,0.7895804455890385,-0.03747674729264081,0.7888788837227574,-0.05158897972304059,0.948011040687561,2.0773442683674253,1.9053257485384543,1.4096245765686035,0.948011040687561,1.0962965488433838,-0.013905660055364588,-0.027203178368895742,0.6668262064635889
1776515117.4028342,0.7895804455890385,-0.03747674729264081,0.7891739226986841,-0.0461012038892311,0.9485157132148743,2.0733078438633576,1.8936970946111449,1.3805699348449707,0.9485157132148743,1.1042274236679077,-0.013469590977081947,-0.026541929911040096,0.651055988976623
1776515117.454909,0.7894404127649901,-0.04292105056690062,0.7891739226986841,-0.05005092938192058,0.9485157132148743,2.0733078438633576,1.8936970946111449,1.3805699348449707,0.9485157132148743,1.1042274236679077,-0.01300600999978388,-0.025823483113708523,0.6352795325977112
1776515117.4999223,0.786999913526572,-0.06254697756334347,0.7894919102082162,-0.044240079540742425,0.9485157132148743,2.0733078438633576,1.8936970946111449,1.3805699348449707,0.9485157132148743,1.1042274236679077,-0.012409737602601112,-0.024879780857533618,0.6195322492400673
1776515117.5531173,0.786999913526572,-0.06254697756334347,0.7899064074840352,-0.040745120248040556,0.9449139833450317,2.0726722423728146,1.8897290751333398,1.3657708168029785,0.9449139833450317,1.0987931489944458,-0.012409737602601112,-0.024879780857533618,0.6195322492400673
1776515117.6010528,0.7885503227359031,-0.06331120796964404,0.7899064074840352,-0.04609165705044904,0.9449139833450317,2.0726722423728146,1.8897290751333398,1.3657708168029785,0.9449139833450317,1.0987931489944458,-0.011708977727082875,-0.023729371465858407,0.6037976998324714
1776515117.6499343,0.792367307959831,-0.050028225569764356,0.7904051136023349,-0.03661608419680477,0.9449139833450317,2.0726722423728146,1.8897290751333398,1.3657708168029785,0.9449139833450317,1.0987931489944458,-0.011122806647130584,-0.022741775587373336,0.5879969621926013
1776515117.7079341,0.790377624388192,-0.026776172553296337,0.7908293555604586,-0.035299933386310996,0.9449139833450317,2.0726722423728146,1.8897290751333398,1.3657708168029785,0.9449139833450317,1.0987931489944458,-0.010823806236774883,-0.02222617866220089,0.5722021446590434
1776515117.7569866,0.790377624388192,-0.026776172553296337,0.7910490708029165,-0.03699093792980109,0.9663794040679932,2.0687651612160938,1.8778467184629728,1.3828151226043701,0.9663794040679932,1.0900148153305054,-0.010823806236774883,-0.02222617866220089,0.5722021446590434
1776515117.8019207,0.7910254282586074,-0.027010312309715033,0.7910490708029165,-0.039820056108872466,0.9663794040679932,2.0687651612160938,1.8778467184629728,1.3828151226043701,0.9663794040679932,1.0900148153305054,-0.010570429290897826,-0.021774310808643893,0.5564032055364506
1776515117.8499818,0.791268086848229,-0.030367329669103073,0.7914523364270898,-0.033936233431563725,0.9663794040679932,2.0687651612160938,1.8778467184629728,1.3828151226043701,0.9663794040679932,1.0900148153305054,-0.010292611249817535,-0.0212640197784153,0.5405972762384429
1776515117.8994029,0.7914919647527888,-0.030226369764877928,0.7914523364270898,-0.03763665863833393,0.9623239040374756,2.0675280025775074,1.8729848861613478,1.354629635810852,0.9623239040374756,1.0854437351226807,-0.010019080618245482,-0.020748592469456373,0.524787252311273
1776515117.9559295,0.7922230132763037,-0.029258031831994734,0.7916655857927544,-0.033709883725861575,0.9623239040374756,2.0675280025775074,1.8729848861613478,1.354629635810852,0.9623239040374756,1.0854437351226807,-0.009764050164220911,-0.020254732723944624,0.508964038582619
1776515118.0026176,0.7922230132763037,-0.029258031831994734,0.7918681341959118,-0.033604506162353144,0.9623239040374756,2.0675280025775074,1.8729848861613478,1.354629635810852,0.9623239040374756,1.0854437351226807,-0.009764050164220911,-0.020254732723944624,0.508964038582619
1776515118.050046,0.7926240220411728,-0.02696063316585326,0.7920520474845194,-0.030028515950767207,0.9736670255661011,2.066103174276202,1.8682623461945143,1.353026032447815,0.9736670255661011,1.0853692293167114,-0.009536969301418619,-0.019802272326868486,0.49313169542588525
1776515118.099554,0.7923540103785255,-0.030416068951210084,0.7922451046392092,-0.030883988466358675,0.9736670255661011,2.066103174276202,1.8682623461945143,1.353026032447815,0.9736670255661011,1.0853692293167114,-0.009303121431548836,-0.01932324557157372,0.4772959722729614
1776515118.1504655,0.7901858707982015,-0.05134570220866931,0.7922451046392092,-0.033392481232977875,0.9736670255661011,2.066103174276202,1.8682623461945143,1.353026032447815,0.9736670255661011,1.0853692293167114,-0.008970254523563828,-0.01861703465460174,0.4614922114045146
1776515118.2003286,0.7917649357257747,-0.05419088656487884,0.7925267261567734,-0.02819440773360799,0.964747965335846,2.0644635627051398,1.8634697362172354,1.333701252937317,0.964747965335846,1.0698050260543823,-0.008551871710992462,-0.017685582662649857,0.4456910093439105
1776515118.2517772,0.7940999014495929,-0.04061487539659376,0.792892965183288,-0.025046070378617842,0.964747965335846,2.0644635627051398,1.8634697362172354,1.333701252937317,0.964747965335846,1.0698050260543823,-0.008184394308984808,-0.01684542569098424,0.42984368711644055
1776515118.2992768,0.7940999014495929,-0.04061487539659376,0.7932208134406603,-0.023854822243819605,0.964747965335846,2.0644635627051398,1.8634697362172354,1.333701252937317,0.964747965335846,1.0698050260543823,-0.008184394308984808,-0.01684542569098424,0.42984368711644055
1776515118.3512397,0.7929937788440844,-0.02040351011290922,0.7933438436117772,-0.02577832880652118,0.9866015315055847,2.060369544124074,1.8519112464334961,1.3314837217330933,0.9866015315055847,1.0718761682510376,-0.008051361579088673,-0.016525761679615947,0.41400298788703155
1776515118.4101074,0.7932887000112543,-0.019337838940384204,0.7933438436117772,-0.027371677554798038,0.9866015315055847,2.060369544124074,1.8519112464334961,1.3314837217330933,0.9866015315055847,1.0718761682510376,-0.007940893766313212,-0.01624530474324981,0.39815688228091756
1776515118.4501328,0.7934693641798559,-0.023470508156883754,0.7934502094427791,-0.025088726786987352,0.9866015315055847,2.060369544124074,1.8519112464334961,1.3314837217330933,0.9866015315055847,1.0718761682510376,-0.007813198561918144,-0.015908288233170698,0.38230642810783666
1776515118.4991124,0.7934693641798559,-0.023470508156883754,0.7935767532571089,-0.024548910893346265,0.9909185171127319,2.058003147314479,1.845426803455443,1.316264033317566,0.9909185171127319,1.0622060298919678,-0.007813198561918144,-0.015908288233170698,0.38230642810783666
1776515118.559931,0.7935843474362883,-0.02245052415942261,0.7936984303220673,-0.023814786968526677,0.9909185171127319,2.058003147314479,1.845426803455443,1.316264033317566,0.9909185171127319,1.0622060298919678,-0.0076959713120369755,-0.015579231811783778,0.36645051010144103
1776515118.6019487,0.7937332200076326,-0.02183172496383816,0.7936984303220673,-0.025519537737420956,0.9909185171127319,2.058003147314479,1.845426803455443,1.316264033317566,0.9909185171127319,1.0622060298919678,-0.007582351210045121,-0.015246002796027724,0.3505910310577473
1776515118.6503015,0.7939654358001095,-0.02529679591629163,0.7938203667121809,-0.023337746046929928,0.9909185171127319,2.058003147314479,1.845426803455443,1.316264033317566,0.9909185171127319,1.0622060298919678,-0.007456076609291193,-0.014868114135248689,0.33472553168592345
1776515118.7002041,0.7939654358001095,-0.02529679591629163,0.0,0.0,0.9855389595031738,2.0560783922506856,1.8399202866870161,1.3227647542953491,0.9855389595031738,1.0537409782409668,-0.007456076609291193,-0.014868114135248689,0.33472553168592345
1776515118.7499716,0.7938788758130852,-0.025624857779233536,0.0,0.0,0.9855389595031738,2.0560783922506856,1.8399202866870161,1.3227647542953491,0.9855389595031738,1.0537409782409668,-0.007335407847780653,-0.014485610284133088,0.3188593035475738
1776515118.8052793,0.7553601322340205,-0.05078780091506909,0.0,0.0,0.9855389595031738,2.0560783922506856,1.8399202866870161,1.3227647542953491,0.9855389595031738,1.0537409782409668,-0.007295838577029867,-0.014296629790409021,0.3034043056638735
1776515118.8499467,0.7553601322340205,-0.05078780091506909,0.0,0.0,0.9855389595031738,2.0560783922506856,1.8399202866870161,1.3227647542953491,0.9855389595031738,1.0537409782409668,-0.007295838577029867,-0.014296629790409021,0.3034043056638735
1776515118.9024005,0.7553601322340205,-0.05078780091506909,0.0,0.0,0.9855389595031738,2.0560783922506856,1.8399202866870161,1.3227647542953491,0.9855389595031738,1.0537409782409668,-0.007295838577029867,-0.014296629790409021,0.3034043056638735
1776515118.9499447,0.7369915510238948,-0.1300039594672705,0.0,0.0,0.9986650943756104,2.054318946120256,1.8344756913112137,1.2970848083496094,0.9986650943756104,1.0437840223312378,-0.0068576019628677765,-0.012847262722005315,0.2887288363900323
1776515119.0037177,0.7369915510238948,-0.1300039594672705,0.0,0.0,0.9986650943756104,2.054318946120256,1.8344756913112137,1.2970848083496094,0.9986650943756104,1.0437840223312378,-0.0068576019628677765,-0.012847262722005315,0.2887288363900323
1776515119.0519114,0.7152746661200617,-0.17299610249606479,0.0,0.0,0.9986650943756104,2.054318946120256,1.8344756913112137,1.2970848083496094,0.9986650943756104,1.0437840223312378,-0.0059840811869121616,-0.009756097363132987,0.27425439009686275
1776515119.099933,0.7152746661200617,-0.17299610249606479,0.0,0.0,0.9986650943756104,2.054318946120256,1.8344756913112137,1.2970848083496094,0.9986650943756104,1.0437840223312378,-0.0059840811869121616,-0.009756097363132987,0.27425439009686275
1776515119.1604636,0.6964801155509363,-0.08319014724137573,0.0,0.0,0.9986650943756104,2.054318946120256,1.8344756913112137,1.2970848083496094,0.9986650943756104,1.0437840223312378,-0.005447154618186435,-0.007768666917345346,0.2603389104312001
1776515119.2007272,0.6964801155509363,-0.08319014724137573,0.0,0.0,1.0074106454849243,2.0506159282193814,1.824253436376037,1.3055540323257446,1.0074106454849243,1.0368013381958008,-0.005447154618186435,-0.007768666917345346,0.2603389104312001
1776515119.253508,0.6770362924849251,-0.08567775776828274,0.0,0.0,1.0074106454849243,2.0506159282193814,1.824253436376037,1.3055540323257446,1.0074106454849243,1.0368013381958008,-0.005116137161216568,-0.006464793689958892,0.24676170168869058
1776515119.3002667,0.6577255850063464,-0.08411476104218475,0.0,0.0,1.0074106454849243,2.0506159282193814,1.824253436376037,1.3055540323257446,1.0074106454849243,1.0368013381958008,-0.004737957838954428,-0.004893603981569239,0.23358150707601916
1776515119.349125,0.6379204738694744,-0.08427894490318033,0.0,0.0,1.0076147317886353,2.0485062334517656,1.8171086951997129,1.2817299365997314,1.0076147317886353,1.0403767824172974,-0.004365847123956421,-0.0032578275349677277,0.22079359069153567
1776515119.4073782,0.6379204738694744,-0.08427894490318033,0.0,0.0,1.0076147317886353,2.0485062334517656,1.8171086951997129,1.2817299365997314,1.0076147317886353,1.0403767824172974,-0.004365847123956421,-0.0032578275349677277,0.22079359069153567
1776515119.4570086,0.6180376356838694,-0.08349631639952185,0.0,0.0,1.0076147317886353,2.0485062334517656,1.8171086951997129,1.2817299365997314,1.0076147317886353,1.0403767824172974,-0.004018669269531254,-0.001635378783394259,0.2083968193960065
1776515119.499947,0.5978902104485694,-0.07937686799441963,0.0,0.0,1.0076147317886353,2.0485062334517656,1.8171086951997129,1.2817299365997314,1.0076147317886353,1.0403767824172974,-0.0036882499028313767,-9.083379888252807e-07,0.19636545949936382
1776515119.55053,0.5784440175934514,-0.08644236536736882,0.0,0.0,1.0245449542999268,2.047049733028712,1.8119086711582544,1.279031753540039,1.0261203050613403,1.0245449542999268,-0.0036882499028313767,-9.083379888252807e-07,0.19636545949936382
1776515119.600727,0.5784440175934514,-0.08644236536736882,0.0,0.0,1.0245449542999268,2.047049733028712,1.8119086711582544,1.279031753540039,1.0261203050613403,1.0245449542999268,-0.0033749155707677933,0.0016439899574840489,0.18469288835460468
1776515119.6569326,0.5784440175934514,-0.08644236536736882,0.0,0.0,1.0245449542999268,2.047049733028712,1.8119086711582544,1.279031753540039,1.0261203050613403,1.0245449542999268,-0.0033749155707677933,0.0016439899574840489,0.18469288835460468
1776515119.700651,0.5666419357457312,-0.013634513948817768,0.0,0.0,1.0245449542999268,2.047049733028712,1.8119086711582544,1.279031753540039,1.0261203050613403,1.0245449542999268,-0.0032274564313405987,0.0024690130935760557,0.17335446681126568
1776515119.7499602,0.5666419357457312,-0.013634513948817768,0.0,0.0,1.0245449542999268,2.047049733028712,1.8119086711582544,1.279031753540039,1.0261203050613403,1.0245449542999268,-0.0032274564313405987,0.0024690130935760557,0.17335446681126568
1776515119.829034,0.5666419357457312,-0.013634513948817768,0.0,0.0,1.0245449542999268,2.047049733028712,1.8119086711582544,1.279031753540039,1.0261203050613403,1.0245449542999268,-0.0032274564313405987,0.0024690130935760557,0.17335446681126568
1776515119.8494496,0.5501298957198056,0.01507961756688896,0.0,0.0,1.0232800245285034,2.0455671080166713,1.8094585145569244,1.2623924016952515,1.0289727449417114,1.0232800245285034,-0.00325433964553902,0.0023011576679996537,0.162235571948387
1776515119.9020917,0.5410222606255662,0.09986391685584464,0.0,0.0,1.0232800245285034,2.0455671080166713,1.8094585145569244,1.2623924016952515,1.0289727449417114,1.0232800245285034,-0.003460401407323954,0.0009043694832899796,0.15132119084107049
1776515119.9524565,0.5055333514841924,0.0276085014851068,0.0,0.0,1.0232800245285034,2.0455671080166713,1.8094585145569244,1.2623924016952515,1.0289727449417114,1.0232800245285034,-0.0036114520727628663,1.0443286616368397e-05,0.141034279616712
1776515120.0147114,0.4609422513203275,0.06470881258747255,0.0,0.0,1.0229188203811646,2.0451229190958746,1.8082539679161522,1.2613786458969116,1.0272047519683838,1.0229188203811646,-0.0036284244221413825,-0.0003405631142641141,0.13161967291567214
1776515120.049934,0.4609422513203275,0.06470881258747255,0.0,0.0,1.0229188203811646,2.0451229190958746,1.8082539679161522,1.2613786458969116,1.0272047519683838,1.0229188203811646,-0.0036284244221413825,-0.0003405631142641141,0.13161967291567214
1776515120.1002505,0.42898104883525723,0.09027235969728509,0.0,0.0,1.0229188203811646,2.0451229190958746,1.8082539679161522,1.2613786458969116,1.0272047519683838,1.0229188203811646,-0.0039803344081757765,-0.0031480833367183436,0.12275968047455181
1776515120.1616888,0.4171380051224948,0.09325778134570337,0.0,0.0,1.0154860019683838,2.0422707405716705,1.803293009415094,1.2677559852600098,1.0383045673370361,1.0154860019683838,-0.004232631750447146,-0.0050550501131434444,0.11431207722431912
1776515120.200651,0.4060858158599027,0.08946248116930608,0.0,0.0,1.0154860019683838,2.0422707405716705,1.803293009415094,1.2677559852600098,1.0383045673370361,1.0154860019683838,-0.004508232073180428,-0.006887042677750532,0.1060828708463238
1776515120.2498703,0.3843728532298755,0.07536770262449129,0.0,0.0,1.0154860019683838,2.0422707405716705,1.803293009415094,1.2677559852600098,1.0383045673370361,1.0154860019683838,-0.004773719270759699,-0.00859304112973902,0.09816622886913773
1776515120.3019044,0.36249243953531385,0.08467435944310617,0.0,0.0,1.0149186849594116,2.039539189166652,1.798713759787842,1.2615619897842407,1.0393316745758057,1.0149186849594116,-0.005056787963113131,-0.010294394985772115,0.09068083252232181
1776515120.3547678,0.36249243953531385,0.08467435944310617,0.0,0.0,1.0149186849594116,2.039539189166652,1.798713759787842,1.2615619897842407,1.0393316745758057,1.0149186849594116,-0.005056787963113131,-0.010294394985772115,0.09068083252232181
1776515120.3998513,0.3348581431100019,0.07362231465447629,0.0,0.0,1.0149186849594116,2.039539189166652,1.798713759787842,1.2615619897842407,1.0393316745758057,1.0149186849594116,-0.005327722273386605,-0.011776035075968139,0.08373457166229965
1776515120.4501915,0.30867287609231925,0.07411319749643365,0.0,0.0,1.0149186849594116,2.039539189166652,1.798713759787842,1.2615619897842407,1.0393316745758057,1.0149186849594116,-0.005609533797881441,-0.013331849418835251,0.0773938249281335
1776515120.5075307,0.30867287609231925,0.07411319749643365,0.0,0.0,1.0071583986282349,2.0384155368496155,1.7968329341233367,1.2781180143356323,1.0388920307159424,1.0071583986282349,-0.005609533797881441,-0.013331849418835251,0.0773938249281335
1776515120.5501585,0.27635883493341373,0.10044717540340678,0.0,0.0,1.0071583986282349,2.0384155368496155,1.7968329341233367,1.2781180143356323,1.0388920307159424,1.0071583986282349,-0.005865326333824602,-0.015143556517903,0.07164119414024624
1776515120.6040561,0.21449860189479245,0.01264632062918333,0.0,0.0,1.0071583986282349,2.0384155368496155,1.7968329341233367,1.2781180143356323,1.0388920307159424,1.0071583986282349,-0.006184637185072282,-0.016202676172304642,0.06679455422322372
1776515120.6580386,0.1623261317905546,0.018861375633730623,0.0,0.0,1.009519338607788,2.035998343208341,1.7898149035115722,1.262893557548523,1.040700912475586,1.009519338607788,-0.006184637185072282,-0.016202676172304642,0.06679455422322372
1776515120.7010608,0.10818544360515295,0.24028201794418222,0.0,0.0,1.009519338607788,2.035998343208341,1.7898149035115722,1.262893557548523,1.040700912475586,1.009519338607788,-0.0069335064376452715,-0.01732049258572399,0.06048814536484444
1776515120.7529268,0.031034514154580466,0.17470824924464481,0.0,0.0,1.0094832181930542,2.035984426047601,1.7932123883825288,1.2728458642959595,1.0415812730789185,1.0094832181930542,-0.007159735966641552,-0.021666810817924098,0.05905392006227505
1776515120.8029203,-0.005503506313874898,-0.05512667702809072,0.0,0.0,1.0094832181930542,2.035984426047601,1.7932123883825288,1.2728458642959595,1.0415812730789185,1.0094832181930542,-0.0072186634760721125,-0.021028717277177478,0.05886758718449811
1776515120.851602,-0.005503506313874898,-0.05512667702809072,0.0,0.0,1.0094832181930542,2.035984426047601,1.7932123883825288,1.2728458642959595,1.0415812730789185,1.0094832181930542,-0.0072186634760721125,-0.021028717277177478,0.05886758718449811
1776515120.9019032,0.016803232819167114,-0.17362687678287067,0.0,0.0,1.0094832181930542,2.035984426047601,1.7932123883825288,1.2728458642959595,1.0415812730789185,1.0094832181930542,-0.007177485659326292,-0.018657791183628092,0.05866020265862253
1776515120.9540753,0.031734547792987323,-0.25812949133054786,0.0,0.0,1.0080419778823853,2.0354100373141972,1.7894605056586235,1.2445958852767944,1.0341781377792358,1.0080419778823853,-0.007058965399195151,-0.014024751305926841,0.05812008095529462
1776515120.9996974,0.061767767179954976,-0.3448075882269999,0.0,0.0,1.0080419778823853,2.0354100373141972,1.7894605056586235,1.2445958852767944,1.0341781377792358,1.0080419778823853,-0.006842384259212374,-0.007728663726215501,0.0571843467864732
1776515121.0500033,0.07326351511762456,-0.42489319627567246,0.0,0.0,1.0080419778823853,2.0354100373141972,1.7894605056586235,1.2445958852767944,1.0341781377792358,1.0080419778823853,-0.006504393481987621,0.00048526741238585913,0.05582423322633406
1776515121.09993,0.07326351511762456,-0.42489319627567246,0.0,0.0,1.0049570798873901,2.0376173119981678,1.789467079277661,1.2491780519485474,1.04618239402771,1.0049570798873901,-0.006504393481987621,0.00048526741238585913,0.05582423322633406
1776515121.1498964,0.04900286086253235,-0.38977734646950235,0.0,0.0,1.0049570798873901,2.0376173119981678,1.789467079277661,1.2491780519485474,1.04618239402771,1.0049570798873901,-0.006165669509237906,0.008154143386589041,0.05468508724113616
1776515121.2344143,0.05310626625973974,-0.3759300888581271,0.0,0.0,1.0049570798873901,2.0376173119981678,1.789467079277661,1.2491780519485474,1.04618239402771,1.0049570798873901,-0.005804781267617534,0.015648459554513217,0.05372402086440609
1776515121.2639344,0.05310626625973974,-0.3759300888581271,0.0,0.0,1.0049570798873901,2.0376173119981678,1.789467079277661,1.2491780519485474,1.04618239402771,1.0049570798873901,-0.005804781267617534,0.015648459554513217,0.05372402086440609
1776515121.3017294,0.05310626625973974,-0.3759300888581271,0.0,0.0,1.0049570798873901,2.0376173119981678,1.789467079277661,1.2491780519485474,1.04618239402771,1.0049570798873901,-0.005804781267617534,0.015648459554513217,0.05372402086440609
1776515121.3493803,0.04532878640436708,-0.2962637202047132,0.0,0.0,1.005205512046814,2.039872770393259,1.7917205108261858,1.2224864959716797,1.0454269647598267,1.005205512046814,-0.00547801737270729,0.021960686446552025,0.05291084370786547
1776515121.4005318,0.02881024512878622,-0.21603507426273494,0.0,0.0,1.005205512046814,2.039872770393259,1.7917205108261858,1.2224864959716797,1.0454269647598267,1.005205512046814,-0.00524639399650423,0.02674734087942232,0.05232828024734965
1776515121.450843,0.019000665282016452,-0.19575848255006065,0.0,0.0,1.005205512046814,2.039872770393259,1.7917205108261858,1.2224864959716797,1.0454269647598267,1.005205512046814,-0.00524639399650423,0.02674734087942232,0.05232828024734965
1776515121.5092716,0.019000665282016452,-0.19575848255006065,0.0,0.0,1.0038074254989624,2.0396847938851668,1.7869552404388853,1.2096890211105347,1.0470691919326782,1.0038074254989624,-0.005065156323521204,0.030519564728065163,0.0519679426799244
1776515121.5491986,-0.01203318566758854,-0.10862933477420798,0.0,0.0,1.0038074254989624,2.0396847938851668,1.7869552404388853,1.2096890211105347,1.0470691919326782,1.0038074254989624,-0.00480666823181501,0.03576031136989721,0.052135817890523864
1776515121.6049147,-0.01203318566758854,-0.10862933477420798,0.0,0.0,1.0038074254989624,2.0396847938851668,1.7869552404388853,1.2096890211105347,1.0470691919326782,1.0038074254989624,-0.00480666823181501,0.03576031136989721,0.052135817890523864
1776515121.6496477,-0.016391908669496916,-0.08823872687534927,0.0,0.0,1.0046570301055908,2.0409893942143937,1.789044035039336,1.2030032873153687,1.0521154403686523,1.0046570301055908,-0.004706637204703773,0.03758293841639304,0.05247052477766757
1776515121.7019293,-1.6819286813668636e-05,-0.022895113258700417,0.0,0.0,1.0046570301055908,2.0409893942143937,1.789044035039336,1.2030032873153687,1.0521154403686523,1.0046570301055908,-0.004666449319544484,0.03815350431537112,0.05258348044467518
1776515121.7502446,0.00011333492062237777,0.0021655260044506144,0.0,0.0,0.9972226023674011,2.0416529017615166,1.7909144124708196,1.209486484527588,1.051988124847412,0.9972226023674011,-0.004667946949832332,0.03807746299694825,0.052600302214000964
1776515121.8001072,-7.292754314396249e-05,0.0016216272259319273,0.0,0.0,0.9972226023674011,2.0416529017615166,1.7909144124708196,1.209486484527588,1.051988124847412,0.9972226023674011,-0.0046682410345704525,0.038034889268570904,0.052601430557084064
1776515121.850033,-7.292754314396249e-05,0.0016216272259319273,0.0,0.0,0.9972226023674011,2.0416529017615166,1.7909144124708196,1.209486484527588,1.051988124847412,0.9972226023674011,-0.0046682410345704525,0.038034889268570904,0.052601430557084064
1776515121.899987,-1.896775088695157e-05,0.0009604437618939212,0.0,0.0,0.9972226023674011,2.0416529017615166,1.7909144124708196,1.209486484527588,1.051988124847412,0.9972226023674011,-0.004668386963981513,0.03801001455825803,0.05260219373831062
1776515121.949575,-1.6850181607052195e-06,0.0005826427782948867,0.0,0.0,0.9972226023674011,2.0416529017615166,1.7909144124708196,1.209486484527588,1.051988124847412,0.9972226023674011,-0.004668475728703608,0.037995152385865705,0.05260236327638911
1776515122.016236,-1.6850181607052195e-06,0.0005826427782948867,0.0,0.0,0.9941667318344116,2.042269518593745,1.7902859237097857,1.2097983360290527,1.0454009771347046,0.9941667318344116,-0.004668475728703608,0.037995152385865705,0.05260236327638911
1776515122.067079,3.047666551848758e-06,0.0003686747532293211,0.0,0.0,0.9941667318344116,2.042269518593745,1.7902859237097857,1.2097983360290527,1.0454009771347046,0.9941667318344116,-0.004668475728703608,0.037995152385865705,0.05260236327638911
1776515122.1030445,3.047666551848758e-06,0.0003686747532293211,0.0,0.0,0.9941667318344116,2.042269518593745,1.7902859237097857,1.2097983360290527,1.0454009771347046,0.9941667318344116,-0.004668555352850826,0.03798600108950545,0.05260238304166404
1776515122.1857607,1.490610279682648e-06,0.0002426090134394385,0.0,0.0,0.9941667318344116,2.042269518593745,1.7902859237097857,1.2097983360290527,1.0454009771347046,0.9941667318344116,-0.004668647110206807,0.03798014484850443,0.05260238724576881
1776515122.2042027,2.1844792900238754e-06,0.00016275836772340193,0.0,0.0,1.0025352239608765,2.0420944506541985,1.7906539395966714,1.2199229001998901,1.0525425672531128,1.0025352239608765,-0.004668761730719652,0.03797624584273507,0.05260239751077046
1776515122.2502456,5.657941161915856e-06,9.294653883913832e-05,0.0,0.0,1.0025352239608765,2.0420944506541985,1.7906539395966714,1.2199229001998901,1.0525425672531128,1.0025352239608765,-0.004668926925148009,0.03797380080231871,0.05260238213616725
1776515122.3019536,4.526798235911795e-05,0.0009619032265747153,0.0,0.0,1.005609393119812,2.0419836966226104,1.7904145113172634,1.206104040145874,1.040960669517517,1.005609393119812,-0.0019101199339507553,0.037969825801178025,0.062035963559236684
1776515122.3519244,-0.0002003440406419193,-0.0007915124514715183,0.0,0.0,1.005609393119812,2.0419836966226104,1.7904145113172634,1.206104040145874,1.040960669517517,1.005609393119812,-0.0019090199951074943,0.03795996661649603,0.06203714814828469
1776515122.40537,5.43503167427248e-05,0.00031983429102775855,0.0,0.0,1.005609393119812,2.0419836966226104,1.7904145113172634,1.206104040145874,1.040960669517517,1.005609393119812,-0.0019091433216905304,0.03795663230345614,0.06203719130857325
1776515122.449871,5.43503167427248e-05,0.00031983429102775855,0.0,0.0,1.0016213655471802,2.041824124567383,1.790626937694697,1.202934741973877,1.0472943782806396,1.0016213655471802,-0.0019091433216905304,0.03795663230345614,0.06203719130857325
1776515122.5075214,1.6575529857815196e-05,0.00013979729695262136,0.0,0.0,1.0016213655471802,2.041824124567383,1.790626937694697,1.202934741973877,1.0472943782806396,1.0016213655471802,-0.0019089539967008726,0.03795371123946234,0.06203679997709587
1776515122.5539289,9.142572018230395e-06,9.167775966726216e-05,0.0,0.0,1.0016213655471802,2.041824124567383,1.790626937694697,1.202934741973877,1.0472943782806396,1.0016213655471802,-0.0019087684115846396,0.03795198148731638,0.06203661248204146
1776515122.5999956,5.966323339612314e-06,0.000108442406523033,0.0,0.0,1.0016213655471802,2.041824124567383,1.790626937694697,1.202934741973877,1.0472943782806396,1.0016213655471802,-0.0019086043898900347,0.03795082126612126,0.06203652374265085
1776515122.650574,4.4697861103407e-06,8.10378148610633e-05,0.0,0.0,1.006533145904541,2.042166923837018,1.7906388195694003,1.1948542594909668,1.0491456985473633,1.006533145904541,-0.0019086043898900347,0.03795082126612126,0.06203652374265085
1776515122.7000656,3.5702516155313623e-06,9.79747305475338e-05,0.0,0.0,1.006533145904541,2.042166923837018,1.7906388195694003,1.1948542594909668,1.0491456985473633,1.006533145904541,-0.0019082946701810925,0.03794906666002351,0.062036469314137886
1776515122.9270978,3.5702516155313623e-06,9.79747305475338e-05,0.0,0.0,1.0049577951431274,2.0417803865577424,1.7905203408790626,1.1995786428451538,1.0489399433135986,1.0049577951431274,-0.0019082946701810925,0.03794906666002351,0.062036469314137886
1776515122.9555976,3.5702516155313623e-06,9.79747305475338e-05,0.0,0.0,1.0049577951431274,2.0417803865577424,1.7905203408790626,1.1995786428451538,1.0489399433135986,1.0049577951431274,-0.0019082946701810925,0.03794906666002351,0.062036469314137886
1776515123.0022054,3.64503168229514e-06,9.275440998433866e-05,0.0,0.0,1.0049577951431274,2.0417803865577424,1.7905203408790626,1.1995786428451538,1.0489399433135986,1.0049577951431274,-0.0019080202097998857,0.03794768447690666,0.062036437743416786
1776515123.0667334,-1.7766188485002678e-07,1.0664706692492673e-05,0.0,0.0,1.0049577951431274,2.0417803865577424,1.7905203408790626,1.1995786428451538,1.0489399433135986,1.0049577951431274,-0.0019078835856333465,0.03794745834767843,0.062036487536087995
1776515123.1191688,-7.355024316459042e-05,-0.00024255701235639633,0.0,0.0,1.0042051076889038,2.0417759541997635,1.7907831118035276,1.2100569009780884,1.0505034923553467,1.0042051076889038,-0.0019078835856333465,0.03794745834767843,0.062036487536087995
1776515123.1500144,-4.2578118813385425e-06,6.490297106366905e-05,0.0,0.0,1.0042051076889038,2.0417759541997635,1.7907831118035276,1.2100569009780884,1.0505034923553467,1.0042051076889038,-0.0019073402546908556,0.03794815032856169,0.06203778618325084
1776515123.2002165,-9.001233417879404e-07,7.113925412697417e-05,0.0,0.0,1.003395915031433,2.041990809700866,1.7905455855076453,1.2015243768692017,1.045640468597412,1.003395915031433,-0.0019072517481875453,0.03794789262021547,0.062037890158601
1776515123.249233,-9.001233417879404e-07,7.113925412697417e-05,0.0,0.0,1.003395915031433,2.041990809700866,1.7905455855076453,1.2015243768692017,1.045640468597412,1.003395915031433,-0.0019072517481875453,0.03794789262021547,0.062037890158601
1776515123.29994,2.5279752657923926e-07,8.473309090557378e-05,0.0,0.0,1.003395915031433,2.041990809700866,1.7905455855076453,1.2015243768692017,1.045640468597412,1.003395915031433,-0.0019071564993684634,0.03794752904664733,0.06203795485861335
1776515123.3500197,7.571044705463318e-07,9.407325807373197e-05,0.0,0.0,0.9992309808731079,2.0417382721543644,1.7904153753877088,1.1977829933166504,1.0492467880249023,0.9992309808731079,-0.0019070644516931828,0.03794713118923232,0.06203800404551579
1776515123.4007416,8.635891389015133e-07,0.00010024996890214807,0.0,0.0,0.9992309808731079,2.0417382721543644,1.7904153753877088,1.1977829933166504,1.0492467880249023,0.9992309808731079,-0.0019069825236825051,0.03794671891915247,0.062038053424969715
1776515123.4501567,8.635891389015133e-07,0.00010024996890214807,0.0,0.0,0.9992309808731079,2.0417382721543644,1.7904153753877088,1.1977829933166504,1.0492467880249023,0.9992309808731079,-0.0019069825236825051,0.03794671891915247,0.062038053424969715
1776515123.499857,3.356004839295556e-05,-1.3497852412112082e-05,0.0,0.0,0.9992309808731079,2.0417382721543644,1.7904153753877088,1.1977829933166504,1.0492467880249023,0.9992309808731079,-0.001906775843914188,0.037946492455172454,0.06203789468104575
1776515123.5529387,1.3251348229564755e-06,0.0002645624483488111,0.0,0.0,1.0017640590667725,2.0418054133405517,1.7907605172798569,1.2157163619995117,1.0468566417694092,1.0017640590667725,-0.0019050341075273168,0.03793489507944381,0.06203757224904688
1776515123.5999377,-4.825294552177715e-07,8.488590951684752e-05,0.0,0.0,1.0017640590667725,2.0418054133405517,1.7907605172798569,1.2157163619995117,1.0468566417694092,1.0017640590667725,-0.0019047985152355097,0.03793203291175429,0.06203759763703813
1776515123.6500344,-1.2635575705385892e-06,3.5374720294622244e-05,0.0,0.0,1.0017640590667725,2.0418054133405517,1.7907605172798569,1.2157163619995117,1.0468566417694092,1.0017640590667725,-0.001904677398043203,0.0379310096518215,0.062037657200934175
1776515123.7009947,-1.2635575705385892e-06,3.5374720294622244e-05,0.0,0.0,1.0040829181671143,2.0418147251189143,1.7906736336109028,1.211196780204773,1.042718768119812,1.0040829181671143,-0.001904677398043203,0.0379310096518215,0.062037657200934175
1776515123.7501953,-1.2562322769706207e-06,1.6886180407663554e-05,0.0,0.0,1.0040829181671143,2.0418147251189143,1.7906736336109028,1.211196780204773,1.042718768119812,1.0040829181671143,-0.001904591018735021,0.037930574455399935,0.06203772689229745
1776515123.8081052,-1.0992803225164982e-06,1.1167057818000769e-05,0.0,0.0,1.0040829181671143,2.0418147251189143,1.7906736336109028,1.211196780204773,1.042718768119812,1.0040829181671143,-0.0019045211496605714,0.03793037712555325,0.06203779141782851
1776515123.8520827,-1.0992803225164982e-06,1.1167057818000769e-05,0.0,0.0,1.0040829181671143,2.0418147251189143,1.7906736336109028,1.211196780204773,1.042718768119812,1.0040829181671143,-0.0019045211496605714,0.03793037712555325,0.06203779141782851
1776515123.9252098,-1.0992803225164982e-06,1.1167057818000769e-05,0.0,0.0,1.0040829181671143,2.0418147251189143,1.7906736336109028,1.211196780204773,1.042718768119812,1.0040829181671143,-0.0019045211496605714,0.03793037712555325,0.06203779141782851
1776515123.954586,-1.0992803225164982e-06,1.1167057818000769e-05,0.0,0.0,1.0040829181671143,2.0418147251189143,1.7906736336109028,1.211196780204773,1.042718768119812,1.0040829181671143,-0.0019045211496605714,0.03793037712555325,0.06203779141782851
1776515124.0048697,-1.0992803225164982e-06,1.1167057818000769e-05,0.0,0.0,1.0047317743301392,2.0422224010393424,1.7907422292257338,1.2071477174758911,1.0506782531738281,1.0047317743301392,-0.0019045211496605714,0.03793037712555325,0.06203779141782851
1776515124.069925,-9.697061275604816e-07,9.488674426072274e-06,0.0,0.0,1.0047317743301392,2.0422224010393424,1.7907422292257338,1.2071477174758911,1.0506782531738281,1.0047317743301392,-0.001904457440991776,0.037930232210241055,0.0620378539411085
1776515124.1058807,-9.697061275604816e-07,9.488674426072274e-06,0.0,0.0,1.0047317743301392,2.0422224010393424,1.7907422292257338,1.2071477174758911,1.0506782531738281,1.0047317743301392,-0.001904457440991776,0.037930232210241055,0.0620378539411085
1776515124.1529179,-7.787829396295311e-07,8.685924463716596e-06,0.0,0.0,1.0047317743301392,2.0422224010393424,1.7907422292257338,1.2071477174758911,1.0506782531738281,1.0047317743301392,-0.0019043985092984453,0.03793010533838981,0.06203791302845058
1776515124.2115545,-5.748451666615538e-07,8.206256346706473e-06,0.0,0.0,1.0047317743301392,2.0422224010393424,1.7907422292257338,1.2071477174758911,1.0506782531738281,1.0047317743301392,-0.0019043435047800504,0.03792998594233277,0.06203796788231719
1776515124.25413,-5.748451666615538e-07,8.206256346706473e-06,0.0,0.0,1.0030015707015991,2.0419233285311083,1.7906662680039416,1.2003748416900635,1.0410271883010864,1.0030015707015991,-0.0019043435047800504,0.03792998594233277,0.06203796788231719
1776515124.3014448,-5.977917288392993e-07,6.500930657078773e-06,0.0,0.0,1.0030015707015991,2.0419233285311083,1.7906662680039416,1.2003748416900635,1.0410271883010864,1.0030015707015991,-0.0019042920159693978,0.03792987189536756,0.06203801872335723
1776515124.3541384,-1.9381057190586666e-06,-4.347609215778019e-06,0.0,0.0,0.9952946305274963,2.041716366261933,1.7907510312698718,1.2157847881317139,1.0440880060195923,0.9952946305274963,-0.0019042640606161745,0.03792997138991838,0.06203809084196915
1776515124.4049716,-1.378899580453479e-07,4.2339124789421005e-06,0.0,0.0,0.9952946305274963,2.041716366261933,1.7907510312698718,1.2157847881317139,1.0440880060195923,0.9952946305274963,-0.001904251138373541,0.03793029961076,0.0620382043961751
1776515124.450053,-1.378899580453479e-07,4.2339124789421005e-06,0.0,0.0,0.9952946305274963,2.041716366261933,1.7907510312698718,1.2157847881317139,1.0440880060195923,0.9952946305274963,-0.001904251138373541,0.03793029961076,0.0620382043961751
1776515124.5001736,3.221437272356923e-07,6.547151900897913e-06,0.0,0.0,0.9854562878608704,2.0417289841406663,1.7904801284683602,1.207228660583496,1.0507633686065674,0.9854562878608704,-0.0019042462535330713,0.037930412106711664,0.062038241723199807
1776515124.5510306,6.526099054097254e-07,8.214783669778076e-06,0.0,0.0,0.9854562878608704,2.0417289841406663,1.7904801284683602,1.207228660583496,1.0507633686065674,0.9854562878608704,-0.0019042411300192116,0.037930498704538795,0.062038271879309166
1776515124.601038,6.526099054097254e-07,8.214783669778076e-06,0.0,0.0,0.9854562878608704,2.0417289841406663,1.7904801284683602,1.207228660583496,1.0507633686065674,0.9854562878608704,-0.0019042411300192116,0.037930498704538795,0.062038271879309166
1776515124.6513233,8.751810236208019e-07,9.205261417971936e-06,0.0,0.0,0.9854562878608704,2.0417289841406663,1.7904801284683602,1.207228660583496,1.0507633686065674,0.9854562878608704,-0.0019042355637104227,0.03793056404550299,0.06203829695464742
1776515124.699692,8.751810236208019e-07,9.205261417971936e-06,0.0,0.0,0.9988595247268677,2.0410770890229726,1.7906009725843213,1.2054089307785034,1.0378119945526123,0.9988595247268677,-0.0019042355637104227,0.03793056404550299,0.06203829695464742
1776515124.751062,1.089115213192571e-06,1.01207313849658e-05,0.0,0.0,0.9988595247268677,2.0410770890229726,1.7906009725843213,1.2054089307785034,1.0378119945526123,0.9988595247268677,-0.0019042294500539077,0.037930611795736535,0.06203831830937008
1776515124.8070211,1.2075691383443182e-06,1.0423680859220806e-05,0.0,0.0,0.9988595247268677,2.0410770890229726,1.7906009725843213,1.2054089307785034,1.0378119945526123,0.9988595247268677,-0.001904222668652037,0.037930644335611774,0.062038336768599815
1776515124.8501227,1.3535192197614373e-06,1.0683870271152544e-05,0.0,0.0,1.0008970499038696,2.042129987263216,1.7903546356864553,1.2115894556045532,1.0524003505706787,1.0008970499038696,-0.0019042149274592461,0.03793066129052303,0.06203835278164077
1776515124.9039023,2.701218243686936e-06,1.54441301053112e-05,0.0,0.0,1.0008970499038696,2.042129987263216,1.7903546356864553,1.2115894556045532,1.0524003505706787,1.0008970499038696,-0.0019042056091807293,0.03793066980172943,0.062038371138613935
1776515124.9498968,1.790572045690089e-06,1.1618369984180467e-05,0.0,0.0,1.0008970499038696,2.042129987263216,1.7903546356864553,1.2115894556045532,1.0524003505706787,1.0008970499038696,-0.0019041947638085907,0.0379306813297875,0.06203839393063322
1776515125.0053067,1.6125291218250341e-06,1.1001974568041619e-05,0.0,0.0,1.0010943412780762,2.0416981349048737,1.7901710125092019,1.2087873220443726,1.0485401153564453,1.0010943412780762,-0.001904184148736953,0.03793067704625752,0.062038412542993256
1776515125.0510466,1.6125291218250341e-06,1.1001974568041619e-05,0.0,0.0,1.0010943412780762,2.0416981349048737,1.7901710125092019,1.2087873220443726,1.0485401153564453,1.0010943412780762,-0.001904184148736953,0.03793067704625752,0.062038412542993256
1776515125.099918,1.7568221864316531e-06,1.1280796358114462e-05,0.0,0.0,1.0010943412780762,2.0416981349048737,1.7901710125092019,1.2087873220443726,1.0485401153564453,1.0010943412780762,-0.0019041740564115159,0.03793065482681213,0.06203842621260055
1776515125.152005,1.8272350693110615e-06,1.1285399086493402e-05,0.0,0.0,1.0010943412780762,2.0416981349048737,1.7901710125092019,1.2087873220443726,1.0485401153564453,1.0010943412780762,-0.0019041641964332896,0.03793062872181885,0.06203843793058112
1776515125.200238,1.8683140904455762e-06,1.1210607181684576e-05,0.0,0.0,1.0090423822402954,2.041520320520039,1.7908707730230853,1.2172871828079224,1.0370527505874634,1.0090423822402954,-0.0019041546600912264,0.03793060175876839,0.06203844863078837
1776515125.2539098,1.8977319496436595e-06,1.1129933225344461e-05,0.0,0.0,1.0090423822402954,2.041520320520039,1.7908707730230853,1.2172871828079224,1.0370527505874634,1.0090423822402954,-0.0019041455126028138,0.03793057533749389,0.06203845872727308
1776515125.301918,1.9187334300238223e-06,1.0993708968240978e-05,0.0,0.0,1.0021562576293945,2.0418050947506927,1.7900109715234243,1.2102515697479248,1.0399469137191772,1.0021562576293945,-0.0019041368042052899,0.03793055015126967,0.062038468408443105
1776515125.355936,1.9187334300238223e-06,1.0993708968240978e-05,0.0,0.0,1.0021562576293945,2.0418050947506927,1.7900109715234243,1.2102515697479248,1.0399469137191772,1.0021562576293945,-0.0019041368042052899,0.03793055015126967,0.062038468408443105
1776515125.399986,1.9364758330836097e-06,1.0865875802777028e-05,0.0,0.0,1.0021562576293945,2.0418050947506927,1.7900109715234243,1.2102515697479248,1.0399469137191772,1.0021562576293945,-0.0019041285232969558,0.037930526329124525,0.0620384777552353
1776515125.4519455,1.9524136907846143e-06,1.0742142915279757e-05,0.0,0.0,1.0021562576293945,2.0418050947506927,1.7900109715234243,1.2102515697479248,1.0399469137191772,1.0021562576293945,-0.0019041206653384532,0.03793050400641862,0.06203848681926341
1776515125.499848,1.9671368409020664e-06,1.0624233080410274e-05,0.0,0.0,1.0033233165740967,2.0423402156573993,1.7902671787840032,1.22050142288208,1.054818034172058,1.0033233165740967,-0.0019041132421324936,0.0379304833512224,0.0620384956375143
1776515125.549899,1.9671368409020664e-06,1.0624233080410274e-05,0.0,0.0,1.0033233165740967,2.0423402156573993,1.7902671787840032,1.22050142288208,1.054818034172058,1.0033233165740967,-0.0019041132421324936,0.0379304833512224,0.0620384956375143
1776515125.6000683,1.9808527151189777e-06,1.0511681525398975e-05,0.0,0.0,1.0033233165740967,2.0423402156573993,1.7902671787840032,1.22050142288208,1.054818034172058,1.0033233165740967,-0.0019041062675799018,0.03793046452359006,0.06203850423918193
1776515125.6501486,1.9934639109883488e-06,1.0401425472003379e-05,0.0,0.0,1.005789875984192,2.0420646945378165,1.7903202960713973,1.2026516199111938,1.0358850955963135,1.005789875984192,-0.0019040997587467592,0.0379304476879434,0.062038512649571206
1776515125.7056336,2.004826338012404e-06,1.0289736064298955e-05,0.0,0.0,1.005789875984192,2.0420646945378165,1.7903202960713973,1.2026516199111938,1.0358850955963135,1.005789875984192,-0.0019040937368140984,0.0379304330304544,0.06203852089252605
1776515125.7500272,2.0149344932989794e-06,1.0173931375275138e-05,0.0,0.0,1.005789875984192,2.0420646945378165,1.7903202960713973,1.2026516199111938,1.0358850955963135,1.005789875984192,-0.00190408822898357,0.03793042077672215,0.06203852899213046
1776515125.8029792,2.0149344932989794e-06,1.0173931375275138e-05,0.0,0.0,1.0038255453109741,2.0415091043705194,1.7902771598514466,1.2158726453781128,1.0486068725585938,1.0038255453109741,-0.00190408822898357,0.03793042077672215,0.06203852899213046
1776515125.8520877,2.023788040199805e-06,1.005255897353999e-05,0.0,0.0,1.0038255453109741,2.0415091043705194,1.7902771598514466,1.2158726453781128,1.0486068725585938,1.0038255453109741,-0.001904083272031211,0.03793041120962792,0.062038536973988694
1776515125.9014122,2.031479680487078e-06,9.924552699134917e-06,0.0,0.0,1.0038255453109741,2.0415091043705194,1.7902771598514466,1.2158726453781128,1.0486068725585938,1.0038255453109741,-0.0019040789135905262,0.03793040468316722,0.062038544865733236
1776515125.9499466,2.0381218207640567e-06,9.787878418168196e-06,0.0,0.0,0.9993839263916016,2.0415108684695067,1.7906398466774485,1.2024924755096436,1.0493634939193726,0.9993839263916016,-0.0019040752148473672,0.037930401641721456,0.0620385526977147
