timestamp_sec,pose_x,pose_y,pose_yaw,odom_linear_x,odom_angular_z,cmd_linear_x,cmd_angular_z,imu_ax,imu_ay,imu_az,imu_gx,imu_gy,imu_gz,scan_count,scan_min,scan_max,scan_mean,scan_std,scan_front_min,scan_left_min,scan_right_min,traj_nearest_idx,traj_target_idx,traj_cross_track_error,traj_heading_error,traj_goal_distance
1776509762.3469489,nan,nan,nan,nan,nan,nan,nan,nan,nan,nan,nan,nan,nan,0.0,nan,nan,nan,nan,nan,nan,nan,nan,nan,nan,nan,nan
1776509762.4759412,nan,nan,nan,2.387084023732958e-06,-2.6629598119214945e-06,nan,nan,nan,nan,nan,nan,nan,nan,1081.0,0.950272798538208,8.400411605834961,2.04482643511646,1.7973728723459776,1.1126224994659424,1.087302327156067,0.950272798538208,nan,nan,nan,nan,nan
1776509762.5910106,nan,nan,nan,2.3870839016371377e-06,-2.662961943867429e-06,nan,nan,nan,nan,nan,nan,nan,nan,1081.0,0.950272798538208,8.400411605834961,2.04482643511646,1.7973728723459776,1.1126224994659424,1.087302327156067,0.950272798538208,nan,nan,nan,nan,nan
1776509762.7029219,nan,nan,nan,2.387084197839679e-06,-2.6629643100282406e-06,nan,nan,nan,nan,nan,nan,nan,nan,1081.0,0.9526432156562805,8.4020357131958,2.0440574168166443,1.7972804774766997,1.0997536182403564,1.0905978679656982,0.9526432156562805,nan,nan,nan,nan,nan
1776509762.8282394,nan,nan,nan,2.3870844716047037e-06,-2.6629647240785057e-06,nan,nan,nan,nan,nan,nan,nan,nan,1081.0,0.9526432156562805,8.4020357131958,2.0440574168166443,1.7972804774766997,1.0997536182403564,1.0905978679656982,0.9526432156562805,nan,nan,nan,nan,nan
1776509762.943827,nan,nan,nan,2.3870844128306765e-06,-2.662965075994604e-06,nan,nan,nan,nan,nan,nan,nan,nan,1081.0,0.9609507322311401,8.410378456115723,2.044759819950912,1.7968585414060432,1.1173806190490723,1.0954358577728271,0.9609507322311401,nan,nan,nan,nan,nan
1776509763.0490887,nan,nan,nan,2.3870842743352386e-06,-2.662965175615388e-06,nan,nan,nan,nan,nan,nan,nan,nan,1081.0,0.9609507322311401,8.410378456115723,2.044759819950912,1.7968585414060432,1.1173806190490723,1.0954358577728271,0.9609507322311401,nan,nan,nan,nan,nan
1776509763.1705303,nan,nan,nan,2.3870841751902824e-06,-2.6629686144227707e-06,nan,nan,nan,nan,nan,nan,nan,nan,1081.0,0.9595076441764832,8.390746116638184,2.0445709813534387,1.796521962101802,1.0992013216018677,1.084107518196106,0.9595076441764832,nan,nan,nan,nan,nan
1776509763.2776484,nan,nan,nan,2.3870845728119793e-06,-2.6629707571707105e-06,nan,nan,nan,nan,nan,nan,nan,nan,1081.0,0.9526119232177734,8.40285587310791,2.044888773524684,1.7966294639654663,1.1211581230163574,1.086986780166626,0.9526119232177734,nan,nan,nan,nan,nan
1776509763.4165812,nan,nan,nan,2.3870848513968817e-06,-2.662971768247253e-06,nan,nan,nan,nan,nan,nan,nan,nan,1081.0,0.9526119232177734,8.40285587310791,2.044888773524684,1.7966294639654663,1.1211581230163574,1.086986780166626,0.9526119232177734,nan,nan,nan,nan,nan
1776509763.5314987,nan,nan,nan,2.3870850156934357e-06,-2.6629707470370166e-06,nan,nan,nan,nan,nan,nan,nan,nan,1081.0,0.9532203078269958,8.407546997070312,2.0453396705319546,1.796658152405521,1.120402216911316,1.0910663604736328,0.9532203078269958,nan,nan,nan,nan,nan
1776509763.6566935,nan,nan,nan,2.3870857055123077e-06,-2.662971167652901e-06,nan,nan,nan,nan,nan,nan,nan,nan,1081.0,0.9558182954788208,8.397669792175293,2.0449456095585217,1.796621273498876,1.1067086458206177,1.0947781801223755,0.9558182954788208,nan,nan,nan,nan,nan
1776509763.7660778,nan,nan,nan,2.3870858329436598e-06,-2.6629750716465856e-06,nan,nan,nan,nan,nan,nan,nan,nan,1081.0,0.9575876593589783,8.4027738571167,2.0451620838137052,1.7970085459291516,1.100248098373413,1.0982880592346191,0.9575876593589783,nan,nan,nan,nan,nan
1776509763.8753011,nan,nan,nan,2.387086163068311e-06,-2.662976692108745e-06,nan,nan,nan,nan,nan,nan,nan,nan,1081.0,0.9575876593589783,8.4027738571167,2.0451620838137052,1.7970085459291516,1.100248098373413,1.0982880592346191,0.9575876593589783,nan,nan,nan,nan,nan
1776509764.0066917,nan,nan,nan,2.387086250057337e-06,-2.6629770978797487e-06,nan,nan,nan,nan,nan,nan,nan,nan,1081.0,0.9570586085319519,8.40541934967041,2.0445466482672394,1.7972974715463523,1.1142686605453491,1.0908972024917603,0.9570586085319519,nan,nan,nan,nan,nan
1776509764.1248872,nan,nan,nan,2.387087055338539e-06,-2.662980201428522e-06,nan,nan,nan,nan,nan,nan,nan,nan,1081.0,0.9570586085319519,8.40541934967041,2.0445466482672394,1.7972974715463523,1.1142686605453491,1.0908972024917603,0.9570586085319519,nan,nan,nan,nan,nan
1776509764.2396488,nan,nan,nan,2.387087789295612e-06,-2.6629822738389117e-06,nan,nan,nan,nan,nan,nan,nan,nan,1081.0,0.9619570374488831,8.398482322692871,2.044697623965257,1.7968128999378807,1.1019021272659302,1.0964950323104858,0.9619570374488831,nan,nan,nan,nan,nan
1776509764.347493,nan,nan,nan,2.387088317627376e-06,-2.6629834957807684e-06,nan,nan,nan,nan,nan,nan,nan,nan,1081.0,0.9506194591522217,8.399331092834473,2.045761902722686,1.796567994490924,1.1183741092681885,1.0982993841171265,0.9506194591522217,nan,nan,nan,nan,nan
1776509764.4602513,nan,nan,nan,2.387088342491107e-06,-2.6629852421893116e-06,nan,nan,nan,nan,nan,nan,nan,nan,1081.0,0.9583121538162231,8.39419174194336,2.0451637091292594,1.797030365234893,1.112587332725525,1.091170072555542,0.9583121538162231,nan,nan,nan,nan,nan
1776509764.5720408,nan,nan,nan,2.3870886318867176e-06,-2.6629870365649453e-06,nan,nan,nan,nan,nan,nan,nan,nan,1081.0,0.9583121538162231,8.39419174194336,2.0451637091292594,1.797030365234893,1.112587332725525,1.091170072555542,0.9583121538162231,nan,nan,nan,nan,nan
1776509764.7045627,nan,nan,nan,2.3870896341605782e-06,-2.6629908750226287e-06,nan,nan,nan,nan,nan,nan,nan,nan,1081.0,0.9601024985313416,8.401485443115234,2.0448656235989544,1.7970367858132517,1.1019504070281982,1.089496374130249,0.9601024985313416,nan,nan,nan,nan,nan
1776509764.8149798,nan,nan,nan,2.387089996213586e-06,-2.662991425929284e-06,nan,nan,nan,nan,nan,nan,nan,nan,1081.0,0.9574247002601624,8.396541595458984,2.0452211578613513,1.797085967566678,1.1171709299087524,1.0937576293945312,0.9574247002601624,nan,nan,nan,nan,nan
1776509764.9257321,nan,nan,nan,2.387090272537214e-06,-2.6629919873281817e-06,nan,nan,nan,nan,nan,nan,nan,nan,1081.0,0.9555078148841858,8.391441345214844,2.045346435411014,1.797001987863536,1.1092920303344727,1.091308355331421,0.9555078148841858,nan,nan,nan,nan,nan
1776509765.03643,nan,nan,nan,2.3870913899680316e-06,-2.6629992586273183e-06,nan,nan,nan,nan,nan,nan,nan,nan,1081.0,0.9604871273040771,8.40280818939209,2.0450451278664468,1.7967510258266557,1.1036808490753174,1.0904488563537598,0.9604871273040771,nan,nan,nan,nan,nan
1776509765.145198,nan,nan,nan,2.387091437498251e-06,-2.6629972326811554e-06,nan,nan,nan,nan,nan,nan,nan,nan,1081.0,0.9476022124290466,8.400553703308105,2.044548701291609,1.797696294242201,1.1134788990020752,1.092334508895874,0.9476022124290466,nan,nan,nan,nan,nan
1776509765.254377,nan,nan,nan,2.387091604475378e-06,-2.6629981299266554e-06,nan,nan,nan,nan,nan,nan,nan,nan,1081.0,0.9476022124290466,8.400553703308105,2.044548701291609,1.797696294242201,1.1134788990020752,1.092334508895874,0.9476022124290466,nan,nan,nan,nan,nan
1776509765.3693776,nan,nan,nan,2.3870926924339173e-06,-2.663003207070758e-06,nan,nan,nan,nan,nan,nan,nan,nan,1081.0,0.9587633013725281,8.399118423461914,2.0443557138579735,1.7973569604629895,1.1160321235656738,1.0861986875534058,0.9587633013725281,nan,nan,nan,nan,nan
1776509765.4783523,nan,nan,nan,2.387093281332912e-06,-2.663003878181384e-06,nan,nan,nan,nan,nan,nan,nan,nan,1081.0,0.9456387758255005,8.417070388793945,2.045377574123573,1.7964555063289347,1.1121176481246948,1.0960701704025269,0.9456387758255005,nan,nan,nan,nan,nan
1776509765.5921073,nan,nan,nan,2.387093873826977e-06,-2.6630094439356625e-06,nan,nan,nan,nan,nan,nan,nan,nan,1081.0,0.9508742094039917,8.40894889831543,2.044932069489517,1.797795840063634,1.1174769401550293,1.0884708166122437,0.9508742094039917,nan,nan,nan,nan,nan
1776509765.713087,nan,nan,nan,2.387094594954832e-06,-2.6630095809077955e-06,nan,nan,nan,nan,nan,nan,nan,nan,1081.0,0.9618074893951416,8.410415649414062,2.044308005605551,1.7969948989824385,1.1080424785614014,1.0881376266479492,0.9618074893951416,nan,nan,nan,nan,nan
1776509765.8322048,nan,nan,nan,2.3870950396850835e-06,-2.6630130201092685e-06,nan,nan,nan,nan,nan,nan,nan,nan,1081.0,0.9546537399291992,8.414030075073242,2.044491224438917,1.7968477582472753,1.104490876197815,1.0861022472381592,0.9546537399291992,nan,nan,nan,nan,nan
1776509765.9466727,nan,nan,nan,2.3870954883208935e-06,-2.6630143830557512e-06,nan,nan,nan,nan,nan,nan,nan,nan,1081.0,0.9593949913978577,8.405274391174316,2.045119259668433,1.7969261926553495,1.1216570138931274,1.0890625715255737,0.9593949913978577,nan,nan,nan,nan,nan
1776509766.0562212,nan,nan,nan,2.387096027825404e-06,-2.663016882599152e-06,nan,nan,nan,nan,nan,nan,nan,nan,1081.0,0.9612124562263489,8.395827293395996,2.045547153418203,1.7969900291915255,1.1129138469696045,1.0932745933532715,0.9612124562263489,nan,nan,nan,nan,nan
1776509766.1670105,nan,nan,nan,2.3870962377123295e-06,-2.6630193225446707e-06,nan,nan,nan,nan,nan,nan,nan,nan,1081.0,0.9612124562263489,8.395827293395996,2.045547153418203,1.7969900291915255,1.1129138469696045,1.0932745933532715,0.9612124562263489,nan,nan,nan,nan,nan
1776509766.2776315,nan,nan,nan,2.387096354933219e-06,-2.6630196305532023e-06,nan,nan,nan,nan,nan,nan,nan,nan,1081.0,0.9615986347198486,8.404268264770508,2.045353081742445,1.7970716809032956,1.1142468452453613,1.0918246507644653,0.9615986347198486,nan,nan,nan,nan,nan
1776509766.396748,nan,nan,nan,2.387096217137525e-06,-2.6630230881713633e-06,nan,nan,nan,nan,nan,nan,nan,nan,1081.0,0.9590077996253967,8.387075424194336,2.045018867636918,1.7968059238677498,1.1192015409469604,1.0951899290084839,0.9590077996253967,nan,nan,nan,nan,nan
1776509766.5113506,nan,nan,nan,2.387096958856133e-06,-2.663025900734918e-06,nan,nan,nan,nan,nan,nan,nan,nan,1081.0,0.960395872592926,8.395231246948242,2.0450107633350734,1.7968529531519362,1.1123799085617065,1.0828301906585693,0.960395872592926,nan,nan,nan,nan,nan
1776509766.623903,nan,nan,nan,2.387097395780072e-06,-2.66302653675553e-06,nan,nan,nan,nan,nan,nan,nan,nan,1081.0,0.960395872592926,8.395231246948242,2.0450107633350734,1.7968529531519362,1.1123799085617065,1.0828301906585693,0.960395872592926,nan,nan,nan,nan,nan
1776509766.739106,nan,nan,nan,2.387098451011042e-06,-2.6630288002906827e-06,nan,nan,nan,nan,nan,nan,nan,nan,1081.0,0.948183536529541,8.414444923400879,2.0452208125844913,1.7976956239054611,1.1103342771530151,1.09121572971344,0.948183536529541,nan,nan,nan,nan,nan
1776509766.8551135,nan,nan,nan,2.3870981916488716e-06,-2.6630296022324434e-06,nan,nan,nan,nan,nan,nan,nan,nan,1081.0,0.9664815664291382,8.408281326293945,2.045040781028176,1.7972843154444076,1.1131173372268677,1.0931422710418701,0.9664815664291382,nan,nan,nan,nan,nan
1776509766.961047,nan,nan,nan,2.387098762566565e-06,-2.663033341485528e-06,nan,nan,nan,nan,nan,nan,nan,nan,1081.0,0.9519942998886108,8.39462947845459,2.045453466605964,1.7970815290310684,1.0994840860366821,1.0965267419815063,0.9519942998886108,nan,nan,nan,nan,nan
1776509767.0828254,nan,nan,nan,2.3870991821131943e-06,-2.6630343929831795e-06,nan,nan,nan,nan,nan,nan,nan,nan,1081.0,0.9598862528800964,8.3909912109375,2.044791092263891,1.7968100725668683,1.1175888776779175,1.088569164276123,0.9598862528800964,nan,nan,nan,nan,nan
1776509767.1910224,nan,nan,nan,2.3870998412592583e-06,-2.6630366259218115e-06,nan,nan,nan,nan,nan,nan,nan,nan,1081.0,0.9598862528800964,8.3909912109375,2.044791092263891,1.7968100725668683,1.1175888776779175,1.088569164276123,0.9598862528800964,nan,nan,nan,nan,nan
1776509767.3074174,nan,nan,nan,2.3871003236866303e-06,-2.663041306568987e-06,nan,nan,nan,nan,nan,nan,nan,nan,1081.0,0.9561560153961182,8.407646179199219,2.0450791130454093,1.796550821426066,1.1133416891098022,1.092166543006897,0.9561560153961182,nan,nan,nan,nan,nan
1776509767.4207413,nan,nan,nan,2.387100411685829e-06,-2.663041225486323e-06,nan,nan,nan,nan,nan,nan,nan,nan,1081.0,0.9656010866165161,8.403849601745605,2.044897174416153,1.79729284840433,1.0956594944000244,1.0952054262161255,0.9656010866165161,nan,nan,nan,nan,nan
1776509767.527079,nan,nan,nan,2.387100444012588e-06,-2.663040752665633e-06,nan,nan,nan,nan,nan,nan,nan,nan,1081.0,0.9656010866165161,8.403849601745605,2.044897174416153,1.79729284840433,1.0956594944000244,1.0952054262161255,0.9656010866165161,nan,nan,nan,nan,nan
1776509767.64638,nan,nan,nan,2.387101172602392e-06,-2.6630455445099937e-06,nan,nan,nan,nan,nan,nan,nan,nan,1081.0,0.9642689228057861,8.408196449279785,2.0448700237009505,1.7970382386116344,1.1164475679397583,1.0971003770828247,0.9642689228057861,nan,nan,nan,nan,nan
1776509767.755559,nan,nan,nan,2.387101697988447e-06,-2.6630483376261086e-06,nan,nan,nan,nan,nan,nan,nan,nan,1081.0,0.9594135880470276,8.39426326751709,2.044938197299135,1.796702949539115,1.1066445112228394,1.0915168523788452,0.9594135880470276,nan,nan,nan,nan,nan
1776509767.8788042,nan,nan,nan,2.3871025416518484e-06,-2.6630490551616545e-06,nan,nan,nan,nan,nan,nan,nan,nan,1081.0,0.9594135880470276,8.39426326751709,2.044938197299135,1.796702949539115,1.1066445112228394,1.0915168523788452,0.9594135880470276,nan,nan,nan,nan,nan
1776509767.9990919,nan,nan,nan,2.387102878908802e-06,-2.663051263064464e-06,nan,nan,nan,nan,nan,nan,nan,nan,1081.0,0.9559187889099121,8.407621383666992,2.044811559815191,1.796975397071318,1.117899775505066,1.0910528898239136,0.9559187889099121,nan,nan,nan,nan,nan
1776509768.1107438,nan,nan,nan,2.387103139953336e-06,-2.6630521970658633e-06,nan,nan,nan,nan,nan,nan,nan,nan,1081.0,0.9596546292304993,8.395031929016113,2.0449442286164974,1.7973659229711898,1.1241875886917114,1.0944441556930542,0.9596546292304993,nan,nan,nan,nan,nan
1776509768.2209702,14.01607587849517,-0.4914222262939934,2.8341822303030275,2.387103846271374e-06,-2.663054758489435e-06,nan,nan,nan,nan,nan,nan,nan,nan,1081.0,0.9567749500274658,8.401546478271484,2.044546859282018,1.797010800741972,1.1216174364089966,1.0842512845993042,0.9567749500274658,255.0,255.0,0.010612950613217828,0.06593076969697265,0.01403637263625909
1776509768.2668135,14.016075868554623,-0.4914222239553015,2.834182229475134,2.3871065187349084e-06,-2.6630637141119077e-06,nan,nan,nan,nan,nan,nan,nan,nan,1081.0,0.9544413089752197,8.398563385009766,2.0448928141241045,1.797112347734508,1.1104750633239746,1.0959956645965576,0.9544413089752197,255.0,255.0,0.010612949841952733,0.06593077052486596,0.014036365383588361
1776509768.320252,14.016075855135217,-0.49142222079830294,2.8341822283558464,2.387106672553056e-06,-2.663068986284652e-06,nan,nan,nan,nan,nan,nan,nan,nan,1081.0,0.9610872864723206,8.398893356323242,2.0450511187673386,1.7968098808534139,1.1142768859863281,1.0930522680282593,0.9610872864723206,255.0,255.0,0.010612948800636311,0.06593077164415373,0.014036355592650122
1776509768.3667483,14.016075854638204,-0.4914222206813795,2.8341822283143516,2.387106797632943e-06,-2.663068693841788e-06,nan,nan,nan,nan,nan,nan,nan,nan,1081.0,0.9610872864723206,8.398893356323242,2.0450511187673386,1.7968098808534139,1.1142768859863281,1.0930522680282593,0.9610872864723206,255.0,255.0,0.010612948762067968,0.06593077168564854,0.014036355230024066
1776509768.4136333,14.016075854141192,-0.4914222205644568,2.8341822282728653,2.387106964622993e-06,-2.6630681314641564e-06,nan,nan,nan,nan,nan,nan,nan,nan,1081.0,0.9610872864723206,8.398893356323242,2.0450511187673386,1.7968098808534139,1.1142768859863281,1.0930522680282593,0.9610872864723206,255.0,255.0,0.010612948723498807,0.06593077172713491,0.014036354867397611
1776509768.4697978,14.016075853644185,-0.4914222204475344,2.8341822282313855,2.387107176397646e-06,-2.6630675561235084e-06,nan,nan,nan,nan,nan,nan,nan,nan,1081.0,0.9570009112358093,8.405303955078125,2.0454686604419536,1.7966902856411837,1.118435025215149,1.0861526727676392,0.9570009112358093,255.0,255.0,0.010612948684930878,0.06593077176861462,0.014036354504775535
1776509768.5169544,14.016075853147184,-0.4914222203306126,2.8341822281898907,2.3871073942196813e-06,-2.6630686967013927e-06,nan,nan,nan,nan,nan,nan,nan,nan,1081.0,0.9570009112358093,8.405303955078125,2.0454686604419536,1.7966902856411837,1.118435025215149,1.0861526727676392,0.9570009112358093,255.0,255.0,0.010612948646364171,0.06593077181010942,0.014036354142157724
1776509768.5736434,14.016075852650179,-0.4914222202136915,2.8341822281484044,2.387107680828467e-06,-2.663072479310879e-06,nan,nan,nan,nan,nan,nan,nan,nan,1081.0,0.9663975238800049,8.392165184020996,2.045040852156753,1.79678465976224,1.1122782230377197,1.0975801944732666,0.9663975238800049,255.0,255.0,0.010612948607795679,0.06593077185159579,0.014036353779536544
1776509768.6137648,14.016075852153175,-0.4914222200967692,2.834182228106923,2.3871079041527275e-06,-2.6630730712089095e-06,nan,nan,nan,nan,nan,nan,nan,nan,1081.0,0.9663975238800049,8.392165184020996,2.045040852156753,1.79678465976224,1.1122782230377197,1.0975801944732666,0.9663975238800049,255.0,255.0,0.010612948569228736,0.06593077189307728,0.014036353416917467
1776509768.6666343,14.01607585165617,-0.4914222199798474,2.834182228065435,2.3871083103238777e-06,-2.6630744064736075e-06,nan,nan,nan,nan,nan,nan,nan,nan,1081.0,0.9663975238800049,8.392165184020996,2.045040852156753,1.79678465976224,1.1122782230377197,1.0975801944732666,0.9663975238800049,255.0,255.0,0.010612948530660889,0.06593077193456498,0.014036353054296652
1776509768.7206404,14.016075851159167,-0.49142221986292706,2.834182228023941,2.387108465228135e-06,-2.663074048297146e-06,nan,nan,nan,nan,nan,nan,nan,nan,1081.0,0.9563125967979431,8.40653133392334,2.044858620466732,1.7969140727603012,1.108333706855774,1.0876965522766113,0.9563125967979431,255.0,255.0,0.010612948492092267,0.06593077197605934,0.014036352691676607
1776509768.7659967,14.016075850662165,-0.49142221974600814,2.8341822279824367,2.3871084213387386e-06,-2.663074945815748e-06,nan,nan,nan,nan,nan,nan,nan,nan,1081.0,0.9563125967979431,8.40653133392334,2.044858620466732,1.7969140727603012,1.108333706855774,1.0876965522766113,0.9563125967979431,255.0,255.0,0.010612948453522893,0.06593077201756348,0.014036352329057332
1776509768.8138227,14.016075850662165,-0.49142221974600814,2.8341822279824367,2.3871084213387386e-06,-2.663074945815748e-06,nan,nan,nan,nan,nan,nan,nan,nan,1081.0,0.9563125967979431,8.40653133392334,2.044858620466732,1.7969140727603012,1.108333706855774,1.0876965522766113,0.9563125967979431,255.0,255.0,0.010612948453522893,0.06593077201756348,0.014036352329057332
1776509768.8676362,14.016075850165164,-0.49142221962908855,2.834182227940935,2.3871088121936946e-06,-2.663076892802077e-06,nan,nan,nan,nan,nan,nan,nan,nan,1081.0,0.9563125967979431,8.40653133392334,2.044858620466732,1.7969140727603012,1.108333706855774,1.0876965522766113,0.9563125967979431,255.0,255.0,0.010612948414954134,0.06593077205906495,0.014036351966438416
1776509768.9166436,14.016075849668164,-0.491422219512168,2.8341822278994404,2.38710926317067e-06,-2.6630788399213224e-06,nan,nan,nan,nan,nan,nan,nan,nan,1081.0,0.9619445204734802,8.394554138183594,2.04491614457306,1.797168199856922,1.1202503442764282,1.0919092893600464,0.9619445204734802,255.0,255.0,0.010612948376386747,0.06593077210055975,0.014036351603821514
1776509768.9637704,14.016075849668164,-0.491422219512168,2.8341822278994404,2.38710926317067e-06,-2.6630788399213224e-06,nan,nan,nan,nan,nan,nan,nan,nan,1081.0,0.9619445204734802,8.394554138183594,2.04491614457306,1.797168199856922,1.1202503442764282,1.0919092893600464,0.9619445204734802,255.0,255.0,0.010612948376386747,0.06593077210055975,0.014036351603821514
1776509769.014618,14.01607584917116,-0.49142221939524794,2.834182227857944,2.3871093746192445e-06,-2.6630798315456325e-06,nan,nan,nan,nan,nan,nan,nan,nan,1081.0,0.9619445204734802,8.394554138183594,2.04491614457306,1.797168199856922,1.1202503442764282,1.0919092893600464,0.9619445204734802,255.0,255.0,0.01061294833781788,0.06593077214205634,0.014036351241201362
1776509769.0656896,14.016075848674161,-0.49142221927832874,2.8341822278164446,2.3871093092867577e-06,-2.6630793337722334e-06,nan,nan,nan,nan,nan,nan,nan,nan,1081.0,0.9619445204734802,8.394554138183594,2.04491614457306,1.797168199856922,1.1202503442764282,1.0919092893600464,0.9619445204734802,255.0,255.0,0.010612948299249265,0.06593077218355559,0.014036350878583783
1776509769.12066,14.016075848674161,-0.49142221927832874,2.8341822278164446,2.3871093092867577e-06,-2.6630793337722334e-06,nan,nan,nan,nan,nan,nan,nan,nan,1081.0,0.9516623020172119,8.385880470275879,2.0447557985396654,1.7973057562494366,1.1152973175048828,1.086527705192566,0.9516623020172119,255.0,255.0,0.010612948299249265,0.06593077218355559,0.014036350878583783
1776509769.1638856,14.01607584817716,-0.4914222191614109,2.8341822277749324,2.3871094225611852e-06,-2.6630802574069877e-06,nan,nan,nan,nan,nan,nan,nan,nan,1081.0,0.9516623020172119,8.385880470275879,2.0447557985396654,1.7973057562494366,1.1152973175048828,1.086527705192566,0.9516623020172119,255.0,255.0,0.010612948260678962,0.06593077222506771,0.014036350515964004
1776509769.2138097,14.01607584768016,-0.4914222190444932,2.8341822277334185,2.387109084066684e-06,-2.6630826485763006e-06,nan,nan,nan,nan,nan,nan,nan,nan,1081.0,0.9516623020172119,8.385880470275879,2.0447557985396654,1.7973057562494366,1.1152973175048828,1.086527705192566,0.9516623020172119,255.0,255.0,0.010612948222109052,0.06593077226658162,0.014036350153345657
1776509769.266593,14.016075847183156,-0.4914222189275756,2.834182227691908,2.387109288431561e-06,-2.6630846669405268e-06,nan,nan,nan,nan,nan,nan,nan,nan,1081.0,0.9591609239578247,8.401444435119629,2.0447188838558215,1.796999264735271,1.0992748737335205,1.097119927406311,0.9591609239578247,255.0,255.0,0.01061294818353793,0.06593077230809197,0.014036349790724236
1776509769.3137255,14.01607584668616,-0.49142221881065856,2.834182227650393,2.387109408025466e-06,-2.66308581199371e-06,nan,nan,nan,nan,nan,nan,nan,nan,1081.0,0.9591609239578247,8.401444435119629,2.0447188838558215,1.796999264735271,1.0992748737335205,1.097119927406311,0.9591609239578247,255.0,255.0,0.010612948144968474,0.0659307723496072,0.014036349428108592
1776509769.3656468,14.01607584668616,-0.49142221881065856,2.834182227650393,2.387109408025466e-06,-2.66308581199371e-06,nan,nan,nan,nan,nan,nan,nan,nan,1081.0,0.9591609239578247,8.401444435119629,2.0447188838558215,1.796999264735271,1.0992748737335205,1.097119927406311,0.9591609239578247,255.0,255.0,0.010612948144968474,0.0659307723496072,0.014036349428108592
1776509769.4167385,14.01607584618916,-0.4914222186937441,2.834182227608876,2.387109628189375e-06,-2.6630854113346586e-06,nan,nan,nan,nan,nan,nan,nan,nan,1081.0,0.9599847793579102,8.39430046081543,2.0454072491864603,1.7970854895865942,1.1114692687988281,1.0873161554336548,0.9599847793579102,255.0,255.0,0.010612948106395525,0.06593077239112421,0.014036349065488594
1776509769.4643598,14.016075845692164,-0.49142221857683005,2.83418222756734,2.3871099409271814e-06,-2.6630869460443196e-06,nan,nan,nan,nan,nan,nan,nan,nan,1081.0,0.9599847793579102,8.39430046081543,2.0454072491864603,1.7970854895865942,1.1114692687988281,1.0873161554336548,0.9599847793579102,255.0,255.0,0.010612948067823404,0.06593077243266032,0.0140363487028714
1776509769.5257401,14.016075845195166,-0.49142221845991624,2.8341822275257984,2.3871101858036246e-06,-2.6630894552148875e-06,nan,nan,nan,nan,nan,nan,nan,nan,1081.0,0.9599847793579102,8.39430046081543,2.0454072491864603,1.7970854895865942,1.1114692687988281,1.0873161554336548,0.9599847793579102,255.0,255.0,0.010612948029250582,0.06593077247420176,0.014036348340252587
1776509769.5642023,14.016075844698172,-0.4914222183430041,2.834182227484254,2.3871107869439775e-06,-2.6630908887948434e-06,nan,nan,nan,nan,nan,nan,nan,nan,1081.0,0.9589443206787109,8.403985977172852,2.044828026521879,1.796891475739055,1.1207431554794312,1.0922929048538208,0.9589443206787109,255.0,255.0,0.010612947990677276,0.0659307725157463,0.01403634797763594
1776509769.613751,14.016075844201177,-0.49142221822609294,2.834182227442716,2.3871110370838077e-06,-2.6630922233323535e-06,nan,nan,nan,nan,nan,nan,nan,nan,1081.0,0.9589443206787109,8.403985977172852,2.044828026521879,1.796891475739055,1.1207431554794312,1.0922929048538208,0.9589443206787109,255.0,255.0,0.010612947952102957,0.06593077255728419,0.014036347615018782
1776509769.6667392,14.01607584370418,-0.4914222181091817,2.834182227401167,2.3871110746740397e-06,-2.6630922786128386e-06,nan,nan,nan,nan,nan,nan,nan,nan,1081.0,0.9457959532737732,8.390506744384766,2.04447610680424,1.797009164398266,1.1170318126678467,1.094125509262085,0.9457959532737732,255.0,255.0,0.01061294791352777,0.06593077259883318,0.01403634725239866
1776509769.7158313,14.016075843207183,-0.49142221799226987,2.8341822273596105,2.3871112968776683e-06,-2.6630925208325787e-06,nan,nan,nan,nan,nan,nan,nan,nan,1081.0,0.9457959532737732,8.390506744384766,2.04447610680424,1.797009164398266,1.1170318126678467,1.094125509262085,0.9457959532737732,255.0,255.0,0.010612947874953718,0.06593077264038971,0.014036346889780352
1776509769.766656,14.01607584271019,-0.49142221787535895,2.8341822273180535,2.3871116727614284e-06,-2.6630935694218603e-06,nan,nan,nan,nan,nan,nan,nan,nan,1081.0,0.9457959532737732,8.390506744384766,2.04447610680424,1.797009164398266,1.1170318126678467,1.094125509262085,0.9457959532737732,255.0,255.0,0.0106129478363799,0.06593077268194669,0.01403634652716462
1776509769.8196447,14.016075842213194,-0.49142221775844747,2.834182227276505,2.3871117130514653e-06,-2.663096067059948e-06,nan,nan,nan,nan,nan,nan,nan,nan,1081.0,0.9511957168579102,8.408198356628418,2.0449665822329948,1.796952346364398,1.1139408349990845,1.0936827659606934,0.9511957168579102,255.0,255.0,0.010612947797805458,0.06593077272349523,0.014036346164546156
1776509769.863547,14.016075841716201,-0.4914222176415373,2.8341822272349564,2.3871121814330706e-06,-2.6630980334913866e-06,nan,nan,nan,nan,nan,nan,nan,nan,1081.0,0.9511957168579102,8.408198356628418,2.0449665822329948,1.796952346364398,1.1139408349990845,1.0936827659606934,0.9511957168579102,255.0,255.0,0.010612947759230822,0.06593077276504378,0.014036345801930035
1776509769.9176846,14.016075841219203,-0.49142221752462606,2.8341822271933896,2.387112237341325e-06,-2.6630961530987787e-06,nan,nan,nan,nan,nan,nan,nan,nan,1081.0,0.9511957168579102,8.408198356628418,2.0449665822329948,1.796952346364398,1.1139408349990845,1.0936827659606934,0.9511957168579102,255.0,255.0,0.010612947720655798,0.06593077280661053,0.014036345439309962
1776509769.9646244,14.016075841219203,-0.49142221752462606,2.8341822271933896,2.387112237341325e-06,-2.6630961530987787e-06,nan,nan,nan,nan,nan,nan,nan,nan,1081.0,0.9569085240364075,8.391456604003906,2.044236499219995,1.79739102691937,1.11477792263031,1.0928606986999512,0.9569085240364075,255.0,255.0,0.010612947720655798,0.06593077280661053,0.014036345439309962
1776509770.0156207,14.016075840722209,-0.4914222174077158,2.8341822271518278,2.3871128323466744e-06,-2.663096768718345e-06,nan,nan,nan,nan,nan,nan,nan,nan,1081.0,0.9569085240364075,8.391456604003906,2.044236499219995,1.79739102691937,1.11477792263031,1.0928606986999512,0.9569085240364075,255.0,255.0,0.010612947682080853,0.06593077284817239,0.014036345076692401
1776509770.0639284,14.01607584022522,-0.49142221729080643,2.8341822271102655,2.3871129053351465e-06,-2.663098069476061e-06,nan,nan,nan,nan,nan,nan,nan,nan,1081.0,0.9569085240364075,8.391456604003906,2.044236499219995,1.79739102691937,1.11477792263031,1.0928606986999512,0.9569085240364075,255.0,255.0,0.010612947643506676,0.0659307728897347,0.014036344714078932
1776509770.114657,14.016075839728229,-0.4914222171738977,2.834182227068705,2.3871128881443684e-06,-2.663100623808487e-06,nan,nan,nan,nan,nan,nan,nan,nan,1081.0,0.9537099003791809,8.40028190612793,2.0454238047211617,1.7970882841814473,1.1063873767852783,1.0824413299560547,0.9537099003791809,255.0,255.0,0.010612947604931313,0.06593077293129523,0.014036344351463606
1776509770.167632,14.016075839231235,-0.49142221705698863,2.8341822270271457,2.387113131025479e-06,-2.663102824950073e-06,nan,nan,nan,nan,nan,nan,nan,nan,1081.0,0.9537099003791809,8.40028190612793,2.0454238047211617,1.7970882841814473,1.1063873767852783,1.0824413299560547,0.9537099003791809,255.0,255.0,0.01061294756635523,0.06593077297285443,0.014036343988845467
1776509770.2140398,14.016075838734244,-0.49142221694007976,2.83418222698557,2.3871136651752514e-06,-2.6631031809779165e-06,nan,nan,nan,nan,nan,nan,nan,nan,1081.0,0.9591817855834961,8.39432144165039,2.0446544763228056,1.7966165665694072,1.1158133745193481,1.0848489999771118,0.9591817855834961,255.0,255.0,0.010612947527780164,0.06593077301443007,0.014036343626230248
1776509770.2636375,14.016075838237251,-0.4914222168231721,2.834182226943983,2.38711377564943e-06,-2.663101726604514e-06,nan,nan,nan,nan,nan,nan,nan,nan,1081.0,0.9591817855834961,8.39432144165039,2.0446544763228056,1.7966165665694072,1.1158133745193481,1.0848489999771118,0.9591817855834961,255.0,255.0,0.0106129474892035,0.06593077305601724,0.014036343263612885
1776509770.3150985,14.016075837740265,-0.4914222167062639,2.8341822269024273,2.3871140778823073e-06,-2.6631038321365064e-06,nan,nan,nan,nan,nan,nan,nan,nan,1081.0,0.9589012265205383,8.417724609375,2.0452520212677205,1.7967443278781168,1.1136939525604248,1.089409589767456,0.9589012265205383,255.0,255.0,0.010612947450629226,0.06593077309757289,0.014036342901001881
1776509770.364636,14.01607583724328,-0.4914222165893564,2.8341822268608747,2.387114356653753e-06,-2.6631050927053745e-06,nan,nan,nan,nan,nan,nan,nan,nan,1081.0,0.9589012265205383,8.417724609375,2.0452520212677205,1.7967443278781168,1.1136939525604248,1.089409589767456,0.9589012265205383,255.0,255.0,0.010612947412054236,0.06593077313912543,0.014036342538390508
1776509770.4147463,14.016075836746293,-0.4914222164724485,2.8341822268193173,2.3871146395922347e-06,-2.663109180074846e-06,nan,nan,nan,nan,nan,nan,nan,nan,1081.0,0.9589012265205383,8.417724609375,2.0452520212677205,1.7967443278781168,1.1136939525604248,1.089409589767456,0.9589012265205383,255.0,255.0,0.010612947373479177,0.06593077318068286,0.01403634217577786
1776509770.4649398,14.016075836249303,-0.4914222163555409,2.8341822267777377,2.38711479273857e-06,-2.6631073520620773e-06,nan,nan,nan,nan,nan,nan,nan,nan,1081.0,0.9592165946960449,8.394546508789062,2.044762142436798,1.7967387576843603,1.1182218790054321,1.0798754692077637,0.9592165946960449,255.0,255.0,0.010612947334903467,0.06593077322226248,0.014036341813163537
1776509770.5146458,14.016075835752313,-0.49142221623863375,2.834182226736159,2.387114742755452e-06,-2.6631070770102005e-06,nan,nan,nan,nan,nan,nan,nan,nan,1081.0,0.9592165946960449,8.394546508789062,2.044762142436798,1.7967387576843603,1.1182218790054321,1.0798754692077637,0.9592165946960449,255.0,255.0,0.010612947296326789,0.06593077326384122,0.014036341450547472
1776509770.564401,14.016075835255329,-0.4914222161217267,2.8341822266945784,2.387115441449476e-06,-2.663108079675941e-06,nan,nan,nan,nan,nan,nan,nan,nan,1081.0,0.9592165946960449,8.394546508789062,2.044762142436798,1.7967387576843603,1.1182218790054321,1.0798754692077637,0.9592165946960449,255.0,255.0,0.01061294725775217,0.06593077330542174,0.014036341087937419
1776509770.6186335,14.016075835255329,-0.4914222161217267,2.8341822266945784,2.387115441449476e-06,-2.663108079675941e-06,nan,nan,nan,nan,nan,nan,nan,nan,1081.0,0.9501916766166687,8.388834953308105,2.0449091200471257,1.7970865301904801,1.1179618835449219,1.089532732963562,0.9501916766166687,255.0,255.0,0.01061294725775217,0.06593077330542174,0.014036341087937419
1776509770.668745,14.016075834758345,-0.49142221600481956,2.8341822266529997,2.38711575038508e-06,-2.6631113807005167e-06,nan,nan,nan,nan,nan,nan,nan,nan,1081.0,0.9501916766166687,8.388834953308105,2.0449091200471257,1.7970865301904801,1.1179618835449219,1.089532732963562,0.9501916766166687,255.0,255.0,0.01061294721917764,0.06593077334700048,0.014036340725327431
1776509770.7138293,14.016075834261356,-0.49142221588791274,2.834182226611415,2.3871158227298053e-06,-2.663112632414245e-06,nan,nan,nan,nan,nan,nan,nan,nan,1081.0,0.9501916766166687,8.388834953308105,2.0449091200471257,1.7970865301904801,1.1179618835449219,1.089532732963562,0.9501916766166687,255.0,255.0,0.010612947180601235,0.065930773388585,0.01403634036271274
1776509770.76364,14.016075833764368,-0.4914222157710059,2.834182226569841,2.3871160673544358e-06,-2.663112396670886e-06,nan,nan,nan,nan,nan,nan,nan,nan,1081.0,0.9531468152999878,8.401702880859375,2.045309227170159,1.7972427989031188,1.1253132820129395,1.0974229574203491,0.9531468152999878,255.0,255.0,0.010612947142025271,0.0659307734301593,0.014036340000099566
1776509770.8136578,14.016075833764368,-0.4914222157710059,2.834182226569841,2.3871160673544358e-06,-2.663112396670886e-06,nan,nan,nan,nan,nan,nan,nan,nan,1081.0,0.9531468152999878,8.401702880859375,2.045309227170159,1.7972427989031188,1.1253132820129395,1.0974229574203491,0.9531468152999878,255.0,255.0,0.010612947142025271,0.0659307734301593,0.014036340000099566
1776509770.8646307,14.016075833267383,-0.49142221565409955,2.8341822265282723,2.3871160899625795e-06,-2.6631119200449707e-06,nan,nan,nan,nan,nan,nan,nan,nan,1081.0,0.9531468152999878,8.401702880859375,2.045309227170159,1.7972427989031188,1.1253132820129395,1.0974229574203491,0.9531468152999878,255.0,255.0,0.01061294710344937,0.06593077347172782,0.014036339637487688
1776509770.9166453,14.0160758327704,-0.4914222155371935,2.8341822264867056,2.387116547046641e-06,-2.663112957433515e-06,nan,nan,nan,nan,nan,nan,nan,nan,1081.0,0.9531468152999878,8.401702880859375,2.045309227170159,1.7972427989031188,1.1253132820129395,1.0974229574203491,0.9531468152999878,255.0,255.0,0.010612947064873672,0.06593077351329457,0.014036339274877156
1776509770.963753,14.0160758327704,-0.4914222155371935,2.8341822264867056,2.387116547046641e-06,-2.663112957433515e-06,nan,nan,nan,nan,nan,nan,nan,nan,1081.0,0.9531468152999878,8.401702880859375,2.045309227170159,1.7972427989031188,1.1253132820129395,1.0974229574203491,0.9531468152999878,255.0,255.0,0.010612947064873672,0.06593077351329457,0.014036339274877156
1776509771.0139983,14.016075832273417,-0.4914222154202869,2.8341822264451153,2.387116808593206e-06,-2.663116967292639e-06,nan,nan,nan,nan,nan,nan,nan,nan,1081.0,0.9568594694137573,8.410846710205078,2.04516705073878,1.7968989435619107,1.1145691871643066,1.0893335342407227,0.9568594694137573,255.0,255.0,0.010612947026299257,0.06593077355488486,0.014036338912268442
1776509771.0638113,14.016075831776435,-0.4914222153033814,2.834182226403527,2.3871170531739085e-06,-2.663117143154673e-06,nan,nan,nan,nan,nan,nan,nan,nan,1081.0,0.9568594694137573,8.410846710205078,2.04516705073878,1.7968989435619107,1.1145691871643066,1.0893335342407227,0.9568594694137573,255.0,255.0,0.010612946987723769,0.06593077359647337,0.014036338549659152
1776509771.113683,14.016075831279451,-0.4914222151864757,2.834182226361945,2.3871173886669312e-06,-2.663118016330006e-06,nan,nan,nan,nan,nan,nan,nan,nan,1081.0,0.9568594694137573,8.410846710205078,2.04516705073878,1.7968989435619107,1.1145691871643066,1.0893335342407227,0.9568594694137573,255.0,255.0,0.01061294694914789,0.06593077363805522,0.014036338187048478
1776509771.1640596,14.016075831279451,-0.4914222151864757,2.834182226361945,2.3871173886669312e-06,-2.663118016330006e-06,nan,nan,nan,nan,nan,nan,nan,nan,1081.0,0.9654738306999207,8.400439262390137,2.0450014596069224,1.7964972001715636,1.1153786182403564,1.0894927978515625,0.9654738306999207,255.0,255.0,0.01061294694914789,0.06593077363805522,0.014036338187048478
1776509771.2142322,14.016075830782475,-0.49142221506957107,2.834182226320365,2.3871176014010834e-06,-2.663117876692775e-06,nan,nan,nan,nan,nan,nan,nan,nan,1081.0,0.9654738306999207,8.400439262390137,2.0450014596069224,1.7964972001715636,1.1153786182403564,1.0894927978515625,0.9654738306999207,255.0,255.0,0.010612946910573143,0.06593077367963529,0.014036337824443317
1776509771.2708318,14.016075830285493,-0.49142221495266597,2.8341822262787804,2.3871178486551346e-06,-2.6631181750816984e-06,nan,nan,nan,nan,nan,nan,nan,nan,1081.0,0.9654738306999207,8.400439262390137,2.0450014596069224,1.7964972001715636,1.1153786182403564,1.0894927978515625,0.9654738306999207,255.0,255.0,0.010612946871997247,0.0659307737212198,0.014036337461833855
1776509771.3137531,14.016075830285493,-0.49142221495266597,2.8341822262787804,2.3871178486551346e-06,-2.6631181750816984e-06,nan,nan,nan,nan,nan,nan,nan,nan,1081.0,0.9654738306999207,8.400439262390137,2.0450014596069224,1.7964972001715636,1.1153786182403564,1.0894927978515625,0.9654738306999207,255.0,255.0,0.010612946871997247,0.0659307737212198,0.014036337461833855
1776509771.3636513,14.016075829788509,-0.4914222148357606,2.834182226237185,2.3871181189243296e-06,-2.6631224944344365e-06,nan,nan,nan,nan,nan,nan,nan,nan,1081.0,0.9547887444496155,8.399477005004883,2.0450535794301348,1.7967058936649545,1.1140966415405273,1.0892740488052368,0.9547887444496155,255.0,255.0,0.010612946833421174,0.06593077376281498,0.014036337099223029
1776509771.4260137,14.016075829291534,-0.4914222147188561,2.8341822261955945,2.38711833039944e-06,-2.6631233764671027e-06,nan,nan,nan,nan,nan,nan,nan,nan,1081.0,0.9547887444496155,8.399477005004883,2.0450535794301348,1.7967058936649545,1.1140966415405273,1.0892740488052368,0.9547887444496155,255.0,255.0,0.010612946794846902,0.0659307738044057,0.014036336736619326
1776509771.4676409,14.016075828794552,-0.4914222146019515,2.8341822261540113,2.387118679298572e-06,-2.663123800514689e-06,nan,nan,nan,nan,nan,nan,nan,nan,1081.0,0.9547887444496155,8.399477005004883,2.0450535794301348,1.7967058936649545,1.1140966415405273,1.0892740488052368,0.9547887444496155,255.0,255.0,0.010612946756270518,0.06593077384598889,0.01403633637400963
1776509771.5139546,14.016075828297575,-0.4914222144850476,2.834182226112399,2.387118975805123e-06,-2.6631243663618254e-06,nan,nan,nan,nan,nan,nan,nan,nan,1081.0,0.949365496635437,8.396228790283203,2.0447319170923612,1.7970471297327857,1.1173886060714722,1.095850944519043,0.949365496635437,255.0,255.0,0.010612946717695379,0.06593077388760138,0.014036336011404138
1776509771.5705864,14.016075827800597,-0.49142221436814376,2.8341822260708036,2.3871191810704503e-06,-2.663123875881226e-06,nan,nan,nan,nan,nan,nan,nan,nan,1081.0,0.949365496635437,8.396228790283203,2.0447319170923612,1.7970471297327857,1.1173886060714722,1.095850944519043,0.949365496635437,255.0,255.0,0.01061294667911944,0.06593077392919655,0.01403633564879708
1776509771.6166484,14.016075827303615,-0.4914222142512395,2.8341822260291885,2.387119368744675e-06,-2.66312764308089e-06,nan,nan,nan,nan,nan,nan,nan,nan,1081.0,0.9493753910064697,8.390192031860352,2.044605434381995,1.7967587527114057,1.102426528930664,1.1002569198608398,0.9493753910064697,255.0,255.0,0.01061294664054303,0.0659307739708117,0.014036335286187238
1776509771.6675775,14.016075827303615,-0.4914222142512395,2.8341822260291885,2.387119368744675e-06,-2.66312764308089e-06,nan,nan,nan,nan,nan,nan,nan,nan,1081.0,0.9493753910064697,8.390192031860352,2.044605434381995,1.7967587527114057,1.102426528930664,1.1002569198608398,0.9493753910064697,255.0,255.0,0.01061294664054303,0.0659307739708117,0.014036335286187238
1776509771.7156475,14.016075826806642,-0.49142221413433634,2.8341822259875853,2.38711984464635e-06,-2.663128920951158e-06,nan,nan,nan,nan,nan,nan,nan,nan,1081.0,0.9493753910064697,8.390192031860352,2.044605434381995,1.7967587527114057,1.102426528930664,1.1002569198608398,0.9493753910064697,255.0,255.0,0.010612946601968138,0.06593077401241487,0.014036334923584397
1776509771.7636337,14.016075826309667,-0.4914222140174333,2.834182225945991,2.3871199158322267e-06,-2.6631293817448394e-06,nan,nan,nan,nan,nan,nan,nan,nan,1081.0,0.9493753910064697,8.390192031860352,2.044605434381995,1.7967587527114057,1.102426528930664,1.1002569198608398,0.9493753910064697,255.0,255.0,0.010612946563392523,0.06593077405400916,0.014036334560979993
1776509771.813743,14.016075826309667,-0.4914222140174333,2.834182225945991,2.3871199158322267e-06,-2.6631293817448394e-06,nan,nan,nan,nan,nan,nan,nan,nan,1081.0,0.9544770121574402,8.415684700012207,2.045063031149837,1.796592026566667,1.112532377243042,1.092496633529663,0.9544770121574402,255.0,255.0,0.010612946563392523,0.06593077405400916,0.014036334560979993
1776509771.8636463,14.016075825812692,-0.4914222139005309,2.8341822259043936,2.387120021321448e-06,-2.6631301846714894e-06,nan,nan,nan,nan,nan,nan,nan,nan,1081.0,0.9544770121574402,8.415684700012207,2.045063031149837,1.796592026566667,1.112532377243042,1.092496633529663,0.9544770121574402,255.0,255.0,0.010612946524816303,0.06593077409560655,0.014036334198375251
1776509771.9227502,14.016075825315717,-0.49142221378362866,2.834182225862774,2.3871205106928052e-06,-2.6631309651721446e-06,nan,nan,nan,nan,nan,nan,nan,nan,1081.0,0.9544770121574402,8.415684700012207,2.045063031149837,1.796592026566667,1.112532377243042,1.092496633529663,0.9544770121574402,255.0,255.0,0.01061294648624018,0.06593077413722614,0.014036333835770456
1776509771.9659572,14.01607582481874,-0.4914222136667266,2.83418222582116,2.387120645346618e-06,-2.663131737410053e-06,nan,nan,nan,nan,nan,nan,nan,nan,1081.0,0.9547480344772339,8.39773941040039,2.044481681189418,1.7968987751497323,1.1036795377731323,1.0901875495910645,0.9547480344772339,255.0,255.0,0.010612946447663254,0.06593077417883997,0.014036333473164042
1776509772.0148008,14.016075824321767,-0.49142221354982446,2.834182225779554,2.387121051220069e-06,-2.6631332589712704e-06,nan,nan,nan,nan,nan,nan,nan,nan,1081.0,0.9547480344772339,8.39773941040039,2.044481681189418,1.7968987751497323,1.1036795377731323,1.0901875495910645,0.9547480344772339,255.0,255.0,0.010612946409087439,0.06593077422044624,0.014036333110560725
1776509772.0666308,14.016075823824796,-0.49142221343292297,2.834182225737946,2.387121146282065e-06,-2.663134649189622e-06,nan,nan,nan,nan,nan,nan,nan,nan,1081.0,0.9535544514656067,8.397348403930664,2.0453744174483526,1.7967886631187826,1.1127955913543701,1.0903033018112183,0.9535544514656067,255.0,255.0,0.010612946370511545,0.06593077426205429,0.014036332747958584
1776509772.1166303,14.016075823327819,-0.49142221331602315,2.8341822256963147,2.387121494214157e-06,-2.6631352153796596e-06,nan,nan,nan,nan,nan,nan,nan,nan,1081.0,0.9535544514656067,8.397348403930664,2.0453744174483526,1.7967886631187826,1.1127955913543701,1.0903033018112183,0.9535544514656067,255.0,255.0,0.010612946331932663,0.06593077430368544,0.014036332385351038
1776509772.163255,14.016075822830846,-0.49142221319912466,2.8341822256546685,2.387121611853893e-06,-2.663135115072067e-06,nan,nan,nan,nan,nan,nan,nan,nan,1081.0,0.9535544514656067,8.397348403930664,2.0453744174483526,1.7967886631187826,1.1127955913543701,1.0903033018112183,0.9535544514656067,255.0,255.0,0.010612946293353725,0.06593077434533168,0.014036332022745832
1776509772.2138476,14.016075822830846,-0.49142221319912466,2.8341822256546685,2.387121611853893e-06,-2.663135115072067e-06,nan,nan,nan,nan,nan,nan,nan,nan,1081.0,0.9535544514656067,8.397348403930664,2.0453744174483526,1.7967886631187826,1.1127955913543701,1.0903033018112183,0.9535544514656067,255.0,255.0,0.010612946293353725,0.06593077434533168,0.014036332022745832
1776509772.2636926,14.01607582233387,-0.4914222130822272,2.8341822256130422,2.3871217935108644e-06,-2.6631367966071897e-06,nan,nan,nan,nan,nan,nan,nan,nan,1081.0,0.9570258259773254,8.39515209197998,2.0453835167231986,1.7966360579805702,1.109742283821106,1.0903559923171997,0.9570258259773254,255.0,255.0,0.01061294625477252,0.06593077438695794,0.014036331660137055
1776509772.3137496,14.0160758218369,-0.4914222129653301,2.8341822255714053,2.387122058943053e-06,-2.663137737628874e-06,nan,nan,nan,nan,nan,nan,nan,nan,1081.0,0.9570258259773254,8.39515209197998,2.0453835167231986,1.7966360579805702,1.109742283821106,1.0903559923171997,0.9570258259773254,255.0,255.0,0.010612946216193249,0.06593077442859485,0.014036331297534173
1776509772.363639,14.0160758218369,-0.4914222129653301,2.8341822255714053,2.387122058943053e-06,-2.663137737628874e-06,nan,nan,nan,nan,nan,nan,nan,nan,1081.0,0.9570258259773254,8.39515209197998,2.0453835167231986,1.7966360579805702,1.109742283821106,1.0903559923171997,0.9570258259773254,255.0,255.0,0.010612946216193249,0.06593077442859485,0.014036331297534173
1776509772.4140105,14.01607582133993,-0.49142221284843296,2.8341822255297795,2.387122124806862e-06,-2.66313980396711e-06,nan,nan,nan,nan,nan,nan,nan,nan,1081.0,0.9635721445083618,8.403679847717285,2.0452945589137013,1.7972536698212471,1.1218801736831665,1.088593602180481,0.9635721445083618,255.0,255.0,0.010612946177613927,0.06593077447022067,0.014036330934931328
1776509772.471768,14.016075820345984,-0.49142221261463975,2.834182225446498,2.387122535457945e-06,-2.663140531060273e-06,nan,nan,nan,nan,nan,nan,nan,nan,1081.0,0.9635721445083618,8.403679847717285,2.0452945589137013,1.7972536698212471,1.1218801736831665,1.088593602180481,0.9635721445083618,255.0,255.0,0.01061294610045235,0.06593077455350205,0.014036330209719028
1776509772.5137515,14.016075820345984,-0.49142221261463975,2.834182225446498,2.387122535457945e-06,-2.663140531060273e-06,nan,nan,nan,nan,nan,nan,nan,nan,1081.0,0.9531891942024231,8.400239944458008,2.0449182916084556,1.7971366918564584,1.1180403232574463,1.0973210334777832,0.9531891942024231,255.0,255.0,0.01061294610045235,0.06593077455350205,0.014036330209719028
1776509772.5637422,14.016075819849014,-0.4914222124977438,2.834182225404855,2.3871218912813575e-06,-2.663141006982639e-06,nan,nan,nan,nan,nan,nan,nan,nan,1081.0,0.9531891942024231,8.400239944458008,2.0449182916084556,1.7971366918564584,1.1180403232574463,1.0973210334777832,0.9531891942024231,255.0,255.0,0.010612946061872023,0.06593077459514518,0.014036329847115574
1776509772.6137645,14.016075819352046,-0.4914222123808473,2.83418222536321,2.3871223553119685e-06,-2.6631454495821645e-06,nan,nan,nan,nan,nan,nan,nan,nan,1081.0,0.9531891942024231,8.400239944458008,2.0449182916084556,1.7971366918564584,1.1180403232574463,1.0973210334777832,0.9531891942024231,255.0,255.0,0.010612946023292779,0.06593077463679009,0.014036329484513931
1776509772.6637545,14.016075819352046,-0.4914222123808473,2.83418222536321,2.3871223553119685e-06,-2.6631454495821645e-06,nan,nan,nan,nan,nan,nan,nan,nan,1081.0,0.9531891942024231,8.400239944458008,2.0449182916084556,1.7971366918564584,1.1180403232574463,1.0973210334777832,0.9531891942024231,255.0,255.0,0.010612946023292779,0.06593077463679009,0.014036329484513931
1776509772.7136436,14.016075818855077,-0.49142221226395144,2.8341822253215545,2.3871221476841603e-06,-2.663144980634307e-06,nan,nan,nan,nan,nan,nan,nan,nan,1081.0,0.9531891942024231,8.400239944458008,2.0449182916084556,1.7971366918564584,1.1180403232574463,1.0973210334777832,0.9531891942024231,255.0,255.0,0.010612945984712512,0.06593077467844566,0.014036329121910466
1776509772.7637706,14.016075818358106,-0.49142221214705545,2.8341822252799,2.387122543492853e-06,-2.6631471705893276e-06,nan,nan,nan,nan,nan,nan,nan,nan,1081.0,0.9563726186752319,8.3917236328125,2.044487305144046,1.796307687078965,1.1180387735366821,1.096121072769165,0.9563726186752319,255.0,255.0,0.010612945946131807,0.06593077472010034,0.014036328759305553
1776509772.8176672,14.016075818358106,-0.49142221214705545,2.8341822252799,2.387122543492853e-06,-2.6631471705893276e-06,nan,nan,nan,nan,nan,nan,nan,nan,1081.0,0.9563726186752319,8.3917236328125,2.044487305144046,1.796307687078965,1.1180387735366821,1.096121072769165,0.9563726186752319,255.0,255.0,0.010612945946131807,0.06593077472010034,0.014036328759305553
1776509772.8647692,14.016075817861138,-0.4914222120301606,2.8341822252382403,2.387122913938835e-06,-2.663144789938612e-06,nan,nan,nan,nan,nan,nan,nan,nan,1081.0,0.9563726186752319,8.3917236328125,2.044487305144046,1.796307687078965,1.1180387735366821,1.096121072769165,0.9563726186752319,255.0,255.0,0.010612945907551111,0.0659307747617599,0.014036328396703069
1776509772.9146738,14.016075817364174,-0.491422211913265,2.8341822251965936,2.3871232811402967e-06,-2.663146837195848e-06,nan,nan,nan,nan,nan,nan,nan,nan,1081.0,0.9508655071258545,8.407197952270508,2.0444972278010947,1.7970984402014554,1.1101852655410767,1.090698003768921,0.9508655071258545,255.0,255.0,0.010612945868972112,0.06593077480340659,0.014036328034104028
1776509772.9661238,14.016075816867211,-0.49142221179636975,2.834182225154921,2.3871233702740933e-06,-2.6631516394048413e-06,nan,nan,nan,nan,nan,nan,nan,nan,1081.0,0.9508655071258545,8.407197952270508,2.0444972278010947,1.7970984402014554,1.1101852655410767,1.090698003768921,0.9508655071258545,255.0,255.0,0.010612945830393572,0.06593077484507903,0.014036327671506338
1776509773.0135388,14.016075816370245,-0.4914222116794748,2.834182225113254,2.387123804727571e-06,-2.6631528937836337e-06,nan,nan,nan,nan,nan,nan,nan,nan,1081.0,0.9591401815414429,8.401679992675781,2.044419580097004,1.79675460842187,1.1139742136001587,1.0925406217575073,0.9591401815414429,255.0,255.0,0.010612945791813587,0.06593077488674615,0.014036327308905453
1776509773.068631,14.016075815873283,-0.49142221156258065,2.834182225071592,2.3871237496461375e-06,-2.6631524543078743e-06,nan,nan,nan,nan,nan,nan,nan,nan,1081.0,0.9591401815414429,8.401679992675781,2.044419580097004,1.79675460842187,1.1139742136001587,1.0925406217575073,0.9591401815414429,255.0,255.0,0.01061294575323389,0.06593077492840838,0.014036326946307203
1776509773.1138294,14.016075815376318,-0.49142221144568593,2.8341822250299336,2.3871239356481967e-06,-2.663150793308268e-06,nan,nan,nan,nan,nan,nan,nan,nan,1081.0,0.9591401815414429,8.401679992675781,2.044419580097004,1.79675460842187,1.1139742136001587,1.0925406217575073,0.9591401815414429,255.0,255.0,0.010612945714654154,0.06593077497006661,0.014036326583707735
1776509773.1657894,14.016075814879356,-0.49142221132879144,2.83418222498824,2.3871245558702686e-06,-2.6631539073749543e-06,nan,nan,nan,nan,nan,nan,nan,nan,1081.0,0.9549464583396912,8.399768829345703,2.0451436363139934,1.7965453968517802,1.1250200271606445,1.0931288003921509,0.9549464583396912,255.0,255.0,0.010612945676075064,0.06593077501176037,0.014036326221109674
1776509773.2163584,14.016075814382388,-0.4914222112118973,2.8341822249465736,2.3871247987147174e-06,-2.663155348622614e-06,nan,nan,nan,nan,nan,nan,nan,nan,1081.0,0.9549464583396912,8.399768829345703,2.0451436363139934,1.7965453968517802,1.1250200271606445,1.0931288003921509,0.9549464583396912,255.0,255.0,0.010612945637493794,0.0659307750534266,0.014036325858506907
1776509773.2636874,14.016075813885427,-0.49142221109500334,2.8341822249049153,2.3871250325330393e-06,-2.66315599664813e-06,nan,nan,nan,nan,nan,nan,nan,nan,1081.0,0.9545096158981323,8.391012191772461,2.044779338073554,1.7966842734717428,1.118766188621521,1.09818696975708,0.9545096158981323,255.0,255.0,0.010612945598914389,0.06593077509508483,0.01403632549591009
1776509773.3166623,14.016075813388467,-0.4914222109781095,2.8341822248632553,2.3871252882847524e-06,-2.6631584680993937e-06,nan,nan,nan,nan,nan,nan,nan,nan,1081.0,0.9545096158981323,8.391012191772461,2.044779338073554,1.7966842734717428,1.118766188621521,1.09818696975708,0.9545096158981323,255.0,255.0,0.010612945560334893,0.06593077513674483,0.014036325133313222
1776509773.3666282,14.016075812891506,-0.49142221086121624,2.834182224821602,2.3871252401254257e-06,-2.663155910755755e-06,nan,nan,nan,nan,nan,nan,nan,nan,1081.0,0.9545096158981323,8.391012191772461,2.044779338073554,1.7966842734717428,1.118766188621521,1.09818696975708,0.9545096158981323,255.0,255.0,0.010612945521754808,0.06593077517839818,0.014036324770716077
1776509773.4158819,14.016075812394545,-0.4914222107443225,2.834182224779901,2.3871258492910435e-06,-2.6631591741534266e-06,nan,nan,nan,nan,nan,nan,nan,nan,1081.0,0.9640659689903259,8.413643836975098,2.0449667977691246,1.796585915310855,1.1141481399536133,1.0954115390777588,0.9640659689903259,255.0,255.0,0.010612945483175582,0.06593077522009905,0.014036324408119171
1776509773.4636443,14.016075811897586,-0.49142221062742947,2.8341822247382042,2.387125885099002e-06,-2.66316142751097e-06,nan,nan,nan,nan,nan,nan,nan,nan,1081.0,0.9640659689903259,8.413643836975098,2.0449667977691246,1.796585915310855,1.1141481399536133,1.0954115390777588,0.9640659689903259,255.0,255.0,0.010612945444596223,0.06593077526179592,0.014036324045523444
1776509773.5136628,14.01607581140063,-0.49142221051053653,2.834182224696536,2.3871261402231436e-06,-2.6631629025422007e-06,nan,nan,nan,nan,nan,nan,nan,nan,1081.0,0.9640659689903259,8.413643836975098,2.0449667977691246,1.796585915310855,1.1141481399536133,1.0954115390777588,0.9640659689903259,255.0,255.0,0.010612945406017035,0.06593077530346436,0.014036323682929177
1776509773.5656438,14.01607581140063,-0.49142221051053653,2.834182224696536,2.3871261402231436e-06,-2.6631629025422007e-06,nan,nan,nan,nan,nan,nan,nan,nan,1081.0,0.9526170492172241,8.39953327178955,2.0448642922815186,1.7969133480010624,1.119207501411438,1.0902423858642578,0.9526170492172241,255.0,255.0,0.010612945406017035,0.06593077530346436,0.014036323682929177
1776509773.6196427,14.01607581090367,-0.4914222103936437,2.834182224654876,2.3871265496277785e-06,-2.6631627895744694e-06,nan,nan,nan,nan,nan,nan,nan,nan,1081.0,0.9526170492172241,8.39953327178955,2.0448642922815186,1.7969133480010624,1.119207501411438,1.0902423858642578,0.9526170492172241,255.0,255.0,0.010612945367437124,0.06593077534512437,0.014036323320333348
1776509773.66441,14.016075810406711,-0.49142221027675087,2.8341822246132184,2.3871264384753654e-06,-2.663162242138022e-06,nan,nan,nan,nan,nan,nan,nan,nan,1081.0,0.9526170492172241,8.39953327178955,2.0448642922815186,1.7969133480010624,1.119207501411438,1.0902423858642578,0.9526170492172241,255.0,255.0,0.01061294532885719,0.06593077538678171,0.014036322957737534
1776509773.715647,14.016075809909754,-0.4914222101598585,2.8341822245715127,2.3871270334985963e-06,-2.6631637571078416e-06,nan,nan,nan,nan,nan,nan,nan,nan,1081.0,0.957485020160675,8.407400131225586,2.045132924515709,1.7973211398228262,1.1238785982131958,1.0909606218338013,0.957485020160675,255.0,255.0,0.010612945290277814,0.06593077542848746,0.014036322595143005
1776509773.7647433,14.016075809412797,-0.4914222100429659,2.8341822245298225,2.3871273775104446e-06,-2.6631659854084142e-06,nan,nan,nan,nan,nan,nan,nan,nan,1081.0,0.957485020160675,8.407400131225586,2.045132924515709,1.7973211398228262,1.1238785982131958,1.0909606218338013,0.957485020160675,255.0,255.0,0.010612945251698506,0.06593077547017767,0.014036322232548604
1776509773.8131511,14.016075808915838,-0.49142220992607427,2.8341822244881376,2.3871275656111825e-06,-2.6631674626026543e-06,nan,nan,nan,nan,nan,nan,nan,nan,1081.0,0.9550997614860535,8.403376579284668,2.0445327770368134,1.7970833564137838,1.115134835243225,1.0933825969696045,0.9550997614860535,255.0,255.0,0.010612945213117661,0.06593077551186255,0.014036321869952174
1776509773.8636947,14.016075808418886,-0.49142220980918255,2.8341822244464674,2.387127573628202e-06,-2.663166962164434e-06,nan,nan,nan,nan,nan,nan,nan,nan,1081.0,0.9550997614860535,8.403376579284668,2.0445327770368134,1.7970833564137838,1.115134835243225,1.0933825969696045,0.9550997614860535,255.0,255.0,0.010612945174538936,0.06593077555353277,0.01403632150736187
1776509773.914768,14.01607580792193,-0.4914222096922904,2.83418222440479,2.3871279900424813e-06,-2.6631682332051446e-06,nan,nan,nan,nan,nan,nan,nan,nan,1081.0,0.9550997614860535,8.403376579284668,2.0445327770368134,1.7970833564137838,1.115134835243225,1.0933825969696045,0.9550997614860535,255.0,255.0,0.010612945135959086,0.0659307755952101,0.014036321144767263
1776509773.9636478,14.01607580792193,-0.4914222096922904,2.83418222440479,2.3871279900424813e-06,-2.6631682332051446e-06,nan,nan,nan,nan,nan,nan,nan,nan,1081.0,0.9550997614860535,8.403376579284668,2.0445327770368134,1.7970833564137838,1.115134835243225,1.0933825969696045,0.9550997614860535,255.0,255.0,0.010612945135959086,0.0659307755952101,0.014036321144767263
1776509774.017323,14.016075807424969,-0.49142220957539867,2.8341822243631047,2.387128297004878e-06,-2.663167708883339e-06,nan,nan,nan,nan,nan,nan,nan,nan,1081.0,0.9605849981307983,8.405116081237793,2.0452528628456053,1.7968306633773903,1.1131336688995361,1.0906260013580322,0.9605849981307983,255.0,255.0,0.010612945097377815,0.06593077563689542,0.014036320782169407
1776509774.072632,14.016075806928017,-0.4914222094585075,2.834182224321413,2.3871282554330173e-06,-2.6631698330811753e-06,nan,nan,nan,nan,nan,nan,nan,nan,1081.0,0.9605849981307983,8.405116081237793,2.0452528628456053,1.7968306633773903,1.1131336688995361,1.0906260013580322,0.9605849981307983,255.0,255.0,0.010612945058798756,0.06593077567858696,0.01403632041957884
1776509774.1136172,14.016075806431065,-0.4914222093416167,2.834182224279735,2.387128834324326e-06,-2.6631720324469314e-06,nan,nan,nan,nan,nan,nan,nan,nan,1081.0,0.9605849981307983,8.405116081237793,2.0452528628456053,1.7968306633773903,1.1131336688995361,1.0906260013580322,0.9605849981307983,255.0,255.0,0.010612945020219259,0.06593077572026518,0.01403632005698811
1776509774.1640785,14.016075805934113,-0.49142220922472596,2.8341822242380497,2.387129071047484e-06,-2.663173425978817e-06,nan,nan,nan,nan,nan,nan,nan,nan,1081.0,0.9585098028182983,8.400749206542969,2.0438970329582857,1.796595297136924,1.113065481185913,1.090529203414917,0.9585098028182983,255.0,255.0,0.01061294498163972,0.0659307757619505,0.014036319694397328
1776509774.2148433,14.016075805437158,-0.49142220910783513,2.8341822241963524,2.38712906497631e-06,-2.663173198933708e-06,nan,nan,nan,nan,nan,nan,nan,nan,1081.0,0.9585098028182983,8.400749206542969,2.0438970329582857,1.796595297136924,1.113065481185913,1.090529203414917,0.9585098028182983,255.0,255.0,0.01061294494305932,0.06593077580364781,0.014036319331803587
1776509774.2637546,14.016075805437158,-0.49142220910783513,2.8341822241963524,2.38712906497631e-06,-2.663173198933708e-06,nan,nan,nan,nan,nan,nan,nan,nan,1081.0,0.9585098028182983,8.400749206542969,2.0438970329582857,1.796595297136924,1.113065481185913,1.090529203414917,0.9585098028182983,255.0,255.0,0.01061294494305932,0.06593077580364781,0.014036319331803587
1776509774.31365,14.016075804940202,-0.49142220899094474,2.8341822241546555,2.3871294403057163e-06,-2.663172581067373e-06,nan,nan,nan,nan,nan,nan,nan,nan,1081.0,0.9450100660324097,8.413826942443848,2.044553104150527,1.796608688887165,1.1182467937469482,1.09218168258667,0.9450100660324097,255.0,255.0,0.010612944904478498,0.06593077584534468,0.014036318969209623
1776509774.3666213,14.016075804443254,-0.4914222088740546,2.8341822241129626,2.3871294751053542e-06,-2.6631747978280697e-06,nan,nan,nan,nan,nan,nan,nan,nan,1081.0,0.9450100660324097,8.413826942443848,2.044553104150527,1.796608688887165,1.1182467937469482,1.09218168258667,0.9450100660324097,255.0,255.0,0.010612944865899573,0.06593077588703755,0.014036318606621606
1776509774.4201891,14.016075803946308,-0.4914222087571652,2.834182224071278,2.387129875096968e-06,-2.663175891548555e-06,nan,nan,nan,nan,nan,nan,nan,nan,1081.0,0.9450100660324097,8.413826942443848,2.044553104150527,1.796608688887165,1.1182467937469482,1.09218168258667,0.9450100660324097,255.0,255.0,0.01061294482732037,0.06593077592872199,0.014036318244034713
1776509774.4780962,14.016075803449361,-0.4914222086402756,2.8341822240296035,2.387130255186345e-06,-2.663178749026664e-06,nan,nan,nan,nan,nan,nan,nan,nan,1081.0,0.9475387334823608,8.398408889770508,2.0451978727913254,1.7973363205150907,1.105389952659607,1.0943338871002197,0.9475387334823608,255.0,255.0,0.010612944788741287,0.06593077597039665,0.014036317881447942
1776509774.513734,14.016075803449361,-0.4914222086402756,2.8341822240296035,2.387130255186345e-06,-2.663178749026664e-06,nan,nan,nan,nan,nan,nan,nan,nan,1081.0,0.9475387334823608,8.398408889770508,2.0451978727913254,1.7973363205150907,1.105389952659607,1.0943338871002197,0.9475387334823608,255.0,255.0,0.010612944788741287,0.06593077597039665,0.014036317881447942
1776509774.5646448,14.016075802952408,-0.49142220852338653,2.8341822239878964,2.3871303511462644e-06,-2.663178836231537e-06,nan,nan,nan,nan,nan,nan,nan,nan,1081.0,0.9475387334823608,8.398408889770508,2.0451978727913254,1.7973363205150907,1.105389952659607,1.0943338871002197,0.9475387334823608,255.0,255.0,0.010612944750159824,0.06593077601210373,0.014036317518854828
1776509774.6166096,14.016075802455457,-0.49142220840649814,2.8341822239461885,2.3871307335832842e-06,-2.663178159181544e-06,nan,nan,nan,nan,nan,nan,nan,nan,1081.0,0.9503988027572632,8.385098457336426,2.045074195248677,1.7965845299175494,1.1210519075393677,1.0851706266403198,0.9503988027572632,255.0,255.0,0.010612944711578809,0.0659307760538117,0.014036317156264412
1776509774.6637475,14.016075801958513,-0.49142220828961053,2.8341822239044885,2.3871308104021227e-06,-2.6631788067953522e-06,nan,nan,nan,nan,nan,nan,nan,nan,1081.0,0.9503988027572632,8.385098457336426,2.045074195248677,1.7965845299175494,1.1210519075393677,1.0851706266403198,0.9503988027572632,255.0,255.0,0.01061294467299859,0.06593077609551168,0.014036316793678135
1776509774.7137482,14.016075801461565,-0.4914222081727236,2.8341822238627756,2.3871314036697156e-06,-2.663182520436959e-06,nan,nan,nan,nan,nan,nan,nan,nan,1081.0,0.9503988027572632,8.385098457336426,2.045074195248677,1.7965845299175494,1.1210519075393677,1.0851706266403198,0.9503988027572632,255.0,255.0,0.010612944634416784,0.06593077613722453,0.014036316431088497
1776509774.7657113,14.016075800964613,-0.49142220805583786,2.834182223821051,2.38713162484222e-06,-2.6631837469263752e-06,nan,nan,nan,nan,nan,nan,nan,nan,1081.0,0.9559540748596191,8.403077125549316,2.04545104068038,1.7966823920229043,1.116117000579834,1.096949815750122,0.9559540748596191,255.0,255.0,0.010612944595832846,0.06593077617894938,0.014036316068495196
1776509774.8154123,14.016075800964613,-0.49142220805583786,2.834182223821051,2.38713162484222e-06,-2.6631837469263752e-06,nan,nan,nan,nan,nan,nan,nan,nan,1081.0,0.9559540748596191,8.403077125549316,2.04545104068038,1.7966823920229043,1.116117000579834,1.096949815750122,0.9559540748596191,255.0,255.0,0.010612944595832846,0.06593077617894938,0.014036316068495196
1776509774.8692126,14.016075800467663,-0.4914222079389527,2.834182223779333,2.387131671799981e-06,-2.663183592478651e-06,nan,nan,nan,nan,nan,nan,nan,nan,1081.0,0.9559540748596191,8.403077125549316,2.04545104068038,1.7966823920229043,1.116117000579834,1.096949815750122,0.9559540748596191,255.0,255.0,0.01061294455724885,0.06593077622066712,0.014036315705903133
1776509774.915642,14.016075799970716,-0.4914222078220683,2.83418222373761,2.3871318912038005e-06,-2.6631851101071693e-06,nan,nan,nan,nan,nan,nan,nan,nan,1081.0,0.9552159905433655,8.39527702331543,2.0445171532313324,1.7971710069543212,1.1177324056625366,1.0863664150238037,0.9552159905433655,255.0,255.0,0.010612944518665238,0.06593077626239019,0.014036315343313696
1776509774.972814,14.016075799473766,-0.49142220770518413,2.8341822236958842,2.3871323096460254e-06,-2.663185477174618e-06,nan,nan,nan,nan,nan,nan,nan,nan,1081.0,0.9552159905433655,8.39527702331543,2.0445171532313324,1.7971710069543212,1.1177324056625366,1.0863664150238037,0.9552159905433655,255.0,255.0,0.010612944480080365,0.06593077630411592,0.014036314980721129
1776509775.015694,14.01607579897682,-0.49142220758829985,2.834182223654167,2.3871325126126214e-06,-2.6631869086799313e-06,nan,nan,nan,nan,nan,nan,nan,nan,1081.0,0.9552159905433655,8.39527702331543,2.0445171532313324,1.7971710069543212,1.1177324056625366,1.0863664150238037,0.9552159905433655,255.0,255.0,0.010612944441496595,0.06593077634583322,0.014036314618131655
1776509775.063641,14.016075798479871,-0.49142220747141613,2.8341822236124425,2.387132613109721e-06,-2.663188727200036e-06,nan,nan,nan,nan,nan,nan,nan,nan,1081.0,0.9597120881080627,8.400527000427246,2.0446933949026764,1.7965829597828862,1.120165467262268,1.0932395458221436,0.9597120881080627,255.0,255.0,0.010612944402911825,0.06593077638755762,0.014036314255540387
1776509775.114149,14.016075798479871,-0.49142220747141613,2.8341822236124425,2.387132613109721e-06,-2.663188727200036e-06,nan,nan,nan,nan,nan,nan,nan,nan,1081.0,0.9597120881080627,8.400527000427246,2.0446933949026764,1.7965829597828862,1.120165467262268,1.0932395458221436,0.9597120881080627,255.0,255.0,0.010612944402911825,0.06593077638755762,0.014036314255540387
1776509775.1663659,14.016075797982928,-0.4914222073545323,2.8341822235707297,2.3871330536573796e-06,-2.663188499951251e-06,nan,nan,nan,nan,nan,nan,nan,nan,1081.0,0.9597120881080627,8.400527000427246,2.0446933949026764,1.7965829597828862,1.120165467262268,1.0932395458221436,0.9597120881080627,255.0,255.0,0.010612944364328664,0.06593077642927048,0.014036313892953727
1776509775.2138455,14.016075797485984,-0.49142220723764946,2.8341822235289995,2.3871332658547654e-06,-2.663188611189522e-06,nan,nan,nan,nan,nan,nan,nan,nan,1081.0,0.9515226483345032,8.390952110290527,2.0448654501885866,1.797411473454422,1.0997529029846191,1.095616102218628,0.9515226483345032,255.0,255.0,0.010612944325744174,0.06593077647100065,0.014036313530365043
1776509775.2637494,14.01607579698904,-0.4914222071207664,2.8341822234872502,2.387133570549568e-06,-2.66319278097199e-06,nan,nan,nan,nan,nan,nan,nan,nan,1081.0,0.9515226483345032,8.390952110290527,2.0448654501885866,1.797411473454422,1.0997529029846191,1.095616102218628,0.9515226483345032,255.0,255.0,0.010612944287160609,0.06593077651274992,0.014036313167777995
1776509775.313625,14.016075796492098,-0.4914222070038841,2.8341822234455134,2.3871338926016374e-06,-2.663192915519114e-06,nan,nan,nan,nan,nan,nan,nan,nan,1081.0,0.9515226483345032,8.390952110290527,2.0448654501885866,1.797411473454422,1.0997529029846191,1.095616102218628,0.9515226483345032,255.0,255.0,0.010612944248576188,0.06593077655448676,0.014036312805190554
1776509775.3641648,14.016075795995151,-0.4914222068870006,2.834182223403779,2.3871338160930735e-06,-2.663194734185265e-06,nan,nan,nan,nan,nan,nan,nan,nan,1081.0,0.9421441555023193,8.40908432006836,2.044324644454423,1.7967947116217438,1.1227550506591797,1.0872035026550293,0.9421441555023193,255.0,255.0,0.010612944209991836,0.06593077659622137,0.014036312442600727
1776509775.4178383,14.016075795498205,-0.4914222067701192,2.8341822233620446,2.3871340514513436e-06,-2.663195150249443e-06,nan,nan,nan,nan,nan,nan,nan,nan,1081.0,0.9421441555023193,8.40908432006836,2.044324644454423,1.7967947116217438,1.1227550506591797,1.0872035026550293,0.9421441555023193,255.0,255.0,0.010612944171405469,0.06593077663795555,0.014036312080009812
1776509775.4672456,14.016075795001266,-0.49142220665323727,2.8341822233203073,2.3871345626252244e-06,-2.663194673608895e-06,nan,nan,nan,nan,nan,nan,nan,nan,1081.0,0.9421441555023193,8.40908432006836,2.044324644454423,1.7967947116217438,1.1227550506591797,1.0872035026550293,0.9421441555023193,255.0,255.0,0.01061294413282181,0.06593077667969283,0.014036311717425249
1776509775.5159323,14.016075795001266,-0.49142220665323727,2.8341822233203073,2.3871345626252244e-06,-2.663194673608895e-06,nan,nan,nan,nan,nan,nan,nan,nan,1081.0,0.9548656344413757,8.39185905456543,2.044435311532704,1.7969348273585646,1.1160086393356323,1.0952935218811035,0.9548656344413757,255.0,255.0,0.01061294413282181,0.06593077667969283,0.014036311717425249
1776509775.568628,14.016075794504326,-0.4914222065363551,2.8341822232785363,2.3871347656159088e-06,-2.663198233786534e-06,nan,nan,nan,nan,nan,nan,nan,nan,1081.0,0.9548656344413757,8.39185905456543,2.044435311532704,1.7969348273585646,1.1160086393356323,1.0952935218811035,0.9548656344413757,255.0,255.0,0.010612944094238672,0.06593077672146386,0.014036311354840814
1776509775.6166236,14.016075794007383,-0.4914222064194734,2.8341822232367964,2.3871347198846105e-06,-2.663198291420675e-06,nan,nan,nan,nan,nan,nan,nan,nan,1081.0,0.9548656344413757,8.39185905456543,2.044435311532704,1.7969348273585646,1.1160086393356323,1.0952935218811035,0.9548656344413757,255.0,255.0,0.010612944055653752,0.0659307767632038,0.014036310992253128
1776509775.6635444,14.016075793510439,-0.4914222063025912,2.8341822231950458,2.3871345332781692e-06,-2.6632021468746633e-06,nan,nan,nan,nan,nan,nan,nan,nan,1081.0,0.9467772245407104,8.393668174743652,2.045024460824301,1.7971214928975614,1.1167184114456177,1.0949323177337646,0.9467772245407104,255.0,255.0,0.010612944017068814,0.0659307768049544,0.014036310629664168
1776509775.7131367,14.016075793013497,-0.4914222061857098,2.8341822231532827,2.3871347555221687e-06,-2.66320168307172e-06,nan,nan,nan,nan,nan,nan,nan,nan,1081.0,0.9467772245407104,8.393668174743652,2.045024460824301,1.7971214928975614,1.1167184114456177,1.0949323177337646,0.9467772245407104,255.0,255.0,0.010612943978484324,0.06593077684671744,0.01403631026707784
1776509775.7637444,14.016075793013497,-0.4914222061857098,2.8341822231532827,2.3871347555221687e-06,-2.66320168307172e-06,nan,nan,nan,nan,nan,nan,nan,nan,1081.0,0.9467772245407104,8.393668174743652,2.045024460824301,1.7971214928975614,1.1167184114456177,1.0949323177337646,0.9467772245407104,255.0,255.0,0.010612943978484324,0.06593077684671744,0.01403631026707784
1776509775.8138995,14.016075792516554,-0.49142220606882875,2.834182223111499,2.387135071416829e-06,-2.6632006012345927e-06,nan,nan,nan,nan,nan,nan,nan,nan,1081.0,0.955737829208374,8.39612102508545,2.045153990980655,1.7962743047712606,1.1138025522232056,1.0956087112426758,0.955737829208374,255.0,255.0,0.010612943939899172,0.06593077688850135,0.014036309904489832
1776509775.8636463,14.016075792019613,-0.4914222059519476,2.834182223069737,2.3871354594304337e-06,-2.6632031620034385e-06,nan,nan,nan,nan,nan,nan,nan,nan,1081.0,0.955737829208374,8.39612102508545,2.045153990980655,1.7962743047712606,1.1138025522232056,1.0956087112426758,0.955737829208374,255.0,255.0,0.010612943901314459,0.06593077693026306,0.014036309541903406
1776509775.9143403,14.016075791522674,-0.4914222058350673,2.8341822230279705,2.3871348890088073e-06,-2.6632039176413313e-06,nan,nan,nan,nan,nan,nan,nan,nan,1081.0,0.955737829208374,8.39612102508545,2.045153990980655,1.7962743047712606,1.1138025522232056,1.0956087112426758,0.955737829208374,255.0,255.0,0.010612943862729481,0.06593077697202965,0.014036309179318038
1776509775.9717364,14.01607579102574,-0.491422205718187,2.8341822229862137,2.3871353767686896e-06,-2.6632063894053772e-06,nan,nan,nan,nan,nan,nan,nan,nan,1081.0,0.9585723876953125,8.387359619140625,2.0447400641264903,1.796827701068806,1.1073471307754517,1.0955013036727905,0.9585723876953125,255.0,255.0,0.010612943824146025,0.06593077701378647,0.014036308816737227
1776509776.0159364,14.016075790528799,-0.4914222056013065,2.8341822229444547,2.3871354281016085e-06,-2.663205888499182e-06,nan,nan,nan,nan,nan,nan,nan,nan,1081.0,0.9585723876953125,8.387359619140625,2.0447400641264903,1.796827701068806,1.1073471307754517,1.0955013036727905,0.9585723876953125,255.0,255.0,0.010612943785560653,0.06593077705554551,0.01403630845415048
1776509776.0681958,14.016075790528799,-0.4914222056013065,2.8341822229444547,2.3871354281016085e-06,-2.663205888499182e-06,nan,nan,nan,nan,nan,nan,nan,nan,1081.0,0.9585723876953125,8.387359619140625,2.0447400641264903,1.796827701068806,1.1073471307754517,1.0955013036727905,0.9585723876953125,255.0,255.0,0.010612943785560653,0.06593077705554551,0.01403630845415048
1776509776.1161284,14.01607579003186,-0.4914222054844262,2.8341822229026885,2.3871359983395064e-06,-2.6632059282758444e-06,nan,nan,nan,nan,nan,nan,nan,nan,1081.0,0.9585723876953125,8.387359619140625,2.0447400641264903,1.796827701068806,1.1073471307754517,1.0955013036727905,0.9585723876953125,255.0,255.0,0.010612943746975672,0.06593077709731165,0.014036308091565142
1776509776.1637428,14.016075789534924,-0.4914222053675466,2.8341822228609135,2.387136156140463e-06,-2.6632060098169432e-06,nan,nan,nan,nan,nan,nan,nan,nan,1081.0,0.9553695917129517,8.404419898986816,2.04491197456374,1.7972752225340072,1.1125224828720093,1.0908682346343994,0.9553695917129517,255.0,255.0,0.010612943708391212,0.06593077713908668,0.014036307728982492
1776509776.2137558,14.016075789037988,-0.4914222052506679,2.8341822228191442,2.387136330559657e-06,-2.6632083224603904e-06,nan,nan,nan,nan,nan,nan,nan,nan,1081.0,0.9553695917129517,8.404419898986816,2.04491197456374,1.7972752225340072,1.1125224828720093,1.0908682346343994,0.9553695917129517,255.0,255.0,0.010612943669805853,0.06593077718085594,0.014036307366399388
1776509776.263772,14.016075788541057,-0.49142220513379026,2.834182222777376,2.3871363565684097e-06,-2.6632108519724445e-06,nan,nan,nan,nan,nan,nan,nan,nan,1081.0,0.9559204578399658,8.410468101501465,2.0449462391842745,1.7971457402649957,1.109140396118164,1.0967234373092651,0.9559204578399658,255.0,255.0,0.010612943631221039,0.0659307772226243,0.014036307003820254
1776509776.3136327,14.01607578804412,-0.4914222050169114,2.834182222735603,2.387136536809088e-06,-2.663211753932881e-06,nan,nan,nan,nan,nan,nan,nan,nan,1081.0,0.9559204578399658,8.410468101501465,2.0449462391842745,1.7971457402649957,1.109140396118164,1.0967234373092651,0.9559204578399658,255.0,255.0,0.010612943592635279,0.06593077726439711,0.014036306641235714
1776509776.3635154,14.016075787547182,-0.4914222049000336,2.8341822226938214,2.387136820835801e-06,-2.6632110101717e-06,nan,nan,nan,nan,nan,nan,nan,nan,1081.0,0.9559204578399658,8.410468101501465,2.0449462391842745,1.7971457402649957,1.109140396118164,1.0967234373092651,0.9559204578399658,255.0,255.0,0.01061294355404865,0.0659307773061788,0.01403630627865066
1776509776.4135442,14.01607578705025,-0.491422204783156,2.8341822226520383,2.387137232522601e-06,-2.663211940257571e-06,nan,nan,nan,nan,nan,nan,nan,nan,1081.0,0.9563237428665161,8.403947830200195,2.0451421166436745,1.7966815610059559,1.1047722101211548,1.0937637090682983,0.9563237428665161,255.0,255.0,0.01061294351546338,0.06593077734796182,0.014036305916070012
1776509776.4688368,14.01607578705025,-0.491422204783156,2.8341822226520383,2.387137232522601e-06,-2.663211940257571e-06,nan,nan,nan,nan,nan,nan,nan,nan,1081.0,0.9563237428665161,8.403947830200195,2.0451421166436745,1.7966815610059559,1.1047722101211548,1.0937637090682983,0.9563237428665161,255.0,255.0,0.01061294351546338,0.06593077734796182,0.014036305916070012
1776509776.5216208,14.016075786553317,-0.491422204666279,2.834182222610249,2.387137449782766e-06,-2.663214405009782e-06,nan,nan,nan,nan,nan,nan,nan,nan,1081.0,0.9563237428665161,8.403947830200195,2.0451421166436745,1.7966815610059559,1.1047722101211548,1.0937637090682983,0.9563237428665161,255.0,255.0,0.01061294347687764,0.06593077738975106,0.014036305553489083
1776509776.5653353,14.016075785559451,-0.49142220443252566,2.8341822225266777,2.387137952602341e-06,-2.663216690445541e-06,nan,nan,nan,nan,nan,nan,nan,nan,1081.0,0.9687629342079163,8.411033630371094,2.044862640334102,1.7967865227162119,1.1123448610305786,1.0963102579116821,0.9687629342079163,255.0,255.0,0.010612943399704918,0.06593077747332243,0.01403630482832539
1776509776.613732,14.016075785062519,-0.49142220431565004,2.834182222484887,2.3871381329735185e-06,-2.663217719305067e-06,nan,nan,nan,nan,nan,nan,nan,nan,1081.0,0.9687629342079163,8.411033630371094,2.044862640334102,1.7967865227162119,1.1123448610305786,1.0963102579116821,0.9687629342079163,255.0,255.0,0.010612943361117866,0.065930777515113,0.014036304465743768
1776509776.6675932,14.016075784565587,-0.49142220419877497,2.8341822224430846,2.387138434908325e-06,-2.663217301821671e-06,nan,nan,nan,nan,nan,nan,nan,nan,1081.0,0.9622931480407715,8.402921676635742,2.0448541292209077,1.7970494105343133,1.1178762912750244,1.0951684713363647,0.9622931480407715,255.0,255.0,0.010612943322530396,0.06593077755691557,0.014036304103161859
1776509776.7192476,14.016075784565587,-0.49142220419877497,2.8341822224430846,2.387138434908325e-06,-2.663217301821671e-06,nan,nan,nan,nan,nan,nan,nan,nan,1081.0,0.9622931480407715,8.402921676635742,2.0448541292209077,1.7970494105343133,1.1178762912750244,1.0951684713363647,0.9622931480407715,255.0,255.0,0.010612943322530396,0.06593077755691557,0.014036304103161859
1776509776.7690291,14.016075784068654,-0.49142220408190135,2.834182222401278,2.3871387708776115e-06,-2.6632201234411136e-06,nan,nan,nan,nan,nan,nan,nan,nan,1081.0,0.9622931480407715,8.402921676635742,2.0448541292209077,1.7970494105343133,1.1178762912750244,1.0951684713363647,0.9622931480407715,255.0,255.0,0.010612943283941585,0.06593077759872212,0.014036303740579207
1776509776.8136666,14.016075783571726,-0.49142220396502695,2.834182222359472,2.387138846936875e-06,-2.6632228167650037e-06,nan,nan,nan,nan,nan,nan,nan,nan,1081.0,0.9486202597618103,8.398905754089355,2.0446336868182033,1.7964625046484217,1.1128231287002563,1.092025637626648,0.9486202597618103,255.0,255.0,0.010612943245354587,0.06593077764052824,0.014036303378
1776509776.8644419,14.016075783074799,-0.491422203848153,2.834182222317673,2.3871390831465223e-06,-2.663222461885186e-06,nan,nan,nan,nan,nan,nan,nan,nan,1081.0,0.9486202597618103,8.398905754089355,2.0446336868182033,1.7964625046484217,1.1128231287002563,1.092025637626648,0.9486202597618103,255.0,255.0,0.010612943206767637,0.06593077768232725,0.014036303015422084
1776509776.9160752,14.016075782577868,-0.4914222037312796,2.8341822222758717,2.3871392166171143e-06,-2.6632213947853436e-06,nan,nan,nan,nan,nan,nan,nan,nan,1081.0,0.9486202597618103,8.398905754089355,2.0446336868182033,1.7964625046484217,1.1128231287002563,1.092025637626648,0.9486202597618103,255.0,255.0,0.010612943168179104,0.06593077772412848,0.014036302652840858
1776509776.9638867,14.01607578208094,-0.49142220361440664,2.8341822222340736,2.387139678921042e-06,-2.6632219441708522e-06,nan,nan,nan,nan,nan,nan,nan,nan,1081.0,0.9565226435661316,8.405776977539062,2.045050829731679,1.7967976552133242,1.1194692850112915,1.093442440032959,0.9565226435661316,255.0,255.0,0.010612943129590657,0.0659307777659266,0.014036302290260922
1776509777.0197325,14.01607578208094,-0.49142220361440664,2.8341822222340736,2.387139678921042e-06,-2.6632219441708522e-06,nan,nan,nan,nan,nan,nan,nan,nan,1081.0,0.9565226435661316,8.405776977539062,2.045050829731679,1.7967976552133242,1.1194692850112915,1.093442440032959,0.9565226435661316,255.0,255.0,0.010612943129590657,0.0659307777659266,0.014036302290260922
1776509777.0661573,14.016075781584016,-0.49142220349753357,2.8341822221922848,2.387139931534901e-06,-2.6632236036852204e-06,nan,nan,nan,nan,nan,nan,nan,nan,1081.0,0.9565226435661316,8.405776977539062,2.045050829731679,1.7967976552133242,1.1194692850112915,1.093442440032959,0.9565226435661316,255.0,255.0,0.010612943091003841,0.06593077780771539,0.0140363019276856
1776509777.1135507,14.016075781584016,-0.49142220349753357,2.8341822221922848,2.3871401863391616e-06,-2.663227667230192e-06,nan,nan,nan,nan,nan,nan,nan,nan,1081.0,0.9565226435661316,8.405776977539062,2.045050829731679,1.7967976552133242,1.1194692850112915,1.093442440032959,0.9565226435661316,255.0,255.0,0.010612943091003841,0.06593077780771539,0.0140363019276856
1776509777.1633615,14.016075781087089,-0.49142220338066006,2.834182222150483,2.3871401863391616e-06,-2.663227667230192e-06,nan,nan,nan,nan,nan,nan,nan,nan,1081.0,0.9600909948348999,8.396557807922363,2.0451001471440953,1.7969541453882323,1.103664517402649,1.0943019390106201,0.9600909948348999,255.0,255.0,0.010612943052416494,0.06593077784951706,0.014036301565107486
1776509777.2167518,14.016075780590162,-0.491422203263788,2.8341822221086863,2.387140385655175e-06,-2.6632256016551755e-06,nan,nan,nan,nan,nan,nan,nan,nan,1081.0,0.9600909948348999,8.396557807922363,2.0451001471440953,1.7969541453882323,1.103664517402649,1.0943019390106201,0.9600909948348999,255.0,255.0,0.010612943013827725,0.06593077789131385,0.014036301202528629
1776509777.2678406,14.016075780590162,-0.491422203263788,2.8341822221086863,2.387140385655175e-06,-2.6632256016551755e-06,nan,nan,nan,nan,nan,nan,nan,nan,1081.0,0.9600909948348999,8.396557807922363,2.0451001471440953,1.7969541453882323,1.103664517402649,1.0943019390106201,0.9600909948348999,255.0,255.0,0.010612943013827725,0.06593077789131385,0.014036301202528629
1776509777.3165762,14.016075780093233,-0.4914222031469155,2.8341822220668997,2.3871405886520848e-06,-2.6632263128275164e-06,nan,nan,nan,nan,nan,nan,nan,nan,1081.0,0.9600909948348999,8.396557807922363,2.0451001471440953,1.7969541453882323,1.103664517402649,1.0943019390106201,0.9600909948348999,255.0,255.0,0.010612942975238748,0.06593077793310043,0.0140363008399485
1776509777.365779,14.016075780093233,-0.4914222031469155,2.8341822220668997,2.3871405886520848e-06,-2.6632263128275164e-06,nan,nan,nan,nan,nan,nan,nan,nan,1081.0,0.9548762440681458,8.400298118591309,2.04550503989704,1.7970578105733777,1.1159189939498901,1.0932204723358154,0.9548762440681458,255.0,255.0,0.010612942975238748,0.06593077793310043,0.0140363008399485
1776509777.4136558,14.01607577959631,-0.4914222030300432,2.8341822220251065,2.387140790789045e-06,-2.663227731623287e-06,nan,nan,nan,nan,nan,nan,nan,nan,1081.0,0.9548762440681458,8.400298118591309,2.04550503989704,1.7970578105733777,1.1159189939498901,1.0932204723358154,0.9548762440681458,255.0,255.0,0.010612942936651232,0.06593077797489366,0.014036300477372806
1776509777.4687588,14.016075779099388,-0.49142220291317057,2.834182221983301,2.387141119108278e-06,-2.6632294169413655e-06,nan,nan,nan,nan,nan,nan,nan,nan,1081.0,0.9548762440681458,8.400298118591309,2.04550503989704,1.7970578105733777,1.1159189939498901,1.0932204723358154,0.9548762440681458,255.0,255.0,0.010612942898064687,0.06593077801669933,0.014036300114798813
1776509777.5268576,14.01607577860246,-0.4914222027962984,2.8341822219414863,2.387141714094458e-06,-2.663232086285092e-06,nan,nan,nan,nan,nan,nan,nan,nan,1081.0,0.9533507823944092,8.40961742401123,2.04504599199595,1.7971965583008134,1.115741491317749,1.0840634107589722,0.9533507823944092,255.0,255.0,0.01061294285947565,0.06593077805851388,0.014036299752218534
1776509777.5709488,14.016075778105536,-0.49142220267942766,2.834182221899676,2.387141630462997e-06,-2.6632324870312284e-06,nan,nan,nan,nan,nan,nan,nan,nan,1081.0,0.9533507823944092,8.40961742401123,2.04504599199595,1.7971965583008134,1.115741491317749,1.0840634107589722,0.9533507823944092,255.0,255.0,0.010612942820886808,0.065930778100324,0.014036299389642059
1776509777.613733,14.016075778105536,-0.49142220267942766,2.834182221899676,2.387141630462997e-06,-2.6632324870312284e-06,nan,nan,nan,nan,nan,nan,nan,nan,1081.0,0.9533507823944092,8.40961742401123,2.04504599199595,1.7971965583008134,1.115741491317749,1.0840634107589722,0.9533507823944092,255.0,255.0,0.010612942820886808,0.065930778100324,0.014036299389642059
1776509777.6735258,14.016075777608613,-0.49142220256255836,2.8341822218578665,2.387141734109218e-06,-2.6632331999393286e-06,nan,nan,nan,nan,nan,nan,nan,nan,1081.0,0.9533507823944092,8.40961742401123,2.04504599199595,1.7971965583008134,1.115741491317749,1.0840634107589722,0.9533507823944092,255.0,255.0,0.010612942782296585,0.06593077814213366,0.014036299027064833
1776509777.7137353,14.016075777608613,-0.49142220256255836,2.8341822218578665,2.387141734109218e-06,-2.6632331999393286e-06,nan,nan,nan,nan,nan,nan,nan,nan,1081.0,0.9533507823944092,8.40961742401123,2.04504599199595,1.7971965583008134,1.115741491317749,1.0840634107589722,0.9533507823944092,255.0,255.0,0.010612942782296585,0.06593077814213366,0.014036299027064833
1776509777.769639,14.016075777111686,-0.4914222024456903,2.834182221816034,2.3871422433922525e-06,-2.6632346290062633e-06,nan,nan,nan,nan,nan,nan,nan,nan,1081.0,0.9606553316116333,8.386157035827637,2.0445331547350714,1.796429904494295,1.1212692260742188,1.0942951440811157,0.9606553316116333,255.0,255.0,0.010612942743704334,0.06593077818396598,0.014036298664483955
1776509777.8137448,14.016075777111686,-0.4914222024456903,2.834182221816034,2.3871422433922525e-06,-2.6632346290062633e-06,nan,nan,nan,nan,nan,nan,nan,nan,1081.0,0.9606553316116333,8.386157035827637,2.0445331547350714,1.796429904494295,1.1212692260742188,1.0942951440811157,0.9606553316116333,255.0,255.0,0.010612942743704334,0.06593077818396598,0.014036298664483955
1776509777.8650985,14.016075776614764,-0.49142220232882333,2.8341822217741766,2.3871424429710974e-06,-2.663236860685819e-06,nan,nan,nan,nan,nan,nan,nan,nan,1081.0,0.9606553316116333,8.386157035827637,2.0445331547350714,1.796429904494295,1.1212692260742188,1.0942951440811157,0.9606553316116333,255.0,255.0,0.010612942705112868,0.0659307782258236,0.014036298301907044
1776509777.9136696,14.016075776117841,-0.4914222022119558,2.8341822217323465,2.3871426920945376e-06,-2.6632382698218807e-06,nan,nan,nan,nan,nan,nan,nan,nan,1081.0,0.9560420513153076,8.398968696594238,2.0444459382523883,1.796806659757878,1.1113601922988892,1.0908434391021729,0.9560420513153076,255.0,255.0,0.01061294266652114,0.0659307782676537,0.014036297939328922
1776509777.9638736,14.016075775620921,-0.49142220209508963,2.834182221690528,2.387142957621322e-06,-2.6632379937138055e-06,nan,nan,nan,nan,nan,nan,nan,nan,1081.0,0.9560420513153076,8.398968696594238,2.0444459382523883,1.796806659757878,1.1113601922988892,1.0908434391021729,0.9560420513153076,255.0,255.0,0.010612942627929115,0.06593077830947225,0.014036297576753138
1776509778.0218687,14.016075775124001,-0.491422201978223,2.8341822216487107,2.387142990190637e-06,-2.663239223681431e-06,nan,nan,nan,nan,nan,nan,nan,nan,1081.0,0.9560420513153076,8.398968696594238,2.0444459382523883,1.796806659757878,1.1113601922988892,1.0908434391021729,0.9560420513153076,255.0,255.0,0.010612942589337497,0.06593077835128947,0.014036297214177597
1776509778.0637417,14.016075774627076,-0.4914222018613567,2.834182221606859,2.3871434968309133e-06,-2.663240819152012e-06,nan,nan,nan,nan,nan,nan,nan,nan,1081.0,0.9576456546783447,8.412248611450195,2.0443531169481126,1.7971393090143783,1.1150423288345337,1.0892359018325806,0.9576456546783447,255.0,255.0,0.01061294255074427,0.06593077839314132,0.01403629685159735
1776509778.113726,14.016075774130156,-0.4914222017444905,2.834182221565016,2.387143768515843e-06,-2.6632416063482035e-06,nan,nan,nan,nan,nan,nan,nan,nan,1081.0,0.9576456546783447,8.412248611450195,2.0443531169481126,1.7971393090143783,1.1150423288345337,1.0892359018325806,0.9576456546783447,255.0,255.0,0.010612942512152466,0.0659307784349843,0.014036296489021594
1776509778.1637514,14.01607577363324,-0.49142220162762434,2.8341822215231782,2.38714409952957e-06,-2.663243200304754e-06,nan,nan,nan,nan,nan,nan,nan,nan,1081.0,0.9576456546783447,8.412248611450195,2.0443531169481126,1.7971393090143783,1.1150423288345337,1.0892359018325806,0.9576456546783447,255.0,255.0,0.010612942473561687,0.06593077847682194,0.014036296126448876
1776509778.2168782,14.01607577313632,-0.4914222015107586,2.834182221481338,2.3871441723372188e-06,-2.6632445591418875e-06,nan,nan,nan,nan,nan,nan,nan,nan,1081.0,0.9539135694503784,8.396947860717773,2.04481091359277,1.7971724155834223,1.112136721611023,1.0863796472549438,0.9539135694503784,255.0,255.0,0.010612942434969437,0.06593077851866225,0.014036295763872908
1776509778.2637985,14.01607577313632,-0.4914222015107586,2.834182221481338,2.3871441723372188e-06,-2.6632445591418875e-06,nan,nan,nan,nan,nan,nan,nan,nan,1081.0,0.9539135694503784,8.396947860717773,2.04481091359277,1.7971724155834223,1.112136721611023,1.0863796472549438,0.9539135694503784,255.0,255.0,0.010612942434969437,0.06593077851866225,0.014036295763872908
1776509778.3186269,14.016075772639399,-0.49142220139389275,2.834182221439497,2.3871444343312826e-06,-2.6632458076527333e-06,nan,nan,nan,nan,nan,nan,nan,nan,1081.0,0.9539135694503784,8.396947860717773,2.04481091359277,1.7971724155834223,1.112136721611023,1.0863796472549438,0.9539135694503784,255.0,255.0,0.010612942396376758,0.065930778560503,0.014036295401295496
1776509778.3640277,14.016075772142479,-0.4914222012770279,2.834182221397623,2.387144912146924e-06,-2.663245219541536e-06,nan,nan,nan,nan,nan,nan,nan,nan,1081.0,0.960394024848938,8.392643928527832,2.0449366735485723,1.796592650849325,1.110297441482544,1.0934998989105225,0.960394024848938,255.0,255.0,0.01061294235778397,0.06593077860237706,0.014036295038719079
1776509778.4166377,14.016075771645564,-0.4914222011601635,2.8341822213557735,2.3871449194721196e-06,-2.663245753136866e-06,nan,nan,nan,nan,nan,nan,nan,nan,1081.0,0.960394024848938,8.392643928527832,2.0449366735485723,1.796592650849325,1.110297441482544,1.0934998989105225,0.960394024848938,255.0,255.0,0.010612942319192145,0.0659307786442267,0.014036294676146989
1776509778.4768128,14.016075771645564,-0.4914222011601635,2.8341822213557735,2.3871449194721196e-06,-2.663245753136866e-06,nan,nan,nan,nan,nan,nan,nan,nan,1081.0,0.960394024848938,8.392643928527832,2.0449366735485723,1.796592650849325,1.110297441482544,1.0934998989105225,0.960394024848938,255.0,255.0,0.010612942319192145,0.0659307786442267,0.014036294676146989
1776509778.5166278,14.016075771148651,-0.4914222010432984,2.8341822213139207,2.3871452505883923e-06,-2.66324785752006e-06,nan,nan,nan,nan,nan,nan,nan,nan,1081.0,0.9578657150268555,8.42657470703125,2.045074440173591,1.796903997020233,1.107630968093872,1.0912632942199707,0.9578657150268555,255.0,255.0,0.010612942280601523,0.06593077868607944,0.014036294313576765
1776509778.5636272,14.016075770651735,-0.4914222009264338,2.8341822212720644,2.3871452601786476e-06,-2.663250721320152e-06,nan,nan,nan,nan,nan,nan,nan,nan,1081.0,0.9578657150268555,8.42657470703125,2.045074440173591,1.796903997020233,1.107630968093872,1.0912632942199707,0.9578657150268555,255.0,255.0,0.010612942242009437,0.06593077872793573,0.014036293951003292
1776509778.615736,14.016075770154819,-0.49142220080956917,2.834182221230197,2.3871458889485753e-06,-2.6632505820002474e-06,nan,nan,nan,nan,nan,nan,nan,nan,1081.0,0.9578657150268555,8.42657470703125,2.045074440173591,1.796903997020233,1.107630968093872,1.0912632942199707,0.9578657150268555,255.0,255.0,0.01061294220341745,0.06593077876980313,0.014036293588429827
1776509778.663744,14.0160757696579,-0.49142220069270465,2.8341822211883327,2.387146150854575e-06,-2.663248647530334e-06,nan,nan,nan,nan,nan,nan,nan,nan,1081.0,0.9647429585456848,8.407503128051758,2.0448523795130513,1.7964611389692906,1.1142632961273193,1.0859661102294922,0.9647429585456848,255.0,255.0,0.010612942164824793,0.06593077881166742,0.0140362932258548
1776509778.7137454,14.016075769160983,-0.49142220057584024,2.8341822211464858,2.387146535028588e-06,-2.6632496001105726e-06,nan,nan,nan,nan,nan,nan,nan,nan,1081.0,0.9647429585456848,8.407503128051758,2.0448523795130513,1.7964611389692906,1.1142632961273193,1.0859661102294922,0.9647429585456848,255.0,255.0,0.010612942126231869,0.0659307788535144,0.014036292863279724
1776509778.763765,14.016075769160983,-0.49142220057584024,2.8341822211464858,2.387146535028588e-06,-2.6632496001105726e-06,nan,nan,nan,nan,nan,nan,nan,nan,1081.0,0.9647429585456848,8.407503128051758,2.0448523795130513,1.7964611389692906,1.1142632961273193,1.0859661102294922,0.9647429585456848,255.0,255.0,0.010612942126231869,0.0659307788535144,0.014036292863279724
1776509778.813611,14.016075768664072,-0.49142220045897594,2.834182221104618,2.387146532798568e-06,-2.6632538415312613e-06,nan,nan,nan,nan,nan,nan,nan,nan,1081.0,0.9647429585456848,8.407503128051758,2.0448523795130513,1.7964611389692906,1.1142632961273193,1.0859661102294922,0.9647429585456848,255.0,255.0,0.010612942087641183,0.06593077889538224,0.014036292500710656
1776509778.8636189,14.016075768167152,-0.4914222003421121,2.834182221062742,2.3871465300010067e-06,-2.663255250387721e-06,nan,nan,nan,nan,nan,nan,nan,nan,1081.0,0.9552920460700989,8.396541595458984,2.044844781106319,1.7970907867993962,1.1127820014953613,1.0892822742462158,0.9552920460700989,255.0,255.0,0.010612942049047459,0.06593077893725807,0.014036292138133793
1776509778.9131384,14.016075767670236,-0.491422200225249,2.834182221020871,2.387146662426685e-06,-2.6632552901937234e-06,nan,nan,nan,nan,nan,nan,nan,nan,1081.0,0.9552920460700989,8.396541595458984,2.044844781106319,1.7970907867993962,1.1127820014953613,1.0892822742462158,0.9552920460700989,255.0,255.0,0.010612942010454023,0.06593077897912902,0.014036291775559562
1776509778.9651568,14.016075767670236,-0.491422200225249,2.834182221020871,2.387146662426685e-06,-2.6632552901937234e-06,nan,nan,nan,nan,nan,nan,nan,nan,1081.0,0.9552920460700989,8.396541595458984,2.044844781106319,1.7970907867993962,1.1127820014953613,1.0892822742462158,0.9552920460700989,255.0,255.0,0.010612942010454023,0.06593077897912902,0.014036291775559562
1776509779.0137367,14.016075767173325,-0.4914222001083856,2.8341822209790135,2.387147140717506e-06,-2.6632547258359702e-06,nan,nan,nan,nan,nan,nan,nan,nan,1081.0,0.9546196460723877,8.394968032836914,2.044789173501603,1.7974465883544022,1.1034895181655884,1.0936541557312012,0.9546196460723877,255.0,255.0,0.010612941971862397,0.06593077902098665,0.01403629141299006
1776509779.0636463,14.016075766676414,-0.49142219999152287,2.8341822209371554,2.3871473291870944e-06,-2.663254260293402e-06,nan,nan,nan,nan,nan,nan,nan,nan,1081.0,0.9546196460723877,8.394968032836914,2.044789173501603,1.7974465883544022,1.1034895181655884,1.0936541557312012,0.9546196460723877,255.0,255.0,0.010612941933270139,0.06593077906284472,0.014036291050420214
1776509779.114752,14.016075766179503,-0.4914221998746599,2.8341822208952743,2.387147482534942e-06,-2.663259400892459e-06,nan,nan,nan,nan,nan,nan,nan,nan,1081.0,0.9546196460723877,8.394968032836914,2.044789173501603,1.7974465883544022,1.1034895181655884,1.0936541557312012,0.9546196460723877,255.0,255.0,0.010612941894678304,0.06593077910472589,0.014036290687850497
1776509779.163649,14.016075765682588,-0.4914221997577965,2.8341822208533918,2.387147871676797e-06,-2.663260921742294e-06,nan,nan,nan,nan,nan,nan,nan,nan,1081.0,0.9485292434692383,8.387237548828125,2.0442453905126765,1.7968555230820935,1.121067762374878,1.091936707496643,0.9485292434692383,255.0,255.0,0.01061294185608583,0.06593077914660839,0.014036290325277992
1776509779.2187428,14.016075765682588,-0.4914221997577965,2.8341822208533918,2.387147871676797e-06,-2.663260921742294e-06,nan,nan,nan,nan,nan,nan,nan,nan,1081.0,0.9485292434692383,8.387237548828125,2.0442453905126765,1.7968555230820935,1.121067762374878,1.091936707496643,0.9485292434692383,255.0,255.0,0.01061294185608583,0.06593077914660839,0.014036290325277992
1776509779.2678254,14.016075765185679,-0.4914221996409343,2.8341822208115164,2.3871476249696168e-06,-2.6632610970505723e-06,nan,nan,nan,nan,nan,nan,nan,nan,1081.0,0.9485292434692383,8.387237548828125,2.0442453905126765,1.7968555230820935,1.121067762374878,1.091936707496643,0.9485292434692383,255.0,255.0,0.010612941817493738,0.06593077918848378,0.014036289962709402
1776509779.3166516,14.016075764688768,-0.4914221995240719,2.83418222076965,2.3871473812591106e-06,-2.6632607317980613e-06,nan,nan,nan,nan,nan,nan,nan,nan,1081.0,0.9571070075035095,8.398940086364746,2.0451693560214754,1.79728125142756,1.1223578453063965,1.0981923341751099,0.9571070075035095,255.0,255.0,0.010612941778901241,0.06593077923035029,0.014036289600139421
1776509779.3645678,14.01607576419186,-0.4914221994072102,2.8341822207277723,2.3871472204156206e-06,-2.6632601610866305e-06,nan,nan,nan,nan,nan,nan,nan,nan,1081.0,0.9571070075035095,8.398940086364746,2.0451693560214754,1.79728125142756,1.1223578453063965,1.0981923341751099,0.9571070075035095,255.0,255.0,0.010612941740309231,0.0659307792722279,0.014036289237572101
1776509779.4156408,14.016075763694953,-0.4914221992903481,2.8341822206858858,2.387147981856993e-06,-2.6632636857855314e-06,nan,nan,nan,nan,nan,nan,nan,nan,1081.0,0.9571070075035095,8.398940086364746,2.0451693560214754,1.79728125142756,1.1223578453063965,1.0981923341751099,0.9571070075035095,255.0,255.0,0.010612941701717726,0.0659307793141144,0.014036288875005022
1776509779.4666624,14.016075763198042,-0.49142219917348595,2.834182220644009,2.387148042976449e-06,-2.663263872398326e-06,nan,nan,nan,nan,nan,nan,nan,nan,1081.0,0.9505246877670288,8.410598754882812,2.0457254599135415,1.7973638020329068,1.1114200353622437,1.0832700729370117,0.9505246877670288,255.0,255.0,0.010612941663125057,0.06593077935599112,0.014036288512434925
1776509779.5135844,14.016075762701137,-0.49142219905662404,2.834182220602143,2.3871480652979906e-06,-2.6632656264889388e-06,nan,nan,nan,nan,nan,nan,nan,nan,1081.0,0.9505246877670288,8.410598754882812,2.0457254599135415,1.7973638020329068,1.1114200353622437,1.0832700729370117,0.9505246877670288,255.0,255.0,0.010612941624533691,0.06593077939785719,0.014036288149869265
1776509779.566055,14.016075762204233,-0.491422198939763,2.8341822205602805,2.387148379024919e-06,-2.6632644091017637e-06,nan,nan,nan,nan,nan,nan,nan,nan,1081.0,0.9535364508628845,8.401032447814941,2.044817239459635,1.7969222308388269,1.1077269315719604,1.0881026983261108,0.9535364508628845,255.0,255.0,0.010612941585941983,0.0659307794397197,0.014036287787304662
1776509779.613681,14.016075761707324,-0.4914221988229019,2.834182220518395,2.387148691038884e-06,-2.66326630717615e-06,nan,nan,nan,nan,nan,nan,nan,nan,1081.0,0.9535364508628845,8.401032447814941,2.044817239459635,1.7969222308388269,1.1077269315719604,1.0881026983261108,0.9535364508628845,255.0,255.0,0.010612941547348981,0.0659307794816053,0.014036287424735585
1776509779.6701813,14.016075761707324,-0.4914221988229019,2.834182220518395,2.387148691038884e-06,-2.66326630717615e-06,nan,nan,nan,nan,nan,nan,nan,nan,1081.0,0.9535364508628845,8.401032447814941,2.044817239459635,1.7969222308388269,1.1077269315719604,1.0881026983261108,0.9535364508628845,255.0,255.0,0.010612941547348981,0.0659307794816053,0.014036287424735585
1776509779.713747,14.016075761210418,-0.49142219870604015,2.8341822204765146,2.3871491296915323e-06,-2.663269000235781e-06,nan,nan,nan,nan,nan,nan,nan,nan,1081.0,0.9535364508628845,8.401032447814941,2.044817239459635,1.7969222308388269,1.1077269315719604,1.0881026983261108,0.9535364508628845,255.0,255.0,0.010612941508757585,0.06593077952348558,0.014036287062169864
1776509779.7687433,14.016075760713512,-0.4914221985891794,2.8341822204346316,2.3871492285666157e-06,-2.66327028366742e-06,nan,nan,nan,nan,nan,nan,nan,nan,1081.0,0.9611600041389465,8.399373054504395,2.0450813034196127,1.7965232833679843,1.1154996156692505,1.089585542678833,0.9611600041389465,255.0,255.0,0.010612941470165263,0.06593077956536852,0.014036286699603632
1776509779.8166342,14.016075760713512,-0.4914221985891794,2.8341822204346316,2.3871492285666157e-06,-2.66327028366742e-06,nan,nan,nan,nan,nan,nan,nan,nan,1081.0,0.9611600041389465,8.399373054504395,2.0450813034196127,1.7965232833679843,1.1154996156692505,1.089585542678833,0.9611600041389465,255.0,255.0,0.010612941470165263,0.06593077956536852,0.014036286699603632
1776509779.8646379,14.016075760216609,-0.4914221984723189,2.834182220392751,2.387149416510014e-06,-2.6632719132642e-06,nan,nan,nan,nan,nan,nan,nan,nan,1081.0,0.9611600041389465,8.399373054504395,2.0450813034196127,1.7965232833679843,1.1154996156692505,1.089585542678833,0.9611600041389465,255.0,255.0,0.010612941431573247,0.06593077960724925,0.014036286337038807
1776509779.9139118,14.016075759719708,-0.49142219835545925,2.8341822203508693,2.3871496407003604e-06,-2.663271196160321e-06,nan,nan,nan,nan,nan,nan,nan,nan,1081.0,0.9610576629638672,8.399136543273926,2.0450912067782094,1.79708542829953,1.097896933555603,1.0885711908340454,0.9610576629638672,255.0,255.0,0.010612941392981466,0.06593077964913086,0.01403628597447655
1776509779.963646,14.016075759222806,-0.49142219823859895,2.8341822203089815,2.387150143023139e-06,-2.6632718276663227e-06,nan,nan,nan,nan,nan,nan,nan,nan,1081.0,0.9610576629638672,8.399136543273926,2.0450912067782094,1.79708542829953,1.097896933555603,1.0885711908340454,0.9610576629638672,255.0,255.0,0.010612941354389841,0.06593077969101868,0.014036285611913142
1776509780.0157735,14.0160757587259,-0.491422198121739,2.8341822202670786,2.3871503245338146e-06,-2.6632740977714005e-06,nan,nan,nan,nan,nan,nan,nan,nan,1081.0,0.9610576629638672,8.399136543273926,2.0450912067782094,1.79708542829953,1.097896933555603,1.0885711908340454,0.9610576629638672,255.0,255.0,0.01061294131579696,0.06593077973292161,0.01403628524934654
1776509780.0635839,14.0160757587259,-0.491422198121739,2.8341822202670786,2.3871503245338146e-06,-2.6632740977714005e-06,nan,nan,nan,nan,nan,nan,nan,nan,1081.0,0.9573833346366882,8.414230346679688,2.0452757214749995,1.7967820559837682,1.1094666719436646,1.0904319286346436,0.9573833346366882,255.0,255.0,0.01061294131579696,0.06593077973292161,0.01403628524934654
1776509780.117586,14.016075758229004,-0.4914221980048796,2.834182220225187,2.387150487645132e-06,-2.6632753471834534e-06,nan,nan,nan,nan,nan,nan,nan,nan,1081.0,0.9573833346366882,8.414230346679688,2.0452757214749995,1.7967820559837682,1.1094666719436646,1.0904319286346436,0.9573833346366882,255.0,255.0,0.010612941277206132,0.06593077977481299,0.014036284886787228
1776509780.1637502,14.016075758229004,-0.4914221980048796,2.834182220225187,2.387150487645132e-06,-2.6632753471834534e-06,nan,nan,nan,nan,nan,nan,nan,nan,1081.0,0.9573833346366882,8.414230346679688,2.0452757214749995,1.7967820559837682,1.1094666719436646,1.0904319286346436,0.9573833346366882,255.0,255.0,0.010612941277206132,0.06593077977481299,0.014036284886787228
1776509780.22124,14.016075757732102,-0.49142219788801994,2.8341822201833162,2.3871506751063404e-06,-2.6632759165620265e-06,nan,nan,nan,nan,nan,nan,nan,nan,1081.0,0.9573833346366882,8.414230346679688,2.0452757214749995,1.7967820559837682,1.1094666719436646,1.0904319286346436,0.9573833346366882,255.0,255.0,0.010612941238613718,0.06593077981668394,0.0140362845242235
1776509780.2646391,14.016075757235203,-0.4914221977711611,2.8341822201414395,2.3871510510008604e-06,-2.663276651272356e-06,nan,nan,nan,nan,nan,nan,nan,nan,1081.0,0.9557466506958008,8.390159606933594,2.044831973110273,1.796688697159296,1.1146571636199951,1.0834115743637085,0.9557466506958008,255.0,255.0,0.01061294120002169,0.06593077985856066,0.014036284161662402
1776509780.319245,14.016075756738303,-0.4914221976543018,2.8341822200995317,2.387151347068784e-06,-2.6632778898746616e-06,nan,nan,nan,nan,nan,nan,nan,nan,1081.0,0.9557466506958008,8.390159606933594,2.044831973110273,1.796688697159296,1.1146571636199951,1.0834115743637085,0.9557466506958008,255.0,255.0,0.01061294116142983,0.06593077990046847,0.01403628379910003
1776509780.3677776,14.0160757562414,-0.4914221975374426,2.8341822200576314,2.3871515243286413e-06,-2.6632793879659876e-06,nan,nan,nan,nan,nan,nan,nan,nan,1081.0,0.95440673828125,8.403371810913086,2.0446518760495005,1.7971097504183766,1.1180963516235352,1.0883651971817017,0.95440673828125,255.0,255.0,0.010612941122836724,0.06593077994236873,0.014036283436534581
1776509780.4136562,14.016075755744502,-0.4914221974205846,2.8341822200157356,2.3871517606219387e-06,-2.663278826081367e-06,nan,nan,nan,nan,nan,nan,nan,nan,1081.0,0.95440673828125,8.403371810913086,2.0446518760495005,1.7971097504183766,1.1180963516235352,1.0883651971817017,0.95440673828125,255.0,255.0,0.01061294108424456,0.06593077998426455,0.014036283073974561
1776509780.4637477,14.016075755247606,-0.49142219730372677,2.834182219973852,2.3871520882076065e-06,-2.663281125850109e-06,nan,nan,nan,nan,nan,nan,nan,nan,1081.0,0.95440673828125,8.403371810913086,2.0446518760495005,1.7971097504183766,1.1180963516235352,1.0883651971817017,0.95440673828125,255.0,255.0,0.010612941045652182,0.06593078002614838,0.01403628271141449
1776509780.5186353,14.016075754750707,-0.49142219718687025,2.8341822199319466,2.3871521639297195e-06,-2.6632825985525198e-06,nan,nan,nan,nan,nan,nan,nan,nan,1081.0,0.9682573080062866,8.400239944458008,2.0458303354163614,1.796765925257432,1.111079216003418,1.093143105506897,0.9682573080062866,255.0,255.0,0.010612941007058192,0.06593078006805353,0.01403628234885222
1776509780.5636418,14.016075754253805,-0.49142219707001417,2.834182219890045,2.387152581777184e-06,-2.66328274994313e-06,nan,nan,nan,nan,nan,nan,nan,nan,1081.0,0.9682573080062866,8.400239944458008,2.0458303354163614,1.796765925257432,1.111079216003418,1.093143105506897,0.9682573080062866,255.0,255.0,0.010612940968462672,0.06593078010995512,0.0140362819862867
1776509780.6136281,14.016075753756907,-0.49142219695315964,2.834182219848119,2.3871527320748585e-06,-2.66328487810679e-06,nan,nan,nan,nan,nan,nan,nan,nan,1081.0,0.9553214311599731,8.406033515930176,2.045047233437742,1.7968619226497404,1.1186952590942383,1.0958291292190552,0.9553214311599731,255.0,255.0,0.010612940929866968,0.06593078015188114,0.014036281623723404
1776509780.6689572,14.016075753260015,-0.49142219683630634,2.834182219806201,2.387152859760149e-06,-2.6632859384354325e-06,nan,nan,nan,nan,nan,nan,nan,nan,1081.0,0.9553214311599731,8.406033515930176,2.045047233437742,1.7968619226497404,1.1186952590942383,1.0958291292190552,0.9553214311599731,255.0,255.0,0.010612940891272177,0.06593078019379917,0.014036281261165535
1776509780.715703,14.016075752763118,-0.49142219671945264,2.834182219764275,2.387153418006029e-06,-2.66328901341305e-06,nan,nan,nan,nan,nan,nan,nan,nan,1081.0,0.9553214311599731,8.406033515930176,2.045047233437742,1.7968619226497404,1.1186952590942383,1.0958291292190552,0.9553214311599731,255.0,255.0,0.010612940852676217,0.06593078023572518,0.014036280898603338
1776509780.765628,14.01607575226622,-0.49142219660259945,2.8341822197223303,2.3871533872101033e-06,-2.6632881634496817e-06,nan,nan,nan,nan,nan,nan,nan,nan,1081.0,0.9525396823883057,8.405354499816895,2.044768616129798,1.7965887587642388,1.109033226966858,1.0919934511184692,0.9525396823883057,255.0,255.0,0.010612940814079416,0.06593078027766985,0.014036280536039373
1776509780.8187401,14.016075751769323,-0.49142219648574653,2.834182219680393,2.3871535076450798e-06,-2.6632875104681007e-06,nan,nan,nan,nan,nan,nan,nan,nan,1081.0,0.9525396823883057,8.405354499816895,2.044768616129798,1.7965887587642388,1.109033226966858,1.0919934511184692,0.9525396823883057,255.0,255.0,0.010612940775482818,0.06593078031960697,0.014036280173476787
1776509780.8676372,14.01607575127243,-0.4914221963688941,2.834182219638469,2.387153851192854e-06,-2.6632885718819097e-06,nan,nan,nan,nan,nan,nan,nan,nan,1081.0,0.9525396823883057,8.405354499816895,2.044768616129798,1.7965887587642388,1.109033226966858,1.0919934511184692,0.9525396823883057,255.0,255.0,0.0106129407368867,0.06593078036153122,0.014036279810916975
1776509780.9236326,14.016075750775535,-0.491422196252041,2.8341822195965305,2.3871543404107743e-06,-2.663293048542873e-06,nan,nan,nan,nan,nan,nan,nan,nan,1081.0,0.9530048966407776,8.410033226013184,2.044411583315102,1.7973174681000574,1.1100132465362549,1.0849705934524536,0.9530048966407776,255.0,255.0,0.010612940698290864,0.06593078040346967,0.014036279448356039
1776509780.9638524,14.016075750775535,-0.491422196252041,2.8341822195965305,2.387154455886856e-06,-2.6632931395099665e-06,nan,nan,nan,nan,nan,nan,nan,nan,1081.0,0.9530048966407776,8.410033226013184,2.044411583315102,1.7973174681000574,1.1100132465362549,1.0849705934524536,0.9530048966407776,255.0,255.0,0.010612940698290864,0.06593078040346967,0.014036279448356039
1776509781.0199533,14.016075750278642,-0.4914221961351885,2.834182219554582,2.387154455886856e-06,-2.6632931395099665e-06,nan,nan,nan,nan,nan,nan,nan,nan,1081.0,0.9530048966407776,8.410033226013184,2.044411583315102,1.7973174681000574,1.1100132465362549,1.0849705934524536,0.9530048966407776,255.0,255.0,0.010612940659695022,0.06593078044541834,0.014036279085796275
1776509781.0656328,14.016075749781745,-0.49142219601833587,2.834182219512645,2.387154614001691e-06,-2.6632939170199695e-06,nan,nan,nan,nan,nan,nan,nan,nan,1081.0,0.9530048966407776,8.410033226013184,2.044411583315102,1.7973174681000574,1.1100132465362549,1.0849705934524536,0.9530048966407776,255.0,255.0,0.010612940621098157,0.06593078048735501,0.01403627872323358
1776509781.113526,14.016075749781745,-0.49142219601833587,2.834182219512645,2.3871548588000634e-06,-2.6632932330551756e-06,nan,nan,nan,nan,nan,nan,nan,nan,1081.0,0.9612102508544922,8.404130935668945,2.0448518801242748,1.7973464742772207,1.1158630847930908,1.0957708358764648,0.9612102508544922,255.0,255.0,0.010612940621098157,0.06593078048735501,0.01403627872323358
1776509781.1635175,14.016075748787962,-0.49142219578463225,2.8341822194287603,2.3871553275420274e-06,-2.663294149888259e-06,nan,nan,nan,nan,nan,nan,nan,nan,1081.0,0.9612102508544922,8.404130935668945,2.0448518801242748,1.7973464742772207,1.1158630847930908,1.0957708358764648,0.9612102508544922,255.0,255.0,0.010612940543906166,0.06593078057123991,0.014036277998116437
1776509781.2145138,14.016075748787962,-0.49142219578463225,2.8341822194287603,2.3871553275420274e-06,-2.663294149888259e-06,nan,nan,nan,nan,nan,nan,nan,nan,1081.0,0.9612102508544922,8.404130935668945,2.0448518801242748,1.7973464742772207,1.1158630847930908,1.0957708358764648,0.9612102508544922,255.0,255.0,0.010612940543906166,0.06593078057123991,0.014036277998116437
1776509781.2636673,14.016075747794181,-0.49142219555092875,2.8341822193448514,2.387155834812002e-06,-2.66329966174471e-06,nan,nan,nan,nan,nan,nan,nan,nan,1081.0,0.9504095315933228,8.411011695861816,2.0445133180777084,1.797049677417784,1.1173758506774902,1.0878256559371948,0.9504095315933228,255.0,255.0,0.010612940466714828,0.06593078065514879,0.014036277273000781
1776509781.3632152,14.016075747794181,-0.49142219555092875,2.8341822193448514,2.387155834812002e-06,-2.66329966174471e-06,nan,nan,nan,nan,nan,nan,nan,nan,1081.0,0.9504095315933228,8.411011695861816,2.0445133180777084,1.797049677417784,1.1173758506774902,1.0878256559371948,0.9504095315933228,255.0,255.0,0.010612940466714828,0.06593078065514879,0.014036277273000781
1776509781.426722,14.016075747297293,-0.4914221954340778,2.8341822193029036,2.3871558942423714e-06,-2.663299191845581e-06,nan,nan,nan,nan,nan,nan,nan,nan,1081.0,0.9504095315933228,8.411011695861816,2.0445133180777084,1.797049677417784,1.1173758506774902,1.0878256559371948,0.9504095315933228,255.0,255.0,0.010612940428119163,0.06593078069709657,0.014036276910444834
1776509781.4650228,14.016075746800404,-0.49142219531722725,2.8341822192609634,2.3871562026321703e-06,-2.66329858180538e-06,nan,nan,nan,nan,nan,nan,nan,nan,1081.0,0.9587646126747131,8.40122127532959,2.0454656686306443,1.796849677986284,1.1167817115783691,1.0950546264648438,0.9587646126747131,255.0,255.0,0.010612940389522468,0.0659307807390368,0.014036276547887151
1776509781.5160902,14.016075746303517,-0.4914221952003765,2.8341822192190134,2.3871563902087875e-06,-2.6632989753896794e-06,nan,nan,nan,nan,nan,nan,nan,nan,1081.0,0.9587646126747131,8.40122127532959,2.0454656686306443,1.796849677986284,1.1167817115783691,1.0950546264648438,0.9587646126747131,255.0,255.0,0.01061294035092715,0.0659307807809868,0.014036276185332621
1776509781.5640562,14.016075746303517,-0.4914221952003765,2.8341822192190134,2.3871563902087875e-06,-2.6632989753896794e-06,nan,nan,nan,nan,nan,nan,nan,nan,1081.0,0.9504911303520203,8.415911674499512,2.0448130244022162,1.7973467320431535,1.1141139268875122,1.0870437622070312,0.9504911303520203,255.0,255.0,0.01061294035092715,0.0659307807809868,0.014036276185332621
1776509781.6137311,14.01607574580663,-0.4914221950835252,2.8341822191770576,2.387156885496889e-06,-2.6633026482316706e-06,nan,nan,nan,nan,nan,nan,nan,nan,1081.0,0.9504911303520203,8.415911674499512,2.0448130244022162,1.7973467320431535,1.1141139268875122,1.0870437622070312,0.9504911303520203,255.0,255.0,0.010612940312331875,0.06593078082294257,0.014036275822776877
1776509781.665999,14.016075745309742,-0.49142219496667455,2.8341822191350956,2.387157070467741e-06,-2.663303785578141e-06,nan,nan,nan,nan,nan,nan,nan,nan,1081.0,0.9504911303520203,8.415911674499512,2.0448130244022162,1.7973467320431535,1.1141139268875122,1.0870437622070312,0.9504911303520203,255.0,255.0,0.010612940273736021,0.06593078086490456,0.014036275460220793
1776509781.714805,14.016075744812856,-0.49142219484982447,2.8341822190931425,2.38715735485712e-06,-2.6633051913309856e-06,nan,nan,nan,nan,nan,nan,nan,nan,1081.0,0.9569892287254333,8.401926040649414,2.045059821155753,1.7972251857307862,1.1139267683029175,1.0936918258666992,0.9569892287254333,255.0,255.0,0.010612940235140098,0.06593078090685767,0.01403627509766594
1776509781.7657864,14.01607574431597,-0.49142219473297427,2.8341822190511805,2.3871575562589638e-06,-2.6633040888801905e-06,nan,nan,nan,nan,nan,nan,nan,nan,1081.0,0.9569892287254333,8.401926040649414,2.045059821155753,1.7972251857307862,1.1139267683029175,1.0936918258666992,0.9569892287254333,255.0,255.0,0.01061294019654436,0.06593078094881966,0.014036274735111157
1776509781.8150218,14.01607574431597,-0.49142219473297427,2.8341822190511805,2.3871577602929805e-06,-2.6633057369529875e-06,nan,nan,nan,nan,nan,nan,nan,nan,1081.0,0.9569892287254333,8.401926040649414,2.045059821155753,1.7972251857307862,1.1139267683029175,1.0936918258666992,0.9569892287254333,255.0,255.0,0.01061294019654436,0.06593078094881966,0.014036274735111157
1776509781.8781466,14.016075743819085,-0.4914221946161243,2.834182219009201,2.3871577602929805e-06,-2.6633057369529875e-06,nan,nan,nan,nan,nan,nan,nan,nan,1081.0,0.9569892287254333,8.401926040649414,2.045059821155753,1.7972251857307862,1.1139267683029175,1.0936918258666992,0.9569892287254333,255.0,255.0,0.010612940157949106,0.06593078099079897,0.014036274372557781
1776509781.9136813,14.016075743322192,-0.4914221944992742,2.8341822189672348,2.3871582318318922e-06,-2.663307585960601e-06,nan,nan,nan,nan,nan,nan,nan,nan,1081.0,0.9598705768585205,8.401135444641113,2.0449705804309617,1.7972860899302576,1.1057202816009521,1.0933189392089844,0.9598705768585205,255.0,255.0,0.010612940119351153,0.0659307810327654,0.0140362740099969
1776509781.9662242,14.016075743322192,-0.4914221944992742,2.8341822189672348,2.3871582318318922e-06,-2.663307585960601e-06,nan,nan,nan,nan,nan,nan,nan,nan,1081.0,0.9598705768585205,8.401135444641113,2.0449705804309617,1.7972860899302576,1.1057202816009521,1.0933189392089844,0.9598705768585205,255.0,255.0,0.010612940119351153,0.0659307810327654,0.0140362740099969
1776509782.01568,14.01607574282531,-0.4914221943824247,2.834182218925279,2.387158196666185e-06,-2.6633085063507366e-06,nan,nan,nan,nan,nan,nan,nan,nan,1081.0,0.9598705768585205,8.401135444641113,2.0449705804309617,1.7972860899302576,1.1057202816009521,1.0933189392089844,0.9598705768585205,255.0,255.0,0.0106129400807558,0.06593078107472117,0.014036273647444827
1776509782.0647473,14.016075742328425,-0.4914221942655754,2.8341822188833357,2.387158559294399e-06,-2.663308733620344e-06,nan,nan,nan,nan,nan,nan,nan,nan,1081.0,0.9576907753944397,8.415088653564453,2.0438763545024847,1.7969566821517835,1.1070611476898193,1.0968492031097412,0.9576907753944397,255.0,255.0,0.010612940042159581,0.0659307811166645,0.014036273284891128
1776509782.1137397,14.016075741831537,-0.49142219414872595,2.83418221884138,2.387158678760567e-06,-2.6633092130020336e-06,nan,nan,nan,nan,nan,nan,nan,nan,1081.0,0.9576907753944397,8.415088653564453,2.0438763545024847,1.7969566821517835,1.1070611476898193,1.0968492031097412,0.9576907753944397,255.0,255.0,0.010612940003562507,0.06593078115862028,0.014036272922334472
1776509782.1638067,14.016075741334651,-0.49142219403187676,2.8341822187994192,2.387159224684846e-06,-2.6633103019749446e-06,nan,nan,nan,nan,nan,nan,nan,nan,1081.0,0.9576907753944397,8.415088653564453,2.0438763545024847,1.7969566821517835,1.1070611476898193,1.0968492031097412,0.9576907753944397,255.0,255.0,0.010612939964965805,0.06593078120058093,0.014036272559779222
1776509782.2157323,14.01607574083777,-0.4914221939150278,2.834182218757442,2.387159267518341e-06,-2.6633113384268066e-06,nan,nan,nan,nan,nan,nan,nan,nan,1081.0,0.964766800403595,8.404662132263184,2.0447637129447505,1.7967298247734453,1.1132949590682983,1.0923701524734497,0.964766800403595,255.0,255.0,0.010612939926370654,0.06593078124255802,0.014036272197228408
1776509782.269825,14.01607574083777,-0.4914221939150278,2.834182218757442,2.387159267518341e-06,-2.6633113384268066e-06,nan,nan,nan,nan,nan,nan,nan,nan,1081.0,0.964766800403595,8.404662132263184,2.0447637129447505,1.7967298247734453,1.1132949590682983,1.0923701524734497,0.964766800403595,255.0,255.0,0.010612939926370654,0.06593078124255802,0.014036272197228408
1776509782.315656,14.01607573984401,-0.49142219368133244,2.8341822186735115,2.3871592372078695e-06,-2.663315307329847e-06,nan,nan,nan,nan,nan,nan,nan,nan,1081.0,0.964766800403595,8.404662132263184,2.0447637129447505,1.7967298247734453,1.1132949590682983,1.0923701524734497,0.964766800403595,255.0,255.0,0.010612939849178186,0.06593078132648866,0.014036271472126957
1776509782.3646228,14.01607573984401,-0.49142219368133244,2.8341822186735115,2.3871592372078695e-06,-2.663315307329847e-06,nan,nan,nan,nan,nan,nan,nan,nan,1081.0,0.960185706615448,8.398496627807617,2.0450791138173474,1.796853502234875,1.1095350980758667,1.083389163017273,0.960185706615448,255.0,255.0,0.010612939849178186,0.06593078132648866,0.014036271472126957
1776509782.4146516,14.01607573885025,-0.4914221934476362,2.8341822185895693,2.387160081178588e-06,-2.6633147425266824e-06,nan,nan,nan,nan,nan,nan,nan,nan,1081.0,0.960185706615448,8.398496627807617,2.0450791138173474,1.796853502234875,1.1095350980758667,1.083389163017273,0.960185706615448,255.0,255.0,0.010612939771986135,0.06593078141043085,0.014036270747024494
1776509782.4633534,14.016075738353372,-0.4914221933307887,2.834182218547583,2.387160255956083e-06,-2.6633161352126952e-06,nan,nan,nan,nan,nan,nan,nan,nan,1081.0,0.9566904306411743,8.376378059387207,2.0453553844887717,1.7962156284908166,1.1097766160964966,1.0937389135360718,0.9566904306411743,255.0,255.0,0.010612939733390768,0.06593078145241726,0.014036270384476003
1776509782.5133865,14.016075738353372,-0.4914221933307887,2.834182218547583,2.387160255956083e-06,-2.6633161352126952e-06,nan,nan,nan,nan,nan,nan,nan,nan,1081.0,0.9566904306411743,8.376378059387207,2.0453553844887717,1.7962156284908166,1.1097766160964966,1.0937389135360718,0.9566904306411743,255.0,255.0,0.010612939733390768,0.06593078145241726,0.014036270384476003
1776509782.5650885,14.016075737856491,-0.4914221932139417,2.83418221850561,2.3871598436448673e-06,-2.6633193348665245e-06,nan,nan,nan,nan,nan,nan,nan,nan,1081.0,0.9566904306411743,8.376378059387207,2.0453553844887717,1.7962156284908166,1.1097766160964966,1.0937389135360718,0.9566904306411743,255.0,255.0,0.010612939694793676,0.06593078149439036,0.014036270021924197
1776509782.6135576,14.016075737359609,-0.4914221930970943,2.8341822184636367,2.3871596262989536e-06,-2.663320588738735e-06,nan,nan,nan,nan,nan,nan,nan,nan,1081.0,0.9590921401977539,8.389595031738281,2.044541614734939,1.7970773730260607,1.113931655883789,1.0972765684127808,0.9590921401977539,255.0,255.0,0.010612939656196467,0.06593078153636345,0.01403626965937112
1776509782.6698575,14.01607573686273,-0.4914221929802471,2.8341822184216525,2.3871600787868873e-06,-2.663319945705942e-06,nan,nan,nan,nan,nan,nan,nan,nan,1081.0,0.9590921401977539,8.389595031738281,2.044541614734939,1.7970773730260607,1.113931655883789,1.0972765684127808,0.9590921401977539,255.0,255.0,0.010612939617600226,0.06593078157834764,0.014036269296820966
1776509782.7167609,14.01607573636585,-0.49142219286340055,2.834182218379669,2.387160428264158e-06,-2.6633201120257342e-06,nan,nan,nan,nan,nan,nan,nan,nan,1081.0,0.9477060437202454,8.397662162780762,2.0449701635844173,1.7970356977611281,1.1044657230377197,1.094244122505188,0.9477060437202454,255.0,255.0,0.010612939579003342,0.06593078162033095,0.014036268934270475
1776509782.764018,14.016075735868975,-0.4914221927465547,2.8341822183376872,2.3871602619905618e-06,-2.663321244694069e-06,nan,nan,nan,nan,nan,nan,nan,nan,1081.0,0.9477060437202454,8.397662162780762,2.0449701635844173,1.7970356977611281,1.1044657230377197,1.094244122505188,0.9477060437202454,255.0,255.0,0.010612939540406886,0.06593078166231292,0.01403626857172267
1776509782.8288145,14.016075735372096,-0.49142219262970893,2.8341822182956973,2.3871605486962135e-06,-2.663323822676823e-06,nan,nan,nan,nan,nan,nan,nan,nan,1081.0,0.9477060437202454,8.397662162780762,2.0449701635844173,1.7970356977611281,1.1044657230377197,1.094244122505188,0.9477060437202454,255.0,255.0,0.010612939501809322,0.06593078170430289,0.014036268209171789
1776509782.871727,14.016075734875225,-0.49142219251286395,2.8341822182537166,2.3871609690082623e-06,-2.6633246290597593e-06,nan,nan,nan,nan,nan,nan,nan,nan,1081.0,0.9477060437202454,8.397662162780762,2.0449701635844173,1.7970356977611281,1.1044657230377197,1.094244122505188,0.9477060437202454,255.0,255.0,0.01061293946321308,0.06593078174628353,0.01403626784662657
1776509782.9137356,14.016075734378346,-0.4914221923960183,2.8341822182117227,2.3871612400901758e-06,-2.6633268201168853e-06,nan,nan,nan,nan,nan,nan,nan,nan,1081.0,0.959617018699646,8.420014381408691,2.045395513136667,1.7969423403013174,1.0939724445343018,1.093587875366211,0.959617018699646,255.0,255.0,0.010612939424615447,0.06593078178827749,0.01403626748407565
1776509782.9642124,14.01607573388147,-0.4914221922791738,2.834182218169723,2.387161470497714e-06,-2.6633262561326178e-06,nan,nan,nan,nan,nan,nan,nan,nan,1081.0,0.959617018699646,8.420014381408691,2.045395513136667,1.7969423403013174,1.0939724445343018,1.093587875366211,0.959617018699646,255.0,255.0,0.010612939386017883,0.06593078183027723,0.014036267121527184
1776509783.014003,14.016075733384598,-0.4914221921623303,2.8341822181277254,2.387161757835209e-06,-2.6633273920514503e-06,nan,nan,nan,nan,nan,nan,nan,nan,1081.0,0.9573822617530823,8.395716667175293,2.044929052314529,1.796407790297724,1.1135823726654053,1.0935841798782349,0.9573822617530823,255.0,255.0,0.010612939347420369,0.06593078187227475,0.01403626675898121
1776509783.0642266,14.016075733384598,-0.4914221921623303,2.8341822181277254,2.387161757835209e-06,-2.6633273920514503e-06,nan,nan,nan,nan,nan,nan,nan,nan,1081.0,0.9573822617530823,8.395716667175293,2.044929052314529,1.796407790297724,1.1135823726654053,1.0935841798782349,0.9573822617530823,255.0,255.0,0.010612939347420369,0.06593078187227475,0.01403626675898121
1776509783.1140695,14.016075732887723,-0.49142219204548804,2.8341822180857252,2.387161955511119e-06,-2.663328852948716e-06,nan,nan,nan,nan,nan,nan,nan,nan,1081.0,0.9573822617530823,8.395716667175293,2.044929052314529,1.796407790297724,1.1135823726654053,1.0935841798782349,0.9573822617530823,255.0,255.0,0.010612939308820641,0.06593078191427493,0.014036266396431577
1776509783.1636143,14.016075732390847,-0.4914221919286464,2.834182218043729,2.3871621605133695e-06,-2.6633304575744677e-06,nan,nan,nan,nan,nan,nan,nan,nan,1081.0,0.9525415301322937,8.414175033569336,2.0443717889715187,1.7974756398134724,1.1218863725662231,1.090125322341919,0.9525415301322937,255.0,255.0,0.010612939270220292,0.06593078195627111,0.01403626603388163
1776509783.2246654,14.016075731893974,-0.49142219181180585,2.8341822180017258,2.3871622176380693e-06,-2.663331581234493e-06,nan,nan,nan,nan,nan,nan,nan,nan,1081.0,0.9525415301322937,8.414175033569336,2.0443717889715187,1.7974756398134724,1.1218863725662231,1.090125322341919,0.9525415301322937,255.0,255.0,0.01061293923161949,0.0659307819982744,0.014036265671332631
1776509783.2636316,14.0160757313971,-0.49142219169496676,2.834182217959714,2.3871625413466022e-06,-2.663332721836192e-06,nan,nan,nan,nan,nan,nan,nan,nan,1081.0,0.9525415301322937,8.414175033569336,2.0443717889715187,1.7974756398134724,1.1218863725662231,1.090125322341919,0.9525415301322937,255.0,255.0,0.010612939193017389,0.06593078204028613,0.014036265308782887
1776509783.3138204,14.016075730900228,-0.4914221915781278,2.8341822179176877,2.3871630468450786e-06,-2.663333211775164e-06,nan,nan,nan,nan,nan,nan,nan,nan,1081.0,0.9588056206703186,8.389989852905273,2.045028905312735,1.7967069858375244,1.118275761604309,1.0919480323791504,0.9588056206703186,255.0,255.0,0.010612939154415853,0.06593078208231251,0.014036264946234606
1776509783.3665948,14.016075730403356,-0.49142219146128924,2.83418221787566,2.3871633248619167e-06,-2.6633358499381575e-06,nan,nan,nan,nan,nan,nan,nan,nan,1081.0,0.9588056206703186,8.389989852905273,2.045028905312735,1.7967069858375244,1.118275761604309,1.0919480323791504,0.9588056206703186,255.0,255.0,0.010612939115813907,0.06593078212434023,0.014036264583686103
1776509783.414801,14.016075729906483,-0.4914221913444498,2.8341822178336282,2.387163284265125e-06,-2.663338382421763e-06,nan,nan,nan,nan,nan,nan,nan,nan,1081.0,0.9588056206703186,8.389989852905273,2.045028905312735,1.7967069858375244,1.118275761604309,1.0919480323791504,0.9588056206703186,255.0,255.0,0.010612939077212308,0.06593078216637194,0.01403626422113656
1776509783.4671612,14.016075729409613,-0.49142219122761216,2.834182217791604,2.38716367558553e-06,-2.6633383546268243e-06,nan,nan,nan,nan,nan,nan,nan,nan,1081.0,0.9523590207099915,8.39992618560791,2.0456216464871946,1.7972447088889323,1.113801121711731,1.0968830585479736,0.9523590207099915,255.0,255.0,0.01061293903861002,0.0659307822083961,0.014036263858589125
1776509783.5157216,14.016075729409613,-0.49142219122761216,2.834182217791604,2.38716367558553e-06,-2.6633383546268243e-06,nan,nan,nan,nan,nan,nan,nan,nan,1081.0,0.9523590207099915,8.39992618560791,2.0456216464871946,1.7972447088889323,1.113801121711731,1.0968830585479736,0.9523590207099915,255.0,255.0,0.01061293903861002,0.0659307822083961,0.014036263858589125
1776509783.5636587,14.016075728912742,-0.4914221911107745,2.834182217749563,2.38716378066085e-06,-2.663337394156338e-06,nan,nan,nan,nan,nan,nan,nan,nan,1081.0,0.9523590207099915,8.39992618560791,2.0456216464871946,1.7972447088889323,1.113801121711731,1.0968830585479736,0.9523590207099915,255.0,255.0,0.010612939000007886,0.06593078225043714,0.014036263496041701
1776509783.6191146,14.016075728415872,-0.4914221909939361,2.834182217707523,2.387164138141347e-06,-2.663338697991178e-06,nan,nan,nan,nan,nan,nan,nan,nan,1081.0,0.9556968808174133,8.392578125,2.044933360225067,1.7967582905983546,1.1258678436279297,1.0935535430908203,0.9556968808174133,255.0,255.0,0.010612938961406486,0.06593078229247729,0.014036263133494691
1776509783.6636484,14.016075727919004,-0.49142219087709776,2.8341822176654734,2.387164596600277e-06,-2.6633414505168025e-06,nan,nan,nan,nan,nan,nan,nan,nan,1081.0,0.9556968808174133,8.392578125,2.044933360225067,1.7967582905983546,1.1258678436279297,1.0935535430908203,0.9556968808174133,255.0,255.0,0.010612938922805602,0.06593078233452676,0.014036262770949146
1776509783.7137403,14.016075727919004,-0.49142219087709776,2.8341822176654734,2.387164596600277e-06,-2.6633414505168025e-06,nan,nan,nan,nan,nan,nan,nan,nan,1081.0,0.9556968808174133,8.392578125,2.044933360225067,1.7967582905983546,1.1258678436279297,1.0935535430908203,0.9556968808174133,255.0,255.0,0.010612938922805602,0.06593078233452676,0.014036262770949146
1776509783.7636533,14.016075727422132,-0.49142219076026056,2.834182217623438,2.387164477251261e-06,-2.663342636936393e-06,nan,nan,nan,nan,nan,nan,nan,nan,1081.0,0.9556968808174133,8.392578125,2.044933360225067,1.7967582905983546,1.1258678436279297,1.0935535430908203,0.9556968808174133,255.0,255.0,0.010612938884202457,0.06593078237656202,0.0140362624084
1776509783.8186991,14.016075726925266,-0.4914221906434246,2.834182217581398,2.3871647903083795e-06,-2.663345049435487e-06,nan,nan,nan,nan,nan,nan,nan,nan,1081.0,0.954315185546875,8.397786140441895,2.0455733897176525,1.7973517226209432,1.1117247343063354,1.0808252096176147,0.954315185546875,255.0,255.0,0.010612938845599803,0.06593078241860217,0.014036262045854772
1776509783.8680198,14.016075726925266,-0.4914221906434246,2.834182217581398,2.3871647903083795e-06,-2.663345049435487e-06,nan,nan,nan,nan,nan,nan,nan,nan,1081.0,0.954315185546875,8.397786140441895,2.0455733897176525,1.7973517226209432,1.1117247343063354,1.0808252096176147,0.954315185546875,255.0,255.0,0.010612938845599803,0.06593078241860217,0.014036262045854772
1776509783.9142234,14.016075726428392,-0.49142219052658803,2.8341822175393343,2.387165251731121e-06,-2.663343199738588e-06,nan,nan,nan,nan,nan,nan,nan,nan,1081.0,0.954315185546875,8.397786140441895,2.0455733897176525,1.7973517226209432,1.1117247343063354,1.0808252096176147,0.954315185546875,255.0,255.0,0.010612938806995743,0.06593078246066586,0.014036261683303786
1776509783.963908,14.016075726428392,-0.49142219052658803,2.8341822175393343,2.387165251731121e-06,-2.663343199738588e-06,nan,nan,nan,nan,nan,nan,nan,nan,1081.0,0.954315185546875,8.397786140441895,2.0455733897176525,1.7973517226209432,1.1117247343063354,1.0808252096176147,0.954315185546875,255.0,255.0,0.010612938806995743,0.06593078246066586,0.014036261683303786
1776509784.0137148,14.016075725931527,-0.4914221904097514,2.834182217497275,2.3871655886243436e-06,-2.6633447196170204e-06,nan,nan,nan,nan,nan,nan,nan,nan,1081.0,0.954315185546875,8.397786140441895,2.0455733897176525,1.7973517226209432,1.1117247343063354,1.0808252096176147,0.954315185546875,255.0,255.0,0.010612938768394439,0.0659307825027251,0.014036261320760435
1776509784.0666537,14.016075725931527,-0.4914221904097514,2.834182217497275,2.3871655886243436e-06,-2.6633447196170204e-06,nan,nan,nan,nan,nan,nan,nan,nan,1081.0,0.9507580399513245,8.397239685058594,2.044629058884207,1.7967743990311633,1.1163192987442017,1.0882810354232788,0.9507580399513245,255.0,255.0,0.010612938768394439,0.0659307825027251,0.014036261320760435
1776509784.113654,14.01607572543466,-0.49142219029291606,2.8341822174552127,2.38716554123903e-06,-2.6633466389942278e-06,nan,nan,nan,nan,nan,nan,nan,nan,1081.0,0.9507580399513245,8.397239685058594,2.044629058884207,1.7967743990311633,1.1163192987442017,1.0882810354232788,0.9507580399513245,255.0,255.0,0.010612938729791355,0.06593078254478746,0.014036260958214884
1776509784.1645422,14.016075724937794,-0.4914221901760813,2.834182217413161,2.3871661223846613e-06,-2.663348807170961e-06,nan,nan,nan,nan,nan,nan,nan,nan,1081.0,0.9507580399513245,8.397239685058594,2.044629058884207,1.7967743990311633,1.1163192987442017,1.0882810354232788,0.9507580399513245,255.0,255.0,0.010612938691187644,0.06593078258683915,0.014036260595669054
1776509784.2132652,14.016075724937794,-0.4914221901760813,2.834182217413161,2.3871661223846613e-06,-2.663348807170961e-06,nan,nan,nan,nan,nan,nan,nan,nan,1081.0,0.9646857380867004,8.409256935119629,2.044779678112263,1.7968282125987163,1.1098498106002808,1.0858063697814941,0.9646857380867004,255.0,255.0,0.010612938691187644,0.06593078258683915,0.014036260595669054
1776509784.2636542,14.016075724440928,-0.4914221900592463,2.834182217371104,2.3871662242230548e-06,-2.6633499507626885e-06,nan,nan,nan,nan,nan,nan,nan,nan,1081.0,0.9646857380867004,8.409256935119629,2.044779678112263,1.7968282125987163,1.1098498106002808,1.0858063697814941,0.9646857380867004,255.0,255.0,0.010612938652584192,0.06593078262889618,0.014036260233123347
1776509784.33037,14.016075723944057,-0.49142218994241155,2.834182217329045,2.3871665525728073e-06,-2.6633497963369884e-06,nan,nan,nan,nan,nan,nan,nan,nan,1081.0,0.9646857380867004,8.409256935119629,2.044779678112263,1.7968282125987163,1.1098498106002808,1.0858063697814941,0.9646857380867004,255.0,255.0,0.01061293861397947,0.06593078267095498,0.014036259870574507
1776509784.371951,14.016075723944057,-0.49142218994241155,2.834182217329045,2.3871665525728073e-06,-2.6633497963369884e-06,nan,nan,nan,nan,nan,nan,nan,nan,1081.0,0.9646857380867004,8.409256935119629,2.044779678112263,1.7968282125987163,1.1098498106002808,1.0858063697814941,0.9646857380867004,255.0,255.0,0.01061293861397947,0.06593078267095498,0.014036259870574507
1776509784.4135222,14.016075723447196,-0.49142218982557767,2.834182217286972,2.3871666976440635e-06,-2.6633490641063662e-06,nan,nan,nan,nan,nan,nan,nan,nan,1081.0,0.961476743221283,8.407515525817871,2.045158458406676,1.796878169135697,1.1196950674057007,1.0932395458221436,0.961476743221283,255.0,255.0,0.01061293857537672,0.06593078271302799,0.014036259508032783
1776509784.4637294,14.016075722950335,-0.49142218970874324,2.834182217244929,2.387166928832996e-06,-2.6633516972453446e-06,nan,nan,nan,nan,nan,nan,nan,nan,1081.0,0.961476743221283,8.407515525817871,2.045158458406676,1.796878169135697,1.1196950674057007,1.0932395458221436,0.961476743221283,255.0,255.0,0.010612938536774228,0.06593078275507125,0.014036259145491359
1776509784.5136275,14.016075722950335,-0.49142218970874324,2.834182217244929,2.387166928832996e-06,-2.6633516972453446e-06,nan,nan,nan,nan,nan,nan,nan,nan,1081.0,0.961476743221283,8.407515525817871,2.045158458406676,1.796878169135697,1.1196950674057007,1.0932395458221436,0.961476743221283,255.0,255.0,0.010612938536774228,0.06593078275507125,0.014036259145491359
1776509784.5661519,14.01607572245347,-0.49142218959190925,2.834182217202878,2.3871670080018575e-06,-2.6633533887039853e-06,nan,nan,nan,nan,nan,nan,nan,nan,1081.0,0.961476743221283,8.407515525817871,2.045158458406676,1.796878169135697,1.1196950674057007,1.0932395458221436,0.961476743221283,255.0,255.0,0.010612938498170304,0.06593078279712206,0.01403625878294668
1776509784.6190937,14.016075721956604,-0.49142218947507554,2.83418221716081,2.3871673262822606e-06,-2.663354891078514e-06,nan,nan,nan,nan,nan,nan,nan,nan,1081.0,0.9612467288970947,8.382433891296387,2.044415621764124,1.7966172961161773,1.11770761013031,1.0785959959030151,0.9612467288970947,255.0,255.0,0.010612938459565737,0.06593078283919018,0.014036258420400355
1776509784.6696458,14.016075721459744,-0.49142218935824195,2.83418221711873,2.387167639488919e-06,-2.66335390149868e-06,nan,nan,nan,nan,nan,nan,nan,nan,1081.0,0.9612467288970947,8.382433891296387,2.044415621764124,1.7966172961161773,1.11770761013031,1.0785959959030151,0.9612467288970947,255.0,255.0,0.010612938420963326,0.0659307828812703,0.014036258057860034
1776509784.7139037,14.016075720962878,-0.49142218924140874,2.8341822170766755,2.3871679903000533e-06,-2.6633548640494434e-06,nan,nan,nan,nan,nan,nan,nan,nan,1081.0,0.9612467288970947,8.382433891296387,2.044415621764124,1.7966172961161773,1.11770761013031,1.0785959959030151,0.9612467288970947,255.0,255.0,0.010612938382358158,0.06593078292332466,0.014036257695313465
1776509784.7691574,14.01607572046602,-0.49142218912457586,2.8341822170346025,2.387168096303914e-06,-2.663355737078651e-06,nan,nan,nan,nan,nan,nan,nan,nan,1081.0,0.9583936333656311,8.394346237182617,2.0449546749232326,1.7965158351076957,1.1109708547592163,1.0923691987991333,0.9583936333656311,255.0,255.0,0.01061293834375553,0.06593078296539767,0.014036257332774301
1776509784.8138065,14.01607572046602,-0.49142218912457586,2.8341822170346025,2.387168096303914e-06,-2.663355737078651e-06,nan,nan,nan,nan,nan,nan,nan,nan,1081.0,0.9583936333656311,8.394346237182617,2.0449546749232326,1.7965158351076957,1.1109708547592163,1.0923691987991333,0.9583936333656311,255.0,255.0,0.01061293834375553,0.06593078296539767,0.014036257332774301
1776509784.8641868,14.016075719969164,-0.4914221890077432,2.8341822169925512,2.3871688124995903e-06,-2.6633574576316337e-06,nan,nan,nan,nan,nan,nan,nan,nan,1081.0,0.9518429040908813,8.390070915222168,2.045232244600972,1.7971742326535032,1.0989015102386475,1.0939793586730957,0.9518429040908813,255.0,255.0,0.010612938305153028,0.06593078300744892,0.014036256970236548
1776509784.9168155,14.016075719472305,-0.4914221888909103,2.8341822169505013,2.387168833554246e-06,-2.663359942963876e-06,nan,nan,nan,nan,nan,nan,nan,nan,1081.0,0.9518429040908813,8.390070915222168,2.045232244600972,1.7971742326535032,1.0989015102386475,1.0939793586730957,0.9518429040908813,255.0,255.0,0.010612938266549651,0.06593078304949884,0.014036256607695889
1776509784.967615,14.016075718975443,-0.49142218877407734,2.834182216908429,2.3871689675343672e-06,-2.6633594549504276e-06,nan,nan,nan,nan,nan,nan,nan,nan,1081.0,0.9518429040908813,8.390070915222168,2.045232244600972,1.7971742326535032,1.0989015102386475,1.0939793586730957,0.9518429040908813,255.0,255.0,0.010612938227946046,0.06593078309157097,0.014036256245153783
1776509785.0155354,14.016075718478582,-0.4914221886572448,2.8341822168663606,2.3871690490870797e-06,-2.663358627531601e-06,nan,nan,nan,nan,nan,nan,nan,nan,1081.0,0.9518429040908813,8.390070915222168,2.045232244600972,1.7971742326535032,1.0989015102386475,1.0939793586730957,0.9518429040908813,255.0,255.0,0.010612938189341985,0.06593078313363954,0.014036255882611454
1776509785.0659864,14.016075718478582,-0.4914221886572448,2.8341822168663606,2.3871690490870797e-06,-2.663358627531601e-06,nan,nan,nan,nan,nan,nan,nan,nan,1081.0,0.9544947147369385,8.381891250610352,2.0443213398979285,1.797003033795627,1.110247254371643,1.0913465023040771,0.9544947147369385,255.0,255.0,0.010612938189341985,0.06593078313363954,0.014036255882611454
1776509785.1196318,14.01607571798173,-0.4914221885404128,2.8341822168242814,2.3871696380790586e-06,-2.6633612956933393e-06,nan,nan,nan,nan,nan,nan,nan,nan,1081.0,0.9544947147369385,8.381891250610352,2.0443213398979285,1.797003033795627,1.110247254371643,1.0913465023040771,0.9544947147369385,255.0,255.0,0.01061293815074018,0.06593078317571877,0.014036255520076417
1776509785.167742,14.016075717484869,-0.4914221884235806,2.8341822167822057,2.3871699832268154e-06,-2.6633641867331753e-06,nan,nan,nan,nan,nan,nan,nan,nan,1081.0,0.9544947147369385,8.381891250610352,2.0443213398979285,1.797003033795627,1.110247254371643,1.0913465023040771,0.9544947147369385,255.0,255.0,0.010612938112135867,0.06593078321779444,0.014036255157533933
1776509785.2176383,14.016075717484869,-0.4914221884235806,2.8341822167822057,2.3871699832268154e-06,-2.6633641867331753e-06,nan,nan,nan,nan,nan,nan,nan,nan,1081.0,0.9574114084243774,8.412675857543945,2.044588393849647,1.797129368111927,1.115583062171936,1.0944257974624634,0.9574114084243774,255.0,255.0,0.010612938112135867,0.06593078321779444,0.014036255157533933
1776509785.265139,14.016075716988007,-0.4914221883067484,2.834182216740124,2.387169823576296e-06,-2.663364547875307e-06,nan,nan,nan,nan,nan,nan,nan,nan,1081.0,0.9574114084243774,8.412675857543945,2.044588393849647,1.797129368111927,1.115583062171936,1.0944257974624634,0.9574114084243774,255.0,255.0,0.010612938073531614,0.06593078325987634,0.014036254794991456
1776509785.3137543,14.016075716491153,-0.4914221881899173,2.8341822166980455,2.3871700150065873e-06,-2.663364490756962e-06,nan,nan,nan,nan,nan,nan,nan,nan,1081.0,0.9574114084243774,8.412675857543945,2.044588393849647,1.797129368111927,1.115583062171936,1.0944257974624634,0.9574114084243774,255.0,255.0,0.010612938034928415,0.06593078330195468,0.014036254432454468
1776509785.3666606,14.016075715994297,-0.4914221880730861,2.8341822166559707,2.387170431366589e-06,-2.6633629170037717e-06,nan,nan,nan,nan,nan,nan,nan,nan,1081.0,0.9581669569015503,8.39980697631836,2.0445633890119335,1.7974730145073101,1.1227723360061646,1.088428020477295,0.9581669569015503,255.0,255.0,0.010612937996324755,0.06593078334402946,0.014036254069916033
1776509785.4138222,14.016075715000591,-0.49142218783942415,2.834182216571831,2.3871711411191284e-06,-2.6633670936958847e-06,nan,nan,nan,nan,nan,nan,nan,nan,1081.0,0.9581669569015503,8.39980697631836,2.0445633890119335,1.7974730145073101,1.1227723360061646,1.088428020477295,0.9581669569015503,255.0,255.0,0.010612937919118479,0.06593078342816927,0.014036253344843472
1776509785.4686158,14.016075714503737,-0.4914221877225928,2.8341822165297614,2.387171227489408e-06,-2.663369323002673e-06,nan,nan,nan,nan,nan,nan,nan,nan,1081.0,0.9535406827926636,8.397268295288086,2.0448069564177964,1.7970618411438632,1.110660195350647,1.0961395502090454,0.9535406827926636,255.0,255.0,0.010612937880515464,0.06593078347023873,0.014036252982306664
1776509785.5151458,14.016075714006886,-0.4914221876057628,2.8341822164876764,2.3871714541042543e-06,-2.6633703550603375e-06,nan,nan,nan,nan,nan,nan,nan,nan,1081.0,0.9535406827926636,8.397268295288086,2.0448069564177964,1.7970618411438632,1.110660195350647,1.0961395502090454,0.9535406827926636,255.0,255.0,0.010612937841912345,0.06593078351232373,0.014036252619772172
1776509785.5648105,14.016075714006886,-0.4914221876057628,2.8341822164876764,2.3871714541042543e-06,-2.6633703550603375e-06,nan,nan,nan,nan,nan,nan,nan,nan,1081.0,0.9535406827926636,8.397268295288086,2.0448069564177964,1.7970618411438632,1.110660195350647,1.0961395502090454,0.9535406827926636,255.0,255.0,0.010612937841912345,0.06593078351232373,0.014036252619772172
1776509785.614003,14.016075713510032,-0.4914221874889337,2.834182216445591,2.3871714889098926e-06,-2.6633686721069867e-06,nan,nan,nan,nan,nan,nan,nan,nan,1081.0,0.9631772637367249,8.404257774353027,2.0453582259927163,1.796044458374193,1.1193621158599854,1.084763765335083,0.9631772637367249,255.0,255.0,0.010612937803307309,0.06593078355440918,0.014036252257234193
1776509785.663757,14.016075713013182,-0.491422187372104,2.8341822164034904,2.387172018068401e-06,-2.6633727529962675e-06,nan,nan,nan,nan,nan,nan,nan,nan,1081.0,0.9631772637367249,8.404257774353027,2.0453582259927163,1.796044458374193,1.1193621158599854,1.084763765335083,0.9631772637367249,255.0,255.0,0.010612937764704015,0.06593078359650972,0.014036251894699543
1776509785.7172632,14.016075712516331,-0.4914221872552748,2.8341822163614045,2.3871723253546714e-06,-2.6633723432188593e-06,nan,nan,nan,nan,nan,nan,nan,nan,1081.0,0.9631772637367249,8.404257774353027,2.0453582259927163,1.796044458374193,1.1193621158599854,1.084763765335083,0.9631772637367249,255.0,255.0,0.010612937726100162,0.06593078363859561,0.014036251532164671
1776509785.764858,14.01607571201948,-0.49142218713844515,2.8341822163193218,2.3871723368303606e-06,-2.6633744777637546e-06,nan,nan,nan,nan,nan,nan,nan,nan,1081.0,0.954695999622345,8.413054466247559,2.0447637093607525,1.796930768875685,1.1237106323242188,1.0918983221054077,0.954695999622345,255.0,255.0,0.010612937687496707,0.0659307836806784,0.01403625116963004
1776509785.8136265,14.016075711522628,-0.49142218702161583,2.834182216277237,2.3871723753264974e-06,-2.663375893840903e-06,nan,nan,nan,nan,nan,nan,nan,nan,1081.0,0.954695999622345,8.413054466247559,2.0447637093607525,1.796930768875685,1.1237106323242188,1.0918983221054077,0.954695999622345,255.0,255.0,0.01061293764889241,0.06593078372276295,0.014036250807093729
1776509785.8636434,14.016075711522628,-0.49142218702161583,2.834182216277237,2.3871723753264974e-06,-2.663375893840903e-06,nan,nan,nan,nan,nan,nan,nan,nan,1081.0,0.954695999622345,8.413054466247559,2.0447637093607525,1.796930768875685,1.1237106323242188,1.0918983221054077,0.954695999622345,255.0,255.0,0.01061293764889241,0.06593078372276295,0.014036250807093729
1776509785.9186966,14.016075711025776,-0.49142218690478817,2.8341822162351424,2.3871726821593273e-06,-2.663375173210693e-06,nan,nan,nan,nan,nan,nan,nan,nan,1081.0,0.9564054608345032,8.41165542602539,2.044699043504184,1.7972627952848617,1.1043028831481934,1.0821354389190674,0.9564054608345032,255.0,255.0,0.010612937610286621,0.06593078376485773,0.014036250444556558
1776509785.9676683,14.016075710528929,-0.49142218678796085,2.834182216193037,2.387173091056187e-06,-2.6633784179810443e-06,nan,nan,nan,nan,nan,nan,nan,nan,1081.0,0.9564054608345032,8.41165542602539,2.044699043504184,1.7972627952848617,1.1043028831481934,1.0821354389190674,0.9564054608345032,255.0,255.0,0.010612937571682225,0.06593078380696316,0.014036250082023766
1776509786.0137348,14.016075710032078,-0.4914221866711344,2.8341822161509325,2.3871736467268704e-06,-2.6633794624651016e-06,nan,nan,nan,nan,nan,nan,nan,nan,1081.0,0.9564054608345032,8.41165542602539,2.044699043504184,1.7972627952848617,1.1043028831481934,1.0821354389190674,0.9564054608345032,255.0,255.0,0.010612937533075899,0.0659307838490677,0.014036249719487486
1776509786.064616,14.016075709535224,-0.49142218655430886,2.8341822161088217,2.387173552909877e-06,-2.663381385943486e-06,nan,nan,nan,nan,nan,nan,nan,nan,1081.0,0.9560239911079407,8.391215324401855,2.0444029873989997,1.7967117003224575,1.1038919687271118,1.0873713493347168,0.9560239911079407,255.0,255.0,0.010612937494467706,0.06593078389117846,0.014036249356947727
1776509786.113739,14.016075709038375,-0.49142218643748464,2.834182216066709,2.3871728577440696e-06,-2.663382931003383e-06,nan,nan,nan,nan,nan,nan,nan,nan,1081.0,0.9560239911079407,8.391215324401855,2.0444029873989997,1.7967117003224575,1.1038919687271118,1.0873713493347168,0.9560239911079407,255.0,255.0,0.010612937455859877,0.06593078393329099,0.014036248994411821
1776509786.1647034,14.016075708541527,-0.49142218632066054,2.8341822160245638,2.3871730179935875e-06,-2.6633821214510586e-06,nan,nan,nan,nan,nan,nan,nan,nan,1081.0,0.9543045163154602,8.405695915222168,2.0449861215287948,1.7973618138835687,1.1175148487091064,1.0851601362228394,0.9543045163154602,255.0,255.0,0.01061293741725224,0.06593078397543639,0.014036248631875869
1776509786.2166557,14.016075708044678,-0.49142218620383665,2.8341822159824206,2.387173126142353e-06,-2.6633826842278994e-06,nan,nan,nan,nan,nan,nan,nan,nan,1081.0,0.9543045163154602,8.405695915222168,2.0449861215287948,1.7973618138835687,1.1175148487091064,1.0851601362228394,0.9543045163154602,255.0,255.0,0.010612937378644374,0.06593078401757957,0.014036248269339809
1776509786.2677755,14.016075707547834,-0.49142218608701266,2.8341822159402947,2.387173273366009e-06,-2.66338538720574e-06,nan,nan,nan,nan,nan,nan,nan,nan,1081.0,0.9543045163154602,8.405695915222168,2.0449861215287948,1.7973618138835687,1.1175148487091064,1.0851601362228394,0.9543045163154602,255.0,255.0,0.010612937340038065,0.06593078405970543,0.01403624790680836
1776509786.3137634,14.016075707050986,-0.491422185970189,2.834182215898185,2.387173631519512e-06,-2.663386324368701e-06,nan,nan,nan,nan,nan,nan,nan,nan,1081.0,0.9608901143074036,8.404186248779297,2.0447038206427766,1.7964788134017782,1.110339879989624,1.0886101722717285,0.9608901143074036,255.0,255.0,0.01061293730142968,0.0659307841018153,0.0140362475442722
1776509786.363647,14.016075707050986,-0.491422185970189,2.834182215898185,2.387173631519512e-06,-2.663386324368701e-06,nan,nan,nan,nan,nan,nan,nan,nan,1081.0,0.9608901143074036,8.404186248779297,2.0447038206427766,1.7964788134017782,1.110339879989624,1.0886101722717285,0.9608901143074036,255.0,255.0,0.01061293730142968,0.0659307841018153,0.0140362475442722
1776509786.414412,14.016075706554144,-0.49142218585336556,2.834182215856069,2.387173914929563e-06,-2.6633880910019942e-06,nan,nan,nan,nan,nan,nan,nan,nan,1081.0,0.9608901143074036,8.404186248779297,2.0447038206427766,1.7964788134017782,1.110339879989624,1.0886101722717285,0.9608901143074036,255.0,255.0,0.010612937262823285,0.06593078414393094,0.014036247181741993
1776509786.466783,14.016075706057295,-0.4914221857365422,2.834182215813923,2.3871744026960124e-06,-2.663386489555161e-06,nan,nan,nan,nan,nan,nan,nan,nan,1081.0,0.9608901143074036,8.404186248779297,2.0447038206427766,1.7964788134017782,1.110339879989624,1.0886101722717285,0.9608901143074036,255.0,255.0,0.010612937224214917,0.06593078418607723,0.014036246819205681
1776509786.5137777,14.016075706057295,-0.4914221857365422,2.834182215813923,2.3871744026960124e-06,-2.663386489555161e-06,nan,nan,nan,nan,nan,nan,nan,nan,1081.0,0.9588749408721924,8.401749610900879,2.0446773094231063,1.7974155900811608,1.1192433834075928,1.088161587715149,0.9588749408721924,255.0,255.0,0.010612937224214917,0.06593078418607723,0.014036246819205681
1776509786.5635355,14.016075705560448,-0.4914221856197188,2.834182215771792,2.387174575765879e-06,-2.6633875554943797e-06,nan,nan,nan,nan,nan,nan,nan,nan,1081.0,0.9588749408721924,8.401749610900879,2.0446773094231063,1.7974155900811608,1.1192433834075928,1.088161587715149,0.9588749408721924,255.0,255.0,0.01061293718560705,0.06593078422820797,0.014036246456670948
1776509786.6157506,14.016075705560448,-0.4914221856197188,2.834182215771792,2.387174575765879e-06,-2.6633875554943797e-06,nan,nan,nan,nan,nan,nan,nan,nan,1081.0,0.9588749408721924,8.401749610900879,2.0446773094231063,1.7974155900811608,1.1192433834075928,1.088161587715149,0.9588749408721924,255.0,255.0,0.01061293718560705,0.06593078422820797,0.014036246456670948
1776509786.664786,14.016075705063606,-0.4914221855028957,2.8341822157296552,2.38717458968548e-06,-2.663390363848479e-06,nan,nan,nan,nan,nan,nan,nan,nan,1081.0,0.9588749408721924,8.401749610900879,2.0446773094231063,1.7974155900811608,1.1192433834075928,1.088161587715149,0.9588749408721924,255.0,255.0,0.010612937147000534,0.06593078427034493,0.014036246094140595
1776509786.7176535,14.016075705063606,-0.4914221855028957,2.8341822157296552,2.38717458968548e-06,-2.663390363848479e-06,nan,nan,nan,nan,nan,nan,nan,nan,1081.0,0.9588749408721924,8.401749610900879,2.0446773094231063,1.7974155900811608,1.1192433834075928,1.088161587715149,0.9588749408721924,255.0,255.0,0.010612937147000534,0.06593078427034493,0.014036246094140595
1776509786.7636154,14.016075704566761,-0.49142218538607335,2.8341822156875183,2.387174915999473e-06,-2.6633925469595355e-06,nan,nan,nan,nan,nan,nan,nan,nan,1081.0,0.9531243443489075,8.407571792602539,2.045060850314582,1.7966830540036551,1.1094433069229126,1.0982317924499512,0.9531243443489075,255.0,255.0,0.010612937108392203,0.0659307843124819,0.014036245731606814
1776509786.8137677,14.016075704069914,-0.49142218526925047,2.834182215645373,2.3871750272492436e-06,-2.663391880025331e-06,nan,nan,nan,nan,nan,nan,nan,nan,1081.0,0.9531243443489075,8.407571792602539,2.045060850314582,1.7966830540036551,1.1094433069229126,1.0982317924499512,0.9531243443489075,255.0,255.0,0.01061293706978394,0.06593078435462729,0.01403624536907182
1776509786.8661053,14.016075703573069,-0.491422185152428,2.8341822156032452,2.3871757585558753e-06,-2.663391726766766e-06,nan,nan,nan,nan,nan,nan,nan,nan,1081.0,0.9531243443489075,8.407571792602539,2.045060850314582,1.7966830540036551,1.1094433069229126,1.0982317924499512,0.9531243443489075,255.0,255.0,0.01061293703117563,0.06593078439675493,0.014036245006538118
1776509786.9146981,14.016075703076226,-0.4914221850356057,2.8341822155611043,2.387175536338855e-06,-2.663393161430735e-06,nan,nan,nan,nan,nan,nan,nan,nan,1081.0,0.9607058167457581,8.40331745147705,2.044916007223226,1.7969814489045473,1.124474048614502,1.0966308116912842,0.9607058167457581,255.0,255.0,0.010612936992567872,0.06593078443889588,0.01403624464400588
1776509786.9646742,14.016075703076226,-0.4914221850356057,2.8341822155611043,2.387175536338855e-06,-2.663393161430735e-06,nan,nan,nan,nan,nan,nan,nan,nan,1081.0,0.9607058167457581,8.40331745147705,2.044916007223226,1.7969814489045473,1.124474048614502,1.0966308116912842,0.9607058167457581,255.0,255.0,0.010612936992567872,0.06593078443889588,0.01403624464400588
1776509787.0166,14.016075703076226,-0.4914221850356057,2.8341822155611043,2.387175536338855e-06,-2.663393161430735e-06,nan,nan,nan,nan,nan,nan,nan,nan,1081.0,0.9607058167457581,8.40331745147705,2.044916007223226,1.7969814489045473,1.124474048614502,1.0966308116912842,0.9607058167457581,255.0,255.0,0.010612936992567872,0.06593078443889588,0.01403624464400588
1776509787.0656378,14.016075702579386,-0.4914221849187838,2.8341822155189615,2.387176023651804e-06,-2.6633953061005503e-06,nan,nan,nan,nan,nan,nan,nan,nan,1081.0,0.9582033157348633,8.393617630004883,2.0454381502523784,1.7967032724530652,1.1089540719985962,1.093198299407959,0.9582033157348633,255.0,255.0,0.010612936953960782,0.06593078448103862,0.014036244281476448
1776509787.1136482,14.016075702082547,-0.49142218480196204,2.8341822154768197,2.387176143899517e-06,-2.6633978126508905e-06,nan,nan,nan,nan,nan,nan,nan,nan,1081.0,0.9582033157348633,8.393617630004883,2.0454381502523784,1.7967032724530652,1.1089540719985962,1.093198299407959,0.9582033157348633,255.0,255.0,0.010612936915354115,0.06593078452318046,0.014036243918948484
1776509787.1636317,14.016075701585706,-0.4914221846851405,2.8341822154346628,2.387176258406938e-06,-2.663397187356929e-06,nan,nan,nan,nan,nan,nan,nan,nan,1081.0,0.9582033157348633,8.393617630004883,2.0454381502523784,1.7967032724530652,1.1089540719985962,1.093198299407959,0.9582033157348633,255.0,255.0,0.010612936876746302,0.06593078456533741,0.014036243556417381
1776509787.2136447,14.016075701585706,-0.4914221846851405,2.8341822154346628,2.387176258406938e-06,-2.663397187356929e-06,nan,nan,nan,nan,nan,nan,nan,nan,1081.0,0.9582033157348633,8.393617630004883,2.0454381502523784,1.7967032724530652,1.1089540719985962,1.093198299407959,0.9582033157348633,255.0,255.0,0.010612936876746302,0.06593078456533741,0.014036243556417381
1776509787.2636235,14.016075701088862,-0.49142218456831893,2.83418221539252,2.3871767021478223e-06,-2.663397060093721e-06,nan,nan,nan,nan,nan,nan,nan,nan,1081.0,0.9617661237716675,8.407767295837402,2.0456168257341023,1.7973195659996686,1.116783618927002,1.0895180702209473,0.9617661237716675,255.0,255.0,0.01061293683813782,0.06593078460748014,0.014036243193884775
1776509787.3157523,14.016075700592026,-0.4914221844514984,2.834182215350369,2.387176709685567e-06,-2.663398289814697e-06,nan,nan,nan,nan,nan,nan,nan,nan,1081.0,0.9617661237716675,8.407767295837402,2.0456168257341023,1.7973195659996686,1.116783618927002,1.0895180702209473,0.9617661237716675,255.0,255.0,0.010612936799530613,0.06593078464963131,0.014036242831357713
1776509787.363626,14.016075700592026,-0.4914221844514984,2.834182215350369,2.387176709685567e-06,-2.663398289814697e-06,nan,nan,nan,nan,nan,nan,nan,nan,1081.0,0.9617661237716675,8.407767295837402,2.0456168257341023,1.7973195659996686,1.116783618927002,1.0895180702209473,0.9617661237716675,255.0,255.0,0.010612936799530613,0.06593078464963131,0.014036242831357713
1776509787.4188974,14.016075700095191,-0.49142218433467727,2.834182215308215,2.3871772448139095e-06,-2.663400304496979e-06,nan,nan,nan,nan,nan,nan,nan,nan,1081.0,0.9617661237716675,8.407767295837402,2.0456168257341023,1.7973195659996686,1.116783618927002,1.0895180702209473,0.9617661237716675,255.0,255.0,0.010612936760924497,0.06593078469178515,0.014036242468832463
1776509787.4667404,14.016075699598352,-0.49142218421785616,2.834182215266064,2.387177561254216e-06,-2.6634014690743254e-06,nan,nan,nan,nan,nan,nan,nan,nan,1081.0,0.9599577188491821,8.385347366333008,2.045313688310399,1.796388882516044,1.1071739196777344,1.0939713716506958,0.9599577188491821,255.0,255.0,0.010612936722316745,0.06593078473393632,0.014036242106302681
1776509787.531751,14.016075699598352,-0.49142218421785616,2.834182215266064,2.387177561254216e-06,-2.6634014690743254e-06,nan,nan,nan,nan,nan,nan,nan,nan,1081.0,0.9599577188491821,8.385347366333008,2.045313688310399,1.796388882516044,1.1071739196777344,1.0939713716506958,0.9599577188491821,255.0,255.0,0.010612936722316745,0.06593078473393632,0.014036242106302681
1776509787.56484,14.016075699101513,-0.4914221841010354,2.834182215223914,2.3871775994220608e-06,-2.663402825088281e-06,nan,nan,nan,nan,nan,nan,nan,nan,1081.0,0.9599577188491821,8.385347366333008,2.045313688310399,1.796388882516044,1.1071739196777344,1.0939713716506958,0.9599577188491821,255.0,255.0,0.0106129366837092,0.06593078477608616,0.014036241743774248
1776509787.6135814,14.016075698604675,-0.49142218398421506,2.8341822151817717,2.3871776993717677e-06,-2.663401589275943e-06,nan,nan,nan,nan,nan,nan,nan,nan,1081.0,0.9530742764472961,8.396323204040527,2.0448827357561252,1.797296244343969,1.1110206842422485,1.0974242687225342,0.9530742764472961,255.0,255.0,0.010612936645101163,0.06593078481822845,0.014036241381245592
1776509787.6676433,14.01607569810784,-0.49142218386739484,2.8341822151396303,2.3871780444160835e-06,-2.66340191204498e-06,nan,nan,nan,nan,nan,nan,nan,nan,1081.0,0.9530742764472961,8.396323204040527,2.0448827357561252,1.797296244343969,1.1110206842422485,1.0974242687225342,0.9530742764472961,255.0,255.0,0.010612936606494086,0.06593078486036985,0.014036241018719918
1776509787.7136467,14.01607569810784,-0.49142218386739484,2.8341822151396303,2.3871780444160835e-06,-2.66340191204498e-06,nan,nan,nan,nan,nan,nan,nan,nan,1081.0,0.9530742764472961,8.396323204040527,2.0448827357561252,1.797296244343969,1.1110206842422485,1.0974242687225342,0.9530742764472961,255.0,255.0,0.010612936606494086,0.06593078486036985,0.014036241018719918
1776509787.7726293,14.016075697611008,-0.4914221837505747,2.8341822150974574,2.387178518625432e-06,-2.6634063767971453e-06,nan,nan,nan,nan,nan,nan,nan,nan,1081.0,0.9530742764472961,8.396323204040527,2.0448827357561252,1.797296244343969,1.1110206842422485,1.0974242687225342,0.9530742764472961,255.0,255.0,0.01061293656788773,0.06593078490254278,0.014036240656195709
1776509787.81888,14.016075697114173,-0.4914221836337545,2.8341822150552995,2.387178915507451e-06,-2.6634070329035862e-06,nan,nan,nan,nan,nan,nan,nan,nan,1081.0,0.9560888409614563,8.413811683654785,2.04530921834801,1.7969629815646568,1.1010175943374634,1.0852817296981812,0.9560888409614563,255.0,255.0,0.010612936529280803,0.06593078494470062,0.01403624029367005
1776509787.8640883,14.016075696617335,-0.49142218351693484,2.834182215013142,2.3871788877889387e-06,-2.6634083489109373e-06,nan,nan,nan,nan,nan,nan,nan,nan,1081.0,0.9560888409614563,8.413811683654785,2.04530921834801,1.7969629815646568,1.1010175943374634,1.0852817296981812,0.9560888409614563,255.0,255.0,0.01061293649067227,0.065930784986858,0.014036239931141082
1776509787.9138286,14.016075696617335,-0.49142218351693484,2.834182215013142,2.3871788877889387e-06,-2.6634083489109373e-06,nan,nan,nan,nan,nan,nan,nan,nan,1081.0,0.9560888409614563,8.413811683654785,2.04530921834801,1.7969629815646568,1.1010175943374634,1.0852817296981812,0.9560888409614563,255.0,255.0,0.01061293649067227,0.065930784986858,0.014036239931141082
1776509787.9648008,14.016075696120504,-0.4914221834001152,2.834182214970989,2.387179249986869e-06,-2.663407782422178e-06,nan,nan,nan,nan,nan,nan,nan,nan,1081.0,0.9618704319000244,8.39521598815918,2.0449257729562977,1.7969825009177787,1.1167583465576172,1.0883914232254028,0.9618704319000244,255.0,255.0,0.010612936452065846,0.06593078502901095,0.014036239568618184
1776509788.0198193,14.016075696120504,-0.4914221834001152,2.834182214970989,2.387179249986869e-06,-2.663407782422178e-06,nan,nan,nan,nan,nan,nan,nan,nan,1081.0,0.9618704319000244,8.39521598815918,2.0449257729562977,1.7969825009177787,1.1167583465576172,1.0883914232254028,0.9618704319000244,255.0,255.0,0.010612936452065846,0.06593078502901095,0.014036239568618184
1776509788.0687087,14.016075695623668,-0.49142218328329573,2.8341822149288047,2.387179492098583e-06,-2.6634103092350675e-06,nan,nan,nan,nan,nan,nan,nan,nan,1081.0,0.9618704319000244,8.39521598815918,2.0449257729562977,1.7969825009177787,1.1167583465576172,1.0883914232254028,0.9618704319000244,255.0,255.0,0.010612936413457886,0.06593078507119543,0.014036239206090631
1776509788.1137795,14.016075695126831,-0.49142218316647607,2.8341822148866274,2.3871797543211795e-06,-2.6634115918188386e-06,nan,nan,nan,nan,nan,nan,nan,nan,1081.0,0.9618704319000244,8.39521598815918,2.0449257729562977,1.7969825009177787,1.1167583465576172,1.0883914232254028,0.9618704319000244,255.0,255.0,0.010612936374850073,0.0659307851133728,0.014036238843563207
1776509788.1677408,14.016075694630002,-0.4914221830496573,2.8341822148444646,2.3871801574535265e-06,-2.663411956890532e-06,nan,nan,nan,nan,nan,nan,nan,nan,1081.0,0.957328736782074,8.420729637145996,2.044520884283597,1.7971592896655493,1.1235120296478271,1.089771032333374,0.957328736782074,255.0,255.0,0.010612936336243429,0.06593078515553552,0.014036238481041385
1776509788.213642,14.016075694133173,-0.49142218293283885,2.834182214802318,2.387180122939164e-06,-2.6634119380371963e-06,nan,nan,nan,nan,nan,nan,nan,nan,1081.0,0.957328736782074,8.420729637145996,2.044520884283597,1.7971592896655493,1.1235120296478271,1.089771032333374,0.957328736782074,255.0,255.0,0.010612936297636318,0.06593078519768225,0.014036238118519397
1776509788.263653,14.016075693636342,-0.4914221828160203,2.8341822147601636,2.3871804401559913e-06,-2.663414138018279e-06,nan,nan,nan,nan,nan,nan,nan,nan,1081.0,0.957328736782074,8.420729637145996,2.044520884283597,1.7971592896655493,1.1235120296478271,1.089771032333374,0.957328736782074,255.0,255.0,0.010612936259028849,0.06593078523983653,0.014036237755995964
1776509788.313718,14.016075693636342,-0.4914221828160203,2.8341822147601636,2.3871804401559913e-06,-2.663414138018279e-06,nan,nan,nan,nan,nan,nan,nan,nan,1081.0,0.9614476561546326,8.39859390258789,2.045048295624492,1.7968788578744568,1.1034258604049683,1.097329020500183,0.9614476561546326,255.0,255.0,0.010612936259028849,0.06593078523983653,0.014036237755995964
1776509788.363769,14.016075693636342,-0.4914221828160203,2.8341822147601636,2.3871804401559913e-06,-2.663414138018279e-06,nan,nan,nan,nan,nan,nan,nan,nan,1081.0,0.9614476561546326,8.39859390258789,2.045048295624492,1.7968788578744568,1.1034258604049683,1.097329020500183,0.9614476561546326,255.0,255.0,0.010612936259028849,0.06593078523983653,0.014036237755995964
1776509788.415673,14.016075693139515,-0.49142218269920196,2.8341822147180125,2.387180891022393e-06,-2.6634129186646823e-06,nan,nan,nan,nan,nan,nan,nan,nan,1081.0,0.9614476561546326,8.39859390258789,2.045048295624492,1.7968788578744568,1.1034258604049683,1.097329020500183,0.9614476561546326,255.0,255.0,0.010612936220422212,0.0659307852819877,0.014036237393475452
1776509788.4667408,14.016075692642685,-0.4914221825823836,2.834182214675826,2.3871809257982578e-06,-2.66341630065184e-06,nan,nan,nan,nan,nan,nan,nan,nan,1081.0,0.9614476561546326,8.39859390258789,2.045048295624492,1.7968788578744568,1.1034258604049683,1.097329020500183,0.9614476561546326,255.0,255.0,0.010612936181815361,0.06593078532417396,0.014036237030953434
1776509788.51663,14.016075692145858,-0.4914221824655655,2.8341822146336435,2.387181127181448e-06,-2.663417530662472e-06,nan,nan,nan,nan,nan,nan,nan,nan,1081.0,0.9559221267700195,8.391294479370117,2.0448764444610568,1.7967331013662973,1.1095819473266602,1.0993874073028564,0.9559221267700195,255.0,255.0,0.010612936143208802,0.06593078536635666,0.014036236668432824
1776509788.5666652,14.01607569164903,-0.49142218234874796,2.834182214591481,2.387181297471212e-06,-2.6634186027139418e-06,nan,nan,nan,nan,nan,nan,nan,nan,1081.0,0.9559221267700195,8.391294479370117,2.0448764444610568,1.7967331013662973,1.1095819473266602,1.0993874073028564,0.9559221267700195,255.0,255.0,0.010612936104601532,0.06593078540851938,0.014036236305911933
1776509788.61365,14.01607569164903,-0.49142218234874796,2.834182214591481,2.387181297471212e-06,-2.6634186027139418e-06,nan,nan,nan,nan,nan,nan,nan,nan,1081.0,0.9559221267700195,8.391294479370117,2.0448764444610568,1.7967331013662973,1.1095819473266602,1.0993874073028564,0.9559221267700195,255.0,255.0,0.010612936104601532,0.06593078540851938,0.014036236305911933
1776509788.667879,14.016075691152206,-0.49142218223193107,2.834182214549321,2.387181815151886e-06,-2.6634196390295707e-06,nan,nan,nan,nan,nan,nan,nan,nan,1081.0,0.9601551294326782,8.39106559753418,2.044383466795128,1.796496172520018,1.1051198244094849,1.0895229578018188,0.9601551294326782,255.0,255.0,0.010612936065994671,0.06593078545067899,0.01403623594339373
1776509788.7136369,14.016075690655377,-0.4914221821151138,2.834182214507142,2.3871819526852212e-06,-2.663420536443893e-06,nan,nan,nan,nan,nan,nan,nan,nan,1081.0,0.9601551294326782,8.39106559753418,2.044383466795128,1.796496172520018,1.1051198244094849,1.0895229578018188,0.9601551294326782,255.0,255.0,0.010612936027386749,0.06593078549285813,0.0140362355808712
1776509788.765961,14.01607569015855,-0.49142218199829707,2.8341822144649558,2.38718230271607e-06,-2.663420768687987e-06,nan,nan,nan,nan,nan,nan,nan,nan,1081.0,0.9601551294326782,8.39106559753418,2.044383466795128,1.796496172520018,1.1051198244094849,1.0895229578018188,0.9601551294326782,255.0,255.0,0.010612935988778901,0.06593078553504439,0.0140362352183499
1776509788.8187888,14.016075689661728,-0.4914221818814804,2.8341822144227815,2.387182514387145e-06,-2.6634223833758736e-06,nan,nan,nan,nan,nan,nan,nan,nan,1081.0,0.9556576609611511,8.39598560333252,2.044893085625743,1.7970182976333673,1.105563759803772,1.0950477123260498,0.9556576609611511,255.0,255.0,0.010612935950172502,0.06593078557721865,0.014036234855833126
1776509788.8697534,14.0160756891649,-0.4914221817646644,2.8341822143806077,2.3871824898939498e-06,-2.663423873084096e-06,nan,nan,nan,nan,nan,nan,nan,nan,1081.0,0.9556576609611511,8.39598560333252,2.044893085625743,1.7970182976333673,1.105563759803772,1.0950477123260498,0.9556576609611511,255.0,255.0,0.010612935911563853,0.06593078561939247,0.01403623449331147
1776509788.9137843,14.016075688668074,-0.4914221816478496,2.8341822143384308,2.387182702753836e-06,-2.6634248263398104e-06,nan,nan,nan,nan,nan,nan,nan,nan,1081.0,0.9570526480674744,8.410832405090332,2.0452733067976556,1.796459384702875,1.1178945302963257,1.094692349433899,0.9570526480674744,255.0,255.0,0.010612935872954603,0.0659307856615694,0.014036234130790696
1776509788.967651,14.01607568817125,-0.4914221815310353,2.8341822142962365,2.3871832142050685e-06,-2.663424542331109e-06,nan,nan,nan,nan,nan,nan,nan,nan,1081.0,0.9570526480674744,8.410832405090332,2.0452733067976556,1.796459384702875,1.1178945302963257,1.094692349433899,0.9570526480674744,255.0,255.0,0.010612935834345628,0.06593078570376365,0.014036233768271218
1776509789.0157588,14.016075687674423,-0.49142218141422117,2.8341822142540556,2.3871833984871184e-06,-2.6634252090888686e-06,nan,nan,nan,nan,nan,nan,nan,nan,1081.0,0.9570526480674744,8.410832405090332,2.0452733067976556,1.796459384702875,1.1178945302963257,1.094692349433899,0.9570526480674744,255.0,255.0,0.010612935795735242,0.06593078574594458,0.0140362334057486
1776509789.0658355,14.0160756871776,-0.49142218129740783,2.8341822142118587,2.3871836138218442e-06,-2.663427428553847e-06,nan,nan,nan,nan,nan,nan,nan,nan,1081.0,0.964858889579773,8.397801399230957,2.0454678188089304,1.796352104731365,1.1167563199996948,1.0880216360092163,0.964858889579773,255.0,255.0,0.010612935757125876,0.06593078578814149,0.01403623304323013
1776509789.1137671,14.016075686680775,-0.49142218118059583,2.8341822141696498,2.387183639797767e-06,-2.6634311224374966e-06,nan,nan,nan,nan,nan,nan,nan,nan,1081.0,0.964858889579773,8.397801399230957,2.0454678188089304,1.796352104731365,1.1167563199996948,1.0880216360092163,0.964858889579773,255.0,255.0,0.010612935718514276,0.06593078583035039,0.014036232680707944
1776509789.1648188,14.016075686183951,-0.49142218106378427,2.8341822141274253,2.387184132829318e-06,-2.6634303485630035e-06,nan,nan,nan,nan,nan,nan,nan,nan,1081.0,0.9573861360549927,8.397035598754883,2.044937270973481,1.7964850302906112,1.1135787963867188,1.0908197164535522,0.9573861360549927,255.0,255.0,0.010612935679902933,0.06593078587257484,0.01403623231818705
1776509789.2137656,14.016075685190307,-0.4914221808301626,2.8341822140429995,2.3871847600518532e-06,-2.663430543932035e-06,nan,nan,nan,nan,nan,nan,nan,nan,1081.0,0.9573861360549927,8.397035598754883,2.044937270973481,1.7964850302906112,1.1135787963867188,1.0908197164535522,0.9573861360549927,255.0,255.0,0.010612935602679733,0.06593078595700064,0.014036231593147565
1776509789.265798,14.016075684693487,-0.4914221807133516,2.8341822140007755,2.387184364021418e-06,-2.6634344750318633e-06,nan,nan,nan,nan,nan,nan,nan,nan,1081.0,0.9533810019493103,8.402822494506836,2.044707177305089,1.7973931940219683,1.109409213066101,1.085289478302002,0.9533810019493103,255.0,255.0,0.010612935564068931,0.06593078599922464,0.014036231230629437
1776509789.3196533,14.016075684196666,-0.4914221805965406,2.834182213958547,2.387184761630283e-06,-2.6634355784683553e-06,nan,nan,nan,nan,nan,nan,nan,nan,1081.0,0.9533810019493103,8.402822494506836,2.044707177305089,1.7973931940219683,1.109409213066101,1.085289478302002,0.9533810019493103,255.0,255.0,0.01061293552545817,0.06593078604145308,0.01403623086811132
1776509789.3637526,14.016075683699842,-0.4914221804797299,2.834182213916327,2.3871852608603044e-06,-2.6634355163792237e-06,nan,nan,nan,nan,nan,nan,nan,nan,1081.0,0.9573584198951721,8.404406547546387,2.0446602550510122,1.7970470799423885,1.1134445667266846,1.097436547279358,0.9573584198951721,255.0,255.0,0.010612935486845939,0.06593078608367309,0.014036230505590004
1776509789.4136448,14.016075683203022,-0.4914221803629199,2.83418221387411,2.3871854182506024e-06,-2.663435537807892e-06,nan,nan,nan,nan,nan,nan,nan,nan,1081.0,0.9573584198951721,8.404406547546387,2.0446602550510122,1.7970470799423885,1.1134445667266846,1.097436547279358,0.9573584198951721,255.0,255.0,0.010612935448234119,0.06593078612588998,0.014036230143071383
1776509789.4636314,14.016075682706205,-0.4914221802461099,2.8341822138319004,2.387185338243394e-06,-2.6634353670299187e-06,nan,nan,nan,nan,nan,nan,nan,nan,1081.0,0.9573584198951721,8.404406547546387,2.0446602550510122,1.7970470799423885,1.1134445667266846,1.097436547279358,0.9573584198951721,255.0,255.0,0.01061293540962331,0.06593078616809978,0.014036229780555798
1776509789.5136297,14.016075682706205,-0.4914221802461099,2.8341822138319004,2.387185338243394e-06,-2.6634353670299187e-06,nan,nan,nan,nan,nan,nan,nan,nan,1081.0,0.9573584198951721,8.404406547546387,2.0446602550510122,1.7970470799423885,1.1134445667266846,1.097436547279358,0.9573584198951721,255.0,255.0,0.01061293540962331,0.06593078616809978,0.014036229780555798
1776509789.570277,14.016075682209385,-0.49142218012929956,2.834182213789675,2.3871848852317252e-06,-2.6634398869976268e-06,nan,nan,nan,nan,nan,nan,nan,nan,1081.0,0.9581589102745056,8.4003324508667,2.0451800184157247,1.7975195186761714,1.1128724813461304,1.0955177545547485,0.9581589102745056,255.0,255.0,0.010612935371011885,0.06593078621032511,0.01403622941803737
1776509789.6151094,14.016075681712564,-0.49142218001248944,2.834182213747453,2.3871855473436484e-06,-2.6634401095946806e-06,nan,nan,nan,nan,nan,nan,nan,nan,1081.0,0.9581589102745056,8.4003324508667,2.0451800184157247,1.7975195186761714,1.1128724813461304,1.0955177545547485,0.9581589102745056,255.0,255.0,0.010612935332400219,0.06593078625254734,0.014036229055518833
1776509789.6637497,14.016075681712564,-0.49142218001248944,2.834182213747453,2.3871855473436484e-06,-2.6634401095946806e-06,nan,nan,nan,nan,nan,nan,nan,nan,1081.0,0.9581589102745056,8.4003324508667,2.0451800184157247,1.7975195186761714,1.1128724813461304,1.0955177545547485,0.9581589102745056,255.0,255.0,0.010612935332400219,0.06593078625254734,0.014036229055518833
1776509789.7141445,14.016075681215744,-0.49142217989567977,2.8341822137052404,2.387185578974621e-06,-2.663440454219379e-06,nan,nan,nan,nan,nan,nan,nan,nan,1081.0,0.9581589102745056,8.4003324508667,2.0451800184157247,1.7975195186761714,1.1128724813461304,1.0955177545547485,0.9581589102745056,255.0,255.0,0.010612935293788043,0.06593078629475979,0.014036228693000072
1776509789.7636497,14.016075680718926,-0.49142217977887087,2.8341822136630204,2.3871855573317686e-06,-2.663440814332814e-06,nan,nan,nan,nan,nan,nan,nan,nan,1081.0,0.9612752199172974,8.409343719482422,2.044531126688411,1.7968200605402647,1.1103686094284058,1.0966705083847046,0.9612752199172974,255.0,255.0,0.01061293525517573,0.0659307863369798,0.01403622833048243
1776509789.813615,14.016075680222112,-0.49142217966206186,2.8341822136207835,2.387186091763992e-06,-2.6634419807292204e-06,nan,nan,nan,nan,nan,nan,nan,nan,1081.0,0.9612752199172974,8.409343719482422,2.044531126688411,1.7968200605402647,1.1103686094284058,1.0966705083847046,0.9612752199172974,255.0,255.0,0.01061293521656529,0.06593078637921668,0.014036227967969397
1776509789.8711963,14.016075680222112,-0.49142217966206186,2.8341822136207835,2.387186091763992e-06,-2.6634419807292204e-06,nan,nan,nan,nan,nan,nan,nan,nan,1081.0,0.9612752199172974,8.409343719482422,2.044531126688411,1.7968200605402647,1.1103686094284058,1.0966705083847046,0.9612752199172974,255.0,255.0,0.01061293521656529,0.06593078637921668,0.014036227967969397
1776509789.9137552,14.016075679228477,-0.49142217942844385,2.834182213536314,2.387186418780714e-06,-2.6634449313224657e-06,nan,nan,nan,nan,nan,nan,nan,nan,1081.0,0.9540136456489563,8.404781341552734,2.0449915487494983,1.7968909450864456,1.1110581159591675,1.0951082706451416,0.9540136456489563,255.0,255.0,0.010612935139341684,0.065930786463686,0.01403622724293579
1776509789.9660287,14.016075679228477,-0.49142217942844385,2.834182213536314,2.387186418780714e-06,-2.6634449313224657e-06,nan,nan,nan,nan,nan,nan,nan,nan,1081.0,0.9540136456489563,8.404781341552734,2.0449915487494983,1.7968909450864456,1.1110581159591675,1.0951082706451416,0.9540136456489563,255.0,255.0,0.010612935139341684,0.065930786463686,0.01403622724293579
1776509790.013811,14.016075679228477,-0.49142217942844385,2.834182213536314,2.387186418780714e-06,-2.6634449313224657e-06,nan,nan,nan,nan,nan,nan,nan,nan,1081.0,0.9540136456489563,8.404781341552734,2.0449915487494983,1.7968909450864456,1.1110581159591675,1.0951082706451416,0.9540136456489563,255.0,255.0,0.010612935139341684,0.065930786463686,0.01403622724293579
1776509790.0667036,14.016075678234849,-0.4914221791948283,2.8341822134518417,2.3871867387007573e-06,-2.6634469404587715e-06,nan,nan,nan,nan,nan,nan,nan,nan,1081.0,0.9581801295280457,8.420889854431152,2.0447646848147496,1.797280307022548,1.1074867248535156,1.0830971002578735,0.9581801295280457,255.0,255.0,0.01061293506211793,0.06593078654815843,0.014036226517907
1776509790.1156359,14.016075678234849,-0.4914221791948283,2.8341822134518417,2.3871867387007573e-06,-2.6634469404587715e-06,nan,nan,nan,nan,nan,nan,nan,nan,1081.0,0.9581801295280457,8.420889854431152,2.0447646848147496,1.797280307022548,1.1074867248535156,1.0830971002578735,0.9581801295280457,255.0,255.0,0.01061293506211793,0.06593078654815843,0.014036226517907
1776509790.1767967,14.016075677738037,-0.49142217907802105,2.834182213409604,2.3871870423686694e-06,-2.663446685393656e-06,nan,nan,nan,nan,nan,nan,nan,nan,1081.0,0.9581801295280457,8.420889854431152,2.0447646848147496,1.797280307022548,1.1074867248535156,1.0830971002578735,0.9581801295280457,255.0,255.0,0.010612935023506343,0.0659307865903962,0.0140362261553946
1776509790.213753,14.016075677738037,-0.49142217907802105,2.834182213409604,2.3871870423686694e-06,-2.663446685393656e-06,nan,nan,nan,nan,nan,nan,nan,nan,1081.0,0.9581801295280457,8.420889854431152,2.0447646848147496,1.797280307022548,1.1074867248535156,1.0830971002578735,0.9581801295280457,255.0,255.0,0.010612935023506343,0.0659307865903962,0.0140362261553946
1776509790.2671332,14.016075677241226,-0.49142217896121315,2.834182213367347,2.387187255480203e-06,-2.6634491293342896e-06,nan,nan,nan,nan,nan,nan,nan,nan,1081.0,0.9562093615531921,8.385856628417969,2.044103729349943,1.7965834413890718,1.1124637126922607,1.0893758535385132,0.9562093615531921,255.0,255.0,0.010612934984895567,0.06593078663265306,0.014036225792882558
1776509790.313784,14.016075676744412,-0.49142217884440603,2.834182213325101,2.387187635068482e-06,-2.6634524264533926e-06,nan,nan,nan,nan,nan,nan,nan,nan,1081.0,0.9562093615531921,8.385856628417969,2.044103729349943,1.7965834413890718,1.1124637126922607,1.0893758535385132,0.9562093615531921,255.0,255.0,0.010612934946283415,0.06593078667489927,0.014036225430368605
1776509790.3647952,14.016075676247603,-0.4914221787275996,2.834182213282857,2.3871877969182887e-06,-2.6634526945625715e-06,nan,nan,nan,nan,nan,nan,nan,nan,1081.0,0.9562093615531921,8.385856628417969,2.044103729349943,1.7965834413890718,1.1124637126922607,1.0893758535385132,0.9562093615531921,255.0,255.0,0.010612934907671684,0.06593078671714325,0.014036225067857339
1776509790.417748,14.016075675750791,-0.4914221786107937,2.8341822132406005,2.3871881689558242e-06,-2.6634532270586285e-06,nan,nan,nan,nan,nan,nan,nan,nan,1081.0,0.9517908096313477,8.39358139038086,2.0444076194683785,1.7968596800615055,1.1156187057495117,1.0958133935928345,0.9517908096313477,255.0,255.0,0.010612934869058998,0.06593078675939967,0.01403622470534428
1776509790.4636672,14.016075675750791,-0.4914221786107937,2.8341822132406005,2.3871881689558242e-06,-2.6634532270586285e-06,nan,nan,nan,nan,nan,nan,nan,nan,1081.0,0.9517908096313477,8.39358139038086,2.0444076194683785,1.7968596800615055,1.1156187057495117,1.0958133935928345,0.9517908096313477,255.0,255.0,0.010612934869058998,0.06593078675939967,0.01403622470534428
1776509790.5246356,14.016075675253981,-0.49142217849398656,2.83418221319833,2.3871884425366644e-06,-2.6634525036039533e-06,nan,nan,nan,nan,nan,nan,nan,nan,1081.0,0.9517908096313477,8.39358139038086,2.0444076194683785,1.7968596800615055,1.1156187057495117,1.0958133935928345,0.9517908096313477,255.0,255.0,0.010612934830448145,0.0659307868016703,0.014036224342833383
1776509790.5696833,14.016075674757166,-0.4914221783771799,2.8341822131560686,2.3871887697389617e-06,-2.6634545561848322e-06,nan,nan,nan,nan,nan,nan,nan,nan,1081.0,0.9582958817481995,8.40507984161377,2.0445329955504183,1.7968295164482218,1.1045352220535278,1.097124457359314,0.9582958817481995,255.0,255.0,0.010612934791835171,0.06593078684393161,0.01403622398031772
1776509790.6262746,14.016075674260362,-0.49142217826037454,2.8341822131138126,2.387188724166735e-06,-2.663455532318769e-06,nan,nan,nan,nan,nan,nan,nan,nan,1081.0,0.9582958817481995,8.40507984161377,2.0445329955504183,1.7968295164482218,1.1045352220535278,1.097124457359314,0.9582958817481995,255.0,255.0,0.010612934753224104,0.06593078688618759,0.014036223617810456
1776509790.6657476,14.01607567376355,-0.49142217814357053,2.834182213071561,2.3871892348569626e-06,-2.6634585581039007e-06,nan,nan,nan,nan,nan,nan,nan,nan,1081.0,0.9582958817481995,8.40507984161377,2.0445329955504183,1.7968295164482218,1.1045352220535278,1.097124457359314,0.9582958817481995,255.0,255.0,0.010612934714609574,0.06593078692843912,0.014036223255296446
1776509790.7139115,14.01607567376355,-0.49142217814357053,2.834182213071561,2.3871892348569626e-06,-2.6634585581039007e-06,nan,nan,nan,nan,nan,nan,nan,nan,1081.0,0.9499855637550354,8.402207374572754,2.0450081398484885,1.7967420845581614,1.1120319366455078,1.0952037572860718,0.9499855637550354,255.0,255.0,0.010612934714609574,0.06593078692843912,0.014036223255296446
1776509790.7686963,14.01607567326674,-0.4914221780267651,2.8341822130292957,2.3871892247053485e-06,-2.6634574697949e-06,nan,nan,nan,nan,nan,nan,nan,nan,1081.0,0.9499855637550354,8.402207374572754,2.0450081398484885,1.7967420845581614,1.1120319366455078,1.0952037572860718,0.9499855637550354,255.0,255.0,0.010612934675997086,0.06593078697070442,0.014036222892784715
1776509790.8131518,14.01607567326674,-0.4914221780267651,2.8341822130292957,2.3871897395715375e-06,-2.6634571652566136e-06,nan,nan,nan,nan,nan,nan,nan,nan,1081.0,0.9499855637550354,8.402207374572754,2.0450081398484885,1.7967420845581614,1.1120319366455078,1.0952037572860718,0.9499855637550354,255.0,255.0,0.010612934675997086,0.06593078697070442,0.014036222892784715
1776509790.8676353,14.01607567276993,-0.49142217790995996,2.8341822129870216,2.3871897395715375e-06,-2.6634571652566136e-06,nan,nan,nan,nan,nan,nan,nan,nan,1081.0,0.9499855637550354,8.402207374572754,2.0450081398484885,1.7967420845581614,1.1120319366455078,1.0952037572860718,0.9499855637550354,255.0,255.0,0.010612934637383822,0.06593078701297861,0.014036222530271307
1776509790.9137762,14.016075672273123,-0.4914221777931565,2.8341822129447456,2.3871897004719063e-06,-2.663460192017659e-06,nan,nan,nan,nan,nan,nan,nan,nan,1081.0,0.9580063819885254,8.3967866897583,2.045106240712747,1.7965843498234202,1.1167078018188477,1.088715672492981,0.9580063819885254,255.0,255.0,0.0106129345987706,0.06593078705525457,0.014036222167761578
1776509790.963913,14.016075672273123,-0.4914221777931565,2.8341822129447456,2.3871897004719063e-06,-2.663460192017659e-06,nan,nan,nan,nan,nan,nan,nan,nan,1081.0,0.9580063819885254,8.3967866897583,2.045106240712747,1.7965843498234202,1.1167078018188477,1.088715672492981,0.9580063819885254,255.0,255.0,0.0106129345987706,0.06593078705525457,0.014036222167761578
1776509791.0147083,14.016075671776315,-0.49142217767635415,2.8341822129024767,2.3871904414506416e-06,-2.6634636979773586e-06,nan,nan,nan,nan,nan,nan,nan,nan,1081.0,0.9580063819885254,8.3967866897583,2.045106240712747,1.7965843498234202,1.1167078018188477,1.088715672492981,0.9580063819885254,255.0,255.0,0.010612934560155718,0.06593078709752342,0.014036221805249766
1776509791.0635366,14.016075671279507,-0.4914221775595518,2.8341822128602083,2.3871904414506416e-06,-2.6634636979773586e-06,nan,nan,nan,nan,nan,nan,nan,nan,1081.0,0.9557576179504395,8.399429321289062,2.0445130112323353,1.7969773424114293,1.104788899421692,1.0902602672576904,0.9557576179504395,255.0,255.0,0.010612934521540832,0.06593078713979184,0.01403622144273796
1776509791.1138024,14.0160756707827,-0.4914221774427497,2.8341822128179226,2.3871904706371337e-06,-2.6634640220267317e-06,nan,nan,nan,nan,nan,nan,nan,nan,1081.0,0.9557576179504395,8.399429321289062,2.0445130112323353,1.7969773424114293,1.104788899421692,1.0902602672576904,0.9557576179504395,255.0,255.0,0.010612934482925893,0.06593078718207757,0.014036221080226048
1776509791.1637478,14.0160756707827,-0.4914221774427497,2.8341822128179226,2.3871904706371337e-06,-2.6634640220267317e-06,nan,nan,nan,nan,nan,nan,nan,nan,1081.0,0.9557576179504395,8.399429321289062,2.0445130112323353,1.7969773424114293,1.104788899421692,1.0902602672576904,0.9557576179504395,255.0,255.0,0.010612934482925893,0.06593078718207757,0.014036221080226048
1776509791.2182128,14.016075670285895,-0.4914221773259481,2.8341822127756404,2.3871909237788345e-06,-2.6634629916562245e-06,nan,nan,nan,nan,nan,nan,nan,nan,1081.0,0.9557576179504395,8.399429321289062,2.0445130112323353,1.7969773424114293,1.104788899421692,1.0902602672576904,0.9557576179504395,255.0,255.0,0.010612934444311469,0.06593078722435974,0.014036220717716884
1776509791.2733219,14.016075669789087,-0.49142217720914644,2.8341822127333542,2.387191236822611e-06,-2.663465519771051e-06,nan,nan,nan,nan,nan,nan,nan,nan,1081.0,0.9576847553253174,8.401385307312012,2.0452853345848916,1.7970343615788396,1.1179816722869873,1.090728521347046,0.9576847553253174,255.0,255.0,0.01061293440569611,0.06593078726664592,0.014036220355204762
1776509791.3509042,14.016075669789087,-0.49142217720914644,2.8341822127333542,2.387191236822611e-06,-2.663465519771051e-06,nan,nan,nan,nan,nan,nan,nan,nan,1081.0,0.9576847553253174,8.401385307312012,2.0452853345848916,1.7970343615788396,1.1179816722869873,1.090728521347046,0.9576847553253174,255.0,255.0,0.01061293440569611,0.06593078726664592,0.014036220355204762
1776509791.3638904,14.016075669789087,-0.49142217720914644,2.8341822127333542,2.387191236822611e-06,-2.663465519771051e-06,nan,nan,nan,nan,nan,nan,nan,nan,1081.0,0.9576847553253174,8.401385307312012,2.0452853345848916,1.7970343615788396,1.1179816722869873,1.090728521347046,0.9576847553253174,255.0,255.0,0.01061293440569611,0.06593078726664592,0.014036220355204762
1776509791.4142628,14.016075669292283,-0.4914221770923451,2.8341822126910827,2.3871913225220894e-06,-2.663465414321882e-06,nan,nan,nan,nan,nan,nan,nan,nan,1081.0,0.9576847553253174,8.401385307312012,2.0452853345848916,1.7970343615788396,1.1179816722869873,1.090728521347046,0.9576847553253174,255.0,255.0,0.010612934367081375,0.06593078730891744,0.0140362199926955
1776509791.4644763,14.016075668795482,-0.4914221769755435,2.834182212648833,2.387191690329198e-06,-2.6634678313883454e-06,nan,nan,nan,nan,nan,nan,nan,nan,1081.0,0.9567866325378418,8.392799377441406,2.0450394694502987,1.796879762140476,1.1166963577270508,1.0967298746109009,0.9567866325378418,255.0,255.0,0.010612934328467726,0.0659307873511672,0.014036219630189393
1776509791.5131454,14.016075667801875,-0.49142217674194183,2.8341822125642775,2.387192010428352e-06,-2.6634676971983506e-06,nan,nan,nan,nan,nan,nan,nan,nan,1081.0,0.9567866325378418,8.392799377441406,2.0450394694502987,1.796879762140476,1.1166963577270508,1.0967298746109009,0.9567866325378418,255.0,255.0,0.010612934251237955,0.06593078743572267,0.01403621890517191
1776509791.567235,14.016075667801875,-0.49142217674194183,2.8341822125642775,2.387192010428352e-06,-2.6634676971983506e-06,nan,nan,nan,nan,nan,nan,nan,nan,1081.0,0.9567866325378418,8.392799377441406,2.0450394694502987,1.796879762140476,1.1166963577270508,1.0967298746109009,0.9567866325378418,255.0,255.0,0.010612934251237955,0.06593078743572267,0.01403621890517191
1776509791.6132784,14.016075667305072,-0.4914221766251415,2.8341822125220064,2.3871923717885857e-06,-2.6634690813813054e-06,nan,nan,nan,nan,nan,nan,nan,nan,1081.0,0.9609644412994385,8.401175498962402,2.0451174424711365,1.7971406293238614,1.1099114418029785,1.089992880821228,0.9609644412994385,255.0,255.0,0.0106129342126228,0.06593078747799375,0.014036218542663677
1776509791.6662693,14.016075666808272,-0.49142217650834163,2.834182212479732,2.3871927764061487e-06,-2.6634724896455734e-06,nan,nan,nan,nan,nan,nan,nan,nan,1081.0,0.9609644412994385,8.401175498962402,2.0451174424711365,1.7971406293238614,1.1099114418029785,1.089992880821228,0.9609644412994385,255.0,255.0,0.01061293417400774,0.06593078752026837,0.014036218180156709
1776509791.713312,14.016075666311473,-0.4914221763915421,2.834182212437441,2.3871928888842916e-06,-2.6634737099776207e-06,nan,nan,nan,nan,nan,nan,nan,nan,1081.0,0.9609213471412659,8.39990234375,2.0454907814294074,1.7967484020167537,1.1076515913009644,1.0926527976989746,0.9609213471412659,255.0,255.0,0.010612934135393047,0.06593078756255899,0.01403621781765109
1776509791.76327,14.016075665814668,-0.4914221762747433,2.8341822123951528,2.3871932470967455e-06,-2.663473614433488e-06,nan,nan,nan,nan,nan,nan,nan,nan,1081.0,0.9609213471412659,8.39990234375,2.0454907814294074,1.7967484020167537,1.1076515913009644,1.0926527976989746,0.9609213471412659,255.0,255.0,0.010612934096776033,0.06593078760484739,0.014036217455140557
1776509791.8146737,14.016075665317867,-0.49142217615794587,2.834182212352864,2.387193100583566e-06,-2.663472984906309e-06,nan,nan,nan,nan,nan,nan,nan,nan,1081.0,0.9609213471412659,8.39990234375,2.0454907814294074,1.7967484020167537,1.1076515913009644,1.0926527976989746,0.9609213471412659,255.0,255.0,0.010612934058158826,0.06593078764713622,0.014036217092632369
1776509791.8638942,14.016075664821068,-0.4914221760411496,2.8341822123105613,2.3871935064968993e-06,-2.663475475682756e-06,nan,nan,nan,nan,nan,nan,nan,nan,1081.0,0.9659474492073059,8.407114028930664,2.045503117605892,1.7964188691140013,1.1195400953292847,1.0819658041000366,0.9659474492073059,255.0,255.0,0.010612934019541121,0.06593078768943883,0.014036216730125064
1776509791.9134552,14.01607566432427,-0.49142217592435383,2.8341822122682294,2.387194064561562e-06,-2.663479741883151e-06,nan,nan,nan,nan,nan,nan,nan,nan,1081.0,0.9659474492073059,8.407114028930664,2.045503117605892,1.7964188691140013,1.1195400953292847,1.0819658041000366,0.9659474492073059,255.0,255.0,0.010612933980923262,0.06593078773177075,0.014036216367617536
1776509791.9663815,14.01607566382747,-0.4914221758075588,2.8341822122259144,2.3871941223957137e-06,-2.6634808314062125e-06,nan,nan,nan,nan,nan,nan,nan,nan,1081.0,0.9659474492073059,8.407114028930664,2.045503117605892,1.7964188691140013,1.1195400953292847,1.0819658041000366,0.9659474492073059,255.0,255.0,0.010612933942304507,0.06593078777408579,0.014036216005109613
1776509792.0136654,14.01607566382747,-0.4914221758075588,2.8341822122259144,2.3871941223957137e-06,-2.6634808314062125e-06,nan,nan,nan,nan,nan,nan,nan,nan,1081.0,0.9659474492073059,8.407114028930664,2.045503117605892,1.7964188691140013,1.1195400953292847,1.0819658041000366,0.9659474492073059,255.0,255.0,0.010612933942304507,0.06593078777408579,0.014036216005109613
1776509792.0643725,14.016075663330673,-0.491422175690764,2.8341822121836007,2.3871944621446574e-06,-2.663481325188351e-06,nan,nan,nan,nan,nan,nan,nan,nan,1081.0,0.9561450481414795,8.39461612701416,2.0453432231562543,1.7971334482139179,1.1040736436843872,1.099934697151184,0.9561450481414795,255.0,255.0,0.010612933903686067,0.0659307878163995,0.014036215642603099
1776509792.1172445,14.016075663330673,-0.491422175690764,2.8341822121836007,2.3871944621446574e-06,-2.663481325188351e-06,nan,nan,nan,nan,nan,nan,nan,nan,1081.0,0.9561450481414795,8.39461612701416,2.0453432231562543,1.7971334482139179,1.1040736436843872,1.099934697151184,0.9561450481414795,255.0,255.0,0.010612933903686067,0.0659307878163995,0.014036215642603099
1776509792.1652503,14.016075662833874,-0.49142217557396933,2.83418221214128,2.3871947109751817e-06,-2.6634804726117563e-06,nan,nan,nan,nan,nan,nan,nan,nan,1081.0,0.9561450481414795,8.39461612701416,2.0453432231562543,1.7971334482139179,1.1040736436843872,1.099934697151184,0.9561450481414795,255.0,255.0,0.010612933865067047,0.06593078785872031,0.014036215280095016
1776509792.2153893,14.01607566233708,-0.4914221754571744,2.834182212098943,2.3871948973081877e-06,-2.663482524584701e-06,nan,nan,nan,nan,nan,nan,nan,nan,1081.0,0.9582582116127014,8.409808158874512,2.0453082925186017,1.7968136351814687,1.1154009103775024,1.0880683660507202,0.9582582116127014,255.0,255.0,0.010612933826449998,0.06593078790105711,0.014036214917591607
1776509792.2631936,14.016075661840276,-0.4914221753403793,2.8341822120566125,2.387195081306982e-06,-2.66348468258639e-06,nan,nan,nan,nan,nan,nan,nan,nan,1081.0,0.9582582116127014,8.409808158874512,2.0453082925186017,1.7968136351814687,1.1154009103775024,1.0880683660507202,0.9582582116127014,255.0,255.0,0.01061293378782988,0.06593078794338769,0.014036214555079234
1776509792.3268237,14.016075661840276,-0.4914221753403793,2.8341822120566125,2.387195081306982e-06,-2.66348468258639e-06,nan,nan,nan,nan,nan,nan,nan,nan,1081.0,0.9582582116127014,8.409808158874512,2.0453082925186017,1.7968136351814687,1.1154009103775024,1.0880683660507202,0.9582582116127014,255.0,255.0,0.01061293378782988,0.06593078794338769,0.014036214555079234
1776509792.363391,14.01607566084669,-0.4914221751067916,2.834182211971996,2.3871954631784325e-06,-2.6634845424528798e-06,nan,nan,nan,nan,nan,nan,nan,nan,1081.0,0.9591277837753296,8.386308670043945,2.044408066365368,1.7967086845723292,1.1111738681793213,1.0854291915893555,0.9591277837753296,255.0,255.0,0.010612933710593783,0.065930788028004,0.014036213830072869
1776509792.415239,14.016075660349887,-0.49142217498999735,2.8341822119296785,2.387195953422652e-06,-2.6634857051318014e-06,nan,nan,nan,nan,nan,nan,nan,nan,1081.0,0.9591277837753296,8.386308670043945,2.044408066365368,1.7967086845723292,1.1111738681793213,1.0854291915893555,0.9591277837753296,255.0,255.0,0.010612933671973235,0.06593078807032171,0.014036213467561575
1776509792.4642572,14.016075660349887,-0.49142217498999735,2.8341822119296785,2.387195953422652e-06,-2.6634857051318014e-06,nan,nan,nan,nan,nan,nan,nan,nan,1081.0,0.9591277837753296,8.386308670043945,2.044408066365368,1.7967086845723292,1.1111738681793213,1.0854291915893555,0.9591277837753296,255.0,255.0,0.010612933671973235,0.06593078807032171,0.014036213467561575
1776509792.5137644,14.016075659853096,-0.49142217487320333,2.8341822118873536,2.387196128141405e-06,-2.6634870600394794e-06,nan,nan,nan,nan,nan,nan,nan,nan,1081.0,0.9591277837753296,8.386308670043945,2.044408066365368,1.7967086845723292,1.1111738681793213,1.0854291915893555,0.9591277837753296,255.0,255.0,0.010612933633355767,0.06593078811264652,0.014036213105059262
1776509792.5633678,14.0160756593563,-0.49142217475640976,2.8341822118450155,2.387196417694327e-06,-2.663489397075e-06,nan,nan,nan,nan,nan,nan,nan,nan,1081.0,0.9591277837753296,8.386308670043945,2.044408066365368,1.7967086845723292,1.1111738681793213,1.0854291915893555,0.9591277837753296,255.0,255.0,0.010612933594736924,0.06593078815498465,0.014036212742553693
1776509792.6132941,14.0160756593563,-0.49142217475640976,2.8341822118450155,2.387196417694327e-06,-2.663489397075e-06,nan,nan,nan,nan,nan,nan,nan,nan,1081.0,0.9607420563697815,8.400999069213867,2.045170128235213,1.7967122226578165,1.090436577796936,1.097389817237854,0.9607420563697815,255.0,255.0,0.010612933594736924,0.06593078815498465,0.014036212742553693
1776509792.6676757,14.01607565885951,-0.49142217463961674,2.834182211802692,2.387196499169797e-06,-2.6634908634757975e-06,nan,nan,nan,nan,nan,nan,nan,nan,1081.0,0.9607420563697815,8.400999069213867,2.045170128235213,1.7967122226578165,1.090436577796936,1.097389817237854,0.9607420563697815,255.0,255.0,0.010612933556119029,0.06593078819730813,0.014036212380052392
1776509792.71324,14.016075658362716,-0.4914221745228235,2.8341822117603734,2.387196555299051e-06,-2.6634913909890515e-06,nan,nan,nan,nan,nan,nan,nan,nan,1081.0,0.9607420563697815,8.400999069213867,2.045170128235213,1.7967122226578165,1.090436577796936,1.097389817237854,0.9607420563697815,255.0,255.0,0.010612933517500226,0.06593078823962673,0.014036212017548181
1776509792.7631464,14.016075658362716,-0.4914221745228235,2.8341822117603734,2.387196555299051e-06,-2.6634913909890515e-06,nan,nan,nan,nan,nan,nan,nan,nan,1081.0,0.9482777714729309,8.40735912322998,2.045222746620125,1.7970800672546527,1.10677969455719,1.0957865715026855,0.9482777714729309,255.0,255.0,0.010612933517500226,0.06593078823962673,0.014036212017548181
1776509792.8152997,14.01607565786592,-0.49142217440603003,2.8341822117180357,2.38719709031084e-06,-2.6634919771780014e-06,nan,nan,nan,nan,nan,nan,nan,nan,1081.0,0.9482777714729309,8.40735912322998,2.045222746620125,1.7970800672546527,1.10677969455719,1.0957865715026855,0.9482777714729309,255.0,255.0,0.010612933478881271,0.06593078828196441,0.014036211655042586
1776509792.864527,14.016075657369127,-0.49142217428923735,2.834182211675691,2.387197363744298e-06,-2.663491436758501e-06,nan,nan,nan,nan,nan,nan,nan,nan,1081.0,0.9482777714729309,8.40735912322998,2.045222746620125,1.7970800672546527,1.10677969455719,1.0957865715026855,0.9482777714729309,255.0,255.0,0.010612933440262179,0.06593078832430921,0.014036211292538105
1776509792.9142072,14.016075656872333,-0.49142217417244455,2.8341822116333515,2.387197419893132e-06,-2.6634940663444407e-06,nan,nan,nan,nan,nan,nan,nan,nan,1081.0,0.9542365670204163,8.389936447143555,2.044864031421598,1.796755475833973,1.1145209074020386,1.0891304016113281,0.9542365670204163,255.0,255.0,0.010612933401643144,0.06593078836664867,0.014036210930033693
1776509792.9633574,14.016075656375543,-0.4914221740556523,2.834182211591019,2.3871973364036094e-06,-2.663495290371967e-06,nan,nan,nan,nan,nan,nan,nan,nan,1081.0,0.9542365670204163,8.389936447143555,2.044864031421598,1.796755475833973,1.1145209074020386,1.0891304016113281,0.9542365670204163,255.0,255.0,0.01061293336302459,0.06593078840898103,0.01403621056753203
1776509793.013332,14.016075655878755,-0.4914221739388602,2.8341822115487005,2.3871976420410937e-06,-2.6634966176948862e-06,nan,nan,nan,nan,nan,nan,nan,nan,1081.0,0.9542365670204163,8.389936447143555,2.044864031421598,1.796755475833973,1.1145209074020386,1.0891304016113281,0.9542365670204163,255.0,255.0,0.01061293332440634,0.06593078845129963,0.01403621020503183
1776509793.1866446,14.016075655878755,-0.4914221739388602,2.8341822115487005,2.387198262987044e-06,-2.663496044783164e-06,nan,nan,nan,nan,nan,nan,nan,nan,1081.0,0.9605027437210083,8.413490295410156,2.044726528964806,1.7969517468329395,1.1062047481536865,1.089406967163086,0.9605027437210083,255.0,255.0,0.01061293332440634,0.06593078845129963,0.01403621020503183
1776509793.213162,14.016075655381966,-0.49142217382206815,2.834182211506349,2.387198262987044e-06,-2.663496044783164e-06,nan,nan,nan,nan,nan,nan,nan,nan,1081.0,0.9605027437210083,8.413490295410156,2.044726528964806,1.7969517468329395,1.1062047481536865,1.089406967163086,0.9605027437210083,255.0,255.0,0.010612933285788289,0.06593078849365108,0.014036209842531582
1776509793.2652526,14.016075654885176,-0.491422173705276,2.8341822114640074,2.3871983090839942e-06,-2.6634956281254234e-06,nan,nan,nan,nan,nan,nan,nan,nan,1081.0,0.9605027437210083,8.413490295410156,2.044726528964806,1.7969517468329395,1.1062047481536865,1.089406967163086,0.9605027437210083,255.0,255.0,0.010612933247169713,0.06593078853599277,0.014036209480029887
1776509793.3142383,14.016075654388386,-0.49142217358848433,2.8341822114216493,2.387197871667454e-06,-2.663498534467264e-06,nan,nan,nan,nan,nan,nan,nan,nan,1081.0,0.956437349319458,8.404616355895996,2.044849569768844,1.7973055459815122,1.11546790599823,1.100998878479004,0.956437349319458,255.0,255.0,0.010612933208550866,0.06593078857835089,0.01403620911752797
1776509793.3634071,14.0160756538916,-0.49142217347169287,2.8341822113793156,2.3871978084058477e-06,-2.6635007170815807e-06,nan,nan,nan,nan,nan,nan,nan,nan,1081.0,0.956437349319458,8.404616355895996,2.044849569768844,1.7973055459815122,1.11546790599823,1.100998878479004,0.956437349319458,255.0,255.0,0.010612933169932658,0.06593078862068458,0.014036208755028973
1776509793.4172518,14.01607565339481,-0.49142217335490107,2.834182211336969,2.387198384358138e-06,-2.6635013157025243e-06,nan,nan,nan,nan,nan,nan,nan,nan,1081.0,0.9564951658248901,8.398736000061035,2.044843048546515,1.7967465156077393,1.1075741052627563,1.0934758186340332,0.9564951658248901,255.0,255.0,0.01061293313131381,0.06593078866303115,0.014036208392527134
1776509793.4632013,14.016075652898017,-0.4914221732381098,2.834182211294623,2.387198751636028e-06,-2.6635010281311143e-06,nan,nan,nan,nan,nan,nan,nan,nan,1081.0,0.9564951658248901,8.398736000061035,2.044843048546515,1.7967465156077393,1.1075741052627563,1.0934758186340332,0.9564951658248901,255.0,255.0,0.010612933092693892,0.06593078870537727,0.014036208030023496
1776509793.5196064,14.01607565240123,-0.4914221731213188,2.834182211252282,2.387198558842224e-06,-2.6635007960147938e-06,nan,nan,nan,nan,nan,nan,nan,nan,1081.0,0.9564951658248901,8.398736000061035,2.044843048546515,1.7967465156077393,1.1075741052627563,1.0934758186340332,0.9564951658248901,255.0,255.0,0.010612933054075326,0.06593078874771807,0.014036207667524298
1776509793.5644825,14.016075651904448,-0.491422173004528,2.8341822112099164,2.387199004968145e-06,-2.663504126135019e-06,nan,nan,nan,nan,nan,nan,nan,nan,1081.0,0.9590662717819214,8.399702072143555,2.044526524062955,1.797166545020223,1.1171780824661255,1.0926053524017334,0.9590662717819214,255.0,255.0,0.010612933015457852,0.06593078879008374,0.014036207305028019
1776509793.6148186,14.01607565140766,-0.49142217288773676,2.834182211167555,2.387199103467234e-06,-2.6635072798991672e-06,nan,nan,nan,nan,nan,nan,nan,nan,1081.0,0.9590662717819214,8.399702072143555,2.044526524062955,1.797166545020223,1.1171780824661255,1.0926053524017334,0.9590662717819214,255.0,255.0,0.010612932976839146,0.06593078883244496,0.014036206942527439
1776509793.6643753,14.016075650910873,-0.4914221727709463,2.83418221112519,2.3871992937603544e-06,-2.663507047044354e-06,nan,nan,nan,nan,nan,nan,nan,nan,1081.0,0.9590662717819214,8.399702072143555,2.044526524062955,1.797166545020223,1.1171780824661255,1.0926053524017334,0.9590662717819214,255.0,255.0,0.010612932938220276,0.06593078887481019,0.014036206580027976
1776509793.7133524,14.016075650414084,-0.49142217265415594,2.834182211082835,2.387199495809006e-06,-2.663506396644728e-06,nan,nan,nan,nan,nan,nan,nan,nan,1081.0,0.9426698684692383,8.407914161682129,2.0449874470566956,1.7968106380321727,1.1157841682434082,1.0976533889770508,0.9426698684692383,255.0,255.0,0.010612932899600667,0.0659307889171652,0.01403620621752695
1776509793.7633631,14.016075650414084,-0.49142217265415594,2.834182211082835,2.387199495809006e-06,-2.663506396644728e-06,nan,nan,nan,nan,nan,nan,nan,nan,1081.0,0.9426698684692383,8.407914161682129,2.0449874470566956,1.7968106380321727,1.1157841682434082,1.0976533889770508,0.9426698684692383,255.0,255.0,0.010612932899600667,0.0659307889171652,0.01403620621752695
1776509793.8135808,14.016075649917305,-0.4914221725373666,2.8341822110404786,2.3871995555536364e-06,-2.6635062109932595e-06,nan,nan,nan,nan,nan,nan,nan,nan,1081.0,0.9426698684692383,8.407914161682129,2.0449874470566956,1.7968106380321727,1.1157841682434082,1.0976533889770508,0.9426698684692383,255.0,255.0,0.010612932860982808,0.06593078895952154,0.014036205855032981
1776509793.8682392,14.016075649420525,-0.49142217242057656,2.834182210998115,2.3872000707654194e-06,-2.663508233243315e-06,nan,nan,nan,nan,nan,nan,nan,nan,1081.0,0.9613981246948242,8.422501564025879,2.0447120165846946,1.7969525169968363,1.1155884265899658,1.0810648202896118,0.9613981246948242,255.0,255.0,0.010612932822365646,0.06593078900188498,0.014036205492539375
1776509793.9151554,14.016075648923744,-0.49142217230378643,2.8341822109557424,2.3872002139402934e-06,-2.6635132114715735e-06,nan,nan,nan,nan,nan,nan,nan,nan,1081.0,0.9613981246948242,8.422501564025879,2.0447120165846946,1.7969525169968363,1.1155884265899658,1.0810648202896118,0.9613981246948242,255.0,255.0,0.01061293278374814,0.06593078904425775,0.014036205130044317
1776509793.963255,14.016075648426966,-0.49142217218699763,2.834182210913373,2.3872007474171197e-06,-2.6635117370590942e-06,nan,nan,nan,nan,nan,nan,nan,nan,1081.0,0.9613981246948242,8.422501564025879,2.0447120165846946,1.7969525169968363,1.1155884265899658,1.0810648202896118,0.9613981246948242,255.0,255.0,0.010612932745130404,0.06593078908662697,0.0140362047675516
1776509794.0158865,14.016075647930185,-0.4914221720702083,2.8341822108710097,2.3872007845543306e-06,-2.663512199394567e-06,nan,nan,nan,nan,nan,nan,nan,nan,1081.0,0.9552247524261475,8.38798713684082,2.0450184562490783,1.7969160079552393,1.1145433187484741,1.0953874588012695,0.9552247524261475,255.0,255.0,0.010612932706512071,0.06593078912899042,0.014036204405056159
1776509794.0633445,14.016075647433402,-0.4914221719534195,2.8341822108286245,2.3872009023727507e-06,-2.6635127214126146e-06,nan,nan,nan,nan,nan,nan,nan,nan,1081.0,0.9552247524261475,8.38798713684082,2.0450184562490783,1.7969160079552393,1.1145433187484741,1.0953874588012695,0.9552247524261475,255.0,255.0,0.010612932667892871,0.06593078917137563,0.014036204042558917
1776509794.1182516,14.016075647433402,-0.4914221719534195,2.8341822108286245,2.3872009023727507e-06,-2.6635127214126146e-06,nan,nan,nan,nan,nan,nan,nan,nan,1081.0,0.9552247524261475,8.38798713684082,2.0450184562490783,1.7969160079552393,1.1145433187484741,1.0953874588012695,0.9552247524261475,255.0,255.0,0.010612932667892871,0.06593078917137563,0.014036204042558917
1776509794.1645234,14.016075646936624,-0.4914221718366307,2.8341822107862473,2.3872014563229364e-06,-2.663514102902324e-06,nan,nan,nan,nan,nan,nan,nan,nan,1081.0,0.9567310214042664,8.393949508666992,2.044966551851719,1.7967713086250312,1.1099778413772583,1.0897120237350464,0.9567310214042664,255.0,255.0,0.01061293262927521,0.06593078921375284,0.01403620368006623
1776509794.2182622,14.016075646439837,-0.49142217171984154,2.8341822107438754,2.387201571228784e-06,-2.663517000705804e-06,nan,nan,nan,nan,nan,nan,nan,nan,1081.0,0.9567310214042664,8.393949508666992,2.044966551851719,1.7967713086250312,1.1099778413772583,1.0897120237350464,0.9567310214042664,255.0,255.0,0.01061293259065513,0.06593078925612472,0.014036203317566153
1776509794.2647712,14.016075645943063,-0.4914221716030534,2.8341822107015044,2.387201915055428e-06,-2.663516759372389e-06,nan,nan,nan,nan,nan,nan,nan,nan,1081.0,0.9567310214042664,8.393949508666992,2.044966551851719,1.7967713086250312,1.1099778413772583,1.0897120237350464,0.9567310214042664,255.0,255.0,0.010612932552037851,0.06593078929849572,0.014036202955076165
1776509794.3204465,14.016075645446284,-0.49142217148626555,2.834182210659141,2.3872022197514723e-06,-2.6635182655625324e-06,nan,nan,nan,nan,nan,nan,nan,nan,1081.0,0.9555562138557434,8.386075973510742,2.045006099064851,1.7968402756013422,1.1165817975997925,1.0969669818878174,0.9555562138557434,255.0,255.0,0.010612932513418627,0.06593078934085916,0.014036202592581499
1776509794.368194,14.016075644949504,-0.49142217136947836,2.8341822106167394,2.3872022308296777e-06,-2.6635191408284274e-06,nan,nan,nan,nan,nan,nan,nan,nan,1081.0,0.9555562138557434,8.386075973510742,2.045006099064851,1.7968402756013422,1.1165817975997925,1.0969669818878174,0.9555562138557434,255.0,255.0,0.010612932474799119,0.0659307893832608,0.014036202230086491
1776509794.4143562,14.016075644949504,-0.49142217136947836,2.8341822106167394,2.3872022308296777e-06,-2.6635191408284274e-06,nan,nan,nan,nan,nan,nan,nan,nan,1081.0,0.9555562138557434,8.386075973510742,2.045006099064851,1.7968402756013422,1.1165817975997925,1.0969669818878174,0.9555562138557434,255.0,255.0,0.010612932474799119,0.0659307893832608,0.014036202230086491
1776509794.463298,14.016075644452728,-0.49142217125269055,2.834182210574366,2.387202558429004e-06,-2.663518895860845e-06,nan,nan,nan,nan,nan,nan,nan,nan,1081.0,0.9609653353691101,8.384662628173828,2.0451694229595314,1.7967783953168306,1.1142271757125854,1.094977855682373,0.9609653353691101,255.0,255.0,0.010612932436181007,0.06593078942563402,0.014036201867594841
1776509794.5133407,14.01607564395595,-0.49142217113590353,2.8341822105320076,2.387202804873376e-06,-2.66351994030851e-06,nan,nan,nan,nan,nan,nan,nan,nan,1081.0,0.9609653353691101,8.384662628173828,2.0451694229595314,1.7967783953168306,1.1142271757125854,1.094977855682373,0.9609653353691101,255.0,255.0,0.01061293239756148,0.06593078946799258,0.014036201505101284
1776509794.5653498,14.016075643459178,-0.49142217101911584,2.8341822104896366,2.3872032765511434e-06,-2.6635233704216994e-06,nan,nan,nan,nan,nan,nan,nan,nan,1081.0,0.9609653353691101,8.384662628173828,2.0451694229595314,1.7967783953168306,1.1142271757125854,1.094977855682373,0.9609653353691101,255.0,255.0,0.010612932358944316,0.06593078951036357,0.014036201142612621
1776509794.6133125,14.016075642962404,-0.4914221709023299,2.8341822104472767,2.3872033243885014e-06,-2.663522048957112e-06,nan,nan,nan,nan,nan,nan,nan,nan,1081.0,0.957747220993042,8.396275520324707,2.045001044414531,1.797473662168441,1.1165639162063599,1.091806173324585,0.957747220993042,255.0,255.0,0.010612932320324819,0.06593078955272347,0.014036200780121529
1776509794.6672344,14.016075641968849,-0.49142217066875865,2.834182210362517,2.387203771149275e-06,-2.6635245922643677e-06,nan,nan,nan,nan,nan,nan,nan,nan,1081.0,0.957747220993042,8.396275520324707,2.045001044414531,1.797473662168441,1.1165639162063599,1.091806173324585,0.957747220993042,255.0,255.0,0.010612932243083514,0.06593078963748322,0.014036200055133022
1776509794.717535,14.016075641968849,-0.49142217066875865,2.834182210362517,2.387203771149275e-06,-2.6635245922643677e-06,nan,nan,nan,nan,nan,nan,nan,nan,1081.0,0.956429123878479,8.42249584197998,2.045215013124235,1.7968721629734028,1.1102875471115112,1.096838116645813,0.956429123878479,255.0,255.0,0.010612932243083514,0.06593078963748322,0.014036200055133022
1776509794.764167,14.0160756409753,-0.49142217043519093,2.8341822102777545,2.3872041056058252e-06,-2.6635285133722028e-06,nan,nan,nan,nan,nan,nan,nan,nan,1081.0,0.956429123878479,8.42249584197998,2.045215013124235,1.7968721629734028,1.1102875471115112,1.096838116645813,0.956429123878479,255.0,255.0,0.010612932165840996,0.06593078972224564,0.014036199330148751
1776509794.8183782,14.0160756409753,-0.49142217043519093,2.8341822102777545,2.3872041056058252e-06,-2.6635285133722028e-06,nan,nan,nan,nan,nan,nan,nan,nan,1081.0,0.9610848426818848,8.39332103729248,2.04451008961225,1.7965459888891184,1.1056632995605469,1.0850450992584229,0.9610848426818848,255.0,255.0,0.010612932165840996,0.06593078972224564,0.014036199330148751
1776509794.863197,14.016075640478528,-0.49142217031840846,2.834182210235364,2.3872046130502167e-06,-2.6635293135344146e-06,nan,nan,nan,nan,nan,nan,nan,nan,1081.0,0.9610848426818848,8.39332103729248,2.04451008961225,1.7965459888891184,1.1056632995605469,1.0850450992584229,0.9610848426818848,255.0,255.0,0.010612932127219038,0.06593078976463618,0.01403619896765742
1776509794.9161763,14.01607563998175,-0.4914221702016263,2.8341822101929366,2.3872048342495966e-06,-2.6635295419469717e-06,nan,nan,nan,nan,nan,nan,nan,nan,1081.0,0.9610848426818848,8.39332103729248,2.04451008961225,1.7965459888891184,1.1056632995605469,1.0850450992584229,0.9610848426818848,255.0,255.0,0.010612932088595489,0.06593078980706357,0.014036198605161379
1776509794.9723442,14.016075639484981,-0.49142217008484473,2.8341822101505185,2.3872051249833025e-06,-2.66353043347768e-06,nan,nan,nan,nan,nan,nan,nan,nan,1081.0,0.9610848426818848,8.39332103729248,2.04451008961225,1.7965459888891184,1.1056632995605469,1.0850450992584229,0.9610848426818848,255.0,255.0,0.010612932049974011,0.06593078984948164,0.01403619824267263
1776509795.013147,14.016075639484981,-0.49142217008484473,2.8341822101505185,2.3872051249833025e-06,-2.66353043347768e-06,nan,nan,nan,nan,nan,nan,nan,nan,1081.0,0.9615035057067871,8.392335891723633,2.0451176742731034,1.7966120794071159,1.118927001953125,1.096744418144226,0.9615035057067871,255.0,255.0,0.010612932049974011,0.06593078984948164,0.01403619824267263
1776509795.0631921,14.016075638988216,-0.49142216996806326,2.8341822101081053,2.387205448373801e-06,-2.6635324767951052e-06,nan,nan,nan,nan,nan,nan,nan,nan,1081.0,0.9615035057067871,8.392335891723633,2.0451176742731034,1.7966120794071159,1.118927001953125,1.096744418144226,0.9615035057067871,255.0,255.0,0.010612932011353458,0.06593078989189483,0.014036197880186861
1776509795.118237,14.016075638491447,-0.4914221698512819,2.834182210065698,2.3872053516685273e-06,-2.66353435753143e-06,nan,nan,nan,nan,nan,nan,nan,nan,1081.0,0.9615035057067871,8.392335891723633,2.0451176742731034,1.7966120794071159,1.118927001953125,1.096744418144226,0.9615035057067871,255.0,255.0,0.010612931972731672,0.06593078993430224,0.014036197517698017
1776509795.1652198,14.016075637994675,-0.4914221697345002,2.834182210023275,2.387205730553651e-06,-2.6635354669815753e-06,nan,nan,nan,nan,nan,nan,nan,nan,1081.0,0.9585585594177246,8.416297912597656,2.0451429360559095,1.7965800958666804,1.107931137084961,1.0956400632858276,0.9585585594177246,255.0,255.0,0.010612931934109272,0.06593078997672519,0.014036197155206324
1776509795.213197,14.016075637497902,-0.4914221696177193,2.834182209980849,2.3872060456137554e-06,-2.6635346773556974e-06,nan,nan,nan,nan,nan,nan,nan,nan,1081.0,0.9585585594177246,8.416297912597656,2.0451429360559095,1.7965800958666804,1.107931137084961,1.0956400632858276,0.9585585594177246,255.0,255.0,0.010612931895486157,0.06593079001915125,0.014036196792714235
1776509795.2666972,14.01607563650437,-0.491422169384158,2.834182209896021,2.3872064769585245e-06,-2.663535522106405e-06,nan,nan,nan,nan,nan,nan,nan,nan,1081.0,0.9572110176086426,8.411701202392578,2.044792851179866,1.7969878626039766,1.1242976188659668,1.084360122680664,0.9572110176086426,255.0,255.0,0.01061293181824294,0.06593079010397895,0.014036196067740396
1776509795.3162045,14.01607563650437,-0.491422169384158,2.834182209896021,2.3872064769585245e-06,-2.663535522106405e-06,nan,nan,nan,nan,nan,nan,nan,nan,1081.0,0.9572110176086426,8.411701202392578,2.044792851179866,1.7969878626039766,1.1242976188659668,1.084360122680664,0.9572110176086426,255.0,255.0,0.01061293181824294,0.06593079010397895,0.014036196067740396
1776509795.365265,14.016075635510836,-0.4914221691505963,2.8341822098111695,2.387206887266823e-06,-2.6635400541778327e-06,nan,nan,nan,nan,nan,nan,nan,nan,1081.0,0.9572110176086426,8.411701202392578,2.044792851179866,1.7969878626039766,1.1242976188659668,1.084360122680664,0.9572110176086426,255.0,255.0,0.010612931740999827,0.06593079018883063,0.01403619534276531
1776509795.4137275,14.01607563501407,-0.4914221690338166,2.834182209768736,2.387207433213958e-06,-2.663539420401934e-06,nan,nan,nan,nan,nan,nan,nan,nan,1081.0,0.9537541270256042,8.387155532836914,2.045258234266216,1.7962560530891458,1.1142933368682861,1.0907390117645264,0.9537541270256042,255.0,255.0,0.010612931702377768,0.06593079023126425,0.014036194980278685
1776509795.4712777,14.01607563501407,-0.4914221690338166,2.834182209768736,2.387207433213958e-06,-2.663539420401934e-06,nan,nan,nan,nan,nan,nan,nan,nan,1081.0,0.9537541270256042,8.387155532836914,2.045258234266216,1.7962560530891458,1.1142933368682861,1.0907390117645264,0.9537541270256042,255.0,255.0,0.010612931702377768,0.06593079023126425,0.014036194980278685
1776509795.5182948,14.016075634517307,-0.4914221689170368,2.8341822097263094,2.3872075291786857e-06,-2.66353938740879e-06,nan,nan,nan,nan,nan,nan,nan,nan,1081.0,0.9537541270256042,8.387155532836914,2.045258234266216,1.7962560530891458,1.1142933368682861,1.0907390117645264,0.9537541270256042,255.0,255.0,0.010612931663756287,0.06593079027369075,0.014036194617793644
1776509795.5670564,14.016075634517307,-0.4914221689170368,2.8341822097263094,2.3872075291786857e-06,-2.66353938740879e-06,nan,nan,nan,nan,nan,nan,nan,nan,1081.0,0.9621621370315552,8.42520809173584,2.04441599565783,1.797465533183484,1.1082512140274048,1.0879136323928833,0.9621621370315552,255.0,255.0,0.010612931663756287,0.06593079027369075,0.014036194617793644
1776509795.6186094,14.016075634020543,-0.4914221688002565,2.834182209683883,2.3872080484636944e-06,-2.663543027516864e-06,nan,nan,nan,nan,nan,nan,nan,nan,1081.0,0.9621621370315552,8.42520809173584,2.04441599565783,1.797465533183484,1.1082512140274048,1.0879136323928833,0.9621621370315552,255.0,255.0,0.01061293162513523,0.06593079031611726,0.014036194255308844
1776509795.6637044,14.016075634020543,-0.4914221688002565,2.834182209683883,2.3872080484636944e-06,-2.663543027516864e-06,nan,nan,nan,nan,nan,nan,nan,nan,1081.0,0.9621621370315552,8.42520809173584,2.04441599565783,1.797465533183484,1.1082512140274048,1.0879136323928833,0.9621621370315552,255.0,255.0,0.01061293162513523,0.06593079031611726,0.014036194255308844
1776509795.7133734,14.016075634020543,-0.4914221688002565,2.834182209683883,2.3872080484636944e-06,-2.663543027516864e-06,nan,nan,nan,nan,nan,nan,nan,nan,1081.0,0.9621621370315552,8.42520809173584,2.04441599565783,1.797465533183484,1.1082512140274048,1.0879136323928833,0.9621621370315552,255.0,255.0,0.01061293162513523,0.06593079031611726,0.014036194255308844
1776509795.7632332,14.016075633523773,-0.4914221686834765,2.834182209641453,2.3872078806779165e-06,-2.6635434533739214e-06,nan,nan,nan,nan,nan,nan,nan,nan,1081.0,0.9621621370315552,8.42520809173584,2.04441599565783,1.797465533183484,1.1082512140274048,1.0879136323928833,0.9621621370315552,255.0,255.0,0.010612931586511843,0.06593079035854732,0.01403619389281788
1776509795.813368,14.016075633027008,-0.49142216856669646,2.834182209599033,2.38720829016359e-06,-2.663546293438009e-06,nan,nan,nan,nan,nan,nan,nan,nan,1081.0,0.9613792300224304,8.407428741455078,2.0452549001003835,1.797388347103369,1.1219640970230103,1.0966414213180542,0.9613792300224304,255.0,255.0,0.010612931547889976,0.06593079040096717,0.014036193530331465
1776509795.8632474,14.016075632530242,-0.491422168449918,2.834182209556606,2.387208371693669e-06,-2.663543982186706e-06,nan,nan,nan,nan,nan,nan,nan,nan,1081.0,0.9613792300224304,8.407428741455078,2.0452549001003835,1.797388347103369,1.1219640970230103,1.0966414213180542,0.9613792300224304,255.0,255.0,0.010612931509266692,0.06593079044339412,0.01403619316784425
1776509795.9132767,14.01607563203348,-0.4914221683331386,2.83418220951419,2.3872087644297627e-06,-2.6635440645646594e-06,nan,nan,nan,nan,nan,nan,nan,nan,1081.0,0.9613792300224304,8.407428741455078,2.0452549001003835,1.797388347103369,1.1219640970230103,1.0966414213180542,0.9613792300224304,255.0,255.0,0.010612931470645228,0.06593079048580996,0.014036192805360536
1776509795.964047,14.016075631536722,-0.49142216821635937,2.8341822094717473,2.387209187503696e-06,-2.6635487757362063e-06,nan,nan,nan,nan,nan,nan,nan,nan,1081.0,0.9608252048492432,8.41375732421875,2.044926510598238,1.7970805361564215,1.114443063735962,1.0931605100631714,0.9608252048492432,255.0,255.0,0.010612931432024983,0.0659307905282529,0.014036192442879803
1776509796.0170548,14.016075631039957,-0.4914221680995801,2.8341822094293017,2.387209396679109e-06,-2.6635509336245466e-06,nan,nan,nan,nan,nan,nan,nan,nan,1081.0,0.9608252048492432,8.41375732421875,2.044926510598238,1.7970805361564215,1.114443063735962,1.0931605100631714,0.9608252048492432,255.0,255.0,0.01061293139340261,0.0659307905706985,0.01403619208039302
1776509796.0635285,14.016075630543195,-0.49142216798280186,2.834182209386866,2.387209242754826e-06,-2.663550282128856e-06,nan,nan,nan,nan,nan,nan,nan,nan,1081.0,0.9582293033599854,8.401582717895508,2.0444857723507806,1.7967727822117174,1.1047033071517944,1.0858986377716064,0.9582293033599854,255.0,255.0,0.01061293135478027,0.06593079061313434,0.014036191717908755
1776509796.1147542,14.016075630046439,-0.4914221678660238,2.8341822093444344,2.387209505282762e-06,-2.6635498495594965e-06,nan,nan,nan,nan,nan,nan,nan,nan,1081.0,0.9582293033599854,8.401582717895508,2.0444857723507806,1.7967727822117174,1.1047033071517944,1.0858986377716064,0.9582293033599854,255.0,255.0,0.010612931316159344,0.06593079065556573,0.014036191355428954
1776509796.1644082,14.016075629549677,-0.49142216774924524,2.8341822093019835,2.3872101158632894e-06,-2.663550947887443e-06,nan,nan,nan,nan,nan,nan,nan,nan,1081.0,0.9582293033599854,8.401582717895508,2.0444857723507806,1.7967727822117174,1.1047033071517944,1.0858986377716064,0.9582293033599854,255.0,255.0,0.010612931277537409,0.06593079069801666,0.014036190992944852
1776509796.2167418,14.016075629052914,-0.49142216763246666,2.8341822092595277,2.3872103951766435e-06,-2.6635533587798702e-06,nan,nan,nan,nan,nan,nan,nan,nan,1081.0,0.9590238928794861,8.389986038208008,2.044947918811184,1.7967898278360273,1.1084203720092773,1.0830265283584595,0.9590238928794861,255.0,255.0,0.010612931238915033,0.06593079074047248,0.014036190630459272
1776509796.2632453,14.016075628556152,-0.4914221675156885,2.8341822092170803,2.3872103477848727e-06,-2.663555602294711e-06,nan,nan,nan,nan,nan,nan,nan,nan,1081.0,0.9590238928794861,8.389986038208008,2.044947918811184,1.7967898278360273,1.1084203720092773,1.0830265283584595,0.9590238928794861,255.0,255.0,0.010612931200292695,0.06593079078291986,0.014036190267974981
1776509796.3143606,14.016075628059395,-0.49142216739891126,2.8341822091746414,2.3872102710107343e-06,-2.6635564512632395e-06,nan,nan,nan,nan,nan,nan,nan,nan,1081.0,0.9566127061843872,8.399327278137207,2.0446626132666017,1.796826220792436,1.1104097366333008,1.090766429901123,0.9566127061843872,255.0,255.0,0.010612931161671044,0.0659307908253588,0.014036189905494786
1776509796.3644261,14.016075628059395,-0.49142216739891126,2.8341822091746414,2.3872102710107343e-06,-2.6635564512632395e-06,nan,nan,nan,nan,nan,nan,nan,nan,1081.0,0.9566127061843872,8.399327278137207,2.0446626132666017,1.796826220792436,1.1104097366333008,1.090766429901123,0.9566127061843872,255.0,255.0,0.010612931161671044,0.0659307908253588,0.014036189905494786
1776509796.4142487,14.016075627065877,-0.49142216716535664,2.834182209089746,2.387210341250711e-06,-2.6635570730771548e-06,nan,nan,nan,nan,nan,nan,nan,nan,1081.0,0.9566127061843872,8.399327278137207,2.0446626132666017,1.796826220792436,1.1104097366333008,1.090766429901123,0.9566127061843872,255.0,255.0,0.010612931084426395,0.065930790910254,0.014036189180529929
1776509796.463161,14.016075626569117,-0.4914221670485793,2.8341822090472903,2.387210359002157e-06,-2.663559008195391e-06,nan,nan,nan,nan,nan,nan,nan,nan,1081.0,0.9569886922836304,8.40673542022705,2.0450700681921954,1.79671959198017,1.1168022155761719,1.093989372253418,0.9569886922836304,255.0,255.0,0.010612931045803931,0.06593079095270982,0.014036188818046786
1776509796.5154436,14.016075626072361,-0.49142216693180213,2.8341822090048336,2.3872105805499404e-06,-2.6635603328998525e-06,nan,nan,nan,nan,nan,nan,nan,nan,1081.0,0.9569886922836304,8.40673542022705,2.0450700681921954,1.79671959198017,1.1168022155761719,1.093989372253418,0.9569886922836304,255.0,255.0,0.010612931007182337,0.06593079099516652,0.014036188455566567
1776509796.566255,14.016075626072361,-0.49142216693180213,2.8341822090048336,2.3872105805499404e-06,-2.6635603328998525e-06,nan,nan,nan,nan,nan,nan,nan,nan,1081.0,0.9569886922836304,8.40673542022705,2.0450700681921954,1.79671959198017,1.1168022155761719,1.093989372253418,0.9569886922836304,255.0,255.0,0.010612931007182337,0.06593079099516652,0.014036188455566567
1776509796.6132789,14.016075625575606,-0.4914221668150262,2.834182208962387,2.387210842246419e-06,-2.663561806188837e-06,nan,nan,nan,nan,nan,nan,nan,nan,1081.0,0.9523141384124756,8.401734352111816,2.044827162612929,1.7970907567098278,1.1151437759399414,1.0861836671829224,0.9523141384124756,255.0,255.0,0.010612930968560023,0.06593079103761301,0.01403618809308723
1776509796.6642754,14.016075625078853,-0.4914221666982505,2.834182208919938,2.3872108930438947e-06,-2.6635614449629457e-06,nan,nan,nan,nan,nan,nan,nan,nan,1081.0,0.9523141384124756,8.401734352111816,2.044827162612929,1.7970907567098278,1.1151437759399414,1.0861836671829224,0.9523141384124756,255.0,255.0,0.01061293092993806,0.06593079108006217,0.014036187730609304
1776509796.7133527,14.016075624582099,-0.49142216658147514,2.8341822088774946,2.3872114004394513e-06,-2.6635607566110544e-06,nan,nan,nan,nan,nan,nan,nan,nan,1081.0,0.9523141384124756,8.401734352111816,2.044827162612929,1.7970907567098278,1.1151437759399414,1.0861836671829224,0.9523141384124756,255.0,255.0,0.010612930891315188,0.06593079112250555,0.014036187368129694
1776509796.7644851,14.016075624085344,-0.49142216646469955,2.8341822088350264,2.3872112952239193e-06,-2.6635628033869785e-06,nan,nan,nan,nan,nan,nan,nan,nan,1081.0,0.956023633480072,8.39625072479248,2.04483076546834,1.796378379871245,1.1080739498138428,1.0858007669448853,0.956023633480072,255.0,255.0,0.010612930852692756,0.0659307911649738,0.014036187005650215
1776509796.8133419,14.016075623588593,-0.491422166347925,2.8341822087925603,2.387211613585238e-06,-2.663565168981354e-06,nan,nan,nan,nan,nan,nan,nan,nan,1081.0,0.956023633480072,8.39625072479248,2.04483076546834,1.796378379871245,1.1080739498138428,1.0858007669448853,0.956023633480072,255.0,255.0,0.010612930814070375,0.06593079120743983,0.01403618664317322
1776509796.8632064,14.016075623091846,-0.4914221662311518,2.834182208750095,2.3872117563802963e-06,-2.6635659207325944e-06,nan,nan,nan,nan,nan,nan,nan,nan,1081.0,0.956023633480072,8.39625072479248,2.04483076546834,1.796378379871245,1.1080739498138428,1.0858007669448853,0.956023633480072,255.0,255.0,0.01061293077544779,0.06593079124990497,0.014036186280698566
1776509796.9183488,14.016075623091846,-0.4914221662311518,2.834182208750095,2.3872117563802963e-06,-2.6635659207325944e-06,nan,nan,nan,nan,nan,nan,nan,nan,1081.0,0.9567599892616272,8.385649681091309,2.0447293841982197,1.797145327949769,1.1181105375289917,1.0876096487045288,0.9567599892616272,255.0,255.0,0.01061293077544779,0.06593079124990497,0.014036186280698566
1776509796.9644485,14.016075622595093,-0.49142216611437955,2.8341822087076336,2.3872121269584118e-06,-2.663567739443149e-06,nan,nan,nan,nan,nan,nan,nan,nan,1081.0,0.9567599892616272,8.385649681091309,2.0447293841982197,1.797145327949769,1.1181105375289917,1.0876096487045288,0.9567599892616272,255.0,255.0,0.01061293073682266,0.06593079129236656,0.014036185918218888
1776509797.0193574,14.016075622098338,-0.4914221659976065,2.8341822086651574,2.3872122645622908e-06,-2.6635672567077926e-06,nan,nan,nan,nan,nan,nan,nan,nan,1081.0,0.9567599892616272,8.385649681091309,2.0447293841982197,1.797145327949769,1.1181105375289917,1.0876096487045288,0.9567599892616272,255.0,255.0,0.010612930698197867,0.06593079133484281,0.014036185555738108
1776509797.0683672,14.016075622098338,-0.4914221659976065,2.8341822086651574,2.3872122645622908e-06,-2.6635672567077926e-06,nan,nan,nan,nan,nan,nan,nan,nan,1081.0,0.949945867061615,8.395747184753418,2.0444651839360386,1.7970513750964408,1.1158238649368286,1.0979784727096558,0.949945867061615,255.0,255.0,0.010612930698197867,0.06593079133484281,0.014036185555738108
1776509797.1132925,14.016075621601589,-0.4914221658808345,2.8341822086226784,2.387212657517743e-06,-2.663567322781685e-06,nan,nan,nan,nan,nan,nan,nan,nan,1081.0,0.949945867061615,8.395747184753418,2.0444651839360386,1.7970513750964408,1.1158238649368286,1.0979784727096558,0.949945867061615,255.0,255.0,0.01061293065957376,0.06593079137732172,0.014036185193261358
1776509797.1633081,14.016075621104838,-0.4914221657640639,2.8341822085801964,2.387212987663565e-06,-2.6635708697553496e-06,nan,nan,nan,nan,nan,nan,nan,nan,1081.0,0.949945867061615,8.395747184753418,2.0444651839360386,1.7970513750964408,1.1158238649368286,1.0979784727096558,0.949945867061615,255.0,255.0,0.010612930620947768,0.06593079141980374,0.01403618483078235
1776509797.2132714,14.016075620608085,-0.49142216564729363,2.83418220853772,2.3872132785137114e-06,-2.6635720245699735e-06,nan,nan,nan,nan,nan,nan,nan,nan,1081.0,0.949945867061615,8.395747184753418,2.0444651839360386,1.7970513750964408,1.1158238649368286,1.0979784727096558,0.949945867061615,255.0,255.0,0.010612930582320868,0.06593079146227998,0.014036184468301661
1776509797.2664456,14.016075620111335,-0.4914221655305238,2.8341822084952306,2.3872132610984192e-06,-2.6635726727772203e-06,nan,nan,nan,nan,nan,nan,nan,nan,1081.0,0.9557873606681824,8.39914321899414,2.0445677321559295,1.7971567520679064,1.1053614616394043,1.09455406665802,0.9557873606681824,255.0,255.0,0.010612930543694743,0.06593079150476955,0.014036184105823779
1776509797.3131602,14.016075619614584,-0.4914221654137542,2.834182208452745,2.387213646488553e-06,-2.6635727144628524e-06,nan,nan,nan,nan,nan,nan,nan,nan,1081.0,0.9557873606681824,8.39914321899414,2.0445677321559295,1.7971567520679064,1.1053614616394043,1.09455406665802,0.9557873606681824,255.0,255.0,0.010612930505067831,0.06593079154725512,0.014036183743344277
1776509797.3665285,14.016075619614584,-0.4914221654137542,2.834182208452745,2.387213646488553e-06,-2.6635727144628524e-06,nan,nan,nan,nan,nan,nan,nan,nan,1081.0,0.9557873606681824,8.39914321899414,2.0445677321559295,1.7971567520679064,1.1053614616394043,1.09455406665802,0.9557873606681824,255.0,255.0,0.010612930505067831,0.06593079154725512,0.014036183743344277
1776509797.4195073,14.016075619614584,-0.4914221654137542,2.834182208452745,2.387213646488553e-06,-2.6635727144628524e-06,nan,nan,nan,nan,nan,nan,nan,nan,1081.0,0.9482827186584473,8.389181137084961,2.0441359117778775,1.797133560343838,1.1107889413833618,1.083620309829712,0.9482827186584473,255.0,255.0,0.010612930505067831,0.06593079154725512,0.014036183743344277
1776509797.4640102,14.016075619117837,-0.49142216529698574,2.8341822084102426,2.3872138512988084e-06,-2.6635742620925843e-06,nan,nan,nan,nan,nan,nan,nan,nan,1081.0,0.9482827186584473,8.389181137084961,2.0441359117778775,1.797133560343838,1.1107889413833618,1.083620309829712,0.9482827186584473,255.0,255.0,0.01061293046644109,0.06593079158975756,0.014036183380867229
1776509797.5133471,14.016075618621086,-0.49142216518021714,2.8341822083677317,2.3872142926827797e-06,-2.6635769924138423e-06,nan,nan,nan,nan,nan,nan,nan,nan,1081.0,0.9482827186584473,8.389181137084961,2.0441359117778775,1.797133560343838,1.1107889413833618,1.083620309829712,0.9482827186584473,255.0,255.0,0.01061293042781346,0.06593079163226845,0.014036183018387223
1776509797.5653632,14.01607561812434,-0.49142216506344816,2.8341822083252293,2.387214570854423e-06,-2.66357811187093e-06,nan,nan,nan,nan,nan,nan,nan,nan,1081.0,0.9595208168029785,8.403083801269531,2.0449272403002445,1.79684319049673,1.1132138967514038,1.0936306715011597,0.9595208168029785,255.0,255.0,0.010612930389187734,0.0659307916747709,0.01403618265591197
1776509797.6171517,14.016075617627594,-0.4914221649466793,2.8341822082827286,2.387214725252726e-06,-2.66357766193725e-06,nan,nan,nan,nan,nan,nan,nan,nan,1081.0,0.9595208168029785,8.403083801269531,2.0449272403002445,1.79684319049673,1.1132138967514038,1.0936306715011597,0.9595208168029785,255.0,255.0,0.010612930350561885,0.06593079171727156,0.014036182293436672
1776509797.6657243,14.016075617627594,-0.4914221649466793,2.8341822082827286,2.387214725252726e-06,-2.66357766193725e-06,nan,nan,nan,nan,nan,nan,nan,nan,1081.0,0.9595208168029785,8.403083801269531,2.0449272403002445,1.79684319049673,1.1132138967514038,1.0936306715011597,0.9595208168029785,255.0,255.0,0.010612930350561885,0.06593079171727156,0.014036182293436672
1776509797.7131586,14.016075617130845,-0.4914221648299116,2.8341822082402266,2.38721482892907e-06,-2.663577369263151e-06,nan,nan,nan,nan,nan,nan,nan,nan,1081.0,0.9595208168029785,8.403083801269531,2.0449272403002445,1.79684319049673,1.1132138967514038,1.0936306715011597,0.9595208168029785,255.0,255.0,0.010612930311933862,0.06593079175977357,0.01403618193095774
1776509797.7672112,14.0160756166341,-0.4914221647131443,2.8341822081977033,2.387215097582772e-06,-2.663580404550673e-06,nan,nan,nan,nan,nan,nan,nan,nan,1081.0,0.95537930727005,8.401098251342773,2.044552228938199,1.7966041253071674,1.1153260469436646,1.0894997119903564,0.95537930727005,255.0,255.0,0.010612930273306686,0.06593079180229688,0.014036181568481616
1776509797.8174698,14.016075616137348,-0.49142216459637594,2.8341822081551866,2.387215529792502e-06,-2.6635826859628147e-06,nan,nan,nan,nan,nan,nan,nan,nan,1081.0,0.95537930727005,8.401098251342773,2.044552228938199,1.7966041253071674,1.1153260469436646,1.0894997119903564,0.95537930727005,255.0,255.0,0.010612930234678896,0.06593079184481354,0.01403618120600154
1776509797.8631616,14.016075615640606,-0.4914221644796087,2.8341822081126704,2.3872157463035583e-06,-2.6635850614512163e-06,nan,nan,nan,nan,nan,nan,nan,nan,1081.0,0.9594597816467285,8.387100219726562,2.0442282926363595,1.7970737898176206,1.1104494333267212,1.0980522632598877,0.9594597816467285,255.0,255.0,0.010612930196052731,0.06593079188732975,0.014036180843528463
1776509797.9154456,14.016075615143858,-0.49142216436284264,2.8341822080701524,2.3872158987213634e-06,-2.663584021375122e-06,nan,nan,nan,nan,nan,nan,nan,nan,1081.0,0.9594597816467285,8.387100219726562,2.0442282926363595,1.7970737898176206,1.1104494333267212,1.0980522632598877,0.9594597816467285,255.0,255.0,0.010612930157423804,0.06593079192984774,0.014036180481050216
1776509797.9631903,14.016075614647114,-0.4914221642460773,2.8341822080276353,2.3872159286244013e-06,-2.663583695832299e-06,nan,nan,nan,nan,nan,nan,nan,nan,1081.0,0.9594597816467285,8.387100219726562,2.0442282926363595,1.7970737898176206,1.1104494333267212,1.0980522632598877,0.9594597816467285,255.0,255.0,0.010612930118795258,0.06593079197236484,0.014036180118574628
1776509798.016438,14.016075614647114,-0.4914221642460773,2.8341822080276353,2.3872159286244013e-06,-2.663583695832299e-06,nan,nan,nan,nan,nan,nan,nan,nan,1081.0,0.9594597816467285,8.387100219726562,2.0442282926363595,1.7970737898176206,1.1104494333267212,1.0980522632598877,0.9594597816467285,255.0,255.0,0.010612930118795258,0.06593079197236484,0.014036180118574628
1776509798.0642462,14.016075614150369,-0.4914221641293118,2.8341822079851027,2.387216432384248e-06,-2.663585838378769e-06,nan,nan,nan,nan,nan,nan,nan,nan,1081.0,0.9560161828994751,8.402634620666504,2.04515135905789,1.7969734372981758,1.115155577659607,1.0864405632019043,0.9560161828994751,255.0,255.0,0.01061293008016653,0.06593079201489749,0.01403617975609765
1776509798.1222641,14.016075613653628,-0.49142216401254635,2.834182207942566,2.3872165966598427e-06,-2.663587959605985e-06,nan,nan,nan,nan,nan,nan,nan,nan,1081.0,0.9560161828994751,8.402634620666504,2.04515135905789,1.7969734372981758,1.115155577659607,1.0864405632019043,0.9560161828994751,255.0,255.0,0.010612930041539343,0.06593079205743413,0.01403617939362517
1776509798.1707246,14.01607561315688,-0.491422163895782,2.8341822079000396,2.387217082823223e-06,-2.663590822043181e-06,nan,nan,nan,nan,nan,nan,nan,nan,1081.0,0.9560161828994751,8.402634620666504,2.04515135905789,1.7969734372981758,1.115155577659607,1.0864405632019043,0.9560161828994751,255.0,255.0,0.010612930002908853,0.06593079209996056,0.014036179031146059
1776509798.2224262,14.01607561315688,-0.491422163895782,2.8341822079000396,2.387217082823223e-06,-2.663590822043181e-06,nan,nan,nan,nan,nan,nan,nan,nan,1081.0,0.9641648530960083,8.396446228027344,2.04464259514866,1.7968885268312753,1.1141996383666992,1.0903888940811157,0.9641648530960083,255.0,255.0,0.010612930002908853,0.06593079209996056,0.014036179031146059
1776509798.264271,14.016075612660142,-0.49142216377901854,2.834182207857518,2.3872171200194865e-06,-2.6635879440729966e-06,nan,nan,nan,nan,nan,nan,nan,nan,1081.0,0.9641648530960083,8.396446228027344,2.04464259514866,1.7968885268312753,1.1141996383666992,1.0903888940811157,0.9641648530960083,255.0,255.0,0.010612929964280215,0.0659307921424821,0.014036178668674092
1776509798.3173714,14.016075612163398,-0.49142216366225383,2.8341822078149925,2.387217421971744e-06,-2.6635895078161103e-06,nan,nan,nan,nan,nan,nan,nan,nan,1081.0,0.9641648530960083,8.396446228027344,2.04464259514866,1.7968885268312753,1.1141996383666992,1.0903888940811157,0.9641648530960083,255.0,255.0,0.010612929925651163,0.06593079218500764,0.014036178306198232
1776509798.3662481,14.016075612163398,-0.49142216366225383,2.8341822078149925,2.387217421971744e-06,-2.6635895078161103e-06,nan,nan,nan,nan,nan,nan,nan,nan,1081.0,0.9641648530960083,8.396446228027344,2.04464259514866,1.7968885268312753,1.1141996383666992,1.0903888940811157,0.9641648530960083,255.0,255.0,0.010612929925651163,0.06593079218500764,0.014036178306198232
1776509798.417825,14.016075611666652,-0.49142216354548934,2.834182207772447,2.3872177530584886e-06,-2.6635908926190767e-06,nan,nan,nan,nan,nan,nan,nan,nan,1081.0,0.9530321359634399,8.40030288696289,2.044618024967204,1.7961770414211062,1.1153407096862793,1.0889391899108887,0.9530321359634399,255.0,255.0,0.010612929887021547,0.06593079222755316,0.01403617794372075
1776509798.465787,14.016075611666652,-0.49142216354548934,2.834182207772447,2.3872177530584886e-06,-2.6635908926190767e-06,nan,nan,nan,nan,nan,nan,nan,nan,1081.0,0.9530321359634399,8.40030288696289,2.044618024967204,1.7961770414211062,1.1153407096862793,1.0889391899108887,0.9530321359634399,255.0,255.0,0.010612929887021547,0.06593079222755316,0.01403617794372075
1776509798.5131462,14.016075611169912,-0.4914221634287254,2.834182207729905,2.3872178905669286e-06,-2.6635934122791906e-06,nan,nan,nan,nan,nan,nan,nan,nan,1081.0,0.9530321359634399,8.40030288696289,2.044618024967204,1.7961770414211062,1.1153407096862793,1.0889391899108887,0.9530321359634399,255.0,255.0,0.010612929848392981,0.06593079227009513,0.01403617758124753
1776509798.5672498,14.016075611169912,-0.4914221634287254,2.834182207729905,2.3872183546039113e-06,-2.6635942194762944e-06,nan,nan,nan,nan,nan,nan,nan,nan,1081.0,0.9530321359634399,8.40030288696289,2.044618024967204,1.7961770414211062,1.1153407096862793,1.0889391899108887,0.9530321359634399,255.0,255.0,0.010612929848392981,0.06593079227009513,0.01403617758124753
1776509798.6133573,14.01607561067317,-0.4914221633119619,2.834182207687374,2.3872183546039113e-06,-2.6635942194762944e-06,nan,nan,nan,nan,nan,nan,nan,nan,1081.0,0.9586493968963623,8.400484085083008,2.0450426401858195,1.79725418539843,1.097023844718933,1.0905838012695312,0.9586493968963623,255.0,255.0,0.01061292980976335,0.065930792312626,0.014036177218772575
1776509798.6642258,14.016075610176435,-0.491422163195199,2.834182207644856,2.387218464644745e-06,-2.663594384654654e-06,nan,nan,nan,nan,nan,nan,nan,nan,1081.0,0.9586493968963623,8.400484085083008,2.0450426401858195,1.79725418539843,1.097023844718933,1.0905838012695312,0.9586493968963623,255.0,255.0,0.010612929771135225,0.06593079235514399,0.014036176856303392
1776509798.7163587,14.016075609679689,-0.491422163078435,2.834182207602298,2.3872185089696223e-06,-2.6635954595775163e-06,nan,nan,nan,nan,nan,nan,nan,nan,1081.0,0.9586493968963623,8.400484085083008,2.0450426401858195,1.79725418539843,1.097023844718933,1.0905838012695312,0.9586493968963623,255.0,255.0,0.010612929732505246,0.06593079239770194,0.014036176493825686
1776509798.7652955,14.01607560918295,-0.491422162961672,2.834182207559752,2.387218995088443e-06,-2.663596031517967e-06,nan,nan,nan,nan,nan,nan,nan,nan,1081.0,0.9518759250640869,8.407224655151367,2.04467905780764,1.7967947692374564,1.1135610342025757,1.0849984884262085,0.9518759250640869,255.0,255.0,0.010612929693876358,0.06593079244024835,0.014036176131353524
1776509798.817257,14.016075608686211,-0.4914221628449094,2.8341822075172094,2.38721925709757e-06,-2.6635975906921358e-06,nan,nan,nan,nan,nan,nan,nan,nan,1081.0,0.9518759250640869,8.407224655151367,2.04467905780764,1.7967947692374564,1.1135610342025757,1.0849984884262085,0.9518759250640869,255.0,255.0,0.010612929655247065,0.06593079248279077,0.01403617576888117
1776509798.8643591,14.016075608686211,-0.4914221628449094,2.8341822075172094,2.38721925709757e-06,-2.6635975906921358e-06,nan,nan,nan,nan,nan,nan,nan,nan,1081.0,0.9518759250640869,8.407224655151367,2.04467905780764,1.7967947692374564,1.1135610342025757,1.0849984884262085,0.9518759250640869,255.0,255.0,0.010612929655247065,0.06593079248279077,0.01403617576888117
1776509798.9132636,14.016075608189476,-0.4914221627281467,2.834182207474675,2.387219178163372e-06,-2.6635996800854554e-06,nan,nan,nan,nan,nan,nan,nan,nan,1081.0,0.9518759250640869,8.407224655151367,2.04467905780764,1.7967947692374564,1.1135610342025757,1.0849984884262085,0.9518759250640869,255.0,255.0,0.010612929616618878,0.06593079252532519,0.014036175406411909
1776509798.9713652,14.016075607692738,-0.49142216261138455,2.8341822074321383,2.3872196349492174e-06,-2.6636019487959713e-06,nan,nan,nan,nan,nan,nan,nan,nan,1081.0,0.9514649510383606,8.399397850036621,2.0448370152993074,1.797207637927396,1.113739013671875,1.0947906970977783,0.9514649510383606,255.0,255.0,0.010612929577989106,0.06593079256786183,0.01403617504393934
1776509799.0160136,14.016075607692738,-0.49142216261138455,2.8341822074321383,2.3872196349492174e-06,-2.6636019487959713e-06,nan,nan,nan,nan,nan,nan,nan,nan,1081.0,0.9514649510383606,8.399397850036621,2.0448370152993074,1.797207637927396,1.113739013671875,1.0947906970977783,0.9514649510383606,255.0,255.0,0.010612929577989106,0.06593079256786183,0.01403617504393934
1776509799.0631971,14.016075607195997,-0.4914221624946223,2.8341822073895786,2.387219928930634e-06,-2.6636003006181177e-06,nan,nan,nan,nan,nan,nan,nan,nan,1081.0,0.9514649510383606,8.399397850036621,2.0448370152993074,1.797207637927396,1.113739013671875,1.0947906970977783,0.9514649510383606,255.0,255.0,0.010612929539359117,0.06593079261042156,0.014036174681465325
1776509799.11434,14.016075607195997,-0.4914221624946223,2.8341822073895786,2.387219928930634e-06,-2.6636003006181177e-06,nan,nan,nan,nan,nan,nan,nan,nan,1081.0,0.9514649510383606,8.399397850036621,2.0448370152993074,1.797207637927396,1.113739013671875,1.0947906970977783,0.9514649510383606,255.0,255.0,0.010612929539359117,0.06593079261042156,0.014036174681465325
1776509799.1645787,14.016075606699262,-0.49142216237786013,2.834182207347029,2.3872202980229037e-06,-2.6636002058085594e-06,nan,nan,nan,nan,nan,nan,nan,nan,1081.0,0.9526793956756592,8.411645889282227,2.044495642405765,1.797554765780677,1.1103928089141846,1.092529296875,0.9526793956756592,255.0,255.0,0.010612929500730537,0.06593079265297108,0.014036174318995802
1776509799.2143095,14.016075606202529,-0.4914221622610985,2.8341822073044756,2.3872201210925653e-06,-2.663601861894766e-06,nan,nan,nan,nan,nan,nan,nan,nan,1081.0,0.9526793956756592,8.411645889282227,2.044495642405765,1.797554765780677,1.1103928089141846,1.092529296875,0.9526793956756592,255.0,255.0,0.010612929462102006,0.0659307926955246,0.014036173956527512
1776509799.2643645,14.016075605705794,-0.4914221621443368,2.8341822072619607,2.387220933105488e-06,-2.6636033541049668e-06,nan,nan,nan,nan,nan,nan,nan,nan,1081.0,0.9526793956756592,8.411645889282227,2.044495642405765,1.797554765780677,1.1103928089141846,1.092529296875,0.9526793956756592,255.0,255.0,0.010612929423472684,0.06593079273803948,0.014036173594057778
1776509799.3181932,14.016075605209062,-0.4914221620275753,2.8341822072194365,2.3872206887895697e-06,-2.663605717090802e-06,nan,nan,nan,nan,nan,nan,nan,nan,1081.0,0.9594976902008057,8.379719734191895,2.0447895988946043,1.7964196423601222,1.1160087585449219,1.0879004001617432,0.9594976902008057,255.0,255.0,0.010612929384844316,0.06593079278056369,0.014036173231590964
1776509799.3686197,14.016075604712325,-0.49142216191081395,2.8341822071768776,2.3872213669223524e-06,-2.6636061051878975e-06,nan,nan,nan,nan,nan,nan,nan,nan,1081.0,0.9594976902008057,8.379719734191895,2.0447895988946043,1.7964196423601222,1.1160087585449219,1.0879004001617432,0.9594976902008057,255.0,255.0,0.010612929346214545,0.06593079282312253,0.014036172869119559
1776509799.4249172,14.016075604712325,-0.49142216191081395,2.8341822071768776,2.3872213669223524e-06,-2.6636061051878975e-06,nan,nan,nan,nan,nan,nan,nan,nan,1081.0,0.9594976902008057,8.379719734191895,2.0447895988946043,1.7964196423601222,1.1160087585449219,1.0879004001617432,0.9594976902008057,255.0,255.0,0.010612929346214545,0.06593079282312253,0.014036172869119559
1776509799.4914455,14.016075604712325,-0.49142216191081395,2.8341822071768776,2.3872213669223524e-06,-2.6636061051878975e-06,nan,nan,nan,nan,nan,nan,nan,nan,1081.0,0.9594976902008057,8.379719734191895,2.0447895988946043,1.7964196423601222,1.1160087585449219,1.0879004001617432,0.9594976902008057,255.0,255.0,0.010612929346214545,0.06593079282312253,0.014036172869119559
1776509799.514221,14.016075604215594,-0.4914221617940527,2.834182207134325,2.387221355647458e-06,-2.663605482460382e-06,nan,nan,nan,nan,nan,nan,nan,nan,1081.0,0.959213137626648,8.408050537109375,2.0445710792792937,1.7965433356099816,1.1086169481277466,1.0939693450927734,0.959213137626648,255.0,255.0,0.010612929307586224,0.06593079286567516,0.014036172506652646
1776509799.5643892,14.016075603718864,-0.49142216167729164,2.8341822070917844,2.387221526126327e-06,-2.6636056744517005e-06,nan,nan,nan,nan,nan,nan,nan,nan,1081.0,0.959213137626648,8.408050537109375,2.0445710792792937,1.7965433356099816,1.1086169481277466,1.0939693450927734,0.959213137626648,255.0,255.0,0.01061292926895812,0.0659307929082158,0.014036172144187143
1776509799.6132238,14.016075603222136,-0.4914221615605308,2.8341822070492353,2.3872218733176774e-06,-2.6636098570514957e-06,nan,nan,nan,nan,nan,nan,nan,nan,1081.0,0.9611412882804871,8.40335464477539,2.044831252671523,1.7969726751209345,1.1228522062301636,1.0902180671691895,0.9611412882804871,255.0,255.0,0.010612929230330418,0.06593079295076487,0.014036171781723046
1776509799.6659718,14.016075602725401,-0.49142216144377,2.834182207006677,2.3872219198543075e-06,-2.663609787899478e-06,nan,nan,nan,nan,nan,nan,nan,nan,1081.0,0.9611412882804871,8.40335464477539,2.044831252671523,1.7969726751209345,1.1228522062301636,1.0902180671691895,0.9611412882804871,255.0,255.0,0.010612929191700652,0.06593079299332327,0.014036171419252902
1776509799.7160623,14.016075602228668,-0.4914221613270096,2.83418220696412,2.387222274020926e-06,-2.6636097331558306e-06,nan,nan,nan,nan,nan,nan,nan,nan,1081.0,0.9611412882804871,8.40335464477539,2.044831252671523,1.7969726751209345,1.1228522062301636,1.0902180671691895,0.9611412882804871,255.0,255.0,0.010612929153070987,0.06593079303588034,0.014036171056784048
1776509799.7672634,14.016075602228668,-0.4914221613270096,2.83418220696412,2.387222274020926e-06,-2.6636097331558306e-06,nan,nan,nan,nan,nan,nan,nan,nan,1081.0,0.9611412882804871,8.40335464477539,2.044831252671523,1.7969726751209345,1.1228522062301636,1.0902180671691895,0.9611412882804871,255.0,255.0,0.010612929153070987,0.06593079303588034,0.014036171056784048
1776509799.8132567,14.016075601731936,-0.4914221612102498,2.8341822069215565,2.387222341692907e-06,-2.663610228554181e-06,nan,nan,nan,nan,nan,nan,nan,nan,1081.0,0.9529579281806946,8.393281936645508,2.044881623999925,1.7965321772574803,1.1051825284957886,1.090863823890686,0.9529579281806946,255.0,255.0,0.010612929114441389,0.06593079307844363,0.01403617069431643
1776509799.8646905,14.016075601235212,-0.49142216109348996,2.8341822068790092,2.387222374685388e-06,-2.663611343513685e-06,nan,nan,nan,nan,nan,nan,nan,nan,1081.0,0.9529579281806946,8.393281936645508,2.044881623999925,1.7965321772574803,1.1051825284957886,1.090863823890686,0.9529579281806946,255.0,255.0,0.010612929075813793,0.06593079312099093,0.014036170331854876
1776509799.9204383,14.016075600738482,-0.4914221609767297,2.834182206836447,2.3872226343905503e-06,-2.6636148952046755e-06,nan,nan,nan,nan,nan,nan,nan,nan,1081.0,0.9599727988243103,8.396438598632812,2.045241930493594,1.796965169249969,1.1135815382003784,1.0819162130355835,0.9599727988243103,255.0,255.0,0.010612929037185146,0.06593079316355333,0.014036169969389022
1776509799.9692557,14.016075600241754,-0.49142216085997054,2.834182206793875,2.387222634319527e-06,-2.663615917026337e-06,nan,nan,nan,nan,nan,nan,nan,nan,1081.0,0.9599727988243103,8.396438598632812,2.045241930493594,1.796965169249969,1.1135815382003784,1.0819162130355835,0.9599727988243103,255.0,255.0,0.010612928998556065,0.06593079320612505,0.01403616960692411
1776509800.0132127,14.016075599745024,-0.4914221607432122,2.834182206751304,2.3872226051523553e-06,-2.6636170912920126e-06,nan,nan,nan,nan,nan,nan,nan,nan,1081.0,0.9599727988243103,8.396438598632812,2.045241930493594,1.796965169249969,1.1135815382003784,1.0819162130355835,0.9599727988243103,255.0,255.0,0.010612928959925647,0.06593079324869633,0.014036169244457258
1776509800.063195,14.016075599248296,-0.49142216062645455,2.834182206708738,2.387222659813246e-06,-2.66361521512783e-06,nan,nan,nan,nan,nan,nan,nan,nan,1081.0,0.9578362107276917,8.389168739318848,2.0450259183536073,1.7966445271563085,1.1003458499908447,1.0932855606079102,0.9578362107276917,255.0,255.0,0.010612928921295086,0.06593079329126228,0.01403616888199158
1776509800.1131594,14.01607559875157,-0.49142216050969806,2.8341822066661564,2.3872232289670734e-06,-2.663619322076541e-06,nan,nan,nan,nan,nan,nan,nan,nan,1081.0,0.9578362107276917,8.389168739318848,2.0450259183536073,1.7966445271563085,1.1003458499908447,1.0932855606079102,0.9578362107276917,255.0,255.0,0.01061292888266409,0.06593079333384377,0.014036168519526819
1776509800.1646612,14.01607559825484,-0.4914221603929419,2.834182206623571,2.387223183495258e-06,-2.663620219096549e-06,nan,nan,nan,nan,nan,nan,nan,nan,1081.0,0.9578362107276917,8.389168739318848,2.0450259183536073,1.7966445271563085,1.1003458499908447,1.0932855606079102,0.9578362107276917,255.0,255.0,0.010612928844031741,0.06593079337642926,0.014036168157058864
1776509800.2131681,14.016075597758116,-0.49142216027618685,2.8341822065809836,2.387223285880198e-06,-2.663622668558779e-06,nan,nan,nan,nan,nan,nan,nan,nan,1081.0,0.9558437466621399,8.40391731262207,2.0447726478519317,1.7968413785586321,1.1137670278549194,1.0967200994491577,0.9558437466621399,255.0,255.0,0.010612928805399963,0.06593079341901653,0.014036167794594882
1776509800.2632518,14.01607559726139,-0.4914221601594327,2.834182206538397,2.3872234974263826e-06,-2.6636214861861787e-06,nan,nan,nan,nan,nan,nan,nan,nan,1081.0,0.9558437466621399,8.40391731262207,2.0447726478519317,1.7968413785586321,1.1137670278549194,1.0967200994491577,0.9558437466621399,255.0,255.0,0.010612928766766795,0.06593079346160335,0.014036167432128927
1776509800.3133037,14.016075596764663,-0.4914221600426783,2.834182206495799,2.3872240013102516e-06,-2.6636230210525658e-06,nan,nan,nan,nan,nan,nan,nan,nan,1081.0,0.9559094905853271,8.389375686645508,2.0454934917590224,1.7965672241327377,1.118331789970398,1.0882203578948975,0.9559094905853271,255.0,255.0,0.010612928728133943,0.06593079350420128,0.014036167069663099
1776509800.36637,14.016075596267939,-0.4914221599259237,2.8341822064531903,2.387224144720179e-06,-2.663624830477149e-06,nan,nan,nan,nan,nan,nan,nan,nan,1081.0,0.9559094905853271,8.389375686645508,2.0454934917590224,1.7965672241327377,1.118331789970398,1.0882203578948975,0.9559094905853271,255.0,255.0,0.010612928689501935,0.06593079354680986,0.014036166707198912
1776509800.4155169,14.016075595771213,-0.49142215980917,2.8341822064105897,2.387224246982494e-06,-2.6636265604926915e-06,nan,nan,nan,nan,nan,nan,nan,nan,1081.0,0.9562548398971558,8.404667854309082,2.0446937580443882,1.7965342067821357,1.1077336072921753,1.0863009691238403,0.9562548398971558,255.0,255.0,0.010612928650868471,0.06593079358941045,0.014036166344732754
1776509800.470583,14.01607559527449,-0.4914221596924165,2.8341822063680064,2.3872245628891328e-06,-2.66362687822219e-06,nan,nan,nan,nan,nan,nan,nan,nan,1081.0,0.9562548398971558,8.404667854309082,2.0446937580443882,1.7965342067821357,1.1077336072921753,1.0863009691238403,0.9562548398971558,255.0,255.0,0.01061292861223571,0.06593079363199372,0.014036165982269517
1776509800.5134668,14.016075594777769,-0.4914221595756631,2.8341822063254254,2.3872245260190926e-06,-2.663627667328756e-06,nan,nan,nan,nan,nan,nan,nan,nan,1081.0,0.9562548398971558,8.404667854309082,2.0446937580443882,1.7965342067821357,1.1077336072921753,1.0863009691238403,0.9562548398971558,255.0,255.0,0.010612928573603362,0.06593079367457477,0.014036165619807748
1776509800.5634537,14.016075594281046,-0.4914221594589096,2.8341822062828395,2.387225237176718e-06,-2.6636276383427886e-06,nan,nan,nan,nan,nan,nan,nan,nan,1081.0,0.9601820111274719,8.397814750671387,2.0456054853025574,1.7968899758185792,1.094100832939148,1.0909751653671265,0.9601820111274719,255.0,255.0,0.010612928534970626,0.06593079371716071,0.01403616525734453
1776509800.6205368,14.016075593784326,-0.49142215934215644,2.834182206240214,2.3872252204210514e-06,-2.663629374427981e-06,nan,nan,nan,nan,nan,nan,nan,nan,1081.0,0.9601820111274719,8.397814750671387,2.0456054853025574,1.7968899758185792,1.094100832939148,1.0909751653671265,0.9601820111274719,255.0,255.0,0.010612928496338474,0.06593079375978617,0.014036164894882663
1776509800.666348,14.016075593287603,-0.4914221592254036,2.8341822061976085,2.3872253814963014e-06,-2.6636314951465077e-06,nan,nan,nan,nan,nan,nan,nan,nan,1081.0,0.9607406854629517,8.394579887390137,2.0448652069178253,1.7969418527884193,1.1196372509002686,1.094749093055725,0.9607406854629517,255.0,255.0,0.010612928457705282,0.06593079380239164,0.014036164532419118
1776509800.7132761,14.016075592790887,-0.49142215910865045,2.8341822061550075,2.3872257054079422e-06,-2.6636331099965266e-06,nan,nan,nan,nan,nan,nan,nan,nan,1081.0,0.9607406854629517,8.394579887390137,2.0448652069178253,1.7969418527884193,1.1196372509002686,1.094749093055725,0.9607406854629517,255.0,255.0,0.010612928419074519,0.06593079384499267,0.014036164169961812
1776509800.7631447,14.016075592294163,-0.49142215899189795,2.8341822061123843,2.387226163411436e-06,-2.6636325024769454e-06,nan,nan,nan,nan,nan,nan,nan,nan,1081.0,0.9607406854629517,8.394579887390137,2.0448652069178253,1.7969418527884193,1.1196372509002686,1.094749093055725,0.9607406854629517,255.0,255.0,0.010612928380440636,0.06593079388761591,0.014036163807496595
1776509800.8132155,14.016075591797437,-0.49142215887514523,2.8341822060697677,2.3872262103824114e-06,-2.663633148375465e-06,nan,nan,nan,nan,nan,nan,nan,nan,1081.0,0.9572624564170837,8.395983695983887,2.044019025249905,1.7970474637892822,1.1124162673950195,1.0929393768310547,0.9572624564170837,255.0,255.0,0.010612928341806365,0.06593079393023249,0.014036163445029988
1776509800.8632991,14.016075591300721,-0.4914221587583932,2.8341822060271613,2.387226467682651e-06,-2.6636342755625295e-06,nan,nan,nan,nan,nan,nan,nan,nan,1081.0,0.9572624564170837,8.395983695983887,2.044019025249905,1.7970474637892822,1.1124162673950195,1.0929393768310547,0.9572624564170837,255.0,255.0,0.010612928303174592,0.06593079397283885,0.01403616308257213
1776509800.9156282,14.016075590804004,-0.49142215864164146,2.834182205984546,2.3872269694723755e-06,-2.6636355425789222e-06,nan,nan,nan,nan,nan,nan,nan,nan,1081.0,0.9572624564170837,8.395983695983887,2.044019025249905,1.7970474637892822,1.1124162673950195,1.0929393768310547,0.9572624564170837,255.0,255.0,0.010612928264542045,0.0659307940154541,0.01403616272011259
1776509800.9676921,14.01607559030729,-0.4914221585248901,2.8341822059419406,2.3872270681115052e-06,-2.6636382695534382e-06,nan,nan,nan,nan,nan,nan,nan,nan,1081.0,0.9597713947296143,8.396904945373535,2.0445567558034496,1.796720610848338,1.116119623184204,1.0878584384918213,0.9597713947296143,255.0,255.0,0.010612928225910166,0.06593079405805957,0.014036162357655917
1776509801.0132482,14.01607558981057,-0.4914221584081378,2.834182205899317,2.3872270891093372e-06,-2.6636379744895204e-06,nan,nan,nan,nan,nan,nan,nan,nan,1081.0,0.9597713947296143,8.396904945373535,2.0445567558034496,1.796720610848338,1.116119623184204,1.0878584384918213,0.9597713947296143,255.0,255.0,0.01061292818727715,0.06593079410068325,0.01403616199519366
1776509801.0632594,14.016075589313852,-0.4914221582913862,2.834182205856694,2.3872274159272607e-06,-2.663638044398189e-06,nan,nan,nan,nan,nan,nan,nan,nan,1081.0,0.9503014087677002,8.400571823120117,2.044849094585839,1.7967129298449191,1.1086983680725098,1.0907827615737915,0.9503014087677002,255.0,255.0,0.010612928148644566,0.06593079414330605,0.014036161632734093
1776509801.113455,14.016075588817136,-0.4914221581746356,2.8341822058140584,2.3872278930288746e-06,-2.6636390182501327e-06,nan,nan,nan,nan,nan,nan,nan,nan,1081.0,0.9503014087677002,8.400571823120117,2.044849094585839,1.7967129298449191,1.1086983680725098,1.0907827615737915,0.9503014087677002,255.0,255.0,0.010612928110011686,0.06593079418594172,0.014036161270275524
1776509801.164453,14.016075588320426,-0.49142215805788486,2.834182205771457,2.3872278873742592e-06,-2.6636397489419692e-06,nan,nan,nan,nan,nan,nan,nan,nan,1081.0,0.9503014087677002,8.400571823120117,2.044849094585839,1.7967129298449191,1.1086983680725098,1.0907827615737915,0.9503014087677002,255.0,255.0,0.010612928071380211,0.0659307942285432,0.014036160907821569
1776509801.213343,14.016075588320426,-0.49142215805788486,2.834182205771457,2.3872278873742592e-06,-2.6636397489419692e-06,nan,nan,nan,nan,nan,nan,nan,nan,1081.0,0.9505007863044739,8.39730453491211,2.0445810372249382,1.7971738717351557,1.116726279258728,1.0927245616912842,0.9505007863044739,255.0,255.0,0.010612928071380211,0.0659307942285432,0.014036160907821569
1776509801.2653944,14.016075587823714,-0.49142215794113425,2.8341822057288506,2.3872282119722923e-06,-2.6636424960515477e-06,nan,nan,nan,nan,nan,nan,nan,nan,1081.0,0.9505007863044739,8.39730453491211,2.0445810372249382,1.7971738717351557,1.116726279258728,1.0927245616912842,0.9505007863044739,255.0,255.0,0.010612928032748135,0.06593079427114956,0.014036160545366046
1776509801.314251,14.016075587823714,-0.49142215794113425,2.8341822057288506,2.3872282119722923e-06,-2.6636424960515477e-06,nan,nan,nan,nan,nan,nan,nan,nan,1081.0,0.9505007863044739,8.39730453491211,2.0445810372249382,1.7971738717351557,1.116726279258728,1.0927245616912842,0.9505007863044739,255.0,255.0,0.010612928032748135,0.06593079427114956,0.014036160545366046
1776509801.3632276,14.016075587326998,-0.4914221578243832,2.834182205686231,2.387228335392729e-06,-2.6636426815618013e-06,nan,nan,nan,nan,nan,nan,nan,nan,1081.0,0.9505007863044739,8.39730453491211,2.0445810372249382,1.7971738717351557,1.116726279258728,1.0927245616912842,0.9505007863044739,255.0,255.0,0.01061292799411553,0.06593079431376925,0.01403616018290774
1776509801.4131649,14.016075586830285,-0.49142215770763237,2.834182205643614,2.3872286692126687e-06,-2.663643583031724e-06,nan,nan,nan,nan,nan,nan,nan,nan,1081.0,0.9505007863044739,8.39730453491211,2.0445810372249382,1.7971738717351557,1.116726279258728,1.0927245616912842,0.9505007863044739,255.0,255.0,0.010612927955483228,0.06593079435638627,0.01403615982045084
1776509801.4664793,14.016075586333573,-0.49142215759088254,2.8341822056009724,2.387229003962448e-06,-2.663644001524396e-06,nan,nan,nan,nan,nan,nan,nan,nan,1081.0,0.9504584074020386,8.389193534851074,2.0447418635140737,1.7967513409617457,1.1214666366577148,1.0751010179519653,0.9504584074020386,255.0,255.0,0.010612927916850735,0.06593079439902771,0.014036159457994943
1776509801.5135946,14.016075585836864,-0.4914221574741325,2.8341822055583537,2.387229435720774e-06,-2.663646047506341e-06,nan,nan,nan,nan,nan,nan,nan,nan,1081.0,0.9504584074020386,8.389193534851074,2.0447418635140737,1.7967513409617457,1.1214666366577148,1.0751010179519653,0.9504584074020386,255.0,255.0,0.010612927878219321,0.06593079444164651,0.014036159095542199
1776509801.563147,14.016075585340154,-0.4914221573573821,2.8341822055157144,2.3872295628005106e-06,-2.663650260615234e-06,nan,nan,nan,nan,nan,nan,nan,nan,1081.0,0.9597739577293396,8.404478073120117,2.044886636524483,1.7966174916613498,1.116373062133789,1.0790026187896729,0.9597739577293396,255.0,255.0,0.010612927839587874,0.06593079448428574,0.014036158733088125
1776509801.6162553,14.016075585340154,-0.4914221573573821,2.8341822055157144,2.3872295628005106e-06,-2.663650260615234e-06,nan,nan,nan,nan,nan,nan,nan,nan,1081.0,0.9597739577293396,8.404478073120117,2.044886636524483,1.7966174916613498,1.116373062133789,1.0790026187896729,0.9597739577293396,255.0,255.0,0.010612927839587874,0.06593079448428574,0.014036158733088125
1776509801.663312,14.016075584843442,-0.4914221572406324,2.834182205473077,2.3872299863394823e-06,-2.6636494977162672e-06,nan,nan,nan,nan,nan,nan,nan,nan,1081.0,0.9597739577293396,8.404478073120117,2.044886636524483,1.7966174916613498,1.116373062133789,1.0790026187896729,0.9597739577293396,255.0,255.0,0.010612927800955237,0.06593079452692319,0.014036158370632193
1776509801.7163997,14.01607558434673,-0.491422157123883,2.834182205430442,2.387229898451721e-06,-2.663648910273241e-06,nan,nan,nan,nan,nan,nan,nan,nan,1081.0,0.9547902345657349,8.39318561553955,2.044482007112688,1.7968908325881487,1.1049981117248535,1.0775656700134277,0.9547902345657349,255.0,255.0,0.01061292776232226,0.06593079456955797,0.0140361580081761
1776509801.7634163,14.016075583850023,-0.4914221570071338,2.8341822053878074,2.3872302755015477e-06,-2.663647159572534e-06,nan,nan,nan,nan,nan,nan,nan,nan,1081.0,0.9547902345657349,8.39318561553955,2.044482007112688,1.7968908325881487,1.1049981117248535,1.0775656700134277,0.9547902345657349,255.0,255.0,0.010612927723690683,0.06593079461219276,0.014036157645724443
1776509801.8132846,14.016075583353315,-0.4914221568903843,2.8341822053451704,2.387230838885317e-06,-2.663652064319418e-06,nan,nan,nan,nan,nan,nan,nan,nan,1081.0,0.9547902345657349,8.39318561553955,2.044482007112688,1.7968908325881487,1.1049981117248535,1.0775656700134277,0.9547902345657349,255.0,255.0,0.010612927685058907,0.06593079465482976,0.014036157283271455
1776509801.8632834,14.016075582856601,-0.4914221567736348,2.8341822053025347,2.3872310857902112e-06,-2.663653040812919e-06,nan,nan,nan,nan,nan,nan,nan,nan,1081.0,0.9611583948135376,8.407919883728027,2.045397486541141,1.7967988134725734,1.1118419170379639,1.09231698513031,0.9611583948135376,255.0,255.0,0.010612927646425505,0.06593079469746543,0.014036156920813933
1776509801.913169,14.016075582359894,-0.49142215665688554,2.8341822052599044,2.3872309794924794e-06,-2.6636540381416565e-06,nan,nan,nan,nan,nan,nan,nan,nan,1081.0,0.9611583948135376,8.407919883728027,2.045397486541141,1.7967988134725734,1.1118419170379639,1.09231698513031,0.9611583948135376,255.0,255.0,0.010612927607793993,0.06593079474009578,0.01403615655836236
1776509801.964395,14.016075581863188,-0.4914221565401375,2.8341822052172723,2.3872310250154583e-06,-2.6636541136642508e-06,nan,nan,nan,nan,nan,nan,nan,nan,1081.0,0.9611583948135376,8.407919883728027,2.045397486541141,1.7967988134725734,1.1118419170379639,1.09231698513031,0.9611583948135376,255.0,255.0,0.010612927569161334,0.0659307947827279,0.01403615619591016
1776509802.0162542,14.01607558136648,-0.4914221564233889,2.834182205174619,2.3872316970804223e-06,-2.663655641643105e-06,nan,nan,nan,nan,nan,nan,nan,nan,1081.0,0.9509391188621521,8.398017883300781,2.044831705027218,1.7970066471357675,1.1276185512542725,1.0859421491622925,0.9509391188621521,255.0,255.0,0.010612927530528862,0.06593079482538133,0.014036155833456746
1776509802.0631733,14.016075580869773,-0.4914221563066407,2.8341822051319796,2.3872317341286934e-06,-2.6636552278312145e-06,nan,nan,nan,nan,nan,nan,nan,nan,1081.0,0.9509391188621521,8.398017883300781,2.044831705027218,1.7970066471357675,1.1276185512542725,1.0859421491622925,0.9509391188621521,255.0,255.0,0.010612927491896372,0.06593079486802056,0.01403615547100462
1776509802.1168547,14.016075580373066,-0.4914221561898922,2.8341822050893515,2.3872320479269917e-06,-2.6636577370025533e-06,nan,nan,nan,nan,nan,nan,nan,nan,1081.0,0.9624959230422974,8.396864891052246,2.0446246224459843,1.7966661991232082,1.1192988157272339,1.097747802734375,0.9624959230422974,255.0,255.0,0.0106129274532641,0.06593079491064868,0.014036155108552679
1776509802.1652474,14.016075580373066,-0.4914221561898922,2.8341822050893515,2.3872320479269917e-06,-2.6636577370025533e-06,nan,nan,nan,nan,nan,nan,nan,nan,1081.0,0.9624959230422974,8.396864891052246,2.0446246224459843,1.7966661991232082,1.1192988157272339,1.097747802734375,0.9624959230422974,255.0,255.0,0.0106129274532641,0.06593079491064868,0.014036155108552679
1776509802.213289,14.016075579876361,-0.49142215607314405,2.834182205046719,2.3872322400299814e-06,-2.6636589157309235e-06,nan,nan,nan,nan,nan,nan,nan,nan,1081.0,0.9624959230422974,8.396864891052246,2.0446246224459843,1.7966661991232082,1.1192988157272339,1.097747802734375,0.9624959230422974,255.0,255.0,0.010612927414632087,0.06593079495328125,0.014036154746102088
1776509802.2651894,14.016075579379654,-0.491422155956397,2.834182205004089,2.3872325614400222e-06,-2.6636595205519717e-06,nan,nan,nan,nan,nan,nan,nan,nan,1081.0,0.959989607334137,8.399808883666992,2.045160680706031,1.7965375066920486,1.1134510040283203,1.0947694778442383,0.959989607334137,255.0,255.0,0.010612927375998454,0.06593079499591115,0.014036154383649411
1776509802.3132422,14.016075578882953,-0.49142215583964904,2.8341822049614644,2.3872326998289843e-06,-2.6636579931862833e-06,nan,nan,nan,nan,nan,nan,nan,nan,1081.0,0.959989607334137,8.399808883666992,2.045160680706031,1.7965375066920486,1.1134510040283203,1.0947694778442383,0.959989607334137,255.0,255.0,0.01061292733736723,0.06593079503853572,0.01403615402120175
1776509802.363565,14.016075578386252,-0.49142215572290143,2.8341822049188075,2.387233010818708e-06,-2.66366273808022e-06,nan,nan,nan,nan,nan,nan,nan,nan,1081.0,0.9559256434440613,8.38626480102539,2.0447061678306797,1.796704504227729,1.1052675247192383,1.0884138345718384,0.9559256434440613,255.0,255.0,0.010612927298735989,0.0659307950811927,0.014036153658753926
1776509802.4133167,14.016075577889547,-0.4914221556061544,2.834182204876164,2.3872333049414067e-06,-2.663664146010925e-06,nan,nan,nan,nan,nan,nan,nan,nan,1081.0,0.9559256434440613,8.38626480102539,2.0447061678306797,1.796704504227729,1.1052675247192383,1.0884138345718384,0.9559256434440613,255.0,255.0,0.01061292726010302,0.06593079512383637,0.01403615329630279
1776509802.463199,14.016075577392845,-0.49142215548940754,2.834182204833521,2.387233814012934e-06,-2.663664622814738e-06,nan,nan,nan,nan,nan,nan,nan,nan,1081.0,0.9559256434440613,8.38626480102539,2.0447061678306797,1.796704504227729,1.1052675247192383,1.0884138345718384,0.9559256434440613,255.0,255.0,0.010612927221470905,0.06593079516647915,0.014036152933854577
1776509802.5132122,14.016075576896146,-0.4914221553726617,2.8341822047908893,2.3872335252913816e-06,-2.6636648269496295e-06,nan,nan,nan,nan,nan,nan,nan,nan,1081.0,0.9595785140991211,8.40592098236084,2.0452100423946082,1.7966937438908117,1.1209526062011719,1.0923945903778076,0.9595785140991211,255.0,255.0,0.010612927182838275,0.06593079520911083,0.014036152571407367
1776509802.5632114,14.016075576399444,-0.4914221552559151,2.834182204748239,2.3872341290854396e-06,-2.663666124270027e-06,nan,nan,nan,nan,nan,nan,nan,nan,1081.0,0.9595785140991211,8.40592098236084,2.0452100423946082,1.7966937438908117,1.1209526062011719,1.0923945903778076,0.9595785140991211,255.0,255.0,0.010612927144206018,0.06593079525176115,0.014036152208959056
1776509802.6132066,14.016075575902741,-0.4914221551391686,2.834182204705593,2.3872341830901114e-06,-2.6636669014028418e-06,nan,nan,nan,nan,nan,nan,nan,nan,1081.0,0.9595785140991211,8.40592098236084,2.0452100423946082,1.7966937438908117,1.1209526062011719,1.0923945903778076,0.9595785140991211,255.0,255.0,0.01061292710557308,0.06593079529440704,0.014036151846509182
1776509802.663139,14.01607557540604,-0.4914221550224222,2.8341822046629455,2.3872343676960604e-06,-2.663668499308403e-06,nan,nan,nan,nan,nan,nan,nan,nan,1081.0,0.9529217481613159,8.400798797607422,2.0454364880492135,1.7968737744502554,1.1082127094268799,1.0959765911102295,0.9529217481613159,255.0,255.0,0.010612927066940586,0.0659307953370547,0.014036151484060773
1776509802.7183118,14.016075574909342,-0.49142215490567714,2.8341822046202925,2.3872346312997723e-06,-2.6636698737607325e-06,nan,nan,nan,nan,nan,nan,nan,nan,1081.0,0.9529217481613159,8.400798797607422,2.0454364880492135,1.7968737744502554,1.1082127094268799,1.0959765911102295,0.9529217481613159,255.0,255.0,0.010612927028307947,0.0659307953797077,0.014036151121614708
1776509802.76316,14.016075574412643,-0.49142215478893364,2.8341822045776395,2.387234975936624e-06,-2.6636708888905106e-06,nan,nan,nan,nan,nan,nan,nan,nan,1081.0,0.9529217481613159,8.400798797607422,2.0454364880492135,1.7968737744502554,1.1082127094268799,1.0959765911102295,0.9529217481613159,255.0,255.0,0.010612926989673291,0.06593079542236069,0.014036150759166323
1776509802.8133123,14.01607557391594,-0.4914221546721911,2.8341822045349674,2.3872352312459858e-06,-2.6636711344752966e-06,nan,nan,nan,nan,nan,nan,nan,nan,1081.0,0.9554608464241028,8.403018951416016,2.0450908100020544,1.7971092493831688,1.1187915802001953,1.0988956689834595,0.9554608464241028,255.0,255.0,0.010612926951036834,0.06593079546503278,0.014036150396714426
1776509802.8663476,14.016075573419242,-0.4914221545554493,2.8341822044922926,2.387235626076531e-06,-2.6636727312792395e-06,nan,nan,nan,nan,nan,nan,nan,nan,1081.0,0.9554608464241028,8.403018951416016,2.0450908100020544,1.7971092493831688,1.1187915802001953,1.0988956689834595,0.9554608464241028,255.0,255.0,0.010612926912401274,0.06593079550770753,0.014036150034266675
1776509802.9162834,14.016075573419242,-0.4914221545554493,2.8341822044922926,2.387235626076531e-06,-2.6636727312792395e-06,nan,nan,nan,nan,nan,nan,nan,nan,1081.0,0.9554608464241028,8.403018951416016,2.0450908100020544,1.7971092493831688,1.1187915802001953,1.0988956689834595,0.9554608464241028,255.0,255.0,0.010612926912401274,0.06593079550770753,0.014036150034266675
1776509802.9662247,14.01607557292254,-0.49142215443870824,2.8341822044496,2.3872353599820947e-06,-2.663676000346947e-06,nan,nan,nan,nan,nan,nan,nan,nan,1081.0,0.9572553038597107,8.39818000793457,2.044828661220367,1.7968867648246514,1.1198943853378296,1.0931273698806763,0.9572553038597107,255.0,255.0,0.010612926873764115,0.06593079555040005,0.014036149671815528
1776509803.018997,14.01607557242584,-0.4914221543219665,2.834182204406909,2.3872356343793624e-06,-2.663676675890421e-06,nan,nan,nan,nan,nan,nan,nan,nan,1081.0,0.9572553038597107,8.39818000793457,2.044828661220367,1.7968867648246514,1.1198943853378296,1.0931273698806763,0.9572553038597107,255.0,255.0,0.010612926835128116,0.06593079559309123,0.014036149309366253
1776509803.0631893,14.016075571929143,-0.49142215420522534,2.8341822043642133,2.3872362023631146e-06,-2.6636759853498035e-06,nan,nan,nan,nan,nan,nan,nan,nan,1081.0,0.9572553038597107,8.39818000793457,2.044828661220367,1.7968867648246514,1.1198943853378296,1.0931273698806763,0.9572553038597107,255.0,255.0,0.010612926796492166,0.06593079563578685,0.01403614894691821
1776509803.1200492,14.016075571929143,-0.49142215420522534,2.8341822043642133,2.3872362023631146e-06,-2.6636759853498035e-06,nan,nan,nan,nan,nan,nan,nan,nan,1081.0,0.96309894323349,8.40353012084961,2.0452946164230856,1.797255875711466,1.1181049346923828,1.0940463542938232,0.96309894323349,255.0,255.0,0.010612926796492166,0.06593079563578685,0.01403614894691821
1776509803.1680365,14.016075571432442,-0.49142215408848505,2.8341822043215212,2.387235851998946e-06,-2.6636751402151786e-06,nan,nan,nan,nan,nan,nan,nan,nan,1081.0,0.96309894323349,8.40353012084961,2.0452946164230856,1.797255875711466,1.1181049346923828,1.0940463542938232,0.96309894323349,255.0,255.0,0.01061292675785426,0.06593079567847893,0.014036148584466683
1776509803.2132587,14.016075570935747,-0.4914221539717451,2.834182204278835,2.3872353157365863e-06,-2.6636772207756628e-06,nan,nan,nan,nan,nan,nan,nan,nan,1081.0,0.96309894323349,8.40353012084961,2.0452946164230856,1.797255875711466,1.1181049346923828,1.0940463542938232,0.96309894323349,255.0,255.0,0.010612926719218135,0.06593079572116523,0.014036148222021051
1776509803.2631452,14.016075570439053,-0.49142215385500526,2.834182204236142,2.3872357228764965e-06,-2.6636796324613757e-06,nan,nan,nan,nan,nan,nan,nan,nan,1081.0,0.9562891721725464,8.404912948608398,2.0445420333459134,1.7968942726757344,1.1107996702194214,1.0911203622817993,0.9562891721725464,255.0,255.0,0.010612926680581966,0.06593079576385819,0.014036147859575368
1776509803.3152382,14.016075569942357,-0.49142215373826453,2.8341822041934543,2.3872360346740204e-06,-2.6636810955244567e-06,nan,nan,nan,nan,nan,nan,nan,nan,1081.0,0.9562891721725464,8.404912948608398,2.0445420333459134,1.7968942726757344,1.1107996702194214,1.0911203622817993,0.9562891721725464,255.0,255.0,0.010612926641946055,0.06593079580654582,0.014036147497128646
1776509803.3642657,14.016075569942357,-0.49142215373826453,2.8341822041934543,2.3872360346740204e-06,-2.6636810955244567e-06,nan,nan,nan,nan,nan,nan,nan,nan,1081.0,0.9562891721725464,8.404912948608398,2.0445420333459134,1.7968942726757344,1.1107996702194214,1.0911203622817993,0.9562891721725464,255.0,255.0,0.010612926641946055,0.06593079580654582,0.014036147497128646
1776509803.4213278,14.016075569445663,-0.49142215362152436,2.8341822041507627,2.387235977951557e-06,-2.6636820269374396e-06,nan,nan,nan,nan,nan,nan,nan,nan,1081.0,0.959362268447876,8.4058198928833,2.0448094375369505,1.7967675846904134,1.1259270906448364,1.0925222635269165,0.959362268447876,255.0,255.0,0.01061292660331019,0.06593079584923744,0.014036147134683156
1776509803.4664774,14.016075568452276,-0.4914221533880457,2.8341822040653675,2.3872367444976535e-06,-2.6636822750638457e-06,nan,nan,nan,nan,nan,nan,nan,nan,1081.0,0.959362268447876,8.4058198928833,2.0448094375369505,1.7967675846904134,1.1259270906448364,1.0925222635269165,0.959362268447876,255.0,255.0,0.01061292652603752,0.06593079593463269,0.014036146409792848
1776509803.5131652,14.016075568452276,-0.4914221533880457,2.8341822040653675,2.3872367444976535e-06,-2.6636822750638457e-06,nan,nan,nan,nan,nan,nan,nan,nan,1081.0,0.959362268447876,8.4058198928833,2.0448094375369505,1.7967675846904134,1.1259270906448364,1.0925222635269165,0.959362268447876,255.0,255.0,0.01061292652603752,0.06593079593463269,0.014036146409792848
1776509803.5642357,14.016075567955584,-0.49142215327130584,2.83418220402265,2.387236929020322e-06,-2.6636859770872057e-06,nan,nan,nan,nan,nan,nan,nan,nan,1081.0,0.9512255787849426,8.404549598693848,2.0451552535956043,1.7970400797411146,1.1093279123306274,1.088870882987976,0.9512255787849426,255.0,255.0,0.010612926487402113,0.06593079597735008,0.014036146047348727
1776509803.6152008,14.0160755669622,-0.49142215303782816,2.8341822039372344,2.3872373814815795e-06,-2.6636873707402756e-06,nan,nan,nan,nan,nan,nan,nan,nan,1081.0,0.9512255787849426,8.404549598693848,2.0451552535956043,1.7970400797411146,1.1093279123306274,1.088870882987976,0.9512255787849426,255.0,255.0,0.010612926410129753,0.06593079606276575,0.014036145322460981
1776509803.6633494,14.0160755669622,-0.49142215303782816,2.8341822039372344,2.3872373814815795e-06,-2.6636873707402756e-06,nan,nan,nan,nan,nan,nan,nan,nan,1081.0,0.9580847024917603,8.405604362487793,2.045285254964996,1.7966825477763064,1.1124624013900757,1.10175621509552,0.9580847024917603,255.0,255.0,0.010612926410129753,0.06593079606276575,0.014036145322460981
1776509803.7133045,14.016075565968821,-0.49142215280435025,2.8341822038518076,2.3872378492873946e-06,-2.6636881777558996e-06,nan,nan,nan,nan,nan,nan,nan,nan,1081.0,0.9580847024917603,8.405604362487793,2.045285254964996,1.7966825477763064,1.1124624013900757,1.10175621509552,0.9580847024917603,255.0,255.0,0.010612926332858784,0.06593079614819253,0.014036144597576418
1776509803.763357,14.016075565968821,-0.49142215280435025,2.8341822038518076,2.3872378492873946e-06,-2.6636881777558996e-06,nan,nan,nan,nan,nan,nan,nan,nan,1081.0,0.9568495750427246,8.424052238464355,2.045003218026651,1.796687953882438,1.1124253273010254,1.0945937633514404,0.9568495750427246,255.0,255.0,0.010612926332858784,0.06593079614819253,0.014036144597576418
1776509803.814266,14.016075565472125,-0.49142215268761164,2.8341822038091053,2.3872380706559334e-06,-2.663688972445086e-06,nan,nan,nan,nan,nan,nan,nan,nan,1081.0,0.9568495750427246,8.424052238464355,2.045003218026651,1.796687953882438,1.1124253273010254,1.0945937633514404,0.9568495750427246,255.0,255.0,0.010612926294220996,0.06593079619089481,0.014036144235128674
1776509803.865385,14.016075564975438,-0.4914221525708738,2.834182203766407,2.3872382089438157e-06,-2.6636914473771274e-06,nan,nan,nan,nan,nan,nan,nan,nan,1081.0,0.9568495750427246,8.424052238464355,2.045003218026651,1.796687953882438,1.1124253273010254,1.0945937633514404,0.9568495750427246,255.0,255.0,0.01061292625558512,0.0659307962335931,0.014036143872688105
1776509803.9132488,14.016075564478747,-0.4914221524541362,2.8341822037237034,2.3872386636289384e-06,-2.6636931025001642e-06,nan,nan,nan,nan,nan,nan,nan,nan,1081.0,0.9624451994895935,8.407061576843262,2.0453580348277733,1.7970228815206646,1.1143405437469482,1.0900967121124268,0.9624451994895935,255.0,255.0,0.010612926216948006,0.06593079627629672,0.014036143510244405
1776509803.9632173,14.016075563982055,-0.49142215233739933,2.834182203680977,2.3872388515189616e-06,-2.6636926974868924e-06,nan,nan,nan,nan,nan,nan,nan,nan,1081.0,0.9624451994895935,8.407061576843262,2.0453580348277733,1.7970228815206646,1.1143405437469482,1.0900967121124268,0.9624451994895935,255.0,255.0,0.010612926178309823,0.06593079631902299,0.01403614314779879
1776509804.0133286,14.016075563982055,-0.49142215233739933,2.834182203680977,2.3872388515189616e-06,-2.6636926974868924e-06,nan,nan,nan,nan,nan,nan,nan,nan,1081.0,0.9624451994895935,8.407061576843262,2.0453580348277733,1.7970228815206646,1.1143405437469482,1.0900967121124268,0.9624451994895935,255.0,255.0,0.010612926178309823,0.06593079631902299,0.01403614314779879
1776509804.0642245,14.01607556348537,-0.49142215222066227,2.834182203638245,2.3872393632370485e-06,-2.66369365413535e-06,nan,nan,nan,nan,nan,nan,nan,nan,1081.0,0.9624451994895935,8.407061576843262,2.0453580348277733,1.7970228815206646,1.1143405437469482,1.0900967121124268,0.9624451994895935,255.0,255.0,0.010612926139674054,0.06593079636175503,0.014036142785359355
1776509804.1132138,14.016075562988682,-0.4914221521039254,2.8341822035955113,2.3872393396243733e-06,-2.6636962140774955e-06,nan,nan,nan,nan,nan,nan,nan,nan,1081.0,0.9568926692008972,8.411758422851562,2.0445642293767725,1.797293903807178,1.1103453636169434,1.0921381711959839,0.9568926692008972,255.0,255.0,0.010612926101037552,0.06593079640448885,0.014036142422918303
1776509804.1636422,14.016075562988682,-0.4914221521039254,2.8341822035955113,2.3872393396243733e-06,-2.6636962140774955e-06,nan,nan,nan,nan,nan,nan,nan,nan,1081.0,0.9568926692008972,8.411758422851562,2.0445642293767725,1.797293903807178,1.1103453636169434,1.0921381711959839,0.9568926692008972,255.0,255.0,0.010612926101037552,0.06593079640448885,0.014036142422918303
1776509804.214397,14.016075562491999,-0.49142215198718947,2.834182203552783,2.3872394905651214e-06,-2.663698564375416e-06,nan,nan,nan,nan,nan,nan,nan,nan,1081.0,0.9568926692008972,8.411758422851562,2.0445642293767725,1.797293903807178,1.1103453636169434,1.0921381711959839,0.9568926692008972,255.0,255.0,0.01061292606240123,0.06593079644721733,0.014036142060479824
1776509804.2649126,14.016075561995313,-0.4914221518704544,2.8341822035100557,2.3872398572550724e-06,-2.6636983552365217e-06,nan,nan,nan,nan,nan,nan,nan,nan,1081.0,0.9620223045349121,8.393369674682617,2.044702080584146,1.7971599112888959,1.125064730644226,1.1003695726394653,0.9620223045349121,255.0,255.0,0.01061292602376351,0.06593079648994449,0.014036141698039375
1776509804.318473,14.01607556149862,-0.4914221517537192,2.8341822034673223,2.3872401412764326e-06,-2.6636991853101724e-06,nan,nan,nan,nan,nan,nan,nan,nan,1081.0,0.9620223045349121,8.393369674682617,2.044702080584146,1.7971599112888959,1.125064730644226,1.1003695726394653,0.9620223045349121,255.0,255.0,0.010612925985123802,0.06593079653267786,0.014036141335592936
1776509804.3672,14.016075561001937,-0.49142215163698416,2.8341822034245716,2.3872404533360267e-06,-2.663699850151595e-06,nan,nan,nan,nan,nan,nan,nan,nan,1081.0,0.9620223045349121,8.393369674682617,2.044702080584146,1.7971599112888959,1.125064730644226,1.1003695726394653,0.9620223045349121,255.0,255.0,0.010612925946486837,0.06593079657542855,0.014036140973154022
1776509804.4134731,14.016075560505255,-0.4914221515202502,2.8341822033818294,2.3872405689053757e-06,-2.6637020529340938e-06,nan,nan,nan,nan,nan,nan,nan,nan,1081.0,0.9578050971031189,8.389087677001953,2.0448206957019557,1.7958193366225965,1.1226472854614258,1.0939193964004517,0.9578050971031189,255.0,255.0,0.010612925907849275,0.0659307966181708,0.014036140610716048
1776509804.471729,14.01607556000857,-0.49142215140351647,2.834182203339089,2.3872410580384166e-06,-2.6637036017486296e-06,nan,nan,nan,nan,nan,nan,nan,nan,1081.0,0.9578050971031189,8.389087677001953,2.0448206957019557,1.7958193366225965,1.1226472854614258,1.0939193964004517,0.9578050971031189,255.0,255.0,0.010612925869210407,0.06593079666091128,0.01403614024827494
1776509804.5131545,14.01607556000857,-0.49142215140351647,2.834182203339089,2.3872410580384166e-06,-2.6637036017486296e-06,nan,nan,nan,nan,nan,nan,nan,nan,1081.0,0.9578050971031189,8.389087677001953,2.0448206957019557,1.7958193366225965,1.1226472854614258,1.0939193964004517,0.9578050971031189,255.0,255.0,0.010612925869210407,0.06593079666091128,0.01403614024827494
1776509804.5636861,14.016075559511883,-0.4914221512867824,2.8341822032963426,2.3872412407012847e-06,-2.663703857152767e-06,nan,nan,nan,nan,nan,nan,nan,nan,1081.0,0.9558025598526001,8.40814208984375,2.044986444860559,1.796679196644251,1.1185002326965332,1.1000596284866333,0.9558025598526001,255.0,255.0,0.010612925830571374,0.06593079670365753,0.014036139885832499
1776509804.6131957,14.016075559015196,-0.4914221511700491,2.8341822032535986,2.387241455501219e-06,-2.6637032343735645e-06,nan,nan,nan,nan,nan,nan,nan,nan,1081.0,0.9558025598526001,8.40814208984375,2.044986444860559,1.796679196644251,1.1185002326965332,1.1000596284866333,0.9558025598526001,255.0,255.0,0.010612925791931578,0.06593079674640157,0.014036139523389665
1776509804.6692367,14.016075558518516,-0.49142215105331727,2.8341822032108426,2.387241470437138e-06,-2.663704732450815e-06,nan,nan,nan,nan,nan,nan,nan,nan,1081.0,0.9558025598526001,8.40814208984375,2.044986444860559,1.796679196644251,1.1185002326965332,1.1000596284866333,0.9558025598526001,255.0,255.0,0.010612925753292668,0.06593079678915759,0.014036139160952142
1776509804.7143419,14.016075558021834,-0.4914221509365852,2.834182203168109,2.3872418180362624e-06,-2.663705964760506e-06,nan,nan,nan,nan,nan,nan,nan,nan,1081.0,0.9567371010780334,8.399653434753418,2.044915581333979,1.7973945561568256,1.1184040307998657,1.0877366065979004,0.9567371010780334,255.0,255.0,0.010612925714653224,0.06593079683189096,0.01403613879851323
1776509804.7633748,14.016075557525154,-0.4914221508198529,2.834182203125378,2.3872422177287756e-06,-2.663708132653797e-06,nan,nan,nan,nan,nan,nan,nan,nan,1081.0,0.9567371010780334,8.399653434753418,2.044915581333979,1.7973945561568256,1.1184040307998657,1.0877366065979004,0.9567371010780334,255.0,255.0,0.010612925676014509,0.06593079687462211,0.014036138436075951
1776509804.816282,14.016075557028474,-0.4914221507031202,2.834182203082643,2.387242204980419e-06,-2.6637093991145408e-06,nan,nan,nan,nan,nan,nan,nan,nan,1081.0,0.9567371010780334,8.399653434753418,2.044915581333979,1.7973945561568256,1.1184040307998657,1.0877366065979004,0.9567371010780334,255.0,255.0,0.010612925637376253,0.06593079691735726,0.014036138073638923
1776509804.8637066,14.016075557028474,-0.4914221507031202,2.834182203082643,2.387242204980419e-06,-2.6637093991145408e-06,nan,nan,nan,nan,nan,nan,nan,nan,1081.0,0.9616486430168152,8.39655876159668,2.0448115683616477,1.796901865359502,1.1114596128463745,1.0934885740280151,0.9616486430168152,255.0,255.0,0.010612925637376253,0.06593079691735726,0.014036138073638923
1776509804.9132876,14.01607555653179,-0.4914221505863891,2.83418220303988,2.3872425823340743e-06,-2.6637092517675412e-06,nan,nan,nan,nan,nan,nan,nan,nan,1081.0,0.9616486430168152,8.39655876159668,2.0448115683616477,1.796901865359502,1.1114596128463745,1.0934885740280151,0.9616486430168152,255.0,255.0,0.010612925598735588,0.06593079696011994,0.014036137711197999
1776509804.9671836,14.016075556035108,-0.4914221504696575,2.8341822029971215,2.3872428855144855e-06,-2.6637090635834117e-06,nan,nan,nan,nan,nan,nan,nan,nan,1081.0,0.9616486430168152,8.39655876159668,2.0448115683616477,1.796901865359502,1.1114596128463745,1.0934885740280151,0.9616486430168152,255.0,255.0,0.010612925560095953,0.06593079700287863,0.014036137348758892
1776509805.0203652,14.016075556035108,-0.4914221504696575,2.8341822029971215,2.3872428855144855e-06,-2.6637090635834117e-06,nan,nan,nan,nan,nan,nan,nan,nan,1081.0,0.9616486430168152,8.39655876159668,2.0448115683616477,1.796901865359502,1.1114596128463745,1.0934885740280151,0.9616486430168152,255.0,255.0,0.010612925560095953,0.06593079700287863,0.014036137348758892
1776509805.0653317,14.01607555553843,-0.4914221503529261,2.8341822029543713,2.3872430761120046e-06,-2.6637113336693372e-06,nan,nan,nan,nan,nan,nan,nan,nan,1081.0,0.9555387496948242,8.402717590332031,2.0446268027298546,1.7967655481640075,1.1115460395812988,1.0975192785263062,0.9555387496948242,255.0,255.0,0.010612925521457102,0.06593079704562887,0.014036136986322707
1776509805.1132848,14.016075555041754,-0.49142215023619523,2.8341822029116197,2.387243111659955e-06,-2.663712738893232e-06,nan,nan,nan,nan,nan,nan,nan,nan,1081.0,0.9555387496948242,8.402717590332031,2.0446268027298546,1.7967655481640075,1.1115460395812988,1.0975192785263062,0.9555387496948242,255.0,255.0,0.010612925482818274,0.06593079708838046,0.014036136623887753
1776509805.1632636,14.016075554545079,-0.4914221501194646,2.8341822028688717,2.3872436309236016e-06,-2.66371363707734e-06,nan,nan,nan,nan,nan,nan,nan,nan,1081.0,0.9555387496948242,8.402717590332031,2.0446268027298546,1.7967655481640075,1.1115460395812988,1.0975192785263062,0.9555387496948242,255.0,255.0,0.010612925444179739,0.06593079713112848,0.014036136261454208
1776509805.2162333,14.016075554048397,-0.4914221500027342,2.834182202826124,2.3872436750298104e-06,-2.6637135470001e-06,nan,nan,nan,nan,nan,nan,nan,nan,1081.0,0.9569125175476074,8.400991439819336,2.0446426342969466,1.796572801596524,1.1165447235107422,1.0855863094329834,0.9569125175476074,255.0,255.0,0.010612925405538837,0.06593079717387607,0.014036135899014498
1776509805.2652571,14.016075554048397,-0.4914221500027342,2.834182202826124,2.3872436750298104e-06,-2.6637135470001e-06,nan,nan,nan,nan,nan,nan,nan,nan,1081.0,0.9569125175476074,8.400991439819336,2.0446426342969466,1.796572801596524,1.1165447235107422,1.0855863094329834,0.9569125175476074,255.0,255.0,0.010612925405538837,0.06593079717387607,0.014036135899014498
1776509805.3131442,14.016075553551723,-0.49142214988600347,2.834182202783379,2.387243936970133e-06,-2.6637143027364808e-06,nan,nan,nan,nan,nan,nan,nan,nan,1081.0,0.9569125175476074,8.400991439819336,2.0446426342969466,1.796572801596524,1.1165447235107422,1.0855863094329834,0.9569125175476074,255.0,255.0,0.010612925366900379,0.06593079721662098,0.014036135536581028
1776509805.3682811,14.016075553055046,-0.4914221497692735,2.834182202740626,2.387244216846318e-06,-2.6637157798609804e-06,nan,nan,nan,nan,nan,nan,nan,nan,1081.0,0.9568833708763123,8.391182899475098,2.0449080433038294,1.7969288375844934,1.1051355600357056,1.0943878889083862,0.9568833708763123,255.0,255.0,0.01061292532826072,0.06593079725937434,0.01403613517414565
1776509805.413328,14.01607555255837,-0.4914221496525439,2.834182202697865,2.3872447373227604e-06,-2.6637193517731492e-06,nan,nan,nan,nan,nan,nan,nan,nan,1081.0,0.9568833708763123,8.391182899475098,2.0449080433038294,1.7969288375844934,1.1051355600357056,1.0943878889083862,0.9568833708763123,255.0,255.0,0.010612925289620812,0.06593079730213525,0.014036134811710102
1776509805.4704754,14.016075552061691,-0.4914221495358165,2.8341822026550854,2.387244905793241e-06,-2.6637201486088962e-06,nan,nan,nan,nan,nan,nan,nan,nan,1081.0,0.9568833708763123,8.391182899475098,2.0449080433038294,1.7969288375844934,1.1051355600357056,1.0943878889083862,0.9568833708763123,255.0,255.0,0.01061292525097842,0.0659307973449148,0.014036134449271891
1776509805.514157,14.016075551565013,-0.4914221494190905,2.8341822026123014,2.3872449151592284e-06,-2.663721226050347e-06,nan,nan,nan,nan,nan,nan,nan,nan,1081.0,0.9571408033370972,8.40556526184082,2.0449739572188017,1.7972748985030778,1.1142393350601196,1.08484947681427,0.9571408033370972,255.0,255.0,0.010612925212334697,0.0659307973876988,0.014036134086832937
1776509805.563282,14.01607555106834,-0.491422149302365,2.8341822025695294,2.3872453584683467e-06,-2.6637191074344538e-06,nan,nan,nan,nan,nan,nan,nan,nan,1081.0,0.9571408033370972,8.40556526184082,2.0449739572188017,1.7972748985030778,1.1142393350601196,1.08484947681427,0.9571408033370972,255.0,255.0,0.01061292517369205,0.06593079743047081,0.014036133724398301
1776509805.6154294,14.01607555106834,-0.491422149302365,2.8341822025695294,2.387245659105682e-06,-2.6637231775386216e-06,nan,nan,nan,nan,nan,nan,nan,nan,1081.0,0.9571408033370972,8.40556526184082,2.0449739572188017,1.7972748985030778,1.1142393350601196,1.08484947681427,0.9571408033370972,255.0,255.0,0.01061292517369205,0.06593079743047081,0.014036133724398301
1776509805.6631393,14.016075550074993,-0.4914221490689134,2.834182202483953,2.387245935599236e-06,-2.663725397366344e-06,nan,nan,nan,nan,nan,nan,nan,nan,1081.0,0.9436529278755188,8.386096000671387,2.0443696353195113,1.7963142973370543,1.1199709177017212,1.0919448137283325,0.9436529278755188,255.0,255.0,0.010612925096407048,0.06593079751604725,0.014036132999527832
1776509805.7144132,14.016075550074993,-0.4914221490689134,2.834182202483953,2.387245935599236e-06,-2.663725397366344e-06,nan,nan,nan,nan,nan,nan,nan,nan,1081.0,0.9436529278755188,8.386096000671387,2.0443696353195113,1.7963142973370543,1.1199709177017212,1.0919448137283325,0.9436529278755188,255.0,255.0,0.010612925096407048,0.06593079751604725,0.014036132999527832
1776509805.7651474,14.016075549578321,-0.49142214895218844,2.834182202441174,2.387246046620207e-06,-2.663726703289611e-06,nan,nan,nan,nan,nan,nan,nan,nan,1081.0,0.960297703742981,8.39818286895752,2.0449937834550007,1.7964908156916808,1.1148234605789185,1.0949888229370117,0.960297703742981,255.0,255.0,0.010612925057764476,0.06593079755882636,0.01403613263709445
1776509805.8143299,14.016075549081647,-0.49142214883546337,2.8341822023983796,2.387246284742254e-06,-2.6637260644297414e-06,nan,nan,nan,nan,nan,nan,nan,nan,1081.0,0.960297703742981,8.39818286895752,2.0449937834550007,1.7964908156916808,1.1148234605789185,1.0949888229370117,0.960297703742981,255.0,255.0,0.010612925019121073,0.06593079760162057,0.014036132274658103
1776509805.868267,14.01607554808831,-0.49142214860201455,2.834182202312777,2.387246559224504e-06,-2.66372851100073e-06,nan,nan,nan,nan,nan,nan,nan,nan,1081.0,0.960297703742981,8.39818286895752,2.0449937834550007,1.7964908156916808,1.1148234605789185,1.0949888229370117,0.960297703742981,255.0,255.0,0.010612924941836892,0.06593079768722321,0.014036131549795345
1776509805.913353,14.01607554808831,-0.49142214860201455,2.834182202312777,2.387246559224504e-06,-2.66372851100073e-06,nan,nan,nan,nan,nan,nan,nan,nan,1081.0,0.9608781933784485,8.395475387573242,2.0453054915414044,1.796591209199058,1.1208730936050415,1.091326355934143,0.9608781933784485,255.0,255.0,0.010612924941836892,0.06593079768722321,0.014036131549795345
1776509805.9632714,14.016075547591635,-0.49142214848529003,2.8341822022699845,2.387247009879027e-06,-2.663730292467058e-06,nan,nan,nan,nan,nan,nan,nan,nan,1081.0,0.9608781933784485,8.395475387573242,2.0453054915414044,1.796591209199058,1.1208730936050415,1.091326355934143,0.9608781933784485,255.0,255.0,0.010612924903192942,0.06593079773001564,0.014036131187358735
1776509806.0132654,14.01607554709497,-0.49142214836856585,2.834182202227192,2.3872472115315475e-06,-2.6637307180648737e-06,nan,nan,nan,nan,nan,nan,nan,nan,1081.0,0.9608781933784485,8.395475387573242,2.0453054915414044,1.796591209199058,1.1208730936050415,1.091326355934143,0.9608781933784485,255.0,255.0,0.010612924864551366,0.06593079777280808,0.014036130824929535
1776509806.0632315,14.016075546598298,-0.4914221482518419,2.8341822021844125,2.387247195855692e-06,-2.6637313111786623e-06,nan,nan,nan,nan,nan,nan,nan,nan,1081.0,0.9617371559143066,8.400480270385742,2.0449350756368188,1.7964549561606542,1.1020784378051758,1.0893651247024536,0.9617371559143066,255.0,255.0,0.010612924825907845,0.06593079781558764,0.014036130462495683
1776509806.119739,14.01607554610163,-0.4914221481351179,2.8341822021416108,2.3872478574484002e-06,-2.663731789604058e-06,nan,nan,nan,nan,nan,nan,nan,nan,1081.0,0.9617371559143066,8.400480270385742,2.0449350756368188,1.7964549561606542,1.1020784378051758,1.0893651247024536,0.9617371559143066,255.0,255.0,0.010612924787265603,0.0659307978583894,0.01403613010006487
1776509806.1642814,14.016075545604961,-0.49142214801839385,2.8341822020988,2.3872480522329133e-06,-2.6637337086959154e-06,nan,nan,nan,nan,nan,nan,nan,nan,1081.0,0.9609118103981018,8.401391983032227,2.0450826914744944,1.7970633691549156,1.1136956214904785,1.0907970666885376,0.9609118103981018,255.0,255.0,0.01061292474862301,0.06593079790120004,0.014036129737632613
1776509806.2131517,14.01607554510829,-0.4914221479016703,2.834182202056003,2.387248105617186e-06,-2.6637352611582096e-06,nan,nan,nan,nan,nan,nan,nan,nan,1081.0,0.9609118103981018,8.401391983032227,2.0450826914744944,1.7970633691549156,1.1136956214904785,1.0907970666885376,0.9609118103981018,255.0,255.0,0.01061292470997923,0.06593079794399737,0.014036129375198556
1776509806.2632077,14.016075544611622,-0.4914221477849468,2.8341822020131993,2.3872476124135737e-06,-2.6637378970892995e-06,nan,nan,nan,nan,nan,nan,nan,nan,1081.0,0.9609118103981018,8.401391983032227,2.0450826914744944,1.7970633691549156,1.1136956214904785,1.0907970666885376,0.9609118103981018,255.0,255.0,0.01061292467133658,0.0659307979868009,0.01403612901276754
1776509806.313187,14.016075544611622,-0.4914221477849468,2.8341822020131993,2.3872476124135737e-06,-2.6637378970892995e-06,nan,nan,nan,nan,nan,nan,nan,nan,1081.0,0.9549807906150818,8.402189254760742,2.0446776694219273,1.796711791589178,1.114089846611023,1.0917212963104248,0.9549807906150818,255.0,255.0,0.01061292467133658,0.0659307979868009,0.01403612901276754
1776509806.3662403,14.016075544114953,-0.49142214766822295,2.8341822019703784,2.3872485281660223e-06,-2.6637368452008816e-06,nan,nan,nan,nan,nan,nan,nan,nan,1081.0,0.9549807906150818,8.402189254760742,2.0446776694219273,1.796711791589178,1.114089846611023,1.0917212963104248,0.9549807906150818,255.0,255.0,0.01061292463269387,0.06593079802962176,0.014036128650335192
1776509806.4141066,14.016075543618284,-0.4914221475515001,2.834182201927546,2.3872484487922703e-06,-2.663736488579436e-06,nan,nan,nan,nan,nan,nan,nan,nan,1081.0,0.9549807906150818,8.402189254760742,2.0446776694219273,1.796711791589178,1.114089846611023,1.0917212963104248,0.9549807906150818,255.0,255.0,0.010612924594050315,0.06593079807245417,0.014036128287902329
1776509806.4654975,14.016075543121618,-0.49142214743477736,2.834182201884731,2.3872483026855413e-06,-2.6637382462211265e-06,nan,nan,nan,nan,nan,nan,nan,nan,1081.0,0.9587951898574829,8.40164852142334,2.0451021161374947,1.7970161124608015,1.1069871187210083,1.0910165309906006,0.9587951898574829,255.0,255.0,0.010612924555407568,0.06593079811526925,0.014036127925472448
1776509806.5132627,14.016075542624954,-0.4914221473180544,2.834182201841924,2.3872481161118704e-06,-2.6637400310946607e-06,nan,nan,nan,nan,nan,nan,nan,nan,1081.0,0.9587951898574829,8.40164852142334,2.0451021161374947,1.7970161124608015,1.1069871187210083,1.0910165309906006,0.9587951898574829,255.0,255.0,0.010612924516765498,0.06593079815807634,0.014036127563044206
1776509806.5653698,14.016075542128288,-0.4914221472013322,2.8341822017991145,2.387248518936299e-06,-2.6637426501254527e-06,nan,nan,nan,nan,nan,nan,nan,nan,1081.0,0.9587951898574829,8.40164852142334,2.0451021161374947,1.7970161124608015,1.1069871187210083,1.0910165309906006,0.9587951898574829,255.0,255.0,0.010612924478122168,0.06593079820088565,0.014036127200614052
1776509806.6182344,14.016075541631622,-0.49142214708460913,2.834182201756293,2.3872488809361887e-06,-2.6637416777751727e-06,nan,nan,nan,nan,nan,nan,nan,nan,1081.0,0.9561697840690613,8.40735912322998,2.0454553042044803,1.7965070724259398,1.1031144857406616,1.099570870399475,0.9561697840690613,255.0,255.0,0.010612924439479797,0.06593079824370696,0.014036126838184372
1776509806.6682382,14.016075541134958,-0.49142214696788716,2.8341822017134812,2.3872490756137105e-06,-2.6637421438153007e-06,nan,nan,nan,nan,nan,nan,nan,nan,1081.0,0.9561697840690613,8.40735912322998,2.0454553042044803,1.7965070724259398,1.1031144857406616,1.099570870399475,0.9561697840690613,255.0,255.0,0.01061292440083682,0.06593079828651893,0.014036126475755636
1776509806.7133656,14.016075540638298,-0.4914221468511652,2.8341822016706697,2.3872493104784285e-06,-2.6637418635363603e-06,nan,nan,nan,nan,nan,nan,nan,nan,1081.0,0.9568283557891846,8.39937973022461,2.045553089015248,1.797022803843059,1.114500641822815,1.091996669769287,0.9568283557891846,255.0,255.0,0.010612924362194912,0.06593079832933046,0.014036126113329937
1776509806.763347,14.016075540141635,-0.49142214673444323,2.834182201627863,2.3872497054870604e-06,-2.6637457211195436e-06,nan,nan,nan,nan,nan,nan,nan,nan,1081.0,0.9568283557891846,8.39937973022461,2.045553089015248,1.797022803843059,1.114500641822815,1.091996669769287,0.9568283557891846,255.0,255.0,0.010612924323552422,0.06593079837213711,0.014036125750902732
1776509806.815016,14.016075539644977,-0.49142214661772116,2.8341822015850457,2.387249635391975e-06,-2.663747886891949e-06,nan,nan,nan,nan,nan,nan,nan,nan,1081.0,0.9568283557891846,8.39937973022461,2.045553089015248,1.797022803843059,1.114500641822815,1.091996669769287,0.9568283557891846,255.0,255.0,0.010612924284911212,0.06593079841495442,0.014036125388478628
1776509806.863207,14.016075539148314,-0.4914221465010001,2.834182201542212,2.3872498182508372e-06,-2.6637484261636787e-06,nan,nan,nan,nan,nan,nan,nan,nan,1081.0,0.9547016024589539,8.39219856262207,2.0447546739362106,1.7971008425208987,1.116499423980713,1.096358299255371,0.9547016024589539,255.0,255.0,0.010612924246268123,0.06593079845778815,0.014036125026050977
1776509806.9191303,14.016075538651654,-0.49142214638427845,2.8341822014993787,2.3872502161677712e-06,-2.663747475649741e-06,nan,nan,nan,nan,nan,nan,nan,nan,1081.0,0.9547016024589539,8.39219856262207,2.0447546739362106,1.7971008425208987,1.116499423980713,1.096358299255371,0.9547016024589539,255.0,255.0,0.0106129242076261,0.06593079850062145,0.01403612466362514
1776509806.964863,14.016075538154997,-0.4914221462675578,2.834182201456553,2.387250354740862e-06,-2.663746990937222e-06,nan,nan,nan,nan,nan,nan,nan,nan,1081.0,0.9547016024589539,8.39219856262207,2.0447546739362106,1.7971008425208987,1.116499423980713,1.096358299255371,0.9547016024589539,255.0,255.0,0.010612924168984128,0.06593079854344719,0.014036124301201823
1776509807.01315,14.01607553765834,-0.4914221461508366,2.8341822014137303,2.3872506967075854e-06,-2.6637508144518263e-06,nan,nan,nan,nan,nan,nan,nan,nan,1081.0,0.9542233347892761,8.391491889953613,2.044805399363621,1.7973241249895824,1.1136915683746338,1.0894556045532227,0.9542233347892761,255.0,255.0,0.010612924130342656,0.06593079858626982,0.0140361239387788
1776509807.0631874,14.016075537161681,-0.49142214603411566,2.8341822013708966,2.3872508509150114e-06,-2.663751883692172e-06,nan,nan,nan,nan,nan,nan,nan,nan,1081.0,0.9542233347892761,8.391491889953613,2.044805399363621,1.7973241249895824,1.1136915683746338,1.0894556045532227,0.9542233347892761,255.0,255.0,0.010612924091700537,0.06593079862910356,0.01403612357635416
1776509807.1153162,14.016075536665019,-0.4914221459173949,2.834182201328069,2.3872512049488044e-06,-2.6637518827944614e-06,nan,nan,nan,nan,nan,nan,nan,nan,1081.0,0.9552837014198303,8.415706634521484,2.0452708227010263,1.796910304244308,1.1064058542251587,1.0924127101898193,0.9552837014198303,255.0,255.0,0.010612924053057075,0.06593079867193108,0.014036123213926381
1776509807.1652966,14.01607553616836,-0.4914221458006744,2.8341822012852482,2.387251439952805e-06,-2.6637516091094383e-06,nan,nan,nan,nan,nan,nan,nan,nan,1081.0,0.9552837014198303,8.415706634521484,2.0452708227010263,1.796910304244308,1.1064058542251587,1.0924127101898193,0.9552837014198303,255.0,255.0,0.010612924014414415,0.06593079871475194,0.014036122851501527
1776509807.2161758,14.016075535671707,-0.49142214568395465,2.8341822012424176,2.3872517989968445e-06,-2.663751963753593e-06,nan,nan,nan,nan,nan,nan,nan,nan,1081.0,0.9600666165351868,8.399699211120605,2.044874345837204,1.7972701775754965,1.1190468072891235,1.0920041799545288,0.9600666165351868,255.0,255.0,0.010612923975772718,0.06593079875758256,0.014036122489080816
1776509807.263167,14.01607553517505,-0.4914221455672347,2.834182201199579,2.3872521016723974e-06,-2.6637562180297694e-06,nan,nan,nan,nan,nan,nan,nan,nan,1081.0,0.9600666165351868,8.399699211120605,2.044874345837204,1.7972701775754965,1.1190468072891235,1.0920041799545288,0.9600666165351868,255.0,255.0,0.010612923937130227,0.06593079880042119,0.014036122126657202
1776509807.3152597,14.016075534678395,-0.4914221454505148,2.8341822011567452,2.387252187373604e-06,-2.663757286571112e-06,nan,nan,nan,nan,nan,nan,nan,nan,1081.0,0.9600666165351868,8.399699211120605,2.044874345837204,1.7972701775754965,1.1190468072891235,1.0920041799545288,0.9600666165351868,255.0,255.0,0.010612923898488127,0.06593079884325492,0.014036121764235054
1776509807.3704014,14.01607553418174,-0.4914221453337952,2.834182201113918,2.3872526019588446e-06,-2.6637579206986006e-06,nan,nan,nan,nan,nan,nan,nan,nan,1081.0,0.961198091506958,8.3931303024292,2.0447473122387656,1.7975406253696957,1.1233314275741577,1.0834351778030396,0.961198091506958,255.0,255.0,0.010612923859845752,0.065930798886082,0.014036121401812802
1776509807.413364,14.016075533685086,-0.4914221452170768,2.834182201071072,2.3872528591069826e-06,-2.6637575759938896e-06,nan,nan,nan,nan,nan,nan,nan,nan,1081.0,0.961198091506958,8.3931303024292,2.0447473122387656,1.7975406253696957,1.1233314275741577,1.0834351778030396,0.961198091506958,255.0,255.0,0.010612923821202927,0.06593079892892817,0.014036121039391431
1776509807.4631424,14.016075533685086,-0.4914221452170768,2.834182201071072,2.3872528591069826e-06,-2.6637575759938896e-06,nan,nan,nan,nan,nan,nan,nan,nan,1081.0,0.961198091506958,8.3931303024292,2.0447473122387656,1.7975406253696957,1.1233314275741577,1.0834351778030396,0.961198091506958,255.0,255.0,0.010612923821202927,0.06593079892892817,0.014036121039391431
1776509807.5131977,14.01607553318843,-0.4914221451003576,2.8341822010282134,2.387252945433396e-06,-2.663759548937188e-06,nan,nan,nan,nan,nan,nan,nan,nan,1081.0,0.961198091506958,8.3931303024292,2.0447473122387656,1.7975406253696957,1.1233314275741577,1.0834351778030396,0.961198091506958,255.0,255.0,0.01061292378255988,0.06593079897178677,0.01403612067696745
1776509807.5658803,14.01607553318843,-0.4914221451003576,2.8341822010282134,2.387252945433396e-06,-2.663759548937188e-06,nan,nan,nan,nan,nan,nan,nan,nan,1081.0,0.9566197991371155,8.39418888092041,2.044700553249585,1.7973072551162343,1.0983577966690063,1.0763589143753052,0.9566197991371155,255.0,255.0,0.01061292378255988,0.06593079897178677,0.01403612067696745
1776509807.6373565,14.016075532691772,-0.4914221449836385,2.8341822009853614,2.387253243470242e-06,-2.6637606256647904e-06,nan,nan,nan,nan,nan,nan,nan,nan,1081.0,0.9566197991371155,8.39418888092041,2.044700553249585,1.7973072551162343,1.0983577966690063,1.0763589143753052,0.9566197991371155,255.0,255.0,0.010612923743916668,0.06593079901463872,0.014036120314543418
1776509807.6632655,14.016075532691772,-0.4914221449836385,2.8341822009853614,2.387253243470242e-06,-2.6637606256647904e-06,nan,nan,nan,nan,nan,nan,nan,nan,1081.0,0.9566197991371155,8.39418888092041,2.044700553249585,1.7973072551162343,1.0983577966690063,1.0763589143753052,0.9566197991371155,255.0,255.0,0.010612923743916668,0.06593079901463872,0.014036120314543418
1776509807.7134664,14.016075532195119,-0.4914221448669191,2.8341822009425184,2.387253541430539e-06,-2.663763148454023e-06,nan,nan,nan,nan,nan,nan,nan,nan,1081.0,0.9566197991371155,8.39418888092041,2.044700553249585,1.7973072551162343,1.0983577966690063,1.0763589143753052,0.9566197991371155,255.0,255.0,0.010612923705274765,0.06593079905748178,0.014036119952122601
1776509807.7672012,14.016075531698466,-0.4914221447502018,2.8341822008996744,2.387253957155118e-06,-2.6637636396850033e-06,nan,nan,nan,nan,nan,nan,nan,nan,1081.0,0.9564142227172852,8.404546737670898,2.044769344067375,1.7972365966635937,1.1097955703735352,1.09003746509552,0.9564142227172852,255.0,255.0,0.010612923666630861,0.06593079910032573,0.014036119589700687
1776509807.8131723,14.016075531201817,-0.49142214463348494,2.834182200856842,2.387253935000771e-06,-2.663763659137389e-06,nan,nan,nan,nan,nan,nan,nan,nan,1081.0,0.9564142227172852,8.404546737670898,2.044769344067375,1.7972365966635937,1.1097955703735352,1.09003746509552,0.9564142227172852,255.0,255.0,0.01061292362798804,0.06593079914315814,0.014036119227283097
1776509807.8632236,14.016075530705164,-0.49142214451676886,2.8341822008139745,2.3872543187246452e-06,-2.663765984326679e-06,nan,nan,nan,nan,nan,nan,nan,nan,1081.0,0.9564142227172852,8.404546737670898,2.044769344067375,1.7972365966635937,1.1097955703735352,1.09003746509552,0.9564142227172852,255.0,255.0,0.010612923589343187,0.06593079918602562,0.014036118864860564
1776509807.9132457,14.016075530705164,-0.49142214451676886,2.8341822008139745,2.3872543187246452e-06,-2.663765984326679e-06,nan,nan,nan,nan,nan,nan,nan,nan,1081.0,0.9657543897628784,8.396800994873047,2.0449276430313508,1.7964529851168505,1.1045985221862793,1.0915024280548096,0.9657543897628784,255.0,255.0,0.010612923589343187,0.06593079918602562,0.014036118864860564
1776509807.963336,14.016075530208514,-0.49142214440005433,2.8341822007710946,2.387254441888848e-06,-2.663767424279077e-06,nan,nan,nan,nan,nan,nan,nan,nan,1081.0,0.9657543897628784,8.396800994873047,2.0449276430313508,1.7964529851168505,1.1045985221862793,1.0915024280548096,0.9657543897628784,255.0,255.0,0.010612923550698043,0.06593079922890555,0.014036118502440258
1776509808.014279,14.016075529711864,-0.4914221442833406,2.8341822007282245,2.3872547267541565e-06,-2.663769548232753e-06,nan,nan,nan,nan,nan,nan,nan,nan,1081.0,0.9657543897628784,8.396800994873047,2.0449276430313508,1.7964529851168505,1.1045985221862793,1.0915024280548096,0.9657543897628784,255.0,255.0,0.010612923512052067,0.0659307992717757,0.014036118140019552
1776509808.0641422,14.016075529215211,-0.49142214416662683,2.834182200685349,2.3872548710730827e-06,-2.6637696547076364e-06,nan,nan,nan,nan,nan,nan,nan,nan,1081.0,0.9571360945701599,8.398500442504883,2.044903897555419,1.7969960757555026,1.1003444194793701,1.0928453207015991,0.9571360945701599,255.0,255.0,0.010612923473405065,0.06593079931465118,0.014036117777595829
1776509808.1132705,14.016075528718556,-0.49142214404991297,2.834182200642466,2.3872552558709824e-06,-2.6637694152538997e-06,nan,nan,nan,nan,nan,nan,nan,nan,1081.0,0.9571360945701599,8.398500442504883,2.044903897555419,1.7969960757555026,1.1003444194793701,1.0928453207015991,0.9571360945701599,255.0,255.0,0.010612923434757702,0.06593079935753421,0.01403611741517066
1776509808.1631463,14.016075528221904,-0.49142214393319966,2.8341822005995816,2.387255435180175e-06,-2.663770203786731e-06,nan,nan,nan,nan,nan,nan,nan,nan,1081.0,0.9547893404960632,8.39986515045166,2.044975680349934,1.7971378470696018,1.1077748537063599,1.0925289392471313,0.9547893404960632,255.0,255.0,0.010612923396110897,0.06593079940041857,0.014036117052748237
1776509808.2131479,14.016075527725254,-0.49142214381648647,2.834182200556707,2.3872558256192685e-06,-2.6637724786272623e-06,nan,nan,nan,nan,nan,nan,nan,nan,1081.0,0.9547893404960632,8.39986515045166,2.044975680349934,1.7971378470696018,1.1077748537063599,1.0925289392471313,0.9547893404960632,255.0,255.0,0.010612923357464433,0.06593079944329316,0.014036116690327281
1776509808.2661853,14.016075526731964,-0.4914221435830611,2.834182200470977,2.3872561840429724e-06,-2.663775994588704e-06,nan,nan,nan,nan,nan,nan,nan,nan,1081.0,0.9432623386383057,8.402584075927734,2.0448589822299827,1.796814186045369,1.106370210647583,1.0912541151046753,0.9432623386383057,255.0,255.0,0.010612923280173065,0.06593079952902325,0.014036115965492443
1776509808.3131535,14.016075526731964,-0.4914221435830611,2.834182200470977,2.3872564292205426e-06,-2.6637751389622515e-06,nan,nan,nan,nan,nan,nan,nan,nan,1081.0,0.9432623386383057,8.402584075927734,2.0448589822299827,1.796814186045369,1.106370210647583,1.0912541151046753,0.9432623386383057,255.0,255.0,0.010612923280173065,0.06593079952902325,0.014036115965492443
1776509808.363281,14.01607552623531,-0.49142214346634777,2.834182200428086,2.3872564292205426e-06,-2.6637751389622515e-06,nan,nan,nan,nan,nan,nan,nan,nan,1081.0,0.9432623386383057,8.402584075927734,2.0448589822299827,1.796814186045369,1.106370210647583,1.0912541151046753,0.9432623386383057,255.0,255.0,0.010612923241525782,0.06593079957191428,0.014036115603068541
1776509808.4132845,14.016075525738668,-0.4914221433496358,2.8341822003851904,2.3872566413111077e-06,-2.6637745359759394e-06,nan,nan,nan,nan,nan,nan,nan,nan,1081.0,0.9528325200080872,8.42612361907959,2.0447688469944123,1.7969682031278764,1.0963544845581055,1.0946569442749023,0.9528325200080872,255.0,255.0,0.010612923202880497,0.06593079961480974,0.014036115240653043
1776509808.4632874,14.016075525242021,-0.4914221432329235,2.8341822003423105,2.387256776468437e-06,-2.6637762763611682e-06,nan,nan,nan,nan,nan,nan,nan,nan,1081.0,0.9528325200080872,8.42612361907959,2.0447688469944123,1.7969682031278764,1.0963544845581055,1.0946569442749023,0.9528325200080872,255.0,255.0,0.01061292316423431,0.06593079965768966,0.014036114878234697
1776509808.5141711,14.016075524745379,-0.4914221431162114,2.83418220029944,2.387257011145725e-06,-2.6637788971237424e-06,nan,nan,nan,nan,nan,nan,nan,nan,1081.0,0.9528325200080872,8.42612361907959,2.0447688469944123,1.7969682031278764,1.0963544845581055,1.0946569442749023,0.9528325200080872,255.0,255.0,0.010612923125588902,0.06593079970056026,0.014036114515819273
1776509808.564736,14.016075524745379,-0.4914221431162114,2.83418220029944,2.387257011145725e-06,-2.6637788971237424e-06,nan,nan,nan,nan,nan,nan,nan,nan,1081.0,0.9528325200080872,8.42612361907959,2.0447688469944123,1.7969682031278764,1.0963544845581055,1.0946569442749023,0.9528325200080872,255.0,255.0,0.010612923125588902,0.06593079970056026,0.014036114515819273
1776509808.6192558,14.016075524248734,-0.49142214299949943,2.8341822002565595,2.387257598806845e-06,-2.663781225706875e-06,nan,nan,nan,nan,nan,nan,nan,nan,1081.0,0.959698498249054,8.423857688903809,2.045307028249499,1.7968379795120772,1.118896722793579,1.0877645015716553,0.959698498249054,255.0,255.0,0.01061292308694294,0.06593079974344063,0.014036114153402286
1776509808.6682613,14.016075523752088,-0.49142214288278746,2.8341822002136645,2.3872575485234314e-06,-2.663780216476037e-06,nan,nan,nan,nan,nan,nan,nan,nan,1081.0,0.959698498249054,8.423857688903809,2.045307028249499,1.7968379795120772,1.118896722793579,1.0877645015716553,0.959698498249054,255.0,255.0,0.010612923048296575,0.06593079978633565,0.014036113790983792
1776509808.7132092,14.016075523255447,-0.49142214276607615,2.8341822001707744,2.387257908915549e-06,-2.6637798930601173e-06,nan,nan,nan,nan,nan,nan,nan,nan,1081.0,0.9581755995750427,8.401843070983887,2.044224189840788,1.7976176540894064,1.1117863655090332,1.087747573852539,0.9581755995750427,255.0,255.0,0.01061292300965114,0.06593079982922578,0.014036113428569504
1776509808.7631953,14.016075522758802,-0.49142214264936473,2.8341822001278834,2.3872582035405537e-06,-2.6637803346464164e-06,nan,nan,nan,nan,nan,nan,nan,nan,1081.0,0.9581755995750427,8.401843070983887,2.044224189840788,1.7976176540894064,1.1117863655090332,1.087747573852539,0.9581755995750427,255.0,255.0,0.01061292297100475,0.06593079987211681,0.014036113066152253
1776509808.813169,14.016075522262167,-0.49142214253265354,2.834182200084989,2.3872585212185123e-06,-2.6637840559142184e-06,nan,nan,nan,nan,nan,nan,nan,nan,1081.0,0.9581755995750427,8.401843070983887,2.044224189840788,1.7976176540894064,1.1117863655090332,1.087747573852539,0.9581755995750427,255.0,255.0,0.010612922932360862,0.06593079991501138,0.01403611270374247
1776509808.866237,14.01607552176552,-0.4914221424159421,2.8341822000420964,2.3872585479771136e-06,-2.6637850637411305e-06,nan,nan,nan,nan,nan,nan,nan,nan,1081.0,0.9549808502197266,8.388140678405762,2.044511592244793,1.7966100001583354,1.103164792060852,1.0908617973327637,0.9549808502197266,255.0,255.0,0.010612922893713943,0.06593079995790374,0.014036112341323723
1776509808.9133503,14.016075521268874,-0.49142214229923115,2.834182199999199,2.387258956700242e-06,-2.6637844516925734e-06,nan,nan,nan,nan,nan,nan,nan,nan,1081.0,0.9549808502197266,8.388140678405762,2.044511592244793,1.7966100001583354,1.103164792060852,1.0908617973327637,0.9549808502197266,255.0,255.0,0.010612922855066646,0.06593080000080098,0.014036111978904753
1776509808.9633317,14.016075520772237,-0.4914221421825206,2.834182199956315,2.3872590124529966e-06,-2.663784879760612e-06,nan,nan,nan,nan,nan,nan,nan,nan,1081.0,0.9513444900512695,8.414046287536621,2.045288899394784,1.7969058974555008,1.1212376356124878,1.0829914808273315,0.9513444900512695,255.0,255.0,0.010612922816421495,0.06593080004368534,0.014036111616493135
1776509809.0133305,14.016075519778962,-0.4914221419490999,2.8341821998705172,2.387259653930008e-06,-2.663789412755625e-06,nan,nan,nan,nan,nan,nan,nan,nan,1081.0,0.9513444900512695,8.414046287536621,2.045288899394784,1.7969058974555008,1.1212376356124878,1.0829914808273315,0.9513444900512695,255.0,255.0,0.010612922739131139,0.06593080012948294,0.014036110891669748
1776509809.0632892,14.016075519282316,-0.4914221418323898,2.8341821998276213,2.3872595029016304e-06,-2.6637890411389945e-06,nan,nan,nan,nan,nan,nan,nan,nan,1081.0,0.9528396725654602,8.393747329711914,2.0451706963264753,1.7972605015872816,1.1165118217468262,1.0956202745437622,0.9528396725654602,255.0,255.0,0.010612922700482983,0.06593080017237885,0.014036110529250351
1776509809.116338,14.016075519282316,-0.4914221418323898,2.8341821998276213,2.3872595029016304e-06,-2.6637890411389945e-06,nan,nan,nan,nan,nan,nan,nan,nan,1081.0,0.9528396725654602,8.393747329711914,2.0451706963264753,1.7972605015872816,1.1165118217468262,1.0956202745437622,0.9528396725654602,255.0,255.0,0.010612922700482983,0.06593080017237885,0.014036110529250351
1776509809.163238,14.016075518785678,-0.4914221417156796,2.834182199784736,2.3872597089592313e-06,-2.6637902045276993e-06,nan,nan,nan,nan,nan,nan,nan,nan,1081.0,0.9528396725654602,8.393747329711914,2.0451706963264753,1.7972605015872816,1.1165118217468262,1.0956202745437622,0.9528396725654602,255.0,255.0,0.010612922661837523,0.0659308002152641,0.014036110166838593
1776509809.213145,14.016075518289043,-0.49142214159896974,2.83418219974183,2.387260145809489e-06,-2.663789920053412e-06,nan,nan,nan,nan,nan,nan,nan,nan,1081.0,0.9562560319900513,8.414373397827148,2.044680959311599,1.7971362552273142,1.09980309009552,1.0967549085617065,0.9562560319900513,255.0,255.0,0.010612922623192474,0.06593080025817022,0.014036109804428184
1776509809.263326,14.0160755177924,-0.49142214148225954,2.8341821996989096,2.3872600793430506e-06,-2.663793012409558e-06,nan,nan,nan,nan,nan,nan,nan,nan,1081.0,0.9562560319900513,8.414373397827148,2.044680959311599,1.7971362552273142,1.09980309009552,1.0967549085617065,0.9562560319900513,255.0,255.0,0.010612922584545721,0.06593080030109055,0.014036109442011903
1776509809.3131385,14.016075517295763,-0.49142214136554946,2.8341821996560035,2.3872607599157587e-06,-2.6637946569083665e-06,nan,nan,nan,nan,nan,nan,nan,nan,1081.0,0.9562560319900513,8.414373397827148,2.044680959311599,1.7971362552273142,1.09980309009552,1.0967549085617065,0.9562560319900513,255.0,255.0,0.010612922545900346,0.06593080034399668,0.014036109079600116
1776509809.3632436,14.016075517295763,-0.49142214136554946,2.8341821996560035,2.3872607599157587e-06,-2.6637946569083665e-06,nan,nan,nan,nan,nan,nan,nan,nan,1081.0,0.9562560319900513,8.414373397827148,2.044680959311599,1.7971362552273142,1.09980309009552,1.0967549085617065,0.9562560319900513,255.0,255.0,0.010612922545900346,0.06593080034399668,0.014036109079600116
1776509809.4131546,14.016075516799123,-0.49142214124884015,2.8341821996131027,2.387260750755302e-06,-2.6637960328250755e-06,nan,nan,nan,nan,nan,nan,nan,nan,1081.0,0.9597718119621277,8.411027908325195,2.0453183827964825,1.7971882184590473,1.1059420108795166,1.0878618955612183,0.9597718119621277,255.0,255.0,0.010612922507253644,0.06593080038689747,0.014036108717186415
1776509809.4632604,14.01607551630249,-0.49142214113213184,2.8341821995702037,2.387260211092809e-06,-2.66379716764979e-06,nan,nan,nan,nan,nan,nan,nan,nan,1081.0,0.9597718119621277,8.411027908325195,2.0453183827964825,1.7971882184590473,1.1059420108795166,1.0878618955612183,0.9597718119621277,255.0,255.0,0.010612922468607584,0.06593080042979649,0.014036108354776748
1776509809.5132544,14.016075515805852,-0.4914221410154232,2.8341821995273015,2.387260342049926e-06,-2.6637962364538196e-06,nan,nan,nan,nan,nan,nan,nan,nan,1081.0,0.9597718119621277,8.411027908325195,2.0453183827964825,1.7971882184590473,1.1059420108795166,1.0878618955612183,0.9597718119621277,255.0,255.0,0.010612922429960796,0.06593080047269861,0.014036107992364233
1776509809.5631533,14.016075515309218,-0.4914221408987139,2.8341821994843692,2.387260798527721e-06,-2.663797799628514e-06,nan,nan,nan,nan,nan,nan,nan,nan,1081.0,0.9571433663368225,8.38903522491455,2.0446599410927813,1.7971222329753151,1.1126197576522827,1.0950629711151123,0.9571433663368225,255.0,255.0,0.010612922391315997,0.06593080051563094,0.014036107629955103
1776509809.615513,14.016075515309218,-0.4914221408987139,2.8341821994843692,2.387260798527721e-06,-2.663797799628514e-06,nan,nan,nan,nan,nan,nan,nan,nan,1081.0,0.9571433663368225,8.38903522491455,2.0446599410927813,1.7971222329753151,1.1126197576522827,1.0950629711151123,0.9571433663368225,255.0,255.0,0.010612922391315997,0.06593080051563094,0.014036107629955103
1776509809.6641605,14.01607551431595,-0.4914221406652968,2.8341821993985445,2.387260962431808e-06,-2.6638012141040497e-06,nan,nan,nan,nan,nan,nan,nan,nan,1081.0,0.9571433663368225,8.38903522491455,2.0446599410927813,1.7971222329753151,1.1126197576522827,1.0950629711151123,0.9571433663368225,255.0,255.0,0.010612922314024546,0.06593080060145562,0.014036106905136065
1776509809.7152522,14.01607551431595,-0.4914221406652968,2.8341821993985445,2.387260962431808e-06,-2.6638012141040497e-06,nan,nan,nan,nan,nan,nan,nan,nan,1081.0,0.9609649777412415,8.380826950073242,2.0445716474256947,1.7964098250714435,1.1177417039871216,1.0938929319381714,0.9609649777412415,255.0,255.0,0.010612922314024546,0.06593080060145562,0.014036106905136065
1776509809.7641766,14.016075513819318,-0.4914221405485884,2.8341821993556247,2.3872610791614664e-06,-2.6638017822228786e-06,nan,nan,nan,nan,nan,nan,nan,nan,1081.0,0.9609649777412415,8.380826950073242,2.0445716474256947,1.7964098250714435,1.1177417039871216,1.0938929319381714,0.9609649777412415,255.0,255.0,0.010612922275379324,0.06593080064437551,0.014036106542728013
1776509809.8182375,14.016075513322688,-0.49142214043188076,2.8341821993127168,2.38726179758032e-06,-2.663801559532549e-06,nan,nan,nan,nan,nan,nan,nan,nan,1081.0,0.9609649777412415,8.380826950073242,2.0445716474256947,1.7964098250714435,1.1177417039871216,1.0938929319381714,0.9609649777412415,255.0,255.0,0.010612922236733786,0.06593080068728341,0.01403610618032108
1776509809.8631504,14.016075512826054,-0.49142214031517256,2.834182199269789,2.3872619882059304e-06,-2.6638029759299635e-06,nan,nan,nan,nan,nan,nan,nan,nan,1081.0,0.9554700255393982,8.402053833007812,2.0447351643048868,1.7967791015352863,1.1167912483215332,1.083065152168274,0.9554700255393982,255.0,255.0,0.010612922198087887,0.06593080073021129,0.014036105817911418
1776509809.9142113,14.016075512329424,-0.49142214019846503,2.8341821992268645,2.387261861792734e-06,-2.66380430489158e-06,nan,nan,nan,nan,nan,nan,nan,nan,1081.0,0.9554700255393982,8.402053833007812,2.0447351643048868,1.7967791015352863,1.1167912483215332,1.083065152168274,0.9554700255393982,255.0,255.0,0.010612922159442394,0.06593080077313562,0.014036105455504443
1776509809.9645991,14.016075511832796,-0.4914221400817585,2.834182199183938,2.3872620714309883e-06,-2.6638060371489283e-06,nan,nan,nan,nan,nan,nan,nan,nan,1081.0,0.9554700255393982,8.402053833007812,2.0447351643048868,1.7967791015352863,1.1167912483215332,1.083065152168274,0.9554700255393982,255.0,255.0,0.010612922120796509,0.06593080081606217,0.014036105093098475
1776509810.0133555,14.016075511336165,-0.4914221399650525,2.834182199141019,2.387262697789893e-06,-2.6638084281430942e-06,nan,nan,nan,nan,nan,nan,nan,nan,1081.0,0.958391010761261,8.396781921386719,2.0453572515863496,1.797474244536642,1.1082499027252197,1.085667610168457,0.958391010761261,255.0,255.0,0.010612922082149485,0.06593080085898118,0.014036104730690706
1776509810.0647652,14.016075510839537,-0.49142213984834715,2.8341821990980782,2.3872626589911715e-06,-2.663807919583243e-06,nan,nan,nan,nan,nan,nan,nan,nan,1081.0,0.958391010761261,8.396781921386719,2.0453572515863496,1.797474244536642,1.1082499027252197,1.085667610168457,0.958391010761261,255.0,255.0,0.010612922043502619,0.06593080090192194,0.014036104368284145
1776509810.1147873,14.016075510839537,-0.49142213984834715,2.8341821990980782,2.3872626589911715e-06,-2.663807919583243e-06,nan,nan,nan,nan,nan,nan,nan,nan,1081.0,0.9552453756332397,8.392461776733398,2.044454426979379,1.7966724077160758,1.1275475025177002,1.0862646102905273,0.9552453756332397,255.0,255.0,0.010612922043502619,0.06593080090192194,0.014036104368284145
1776509810.1656265,14.016075510342906,-0.49142213973164245,2.8341821990551326,2.387262997357984e-06,-2.663807510922949e-06,nan,nan,nan,nan,nan,nan,nan,nan,1081.0,0.9552453756332397,8.392461776733398,2.044454426979379,1.7966724077160758,1.1275475025177002,1.0862646102905273,0.9552453756332397,255.0,255.0,0.010612922004854622,0.06593080094486758,0.01403610400587573
1776509810.218041,14.016075509846283,-0.4914221396149388,2.8341821990121905,2.3872630759990156e-06,-2.663809591985716e-06,nan,nan,nan,nan,nan,nan,nan,nan,1081.0,0.9552453756332397,8.392461776733398,2.044454426979379,1.7966724077160758,1.1275475025177002,1.0862646102905273,0.9552453756332397,255.0,255.0,0.01061292196620774,0.06593080098780968,0.01403610364347283
1776509810.263186,14.016075509349653,-0.49142213949823627,2.834182198969249,2.387263401118015e-06,-2.6638109606363002e-06,nan,nan,nan,nan,nan,nan,nan,nan,1081.0,0.9643839001655579,8.386953353881836,2.0447348069527105,1.7966169157516196,1.1203868389129639,1.0945416688919067,0.9643839001655579,255.0,255.0,0.010612921927557644,0.06593080103075133,0.0140361032810633
1776509810.3132844,14.016075509349653,-0.49142213949823627,2.834182198969249,2.387263401118015e-06,-2.6638109606363002e-06,nan,nan,nan,nan,nan,nan,nan,nan,1081.0,0.9643839001655579,8.386953353881836,2.0447348069527105,1.7966169157516196,1.1203868389129639,1.0945416688919067,0.9643839001655579,255.0,255.0,0.010612921927557644,0.06593080103075133,0.0140361032810633
1776509810.363286,14.016075508853023,-0.4914221393815343,2.8341821989263103,2.387263540839303e-06,-2.6638128894460673e-06,nan,nan,nan,nan,nan,nan,nan,nan,1081.0,0.9643839001655579,8.386953353881836,2.0447348069527105,1.7966169157516196,1.1203868389129639,1.0945416688919067,0.9643839001655579,255.0,255.0,0.010612921888906992,0.06593080107368987,0.014036102918653492
1776509810.4145322,14.016075508356398,-0.4914221392648323,2.8341821988833615,2.387264078838716e-06,-2.6638130651212664e-06,nan,nan,nan,nan,nan,nan,nan,nan,1081.0,0.9643839001655579,8.386953353881836,2.0447348069527105,1.7966169157516196,1.1203868389129639,1.0945416688919067,0.9643839001655579,255.0,255.0,0.010612921850258045,0.06593080111663863,0.014036102556248235
1776509810.4634013,14.01607550785977,-0.4914221391481312,2.8341821988404114,2.3872642707525013e-06,-2.6638131902305857e-06,nan,nan,nan,nan,nan,nan,nan,nan,1081.0,0.9497773051261902,8.400543212890625,2.0454371357603716,1.7971013728702505,1.1203444004058838,1.0783699750900269,0.9497773051261902,255.0,255.0,0.010612921811607189,0.06593080115958871,0.014036102193839495
1776509810.5135148,14.016075507363144,-0.49142213903143134,2.8341821987974547,2.3872643823991433e-06,-2.663815776654134e-06,nan,nan,nan,nan,nan,nan,nan,nan,1081.0,0.9497773051261902,8.400543212890625,2.0454371357603716,1.7971013728702505,1.1203444004058838,1.0783699750900269,0.9497773051261902,255.0,255.0,0.010612921772956306,0.06593080120254546,0.014036101831433152
1776509810.570274,14.01607550686652,-0.4914221389147327,2.8341821987544877,2.3872646607763503e-06,-2.663819021305215e-06,nan,nan,nan,nan,nan,nan,nan,nan,1081.0,0.9497773051261902,8.400543212890625,2.0454371357603716,1.7971013728702505,1.1203444004058838,1.0783699750900269,0.9497773051261902,255.0,255.0,0.010612921734304353,0.06593080124551243,0.014036101469026181
1776509810.620319,14.01607550686652,-0.4914221389147327,2.8341821987544877,2.3872646607763503e-06,-2.663819021305215e-06,nan,nan,nan,nan,nan,nan,nan,nan,1081.0,0.9600507616996765,8.420401573181152,2.0447459983450744,1.7973122822324696,1.1046082973480225,1.093840479850769,0.9600507616996765,255.0,255.0,0.010612921734304353,0.06593080124551243,0.014036101469026181
1776509810.6674569,14.016075506369889,-0.49142213879803315,2.834182198711525,2.387264958502644e-06,-2.6638184193742715e-06,nan,nan,nan,nan,nan,nan,nan,nan,1081.0,0.9600507616996765,8.420401573181152,2.0447459983450744,1.7973122822324696,1.1046082973480225,1.093840479850769,0.9600507616996765,255.0,255.0,0.010612921695651593,0.06593080128847495,0.01403610110661514
1776509810.713152,14.016075505873266,-0.4914221386813347,2.834182198668555,2.3872649937641503e-06,-2.6638185526122182e-06,nan,nan,nan,nan,nan,nan,nan,nan,1081.0,0.9600507616996765,8.420401573181152,2.0447459983450744,1.7973122822324696,1.1046082973480225,1.093840479850769,0.9600507616996765,255.0,255.0,0.010612921656999992,0.06593080133144502,0.014036100744209589
1776509810.7652097,14.016075505873266,-0.4914221386813347,2.834182198668555,2.3872649937641503e-06,-2.6638185526122182e-06,nan,nan,nan,nan,nan,nan,nan,nan,1081.0,0.9521788954734802,8.397347450256348,2.044519241378883,1.7974708062249047,1.1075533628463745,1.0968352556228638,0.9521788954734802,255.0,255.0,0.010612921656999992,0.06593080133144502,0.014036100744209589
1776509810.8162303,14.016075505376639,-0.49142213856463673,2.8341821986255686,2.3872655454620347e-06,-2.6638198413550077e-06,nan,nan,nan,nan,nan,nan,nan,nan,1081.0,0.9521788954734802,8.397347450256348,2.044519241378883,1.7974708062249047,1.1075533628463745,1.0968352556228638,0.9521788954734802,255.0,255.0,0.010612921618347045,0.06593080137443152,0.014036100381800785
1776509810.8632324,14.016075504880016,-0.4914221384479383,2.8341821985825844,2.387265949220536e-06,-2.663822429281725e-06,nan,nan,nan,nan,nan,nan,nan,nan,1081.0,0.9521788954734802,8.397347450256348,2.044519241378883,1.7974708062249047,1.1075533628463745,1.0968352556228638,0.9521788954734802,255.0,255.0,0.010612921579695575,0.06593080141741581,0.014036100019395249
1776509810.9132428,14.016075504383391,-0.4914221383312391,2.83418219853961,2.387265913982686e-06,-2.663823472632622e-06,nan,nan,nan,nan,nan,nan,nan,nan,1081.0,0.9613205194473267,8.39453125,2.0445677610484676,1.797078061692162,1.1013461351394653,1.0960907936096191,0.9613205194473267,255.0,255.0,0.01061292154104422,0.06593080146039032,0.014036099656988616
1776509810.9634314,14.016075503886768,-0.49142213821454145,2.834182198496626,2.387266242182535e-06,-2.6638244985464234e-06,nan,nan,nan,nan,nan,nan,nan,nan,1081.0,0.9613205194473267,8.39453125,2.0445677610484676,1.797078061692162,1.1013461351394653,1.0960907936096191,0.9613205194473267,255.0,255.0,0.010612921502392006,0.06593080150337416,0.01403609929458269
1776509811.0133462,14.016075503886768,-0.49142213821454145,2.834182198496626,2.387266242182535e-06,-2.6638244985464234e-06,nan,nan,nan,nan,nan,nan,nan,nan,1081.0,0.9613205194473267,8.39453125,2.0445677610484676,1.797078061692162,1.1013461351394653,1.0960907936096191,0.9613205194473267,255.0,255.0,0.010612921502392006,0.06593080150337416,0.01403609929458269
1776509811.0644379,14.016075503390145,-0.4914221380978443,2.834182198453638,2.3872663143749417e-06,-2.6638242204984704e-06,nan,nan,nan,nan,nan,nan,nan,nan,1081.0,0.9613205194473267,8.39453125,2.0445677610484676,1.797078061692162,1.1013461351394653,1.0960907936096191,0.9613205194473267,255.0,255.0,0.010612921463739353,0.065930801546362,0.014036098932176515
1776509811.1143122,14.016075502893523,-0.4914221379811477,2.8341821984106463,2.3872669154188353e-06,-2.6638256654181802e-06,nan,nan,nan,nan,nan,nan,nan,nan,1081.0,0.9547619223594666,8.40375804901123,2.0443457742182884,1.7966143253476135,1.1068059206008911,1.092029094696045,0.9547619223594666,255.0,255.0,0.010612921425086744,0.06593080158935383,0.014036098569771574
1776509811.1633263,14.0160755023969,-0.4914221378644505,2.8341821983676523,2.3872670210074057e-06,-2.6638274279175568e-06,nan,nan,nan,nan,nan,nan,nan,nan,1081.0,0.9547619223594666,8.40375804901123,2.0443457742182884,1.7966143253476135,1.1068059206008911,1.092029094696045,0.9547619223594666,255.0,255.0,0.0106129213864342,0.06593080163234788,0.014036098207365448
1776509811.2133102,14.016075501403657,-0.49142213763105774,2.834182198281695,2.387267688177839e-06,-2.663828460439731e-06,nan,nan,nan,nan,nan,nan,nan,nan,1081.0,0.961151659488678,8.390353202819824,2.045189099715442,1.7973449354008624,1.120599627494812,1.096887469291687,0.961151659488678,255.0,255.0,0.01061292130912832,0.06593080171830534,0.014036097482555378
1776509811.263302,14.016075501403657,-0.49142213763105774,2.834182198281695,2.387267688177839e-06,-2.663828460439731e-06,nan,nan,nan,nan,nan,nan,nan,nan,1081.0,0.961151659488678,8.390353202819824,2.045189099715442,1.7973449354008624,1.120599627494812,1.096887469291687,0.961151659488678,255.0,255.0,0.01061292130912832,0.06593080171830534,0.014036097482555378
1776509811.3131468,14.016075500410418,-0.4914221373976655,2.8341821981957307,2.3872679900743984e-06,-2.663830190273648e-06,nan,nan,nan,nan,nan,nan,nan,nan,1081.0,0.9619480967521667,8.402435302734375,2.045098448053319,1.796865304159462,1.1254266500473022,1.0882819890975952,0.9619480967521667,255.0,255.0,0.010612921231823098,0.06593080180426947,0.014036096757748114
1776509811.3631992,14.016075500410418,-0.4914221373976655,2.8341821981957307,2.3872679900743984e-06,-2.663830190273648e-06,nan,nan,nan,nan,nan,nan,nan,nan,1081.0,0.9619480967521667,8.402435302734375,2.045098448053319,1.796865304159462,1.1254266500473022,1.0882819890975952,0.9619480967521667,255.0,255.0,0.010612921231823098,0.06593080180426947,0.014036096757748114
1776509811.4141595,14.016075499913796,-0.49142213728096934,2.834182198152721,2.3872682010353053e-06,-2.663831994006555e-06,nan,nan,nan,nan,nan,nan,nan,nan,1081.0,0.9619480967521667,8.402435302734375,2.045098448053319,1.796865304159462,1.1254266500473022,1.0882819890975952,0.9619480967521667,255.0,255.0,0.010612921193170229,0.06593080184727906,0.014036096395342994
1776509811.463726,14.01607549941718,-0.491422137164274,2.83418219810973,2.387268399748172e-06,-2.6638351370569385e-06,nan,nan,nan,nan,nan,nan,nan,nan,1081.0,0.9478005170822144,8.418656349182129,2.044794489563228,1.7970619372680061,1.1281343698501587,1.0949965715408325,0.9478005170822144,255.0,255.0,0.010612921154518007,0.06593080189027001,0.014036096032941994
1776509811.5141795,14.016075498920562,-0.4914221370475788,2.834182198066746,2.387268638460091e-06,-2.663835016934681e-06,nan,nan,nan,nan,nan,nan,nan,nan,1081.0,0.9478005170822144,8.418656349182129,2.044794489563228,1.7970619372680061,1.1281343698501587,1.0949965715408325,0.9478005170822144,255.0,255.0,0.010612921115865082,0.06593080193325429,0.014036095670539428
1776509811.5632315,14.01607549842395,-0.4914221369308838,2.8341821980237634,2.3872690150479975e-06,-2.663835147933255e-06,nan,nan,nan,nan,nan,nan,nan,nan,1081.0,0.9478005170822144,8.418656349182129,2.044794489563228,1.7970619372680061,1.1281343698501587,1.0949965715408325,0.9478005170822144,255.0,255.0,0.01061292107721354,0.0659308019762368,0.014036095308141299
1776509811.6131837,14.016075497927332,-0.4914221368141892,2.8341821979807382,2.38726902352689e-06,-2.6638351588417984e-06,nan,nan,nan,nan,nan,nan,nan,nan,1081.0,0.9565290212631226,8.3958101272583,2.04505593428228,1.7970209721320034,1.122586965560913,1.093310832977295,0.9565290212631226,255.0,255.0,0.010612921038560407,0.06593080201926194,0.014036094945738434
1776509811.6659682,14.016075497430714,-0.49142213669749374,2.8341821979377477,2.3872696392719993e-06,-2.663836981301198e-06,nan,nan,nan,nan,nan,nan,nan,nan,1081.0,0.9565290212631226,8.3958101272583,2.04505593428228,1.7970209721320034,1.122586965560913,1.093310832977295,0.9565290212631226,255.0,255.0,0.010612920999907804,0.06593080206225244,0.014036094583336043
1776509811.713197,14.016075496934103,-0.4914221365807994,2.834182197894749,2.3872697624038757e-06,-2.6638380176528595e-06,nan,nan,nan,nan,nan,nan,nan,nan,1081.0,0.9607357978820801,8.404030799865723,2.04499427115443,1.7968937639244136,1.110418438911438,1.0869321823120117,0.9607357978820801,255.0,255.0,0.010612920961256316,0.06593080210525137,0.01403609422093911
1776509811.7643747,14.01607549643749,-0.49142213646410476,2.8341821978517703,2.3872700323535923e-06,-2.6638404794357085e-06,nan,nan,nan,nan,nan,nan,nan,nan,1081.0,0.9607357978820801,8.404030799865723,2.04499427115443,1.7968937639244136,1.110418438911438,1.0869321823120117,0.9607357978820801,255.0,255.0,0.010612920922603884,0.06593080214822988,0.014036093858539331
1776509811.813169,14.016075495940873,-0.4914221363474099,2.834182197808768,2.3872702096301182e-06,-2.663841773883168e-06,nan,nan,nan,nan,nan,nan,nan,nan,1081.0,0.9607357978820801,8.404030799865723,2.04499427115443,1.7968937639244136,1.110418438911438,1.0869321823120117,0.9607357978820801,255.0,255.0,0.010612920883951344,0.06593080219123237,0.014036093496138161
1776509811.8732255,14.016075495444257,-0.491422136230716,2.8341821977657435,2.3872706329692765e-06,-2.663840851241595e-06,nan,nan,nan,nan,nan,nan,nan,nan,1081.0,0.9563485383987427,8.410482406616211,2.04530901687218,1.7969868556340793,1.120330810546875,1.0919578075408936,0.9563485383987427,255.0,255.0,0.010612920845298052,0.06593080223425662,0.014036093133736478
1776509811.9133482,14.016075494947646,-0.49142213611402213,2.8341821977227313,2.3872707697741133e-06,-2.663842842556153e-06,nan,nan,nan,nan,nan,nan,nan,nan,1081.0,0.9563485383987427,8.410482406616211,2.04530901687218,1.7969868556340793,1.120330810546875,1.0919578075408936,0.9563485383987427,255.0,255.0,0.010612920806646263,0.06593080227726889,0.014036092771339352
1776509811.9633117,14.016075494451039,-0.4914221359973286,2.834182197679737,2.3872708937584513e-06,-2.663843914267302e-06,nan,nan,nan,nan,nan,nan,nan,nan,1081.0,0.9563485383987427,8.410482406616211,2.04530901687218,1.7969868556340793,1.120330810546875,1.0919578075408936,0.9563485383987427,255.0,255.0,0.010612920767995068,0.06593080232026338,0.014036092408945084
1776509812.013201,14.016075494451039,-0.4914221359973286,2.834182197679737,2.3872708937584513e-06,-2.663843914267302e-06,nan,nan,nan,nan,nan,nan,nan,nan,1081.0,0.9563450813293457,8.385117530822754,2.044230077467397,1.796680350753631,1.120465636253357,1.0931988954544067,0.9563450813293457,255.0,255.0,0.010612920767995068,0.06593080232026338,0.014036092408945084
1776509812.0642557,14.016075493954428,-0.49142213588063505,2.834182197636746,2.3872710624366517e-06,-2.6638458538264725e-06,nan,nan,nan,nan,nan,nan,nan,nan,1081.0,0.9563450813293457,8.385117530822754,2.044230077467397,1.796680350753631,1.120465636253357,1.0931988954544067,0.9563450813293457,255.0,255.0,0.010612920729342766,0.06593080236325433,0.014036092046547799
1776509812.114175,14.016075493954428,-0.49142213588063505,2.834182197636746,2.3872710624366517e-06,-2.6638458538264725e-06,nan,nan,nan,nan,nan,nan,nan,nan,1081.0,0.9563450813293457,8.385117530822754,2.044230077467397,1.796680350753631,1.120465636253357,1.0931988954544067,0.9563450813293457,255.0,255.0,0.010612920729342766,0.06593080236325433,0.014036092046547799
1776509812.1633003,14.016075493457814,-0.4914221357639413,2.8341821975937322,2.3872714518078313e-06,-2.663845841143208e-06,nan,nan,nan,nan,nan,nan,nan,nan,1081.0,0.9563450813293457,8.385117530822754,2.044230077467397,1.796680350753631,1.120465636253357,1.0931988954544067,0.9563450813293457,255.0,255.0,0.010612920690689809,0.06593080240626792,0.01403609168414761
1776509812.2131836,14.0160754929612,-0.4914221356472473,2.8341821975507244,2.3872717240662375e-06,-2.663845054912447e-06,nan,nan,nan,nan,nan,nan,nan,nan,1081.0,0.9576519131660461,8.394308090209961,2.0450169370750055,1.7972196866094294,1.1181646585464478,1.0962035655975342,0.9576519131660461,255.0,255.0,0.010612920652037009,0.06593080244927574,0.01403609132174755
1776509812.2632215,14.01607549246459,-0.4914221355305543,2.834182197507713,2.3872718369664776e-06,-2.663846569640726e-06,nan,nan,nan,nan,nan,nan,nan,nan,1081.0,0.9576519131660461,8.394308090209961,2.0450169370750055,1.7972196866094294,1.1181646585464478,1.0962035655975342,0.9576519131660461,255.0,255.0,0.010612920613384903,0.06593080249228711,0.014036090959351512
1776509812.3133504,14.016075491967984,-0.4914221354138611,2.8341821974646924,2.3872718873387117e-06,-2.6638494425746325e-06,nan,nan,nan,nan,nan,nan,nan,nan,1081.0,0.9576519131660461,8.394308090209961,2.0450169370750055,1.7972196866094294,1.1181646585464478,1.0962035655975342,0.9576519131660461,255.0,255.0,0.010612920574733632,0.06593080253530781,0.01403609059695712
1776509812.3631916,14.016075491471367,-0.4914221352971679,2.8341821974216765,2.387272174384847e-06,-2.663849703581824e-06,nan,nan,nan,nan,nan,nan,nan,nan,1081.0,0.9633029103279114,8.405781745910645,2.045157161330206,1.7965500227906943,1.1155987977981567,1.08980393409729,0.9633029103279114,255.0,255.0,0.010612920536079628,0.06593080257832362,0.014036090234555165
1776509812.520124,14.016075491471367,-0.4914221352971679,2.8341821974216765,2.387272174384847e-06,-2.663849703581824e-06,nan,nan,nan,nan,nan,nan,nan,nan,1081.0,0.9633029103279114,8.405781745910645,2.045157161330206,1.7965500227906943,1.1155987977981567,1.08980393409729,0.9633029103279114,255.0,255.0,0.010612920536079628,0.06593080257832362,0.014036090234555165
1776509812.5863762,14.01607549097476,-0.4914221351804747,2.83418219737867,2.3872725640874252e-06,-2.663850048920646e-06,nan,nan,nan,nan,nan,nan,nan,nan,1081.0,0.9633029103279114,8.405781745910645,2.045157161330206,1.7965500227906943,1.1155987977981567,1.08980393409729,0.9633029103279114,255.0,255.0,0.010612920497428225,0.06593080262133011,0.014036089872160788
1776509812.617427,14.01607549097476,-0.4914221351804747,2.83418219737867,2.3872725640874252e-06,-2.663850048920646e-06,nan,nan,nan,nan,nan,nan,nan,nan,1081.0,0.9633029103279114,8.405781745910645,2.045157161330206,1.7965500227906943,1.1155987977981567,1.08980393409729,0.9633029103279114,255.0,255.0,0.010612920497428225,0.06593080262133011,0.014036089872160788
1776509812.6631594,14.016075490478151,-0.4914221350637826,2.8341821973356494,2.387272747042632e-06,-2.6638497538512962e-06,nan,nan,nan,nan,nan,nan,nan,nan,1081.0,0.9585552215576172,8.397429466247559,2.0445560313947326,1.7970410946886062,1.1153614521026611,1.0911433696746826,0.9585552215576172,255.0,255.0,0.010612920458775358,0.06593080266435081,0.01403608950976433
1776509812.7182713,14.016075489981546,-0.49142213494709036,2.83418219729265,2.387272682912607e-06,-2.6638499463016783e-06,nan,nan,nan,nan,nan,nan,nan,nan,1081.0,0.9585552215576172,8.397429466247559,2.0445560313947326,1.7970410946886062,1.1153614521026611,1.0911433696746826,0.9585552215576172,255.0,255.0,0.010612920420123476,0.06593080270735019,0.014036089147370964
1776509812.7635422,14.01607548948494,-0.49142213483039826,2.834182197249631,2.38727234845007e-06,-2.6638536334390666e-06,nan,nan,nan,nan,nan,nan,nan,nan,1081.0,0.9585552215576172,8.397429466247559,2.0445560313947326,1.7970410946886062,1.1153614521026611,1.0911433696746826,0.9585552215576172,255.0,255.0,0.010612920381471666,0.06593080275036911,0.01403608878497755
1776509812.8132637,14.01607548948494,-0.49142213483039826,2.834182197249631,2.38727234845007e-06,-2.6638536334390666e-06,nan,nan,nan,nan,nan,nan,nan,nan,1081.0,0.9585552215576172,8.397429466247559,2.0445560313947326,1.7970410946886062,1.1153614521026611,1.0911433696746826,0.9585552215576172,255.0,255.0,0.010612920381471666,0.06593080275036911,0.01403608878497755
1776509812.8632443,14.016075488988331,-0.4914221347137058,2.8341821972066064,2.387272726861197e-06,-2.6638565257192065e-06,nan,nan,nan,nan,nan,nan,nan,nan,1081.0,0.9557583928108215,8.386726379394531,2.0457184626811307,1.7972970196864118,1.1229058504104614,1.088542103767395,0.9557583928108215,255.0,255.0,0.010612920342819153,0.0659308027933938,0.014036088422581292
1776509812.9132633,14.016075488491728,-0.49142213459701484,2.834182197163572,2.3872725247934287e-06,-2.663855977211696e-06,nan,nan,nan,nan,nan,nan,nan,nan,1081.0,0.9557583928108215,8.386726379394531,2.0457184626811307,1.7972970196864118,1.1229058504104614,1.088542103767395,0.9557583928108215,255.0,255.0,0.010612920304166966,0.06593080283642827,0.014036088060188828
1776509812.9631536,14.016075488491728,-0.49142213459701484,2.834182197163572,2.3872725247934287e-06,-2.663855977211696e-06,nan,nan,nan,nan,nan,nan,nan,nan,1081.0,0.9557583928108215,8.386726379394531,2.0457184626811307,1.7972970196864118,1.1229058504104614,1.088542103767395,0.9557583928108215,255.0,255.0,0.010612920304166966,0.06593080283642827,0.014036088060188828
1776509813.0141785,14.016075487995122,-0.4914221344803234,2.8341821971205534,2.387272850692952e-06,-2.663855116730624e-06,nan,nan,nan,nan,nan,nan,nan,nan,1081.0,0.9556606411933899,8.403470993041992,2.0442958150496646,1.7968843242910353,1.1191807985305786,1.0832221508026123,0.9556606411933899,255.0,255.0,0.010612920265514518,0.06593080287944675,0.014036087697795095
1776509813.0654316,14.016075487995122,-0.4914221344803234,2.8341821971205534,2.387272850692952e-06,-2.663855116730624e-06,nan,nan,nan,nan,nan,nan,nan,nan,1081.0,0.9556606411933899,8.403470993041992,2.0442958150496646,1.7968843242910353,1.1191807985305786,1.0832221508026123,0.9556606411933899,255.0,255.0,0.010612920265514518,0.06593080287944675,0.014036087697795095
1776509813.1136212,14.016075487498522,-0.4914221343636322,2.834182197077537,2.3872730421521096e-06,-2.66385594515601e-06,nan,nan,nan,nan,nan,nan,nan,nan,1081.0,0.9556606411933899,8.403470993041992,2.0442958150496646,1.7968843242910353,1.1191807985305786,1.0832221508026123,0.9556606411933899,255.0,255.0,0.010612920226863451,0.065930802922463,0.014036087335405798
1776509813.1658626,14.016075487001919,-0.49142213424694087,2.8341821970345094,2.3872732911569503e-06,-2.6638601758219287e-06,nan,nan,nan,nan,nan,nan,nan,nan,1081.0,0.96098393201828,8.397536277770996,2.0452622886502443,1.7967504847458327,1.1193567514419556,1.086846947669983,0.96098393201828,255.0,255.0,0.01061292018821152,0.06593080296549081,0.014036086973013537
1776509813.2132583,14.016075486505317,-0.4914221341302499,2.8341821969914673,2.387273510886604e-06,-2.6638619313693395e-06,nan,nan,nan,nan,nan,nan,nan,nan,1081.0,0.96098393201828,8.397536277770996,2.0452622886502443,1.7967504847458327,1.1193567514419556,1.086846947669983,0.96098393201828,255.0,255.0,0.01061292014955994,0.06593080300853282,0.014036086610622629
1776509813.2632277,14.016075486008711,-0.4914221340135601,2.834182196948436,2.38727369696178e-06,-2.6638610763871778e-06,nan,nan,nan,nan,nan,nan,nan,nan,1081.0,0.96098393201828,8.397536277770996,2.0452622886502443,1.7967504847458327,1.1193567514419556,1.086846947669983,0.96098393201828,255.0,255.0,0.010612920110906024,0.06593080305156418,0.014036086248228063
1776509813.3156657,14.016075485512113,-0.49142213389687134,2.834182196905413,2.38727387534606e-06,-2.6638610035916183e-06,nan,nan,nan,nan,nan,nan,nan,nan,1081.0,0.9541675448417664,8.39459228515625,2.044956615685755,1.7964128437010634,1.1180126667022705,1.096704125404358,0.9541675448417664,255.0,255.0,0.010612920072253226,0.0659308030945871,0.014036085885839038
1776509813.3672576,14.016075485015513,-0.4914221337801831,2.8341821968623666,2.387274432141107e-06,-2.6638637354373556e-06,nan,nan,nan,nan,nan,nan,nan,nan,1081.0,0.9541675448417664,8.39459228515625,2.044956615685755,1.7964128437010634,1.1180126667022705,1.096704125404358,0.9541675448417664,255.0,255.0,0.01061292003359958,0.06593080313763355,0.01403608552344822
1776509813.4149027,14.016075484518908,-0.49142213366349635,2.8341821968193073,2.3872745978154078e-06,-2.6638656942528447e-06,nan,nan,nan,nan,nan,nan,nan,nan,1081.0,0.9541675448417664,8.39459228515625,2.044956615685755,1.7964128437010634,1.1180126667022705,1.096704125404358,0.9541675448417664,255.0,255.0,0.010612919994943062,0.06593080318069289,0.014036085161052111
1776509813.4631424,14.016075484518908,-0.49142213366349635,2.8341821968193073,2.3872745978154078e-06,-2.6638656942528447e-06,nan,nan,nan,nan,nan,nan,nan,nan,1081.0,0.9557780623435974,8.39480209350586,2.0447814991141113,1.797061901610613,1.1093215942382812,1.0800487995147705,0.9557780623435974,255.0,255.0,0.010612919994943062,0.06593080318069289,0.014036085161052111
1776509813.513141,14.016075484022307,-0.49142213354681047,2.8341821967762693,2.387274890310352e-06,-2.663865440439672e-06,nan,nan,nan,nan,nan,nan,nan,nan,1081.0,0.9557780623435974,8.39480209350586,2.0447814991141113,1.797061901610613,1.1093215942382812,1.0800487995147705,0.9557780623435974,255.0,255.0,0.010612919956287114,0.0659308032237309,0.014036084798660095
1776509813.564233,14.016075483525709,-0.49142213343012503,2.834182196733235,2.3872750894383452e-06,-2.663867206260912e-06,nan,nan,nan,nan,nan,nan,nan,nan,1081.0,0.9557780623435974,8.39480209350586,2.0447814991141113,1.797061901610613,1.1093215942382812,1.0800487995147705,0.9557780623435974,255.0,255.0,0.010612919917631249,0.06593080326676537,0.014036084436269367
1776509813.6197429,14.016075483029107,-0.4914221333134388,2.834182196690171,2.3872754472556116e-06,-2.6638674835515653e-06,nan,nan,nan,nan,nan,nan,nan,nan,1081.0,0.9547487497329712,8.40290641784668,2.0444359980061804,1.796587523741395,1.1145328283309937,1.0978785753250122,0.9547487497329712,255.0,255.0,0.010612919878975318,0.06593080330982914,0.014036084073876026
1776509813.665246,14.016075482532505,-0.4914221331967534,2.834182196647094,2.387275465363106e-06,-2.663868392575649e-06,nan,nan,nan,nan,nan,nan,nan,nan,1081.0,0.9547487497329712,8.40290641784668,2.0444359980061804,1.796587523741395,1.1145328283309937,1.0978785753250122,0.9547487497329712,255.0,255.0,0.01061291984031877,0.06593080335290624,0.01403608371148229
1776509813.7131727,14.016075482035909,-0.4914221330800684,2.834182196604021,2.3872757004358763e-06,-2.6638713321641493e-06,nan,nan,nan,nan,nan,nan,nan,nan,1081.0,0.9547487497329712,8.40290641784668,2.0444359980061804,1.796587523741395,1.1145328283309937,1.0978785753250122,0.9547487497329712,255.0,255.0,0.010612919801663373,0.06593080339597934,0.014036083349092872
1776509813.7632604,14.016075482035909,-0.4914221330800684,2.834182196604021,2.3872757004358763e-06,-2.6638713321641493e-06,nan,nan,nan,nan,nan,nan,nan,nan,1081.0,0.9547487497329712,8.40290641784668,2.0444359980061804,1.796587523741395,1.1145328283309937,1.0978785753250122,0.9547487497329712,255.0,255.0,0.010612919801663373,0.06593080339597934,0.014036083349092872
1776509813.8144295,14.016075481539312,-0.4914221329633836,2.8341821965609557,2.387276251316719e-06,-2.663873128745025e-06,nan,nan,nan,nan,nan,nan,nan,nan,1081.0,0.9512406587600708,8.396090507507324,2.045087119200845,1.797537626403512,1.114088773727417,1.0874295234680176,0.9512406587600708,255.0,255.0,0.01061291976300769,0.06593080343904445,0.014036082986703346
1776509813.866285,14.016075481042714,-0.49142213284669817,2.8341821965178884,2.387276362482881e-06,-2.6638737714408936e-06,nan,nan,nan,nan,nan,nan,nan,nan,1081.0,0.9512406587600708,8.396090507507324,2.045087119200845,1.797537626403512,1.114088773727417,1.0874295234680176,0.9512406587600708,255.0,255.0,0.010612919724352127,0.06593080348211178,0.014036082624312666
1776509813.9173577,14.01607548054611,-0.4914221327300134,2.834182196474807,2.387276479834493e-06,-2.6638730070683133e-06,nan,nan,nan,nan,nan,nan,nan,nan,1081.0,0.9595215320587158,8.401232719421387,2.044942326671431,1.7969291539493975,1.1090189218521118,1.082979440689087,0.9595215320587158,255.0,255.0,0.010612919685694446,0.06593080352519332,0.014036082261917103
1776509813.965474,14.016075480049516,-0.49142213261332907,2.8341821964317226,2.387276756775347e-06,-2.6638743601933854e-06,nan,nan,nan,nan,nan,nan,nan,nan,1081.0,0.9595215320587158,8.401232719421387,2.044942326671431,1.7969291539493975,1.1090189218521118,1.082979440689087,0.9595215320587158,255.0,255.0,0.010612919647039054,0.06593080356827752,0.014036081899528888
1776509814.0132022,14.016075480049516,-0.49142213261332907,2.8341821964317226,2.387276756775347e-06,-2.6638743601933854e-06,nan,nan,nan,nan,nan,nan,nan,nan,1081.0,0.9595215320587158,8.401232719421387,2.044942326671431,1.7969291539493975,1.1090189218521118,1.082979440689087,0.9595215320587158,255.0,255.0,0.010612919647039054,0.06593080356827752,0.014036081899528888
1776509814.0652823,14.016075479552919,-0.49142213249664485,2.8341821963886624,2.3872770766535226e-06,-2.663875940592702e-06,nan,nan,nan,nan,nan,nan,nan,nan,1081.0,0.9595215320587158,8.401232719421387,2.044942326671431,1.7969291539493975,1.1090189218521118,1.082979440689087,0.9595215320587158,255.0,255.0,0.010612919608382797,0.06593080361133774,0.014036081537139113
1776509814.1135583,14.016075479552919,-0.49142213249664485,2.8341821963886624,2.3872770766535226e-06,-2.663875940592702e-06,nan,nan,nan,nan,nan,nan,nan,nan,1081.0,0.9599953889846802,8.385916709899902,2.0442552474998523,1.796625830144072,1.1097015142440796,1.0950249433517456,0.9599953889846802,255.0,255.0,0.010612919608382797,0.06593080361133774,0.014036081537139113
1776509814.1656742,14.01607547905633,-0.4914221323799605,2.8341821963455964,2.3872775623406514e-06,-2.663878484707698e-06,nan,nan,nan,nan,nan,nan,nan,nan,1081.0,0.9599953889846802,8.385916709899902,2.0442552474998523,1.796625830144072,1.1097015142440796,1.0950249433517456,0.9599953889846802,255.0,255.0,0.010612919569728851,0.06593080365440374,0.01403608117475546
1776509814.2144146,14.01607547855973,-0.4914221322632763,2.8341821963025082,2.387277564238354e-06,-2.663877712797827e-06,nan,nan,nan,nan,nan,nan,nan,nan,1081.0,0.9599953889846802,8.385916709899902,2.0442552474998523,1.796625830144072,1.1097015142440796,1.0950249433517456,0.9599953889846802,255.0,255.0,0.010612919531071777,0.06593080369749194,0.01403608081236267
1776509814.2651205,14.016075478063136,-0.4914221321465922,2.8341821962594445,2.3872776521824922e-06,-2.663878632820482e-06,nan,nan,nan,nan,nan,nan,nan,nan,1081.0,0.9599953889846802,8.385916709899902,2.0442552474998523,1.796625830144072,1.1097015142440796,1.0950249433517456,0.9599953889846802,255.0,255.0,0.010612919492416523,0.06593080374055571,0.014036080449975891
1776509814.3274422,14.016075478063136,-0.4914221321465922,2.8341821962594445,2.3872776521824922e-06,-2.663878632820482e-06,nan,nan,nan,nan,nan,nan,nan,nan,1081.0,0.95930415391922,8.38996696472168,2.0450241213369766,1.797019246829165,1.1132584810256958,1.0991443395614624,0.95930415391922,255.0,255.0,0.010612919492416523,0.06593080374055571,0.014036080449975891
1776509814.3631637,14.01607547756654,-0.491422132029909,2.834182196216349,2.3872779588018872e-06,-2.6638789487371587e-06,nan,nan,nan,nan,nan,nan,nan,nan,1081.0,0.95930415391922,8.38996696472168,2.0450241213369766,1.797019246829165,1.1132584810256958,1.0991443395614624,0.95930415391922,255.0,255.0,0.010612919453759636,0.06593080378365102,0.014036080087585627
1776509814.4132004,14.01607547706995,-0.49142213191322565,2.8341821961732796,2.3872783466639265e-06,-2.663880414786438e-06,nan,nan,nan,nan,nan,nan,nan,nan,1081.0,0.95930415391922,8.38996696472168,2.0450241213369766,1.797019246829165,1.1132584810256958,1.0991443395614624,0.95930415391922,255.0,255.0,0.01061291941510477,0.06593080382672056,0.01403607972520149
1776509814.4672098,14.016075476573363,-0.4914221317965423,2.834182196130214,2.3872784771168344e-06,-2.6638824997915614e-06,nan,nan,nan,nan,nan,nan,nan,nan,1081.0,0.963182270526886,8.3953218460083,2.045193430728983,1.7967124396975664,1.113935947418213,1.089093804359436,0.963182270526886,255.0,255.0,0.010612919376450404,0.06593080386978611,0.014036079362818877
1776509814.513175,14.016075476076766,-0.49142213167985843,2.834182196087136,2.3872786496123662e-06,-2.663883073746177e-06,nan,nan,nan,nan,nan,nan,nan,nan,1081.0,0.963182270526886,8.3953218460083,2.045193430728983,1.7967124396975664,1.113935947418213,1.089093804359436,0.963182270526886,255.0,255.0,0.010612919337793994,0.0659308039128641,0.014036079000428987
1776509814.5641372,14.016075475580172,-0.49142213156317555,2.834182196044054,2.3872788512756068e-06,-2.663883138631311e-06,nan,nan,nan,nan,nan,nan,nan,nan,1081.0,0.9601173996925354,8.395526885986328,2.0443073327512677,1.797248869755024,1.1156237125396729,1.0945615768432617,0.9601173996925354,255.0,255.0,0.010612919299137205,0.06593080395594608,0.014036078638040104
1776509814.6136005,14.016075475083587,-0.49142213144649277,2.834182196000981,2.387279206747037e-06,-2.663883758213024e-06,nan,nan,nan,nan,nan,nan,nan,nan,1081.0,0.9601173996925354,8.395526885986328,2.0443073327512677,1.797248869755024,1.1156237125396729,1.0945615768432617,0.9601173996925354,255.0,255.0,0.010612919260483454,0.06593080399901918,0.014036078275660257
1776509814.6648607,14.016075474586996,-0.4914221313298102,2.834182195957877,2.3872798757212205e-06,-2.663886001061237e-06,nan,nan,nan,nan,nan,nan,nan,nan,1081.0,0.9601173996925354,8.395526885986328,2.0443073327512677,1.797248869755024,1.1156237125396729,1.0945615768432617,0.9601173996925354,255.0,255.0,0.010612919221827628,0.06593080404212337,0.014036077913274242
1776509814.71425,14.016075474090405,-0.49142213121312756,2.8341821959147846,2.387279901415088e-06,-2.663888241430018e-06,nan,nan,nan,nan,nan,nan,nan,nan,1081.0,0.958332359790802,8.395997047424316,2.0448052202188562,1.7967730477516823,1.1199030876159668,1.0916471481323242,0.958332359790802,255.0,255.0,0.010612919183171796,0.06593080408521557,0.014036077550888298
1776509814.763158,14.016075473593817,-0.491422131096445,2.8341821958716964,2.3872800921800705e-06,-2.6638887931548714e-06,nan,nan,nan,nan,nan,nan,nan,nan,1081.0,0.958332359790802,8.395997047424316,2.0448052202188562,1.7967730477516823,1.1199030876159668,1.0916471481323242,0.958332359790802,255.0,255.0,0.010612919144516897,0.06593080412830377,0.014036077188505332
1776509814.813194,14.016075473097228,-0.4914221309797628,2.8341821958286073,2.3872802289578336e-06,-2.6638878718907434e-06,nan,nan,nan,nan,nan,nan,nan,nan,1081.0,0.9527705907821655,8.396587371826172,2.0446205353097273,1.797020609227768,1.1165165901184082,1.0938501358032227,0.9527705907821655,255.0,255.0,0.010612919105861152,0.06593080417139285,0.014036076826120686
1776509814.8632193,14.016075472600642,-0.49142213086308145,2.83418219578552,2.387280265717193e-06,-2.6638885022250745e-06,nan,nan,nan,nan,nan,nan,nan,nan,1081.0,0.9527705907821655,8.396587371826172,2.0446205353097273,1.797020609227768,1.1165165901184082,1.0938501358032227,0.9527705907821655,255.0,255.0,0.010612919067205618,0.06593080421448017,0.014036076463738617
1776509814.915677,14.016075472104056,-0.49142213074639923,2.8341821957424185,2.3872807772726794e-06,-2.6638921144555915e-06,nan,nan,nan,nan,nan,nan,nan,nan,1081.0,0.9527705907821655,8.396587371826172,2.0446205353097273,1.797020609227768,1.1165165901184082,1.0938501358032227,0.9527705907821655,255.0,255.0,0.01061291902855106,0.06593080425758169,0.01403607610135702
1776509814.9673686,14.016075471607467,-0.49142213062971724,2.834182195699318,2.387280859022824e-06,-2.6638929623230254e-06,nan,nan,nan,nan,nan,nan,nan,nan,1081.0,0.9677376747131348,8.418313026428223,2.0447243217182423,1.7968600126896896,1.1079643964767456,1.088514804840088,0.9677376747131348,255.0,255.0,0.010612918989895208,0.06593080430068232,0.014036075738972285
1776509815.015381,14.016075471110884,-0.4914221305130359,2.834182195656226,2.387281266420462e-06,-2.6638944104495274e-06,nan,nan,nan,nan,nan,nan,nan,nan,1081.0,0.9677376747131348,8.418313026428223,2.0447243217182423,1.7968600126896896,1.1079643964767456,1.088514804840088,0.9677376747131348,255.0,255.0,0.01061291895124079,0.06593080434377407,0.01403607537659327
1776509815.0644484,14.016075470614293,-0.491422130396355,2.834182195613137,2.3872816097728427e-06,-2.663893695219192e-06,nan,nan,nan,nan,nan,nan,nan,nan,1081.0,0.9536450505256653,8.413633346557617,2.044941203997821,1.7966907700048944,1.1042391061782837,1.099075198173523,0.9536450505256653,255.0,255.0,0.010612918912583237,0.06593080438686316,0.014036075014206461
1776509815.1143148,14.016075470117713,-0.49142213027967346,2.8341821955700537,2.387281529131972e-06,-2.6638938624430618e-06,nan,nan,nan,nan,nan,nan,nan,nan,1081.0,0.9536450505256653,8.413633346557617,2.044941203997821,1.7966907700048944,1.1042391061782837,1.099075198173523,0.9536450505256653,255.0,255.0,0.01061291887392949,0.06593080442994648,0.014036074651829093
1776509815.1634367,14.016075469621127,-0.49142213016299224,2.834182195526934,2.3872822589921926e-06,-2.6638974848377505e-06,nan,nan,nan,nan,nan,nan,nan,nan,1081.0,0.9536450505256653,8.413633346557617,2.044941203997821,1.7966907700048944,1.1042391061782837,1.099075198173523,0.9536450505256653,255.0,255.0,0.01061291883527415,0.0659308044730662,0.014036074289447021
1776509815.2154713,14.016075469124543,-0.49142213004631113,2.8341821954838253,2.387282209739056e-06,-2.663898543734897e-06,nan,nan,nan,nan,nan,nan,nan,nan,1081.0,0.9560912251472473,8.385608673095703,2.0450717462200902,1.7971155348573038,1.1075035333633423,1.0989867448806763,0.9560912251472473,255.0,255.0,0.010612918796619136,0.06593080451617483,0.014036073927066413
1776509815.266841,14.016075469124543,-0.49142213004631113,2.8341821954838253,2.387282209739056e-06,-2.663898543734897e-06,nan,nan,nan,nan,nan,nan,nan,nan,1081.0,0.9560912251472473,8.385608673095703,2.0450717462200902,1.7971155348573038,1.1075035333633423,1.0989867448806763,0.9560912251472473,255.0,255.0,0.010612918796619136,0.06593080451617483,0.014036073927066413
1776509815.3206322,14.016075468627964,-0.4914221299296311,2.834182195440727,2.387282624656367e-06,-2.663899961335352e-06,nan,nan,nan,nan,nan,nan,nan,nan,1081.0,0.9560912251472473,8.385608673095703,2.0450717462200902,1.7971155348573038,1.1075035333633423,1.0989867448806763,0.9560912251472473,255.0,255.0,0.010612918757964636,0.06593080455927325,0.014036073564689808
1776509815.3631656,14.01607546813138,-0.4914221298129507,2.8341821953976343,2.387282545029657e-06,-2.66390003685378e-06,nan,nan,nan,nan,nan,nan,nan,nan,1081.0,0.9560912251472473,8.385608673095703,2.0450717462200902,1.7971155348573038,1.1075035333633423,1.0989867448806763,0.9560912251472473,255.0,255.0,0.010612918719308789,0.06593080460236589,0.01403607320230884
1776509815.4146094,14.01607546813138,-0.4914221298129507,2.8341821953976343,2.387282545029657e-06,-2.66390003685378e-06,nan,nan,nan,nan,nan,nan,nan,nan,1081.0,0.9540971517562866,8.393942832946777,2.044721496700689,1.7969494573691396,1.117735743522644,1.0888198614120483,0.9540971517562866,255.0,255.0,0.010612918719308789,0.06593080460236589,0.01403607320230884
1776509815.4631588,14.016075467634797,-0.49142212969627014,2.834182195354524,2.387283082963673e-06,-2.663899860732088e-06,nan,nan,nan,nan,nan,nan,nan,nan,1081.0,0.9540971517562866,8.393942832946777,2.044721496700689,1.7969494573691396,1.117735743522644,1.0888198614120483,0.9540971517562866,255.0,255.0,0.010612918680653801,0.06593080464547629,0.014036072839929484
1776509815.5132213,14.016075467138213,-0.4914221295795899,2.8341821953113997,2.3872834072716194e-06,-2.6639023705011923e-06,nan,nan,nan,nan,nan,nan,nan,nan,1081.0,0.9540971517562866,8.393942832946777,2.044721496700689,1.7969494573691396,1.117735743522644,1.0888198614120483,0.9540971517562866,255.0,255.0,0.010612918641998086,0.06593080468860046,0.014036072477548445
1776509815.5651782,14.016075467138213,-0.4914221295795899,2.8341821953113997,2.3872834072716194e-06,-2.6639023705011923e-06,nan,nan,nan,nan,nan,nan,nan,nan,1081.0,0.9540971517562866,8.393942832946777,2.044721496700689,1.7969494573691396,1.117735743522644,1.0888198614120483,0.9540971517562866,255.0,255.0,0.010612918641998086,0.06593080468860046,0.014036072477548445
1776509815.61462,14.016075466641638,-0.49142212946291003,2.8341821952682897,2.387283474322142e-06,-2.6639036354284095e-06,nan,nan,nan,nan,nan,nan,nan,nan,1081.0,0.9576246738433838,8.390119552612305,2.0453480487063898,1.7972111010047747,1.1184921264648438,1.0891919136047363,0.9576246738433838,255.0,255.0,0.01061291860334461,0.06593080473171042,0.01403607211517482
1776509815.6633956,14.016075466145058,-0.49142212934623014,2.834182195225195,2.387283526206919e-06,-2.663905402791644e-06,nan,nan,nan,nan,nan,nan,nan,nan,1081.0,0.9576246738433838,8.390119552612305,2.0453480487063898,1.7972111010047747,1.1184921264648438,1.0891919136047363,0.9576246738433838,255.0,255.0,0.010612918564689381,0.06593080477480529,0.014036071752796656
1776509815.715257,14.016075465648475,-0.4914221292295508,2.834182195182082,2.387283786764404e-06,-2.663905367636593e-06,nan,nan,nan,nan,nan,nan,nan,nan,1081.0,0.9576246738433838,8.390119552612305,2.0453480487063898,1.7972111010047747,1.1184921264648438,1.0891919136047363,0.9576246738433838,255.0,255.0,0.010612918526033254,0.06593080481791835,0.014036071390416698
1776509815.7661643,14.016075465151898,-0.4914221291128718,2.8341821951389776,2.387284177735955e-06,-2.663906169314232e-06,nan,nan,nan,nan,nan,nan,nan,nan,1081.0,0.9574636220932007,8.382743835449219,2.0450631582439223,1.797086911466017,1.1100250482559204,1.0834314823150635,0.9574636220932007,255.0,255.0,0.010612918487378338,0.06593080486102254,0.014036071028041119
1776509815.813334,14.01607546465532,-0.4914221289961926,2.8341821950958592,2.3872847703120715e-06,-2.663906470176984e-06,nan,nan,nan,nan,nan,nan,nan,nan,1081.0,0.9574636220932007,8.382743835449219,2.0450631582439223,1.797086911466017,1.1100250482559204,1.0834314823150635,0.9574636220932007,255.0,255.0,0.01061291844872323,0.06593080490414094,0.01403607066566415
1776509815.867481,14.016075464158742,-0.4914221288795137,2.834182195052743,2.3872843833402106e-06,-2.663907970103409e-06,nan,nan,nan,nan,nan,nan,nan,nan,1081.0,0.9537478089332581,8.407768249511719,2.0451872541218528,1.7973203811378908,1.1122419834136963,1.0967893600463867,0.9537478089332581,255.0,255.0,0.01061291841006832,0.06593080494725712,0.01403607030328853
1776509815.9142253,14.016075463662167,-0.4914221287628358,2.8341821950096278,2.387284792011776e-06,-2.6639098003789536e-06,nan,nan,nan,nan,nan,nan,nan,nan,1081.0,0.9537478089332581,8.407768249511719,2.0451872541218528,1.7973203811378908,1.1122419834136963,1.0967893600463867,0.9537478089332581,255.0,255.0,0.010612918371412986,0.0659308049903724,0.014036069940913913
1776509815.9643219,14.016075463165588,-0.49142212864615825,2.834182194966511,2.3872850816499656e-06,-2.6639115846575793e-06,nan,nan,nan,nan,nan,nan,nan,nan,1081.0,0.9537478089332581,8.407768249511719,2.0451872541218528,1.7973203811378908,1.1122419834136963,1.0967893600463867,0.9537478089332581,255.0,255.0,0.010612918332756273,0.06593080503348903,0.0140360695785361
1776509816.0156198,14.016075462669013,-0.49142212852948103,2.834182194923385,2.3872853510056085e-06,-2.6639110558467043e-06,nan,nan,nan,nan,nan,nan,nan,nan,1081.0,0.9616137146949768,8.392404556274414,2.045020838119055,1.7966871181646087,1.1041150093078613,1.096602201461792,0.9616137146949768,255.0,255.0,0.010612918294100403,0.06593080507661497,0.014036069216161153
1776509816.063215,14.016075462172434,-0.4914221284128038,2.8341821948802544,2.3872858073398502e-06,-2.6639114710650973e-06,nan,nan,nan,nan,nan,nan,nan,nan,1081.0,0.9616137146949768,8.392404556274414,2.045020838119055,1.7966871181646087,1.1041150093078613,1.096602201461792,0.9616137146949768,255.0,255.0,0.010612918255443504,0.0659308051197458,0.014036068853783185
1776509816.1131623,14.016075461675857,-0.49142212829612747,2.8341821948371315,2.387285632057625e-06,-2.663913162320776e-06,nan,nan,nan,nan,nan,nan,nan,nan,1081.0,0.9532313942909241,8.402703285217285,2.0451606766257875,1.7972025648234748,1.121719479560852,1.0927314758300781,0.9532313942909241,255.0,255.0,0.010612918216786222,0.06593080516286864,0.014036068491406277
1776509816.1638064,14.016075461179284,-0.491422128179453,2.834182194794,2.3872853232604764e-06,-2.663916284298512e-06,nan,nan,nan,nan,nan,nan,nan,nan,1081.0,0.9532313942909241,8.402703285217285,2.0451606766257875,1.7972025648234748,1.121719479560852,1.0927314758300781,0.9532313942909241,255.0,255.0,0.010612918178128296,0.06593080520600036,0.014036068129031421
1776509816.2143776,14.016075460682705,-0.49142212806277924,2.834182194750848,2.3872857651390836e-06,-2.663915866271633e-06,nan,nan,nan,nan,nan,nan,nan,nan,1081.0,0.9532313942909241,8.402703285217285,2.0451606766257875,1.7972025648234748,1.121719479560852,1.0927314758300781,0.9532313942909241,255.0,255.0,0.010612918139468307,0.06593080524915207,0.014036067766651684
1776509816.2631564,14.016075460682705,-0.49142212806277924,2.834182194750848,2.3872857651390836e-06,-2.663915866271633e-06,nan,nan,nan,nan,nan,nan,nan,nan,1081.0,0.9555615186691284,8.394268989562988,2.0451023218038453,1.796964651063591,1.1118499040603638,1.0942615270614624,0.9555615186691284,255.0,255.0,0.010612918139468307,0.06593080524915207,0.014036067766651684
1776509816.313139,14.016075460186128,-0.49142212794610546,2.834182194707707,2.387285676678632e-06,-2.6639163636419254e-06,nan,nan,nan,nan,nan,nan,nan,nan,1081.0,0.9555615186691284,8.394268989562988,2.0451023218038453,1.796964651063591,1.1118499040603638,1.0942615270614624,0.9555615186691284,255.0,255.0,0.010612918100808758,0.06593080529229312,0.01403606740427347
1776509816.3632166,14.016075459689553,-0.49142212782943234,2.8341821946645585,2.3872856194259864e-06,-2.663917144375099e-06,nan,nan,nan,nan,nan,nan,nan,nan,1081.0,0.9555615186691284,8.394268989562988,2.0451023218038453,1.796964651063591,1.1118499040603638,1.0942615270614624,0.9555615186691284,255.0,255.0,0.01061291806214918,0.06593080533544171,0.014036067041896428
1776509816.414325,14.016075459192987,-0.4914221277127601,2.8341821946214063,2.3872859172931675e-06,-2.6639198493160622e-06,nan,nan,nan,nan,nan,nan,nan,nan,1081.0,0.9555615186691284,8.394268989562988,2.0451023218038453,1.796964651063591,1.1118499040603638,1.0942615270614624,0.9555615186691284,255.0,255.0,0.010612918023491477,0.06593080537859386,0.014036066679526508
1776509816.4642172,14.016075459192987,-0.4914221277127601,2.8341821946214063,2.3872859172931675e-06,-2.6639198493160622e-06,nan,nan,nan,nan,nan,nan,nan,nan,1081.0,0.9572235345840454,8.409870147705078,2.045010322062204,1.796769154371358,1.1098003387451172,1.0991013050079346,0.9572235345840454,255.0,255.0,0.010612918023491477,0.06593080537859386,0.014036066679526508
1776509816.5143013,14.016075458696413,-0.4914221275960868,2.834182194578263,2.387285933909223e-06,-2.663920708189532e-06,nan,nan,nan,nan,nan,nan,nan,nan,1081.0,0.9572235345840454,8.409870147705078,2.045010322062204,1.796769154371358,1.1098003387451172,1.0991013050079346,0.9572235345840454,255.0,255.0,0.0106129179848326,0.06593080542173713,0.014036066317151116
1776509816.564188,14.016075458696413,-0.4914221275960868,2.834182194578263,2.387285933909223e-06,-2.663920708189532e-06,nan,nan,nan,nan,nan,nan,nan,nan,1081.0,0.9572235345840454,8.409870147705078,2.045010322062204,1.796769154371358,1.1098003387451172,1.0991013050079346,0.9572235345840454,255.0,255.0,0.0106129179848326,0.06593080542173713,0.014036066317151116
1776509816.613894,14.01607545819984,-0.491422127479414,2.8341821945351118,2.3872864378358426e-06,-2.663921383722485e-06,nan,nan,nan,nan,nan,nan,nan,nan,1081.0,0.9572235345840454,8.409870147705078,2.045010322062204,1.796769154371358,1.1098003387451172,1.0991013050079346,0.9572235345840454,255.0,255.0,0.010612917946173266,0.06593080546488839,0.014036065954775445
1776509816.663633,14.01607545819984,-0.491422127479414,2.8341821945351118,2.387286529753263e-06,-2.663921158135737e-06,nan,nan,nan,nan,nan,nan,nan,nan,1081.0,0.9616488814353943,8.401753425598145,2.0449991569157335,1.7972178509143677,1.1216747760772705,1.0973788499832153,0.9616488814353943,255.0,255.0,0.010612917946173266,0.06593080546488839,0.014036065954775445
1776509816.7153153,14.01607545770327,-0.49142212736274155,2.8341821944919627,2.387286529753263e-06,-2.663921158135737e-06,nan,nan,nan,nan,nan,nan,nan,nan,1081.0,0.9616488814353943,8.401753425598145,2.0449991569157335,1.7972178509143677,1.1216747760772705,1.0973788499832153,0.9616488814353943,255.0,255.0,0.01061291790751467,0.06593080550803743,0.014036065592402638
1776509816.7652023,14.0160754572067,-0.49142212724606965,2.8341821944487906,2.387286984157483e-06,-2.663921535193917e-06,nan,nan,nan,nan,nan,nan,nan,nan,1081.0,0.9616488814353943,8.401753425598145,2.0449991569157335,1.7972178509143677,1.1216747760772705,1.0973788499832153,0.9616488814353943,255.0,255.0,0.010612917868855758,0.06593080555120956,0.014036065230029548
1776509816.81507,14.016075456710134,-0.4914221271293975,2.834182194405617,2.387287290174459e-06,-2.6639254100723363e-06,nan,nan,nan,nan,nan,nan,nan,nan,1081.0,0.959426999092102,8.40053653717041,2.0447810233245836,1.7969983002241996,1.1068333387374878,1.0847485065460205,0.959426999092102,255.0,255.0,0.010612917830198196,0.06593080559438302,0.014036064867659643
1776509816.8632498,14.016075456710134,-0.4914221271293975,2.834182194405617,2.387287290174459e-06,-2.6639254100723363e-06,nan,nan,nan,nan,nan,nan,nan,nan,1081.0,0.959426999092102,8.40053653717041,2.0447810233245836,1.7969983002241996,1.1068333387374878,1.0847485065460205,0.959426999092102,255.0,255.0,0.010612917830198196,0.06593080559438302,0.014036064867659643
1776509816.9133255,14.016075456213564,-0.4914221270127251,2.834182194362447,2.3872873092630575e-06,-2.663927670680391e-06,nan,nan,nan,nan,nan,nan,nan,nan,1081.0,0.959426999092102,8.40053653717041,2.0447810233245836,1.7969983002241996,1.1068333387374878,1.0847485065460205,0.959426999092102,255.0,255.0,0.010612917791539743,0.06593080563755338,0.014036064505286832
1776509816.9642327,14.016075455716994,-0.4914221268960534,2.8341821943192866,2.3872876094170102e-06,-2.663927763840904e-06,nan,nan,nan,nan,nan,nan,nan,nan,1081.0,0.959426999092102,8.40053653717041,2.0447810233245836,1.7969983002241996,1.1068333387374878,1.0847485065460205,0.959426999092102,255.0,255.0,0.01061291775288051,0.06593080568071352,0.014036064142913657
1776509817.0154014,14.016075455716994,-0.4914221268960534,2.8341821943192866,2.3872876094170102e-06,-2.663927763840904e-06,nan,nan,nan,nan,nan,nan,nan,nan,1081.0,0.95504230260849,8.394116401672363,2.043935241851401,1.797608489773932,1.1051665544509888,1.082997441291809,0.95504230260849,255.0,255.0,0.01061291775288051,0.06593080568071352,0.014036064142913657
1776509817.0702536,14.016075455220427,-0.4914221267793834,2.83418219427612,2.3872878466625764e-06,-2.6639278015766376e-06,nan,nan,nan,nan,nan,nan,nan,nan,1081.0,0.95504230260849,8.394116401672363,2.043935241851401,1.797608489773932,1.1051665544509888,1.082997441291809,0.95504230260849,255.0,255.0,0.01061291771422082,0.06593080572388033,0.014036063780542648
1776509817.1132474,14.01607545472386,-0.4914221266627125,2.8341821942329277,2.3872881290016877e-06,-2.6639291545621094e-06,nan,nan,nan,nan,nan,nan,nan,nan,1081.0,0.95504230260849,8.394116401672363,2.043935241851401,1.797608489773932,1.1051665544509888,1.082997441291809,0.95504230260849,255.0,255.0,0.010612917675561677,0.06593080576707244,0.014036063418170599
1776509817.1664898,14.016075454227291,-0.4914221265460416,2.8341821941897503,2.387288363732047e-06,-2.663930593478964e-06,nan,nan,nan,nan,nan,nan,nan,nan,1081.0,0.9621809720993042,8.400053024291992,2.0443394127319965,1.7971544733268798,1.1035990715026855,1.0930031538009644,0.9621809720993042,255.0,255.0,0.010612917636902398,0.0659308058102499,0.014036063055798556
1776509817.2131374,14.016075453730728,-0.49142212642937083,2.8341821941465817,2.3872885870294926e-06,-2.6639327912742545e-06,nan,nan,nan,nan,nan,nan,nan,nan,1081.0,0.9621809720993042,8.400053024291992,2.0443394127319965,1.7971544733268798,1.1035990715026855,1.0930031538009644,0.9621809720993042,255.0,255.0,0.010612917598244545,0.06593080585341848,0.01403606269343101
1776509817.265262,14.016075453234164,-0.4914221263127015,2.8341821941034038,2.387288807322977e-06,-2.663934074699836e-06,nan,nan,nan,nan,nan,nan,nan,nan,1081.0,0.9621809720993042,8.400053024291992,2.0443394127319965,1.7971544733268798,1.1035990715026855,1.0930031538009644,0.9621809720993042,255.0,255.0,0.010612917559584864,0.06593080589659639,0.014036062331061203
1776509817.313142,14.016075452737597,-0.49142212619603326,2.8341821940602308,2.387289006077982e-06,-2.6639330732889166e-06,nan,nan,nan,nan,nan,nan,nan,nan,1081.0,0.9587851166725159,8.40937614440918,2.04553408654722,1.7973717869509211,1.1138522624969482,1.092303991317749,0.9587851166725159,255.0,255.0,0.01061291752092354,0.06593080593976941,0.014036061968689312
1776509817.3631792,14.016075452241033,-0.49142212607936403,2.8341821940170173,2.387289232030884e-06,-2.663934229764338e-06,nan,nan,nan,nan,nan,nan,nan,nan,1081.0,0.9587851166725159,8.40937614440918,2.04553408654722,1.7973717869509211,1.1138522624969482,1.092303991317749,0.9587851166725159,255.0,255.0,0.01061291748226408,0.06593080598298284,0.014036061606319464
1776509817.4144897,14.016075451744468,-0.4914221259626956,2.8341821939738163,2.3872896329889636e-06,-2.6639368257748455e-06,nan,nan,nan,nan,nan,nan,nan,nan,1081.0,0.9587851166725159,8.40937614440918,2.04553408654722,1.7973717869509211,1.1138522624969482,1.092303991317749,0.9587851166725159,255.0,255.0,0.010612917443603764,0.06593080602618384,0.014036061243949223
1776509817.4632165,14.016075451247907,-0.49142212584602746,2.834182193930624,2.387290060811871e-06,-2.6639392420115894e-06,nan,nan,nan,nan,nan,nan,nan,nan,1081.0,0.9571979641914368,8.3975191116333,2.0445376339055783,1.7968415851170945,1.109046220779419,1.0951049327850342,0.9571979641914368,255.0,255.0,0.010612917404944125,0.06593080606937596,0.014036060881581842
1776509817.51315,14.016075451247907,-0.49142212584602746,2.834182193930624,2.387290060811871e-06,-2.6639392420115894e-06,nan,nan,nan,nan,nan,nan,nan,nan,1081.0,0.9571979641914368,8.3975191116333,2.0445376339055783,1.7968415851170945,1.109046220779419,1.0951049327850342,0.9571979641914368,255.0,255.0,0.010612917404944125,0.06593080606937596,0.014036060881581842
1776509817.5688977,14.016075450751343,-0.49142212572936,2.834182193887432,2.387290037446112e-06,-2.6639397193071598e-06,nan,nan,nan,nan,nan,nan,nan,nan,1081.0,0.9571979641914368,8.3975191116333,2.0445376339055783,1.7968415851170945,1.109046220779419,1.0951049327850342,0.9571979641914368,255.0,255.0,0.010612917366282774,0.06593080611256807,0.014036060519211096
1776509817.615479,14.016075450254775,-0.491422125612692,2.834182193844226,2.387290160996244e-06,-2.6639389054385073e-06,nan,nan,nan,nan,nan,nan,nan,nan,1081.0,0.9621655344963074,8.422831535339355,2.0449013587614653,1.7968670887227418,1.1088989973068237,1.0874958038330078,0.9621655344963074,255.0,255.0,0.010612917327621003,0.06593080615577396,0.01403606015683762
1776509817.6636987,14.01607544975821,-0.49142212549602465,2.8341821938010274,2.387290648124875e-06,-2.6639390217855655e-06,nan,nan,nan,nan,nan,nan,nan,nan,1081.0,0.9621655344963074,8.422831535339355,2.0449013587614653,1.7968670887227418,1.1088989973068237,1.0874958038330078,0.9621655344963074,255.0,255.0,0.01061291728895961,0.06593080619897274,0.014036059794466834
1776509817.7131977,14.01607544926165,-0.49142212537935875,2.8341821937578198,2.387290592502455e-06,-2.663941268287047e-06,nan,nan,nan,nan,nan,nan,nan,nan,1081.0,0.9585220813751221,8.411713600158691,2.0455722032488772,1.7973148741783087,1.1105703115463257,1.0957112312316895,0.9585220813751221,255.0,255.0,0.010612917250298535,0.0659308062421804,0.014036059432099847
1776509817.7631905,14.016075448765093,-0.4914221252626925,2.8341821937146268,2.387291201080578e-06,-2.663943068677694e-06,nan,nan,nan,nan,nan,nan,nan,nan,1081.0,0.9585220813751221,8.411713600158691,2.0455722032488772,1.7973148741783087,1.1105703115463257,1.0957112312316895,0.9585220813751221,255.0,255.0,0.010612917211638177,0.0659308062853734,0.014036059069734555
1776509817.8142562,14.01607544826853,-0.49142212514602673,2.834182193671437,2.387291133954774e-06,-2.663944999991218e-06,nan,nan,nan,nan,nan,nan,nan,nan,1081.0,0.9564030766487122,8.386674880981445,2.0446592422682968,1.7966255312174129,1.1154992580413818,1.0968029499053955,0.9564030766487122,255.0,255.0,0.010612917172975758,0.0659308063285633,0.0140360587073645
1776509817.863231,14.01607544777197,-0.4914221250293613,2.834182193628223,2.3872913635010777e-06,-2.6639433948783068e-06,nan,nan,nan,nan,nan,nan,nan,nan,1081.0,0.9564030766487122,8.386674880981445,2.0446592422682968,1.7966255312174129,1.1154992580413818,1.0968029499053955,0.9564030766487122,255.0,255.0,0.010612917134313777,0.06593080637177717,0.014036058344995791
1776509817.9131405,14.016075447275409,-0.49142212491269516,2.8341821935850278,2.3872915259918405e-06,-2.6639440605942916e-06,nan,nan,nan,nan,nan,nan,nan,nan,1081.0,0.9564030766487122,8.386674880981445,2.0446592422682968,1.7966255312174129,1.1154992580413818,1.0968029499053955,0.9564030766487122,255.0,255.0,0.01061291709565226,0.0659308064149724,0.01403605798262744
1776509817.9632046,14.016075446778848,-0.4914221247960295,2.834182193541819,2.387292004536114e-06,-2.663945409432375e-06,nan,nan,nan,nan,nan,nan,nan,nan,1081.0,0.959761381149292,8.398061752319336,2.0454703142089383,1.7969660550864692,1.1197788715362549,1.0969958305358887,0.959761381149292,255.0,255.0,0.010612917056990443,0.06593080645818095,0.014036057620258868
1776509818.0142558,14.016075446282292,-0.49142212467936447,2.8341821934986156,2.387292242711625e-06,-2.6639472055886392e-06,nan,nan,nan,nan,nan,nan,nan,nan,1081.0,0.959761381149292,8.398061752319336,2.0454703142089383,1.7969660550864692,1.1197788715362549,1.0969958305358887,0.959761381149292,255.0,255.0,0.010612917018329558,0.06593080650138461,0.014036057257894499
1776509818.0631816,14.016075445785738,-0.4914221245626989,2.834182193455417,2.387292497746183e-06,-2.663949247730147e-06,nan,nan,nan,nan,nan,nan,nan,nan,1081.0,0.959761381149292,8.398061752319336,2.0454703142089383,1.7969660550864692,1.1197788715362549,1.0969958305358887,0.959761381149292,255.0,255.0,0.010612916979669691,0.06593080654458294,0.014036056895531944
1776509818.1132898,14.016075445785738,-0.4914221245626989,2.834182193455417,2.387292497746183e-06,-2.663949247730147e-06,nan,nan,nan,nan,nan,nan,nan,nan,1081.0,0.9588655829429626,8.397462844848633,2.0446859503873074,1.7972885462908983,1.1125106811523438,1.0904242992401123,0.9588655829429626,255.0,255.0,0.010612916979669691,0.06593080654458294,0.014036056895531944
1776509818.1632345,14.01607544528918,-0.49142212444603467,2.8341821934122007,2.3872927356962437e-06,-2.663949718563491e-06,nan,nan,nan,nan,nan,nan,nan,nan,1081.0,0.9588655829429626,8.397462844848633,2.0446859503873074,1.7972885462908983,1.1125106811523438,1.0904242992401123,0.9588655829429626,255.0,255.0,0.010612916941007645,0.06593080658779948,0.014036056533165675
1776509818.2136543,14.01607544528918,-0.49142212444603467,2.8341821934122007,2.3872927356962437e-06,-2.663949718563491e-06,nan,nan,nan,nan,nan,nan,nan,nan,1081.0,0.9588655829429626,8.397462844848633,2.0446859503873074,1.7972885462908983,1.1125106811523438,1.0904242992401123,0.9588655829429626,255.0,255.0,0.010612916941007645,0.06593080658779948,0.014036056533165675
1776509818.2632403,14.016075444792621,-0.49142212432937,2.8341821933689864,2.3872927821984106e-06,-2.6639483765930105e-06,nan,nan,nan,nan,nan,nan,nan,nan,1081.0,0.9588655829429626,8.397462844848633,2.0446859503873074,1.7972885462908983,1.1125106811523438,1.0904242992401123,0.9588655829429626,255.0,255.0,0.010612916902345466,0.0659308066310138,0.01403605617079813
1776509818.31327,14.01607544429607,-0.4914221242127063,2.8341821933257716,2.3872929664364334e-06,-2.6639506095670883e-06,nan,nan,nan,nan,nan,nan,nan,nan,1081.0,0.9554803967475891,8.393975257873535,2.044584323420335,1.7963264644253638,1.0908836126327515,1.0950233936309814,0.9554803967475891,255.0,255.0,0.010612916863685026,0.06593080667422857,0.014036055808437645
1776509818.366269,14.016075443799517,-0.49142212409604163,2.834182193282569,2.387293405863193e-06,-2.6639533356615103e-06,nan,nan,nan,nan,nan,nan,nan,nan,1081.0,0.9554803967475891,8.393975257873535,2.044584323420335,1.7963264644253638,1.0908836126327515,1.0950233936309814,0.9554803967475891,255.0,255.0,0.010612916825024353,0.06593080671743135,0.014036055446074662
1776509818.4133527,14.016075443302961,-0.49142212397937773,2.8341821932393505,2.3872936446470635e-06,-2.6639531453366244e-06,nan,nan,nan,nan,nan,nan,nan,nan,1081.0,0.9554803967475891,8.393975257873535,2.044584323420335,1.7963264644253638,1.0908836126327515,1.0950233936309814,0.9554803967475891,255.0,255.0,0.010612916786362545,0.06593080676064966,0.01403605508370977
1776509818.4661796,14.016075442806406,-0.4914221238627133,2.83418219319615,2.387293881457689e-06,-2.663954639388417e-06,nan,nan,nan,nan,nan,nan,nan,nan,1081.0,0.9589411616325378,8.415148735046387,2.0451447764664863,1.7969363593918344,1.1188360452651978,1.085799217224121,0.9589411616325378,255.0,255.0,0.0106129167477011,0.06593080680385022,0.014036054721345174
1776509818.5177338,14.016075442309855,-0.49142212374605027,2.8341821931529276,2.3872942356696663e-06,-2.66395398831995e-06,nan,nan,nan,nan,nan,nan,nan,nan,1081.0,0.9589411616325378,8.415148735046387,2.0451447764664863,1.7969363593918344,1.1188360452651978,1.085799217224121,0.9589411616325378,255.0,255.0,0.010612916709040094,0.06593080684707253,0.014036054358984376
1776509818.5631564,14.016075441813301,-0.49142212362938714,2.834182193109713,2.3872943583852366e-06,-2.663956702911595e-06,nan,nan,nan,nan,nan,nan,nan,nan,1081.0,0.9589411616325378,8.415148735046387,2.0451447764664863,1.7969363593918344,1.1188360452651978,1.085799217224121,0.9589411616325378,255.0,255.0,0.01061291667037805,0.0659308068902873,0.014036053996620619
1776509818.6141064,14.016075441813301,-0.49142212362938714,2.834182193109713,2.3872943583852366e-06,-2.663956702911595e-06,nan,nan,nan,nan,nan,nan,nan,nan,1081.0,0.9615773558616638,8.404813766479492,2.044571812013914,1.7972275153188764,1.1012974977493286,1.0965576171875,0.9615773558616638,255.0,255.0,0.01061291667037805,0.0659308068902873,0.014036053996620619
1776509818.6632552,14.016075440820195,-0.4914221233960621,2.8341821930232554,2.387295032059487e-06,-2.663958926751799e-06,nan,nan,nan,nan,nan,nan,nan,nan,1081.0,0.9615773558616638,8.404813766479492,2.044571812013914,1.7972275153188764,1.1012974977493286,1.0965576171875,0.9615773558616638,255.0,255.0,0.010612916593053592,0.0659308069767448,0.014036053271894007
1776509818.713408,14.016075440820195,-0.4914221233960621,2.8341821930232554,2.387295032059487e-06,-2.663958926751799e-06,nan,nan,nan,nan,nan,nan,nan,nan,1081.0,0.9615773558616638,8.404813766479492,2.044571812013914,1.7972275153188764,1.1012974977493286,1.0965576171875,0.9615773558616638,255.0,255.0,0.010612916593053592,0.0659308069767448,0.014036053271894007
1776509818.7633545,14.016075440323641,-0.4914221232794013,2.834182192980027,2.3872949804915125e-06,-2.663959965560981e-06,nan,nan,nan,nan,nan,nan,nan,nan,1081.0,0.9607961773872375,8.402205467224121,2.0446058373336546,1.797797425863986,1.1052922010421753,1.0956027507781982,0.9607961773872375,255.0,255.0,0.010612916554389451,0.06593080701997334,0.01403605290952906
1776509818.8132672,14.016075439827087,-0.491422123162742,2.8341821929367943,2.3872955219826096e-06,-2.6639596555726685e-06,nan,nan,nan,nan,nan,nan,nan,nan,1081.0,0.9607961773872375,8.402205467224121,2.0446058373336546,1.797797425863986,1.1052922010421753,1.0956027507781982,0.9607961773872375,255.0,255.0,0.010612916515723972,0.06593080706320587,0.014036052547163363
1776509818.8631563,14.016075439330539,-0.49142212304608285,2.8341821928935373,2.3872958383608737e-06,-2.6639641796617254e-06,nan,nan,nan,nan,nan,nan,nan,nan,1081.0,0.9598341584205627,8.396525382995605,2.0448459006921764,1.7966091785800178,1.111543893814087,1.0957344770431519,0.9598341584205627,255.0,255.0,0.010612916477060117,0.06593080710646282,0.014036052184802106
1776509818.9173799,14.016075438833985,-0.4914221229294247,2.834182192850274,2.387295827675808e-06,-2.6639660049115842e-06,nan,nan,nan,nan,nan,nan,nan,nan,1081.0,0.9598341584205627,8.396525382995605,2.0448459006921764,1.7966091785800178,1.111543893814087,1.0957344770431519,0.9598341584205627,255.0,255.0,0.010612916438393755,0.06593080714972599,0.014036051822435792
1776509818.9643674,14.016075438833985,-0.4914221229294247,2.834182192850274,2.387295827675808e-06,-2.6639660049115842e-06,nan,nan,nan,nan,nan,nan,nan,nan,1081.0,0.9598341584205627,8.396525382995605,2.0448459006921764,1.7966091785800178,1.111543893814087,1.0957344770431519,0.9598341584205627,255.0,255.0,0.010612916438393755,0.06593080714972599,0.014036051822435792
1776509819.0209932,14.016075438337436,-0.4914221228127668,2.834182192807033,2.3872960117433515e-06,-2.663966843933887e-06,nan,nan,nan,nan,nan,nan,nan,nan,1081.0,0.9543399810791016,8.400949478149414,2.045026764783674,1.7969383676839292,1.1149570941925049,1.0894858837127686,0.9543399810791016,255.0,255.0,0.01061291639972859,0.06593080719296696,0.014036051460073916
1776509819.068263,14.01607543784089,-0.4914221226961088,2.8341821927638016,2.387296413460002e-06,-2.6639666914029313e-06,nan,nan,nan,nan,nan,nan,nan,nan,1081.0,0.9543399810791016,8.400949478149414,2.045026764783674,1.7969383676839292,1.1149570941925049,1.0894858837127686,0.9543399810791016,255.0,255.0,0.010612916361063983,0.0659308072361986,0.01403605109771362
1776509819.1132233,14.016075437344337,-0.4914221225794511,2.8341821927205206,2.3872968063332427e-06,-2.6639668340069863e-06,nan,nan,nan,nan,nan,nan,nan,nan,1081.0,0.9543399810791016,8.400949478149414,2.045026764783674,1.7969383676839292,1.1149570941925049,1.0894858837127686,0.9543399810791016,255.0,255.0,0.010612916322397897,0.06593080727947953,0.014036050735348617
1776509819.163154,14.016075436847787,-0.4914221224627932,2.8341821926772726,2.387297198570404e-06,-2.6639683635801675e-06,nan,nan,nan,nan,nan,nan,nan,nan,1081.0,0.9543399810791016,8.400949478149414,2.045026764783674,1.7969383676839292,1.1149570941925049,1.0894858837127686,0.9543399810791016,255.0,255.0,0.01061291628373226,0.0659308073227276,0.01403605037298525
1776509819.2133484,14.016075436847787,-0.4914221224627932,2.8341821926772726,2.387297198570404e-06,-2.6639683635801675e-06,nan,nan,nan,nan,nan,nan,nan,nan,1081.0,0.9577228426933289,8.392873764038086,2.044735463651433,1.7971735248439293,1.1093603372573853,1.0934293270111084,0.9577228426933289,255.0,255.0,0.01061291628373226,0.0659308073227276,0.01403605037298525
1776509819.2643557,14.016075436351235,-0.4914221223461355,2.8341821926340183,2.3872968124301927e-06,-2.6639705451354897e-06,nan,nan,nan,nan,nan,nan,nan,nan,1081.0,0.9577228426933289,8.392873764038086,2.044735463651433,1.7971735248439293,1.1093603372573853,1.0934293270111084,0.9577228426933289,255.0,255.0,0.010612916245065931,0.06593080736598189,0.014036050010620266
1776509819.313455,14.016075435854692,-0.49142212222947823,2.834182192590774,2.3872971127519028e-06,-2.6639719602276005e-06,nan,nan,nan,nan,nan,nan,nan,nan,1081.0,0.9577228426933289,8.392873764038086,2.044735463651433,1.7971735248439293,1.1093603372573853,1.0934293270111084,0.9577228426933289,255.0,255.0,0.010612916206401824,0.06593080740922597,0.014036049648262659
1776509819.3632286,14.016075435358143,-0.4914221221128204,2.8341821925475106,2.387297575137117e-06,-2.663972196481589e-06,nan,nan,nan,nan,nan,nan,nan,nan,1081.0,0.9484127163887024,8.39562702178955,2.044859629058926,1.7973275107782383,1.1035953760147095,1.0898805856704712,0.9484127163887024,255.0,255.0,0.010612916167736812,0.06593080745248958,0.014036049285900807
1776509819.413435,14.016075434861591,-0.49142212199616303,2.834182192504235,2.3872978935815617e-06,-2.6639730794298037e-06,nan,nan,nan,nan,nan,nan,nan,nan,1081.0,0.9484127163887024,8.39562702178955,2.044859629058926,1.7973275107782383,1.1035953760147095,1.0898805856704712,0.9484127163887024,255.0,255.0,0.010612916129070362,0.06593080749576519,0.014036048923535674
1776509819.4655962,14.016075434365046,-0.49142212187950635,2.834182192460958,2.3872978218567764e-06,-2.6639737006743205e-06,nan,nan,nan,nan,nan,nan,nan,nan,1081.0,0.9542442560195923,8.383833885192871,2.0444266469692542,1.7963605658072805,1.1037180423736572,1.0809688568115234,0.9542442560195923,255.0,255.0,0.010612916090405438,0.06593080753904212,0.014036048561176259
1776509819.5153658,14.0160754338685,-0.49142212176284955,2.834182192417693,2.3872973080943633e-06,-2.6639760639690704e-06,nan,nan,nan,nan,nan,nan,nan,nan,1081.0,0.9542442560195923,8.383833885192871,2.0444266469692542,1.7963605658072805,1.1037180423736572,1.0809688568115234,0.9542442560195923,255.0,255.0,0.010612916051739973,0.06593080758230707,0.0140360481988154
1776509819.5661964,14.016075433371956,-0.4914221216461932,2.8341821923744366,2.387297320116944e-06,-2.663976419172137e-06,nan,nan,nan,nan,nan,nan,nan,nan,1081.0,0.9542442560195923,8.383833885192871,2.0444266469692542,1.7963605658072805,1.1037180423736572,1.0809688568115234,0.9542442560195923,255.0,255.0,0.010612916013075081,0.06593080762556358,0.014036047836457344
1776509819.6132207,14.01607543287541,-0.4914221215295366,2.8341821923311827,2.387297701419076e-06,-2.6639773131861037e-06,nan,nan,nan,nan,nan,nan,nan,nan,1081.0,0.9540109038352966,8.41224479675293,2.0451700102389685,1.7969637392053135,1.1176588535308838,1.0860964059829712,0.9540109038352966,255.0,255.0,0.0106129159744093,0.06593080766881743,0.014036047474096387
1776509819.664147,14.016075432378868,-0.4914221214128806,2.8341821922879102,2.387298414047835e-06,-2.663975618409015e-06,nan,nan,nan,nan,nan,nan,nan,nan,1081.0,0.9540109038352966,8.41224479675293,2.0451700102389685,1.7969637392053135,1.1176588535308838,1.0860964059829712,0.9540109038352966,255.0,255.0,0.010612915935744776,0.06593080771208992,0.01403604711173969
1776509819.7145393,14.016075431882323,-0.4914221212962245,2.834182192244643,2.387298499302631e-06,-2.663978022165413e-06,nan,nan,nan,nan,nan,nan,nan,nan,1081.0,0.9520766735076904,8.389002799987793,2.0450579359727694,1.796621267909638,1.1082171201705933,1.089806318283081,0.9520766735076904,255.0,255.0,0.010612915897079233,0.06593080775535709,0.014036046749380032
1776509819.7672575,14.01607543138578,-0.49142212117956846,2.8341821922013843,2.3872983769087495e-06,-2.6639795695823683e-06,nan,nan,nan,nan,nan,nan,nan,nan,1081.0,0.9520766735076904,8.389002799987793,2.0450579359727694,1.796621267909638,1.1082171201705933,1.089806318283081,0.9520766735076904,255.0,255.0,0.010612915858414045,0.06593080779861582,0.01403604638702184
1776509819.813371,14.01607543088924,-0.4914221210629129,2.8341821921581305,2.3872984980291242e-06,-2.663980670208735e-06,nan,nan,nan,nan,nan,nan,nan,nan,1081.0,0.9520766735076904,8.389002799987793,2.0450579359727694,1.796621267909638,1.1082171201705933,1.089806318283081,0.9520766735076904,255.0,255.0,0.010612915819749462,0.06593080784186967,0.014036046024666455
1776509819.8632953,14.016075430392698,-0.49142212094625665,2.834182192114872,2.3872989097204466e-06,-2.663982634874291e-06,nan,nan,nan,nan,nan,nan,nan,nan,1081.0,0.9608555436134338,8.3992919921875,2.0452850717951256,1.7965451064681064,1.1175650358200073,1.0894804000854492,0.9608555436134338,255.0,255.0,0.010612915781085018,0.06593080788512795,0.01403604566230991
1776509819.9140606,14.016075429896155,-0.4914221208296011,2.8341821920715895,2.3872990411904823e-06,-2.6639816065652435e-06,nan,nan,nan,nan,nan,nan,nan,nan,1081.0,0.9608555436134338,8.3992919921875,2.0452850717951256,1.7965451064681064,1.1175650358200073,1.0894804000854492,0.9608555436134338,255.0,255.0,0.010612915742419625,0.06593080792841066,0.014036045299951512
1776509819.963383,14.016075429399615,-0.49142212071294616,2.834182192028305,2.3872991766499745e-06,-2.6639830321743885e-06,nan,nan,nan,nan,nan,nan,nan,nan,1081.0,0.9608555436134338,8.3992919921875,2.0452850717951256,1.7965451064681064,1.1175650358200073,1.0894804000854492,0.9608555436134338,255.0,255.0,0.01061291570375469,0.06593080797169515,0.014036044937595808
1776509820.0143576,14.016075429399615,-0.49142212071294616,2.834182192028305,2.3872991766499745e-06,-2.6639830321743885e-06,nan,nan,nan,nan,nan,nan,nan,nan,1081.0,0.9517409205436707,8.400674819946289,2.0452250258774805,1.7973488760647989,1.1186928749084473,1.0869871377944946,0.9517409205436707,255.0,255.0,0.01061291570375469,0.06593080797169515,0.014036044937595808
1776509820.063154,14.016075428903081,-0.49142212059629115,2.8341821919850236,2.3872997590515895e-06,-2.663984907756092e-06,nan,nan,nan,nan,nan,nan,nan,nan,1081.0,0.9517409205436707,8.400674819946289,2.0452250258774805,1.7973488760647989,1.1186928749084473,1.0869871377944946,0.9517409205436707,255.0,255.0,0.010612915665091444,0.06593080801497653,0.01403604457524471
1776509820.1132603,14.016075428406543,-0.49142212047963557,2.8341821919417445,2.3872999491119758e-06,-2.663986830209049e-06,nan,nan,nan,nan,nan,nan,nan,nan,1081.0,0.9517409205436707,8.400674819946289,2.0452250258774805,1.7973488760647989,1.1186928749084473,1.0869871377944946,0.9517409205436707,255.0,255.0,0.010612915626427633,0.06593080805825569,0.014036044212890886
1776509820.1649842,14.016075427910003,-0.491422120362981,2.834182191898462,2.3872999133984837e-06,-2.663986926631121e-06,nan,nan,nan,nan,nan,nan,nan,nan,1081.0,0.9610075950622559,8.39065933227539,2.045054787458037,1.7969029536790047,1.1138991117477417,1.0890980958938599,0.9610075950622559,255.0,255.0,0.010612915587762358,0.06593080810153795,0.014036043850535031
1776509820.2190087,14.016075427413462,-0.4914221202463264,2.8341821918551857,2.3873002514282456e-06,-2.6639861788424343e-06,nan,nan,nan,nan,nan,nan,nan,nan,1081.0,0.9610075950622559,8.39065933227539,2.045054787458037,1.7969029536790047,1.1138991117477417,1.0890980958938599,0.9610075950622559,255.0,255.0,0.010612915549096495,0.06593080814481445,0.014036043488177673
1776509820.263518,14.016075426916927,-0.4914221201296723,2.834182191811924,2.387300310674215e-06,-2.663986243343076e-06,nan,nan,nan,nan,nan,nan,nan,nan,1081.0,0.9624181985855103,8.386387825012207,2.044969527893437,1.7969309533366342,1.1099509000778198,1.0891509056091309,0.9624181985855103,255.0,255.0,0.010612915510432221,0.06593080818807628,0.01403604312582615
1776509820.3134685,14.016075426420397,-0.49142212001301805,2.83418219176865,2.3873007375568535e-06,-2.6639888871181986e-06,nan,nan,nan,nan,nan,nan,nan,nan,1081.0,0.9624181985855103,8.386387825012207,2.044969527893437,1.7969309533366342,1.1099509000778198,1.0891509056091309,0.9624181985855103,255.0,255.0,0.01061291547176924,0.06593080823135011,0.01403604276347772
1776509820.3632052,14.016075425923857,-0.49142211989636336,2.8341821917253647,2.387301124613023e-06,-2.66399227242363e-06,nan,nan,nan,nan,nan,nan,nan,nan,1081.0,0.9624181985855103,8.386387825012207,2.044969527893437,1.7969309533366342,1.1099509000778198,1.0891509056091309,0.9624181985855103,255.0,255.0,0.010612915433104102,0.06593080827463549,0.014036042401121964
1776509820.4132388,14.01607542542732,-0.4914221197797097,2.834182191682074,2.3873012043084137e-06,-2.663993650914131e-06,nan,nan,nan,nan,nan,nan,nan,nan,1081.0,0.953912615776062,8.39932632446289,2.044945023712684,1.7966590204242776,1.1191459894180298,1.0849456787109375,0.953912615776062,255.0,255.0,0.010612915394439131,0.06593080831792619,0.01403604203876872
1776509820.4632027,14.01607542542732,-0.4914221197797097,2.834182191682074,2.3873014277984694e-06,-2.663992764225555e-06,nan,nan,nan,nan,nan,nan,nan,nan,1081.0,0.953912615776062,8.39932632446289,2.044945023712684,1.7966590204242776,1.1191459894180298,1.0849456787109375,0.953912615776062,255.0,255.0,0.010612915394439131,0.06593080831792619,0.01403604203876872
1776509820.5161972,14.016075424930788,-0.4914221196630561,2.8341821916387926,2.3873014277984694e-06,-2.663992764225555e-06,nan,nan,nan,nan,nan,nan,nan,nan,1081.0,0.953912615776062,8.39932632446289,2.044945023712684,1.7966590204242776,1.1191459894180298,1.0849456787109375,0.953912615776062,255.0,255.0,0.010612915355775049,0.06593080836120757,0.014036041676418457
1776509820.567775,14.016075424434257,-0.4914221195464024,2.8341821915955117,2.38730162016036e-06,-2.6639915733288653e-06,nan,nan,nan,nan,nan,nan,nan,nan,1081.0,0.9494209885597229,8.392399787902832,2.0453355149689036,1.7972430867246028,1.1051826477050781,1.0954538583755493,0.9494209885597229,255.0,255.0,0.010612915317111603,0.0659308084044885,0.014036041314069778
1776509820.613211,14.016075423937725,-0.49142211942974884,2.834182191552217,2.387302192621459e-06,-2.6639953798463203e-06,nan,nan,nan,nan,nan,nan,nan,nan,1081.0,0.9494209885597229,8.392399787902832,2.0453355149689036,1.7972430867246028,1.1051826477050781,1.0954538583755493,0.9494209885597229,255.0,255.0,0.01061291527844764,0.0659308084477832,0.014036040951719533
1776509820.6644313,14.016075423441192,-0.4914221193130957,2.834182191508933,2.3873022647878467e-06,-2.663996268428723e-06,nan,nan,nan,nan,nan,nan,nan,nan,1081.0,0.9494209885597229,8.392399787902832,2.0453355149689036,1.7972430867246028,1.1051826477050781,1.0954538583755493,0.9494209885597229,255.0,255.0,0.010612915239783157,0.06593080849106725,0.014036040589369064
1776509820.7191966,14.016075422944656,-0.49142211919644246,2.834182191465659,2.3873024470094144e-06,-2.663996563951825e-06,nan,nan,nan,nan,nan,nan,nan,nan,1081.0,0.9562857747077942,8.393524169921875,2.0455072141708213,1.7966068796220072,1.1178735494613647,1.0922231674194336,0.9562857747077942,255.0,255.0,0.010612915201117611,0.06593080853434108,0.014036040227015635
1776509820.7632825,14.016075422448129,-0.49142211907978933,2.8341821914223786,2.3873026680589873e-06,-2.6639979442083845e-06,nan,nan,nan,nan,nan,nan,nan,nan,1081.0,0.9562857747077942,8.393524169921875,2.0455072141708213,1.7966068796220072,1.1178735494613647,1.0922231674194336,0.9562857747077942,255.0,255.0,0.010612915162454706,0.06593080857762157,0.014036039864669728
1776509820.8141625,14.016075421951598,-0.49142211896313664,2.8341821913790763,2.387303137700841e-06,-2.6639989405817247e-06,nan,nan,nan,nan,nan,nan,nan,nan,1081.0,0.9562857747077942,8.393524169921875,2.0455072141708213,1.7966068796220072,1.1178735494613647,1.0922231674194336,0.9562857747077942,255.0,255.0,0.010612915123790504,0.06593080862092382,0.01403603950232057
1776509820.8632848,14.016075421455067,-0.49142211884648407,2.8341821913357608,2.3873031366702897e-06,-2.6640017181588868e-06,nan,nan,nan,nan,nan,nan,nan,nan,1081.0,0.9586207270622253,8.397717475891113,2.0452553168917893,1.7970696586601718,1.1210122108459473,1.0914864540100098,0.9586207270622253,255.0,255.0,0.01061291508512632,0.0659308086642394,0.014036039139971365
1776509820.915279,14.016075420958538,-0.49142211872983194,2.834182191292452,2.387303533643418e-06,-2.664003226621628e-06,nan,nan,nan,nan,nan,nan,nan,nan,1081.0,0.9586207270622253,8.397717475891113,2.0452553168917893,1.7970696586601718,1.1210122108459473,1.0914864540100098,0.9586207270622253,255.0,255.0,0.010612915046462187,0.0659308087075483,0.014036038777623449
1776509820.9633408,14.016075420462009,-0.4914221186131809,2.834182191249157,2.387303906785837e-06,-2.664003513820484e-06,nan,nan,nan,nan,nan,nan,nan,nan,1081.0,0.9585213661193848,8.409065246582031,2.044959192139258,1.796617020751232,1.1121504306793213,1.0919231176376343,0.9585213661193848,255.0,255.0,0.010612915007796866,0.065930808750843,0.014036038415274964
1776509821.01333,14.016075419965485,-0.49142211849652945,2.8341821912058514,2.3873040283502894e-06,-2.664004803051798e-06,nan,nan,nan,nan,nan,nan,nan,nan,1081.0,0.9585213661193848,8.409065246582031,2.044959192139258,1.796617020751232,1.1121504306793213,1.0919231176376343,0.9585213661193848,255.0,255.0,0.01061291496913368,0.06593080879414881,0.014036038052931262
1776509821.0633404,14.016075419468953,-0.491422118379878,2.834182191162536,2.387304282210714e-06,-2.6640052845563036e-06,nan,nan,nan,nan,nan,nan,nan,nan,1081.0,0.9585213661193848,8.409065246582031,2.044959192139258,1.796617020751232,1.1121504306793213,1.0919231176376343,0.9585213661193848,255.0,255.0,0.010612914930467902,0.06593080883746438,0.014036037690579999
1776509821.1147616,14.016075419468953,-0.491422118379878,2.834182191162536,2.387304282210714e-06,-2.6640052845563036e-06,nan,nan,nan,nan,nan,nan,nan,nan,1081.0,0.9604811668395996,8.393288612365723,2.044507109380011,1.7972147886866088,1.117051362991333,1.0950238704681396,0.9604811668395996,255.0,255.0,0.010612914930467902,0.06593080883746438,0.014036037690579999
1776509821.1638076,14.016075418972424,-0.4914221182632267,2.8341821911192318,2.387304553951134e-06,-2.664006678895883e-06,nan,nan,nan,nan,nan,nan,nan,nan,1081.0,0.9604811668395996,8.393288612365723,2.044507109380011,1.7972147886866088,1.117051362991333,1.0950238704681396,0.9604811668395996,255.0,255.0,0.01061291489180293,0.06593080888076841,0.014036037328231684
1776509821.2222097,14.0160754184759,-0.4914221181465757,2.834182191075925,2.3873047233516164e-06,-2.6640078431533638e-06,nan,nan,nan,nan,nan,nan,nan,nan,1081.0,0.9604811668395996,8.393288612365723,2.044507109380011,1.7972147886866088,1.117051362991333,1.0950238704681396,0.9604811668395996,255.0,255.0,0.010612914853139277,0.0659308089240751,0.01403603696588775
1776509821.26385,14.016075417979376,-0.491422118029926,2.8341821910326357,2.38730506927062e-06,-2.6640087411104697e-06,nan,nan,nan,nan,nan,nan,nan,nan,1081.0,0.9567289352416992,8.404167175292969,2.0450402521954767,1.7968727052847313,1.0994058847427368,1.0847952365875244,0.9567289352416992,255.0,255.0,0.010612914814474251,0.06593080896736447,0.014036036603543158
1776509821.318255,14.01607541748285,-0.49142211791327756,2.8341821909893263,2.387305177183264e-06,-2.664009668487188e-06,nan,nan,nan,nan,nan,nan,nan,nan,1081.0,0.9567289352416992,8.404167175292969,2.0450402521954767,1.7968727052847313,1.0994058847427368,1.0847952365875244,0.9567289352416992,255.0,255.0,0.010612914775807704,0.06593080901067383,0.01403603624119642
1776509821.3645089,14.016075416986324,-0.49142211779662953,2.8341821909459926,2.387305481532748e-06,-2.6640106368221394e-06,nan,nan,nan,nan,nan,nan,nan,nan,1081.0,0.9559852480888367,8.41451358795166,2.044933601455706,1.797073095021837,1.107620120048523,1.0844206809997559,0.9559852480888367,255.0,255.0,0.010612914737140423,0.06593080905400761,0.014036035878847948
1776509821.4151957,14.016075416489798,-0.4914221176799832,2.8341821909026597,2.3873055527958122e-06,-2.664011017473045e-06,nan,nan,nan,nan,nan,nan,nan,nan,1081.0,0.9559852480888367,8.41451358795166,2.044933601455706,1.797073095021837,1.107620120048523,1.0844206809997559,0.9559852480888367,255.0,255.0,0.010612914698472083,0.0659308090973405,0.014036035516500128
1776509821.4632614,14.016075415993276,-0.49142211756333615,2.8341821908593343,2.3873059926305336e-06,-2.6640138285451394e-06,nan,nan,nan,nan,nan,nan,nan,nan,1081.0,0.9559852480888367,8.41451358795166,2.044933601455706,1.797073095021837,1.107620120048523,1.0844206809997559,0.9559852480888367,255.0,255.0,0.010612914659805382,0.06593080914066585,0.014036035154155694
1776509821.5143077,14.016075415993276,-0.49142211756333615,2.8341821908593343,2.387306064531836e-06,-2.664015228224849e-06,nan,nan,nan,nan,nan,nan,nan,nan,1081.0,0.9556291103363037,8.399299621582031,2.0449765448102677,1.797430539923352,1.1059073209762573,1.094580054283142,0.9556291103363037,255.0,255.0,0.010612914659805382,0.06593080914066585,0.014036035154155694
1776509821.5631828,14.016075415000223,-0.4914221173300431,2.834182190772645,2.387306479514028e-06,-2.664015545566922e-06,nan,nan,nan,nan,nan,nan,nan,nan,1081.0,0.9556291103363037,8.399299621582031,2.0449765448102677,1.797430539923352,1.1059073209762573,1.094580054283142,0.9556291103363037,255.0,255.0,0.0106129145824687,0.06593080922735517,0.014036034429458756
1776509821.6134176,14.016075414503698,-0.49142211721339707,2.8341821907292926,2.387306555639471e-06,-2.6640144682025745e-06,nan,nan,nan,nan,nan,nan,nan,nan,1081.0,0.9556291103363037,8.399299621582031,2.0449765448102677,1.797430539923352,1.1059073209762573,1.094580054283142,0.9556291103363037,255.0,255.0,0.010612914543800221,0.0659308092707076,0.014036034067110799
1776509821.67012,14.016075414503698,-0.49142211721339707,2.8341821907292926,2.387306555639471e-06,-2.6640144682025745e-06,nan,nan,nan,nan,nan,nan,nan,nan,1081.0,0.9567458033561707,8.396801948547363,2.044638272846991,1.7971372415572364,1.1115914583206177,1.0863062143325806,0.9567458033561707,255.0,255.0,0.010612914543800221,0.0659308092707076,0.014036034067110799
1776509821.7164106,14.016075414007176,-0.4914221170967516,2.8341821906859654,2.3873069267972235e-06,-2.6640154311360483e-06,nan,nan,nan,nan,nan,nan,nan,nan,1081.0,0.9567458033561707,8.396801948547363,2.044638272846991,1.7971372415572364,1.1115914583206177,1.0863062143325806,0.9567458033561707,255.0,255.0,0.010612914505132055,0.06593080931403472,0.014036033704765588
1776509821.7633483,14.01607541351066,-0.491422116980106,2.8341821906426365,2.3873071658321684e-06,-2.6640182879975407e-06,nan,nan,nan,nan,nan,nan,nan,nan,1081.0,0.9586234092712402,8.408792495727539,2.0448499927908927,1.7973433172207318,1.1173861026763916,1.0877456665039062,0.9586234092712402,255.0,255.0,0.010612914466465624,0.06593080935736362,0.014036033342424991
1776509821.8133445,14.016075413014136,-0.4914221168634603,2.8341821905992943,2.3873074553299545e-06,-2.6640208319804695e-06,nan,nan,nan,nan,nan,nan,nan,nan,1081.0,0.9586234092712402,8.408792495727539,2.0448499927908927,1.7973433172207318,1.1173861026763916,1.0877456665039062,0.9586234092712402,255.0,255.0,0.010612914427797274,0.06593080940070584,0.0140360329800784
1776509821.8634622,14.016075412021094,-0.4914221166301698,2.8341821905126157,2.3873076887042435e-06,-2.6640191057573266e-06,nan,nan,nan,nan,nan,nan,nan,nan,1081.0,0.9586234092712402,8.408792495727539,2.0448499927908927,1.7973433172207318,1.1173861026763916,1.0877456665039062,0.9586234092712402,255.0,255.0,0.010612914350461283,0.0659308094873845,0.014036032255389325
1776509821.9134545,14.016075411524573,-0.4914221165135249,2.8341821904692566,2.3873084201539686e-06,-2.6640226892731697e-06,nan,nan,nan,nan,nan,nan,nan,nan,1081.0,0.9589889049530029,8.409975051879883,2.0445682999715,1.797038072911133,1.1138920783996582,1.0929402112960815,0.9589889049530029,255.0,255.0,0.010612914311793419,0.0659308095307436,0.014036031893045385
1776509821.9643033,14.016075411028053,-0.4914221163968793,2.8341821904258997,2.3873084898040225e-06,-2.6640244990864764e-06,nan,nan,nan,nan,nan,nan,nan,nan,1081.0,0.9589889049530029,8.409975051879883,2.0445682999715,1.797038072911133,1.1138920783996582,1.0929402112960815,0.9589889049530029,255.0,255.0,0.01061291427312617,0.06593080957410047,0.014036031530701803
1776509822.0159202,14.016075410531528,-0.49142211628023474,2.8341821903825513,2.3873084289064714e-06,-2.6640248936494517e-06,nan,nan,nan,nan,nan,nan,nan,nan,1081.0,0.9516333341598511,8.39546012878418,2.0452987083012477,1.7971523129087779,1.117555856704712,1.090985894203186,0.9516333341598511,255.0,255.0,0.01061291423445628,0.0659308096174489,0.014036031168353166
1776509822.066998,14.016075410035011,-0.4914221161635907,2.8341821903392073,2.387308542135853e-06,-2.6640253780938006e-06,nan,nan,nan,nan,nan,nan,nan,nan,1081.0,0.9516333341598511,8.39546012878418,2.0452987083012477,1.7971523129087779,1.117555856704712,1.090985894203186,0.9516333341598511,255.0,255.0,0.010612914195788505,0.0659308096607929,0.014036030806011816
1776509822.113263,14.016075410035011,-0.4914221161635907,2.8341821903392073,2.387308542135853e-06,-2.6640253780938006e-06,nan,nan,nan,nan,nan,nan,nan,nan,1081.0,0.9516333341598511,8.39546012878418,2.0452987083012477,1.7971523129087779,1.117555856704712,1.090985894203186,0.9516333341598511,255.0,255.0,0.010612914195788505,0.0659308096607929,0.014036030806011816
1776509822.1694288,14.016075409041981,-0.49142211593030233,2.8341821902525055,2.3873093960531833e-06,-2.6640277856451428e-06,nan,nan,nan,nan,nan,nan,nan,nan,1081.0,0.9588611721992493,8.403027534484863,2.0451224523490494,1.79646475424726,1.1163803339004517,1.087910771369934,0.9588611721992493,255.0,255.0,0.010612914118454476,0.06593080974749466,0.014036030081332352
1776509822.2132554,14.016075408545465,-0.49142211581365797,2.834182190209141,2.3873096430619634e-06,-2.6640302501973664e-06,nan,nan,nan,nan,nan,nan,nan,nan,1081.0,0.9588611721992493,8.403027534484863,2.0451224523490494,1.79646475424726,1.1163803339004517,1.087910771369934,0.9588611721992493,255.0,255.0,0.010612914079787211,0.06593080979085908,0.014036029718991205
1776509822.2632816,14.016075408048945,-0.4914221156970145,2.8341821901657775,2.387309287088009e-06,-2.6640316840625534e-06,nan,nan,nan,nan,nan,nan,nan,nan,1081.0,0.9620418548583984,8.391592979431152,2.044445084709464,1.7963425499056014,1.108979344367981,1.089976191520691,0.9620418548583984,255.0,255.0,0.010612914041118013,0.06593080983422261,0.014036029356646575
1776509822.3134227,14.01607540755243,-0.49142211558037147,2.834182190122422,2.3873090310700363e-06,-2.6640317475536113e-06,nan,nan,nan,nan,nan,nan,nan,nan,1081.0,0.9620418548583984,8.391592979431152,2.044445084709464,1.7963425499056014,1.108979344367981,1.089976191520691,0.9620418548583984,255.0,255.0,0.010612914002449928,0.06593080987757816,0.014036028994306267
1776509822.3703134,14.016075407055913,-0.4914221154637283,2.834182190079069,2.387309100641612e-06,-2.6640304134594518e-06,nan,nan,nan,nan,nan,nan,nan,nan,1081.0,0.9620418548583984,8.391592979431152,2.044445084709464,1.7963425499056014,1.108979344367981,1.089976191520691,0.9620418548583984,255.0,255.0,0.01061291396378139,0.06593080992093103,0.014036028631964508
1776509822.4140089,14.016075407055913,-0.4914221154637283,2.834182190079069,2.387309100641612e-06,-2.6640304134594518e-06,nan,nan,nan,nan,nan,nan,nan,nan,1081.0,0.962207555770874,8.397171020507812,2.044981899965041,1.7973176896549463,1.1126421689987183,1.096632957458496,0.962207555770874,255.0,255.0,0.01061291396378139,0.06593080992093103,0.014036028631964508
1776509822.463351,14.0160754065594,-0.4914221153470845,2.834182190035703,2.3873095023720524e-06,-2.664033048487265e-06,nan,nan,nan,nan,nan,nan,nan,nan,1081.0,0.962207555770874,8.397171020507812,2.044981899965041,1.7973176896549463,1.1126421689987183,1.096632957458496,0.962207555770874,255.0,255.0,0.010612913925114684,0.06593080996429723,0.014036028269626138
1776509822.5225575,14.016075406062889,-0.49142211523044105,2.8341821899923323,2.3873094657749787e-06,-2.6640346531961212e-06,nan,nan,nan,nan,nan,nan,nan,nan,1081.0,0.962207555770874,8.397171020507812,2.044981899965041,1.7973176896549463,1.1126421689987183,1.096632957458496,0.962207555770874,255.0,255.0,0.01061291388644824,0.06593081000766787,0.014036027907289118
1776509822.5663211,14.016075405566374,-0.49142211511379846,2.834182189948974,2.3873097454435565e-06,-2.664036120761183e-06,nan,nan,nan,nan,nan,nan,nan,nan,1081.0,0.966363251209259,8.397953987121582,2.044737920840508,1.797101743267329,1.114592432975769,1.0877184867858887,0.966363251209259,255.0,255.0,0.010612913847779758,0.06593081005102608,0.014036027544948612
1776509822.615346,14.016075405566374,-0.49142211511379846,2.834182189948974,2.3873097454435565e-06,-2.664036120761183e-06,nan,nan,nan,nan,nan,nan,nan,nan,1081.0,0.966363251209259,8.397953987121582,2.044737920840508,1.797101743267329,1.114592432975769,1.0877184867858887,0.966363251209259,255.0,255.0,0.010612913847779758,0.06593081005102608,0.014036027544948612
1776509822.6632714,14.016075405069866,-0.49142211499715643,2.8341821899056137,2.387310238122875e-06,-2.6640372404430294e-06,nan,nan,nan,nan,nan,nan,nan,nan,1081.0,0.966363251209259,8.397953987121582,2.044737920840508,1.797101743267329,1.114592432975769,1.0877184867858887,0.966363251209259,255.0,255.0,0.010612913809112917,0.0659308100943865,0.014036027182613884
1776509822.7214293,14.016075405069866,-0.49142211499715643,2.8341821899056137,2.387310238122875e-06,-2.6640372404430294e-06,nan,nan,nan,nan,nan,nan,nan,nan,1081.0,0.966363251209259,8.397953987121582,2.044737920840508,1.797101743267329,1.114592432975769,1.0877184867858887,0.966363251209259,255.0,255.0,0.010612913809112917,0.0659308100943865,0.014036027182613884
1776509822.763299,14.016075404573355,-0.49142211488051496,2.834182189862257,2.3873103538011405e-06,-2.6640369247245354e-06,nan,nan,nan,nan,nan,nan,nan,nan,1081.0,0.9581848382949829,8.392803192138672,2.0446396836740455,1.7965196590503016,1.1100618839263916,1.0835516452789307,0.9581848382949829,255.0,255.0,0.010612913770444442,0.06593081013774338,0.014036026820275846
1776509822.8183208,14.016075404076842,-0.4914221147638728,2.834182189818879,2.387310764895385e-06,-2.6640368638412153e-06,nan,nan,nan,nan,nan,nan,nan,nan,1081.0,0.9581848382949829,8.392803192138672,2.0446396836740455,1.7965196590503016,1.1100618839263916,1.0835516452789307,0.9581848382949829,255.0,255.0,0.010612913731776252,0.06593081018112112,0.01403602645793665
1776509822.8632598,14.016075403580334,-0.4914221146472308,2.834182189775494,2.3873109171123412e-06,-2.6640403584179865e-06,nan,nan,nan,nan,nan,nan,nan,nan,1081.0,0.9581848382949829,8.392803192138672,2.0446396836740455,1.7965196590503016,1.1100618839263916,1.0835516452789307,0.9581848382949829,255.0,255.0,0.010612913693109637,0.06593081022450598,0.01403602609560195
1776509822.9163275,14.016075403083825,-0.49142211453058976,2.834182189732125,2.38731100430146e-06,-2.664041818869152e-06,nan,nan,nan,nan,nan,nan,nan,nan,1081.0,0.9570707082748413,8.393050193786621,2.0449144065545513,1.7964990312695641,1.1080974340438843,1.091517686843872,0.9570707082748413,255.0,255.0,0.010612913654441388,0.06593081026787528,0.014036025733265223
1776509822.9632015,14.016075402587319,-0.49142211441394884,2.8341821896887596,2.387311076665973e-06,-2.6640421727500904e-06,nan,nan,nan,nan,nan,nan,nan,nan,1081.0,0.9570707082748413,8.393050193786621,2.0449144065545513,1.7964990312695641,1.1080974340438843,1.091517686843872,0.9570707082748413,255.0,255.0,0.010612913615774074,0.0659308103112406,0.014036025370931475
1776509823.016441,14.016075402090804,-0.4914221142973069,2.834182189645369,2.3873115053707392e-06,-2.664041770134781e-06,nan,nan,nan,nan,nan,nan,nan,nan,1081.0,0.9570707082748413,8.393050193786621,2.0449144065545513,1.7964990312695641,1.1080974340438843,1.091517686843872,0.9570707082748413,255.0,255.0,0.010612913577105254,0.06593081035463122,0.014036025008590684
1776509823.0632463,14.016075402090804,-0.4914221142973069,2.834182189645369,2.3873115053707392e-06,-2.664041770134781e-06,nan,nan,nan,nan,nan,nan,nan,nan,1081.0,0.9552791118621826,8.402551651000977,2.044714879427212,1.7964461591922662,1.1162205934524536,1.0909613370895386,0.9552791118621826,255.0,255.0,0.010612913577105254,0.06593081035463122,0.014036025008590684
1776509823.1142604,14.016075401594296,-0.4914221141806659,2.83418218960199,2.387311749834093e-06,-2.6640424457521385e-06,nan,nan,nan,nan,nan,nan,nan,nan,1081.0,0.9552791118621826,8.402551651000977,2.044714879427212,1.7964461591922662,1.1162205934524536,1.0909613370895386,0.9552791118621826,255.0,255.0,0.010612913538437633,0.0659308103980103,0.014036024646255498
1776509823.1633651,14.016075401097792,-0.491422114064025,2.8341821895586063,2.3873119417554717e-06,-2.6640449843949015e-06,nan,nan,nan,nan,nan,nan,nan,nan,1081.0,0.9552791118621826,8.402551651000977,2.044714879427212,1.7964461591922662,1.1162205934524536,1.0909613370895386,0.9552791118621826,255.0,255.0,0.010612913499771021,0.06593081044139382,0.014036024283923294
1776509823.2134726,14.016075401097792,-0.491422114064025,2.8341821895586063,2.3873119417554717e-06,-2.6640449843949015e-06,nan,nan,nan,nan,nan,nan,nan,nan,1081.0,0.9552791118621826,8.402551651000977,2.044714879427212,1.7964461591922662,1.1162205934524536,1.0909613370895386,0.9552791118621826,255.0,255.0,0.010612913499771021,0.06593081044139382,0.014036024283923294
1776509823.2706027,14.016075400601279,-0.4914221139473853,2.834182189515227,2.3873122400217352e-06,-2.6640468037389616e-06,nan,nan,nan,nan,nan,nan,nan,nan,1081.0,0.9506605267524719,8.40967082977295,2.0448626784347583,1.7971696758524378,1.1102650165557861,1.096817970275879,0.9506605267524719,255.0,255.0,0.010612913461100522,0.06593081048477334,0.014036023921582885
1776509823.3138506,14.016075400104773,-0.491422113830745,2.8341821894718464,2.38731233727733e-06,-2.664046788818208e-06,nan,nan,nan,nan,nan,nan,nan,nan,1081.0,0.9506605267524719,8.40967082977295,2.0448626784347583,1.7971696758524378,1.1102650165557861,1.096817970275879,0.9506605267524719,255.0,255.0,0.010612913422432708,0.06593081052815375,0.014036023559248835
1776509823.3633657,14.016075400104773,-0.491422113830745,2.8341821894718464,2.38731233727733e-06,-2.664046788818208e-06,nan,nan,nan,nan,nan,nan,nan,nan,1081.0,0.9506605267524719,8.40967082977295,2.0448626784347583,1.7971696758524378,1.1102650165557861,1.096817970275879,0.9506605267524719,255.0,255.0,0.010612913422432708,0.06593081052815375,0.014036023559248835
1776509823.4132981,14.01607539960826,-0.4914221137141049,2.834182189428465,2.3873128007966237e-06,-2.6640465189406443e-06,nan,nan,nan,nan,nan,nan,nan,nan,1081.0,0.9453809857368469,8.408353805541992,2.044889366373103,1.7970505832523522,1.111221432685852,1.0890737771987915,0.9453809857368469,255.0,255.0,0.01061291338376265,0.06593081057153505,0.014036023196908679
1776509823.4653513,14.016075399111756,-0.4914221135974661,2.8341821893850674,2.387312893210603e-06,-2.664048058329505e-06,nan,nan,nan,nan,nan,nan,nan,nan,1081.0,0.9453809857368469,8.408353805541992,2.044889366373103,1.7970505832523522,1.111221432685852,1.0890737771987915,0.9453809857368469,255.0,255.0,0.010612913345094104,0.06593081061493278,0.014036022834575378
1776509823.5136116,14.016075398118748,-0.4914221133641916,2.834182189298254,2.387313478334436e-06,-2.6640518367746373e-06,nan,nan,nan,nan,nan,nan,nan,nan,1081.0,0.9453809857368469,8.408353805541992,2.044889366373103,1.7970505832523522,1.111221432685852,1.0890737771987915,0.9453809857368469,255.0,255.0,0.010612913267754322,0.065930810701746,0.014036022109907238
1776509823.5632012,14.016075397622245,-0.49142211324755486,2.8341821892548507,2.387313977511825e-06,-2.6640535436559734e-06,nan,nan,nan,nan,nan,nan,nan,nan,1081.0,0.9496676325798035,8.411463737487793,2.044211396401288,1.797495919357409,1.1147807836532593,1.0875648260116577,0.9496676325798035,255.0,255.0,0.010612913229084463,0.0659308107451495,0.014036021747574432
1776509823.6132057,14.01607539712574,-0.4914221131309187,2.8341821892114383,2.387314002580998e-06,-2.6640524638083596e-06,nan,nan,nan,nan,nan,nan,nan,nan,1081.0,0.9496676325798035,8.411463737487793,2.044211396401288,1.797495919357409,1.1147807836532593,1.0875648260116577,0.9496676325798035,255.0,255.0,0.010612913190413029,0.06593081078856189,0.014036021385238292
1776509823.663361,14.016075396629237,-0.49142211301428346,2.834182189168028,2.387314072771942e-06,-2.664053100865066e-06,nan,nan,nan,nan,nan,nan,nan,nan,1081.0,0.958678662776947,8.399548530578613,2.045150453629701,1.796760438538358,1.119327187538147,1.0956743955612183,0.958678662776947,255.0,255.0,0.010612913151741803,0.06593081083197205,0.014036021022904724
1776509823.7141914,14.016075396629237,-0.49142211301428346,2.834182189168028,2.387314072771942e-06,-2.664053100865066e-06,nan,nan,nan,nan,nan,nan,nan,nan,1081.0,0.958678662776947,8.399548530578613,2.045150453629701,1.796760438538358,1.119327187538147,1.0956743955612183,0.958678662776947,255.0,255.0,0.010612913151741803,0.06593081083197205,0.014036021022904724
1776509823.7658951,14.016075396132736,-0.4914221128976481,2.8341821891246313,2.387314463629756e-06,-2.664054322136175e-06,nan,nan,nan,nan,nan,nan,nan,nan,1081.0,0.958678662776947,8.399548530578613,2.045150453629701,1.796760438538358,1.119327187538147,1.0956743955612183,0.958678662776947,255.0,255.0,0.010612913113071097,0.0659308108753689,0.014036020660572735
1776509823.8156214,14.016075395636232,-0.49142211278101383,2.8341821890812238,2.387314715268e-06,-2.6640567053929945e-06,nan,nan,nan,nan,nan,nan,nan,nan,1081.0,0.9550027847290039,8.395170211791992,2.0445255831256164,1.7967430595099945,1.1140886545181274,1.0948777198791504,0.9550027847290039,255.0,255.0,0.010612913074398357,0.0659308109187764,0.01403602029823715
1776509823.8657038,14.01607539513973,-0.4914221126643803,2.834182189037808,2.387314883254506e-06,-2.66405881727282e-06,nan,nan,nan,nan,nan,nan,nan,nan,1081.0,0.9550027847290039,8.395170211791992,2.0445255831256164,1.7967430595099945,1.1140886545181274,1.0948777198791504,0.9550027847290039,255.0,255.0,0.010612913035725542,0.06593081096219233,0.014036019935902708
1776509823.916302,14.016075394643225,-0.491422112547748,2.834182188994386,2.387315196415928e-06,-2.664058504483196e-06,nan,nan,nan,nan,nan,nan,nan,nan,1081.0,0.9550027847290039,8.395170211791992,2.0445255831256164,1.7967430595099945,1.1140886545181274,1.0948777198791504,0.9550027847290039,255.0,255.0,0.010612912997051081,0.06593081100561404,0.014036019573566125
1776509823.9643838,14.016075394146725,-0.49142211243111605,2.834182188950945,2.387315668261768e-06,-2.664060613665228e-06,nan,nan,nan,nan,nan,nan,nan,nan,1081.0,0.9584560990333557,8.401374816894531,2.044713265911282,1.7971243388135598,1.1072204113006592,1.0908397436141968,0.9584560990333557,255.0,255.0,0.010612912958377503,0.0659308110490553,0.014036019211232376
1776509824.016314,14.016075394146725,-0.49142211243111605,2.834182188950945,2.387315668261768e-06,-2.664060613665228e-06,nan,nan,nan,nan,nan,nan,nan,nan,1081.0,0.9584560990333557,8.401374816894531,2.044713265911282,1.7971243388135598,1.1072204113006592,1.0908397436141968,0.9584560990333557,255.0,255.0,0.010612912958377503,0.0659308110490553,0.014036019211232376
1776509824.0663457,14.016075393650222,-0.4914221123144838,2.834182188907498,2.387315733694952e-06,-2.6640628942354175e-06,nan,nan,nan,nan,nan,nan,nan,nan,1081.0,0.9584560990333557,8.401374816894531,2.044713265911282,1.7971243388135598,1.1072204113006592,1.0908397436141968,0.9584560990333557,255.0,255.0,0.010612912919703758,0.06593081109250232,0.014036018848897295
1776509824.1153457,14.01607539315372,-0.4914221121978522,2.8341821888640597,2.3873159934665e-06,-2.664064069789016e-06,nan,nan,nan,nan,nan,nan,nan,nan,1081.0,0.9581744074821472,8.404836654663086,2.0449127082357133,1.797079208689053,1.1118358373641968,1.0873017311096191,0.9581744074821472,255.0,255.0,0.010612912881029297,0.06593081113594046,0.014036018486561875
1776509824.166295,14.016075392657221,-0.4914221120812213,2.8341821888206264,2.3873162758095634e-06,-2.6640645954369826e-06,nan,nan,nan,nan,nan,nan,nan,nan,1081.0,0.9581744074821472,8.404836654663086,2.0449127082357133,1.797079208689053,1.1118358373641968,1.0873017311096191,0.9581744074821472,255.0,255.0,0.01061291284235523,0.06593081117937372,0.014036018124229149
1776509824.2133577,14.016075392160726,-0.4914221119645909,2.834182188777197,2.3873166296330056e-06,-2.6640648285096385e-06,nan,nan,nan,nan,nan,nan,nan,nan,1081.0,0.9581744074821472,8.404836654663086,2.0449127082357133,1.797079208689053,1.1118358373641968,1.0873017311096191,0.9581744074821472,255.0,255.0,0.010612912803681674,0.06593081122280298,0.014036017761899168
1776509824.2700748,14.016075391664225,-0.49142211184795953,2.834182188733739,2.387316835022997e-06,-2.664065164033953e-06,nan,nan,nan,nan,nan,nan,nan,nan,1081.0,0.9592690467834473,8.39278793334961,2.0448930539211445,1.7974382954440788,1.1069626808166504,1.0886106491088867,0.9592690467834473,255.0,255.0,0.01061291276500772,0.0659308112662611,0.014036017399565174
1776509824.3173645,14.016075391167728,-0.4914221117313286,2.8341821886902916,2.387316948113994e-06,-2.664068181255836e-06,nan,nan,nan,nan,nan,nan,nan,nan,1081.0,0.9592690467834473,8.39278793334961,2.0448930539211445,1.7974382954440788,1.1069626808166504,1.0886106491088867,0.9592690467834473,255.0,255.0,0.010612912726334323,0.06593081130970857,0.014036017037233986
1776509824.3633704,14.016075390671233,-0.4914221116146981,2.834182188646851,2.3873172408260535e-06,-2.664069427799795e-06,nan,nan,nan,nan,nan,nan,nan,nan,1081.0,0.9588181972503662,8.404239654541016,2.0447562253111276,1.796804045492761,1.1110460758209229,1.096173882484436,0.9588181972503662,255.0,255.0,0.010612912687660977,0.06593081135314938,0.014036016674904091
1776509824.4134283,14.016075390174738,-0.49142211149806797,2.8341821886034144,2.3873174113231534e-06,-2.664070140606235e-06,nan,nan,nan,nan,nan,nan,nan,nan,1081.0,0.9588181972503662,8.404239654541016,2.0447562253111276,1.796804045492761,1.1110460758209229,1.096173882484436,0.9588181972503662,255.0,255.0,0.010612912648987274,0.06593081139658574,0.01403601631257403
1776509824.4662852,14.01607538967824,-0.4914221113814384,2.8341821885599816,2.387317941694467e-06,-2.664069532177164e-06,nan,nan,nan,nan,nan,nan,nan,nan,1081.0,0.9588181972503662,8.404239654541016,2.0447562253111276,1.796804045492761,1.1110460758209229,1.096173882484436,0.9588181972503662,255.0,255.0,0.01061291261031247,0.06593081144001856,0.014036015950242174
1776509824.5153143,14.016075389181744,-0.49142211126480834,2.8341821885165306,2.387318123928944e-06,-2.6640706993966555e-06,nan,nan,nan,nan,nan,nan,nan,nan,1081.0,0.9658061265945435,8.400405883789062,2.045045168393194,1.7970062014042183,1.1064486503601074,1.094609022140503,0.9658061265945435,255.0,255.0,0.010612912571638258,0.06593081148346958,0.014036015587910561
1776509824.5657969,14.016075388685246,-0.49142211114817813,2.8341821884730787,2.387318039552127e-06,-2.664073381218601e-06,nan,nan,nan,nan,nan,nan,nan,nan,1081.0,0.9658061265945435,8.400405883789062,2.045045168393194,1.7970062014042183,1.1064486503601074,1.094609022140503,0.9658061265945435,255.0,255.0,0.010612912532964213,0.06593081152692148,0.01403601522557904
1776509824.6147518,14.016075388188758,-0.4914221110315489,2.834182188429632,2.3873186421351086e-06,-2.6640736725764057e-06,nan,nan,nan,nan,nan,nan,nan,nan,1081.0,0.9523102641105652,8.405050277709961,2.04496786855747,1.7968192700547891,1.120771050453186,1.089699387550354,0.9523102641105652,255.0,255.0,0.010612912494291853,0.06593081157036806,0.014036014863254584
1776509824.6632993,14.016075387692265,-0.4914221109149195,2.834182188386194,2.3873185975306158e-06,-2.6640750664039437e-06,nan,nan,nan,nan,nan,nan,nan,nan,1081.0,0.9523102641105652,8.405050277709961,2.04496786855747,1.7968192700547891,1.120771050453186,1.089699387550354,0.9523102641105652,255.0,255.0,0.010612912455618014,0.0659308116138062,0.014036014500925703
1776509824.7134035,14.016075387195766,-0.49142211079828996,2.8341821883427323,2.3873190986813893e-06,-2.6640744405966065e-06,nan,nan,nan,nan,nan,nan,nan,nan,1081.0,0.9523102641105652,8.405050277709961,2.04496786855747,1.7968192700547891,1.120771050453186,1.089699387550354,0.9523102641105652,255.0,255.0,0.010612912416942885,0.06593081165726788,0.01403601413859235
1776509824.7632778,14.016075386699274,-0.49142211068166114,2.8341821882992573,2.3873192901565388e-06,-2.6640753627292926e-06,nan,nan,nan,nan,nan,nan,nan,nan,1081.0,0.9523075222969055,8.38692569732666,2.0447769574166226,1.7968237762662427,1.1092694997787476,1.0890034437179565,0.9523075222969055,255.0,255.0,0.010612912378269343,0.06593081170074289,0.014036013776264688
1776509824.8131988,14.016075386202784,-0.4914221105650323,2.834182188255803,2.387319406467464e-06,-2.664076292535118e-06,nan,nan,nan,nan,nan,nan,nan,nan,1081.0,0.9523075222969055,8.38692569732666,2.0447769574166226,1.7968237762662427,1.1092694997787476,1.0890034437179565,0.9523075222969055,255.0,255.0,0.010612912339596145,0.06593081174419702,0.014036013413938547
1776509824.8632822,14.016075385706294,-0.4914221104484034,2.834182188212366,2.387319509302304e-06,-2.664078809337881e-06,nan,nan,nan,nan,nan,nan,nan,nan,1081.0,0.9553136825561523,8.399120330810547,2.044813110583585,1.7969104100382656,1.1161595582962036,1.0827420949935913,0.9553136825561523,255.0,255.0,0.010612912300922898,0.06593081178763427,0.014036013051612475
1776509824.9164262,14.016075385209803,-0.4914221103317748,2.8341821881689233,2.387319734036728e-06,-2.664081208769121e-06,nan,nan,nan,nan,nan,nan,nan,nan,1081.0,0.9553136825561523,8.399120330810547,2.044813110583585,1.7969104100382656,1.1161595582962036,1.0827420949935913,0.9553136825561523,255.0,255.0,0.010612912262248845,0.06593081183107685,0.01403601268928472
1776509824.9634264,14.016075384713313,-0.4914221102151464,2.8341821881254496,2.3873200188125705e-06,-2.664080374129647e-06,nan,nan,nan,nan,nan,nan,nan,nan,1081.0,0.9553136825561523,8.399120330810547,2.044813110583585,1.7969104100382656,1.1161595582962036,1.0827420949935913,0.9553136825561523,255.0,255.0,0.010612912223575402,0.06593081187455052,0.01403601232695838
1776509825.0145185,14.016075384216826,-0.49142211009851894,2.834182188081974,2.387320348837123e-06,-2.6640801649170204e-06,nan,nan,nan,nan,nan,nan,nan,nan,1081.0,0.9599685072898865,8.426170349121094,2.044495090745755,1.7966724414009723,1.1178268194198608,1.0937379598617554,0.9599685072898865,255.0,255.0,0.010612912184902205,0.06593081191802597,0.014036011964634608
1776509825.063207,14.016075383720334,-0.4914221099818906,2.8341821880385223,2.3873205862584593e-06,-2.664082096556054e-06,nan,nan,nan,nan,nan,nan,nan,nan,1081.0,0.9599685072898865,8.426170349121094,2.044495090745755,1.7966724414009723,1.1178268194198608,1.0937379598617554,0.9599685072898865,255.0,255.0,0.010612912146227973,0.06593081196147788,0.014036011602306737
1776509825.1134026,14.016075383720334,-0.4914221099818906,2.8341821880385223,2.3873205862584593e-06,-2.664082096556054e-06,nan,nan,nan,nan,nan,nan,nan,nan,1081.0,0.9599685072898865,8.426170349121094,2.044495090745755,1.7966724414009723,1.1178268194198608,1.0937379598617554,0.9599685072898865,255.0,255.0,0.010612912146227973,0.06593081196147788,0.014036011602306737
1776509825.1636047,14.01607538322385,-0.49142210986526275,2.8341821879950664,2.3873210183392255e-06,-2.6640848170397757e-06,nan,nan,nan,nan,nan,nan,nan,nan,1081.0,0.9594795107841492,8.39871597290039,2.0449458390998134,1.7969044077767562,1.1211155652999878,1.0904656648635864,0.9594795107841492,255.0,255.0,0.010612912107555503,0.06593081200493378,0.014036011239984702
1776509825.213207,14.016075382727358,-0.4914221097486345,2.8341821879516034,2.387321309221152e-06,-2.6640862780641767e-06,nan,nan,nan,nan,nan,nan,nan,nan,1081.0,0.9594795107841492,8.39871597290039,2.0449458390998134,1.7969044077767562,1.1211155652999878,1.0904656648635864,0.9594795107841492,255.0,255.0,0.010612912068881321,0.06593081204839679,0.014036010877656822
1776509825.263208,14.016075382230866,-0.491422109632007,2.8341821879081244,2.387321181389366e-06,-2.6640852306053957e-06,nan,nan,nan,nan,nan,nan,nan,nan,1081.0,0.9510248303413391,8.395201683044434,2.0448632343955664,1.7967485758279687,1.1055999994277954,1.0841419696807861,0.9510248303413391,255.0,255.0,0.010612912030206543,0.06593081209187579,0.014036010515328544
1776509825.3132153,14.016075381237897,-0.49142210939875325,2.8341821878211957,2.3873211182256353e-06,-2.664085650710249e-06,nan,nan,nan,nan,nan,nan,nan,nan,1081.0,0.9510248303413391,8.395201683044434,2.0448632343955664,1.7967485758279687,1.1055999994277954,1.0841419696807861,0.9510248303413391,255.0,255.0,0.010612911952859853,0.06593081217880448,0.014036009790683495
1776509825.3783402,14.016075381237897,-0.49142210939875325,2.8341821878211957,2.3873211182256353e-06,-2.664085650710249e-06,nan,nan,nan,nan,nan,nan,nan,nan,1081.0,0.9510248303413391,8.395201683044434,2.0448632343955664,1.7967485758279687,1.1055999994277954,1.0841419696807861,0.9510248303413391,255.0,255.0,0.010612911952859853,0.06593081217880448,0.014036009790683495
1776509825.413493,14.016075380741414,-0.491422109282126,2.8341821877777327,2.387320997422765e-06,-2.664089819568049e-06,nan,nan,nan,nan,nan,nan,nan,nan,1081.0,0.9626215100288391,8.415066719055176,2.0448420406159817,1.7969370679683698,1.1167422533035278,1.08851158618927,0.9626215100288391,255.0,255.0,0.010612911914187406,0.06593081222226749,0.0140360094283627
1776509825.464331,14.016075380244924,-0.4914221091654987,2.8341821877342612,2.387321759967317e-06,-2.6640898734425074e-06,nan,nan,nan,nan,nan,nan,nan,nan,1081.0,0.9626215100288391,8.415066719055176,2.0448420406159817,1.7969370679683698,1.1167422533035278,1.08851158618927,0.9626215100288391,255.0,255.0,0.010612911875512885,0.06593081226573894,0.014036009066035858
1776509825.5193057,14.016075379748441,-0.49142210904887224,2.8341821876907973,2.3873220318388065e-06,-2.664089280673651e-06,nan,nan,nan,nan,nan,nan,nan,nan,1081.0,0.9626215100288391,8.415066719055176,2.0448420406159817,1.7969370679683698,1.1167422533035278,1.08851158618927,0.9626215100288391,255.0,255.0,0.010612911836839704,0.06593081230920284,0.014036008703714676
1776509825.5637693,14.01607537925196,-0.49142210893224586,2.8341821876473396,2.3873220663697335e-06,-2.6640891763063843e-06,nan,nan,nan,nan,nan,nan,nan,nan,1081.0,0.9558509588241577,8.401618957519531,2.044383738462182,1.7968913376961282,1.1150743961334229,1.0960371494293213,0.9558509588241577,255.0,255.0,0.010612911798166896,0.06593081235266052,0.014036008341394962
1776509825.6182957,14.01607537925196,-0.49142210893224586,2.8341821876473396,2.3873220663697335e-06,-2.6640891763063843e-06,nan,nan,nan,nan,nan,nan,nan,nan,1081.0,0.9558509588241577,8.401618957519531,2.044383738462182,1.7968913376961282,1.1150743961334229,1.0960371494293213,0.9558509588241577,255.0,255.0,0.010612911798166896,0.06593081235266052,0.014036008341394962
1776509825.6653206,14.016075378755472,-0.4914221088156188,2.8341821876038686,2.3873221223639552e-06,-2.664092758927654e-06,nan,nan,nan,nan,nan,nan,nan,nan,1081.0,0.9558509588241577,8.401618957519531,2.044383738462182,1.7968913376961282,1.1150743961334229,1.0960371494293213,0.9558509588241577,255.0,255.0,0.010612911759492699,0.06593081239613152,0.014036007979069542
1776509825.71327,14.01607537825899,-0.4914221086989919,2.8341821875603754,2.38732199711024e-06,-2.6640964064977893e-06,nan,nan,nan,nan,nan,nan,nan,nan,1081.0,0.9579108953475952,8.408458709716797,2.0447311677059345,1.7969513241384425,1.1203231811523438,1.0914993286132812,0.9579108953475952,255.0,255.0,0.010612911720820208,0.06593081243962473,0.014036007616748622
1776509825.7633605,14.016075377762508,-0.4914221085823665,2.834182187516899,2.3873224338216914e-06,-2.664095770316111e-06,nan,nan,nan,nan,nan,nan,nan,nan,1081.0,0.9579108953475952,8.408458709716797,2.0447311677059345,1.7969513241384425,1.1203231811523438,1.0914993286132812,0.9579108953475952,255.0,255.0,0.010612911682146621,0.06593081248310106,0.01403600725442841
1776509825.816326,14.016075377762508,-0.4914221085823665,2.834182187516899,2.3873224338216914e-06,-2.664095770316111e-06,nan,nan,nan,nan,nan,nan,nan,nan,1081.0,0.9579108953475952,8.408458709716797,2.0447311677059345,1.7969513241384425,1.1203231811523438,1.0914993286132812,0.9579108953475952,255.0,255.0,0.010612911682146621,0.06593081248310106,0.01403600725442841
1776509825.8632474,14.016075377266029,-0.4914221084657407,2.8341821874734325,2.3873222255177074e-06,-2.6640947868121004e-06,nan,nan,nan,nan,nan,nan,nan,nan,1081.0,0.9579108953475952,8.408458709716797,2.0447311677059345,1.7969513241384425,1.1203231811523438,1.0914993286132812,0.9579108953475952,255.0,255.0,0.010612911643473905,0.06593081252656763,0.014036006892109957
1776509825.9149935,14.016075376769544,-0.4914221083491153,2.834182187429954,2.387322631628851e-06,-2.6640958927871303e-06,nan,nan,nan,nan,nan,nan,nan,nan,1081.0,0.953188419342041,8.411576271057129,2.0449231633645972,1.79704361690642,1.1150442361831665,1.0827821493148804,0.953188419342041,255.0,255.0,0.010612911604799262,0.06593081257004618,0.014036006529786734
1776509825.9664695,14.016075376273067,-0.4914221082324896,2.8341821873864785,2.387323203901177e-06,-2.6640974779105038e-06,nan,nan,nan,nan,nan,nan,nan,nan,1081.0,0.953188419342041,8.411576271057129,2.0449231633645972,1.79704361690642,1.1150442361831665,1.0827821493148804,0.953188419342041,255.0,255.0,0.01061291156612706,0.06593081261352163,0.014036006167469754
1776509826.0133193,14.016075375776587,-0.4914221081158637,2.834182187342985,2.387323278337969e-06,-2.6641005258070332e-06,nan,nan,nan,nan,nan,nan,nan,nan,1081.0,0.9566498398780823,8.414460182189941,2.045090694542178,1.7967526371376157,1.1142354011535645,1.092652678489685,0.9566498398780823,255.0,255.0,0.010612911527454697,0.06593081265701528,0.014036005805151386
1776509826.0684152,14.016075375280105,-0.4914221079992385,2.834182187299502,2.387323400313988e-06,-2.664101643763861e-06,nan,nan,nan,nan,nan,nan,nan,nan,1081.0,0.9566498398780823,8.414460182189941,2.045090694542178,1.7967526371376157,1.1142354011535645,1.092652678489685,0.9566498398780823,255.0,255.0,0.01061291148878042,0.06593081270049828,0.01403600544282959
1776509826.113761,14.016075375280105,-0.4914221079992385,2.834182187299502,2.387323400313988e-06,-2.664101643763861e-06,nan,nan,nan,nan,nan,nan,nan,nan,1081.0,0.9566498398780823,8.414460182189941,2.045090694542178,1.7967526371376157,1.1142354011535645,1.092652678489685,0.9566498398780823,255.0,255.0,0.01061291148878042,0.06593081270049828,0.01403600544282959
1776509826.1637664,14.016075374783629,-0.49142210788261403,2.8341821872560193,2.387323670294714e-06,-2.664101666387212e-06,nan,nan,nan,nan,nan,nan,nan,nan,1081.0,0.9566498398780823,8.414460182189941,2.045090694542178,1.7967526371376157,1.1142354011535645,1.092652678489685,0.9566498398780823,255.0,255.0,0.010612911450107655,0.06593081274398083,0.014036005080513513
1776509826.2153418,14.016075374287151,-0.49142210776598977,2.834182187212532,2.3873237471442504e-06,-2.6641021712386083e-06,nan,nan,nan,nan,nan,nan,nan,nan,1081.0,0.9471599459648132,8.391847610473633,2.045388674206694,1.7967702786880178,1.1199910640716553,1.091382384300232,0.9471599459648132,255.0,255.0,0.010612911411434186,0.06593081278746826,0.014036004718195815
1776509826.2653508,14.016075373790672,-0.4914221076493653,2.8341821871690382,2.3873245275426357e-06,-2.6641040579168334e-06,nan,nan,nan,nan,nan,nan,nan,nan,1081.0,0.9471599459648132,8.391847610473633,2.045388674206694,1.7967702786880178,1.1199910640716553,1.091382384300232,0.9471599459648132,255.0,255.0,0.010612911372760448,0.06593081283096192,0.014036004355876729
1776509826.3133223,14.016075373790672,-0.4914221076493653,2.8341821871690382,2.3873245275426357e-06,-2.6641040579168334e-06,nan,nan,nan,nan,nan,nan,nan,nan,1081.0,0.9471599459648132,8.391847610473633,2.045388674206694,1.7967702786880178,1.1199910640716553,1.091382384300232,0.9471599459648132,255.0,255.0,0.010612911372760448,0.06593081283096192,0.014036004355876729
1776509826.3632786,14.016075373294195,-0.4914221075327409,2.834182187125544,2.387324520353731e-06,-2.6641052616120397e-06,nan,nan,nan,nan,nan,nan,nan,nan,1081.0,0.9487538933753967,8.388026237487793,2.044883643500128,1.7967767051623857,1.1050612926483154,1.0953351259231567,0.9487538933753967,255.0,255.0,0.010612911334087146,0.06593081287445601,0.014036003993559107
1776509826.4136302,14.01607537279772,-0.4914221074161171,2.83418218708206,2.3873246046366044e-06,-2.664106074423787e-06,nan,nan,nan,nan,nan,nan,nan,nan,1081.0,0.9487538933753967,8.388026237487793,2.044883643500128,1.7967767051623857,1.1050612926483154,1.0953351259231567,0.9487538933753967,255.0,255.0,0.0106129112954143,0.06593081291794034,0.014036003631244234
1776509826.4633574,14.016075372301245,-0.4914221072994939,2.8341821870385817,2.387324937398e-06,-2.6641075029255973e-06,nan,nan,nan,nan,nan,nan,nan,nan,1081.0,0.9487538933753967,8.388026237487793,2.044883643500128,1.7967767051623857,1.1050612926483154,1.0953351259231567,0.9487538933753967,255.0,255.0,0.010612911256740225,0.06593081296141845,0.014036003268927507
1776509826.513338,14.016075371804764,-0.491422107182872,2.8341821869950734,2.3873252842753973e-06,-2.664108398265634e-06,nan,nan,nan,nan,nan,nan,nan,nan,1081.0,0.9593774080276489,8.410661697387695,2.0452729328488113,1.796591668595832,1.101639986038208,1.0846552848815918,0.9593774080276489,255.0,255.0,0.01061291121806365,0.06593081300492676,0.014036002906605607
1776509826.563323,14.01607537130829,-0.4914221070662513,2.8341821869515695,2.387325563281748e-06,-2.664109104872342e-06,nan,nan,nan,nan,nan,nan,nan,nan,1081.0,0.9593774080276489,8.410661697387695,2.0452729328488113,1.796591668595832,1.101639986038208,1.0846552848815918,0.9593774080276489,255.0,255.0,0.010612911179388021,0.06593081304843063,0.014036002544289137
1776509826.6134331,14.01607537130829,-0.4914221070662513,2.8341821869515695,2.387325563281748e-06,-2.664109104872342e-06,nan,nan,nan,nan,nan,nan,nan,nan,1081.0,0.9593774080276489,8.410661697387695,2.0452729328488113,1.796591668595832,1.101639986038208,1.0846552848815918,0.9593774080276489,255.0,255.0,0.010612911179388021,0.06593081304843063,0.014036002544289137
1776509826.665322,14.016075370811818,-0.49142210694963123,2.834182186908062,2.3873258319153222e-06,-2.6641110460439336e-06,nan,nan,nan,nan,nan,nan,nan,nan,1081.0,0.9593774080276489,8.410661697387695,2.0452729328488113,1.796591668595832,1.101639986038208,1.0846552848815918,0.9593774080276489,255.0,255.0,0.010612911140712326,0.06593081309193805,0.01403600218197384
1776509826.7132142,14.01607537031534,-0.4914221068330121,2.8341821868645463,2.387326041411826e-06,-2.6641140150956768e-06,nan,nan,nan,nan,nan,nan,nan,nan,1081.0,0.9519216418266296,8.396814346313477,2.0452623565807926,1.7974528286231544,1.1181139945983887,1.0865848064422607,0.9519216418266296,255.0,255.0,0.010612911102034248,0.0659308131354539,0.014036001819653547
1776509826.7642956,14.016075369818864,-0.4914221067163927,2.8341821868210166,2.3873262219652103e-06,-2.6641117486084313e-06,nan,nan,nan,nan,nan,nan,nan,nan,1081.0,0.9519216418266296,8.396814346313477,2.0452623565807926,1.7974528286231544,1.1181139945983887,1.0865848064422607,0.9519216418266296,255.0,255.0,0.010612911063357048,0.06593081317898353,0.014036001457334893
1776509826.817499,14.016075369818864,-0.4914221067163927,2.8341821868210166,2.3873262219652103e-06,-2.6641117486084313e-06,nan,nan,nan,nan,nan,nan,nan,nan,1081.0,0.9519216418266296,8.396814346313477,2.0452623565807926,1.7974528286231544,1.1181139945983887,1.0865848064422607,0.9519216418266296,255.0,255.0,0.010612911063357048,0.06593081317898353,0.014036001457334893
1776509826.8698645,14.016075369322392,-0.491422106599774,2.8341821867774852,2.3873263041087104e-06,-2.664112521527244e-06,nan,nan,nan,nan,nan,nan,nan,nan,1081.0,0.9503442645072937,8.420906066894531,2.0448083350991455,1.797391327090603,1.1185181140899658,1.0921658277511597,0.9503442645072937,255.0,255.0,0.010612911024680304,0.06593081322251493,0.014036001095018928
1776509826.9162753,14.016075368825918,-0.49142210648315493,2.834182186733965,2.387326622589313e-06,-2.664112843239787e-06,nan,nan,nan,nan,nan,nan,nan,nan,1081.0,0.9503442645072937,8.420906066894531,2.0448083350991455,1.797391327090603,1.1185181140899658,1.0921658277511597,0.9503442645072937,255.0,255.0,0.010612910986003239,0.06593081326603523,0.014036000732701632
1776509826.969298,14.01607536832945,-0.4914221063665359,2.8341821866904278,2.3873267917852003e-06,-2.6641185769171657e-06,nan,nan,nan,nan,nan,nan,nan,nan,1081.0,0.9503442645072937,8.420906066894531,2.0448083350991455,1.797391327090603,1.1185181140899658,1.0921658277511597,0.9503442645072937,255.0,255.0,0.01061291094732794,0.0659308133095724,0.01403600037038889
1776509827.0173151,14.01607536832945,-0.4914221063665359,2.8341821866904278,2.3873267917852003e-06,-2.6641185769171657e-06,nan,nan,nan,nan,nan,nan,nan,nan,1081.0,0.9527543783187866,8.39883804321289,2.0450937806953444,1.7971063436678283,1.1272425651550293,1.0951875448226929,0.9527543783187866,255.0,255.0,0.01061291094732794,0.0659308133095724,0.01403600037038889
1776509827.0672379,14.016075367336498,-0.49142210613329845,2.834182186603342,2.3873274026465704e-06,-2.6641169116684975e-06,nan,nan,nan,nan,nan,nan,nan,nan,1081.0,0.9527543783187866,8.39883804321289,2.0450937806953444,1.7971063436678283,1.1272425651550293,1.0951875448226929,0.9527543783187866,255.0,255.0,0.010612910869972514,0.0659308133966583,0.014035999645750969
1776509827.1143994,14.016075366840026,-0.4914221060166804,2.834182186559815,2.3873276020597187e-06,-2.664117913068787e-06,nan,nan,nan,nan,nan,nan,nan,nan,1081.0,0.9527543783187866,8.39883804321289,2.0450937806953444,1.7971063436678283,1.1272425651550293,1.0951875448226929,0.9527543783187866,255.0,255.0,0.010612910831295091,0.06593081344018525,0.014035999283434703
1776509827.1662984,14.016075366840026,-0.4914221060166804,2.834182186559815,2.3873276020597187e-06,-2.664117913068787e-06,nan,nan,nan,nan,nan,nan,nan,nan,1081.0,0.9548753499984741,8.41325569152832,2.0452220159807655,1.797554549187293,1.1208187341690063,1.0903793573379517,0.9548753499984741,255.0,255.0,0.010612910831295091,0.06593081344018525,0.014035999283434703
1776509827.214315,14.016075366343555,-0.49142210590006213,2.834182186516293,2.3873278897708612e-06,-2.664117907579367e-06,nan,nan,nan,nan,nan,nan,nan,nan,1081.0,0.9548753499984741,8.41325569152832,2.0452220159807655,1.797554549187293,1.1208187341690063,1.0903793573379517,0.9548753499984741,255.0,255.0,0.010612910792618377,0.06593081348370733,0.014035998921120077
1776509827.2634792,14.01607536584709,-0.4914221057834442,2.834182186472747,2.387328211646275e-06,-2.664122589343272e-06,nan,nan,nan,nan,nan,nan,nan,nan,1081.0,0.959979772567749,8.39100456237793,2.044850019643309,1.7973215336158876,1.1185983419418335,1.0922094583511353,0.959979772567749,255.0,255.0,0.010612910753943177,0.06593081352725338,0.01403599855880983
1776509827.3134592,14.016075365350616,-0.4914221056668266,2.8341821864292136,2.3873283841626287e-06,-2.664121426316206e-06,nan,nan,nan,nan,nan,nan,nan,nan,1081.0,0.959979772567749,8.39100456237793,2.044850019643309,1.7973215336158876,1.1185983419418335,1.0922094583511353,0.959979772567749,255.0,255.0,0.010612910715264852,0.06593081357078656,0.014035998196491843
1776509827.363412,14.016075364854144,-0.49142210555020843,2.8341821863856933,2.3873285405449604e-06,-2.664121992100744e-06,nan,nan,nan,nan,nan,nan,nan,nan,1081.0,0.959979772567749,8.39100456237793,2.044850019643309,1.7973215336158876,1.1185983419418335,1.0922094583511353,0.959979772567749,255.0,255.0,0.010612910676587478,0.06593081361430686,0.014035997834175671
1776509827.4132059,14.016075364357674,-0.49142210543359116,2.834182186342164,2.3873286374897866e-06,-2.6641222626793006e-06,nan,nan,nan,nan,nan,nan,nan,nan,1081.0,0.9536958336830139,8.403679847717285,2.0448712987220476,1.7968921354088723,1.1205072402954102,1.0942665338516235,0.9536958336830139,255.0,255.0,0.010612910637909874,0.06593081365783604,0.014035997471860557
1776509827.4642231,14.01607536386121,-0.49142210531697367,2.8341821862986434,2.387329013320148e-06,-2.6641234235870794e-06,nan,nan,nan,nan,nan,nan,nan,nan,1081.0,0.9536958336830139,8.403679847717285,2.0448712987220476,1.7968921354088723,1.1205072402954102,1.0942665338516235,0.9536958336830139,255.0,255.0,0.010612910599234554,0.06593081370135678,0.01403599710955163
1776509827.513286,14.01607536386121,-0.49142210531697367,2.8341821862986434,2.387329013320148e-06,-2.6641234235870794e-06,nan,nan,nan,nan,nan,nan,nan,nan,1081.0,0.9536958336830139,8.403679847717285,2.0448712987220476,1.7968921354088723,1.1205072402954102,1.0942665338516235,0.9536958336830139,255.0,255.0,0.010612910599234554,0.06593081370135678,0.01403599710955163
1776509827.5636482,14.016075363364742,-0.49142210520035573,2.834182186255101,2.3873293607115244e-06,-2.6641282989552147e-06,nan,nan,nan,nan,nan,nan,nan,nan,1081.0,0.9536958336830139,8.403679847717285,2.0448712987220476,1.7968921354088723,1.1205072402954102,1.0942665338516235,0.9536958336830139,255.0,255.0,0.010612910560558247,0.06593081374489929,0.014035996747238396
1776509827.613558,14.016075362868273,-0.49142210508373846,2.8341821862115575,2.3873297459052387e-06,-2.664127639697333e-06,nan,nan,nan,nan,nan,nan,nan,nan,1081.0,0.9546346664428711,8.398211479187012,2.0457572848238845,1.7969321516327863,1.1107274293899536,1.0874929428100586,0.9546346664428711,255.0,255.0,0.010612910521881312,0.06593081378844268,0.014035996384924828
1776509827.6634486,14.016075362371806,-0.49142210496712196,2.834182186168022,2.38732999125905e-06,-2.6641284113161943e-06,nan,nan,nan,nan,nan,nan,nan,nan,1081.0,0.9546346664428711,8.398211479187012,2.0457572848238845,1.7969321516327863,1.1107274293899536,1.0874929428100586,0.9546346664428711,255.0,255.0,0.010612910483204098,0.06593081383197807,0.014035996022612374
1776509827.7132387,14.016075361875345,-0.4914221048505057,2.8341821861244867,2.3873300854735924e-06,-2.664128891466019e-06,nan,nan,nan,nan,nan,nan,nan,nan,1081.0,0.9629073143005371,8.408758163452148,2.044442536100869,1.797206832174313,1.121300220489502,1.0851014852523804,0.9629073143005371,255.0,255.0,0.010612910444528289,0.06593081387551347,0.014035995660304359
1776509827.7632577,14.016075361378881,-0.4914221047338893,2.834182186080945,2.387330056453633e-06,-2.664128229993041e-06,nan,nan,nan,nan,nan,nan,nan,nan,1081.0,0.9629073143005371,8.408758163452148,2.044442536100869,1.797206832174313,1.121300220489502,1.0851014852523804,0.9629073143005371,255.0,255.0,0.010612910405852103,0.06593081391905509,0.014035995297994893
1776509827.8133495,14.016075360882422,-0.4914221046172729,2.8341821860373884,2.387330649045191e-06,-2.664132845056498e-06,nan,nan,nan,nan,nan,nan,nan,nan,1081.0,0.9629073143005371,8.408758163452148,2.044442536100869,1.797206832174313,1.121300220489502,1.0851014852523804,0.9629073143005371,255.0,255.0,0.01061291036717713,0.0659308139626118,0.014035994935688469
1776509827.8652258,14.016075360385958,-0.49142210450065643,2.834182185993837,2.387331016703168e-06,-2.6641346551853787e-06,nan,nan,nan,nan,nan,nan,nan,nan,1081.0,0.9592235088348389,8.391802787780762,2.044844339557757,1.796649996144697,1.0917757749557495,1.089810848236084,0.9592235088348389,255.0,255.0,0.01061291032850114,0.06593081400616319,0.014035994573379082
1776509827.9139113,14.016075359889498,-0.4914221043840407,2.834182185950306,2.3873309387627716e-06,-2.6641330813853823e-06,nan,nan,nan,nan,nan,nan,nan,nan,1081.0,0.9592235088348389,8.391802787780762,2.044844339557757,1.796649996144697,1.0917757749557495,1.089810848236084,0.9592235088348389,255.0,255.0,0.010612910289825297,0.06593081404969414,0.014035994211072328
1776509827.9664328,14.016075359393037,-0.4914221042674252,2.834182185906772,2.3873312017887647e-06,-2.664134309116154e-06,nan,nan,nan,nan,nan,nan,nan,nan,1081.0,0.9592235088348389,8.391802787780762,2.044844339557757,1.796649996144697,1.0917757749557495,1.089810848236084,0.9592235088348389,255.0,255.0,0.010612910251148733,0.06593081409322821,0.01403599384876395
1776509828.0132256,14.016075359393037,-0.4914221042674252,2.834182185906772,2.3873312017887647e-06,-2.664134309116154e-06,nan,nan,nan,nan,nan,nan,nan,nan,1081.0,0.9540603160858154,8.39946174621582,2.0450670625411393,1.7974657423114069,1.1044312715530396,1.0978116989135742,0.9540603160858154,255.0,255.0,0.010612910251148733,0.06593081409322821,0.01403599384876395
1776509828.0632036,14.016075358896574,-0.4914221041508087,2.834182185863208,2.3873317825341037e-06,-2.6641354670568584e-06,nan,nan,nan,nan,nan,nan,nan,nan,1081.0,0.9540603160858154,8.39946174621582,2.0450670625411393,1.7974657423114069,1.1044312715530396,1.0978116989135742,0.9540603160858154,255.0,255.0,0.010612910212472855,0.06593081413679203,0.01403599348645459
1776509828.1154296,14.016075358400112,-0.4914221040341929,2.8341821858196554,2.3873320490511296e-06,-2.6641376025362755e-06,nan,nan,nan,nan,nan,nan,nan,nan,1081.0,0.9540603160858154,8.39946174621582,2.0450670625411393,1.7974657423114069,1.1044312715530396,1.0978116989135742,0.9540603160858154,255.0,255.0,0.01061291017379678,0.06593081418034474,0.014035993124146407
1776509828.1654313,14.016075357903654,-0.4914221039175774,2.834182185776108,2.387332188742769e-06,-2.664139173224649e-06,nan,nan,nan,nan,nan,nan,nan,nan,1081.0,0.9524645805358887,8.397026062011719,2.0452824563036134,1.7970490412517404,1.1091516017913818,1.0972633361816406,0.9524645805358887,255.0,255.0,0.010612910135121414,0.06593081422389213,0.014035992761841084
1776509828.2132556,14.016075357903654,-0.4914221039175774,2.834182185776108,2.387332188742769e-06,-2.664139173224649e-06,nan,nan,nan,nan,nan,nan,nan,nan,1081.0,0.9524645805358887,8.397026062011719,2.0452824563036134,1.7970490412517404,1.1091516017913818,1.0972633361816406,0.9524645805358887,255.0,255.0,0.010612910135121414,0.06593081422389213,0.014035992761841084
1776509828.2689743,14.0160753574072,-0.491422103800963,2.8341821857325695,2.3873321668024544e-06,-2.664139470718186e-06,nan,nan,nan,nan,nan,nan,nan,nan,1081.0,0.9524645805358887,8.397026062011719,2.0452824563036134,1.7970490412517404,1.1091516017913818,1.0972633361816406,0.9524645805358887,255.0,255.0,0.010612910096445983,0.06593081426743064,0.01403599239953822
1776509828.3135998,14.016075356910738,-0.4914221036843474,2.834182185689022,2.3873326620989217e-06,-2.6641405658108237e-06,nan,nan,nan,nan,nan,nan,nan,nan,1081.0,0.9506441354751587,8.395955085754395,2.0444738150304604,1.7967960628782358,1.1048328876495361,1.0851496458053589,0.9506441354751587,255.0,255.0,0.010612910057769646,0.06593081431097803,0.014035992037229949
1776509828.3633277,14.016075356414278,-0.49142210356773214,2.8341821856454534,2.387332758077636e-06,-2.664140750035215e-06,nan,nan,nan,nan,nan,nan,nan,nan,1081.0,0.9506441354751587,8.395955085754395,2.0444738150304604,1.7967960628782358,1.1048328876495361,1.0851496458053589,0.9506441354751587,255.0,255.0,0.010612910019093726,0.06593081435454673,0.014035991674923025
1776509828.41334,14.016075355917826,-0.491422103451118,2.834182185601888,2.3873331766879374e-06,-2.664141643730498e-06,nan,nan,nan,nan,nan,nan,nan,nan,1081.0,0.9506441354751587,8.395955085754395,2.0444738150304604,1.7967960628782358,1.1048328876495361,1.0851496458053589,0.9506441354751587,255.0,255.0,0.010612909980418868,0.06593081439811233,0.014035991312621591
1776509828.4632835,14.016075355917826,-0.491422103451118,2.834182185601888,2.3873331766879374e-06,-2.664141643730498e-06,nan,nan,nan,nan,nan,nan,nan,nan,1081.0,0.9640794992446899,8.394588470458984,2.0446214289382914,1.7969493288772365,1.1223983764648438,1.0861724615097046,0.9640794992446899,255.0,255.0,0.010612909980418868,0.06593081439811233,0.014035991312621591
1776509828.5132601,14.016075355421368,-0.49142210333450326,2.8341821855583267,2.387333185654798e-06,-2.664144515452412e-06,nan,nan,nan,nan,nan,nan,nan,nan,1081.0,0.9640794992446899,8.394588470458984,2.0446214289382914,1.7969493288772365,1.1223983764648438,1.0861724615097046,0.9640794992446899,255.0,255.0,0.010612909941742887,0.06593081444167348,0.01403599095031591
1776509828.5713055,14.016075354924912,-0.49142210321788926,2.8341821855147598,2.3873334663057574e-06,-2.664145237934443e-06,nan,nan,nan,nan,nan,nan,nan,nan,1081.0,0.9640794992446899,8.394588470458984,2.0446214289382914,1.7969493288772365,1.1223983764648438,1.0861724615097046,0.9640794992446899,255.0,255.0,0.010612909903066807,0.06593081448524041,0.014035990588011376
1776509828.6132622,14.016075354428454,-0.4914221031012744,2.8341821854711906,2.387334026444609e-06,-2.6641454671533497e-06,nan,nan,nan,nan,nan,nan,nan,nan,1081.0,0.9615052938461304,8.403060913085938,2.044531473509147,1.7972666519675646,1.1175923347473145,1.087207317352295,0.9615052938461304,255.0,255.0,0.010612909864391059,0.06593081452880956,0.0140359902257058
1776509828.6635895,14.016075353931999,-0.4914221029846603,2.834182185427614,2.3873341597613534e-06,-2.6641445336744895e-06,nan,nan,nan,nan,nan,nan,nan,nan,1081.0,0.9615052938461304,8.403060913085938,2.044531473509147,1.7972666519675646,1.1175923347473145,1.087207317352295,0.9615052938461304,255.0,255.0,0.01061290982571566,0.06593081457238625,0.014035989863402827
1776509828.7203262,14.016075353435543,-0.4914221028680464,2.8341821853840465,2.3873342640805983e-06,-2.6641451556273533e-06,nan,nan,nan,nan,nan,nan,nan,nan,1081.0,0.9615052938461304,8.403060913085938,2.044531473509147,1.7972666519675646,1.1175923347473145,1.087207317352295,0.9615052938461304,255.0,255.0,0.010612909787039531,0.06593081461595363,0.01403598950109829
1776509828.7635162,14.016075353435543,-0.4914221028680464,2.8341821853840465,2.3873342640805983e-06,-2.6641451556273533e-06,nan,nan,nan,nan,nan,nan,nan,nan,1081.0,0.9533423185348511,8.405385971069336,2.0447217422872646,1.7972448185999943,1.1147480010986328,1.0911388397216797,0.9533423185348511,255.0,255.0,0.010612909787039531,0.06593081461595363,0.01403598950109829
1776509828.8174515,14.01607535293909,-0.4914221027514332,2.8341821853404774,2.3873341151942134e-06,-2.6641487213982716e-06,nan,nan,nan,nan,nan,nan,nan,nan,1081.0,0.9533423185348511,8.405385971069336,2.0447217422872646,1.7972448185999943,1.1147480010986328,1.0911388397216797,0.9533423185348511,255.0,255.0,0.010612909748363755,0.06593081465952277,0.01403598913879639
1776509828.8746374,14.016075352442636,-0.49142210263482017,2.8341821852969034,2.387334494346856e-06,-2.6641506803079296e-06,nan,nan,nan,nan,nan,nan,nan,nan,1081.0,0.9533423185348511,8.405385971069336,2.0447217422872646,1.7972448185999943,1.1147480010986328,1.0911388397216797,0.9533423185348511,255.0,255.0,0.010612909709687379,0.06593081470309681,0.014035988776492921
1776509828.915549,14.01607535194618,-0.49142210251820745,2.83418218525332,2.3873343704322553e-06,-2.66415078905273e-06,nan,nan,nan,nan,nan,nan,nan,nan,1081.0,0.9533423185348511,8.405385971069336,2.0447217422872646,1.7972448185999943,1.1147480010986328,1.0911388397216797,0.9533423185348511,255.0,255.0,0.010612909671010235,0.06593081474668017,0.014035988414187774
1776509828.9678566,14.016075351449729,-0.49142210240159506,2.834182185209741,2.3873343271967955e-06,-2.664150945686248e-06,nan,nan,nan,nan,nan,nan,nan,nan,1081.0,0.9561598896980286,8.395617485046387,2.0451835965139793,1.7968879414006758,1.1205002069473267,1.0974100828170776,0.9561598896980286,255.0,255.0,0.010612909632334343,0.06593081479025908,0.014035988051887006
1776509829.0134785,14.016075350953278,-0.49142210228498356,2.834182185166155,2.3873345261079845e-06,-2.664151605204058e-06,nan,nan,nan,nan,nan,nan,nan,nan,1081.0,0.9561598896980286,8.395617485046387,2.0451835965139793,1.7968879414006758,1.1205002069473267,1.0974100828170776,0.9561598896980286,255.0,255.0,0.010612909593657672,0.06593081483384511,0.014035987689585782
1776509829.0634763,14.016075350456827,-0.49142210216837307,2.8341821851225686,2.387334548122618e-06,-2.6641541748059593e-06,nan,nan,nan,nan,nan,nan,nan,nan,1081.0,0.9626585245132446,8.393128395080566,2.0449492901591215,1.7967440916302098,1.0970367193222046,1.092949628829956,0.9626585245132446,255.0,255.0,0.010612909554980052,0.06593081487743158,0.014035987327284049
1776509829.1163933,14.016075349960373,-0.4914221020517625,2.834182185078977,2.387334570345509e-06,-2.6641563008195693e-06,nan,nan,nan,nan,nan,nan,nan,nan,1081.0,0.9626585245132446,8.393128395080566,2.0449492901591215,1.7967440916302098,1.0970367193222046,1.092949628829956,0.9626585245132446,255.0,255.0,0.010612909516301458,0.06593081492102337,0.01403598696497932
1776509829.164768,14.016075349463922,-0.4914221019351534,2.834182185035378,2.387334768591749e-06,-2.664156285218234e-06,nan,nan,nan,nan,nan,nan,nan,nan,1081.0,0.9613238573074341,8.400334358215332,2.0449454872063417,1.7970745144558722,1.1105601787567139,1.0929704904556274,0.9613238573074341,255.0,255.0,0.01061290947762263,0.06593081496462228,0.014035986602676877
1776509829.213367,14.016075348967473,-0.49142210181854656,2.834182184991771,2.387335250422422e-06,-2.664156869325566e-06,nan,nan,nan,nan,nan,nan,nan,nan,1081.0,0.9613238573074341,8.400334358215332,2.0449454872063417,1.7970745144558722,1.1105601787567139,1.0929704904556274,0.9613238573074341,255.0,255.0,0.01061290943894224,0.06593081500822917,0.014035986240374769
1776509829.2642362,14.016075348471023,-0.4914221017019384,2.8341821849481486,2.387335777924473e-06,-2.664158444135019e-06,nan,nan,nan,nan,nan,nan,nan,nan,1081.0,0.9613238573074341,8.400334358215332,2.0449454872063417,1.7970745144558722,1.1105601787567139,1.0929704904556274,0.9613238573074341,255.0,255.0,0.010612909400263267,0.06593081505185161,0.014035985878073363
1776509829.3133109,14.016075347974573,-0.49142210158533023,2.8341821849045266,2.38733586766531e-06,-2.6641606693674236e-06,nan,nan,nan,nan,nan,nan,nan,nan,1081.0,0.9559991359710693,8.402898788452148,2.0450604422350485,1.796627349764588,1.0997991561889648,1.089671015739441,0.9559991359710693,255.0,255.0,0.010612909361583751,0.0659308150954736,0.014035985515770457
1776509829.363289,14.016075347478122,-0.49142210146872306,2.834182184860916,2.38733611249594e-06,-2.6641622895840976e-06,nan,nan,nan,nan,nan,nan,nan,nan,1081.0,0.9559991359710693,8.402898788452148,2.0450604422350485,1.796627349764588,1.0997991561889648,1.089671015739441,0.9559991359710693,255.0,255.0,0.010612909322903177,0.06593081513908405,0.014035985153467035
1776509829.4141138,14.016075347478122,-0.49142210146872306,2.834182184860916,2.38733611249594e-06,-2.6641622895840976e-06,nan,nan,nan,nan,nan,nan,nan,nan,1081.0,0.9559991359710693,8.402898788452148,2.0450604422350485,1.796627349764588,1.0997991561889648,1.089671015739441,0.9559991359710693,255.0,255.0,0.010612909322903177,0.06593081513908405,0.014035985153467035
1776509829.464589,14.016075346981674,-0.4914221013521161,2.8341821848173034,2.387336168501861e-06,-2.6641626450446443e-06,nan,nan,nan,nan,nan,nan,nan,nan,1081.0,0.9569562077522278,8.397857666015625,2.044353678808733,1.7966364314999819,1.1165080070495605,1.0944031476974487,0.9569562077522278,255.0,255.0,0.010612909284223484,0.06593081518269672,0.014035984791166533
1776509829.5131984,14.016075345988778,-0.49142210111890267,2.8341821847300555,2.3873365995500673e-06,-2.664164275234368e-06,nan,nan,nan,nan,nan,nan,nan,nan,1081.0,0.9569562077522278,8.397857666015625,2.044353678808733,1.7966364314999819,1.1165080070495605,1.0944031476974487,0.9569562077522278,255.0,255.0,0.01061290920686335,0.06593081526994471,0.014035984066563817
1776509829.5633113,14.016075345492334,-0.4914221010022956,2.834182184686439,2.387336972127799e-06,-2.664166360496291e-06,nan,nan,nan,nan,nan,nan,nan,nan,1081.0,0.9569562077522278,8.397857666015625,2.044353678808733,1.7966364314999819,1.1165080070495605,1.0944031476974487,0.9569562077522278,255.0,255.0,0.010612909168184876,0.06593081531356138,0.01403598370426643
1776509829.6134858,14.016075345492334,-0.4914221010022956,2.834182184686439,2.387336972127799e-06,-2.664166360496291e-06,nan,nan,nan,nan,nan,nan,nan,nan,1081.0,0.9577409625053406,8.404212951660156,2.0448278720791313,1.7970192785086658,1.1130629777908325,1.0936139822006226,0.9577409625053406,255.0,255.0,0.010612909168184876,0.06593081531356138,0.01403598370426643
1776509829.6720693,14.016075344499443,-0.49142210076908516,2.834182184599199,2.3873374182755186e-06,-2.664168032330979e-06,nan,nan,nan,nan,nan,nan,nan,nan,1081.0,0.9577409625053406,8.404212951660156,2.0448278720791313,1.7970192785086658,1.1130629777908325,1.0936139822006226,0.9577409625053406,255.0,255.0,0.010612909090823422,0.06593081540080137,0.014035982979666744
1776509829.7154403,14.016075344499443,-0.49142210076908516,2.834182184599199,2.3873374182755186e-06,-2.664168032330979e-06,nan,nan,nan,nan,nan,nan,nan,nan,1081.0,0.9640926718711853,8.385807037353516,2.0444594515241152,1.797119846783499,1.1108981370925903,1.0923632383346558,0.9640926718711853,255.0,255.0,0.010612909090823422,0.06593081540080137,0.014035982979666744
1776509829.763287,14.016075344002994,-0.49142210065248043,2.834182184555572,2.3873376442583008e-06,-2.6641688309175866e-06,nan,nan,nan,nan,nan,nan,nan,nan,1081.0,0.9640926718711853,8.385807037353516,2.0444594515241152,1.797119846783499,1.1108981370925903,1.0923632383346558,0.9640926718711853,255.0,255.0,0.010612909052141208,0.06593081544442825,0.014035982617363623
1776509829.8163204,14.016075343506548,-0.49142210053587615,2.8341821845119446,2.3873378980290368e-06,-2.6641692022639818e-06,nan,nan,nan,nan,nan,nan,nan,nan,1081.0,0.9640926718711853,8.385807037353516,2.0444594515241152,1.797119846783499,1.1108981370925903,1.0923632383346558,0.9640926718711853,255.0,255.0,0.010612909013459649,0.06593081548805557,0.014035982255063308
1776509829.8633177,14.016075343506548,-0.49142210053587615,2.8341821845119446,2.3873380589159765e-06,-2.6641713757044378e-06,nan,nan,nan,nan,nan,nan,nan,nan,1081.0,0.9532670378684998,8.406034469604492,2.0451034124420264,1.7967854557640022,1.119365930557251,1.083691954612732,0.9532670378684998,255.0,255.0,0.010612909013459649,0.06593081548805557,0.014035982255063308
1776509829.9183204,14.016075343010108,-0.49142210041927176,2.8341821844683146,2.3873380589159765e-06,-2.6641713757044378e-06,nan,nan,nan,nan,nan,nan,nan,nan,1081.0,0.9532670378684998,8.406034469604492,2.0451034124420264,1.7967854557640022,1.119365930557251,1.083691954612732,0.9532670378684998,255.0,255.0,0.010612908974779832,0.06593081553168556,0.014035981892767606
1776509829.9632633,14.016075342017217,-0.49142210018606575,2.8341821843810484,2.3873384417451666e-06,-2.664173291061637e-06,nan,nan,nan,nan,nan,nan,nan,nan,1081.0,0.9532670378684998,8.406034469604492,2.0451034124420264,1.7967854557640022,1.119365930557251,1.083691954612732,0.9532670378684998,255.0,255.0,0.010612908897414387,0.06593081561895175,0.01403598116816569
1776509830.0134869,14.016075342017217,-0.49142210018606575,2.8341821843810484,2.3873384417451666e-06,-2.664173291061637e-06,nan,nan,nan,nan,nan,nan,nan,nan,1081.0,0.956547737121582,8.39504337310791,2.045050179484153,1.7972784984610721,1.1228142976760864,1.0754790306091309,0.956547737121582,255.0,255.0,0.010612908897414387,0.06593081561895175,0.01403598116816569
1776509830.0706005,14.01607534152077,-0.4914221000694626,2.8341821843374055,2.387338811054153e-06,-2.6641726308210518e-06,nan,nan,nan,nan,nan,nan,nan,nan,1081.0,0.956547737121582,8.39504337310791,2.045050179484153,1.7972784984610721,1.1228142976760864,1.0754790306091309,0.956547737121582,255.0,255.0,0.010612908858731373,0.06593081566259462,0.014035980805863317
1776509830.116382,14.016075341024331,-0.49142209995285996,2.8341821842937582,2.387339022482448e-06,-2.6641737463975817e-06,nan,nan,nan,nan,nan,nan,nan,nan,1081.0,0.956547737121582,8.39504337310791,2.045050179484153,1.7972784984610721,1.1228142976760864,1.0754790306091309,0.956547737121582,255.0,255.0,0.010612908820050561,0.06593081570624193,0.014035980443568238
1776509830.1636016,14.016075341024331,-0.49142209995285996,2.8341821842937582,2.3873394601266767e-06,-2.6641765893604442e-06,nan,nan,nan,nan,nan,nan,nan,nan,1081.0,0.956547737121582,8.39504337310791,2.045050179484153,1.7972784984610721,1.1228142976760864,1.0754790306091309,0.956547737121582,255.0,255.0,0.010612908820050561,0.06593081570624193,0.014035980443568238
1776509830.2163424,14.016075340527888,-0.4914220998362579,2.83418218425012,2.3873394601266767e-06,-2.6641765893604442e-06,nan,nan,nan,nan,nan,nan,nan,nan,1081.0,0.9580246806144714,8.39198112487793,2.0447763688690017,1.7965219387706914,1.124507188796997,1.0921579599380493,0.9580246806144714,255.0,255.0,0.010612908781367525,0.06593081574988036,0.014035980081268334
1776509830.2705162,14.016075340031449,-0.4914220997196565,2.8341821842064787,2.3873395419892207e-06,-2.664178296685203e-06,nan,nan,nan,nan,nan,nan,nan,nan,1081.0,0.9580246806144714,8.39198112487793,2.0447763688690017,1.7965219387706914,1.124507188796997,1.0921579599380493,0.9580246806144714,255.0,255.0,0.01061290874268549,0.06593081579352145,0.014035979718972634
1776509830.3193102,14.01607533953501,-0.4914220996030549,2.834182184162845,2.3873397687947937e-06,-2.664178896613838e-06,nan,nan,nan,nan,nan,nan,nan,nan,1081.0,0.9590238928794861,8.410268783569336,2.0446343648003604,1.7972487268511188,1.1206308603286743,1.0909571647644043,0.9590238928794861,255.0,255.0,0.0106129087040036,0.06593081583715499,0.014035979356677056
1776509830.3634617,14.016075339038567,-0.4914220994864538,2.834182184119183,2.3873400194905303e-06,-2.6641778098672357e-06,nan,nan,nan,nan,nan,nan,nan,nan,1081.0,0.9590238928794861,8.410268783569336,2.0446343648003604,1.7972487268511188,1.1206308603286743,1.0909571647644043,0.9590238928794861,255.0,255.0,0.010612908665319826,0.06593081588081695,0.014035978994376655
1776509830.4135995,14.016075338542128,-0.49142209936985254,2.8341821840755377,2.387340153393399e-06,-2.664177698416144e-06,nan,nan,nan,nan,nan,nan,nan,nan,1081.0,0.9590238928794861,8.410268783569336,2.0446343648003604,1.7972487268511188,1.1206308603286743,1.0909571647644043,0.9590238928794861,255.0,255.0,0.010612908626637729,0.06593081592446248,0.014035978632080925
1776509830.4653647,14.016075338542128,-0.49142209936985254,2.8341821840755377,2.387340153393399e-06,-2.664177698416144e-06,nan,nan,nan,nan,nan,nan,nan,nan,1081.0,0.9590238928794861,8.410268783569336,2.0446343648003604,1.7972487268511188,1.1206308603286743,1.0909571647644043,0.9590238928794861,255.0,255.0,0.010612908626637729,0.06593081592446248,0.014035978632080925
1776509830.526428,14.01607533804569,-0.49142209925325114,2.834182184031893,2.38734055296532e-06,-2.6641818943940016e-06,nan,nan,nan,nan,nan,nan,nan,nan,1081.0,0.9444589018821716,8.404256820678711,2.0449589575252305,1.796828986128118,1.1199164390563965,1.0861834287643433,0.9444589018821716,255.0,255.0,0.010612908587955725,0.06593081596810713,0.014035978269785261
1776509830.5633137,14.016075337549253,-0.49142209913664986,2.8341821839882404,2.3873408070207755e-06,-2.6641844513491447e-06,nan,nan,nan,nan,nan,nan,nan,nan,1081.0,0.9444589018821716,8.404256820678711,2.0449589575252305,1.796828986128118,1.1199164390563965,1.0861834287643433,0.9444589018821716,255.0,255.0,0.01061290854927423,0.06593081601175976,0.014035977907491063
1776509830.6143203,14.016075337052815,-0.491422099020049,2.834182183944576,2.387341038563305e-06,-2.6641837330735585e-06,nan,nan,nan,nan,nan,nan,nan,nan,1081.0,0.9543086886405945,8.406306266784668,2.0448114607314287,1.7970818534609463,1.1115168333053589,1.0881679058074951,0.9543086886405945,255.0,255.0,0.010612908510591879,0.06593081605542395,0.014035977545195128
1776509830.664405,14.016075336556376,-0.4914220989034484,2.8341821839009174,2.3873412107952815e-06,-2.6641837549670583e-06,nan,nan,nan,nan,nan,nan,nan,nan,1081.0,0.9543086886405945,8.406306266784668,2.0448114607314287,1.7970818534609463,1.1115168333053589,1.0881679058074951,0.9543086886405945,255.0,255.0,0.010612908471909266,0.0659308160990828,0.014035977182899086
1776509830.7134712,14.016075336059943,-0.4914220987868481,2.83418218385727,2.387341497173542e-06,-2.664183859348233e-06,nan,nan,nan,nan,nan,nan,nan,nan,1081.0,0.9543086886405945,8.406306266784668,2.0448114607314287,1.7970818534609463,1.1115168333053589,1.0881679058074951,0.9543086886405945,255.0,255.0,0.010612908433227843,0.06593081614273011,0.014035976820607421
1776509830.763434,14.016075335563507,-0.49142209867024805,2.834182183813629,2.3873417044566648e-06,-2.664184620583481e-06,nan,nan,nan,nan,nan,nan,nan,nan,1081.0,0.9561750292778015,8.407928466796875,2.0446838980245987,1.7969246069526892,1.107954740524292,1.0975359678268433,0.9561750292778015,255.0,255.0,0.010612908394545076,0.0659308161863712,0.014035976458312623
1776509830.8142977,14.016075335067073,-0.4914220985536471,2.8341821837699817,2.3873420298175053e-06,-2.6641896401153464e-06,nan,nan,nan,nan,nan,nan,nan,nan,1081.0,0.9561750292778015,8.407928466796875,2.0446838980245987,1.7969246069526892,1.107954740524292,1.0975359678268433,0.9561750292778015,255.0,255.0,0.010612908355864288,0.06593081623001851,0.014035976096021323
1776509830.8634257,14.016075335067073,-0.4914220985536471,2.8341821837699817,2.3873420298175053e-06,-2.6641896401153464e-06,nan,nan,nan,nan,nan,nan,nan,nan,1081.0,0.9561750292778015,8.407928466796875,2.0446838980245987,1.7969246069526892,1.107954740524292,1.0975359678268433,0.9561750292778015,255.0,255.0,0.010612908355864288,0.06593081623001851,0.014035976096021323
1776509830.9132838,14.016075334570642,-0.4914220984370475,2.8341821837263144,2.3873423153364274e-06,-2.664188772121419e-06,nan,nan,nan,nan,nan,nan,nan,nan,1081.0,0.9561750292778015,8.407928466796875,2.0446838980245987,1.7969246069526892,1.107954740524292,1.0975359678268433,0.9561750292778015,255.0,255.0,0.01061290831718295,0.0659308162736858,0.014035975733730853
1776509830.963302,14.016075334570642,-0.4914220984370475,2.8341821837263144,2.3873423153364274e-06,-2.664188772121419e-06,nan,nan,nan,nan,nan,nan,nan,nan,1081.0,0.9579653143882751,8.394746780395508,2.044721586852025,1.7972564892330598,1.1083455085754395,1.0893064737319946,0.9579653143882751,255.0,255.0,0.01061290831718295,0.0659308162736858,0.014035975733730853
1776509831.0163383,14.016075334074207,-0.49142209832044753,2.8341821836826533,2.3873423980002662e-06,-2.6641883360575227e-06,nan,nan,nan,nan,nan,nan,nan,nan,1081.0,0.9579653143882751,8.394746780395508,2.044721586852025,1.7972564892330598,1.1083455085754395,1.0893064737319946,0.9579653143882751,255.0,255.0,0.0106129082785008,0.06593081631734687,0.014035975371437538
1776509831.0633364,14.01607533357777,-0.4914220982038476,2.834182183639013,2.387342789320972e-06,-2.6641877046382043e-06,nan,nan,nan,nan,nan,nan,nan,nan,1081.0,0.9579653143882751,8.394746780395508,2.044721586852025,1.7972564892330598,1.1083455085754395,1.0893064737319946,0.9579653143882751,255.0,255.0,0.010612908239817918,0.06593081636098708,0.014035975009142715
1776509831.1157975,14.016075333081343,-0.49142209808724796,2.834182183595356,2.3873432236671496e-06,-2.664192504297882e-06,nan,nan,nan,nan,nan,nan,nan,nan,1081.0,0.9545302391052246,8.399169921875,2.0447429655659097,1.7970353661320908,1.1238560676574707,1.0923694372177124,0.9545302391052246,255.0,255.0,0.010612908201137562,0.06593081640464415,0.014035974646855302
1776509831.1659853,14.01607533258491,-0.49142209797064834,2.8341821835516847,2.387343396964043e-06,-2.6641944227796825e-06,nan,nan,nan,nan,nan,nan,nan,nan,1081.0,0.9545302391052246,8.399169921875,2.0447429655659097,1.7970353661320908,1.1238560676574707,1.0923694372177124,0.9545302391052246,255.0,255.0,0.010612908162455725,0.06593081644831544,0.014035974284563355
1776509831.219657,14.016075332088477,-0.49142209785404917,2.8341821835080245,2.3873435404471753e-06,-2.664194688262148e-06,nan,nan,nan,nan,nan,nan,nan,nan,1081.0,0.9545302391052246,8.399169921875,2.0447429655659097,1.7970353661320908,1.1238560676574707,1.0923694372177124,0.9545302391052246,255.0,255.0,0.01061290812377336,0.06593081649197563,0.014035973922271183
1776509831.2632577,14.01607533159205,-0.4914220977374509,2.8341821834643626,2.3873435900504577e-06,-2.664193096348247e-06,nan,nan,nan,nan,nan,nan,nan,nan,1081.0,0.9582024812698364,8.397002220153809,2.0449483720490935,1.7969434145533856,1.1111347675323486,1.0895054340362549,0.9582024812698364,255.0,255.0,0.01061290808509232,0.06593081653563759,0.014035973559984618
1776509831.318328,14.016075331095625,-0.4914220976208525,2.8341821834207095,2.3873439446900076e-06,-2.6641942143489846e-06,nan,nan,nan,nan,nan,nan,nan,nan,1081.0,0.9582024812698364,8.397002220153809,2.0449483720490935,1.7969434145533856,1.1111347675323486,1.0895054340362549,0.9582024812698364,255.0,255.0,0.0106129080464113,0.06593081657929067,0.014035973197698115
1776509831.3672826,14.016075331095625,-0.4914220976208525,2.8341821834207095,2.3873439446900076e-06,-2.6641942143489846e-06,nan,nan,nan,nan,nan,nan,nan,nan,1081.0,0.9582024812698364,8.397002220153809,2.0449483720490935,1.7969434145533856,1.1111347675323486,1.0895054340362549,0.9582024812698364,255.0,255.0,0.0106129080464113,0.06593081657929067,0.014035973197698115
1776509831.4133272,14.016075330599195,-0.49142209750425286,2.834182183377037,2.3873443137240502e-06,-2.664197649302246e-06,nan,nan,nan,nan,nan,nan,nan,nan,1081.0,0.9522842764854431,8.396702766418457,2.044654628945985,1.797190416294235,1.1108859777450562,1.0980266332626343,0.9522842764854431,255.0,255.0,0.010612908007730548,0.0659308166229633,0.014035972835409232
1776509831.4633496,14.016075330102764,-0.49142209738765447,2.8341821833333762,2.387344725504418e-06,-2.6641977321215688e-06,nan,nan,nan,nan,nan,nan,nan,nan,1081.0,0.9522842764854431,8.396702766418457,2.044654628945985,1.797190416294235,1.1108859777450562,1.0980266332626343,0.9522842764854431,255.0,255.0,0.010612907969047986,0.06593081666662393,0.014035972473118207
1776509831.515344,14.016075329606338,-0.49142209727105607,2.83418218328972,2.387344680316238e-06,-2.664198318765479e-06,nan,nan,nan,nan,nan,nan,nan,nan,1081.0,0.9522842764854431,8.396702766418457,2.044654628945985,1.797190416294235,1.1108859777450562,1.0980266332626343,0.9522842764854431,255.0,255.0,0.010612907930366995,0.06593081671028012,0.014035972110831732
1776509831.5644467,14.01607532910991,-0.4914220971544582,2.83418218324605,2.3873451383537456e-06,-2.664200212344867e-06,nan,nan,nan,nan,nan,nan,nan,nan,1081.0,0.9604911804199219,8.399861335754395,2.0451422296223214,1.7964167277473448,1.1169123649597168,1.088612675666809,0.9604911804199219,255.0,255.0,0.010612907891685064,0.06593081675395007,0.014035971748543463
1776509831.6132195,14.01607532861348,-0.4914220970378608,2.834182183202352,2.3873453141727916e-06,-2.6642025552166324e-06,nan,nan,nan,nan,nan,nan,nan,nan,1081.0,0.9604911804199219,8.399861335754395,2.0451422296223214,1.7964167277473448,1.1169123649597168,1.088612675666809,0.9604911804199219,255.0,255.0,0.01061290785300243,0.065930816797648,0.014035971386253458
1776509831.6634748,14.016075328117054,-0.49142209692126465,2.8341821831586924,2.387345545907749e-06,-2.6642006451361685e-06,nan,nan,nan,nan,nan,nan,nan,nan,1081.0,0.9517410397529602,8.41049575805664,2.045398343723202,1.7969546700457382,1.088115930557251,1.0923075675964355,0.9517410397529602,255.0,255.0,0.010612907814319355,0.06593081684130775,0.014035971023965851
1776509831.7162552,14.016075327620628,-0.49142209680466714,2.834182183115008,2.3873458406399193e-06,-2.6642046569177536e-06,nan,nan,nan,nan,nan,nan,nan,nan,1081.0,0.9517410397529602,8.41049575805664,2.045398343723202,1.7969546700457382,1.088115930557251,1.0923075675964355,0.9517410397529602,255.0,255.0,0.010612907775637778,0.06593081688499236,0.014035970661678948
1776509831.7663045,14.016075327124197,-0.49142209668807074,2.83418218307134,2.3873459171480055e-06,-2.6642051838519158e-06,nan,nan,nan,nan,nan,nan,nan,nan,1081.0,0.9517410397529602,8.41049575805664,2.045398343723202,1.7969546700457382,1.088115930557251,1.0923075675964355,0.9517410397529602,255.0,255.0,0.010612907736953375,0.0659308169286601,0.014035970299386934
1776509831.8132546,14.016075326627773,-0.4914220965714759,2.834182183027654,2.387346183387436e-06,-2.664205005466468e-06,nan,nan,nan,nan,nan,nan,nan,nan,1081.0,0.9530671238899231,8.408032417297363,2.0453592224544557,1.7967605343775408,1.1153026819229126,1.0967020988464355,0.9530671238899231,255.0,255.0,0.01061290769826981,0.06593081697234604,0.014035969937100176
1776509831.863406,14.016075326131345,-0.49142209645488194,2.8341821829839544,2.387346446077945e-06,-2.664207163169946e-06,nan,nan,nan,nan,nan,nan,nan,nan,1081.0,0.9530671238899231,8.408032417297363,2.0453592224544557,1.7967605343775408,1.1153026819229126,1.0967020988464355,0.9530671238899231,255.0,255.0,0.010612907659584447,0.06593081701604575,0.01403596957480993
1776509831.9167962,14.01607532563492,-0.4914220963382893,2.8341821829402396,2.3873462043194723e-06,-2.6642081376510545e-06,nan,nan,nan,nan,nan,nan,nan,nan,1081.0,0.9530671238899231,8.408032417297363,2.0453592224544557,1.7967605343775408,1.1153026819229126,1.0967020988464355,0.9530671238899231,255.0,255.0,0.010612907620899031,0.06593081705976056,0.014035969212522027
1776509831.963361,14.01607532563492,-0.4914220963382893,2.8341821829402396,2.3873462043194723e-06,-2.6642081376510545e-06,nan,nan,nan,nan,nan,nan,nan,nan,1081.0,0.9596909284591675,8.411439895629883,2.0446496452588265,1.7971422070839993,1.1112886667251587,1.0942481756210327,0.9596909284591675,255.0,255.0,0.010612907620899031,0.06593081705976056,0.014035969212522027
1776509832.0133283,14.016075325138493,-0.4914220962216971,2.8341821828965297,2.3873456757405713e-06,-2.6642113810864896e-06,nan,nan,nan,nan,nan,nan,nan,nan,1081.0,0.9596909284591675,8.411439895629883,2.0446496452588265,1.7971422070839993,1.1112886667251587,1.0942481756210327,0.9596909284591675,255.0,255.0,0.010612907582212124,0.06593081710347048,0.0140359688502309
1776509832.1736484,14.016075324642067,-0.4914220961051042,2.8341821828528198,2.3873462583239824e-06,-2.6642105380894756e-06,nan,nan,nan,nan,nan,nan,nan,nan,1081.0,0.9596909284591675,8.411439895629883,2.0446496452588265,1.7971422070839993,1.1112886667251587,1.0942481756210327,0.9596909284591675,255.0,255.0,0.010612907543526387,0.06593081714718041,0.014035968487941645
1776509832.2141116,14.016075324642067,-0.4914220961051042,2.8341821828528198,2.3873462583239824e-06,-2.6642105380894756e-06,nan,nan,nan,nan,nan,nan,nan,nan,1081.0,0.9596909284591675,8.411439895629883,2.0446496452588265,1.7971422070839993,1.1112886667251587,1.0942481756210327,0.9596909284591675,255.0,255.0,0.010612907543526387,0.06593081714718041,0.014035968487941645
1776509832.2632596,14.016075324642067,-0.4914220961051042,2.8341821828528198,2.3873462583239824e-06,-2.6642105380894756e-06,nan,nan,nan,nan,nan,nan,nan,nan,1081.0,0.9596909284591675,8.411439895629883,2.0446496452588265,1.7971422070839993,1.1112886667251587,1.0942481756210327,0.9596909284591675,255.0,255.0,0.010612907543526387,0.06593081714718041,0.014035968487941645
1776509832.3133783,14.016075324145646,-0.4914220959885118,2.8341821828091116,2.3873468603788534e-06,-2.664211634964361e-06,nan,nan,nan,nan,nan,nan,nan,nan,1081.0,0.9640550017356873,8.414344787597656,2.0452630066629034,1.7970503285179842,1.0988669395446777,1.090653896331787,0.9640550017356873,255.0,255.0,0.01061290750484177,0.06593081719088856,0.014035968125656682
1776509832.3642879,14.016075323649217,-0.4914220958719198,2.834182182765395,2.3873466250340355e-06,-2.6642118836125283e-06,nan,nan,nan,nan,nan,nan,nan,nan,1081.0,0.9640550017356873,8.414344787597656,2.0452630066629034,1.7970503285179842,1.0988669395446777,1.090653896331787,0.9640550017356873,255.0,255.0,0.010612907466154122,0.06593081723460514,0.014035967763363924
1776509832.4143527,14.0160753231528,-0.4914220957553282,2.8341821827216878,2.387346465575296e-06,-2.6642121436674145e-06,nan,nan,nan,nan,nan,nan,nan,nan,1081.0,0.9631732702255249,8.406322479248047,2.0450822321713575,1.7971763558064773,1.1107885837554932,1.0883466005325317,0.9631732702255249,255.0,255.0,0.010612907427469833,0.0659308172783124,0.014035967401081602
1776509832.463223,14.0160753231528,-0.4914220957553282,2.8341821827216878,2.387346465575296e-06,-2.6642121436674145e-06,nan,nan,nan,nan,nan,nan,nan,nan,1081.0,0.9631732702255249,8.406322479248047,2.0450822321713575,1.7971763558064773,1.1107885837554932,1.0883466005325317,0.9631732702255249,255.0,255.0,0.010612907427469833,0.0659308172783124,0.014035967401081602
1776509832.514928,14.016075322656382,-0.49142209563873646,2.834182182677981,2.387346825218498e-06,-2.664216811043907e-06,nan,nan,nan,nan,nan,nan,nan,nan,1081.0,0.9631732702255249,8.406322479248047,2.0450822321713575,1.7971763558064773,1.1107885837554932,1.0883466005325317,0.9631732702255249,255.0,255.0,0.010612907388785646,0.06593081732201922,0.014035967038799349
1776509832.563243,14.016075322656382,-0.49142209563873646,2.834182182677981,2.387346825218498e-06,-2.664216811043907e-06,nan,nan,nan,nan,nan,nan,nan,nan,1081.0,0.9631732702255249,8.406322479248047,2.0450822321713575,1.7971763558064773,1.1107885837554932,1.0883466005325317,0.9631732702255249,255.0,255.0,0.010612907388785646,0.06593081732201922,0.014035967038799349
1776509832.6163301,14.016075322159956,-0.4914220955221446,2.8341821826342546,2.3873471096503312e-06,-2.664215553955346e-06,nan,nan,nan,nan,nan,nan,nan,nan,1081.0,0.9631732702255249,8.406322479248047,2.0450822321713575,1.7971763558064773,1.1107885837554932,1.0883466005325317,0.9631732702255249,255.0,255.0,0.010612907350099055,0.06593081736574558,0.01403596667650959
1776509832.663363,14.016075322159956,-0.4914220955221446,2.8341821826342546,2.3873471096503312e-06,-2.664215553955346e-06,nan,nan,nan,nan,nan,nan,nan,nan,1081.0,0.9597513675689697,8.40459156036377,2.0449147452699377,1.7970909898052114,1.118598222732544,1.0900505781173706,0.9597513675689697,255.0,255.0,0.010612907350099055,0.06593081736574558,0.01403596667650959
1776509832.7134447,14.016075321663534,-0.491422095405553,2.8341821825905464,2.387347693762947e-06,-2.6642168581484427e-06,nan,nan,nan,nan,nan,nan,nan,nan,1081.0,0.9597513675689697,8.40459156036377,2.0449147452699377,1.7970909898052114,1.118598222732544,1.0900505781173706,0.9597513675689697,255.0,255.0,0.01061290731141316,0.06593081740945372,0.014035966314222752
1776509832.7634015,14.016075321167111,-0.491422095288962,2.8341821825468148,2.3873474602342247e-06,-2.6642157091586226e-06,nan,nan,nan,nan,nan,nan,nan,nan,1081.0,0.9597513675689697,8.40459156036377,2.0449147452699377,1.7970909898052114,1.118598222732544,1.0900505781173706,0.9597513675689697,255.0,255.0,0.010612907272726848,0.06593081745318541,0.014035965951935575
1776509832.813324,14.0160753206707,-0.49142209517237084,2.8341821825030955,2.3873478024708e-06,-2.6642183001562023e-06,nan,nan,nan,nan,nan,nan,nan,nan,1081.0,0.9519021511077881,8.385939598083496,2.0448401492023556,1.7970845244034501,1.124903917312622,1.0874053239822388,0.9519021511077881,255.0,255.0,0.010612907234043858,0.06593081749690466,0.01403596558965761
1776509832.8637185,14.016075320174279,-0.4914220950557799,2.8341821824593736,2.3873481577768784e-06,-2.6642212186244877e-06,nan,nan,nan,nan,nan,nan,nan,nan,1081.0,0.9519021511077881,8.385939598083496,2.0448401492023556,1.7970845244034501,1.124903917312622,1.0874053239822388,0.9519021511077881,255.0,255.0,0.010612907195357991,0.06593081754062657,0.014035965227371968
1776509832.934443,14.016075319677858,-0.4914220949391889,2.8341821824156432,2.387348210357473e-06,-2.66422081353271e-06,nan,nan,nan,nan,nan,nan,nan,nan,1081.0,0.9519021511077881,8.385939598083496,2.0448401492023556,1.7970845244034501,1.124903917312622,1.0874053239822388,0.9519021511077881,255.0,255.0,0.010612907156672204,0.06593081758435693,0.014035964865086332
1776509832.9664981,14.016075319677858,-0.4914220949391889,2.8341821824156432,2.387348210357473e-06,-2.66422081353271e-06,nan,nan,nan,nan,nan,nan,nan,nan,1081.0,0.9519021511077881,8.385939598083496,2.0448401492023556,1.7970845244034501,1.124903917312622,1.0874053239822388,0.9519021511077881,255.0,255.0,0.010612907156672204,0.06593081758435693,0.014035964865086332
1776509833.0176516,14.016075319181441,-0.49142209482259797,2.8341821823719324,2.3873483058327378e-06,-2.6642214721380823e-06,nan,nan,nan,nan,nan,nan,nan,nan,1081.0,0.9593484997749329,8.401081085205078,2.044912886939371,1.7967421685218061,1.1128177642822266,1.0919054746627808,0.9593484997749329,255.0,255.0,0.010612907117987312,0.06593081762806774,0.014035964502803736
1776509833.0639374,14.016075319181441,-0.49142209482259797,2.8341821823719324,2.3873483058327378e-06,-2.6642214721380823e-06,nan,nan,nan,nan,nan,nan,nan,nan,1081.0,0.9593484997749329,8.401081085205078,2.044912886939371,1.7967421685218061,1.1128177642822266,1.0919054746627808,0.9593484997749329,255.0,255.0,0.010612907117987312,0.06593081762806774,0.014035964502803736
1776509833.1134565,14.016075318685024,-0.4914220947060078,2.8341821823282127,2.3873486796257766e-06,-2.6642201301631206e-06,nan,nan,nan,nan,nan,nan,nan,nan,1081.0,0.9593484997749329,8.401081085205078,2.044912886939371,1.7967421685218061,1.1128177642822266,1.0919054746627808,0.9593484997749329,255.0,255.0,0.010612907079301761,0.06593081767178743,0.014035964140520742
1776509833.163333,14.016075318188609,-0.49142209458941716,2.834182182284495,2.387349269164893e-06,-2.6642235497012383e-06,nan,nan,nan,nan,nan,nan,nan,nan,1081.0,0.9571285247802734,8.395364761352539,2.045456815824588,1.7975216481621663,1.1133865118026733,1.093845248222351,0.9571285247802734,255.0,255.0,0.010612907040617155,0.06593081771550535,0.014035963778239506
1776509833.213324,14.016075317692195,-0.49142209447282686,2.8341821822407756,2.3873491749899395e-06,-2.664225979747845e-06,nan,nan,nan,nan,nan,nan,nan,nan,1081.0,0.9571285247802734,8.395364761352539,2.045456815824588,1.7975216481621663,1.1133865118026733,1.093845248222351,0.9571285247802734,255.0,255.0,0.01061290700193278,0.0659308177592246,0.014035963415959618
1776509833.266568,14.016075317195776,-0.4914220943562368,2.8341821821970488,2.3873493808094056e-06,-2.6642259960401745e-06,nan,nan,nan,nan,nan,nan,nan,nan,1081.0,0.9571285247802734,8.395364761352539,2.045456815824588,1.7975216481621663,1.1133865118026733,1.093845248222351,0.9571285247802734,255.0,255.0,0.01061290696324665,0.0659308178029514,0.01403596305367508
1776509833.3134518,14.016075317195776,-0.4914220943562368,2.8341821821970488,2.3873493808094056e-06,-2.6642259960401745e-06,nan,nan,nan,nan,nan,nan,nan,nan,1081.0,0.9571285247802734,8.395364761352539,2.045456815824588,1.7975216481621663,1.1133865118026733,1.093845248222351,0.9571285247802734,255.0,255.0,0.01061290696324665,0.0659308178029514,0.01403596305367508
1776509833.3634636,14.01607531669936,-0.49142209423964694,2.834182182153326,2.387349533781371e-06,-2.664226982768029e-06,nan,nan,nan,nan,nan,nan,nan,nan,1081.0,0.9525506496429443,8.392070770263672,2.0447393676178196,1.7969223051419723,1.1200982332229614,1.0906023979187012,0.9525506496429443,255.0,255.0,0.010612906924561346,0.0659308178466742,0.01403596269139346
1776509833.4135556,14.016075316202949,-0.4914220941230572,2.834182182109608,2.3873498644563187e-06,-2.6642264837864086e-06,nan,nan,nan,nan,nan,nan,nan,nan,1081.0,0.9525506496429443,8.392070770263672,2.0447393676178196,1.7969223051419723,1.1200982332229614,1.0906023979187012,0.9525506496429443,255.0,255.0,0.010612906885876967,0.06593081789039212,0.014035962329114825
1776509833.464317,14.016075315706535,-0.49142209400646736,2.8341821820658506,2.387350520284312e-06,-2.664230203787026e-06,nan,nan,nan,nan,nan,nan,nan,nan,1081.0,0.9569573998451233,8.395363807678223,2.0442438580502413,1.796521979333001,1.1156210899353027,1.084657073020935,0.9569573998451233,255.0,255.0,0.010612906847192521,0.06593081793414957,0.014035961966834742
1776509833.51321,14.01607531521012,-0.49142209388987795,2.8341821820221242,2.387350368770721e-06,-2.664229204208807e-06,nan,nan,nan,nan,nan,nan,nan,nan,1081.0,0.9569573998451233,8.395363807678223,2.0442438580502413,1.796521979333001,1.1156210899353027,1.084657073020935,0.9569573998451233,255.0,255.0,0.010612906808506826,0.06593081797787592,0.014035961604552921
1776509833.5652378,14.016075314713708,-0.49142209377328844,2.8341821819784094,2.3873508288425917e-06,-2.664231293351264e-06,nan,nan,nan,nan,nan,nan,nan,nan,1081.0,0.9569573998451233,8.395363807678223,2.0442438580502413,1.796521979333001,1.1156210899353027,1.084657073020935,0.9569573998451233,255.0,255.0,0.010612906769822208,0.06593081802159073,0.014035961242274197
1776509833.613508,14.016075314713708,-0.49142209377328844,2.8341821819784094,2.3873508288425917e-06,-2.664231293351264e-06,nan,nan,nan,nan,nan,nan,nan,nan,1081.0,0.9569573998451233,8.395363807678223,2.0442438580502413,1.796521979333001,1.1156210899353027,1.084657073020935,0.9569573998451233,255.0,255.0,0.010612906769822208,0.06593081802159073,0.014035961242274197
1776509833.6649826,14.0160753142173,-0.49142209365669925,2.834182181934694,2.387350898128624e-06,-2.6642313810707853e-06,nan,nan,nan,nan,nan,nan,nan,nan,1081.0,0.9574174284934998,8.403168678283691,2.0446190821914954,1.7968561456621681,1.1113929748535156,1.0892183780670166,0.9574174284934998,255.0,255.0,0.01061290673113835,0.06593081806530598,0.014035960879998336
1776509833.713517,14.016075313720885,-0.49142209354010985,2.834182181890962,2.3873510648463872e-06,-2.6642326111652155e-06,nan,nan,nan,nan,nan,nan,nan,nan,1081.0,0.9574174284934998,8.403168678283691,2.0446190821914954,1.7968561456621681,1.1113929748535156,1.0892183780670166,0.9574174284934998,255.0,255.0,0.01061290669245271,0.06593081810903811,0.01403596051771654
1776509833.7639058,14.016075313720885,-0.49142209354010985,2.834182181890962,2.3873510648463872e-06,-2.6642326111652155e-06,nan,nan,nan,nan,nan,nan,nan,nan,1081.0,0.9574174284934998,8.403168678283691,2.0446190821914954,1.7968561456621681,1.1113929748535156,1.0892183780670166,0.9574174284934998,255.0,255.0,0.01061290669245271,0.06593081810903811,0.01403596051771654
1776509833.8132892,14.016075313224475,-0.49142209342352067,2.8341821818472077,2.387351526506438e-06,-2.6642348243429725e-06,nan,nan,nan,nan,nan,nan,nan,nan,1081.0,0.9574174284934998,8.403168678283691,2.0446190821914954,1.7968561456621681,1.1113929748535156,1.0892183780670166,0.9574174284934998,255.0,255.0,0.010612906653768673,0.06593081815279245,0.014035960155439184
1776509833.8634214,14.016075312728065,-0.4914220933069317,2.834182181803459,2.3873517644496476e-06,-2.6642362054144704e-06,nan,nan,nan,nan,nan,nan,nan,nan,1081.0,0.9569005370140076,8.391023635864258,2.0451490429129233,1.7965252465968378,1.110313892364502,1.083844780921936,0.9569005370140076,255.0,255.0,0.010612906615084374,0.06593081819654101,0.01403595979316172
1776509833.9153595,14.016075312728065,-0.4914220933069317,2.834182181803459,2.3873517644496476e-06,-2.6642362054144704e-06,nan,nan,nan,nan,nan,nan,nan,nan,1081.0,0.9569005370140076,8.391023635864258,2.0451490429129233,1.7965252465968378,1.110313892364502,1.083844780921936,0.9569005370140076,255.0,255.0,0.010612906615084374,0.06593081819654101,0.01403595979316172
1776509833.9633822,14.01607531223166,-0.4914220931903433,2.8341821817597235,2.387352077526053e-06,-2.6642382304296768e-06,nan,nan,nan,nan,nan,nan,nan,nan,1081.0,0.9569005370140076,8.391023635864258,2.0451490429129233,1.7965252465968378,1.110313892364502,1.083844780921936,0.9569005370140076,255.0,255.0,0.010612906576401036,0.06593081824027669,0.01403595943088852
1776509834.019564,14.01607531223166,-0.4914220931903433,2.8341821817597235,2.3873521844842703e-06,-2.6642390580485683e-06,nan,nan,nan,nan,nan,nan,nan,nan,1081.0,0.9569005370140076,8.391023635864258,2.0451490429129233,1.7965252465968378,1.110313892364502,1.083844780921936,0.9569005370140076,255.0,255.0,0.010612906576401036,0.06593081824027669,0.01403595943088852
1776509834.0642211,14.016075311735253,-0.4914220930737556,2.8341821817159882,2.3873521844842703e-06,-2.6642390580485683e-06,nan,nan,nan,nan,nan,nan,nan,nan,1081.0,0.9483183026313782,8.410094261169434,2.0447693477065116,1.7971374483322249,1.1149013042449951,1.0927878618240356,0.9483183026313782,255.0,255.0,0.010612906537716472,0.06593081828401193,0.014035959068613435
1776509834.119331,14.016075311238843,-0.49142209295716716,2.834182181672223,2.387352419061443e-06,-2.6642383956070565e-06,nan,nan,nan,nan,nan,nan,nan,nan,1081.0,0.9483183026313782,8.410094261169434,2.0447693477065116,1.7971374483322249,1.1149013042449951,1.0927878618240356,0.9483183026313782,255.0,255.0,0.010612906499031849,0.06593081832777736,0.014035958706335738
1776509834.1632245,14.016075311238843,-0.49142209295716716,2.834182181672223,2.387352419061443e-06,-2.6642383956070565e-06,nan,nan,nan,nan,nan,nan,nan,nan,1081.0,0.9483183026313782,8.410094261169434,2.0447693477065116,1.7971374483322249,1.1149013042449951,1.0927878618240356,0.9483183026313782,255.0,255.0,0.010612906499031849,0.06593081832777736,0.014035958706335738
1776509834.2184865,14.016075310742437,-0.4914220928405791,2.8341821816284734,2.3873527932013516e-06,-2.664239913605612e-06,nan,nan,nan,nan,nan,nan,nan,nan,1081.0,0.9483183026313782,8.410094261169434,2.0447693477065116,1.7971374483322249,1.1149013042449951,1.0927878618240356,0.9483183026313782,255.0,255.0,0.010612906460347786,0.06593081837152681,0.014035958344060873
1776509834.2634857,14.016075310742437,-0.4914220928405791,2.8341821816284734,2.3873527932013516e-06,-2.664239913605612e-06,nan,nan,nan,nan,nan,nan,nan,nan,1081.0,0.9569764733314514,8.389533996582031,2.045130265850805,1.7970918540088456,1.1146937608718872,1.0995274782180786,0.9569764733314514,255.0,255.0,0.010612906460347786,0.06593081837152681,0.014035958344060873
1776509834.3148835,14.016075310246027,-0.4914220927239909,2.834182181584718,2.3873531507754446e-06,-2.6642417106758156e-06,nan,nan,nan,nan,nan,nan,nan,nan,1081.0,0.9569764733314514,8.389533996582031,2.045130265850805,1.7970918540088456,1.1146937608718872,1.0995274782180786,0.9569764733314514,255.0,255.0,0.010612906421662805,0.06593081841528203,0.014035957981783052
1776509834.3634303,14.01607530974963,-0.4914220926074034,2.834182181540981,2.3873532969201486e-06,-2.6642431233357237e-06,nan,nan,nan,nan,nan,nan,nan,nan,1081.0,0.9569764733314514,8.389533996582031,2.045130265850805,1.7970918540088456,1.1146937608718872,1.0995274782180786,0.9569764733314514,255.0,255.0,0.010612906382980784,0.06593081845901905,0.014035957619515487
1776509834.4133656,14.016075309253223,-0.49142209249081564,2.834182181497234,2.3873535488426854e-06,-2.6642437507605377e-06,nan,nan,nan,nan,nan,nan,nan,nan,1081.0,0.9615573883056641,8.397490501403809,2.0451777722414284,1.7967263505158066,1.098181128501892,1.088908314704895,0.9615573883056641,255.0,255.0,0.010612906344296383,0.06593081850276628,0.014035957257240479
1776509834.469318,14.016075308756813,-0.49142209237422835,2.834182181453468,2.387353626818879e-06,-2.664242628586337e-06,nan,nan,nan,nan,nan,nan,nan,nan,1081.0,0.9615573883056641,8.397490501403809,2.0451777722414284,1.7967263505158066,1.098181128501892,1.088908314704895,0.9615573883056641,255.0,255.0,0.010612906305610653,0.06593081854653216,0.01403595689496222
1776509834.513375,14.016075308756813,-0.49142209237422835,2.834182181453468,2.387353626818879e-06,-2.664242628586337e-06,nan,nan,nan,nan,nan,nan,nan,nan,1081.0,0.9615573883056641,8.397490501403809,2.0451777722414284,1.7967263505158066,1.098181128501892,1.088908314704895,0.9615573883056641,255.0,255.0,0.010612906305610653,0.06593081854653216,0.01403595689496222
1776509834.5633366,14.01607530826041,-0.49142209225764083,2.8341821814097305,2.387353943073029e-06,-2.6642433250402046e-06,nan,nan,nan,nan,nan,nan,nan,nan,1081.0,0.9615573883056641,8.397490501403809,2.0451777722414284,1.7967263505158066,1.098181128501892,1.088908314704895,0.9615573883056641,255.0,255.0,0.010612906266927026,0.06593081859026961,0.014035956532690137
1776509834.614427,14.016075307764007,-0.49142209214105387,2.83418218136597,2.3873541088385277e-06,-2.664245701859438e-06,nan,nan,nan,nan,nan,nan,nan,nan,1081.0,0.9493892788887024,8.389544486999512,2.044738938089436,1.7967323440185365,1.11081862449646,1.0959570407867432,0.9493892788887024,255.0,255.0,0.010612906228243079,0.06593081863403016,0.01403595617041778
1776509834.6663613,14.016075307764007,-0.49142209214105387,2.83418218136597,2.3873541088385277e-06,-2.664245701859438e-06,nan,nan,nan,nan,nan,nan,nan,nan,1081.0,0.9493892788887024,8.389544486999512,2.044738938089436,1.7967323440185365,1.11081862449646,1.0959570407867432,0.9493892788887024,255.0,255.0,0.010612906228243079,0.06593081863403016,0.01403595617041778
1776509834.7139049,14.016075307267604,-0.49142209202446746,2.834182181322224,2.3873545230221365e-06,-2.664247708272068e-06,nan,nan,nan,nan,nan,nan,nan,nan,1081.0,0.9493892788887024,8.389544486999512,2.044738938089436,1.7967323440185365,1.11081862449646,1.0959570407867432,0.9493892788887024,255.0,255.0,0.01061290618955847,0.06593081867777606,0.01403595580814514
1776509834.7655594,14.016075306771203,-0.49142209190788116,2.8341821812784755,2.3873548222048088e-06,-2.6642490103871508e-06,nan,nan,nan,nan,nan,nan,nan,nan,1081.0,0.9493892788887024,8.389544486999512,2.044738938089436,1.7967323440185365,1.11081862449646,1.0959570407867432,0.9493892788887024,255.0,255.0,0.010612906150874317,0.06593081872152462,0.014035955445873967
1776509834.813451,14.016075306274804,-0.4914220917912952,2.834182181234716,2.3873548503803713e-06,-2.6642488117691033e-06,nan,nan,nan,nan,nan,nan,nan,nan,1081.0,0.9557299017906189,8.416899681091309,2.0446499450464803,1.7974841801944017,1.1097065210342407,1.0931644439697266,0.9557299017906189,255.0,255.0,0.010612906112190484,0.06593081876528428,0.014035955083604144
1776509834.8653731,14.016075305778402,-0.4914220916747091,2.8341821811909633,2.387355134497379e-06,-2.664249062747166e-06,nan,nan,nan,nan,nan,nan,nan,nan,1081.0,0.9557299017906189,8.416899681091309,2.0446499450464803,1.7974841801944017,1.1097065210342407,1.0931644439697266,0.9557299017906189,255.0,255.0,0.010612906073506156,0.06593081880903684,0.014035954721332868
1776509834.9154162,14.016075305778402,-0.4914220916747091,2.8341821811909633,2.387355134497379e-06,-2.664249062747166e-06,nan,nan,nan,nan,nan,nan,nan,nan,1081.0,0.9557299017906189,8.416899681091309,2.0446499450464803,1.7974841801944017,1.1097065210342407,1.0931644439697266,0.9557299017906189,255.0,255.0,0.010612906073506156,0.06593081880903684,0.014035954721332868
1776509834.9632256,14.016075305281998,-0.4914220915581234,2.834182181147209,2.3873555120460254e-06,-2.6642510437013683e-06,nan,nan,nan,nan,nan,nan,nan,nan,1081.0,0.9573255181312561,8.408634185791016,2.045154634060185,1.7971471016635796,1.1006981134414673,1.0930733680725098,0.9573255181312561,255.0,255.0,0.010612906034820454,0.06593081885279117,0.014035954359058403
1776509835.013758,14.016075304785602,-0.4914220914415381,2.834182181103455,2.3873557002599536e-06,-2.6642519275504438e-06,nan,nan,nan,nan,nan,nan,nan,nan,1081.0,0.9573255181312561,8.408634185791016,2.045154634060185,1.7971471016635796,1.1006981134414673,1.0930733680725098,0.9573255181312561,255.0,255.0,0.010612905996137007,0.06593081889654506,0.014035953996791289
1776509835.063242,14.0160753042892,-0.4914220913249531,2.834182181059706,2.3873559139910746e-06,-2.6642533768904132e-06,nan,nan,nan,nan,nan,nan,nan,nan,1081.0,0.96087247133255,8.397075653076172,2.044532635661874,1.7972107907124653,1.10763680934906,1.090613603591919,0.96087247133255,255.0,255.0,0.010612905957451589,0.06593081894029407,0.014035953634519463
1776509835.113329,14.016075303792798,-0.49142209120836905,2.8341821810159407,2.387356321809276e-06,-2.6642535404656323e-06,nan,nan,nan,nan,nan,nan,nan,nan,1081.0,0.96087247133255,8.397075653076172,2.044532635661874,1.7972107907124653,1.10763680934906,1.090613603591919,0.96087247133255,255.0,255.0,0.010612905918764936,0.0659308189840595,0.014035953272245667
1776509835.1633744,14.016075303296399,-0.4914220910917868,2.8341821809721623,2.3873563672500014e-06,-2.6642546391823577e-06,nan,nan,nan,nan,nan,nan,nan,nan,1081.0,0.9582272171974182,8.396345138549805,2.0447603462472435,1.7967065520598808,1.1121429204940796,1.091476321220398,0.9582272171974182,255.0,255.0,0.010612905880077732,0.06593081902783782,0.014035952909973955
1776509835.2133217,14.016075302800001,-0.4914220909752048,2.8341821809283796,2.3873568444792406e-06,-2.6642574461131065e-06,nan,nan,nan,nan,nan,nan,nan,nan,1081.0,0.9582272171974182,8.396345138549805,2.0447603462472435,1.7967065520598808,1.1121429204940796,1.091476321220398,0.9582272171974182,255.0,255.0,0.010612905841390893,0.06593081907162057,0.014035952547703647
1776509835.267517,14.016075302303602,-0.49142209085862393,2.8341821808845773,2.387356746476802e-06,-2.664260114933643e-06,nan,nan,nan,nan,nan,nan,nan,nan,1081.0,0.9582272171974182,8.396345138549805,2.0447603462472435,1.7967065520598808,1.1121429204940796,1.091476321220398,0.9582272171974182,255.0,255.0,0.010612905802702584,0.06593081911542287,0.014035952185431229
1776509835.3153338,14.016075301807204,-0.4914220907420434,2.8341821808407905,2.3873568870647936e-06,-2.664259683525548e-06,nan,nan,nan,nan,nan,nan,nan,nan,1081.0,0.9582272171974182,8.396345138549805,2.0447603462472435,1.7967065520598808,1.1121429204940796,1.091476321220398,0.9582272171974182,255.0,255.0,0.010612905764014354,0.06593081915920962,0.014035951823160156
1776509835.363779,14.016075301807204,-0.4914220907420434,2.8341821808407905,2.3873568870647936e-06,-2.664259683525548e-06,nan,nan,nan,nan,nan,nan,nan,nan,1081.0,0.9516497850418091,8.406126022338867,2.0447816439076334,1.7968014706759505,1.1180070638656616,1.085365653038025,0.9516497850418091,255.0,255.0,0.010612905764014354,0.06593081915920962,0.014035951823160156
1776509835.4167705,14.016075301310808,-0.49142209062546277,2.834182180797009,2.387356945698016e-06,-2.664259502599913e-06,nan,nan,nan,nan,nan,nan,nan,nan,1081.0,0.9516497850418091,8.406126022338867,2.0447816439076334,1.7968014706759505,1.1180070638656616,1.085365653038025,0.9516497850418091,255.0,255.0,0.010612905725326718,0.06593081920299104,0.014035951460890667
1776509835.4638824,14.016075300814414,-0.4914220905088819,2.83418218075321,2.3873577402714256e-06,-2.6642597386438894e-06,nan,nan,nan,nan,nan,nan,nan,nan,1081.0,0.9516497850418091,8.406126022338867,2.0447816439076334,1.7968014706759505,1.1180070638656616,1.085365653038025,0.9516497850418091,255.0,255.0,0.010612905686639994,0.06593081924679023,0.014035951098622818
1776509835.5162866,14.016075300318018,-0.4914220903923007,2.8341821807093934,2.387357859715755e-06,-2.6642644800018253e-06,nan,nan,nan,nan,nan,nan,nan,nan,1081.0,0.9637445211410522,8.393835067749023,2.0450783257237415,1.797190077590471,1.1176027059555054,1.0882792472839355,0.9637445211410522,255.0,255.0,0.010612905647953207,0.06593081929060673,0.014035950736353636
1776509835.563224,14.016075299821624,-0.49142209027572054,2.8341821806655916,2.3873581277596586e-06,-2.664265461096107e-06,nan,nan,nan,nan,nan,nan,nan,nan,1081.0,0.9637445211410522,8.393835067749023,2.0450783257237415,1.797190077590471,1.1176027059555054,1.0882792472839355,0.9637445211410522,255.0,255.0,0.010612905609265874,0.06593081933440859,0.014035950374085457
1776509835.6172056,14.016075299325227,-0.49142209015914057,2.8341821806217946,2.3873580220996396e-06,-2.6642674935290028e-06,nan,nan,nan,nan,nan,nan,nan,nan,1081.0,0.9583080410957336,8.405863761901855,2.0444266882128015,1.797582175651422,1.1193194389343262,1.0902907848358154,0.9583080410957336,255.0,255.0,0.01061290557057721,0.06593081937820555,0.014035950011814142
1776509835.6638157,14.016075298828834,-0.4914220900425604,2.8341821805779808,2.387358777936928e-06,-2.6642655426937206e-06,nan,nan,nan,nan,nan,nan,nan,nan,1081.0,0.9583080410957336,8.405863761901855,2.0444266882128015,1.797582175651422,1.1193194389343262,1.0902907848358154,0.9583080410957336,255.0,255.0,0.010612905531890522,0.0659308194220194,0.014035949649547495
1776509835.7134874,14.016075298332439,-0.49142208992597997,2.8341821805341736,2.3873592059073687e-06,-2.6642670298839684e-06,nan,nan,nan,nan,nan,nan,nan,nan,1081.0,0.9583080410957336,8.405863761901855,2.0444266882128015,1.797582175651422,1.1193194389343262,1.0902907848358154,0.9583080410957336,255.0,255.0,0.010612905493202911,0.06593081946582657,0.014035949287277943
1776509835.7632947,14.016075297836041,-0.49142208980939994,2.8341821804903717,2.387358881809636e-06,-2.664267779676334e-06,nan,nan,nan,nan,nan,nan,nan,nan,1081.0,0.9502147436141968,8.388351440429688,2.0448115582713147,1.7972820908518479,1.099156379699707,1.0965405702590942,0.9502147436141968,255.0,255.0,0.010612905454514342,0.06593081950962842,0.014035948925006685
1776509835.8189588,14.016075297339647,-0.49142208969282014,2.8341821804465694,2.3873591483337922e-06,-2.664271297891404e-06,nan,nan,nan,nan,nan,nan,nan,nan,1081.0,0.9502147436141968,8.388351440429688,2.0448115582713147,1.7972820908518479,1.099156379699707,1.0965405702590942,0.9502147436141968,255.0,255.0,0.010612905415826641,0.06593081955343072,0.014035948562738347
1776509835.8634722,14.016075296843255,-0.4914220895762413,2.834182180402762,2.387359036157763e-06,-2.6642714240849266e-06,nan,nan,nan,nan,nan,nan,nan,nan,1081.0,0.9532784223556519,8.394780158996582,2.0450552225002636,1.7970496175678274,1.113666296005249,1.0927542448043823,0.9532784223556519,255.0,255.0,0.010612905377138626,0.06593081959723834,0.01403594820047104
1776509835.914845,14.016075296346862,-0.49142208945966265,2.8341821803589604,2.3873591439366875e-06,-2.6642698103468503e-06,nan,nan,nan,nan,nan,nan,nan,nan,1081.0,0.9532784223556519,8.394780158996582,2.0450552225002636,1.7970496175678274,1.113666296005249,1.0927542448043823,0.9532784223556519,255.0,255.0,0.010612905338450345,0.06593081964103975,0.014035947838203628
1776509835.9693148,14.01607529585047,-0.49142208934308346,2.8341821803151346,2.3873589809373754e-06,-2.6642712310879796e-06,nan,nan,nan,nan,nan,nan,nan,nan,1081.0,0.9532784223556519,8.394780158996582,2.0450552225002636,1.7970496175678274,1.113666296005249,1.0927542448043823,0.9532784223556519,255.0,255.0,0.010612905299762816,0.06593081968486558,0.014035947475936516
1776509836.01374,14.01607529585047,-0.49142208934308346,2.8341821803151346,2.3873589809373754e-06,-2.6642712310879796e-06,nan,nan,nan,nan,nan,nan,nan,nan,1081.0,0.9604328870773315,8.402400016784668,2.0452757157406025,1.7967942800974448,1.104447603225708,1.0949370861053467,0.9604328870773315,255.0,255.0,0.010612905299762816,0.06593081968486558,0.014035947475936516
1776509836.063359,14.016075295354076,-0.4914220892265044,2.834182180271323,2.38735885815474e-06,-2.6642736699035103e-06,nan,nan,nan,nan,nan,nan,nan,nan,1081.0,0.9604328870773315,8.402400016784668,2.0452757157406025,1.7967942800974448,1.104447603225708,1.0949370861053467,0.9604328870773315,255.0,255.0,0.010612905261074512,0.0659308197286772,0.014035947113667837
1776509836.1133027,14.01607529485769,-0.4914220891099261,2.834182180227507,2.3873592776439837e-06,-2.664275966790012e-06,nan,nan,nan,nan,nan,nan,nan,nan,1081.0,0.9604328870773315,8.402400016784668,2.0452757157406025,1.7967942800974448,1.104447603225708,1.0949370861053467,0.9604328870773315,255.0,255.0,0.01061290522238766,0.06593081977249327,0.014035946751404819
1776509836.1632972,14.016075294361304,-0.4914220889933481,2.8341821801836873,2.38735936497962e-06,-2.66427827124874e-06,nan,nan,nan,nan,nan,nan,nan,nan,1081.0,0.9604328870773315,8.402400016784668,2.0452757157406025,1.7967942800974448,1.104447603225708,1.0949370861053467,0.9604328870773315,255.0,255.0,0.010612905183701058,0.06593081981631288,0.014035946389143154
1776509836.2139797,14.016075294361304,-0.4914220889933481,2.8341821801836873,2.38735936497962e-06,-2.66427827124874e-06,nan,nan,nan,nan,nan,nan,nan,nan,1081.0,0.9628570675849915,8.406917572021484,2.0445164879861526,1.797017269040639,1.1195377111434937,1.0877290964126587,0.9628570675849915,255.0,255.0,0.010612905183701058,0.06593081981631288,0.014035946389143154
1776509836.2652688,14.01607529386491,-0.49142208887676914,2.8341821801398566,2.3873597907213123e-06,-2.664275346037894e-06,nan,nan,nan,nan,nan,nan,nan,nan,1081.0,0.9628570675849915,8.406917572021484,2.0445164879861526,1.797017269040639,1.1195377111434937,1.0877290964126587,0.9628570675849915,255.0,255.0,0.010612905145012824,0.0659308198601436,0.014035946026874444
1776509836.3133373,14.016075293368521,-0.4914220887601916,2.834182180096037,2.387360322025951e-06,-2.6642760112168933e-06,nan,nan,nan,nan,nan,nan,nan,nan,1081.0,0.9628570675849915,8.406917572021484,2.0445164879861526,1.797017269040639,1.1195377111434937,1.0877290964126587,0.9628570675849915,255.0,255.0,0.010612905106324726,0.06593081990396321,0.014035945664609533
1776509836.3683953,14.016075292872136,-0.4914220886436142,2.83418218005221,2.387360373323365e-06,-2.6642782726935294e-06,nan,nan,nan,nan,nan,nan,nan,nan,1081.0,0.9561251401901245,8.401189804077148,2.045171331962317,1.796811552618142,1.1228100061416626,1.099132776260376,0.9561251401901245,255.0,255.0,0.010612905067637665,0.06593081994779038,0.014035945302347605
1776509836.4137826,14.016075292872136,-0.4914220886436142,2.83418218005221,2.3873604267229177e-06,-2.664280393442967e-06,nan,nan,nan,nan,nan,nan,nan,nan,1081.0,0.9561251401901245,8.401189804077148,2.045171331962317,1.796811552618142,1.1228100061416626,1.099132776260376,0.9561251401901245,255.0,255.0,0.010612905067637665,0.06593081994779038,0.014035945302347605
1776509836.4663348,14.016075292375747,-0.4914220885270381,2.834182180008382,2.3873604267229177e-06,-2.664280393442967e-06,nan,nan,nan,nan,nan,nan,nan,nan,1081.0,0.9561251401901245,8.401189804077148,2.045171331962317,1.796811552618142,1.1228100061416626,1.099132776260376,0.9561251401901245,255.0,255.0,0.010612905028948265,0.06593081999161798,0.01403594494008196
1776509836.5135033,14.016075291879359,-0.4914220884104618,2.8341821799645563,2.3873607240027533e-06,-2.664281841442132e-06,nan,nan,nan,nan,nan,nan,nan,nan,1081.0,0.9561251401901245,8.401189804077148,2.045171331962317,1.796811552618142,1.1228100061416626,1.099132776260376,0.9561251401901245,255.0,255.0,0.010612904990259058,0.06593082003544382,0.01403594457781644
1776509836.5674825,14.016075291382972,-0.4914220882938855,2.8341821799207176,2.387360889010176e-06,-2.6642820314773067e-06,nan,nan,nan,nan,nan,nan,nan,nan,1081.0,0.9599154591560364,8.401749610900879,2.045032327314089,1.796409084463089,1.1098114252090454,1.0917631387710571,0.9599154591560364,255.0,255.0,0.01061290495157051,0.06593082007928253,0.014035944215552444
1776509836.6133642,14.016075291382972,-0.4914220882938855,2.8341821799207176,2.387360889010176e-06,-2.6642820314773067e-06,nan,nan,nan,nan,nan,nan,nan,nan,1081.0,0.9599154591560364,8.401749610900879,2.045032327314089,1.796409084463089,1.1098114252090454,1.0917631387710571,0.9599154591560364,255.0,255.0,0.01061290495157051,0.06593082007928253,0.014035944215552444
1776509836.6674325,14.016075290886588,-0.4914220881773103,2.8341821798768767,2.3873611697552737e-06,-2.664282056106723e-06,nan,nan,nan,nan,nan,nan,nan,nan,1081.0,0.9599154591560364,8.401749610900879,2.045032327314089,1.796409084463089,1.1098114252090454,1.0917631387710571,0.9599154591560364,255.0,255.0,0.010612904912881995,0.06593082012312346,0.014035943853290904
1776509836.7134838,14.016075290390203,-0.4914220880607358,2.8341821798330264,2.387361557414569e-06,-2.6642847982482134e-06,nan,nan,nan,nan,nan,nan,nan,nan,1081.0,0.9599154591560364,8.401749610900879,2.045032327314089,1.796409084463089,1.1098114252090454,1.0917631387710571,0.9599154591560364,255.0,255.0,0.010612904874192395,0.06593082016697371,0.014035943491027509
1776509836.7632673,14.016075289893818,-0.49142208794416115,2.8341821797891833,2.3873618041820928e-06,-2.6642875016388584e-06,nan,nan,nan,nan,nan,nan,nan,nan,1081.0,0.958520233631134,8.395132064819336,2.044797376942348,1.7970932099962607,1.1083109378814697,1.0938453674316406,0.958520233631134,255.0,255.0,0.010612904835502836,0.06593082021081687,0.014035943128764184
1776509836.8142405,14.016075289397431,-0.4914220878275863,2.8341821797453446,2.387361977696907e-06,-2.664286764519688e-06,nan,nan,nan,nan,nan,nan,nan,nan,1081.0,0.958520233631134,8.395132064819336,2.044797376942348,1.7970932099962607,1.1083109378814697,1.0938453674316406,0.958520233631134,255.0,255.0,0.01061290479681291,0.06593082025465558,0.014035942766499472
1776509836.8653452,14.016075289397431,-0.4914220878275863,2.8341821797453446,2.387361977696907e-06,-2.664286764519688e-06,nan,nan,nan,nan,nan,nan,nan,nan,1081.0,0.9607260227203369,8.402898788452148,2.044750172269223,1.796936405684313,1.1118605136871338,1.0956535339355469,0.9607260227203369,255.0,255.0,0.01061290479681291,0.06593082025465558,0.014035942766499472
1776509836.9132779,14.016075288901046,-0.49142208771101265,2.834182179701501,2.387362069602855e-06,-2.664286367068925e-06,nan,nan,nan,nan,nan,nan,nan,nan,1081.0,0.9607260227203369,8.402898788452148,2.044750172269223,1.796936405684313,1.1118605136871338,1.0956535339355469,0.9607260227203369,255.0,255.0,0.010612904758122403,0.06593082029849917,0.014035942404235642
1776509836.9633262,14.016075288404663,-0.4914220875944401,2.8341821796576356,2.387362406926799e-06,-2.664286752103554e-06,nan,nan,nan,nan,nan,nan,nan,nan,1081.0,0.9607260227203369,8.402898788452148,2.044750172269223,1.796936405684313,1.1118605136871338,1.0956535339355469,0.9607260227203369,255.0,255.0,0.010612904719431574,0.06593082034236453,0.014035942041972754
1776509837.0133383,14.016075288404663,-0.4914220875944401,2.8341821796576356,2.387362406926799e-06,-2.664286752103554e-06,nan,nan,nan,nan,nan,nan,nan,nan,1081.0,0.9607260227203369,8.402898788452148,2.044750172269223,1.796936405684313,1.1118605136871338,1.0956535339355469,0.9607260227203369,255.0,255.0,0.010612904719431574,0.06593082034236453,0.014035942041972754
1776509837.0634298,14.016075287908285,-0.4914220874778676,2.8341821796137925,2.387362865646386e-06,-2.6642888029892247e-06,nan,nan,nan,nan,nan,nan,nan,nan,1081.0,0.955645740032196,8.392953872680664,2.045142325728608,1.7964771017746763,1.1110855340957642,1.0911287069320679,0.955645740032196,255.0,255.0,0.010612904680742155,0.06593082038620768,0.014035941679714423
1776509837.11728,14.016075287411905,-0.4914220873612944,2.834182179569956,2.38736306333877e-06,-2.6642896664897172e-06,nan,nan,nan,nan,nan,nan,nan,nan,1081.0,0.955645740032196,8.392953872680664,2.045142325728608,1.7964771017746763,1.1110855340957642,1.0911287069320679,0.955645740032196,255.0,255.0,0.01061290464205277,0.06593082043004417,0.014035941317454932
1776509837.1654263,14.01607528691552,-0.49142208724472125,2.834182179526117,2.3873631464898706e-06,-2.66429231978731e-06,nan,nan,nan,nan,nan,nan,nan,nan,1081.0,0.955645740032196,8.392953872680664,2.045142325728608,1.7964771017746763,1.1110855340957642,1.0911287069320679,0.955645740032196,255.0,255.0,0.010612904603361745,0.06593082047388332,0.014035940955190878
1776509837.213477,14.016075286419136,-0.4914220871281488,2.8341821794822732,2.3873635317981377e-06,-2.66429267411108e-06,nan,nan,nan,nan,nan,nan,nan,nan,1081.0,0.9581134915351868,8.395158767700195,2.0449419861916147,1.7968358748946616,1.1196022033691406,1.0949807167053223,0.9581134915351868,255.0,255.0,0.010612904564670664,0.06593082051772692,0.014035940592928
1776509837.2677493,14.016075286419136,-0.4914220871281488,2.8341821794822732,2.3873635317981377e-06,-2.66429267411108e-06,nan,nan,nan,nan,nan,nan,nan,nan,1081.0,0.9581134915351868,8.395158767700195,2.0449419861916147,1.7968358748946616,1.1196022033691406,1.0949807167053223,0.9581134915351868,255.0,255.0,0.010612904564670664,0.06593082051772692,0.014035940592928
1776509837.31339,14.01607528592276,-0.49142208701157714,2.834182179438422,2.3873635374622746e-06,-2.6642920740224886e-06,nan,nan,nan,nan,nan,nan,nan,nan,1081.0,0.9581134915351868,8.395158767700195,2.0449419861916147,1.7968358748946616,1.1196022033691406,1.0949807167053223,0.9581134915351868,255.0,255.0,0.010612904525981008,0.06593082056157806,0.014035940230670754
1776509837.3633149,14.016075285426378,-0.49142208689500494,2.8341821793945576,2.3873639701272423e-06,-2.664294898628733e-06,nan,nan,nan,nan,nan,nan,nan,nan,1081.0,0.964485228061676,8.403611183166504,2.045091544942212,1.7969080450610362,1.1147898435592651,1.0917696952819824,0.964485228061676,255.0,255.0,0.010612904487290393,0.06593082060544253,0.014035939868409264
1776509837.4175842,14.01607528493,-0.49142208677843274,2.834182179350699,2.3873640682234493e-06,-2.664296892224639e-06,nan,nan,nan,nan,nan,nan,nan,nan,1081.0,0.964485228061676,8.403611183166504,2.045091544942212,1.7969080450610362,1.1147898435592651,1.0917696952819824,0.964485228061676,255.0,255.0,0.010612904448600798,0.06593082064930122,0.014035939506150811
1776509837.4632215,14.016075284433624,-0.4914220866618612,2.8341821793068513,2.3873643037359933e-06,-2.6642961406475936e-06,nan,nan,nan,nan,nan,nan,nan,nan,1081.0,0.964485228061676,8.403611183166504,2.045091544942212,1.7969080450610362,1.1147898435592651,1.0917696952819824,0.964485228061676,255.0,255.0,0.010612904409911004,0.06593082069314882,0.014035939143893535
1776509837.5152779,14.016075284433624,-0.4914220866618612,2.8341821793068513,2.3873643037359933e-06,-2.6642961406475936e-06,nan,nan,nan,nan,nan,nan,nan,nan,1081.0,0.964485228061676,8.403611183166504,2.045091544942212,1.7969080450610362,1.1147898435592651,1.0917696952819824,0.964485228061676,255.0,255.0,0.010612904409911004,0.06593082069314882,0.014035939143893535
1776509837.57888,14.016075283937242,-0.4914220865452897,2.834182179263008,2.387364642820363e-06,-2.664297640043823e-06,nan,nan,nan,nan,nan,nan,nan,nan,1081.0,0.954169750213623,8.411416053771973,2.045333024807047,1.7972851415106867,1.1116193532943726,1.0929821729660034,0.954169750213623,255.0,255.0,0.010612904371219554,0.06593082073699197,0.014035938781631724
1776509837.6133459,14.016075283440866,-0.4914220864287189,2.83418217921914,2.3873649101942448e-06,-2.6642981394893853e-06,nan,nan,nan,nan,nan,nan,nan,nan,1081.0,0.954169750213623,8.411416053771973,2.045333024807047,1.7972851415106867,1.1116193532943726,1.0929821729660034,0.954169750213623,255.0,255.0,0.01061290433252926,0.06593082078085999,0.014035938419374085
1776509837.6737208,14.016075282944488,-0.49142208631214795,2.834182179175263,2.3873653667271788e-06,-2.6643008554502644e-06,nan,nan,nan,nan,nan,nan,nan,nan,1081.0,0.954169750213623,8.411416053771973,2.045333024807047,1.7972851415106867,1.1116193532943726,1.0929821729660034,0.954169750213623,255.0,255.0,0.01061290429383862,0.06593082082473734,0.014035938057115003
1776509837.7132316,14.016075282944488,-0.49142208631214795,2.834182179175263,2.3873653667271788e-06,-2.6643008554502644e-06,nan,nan,nan,nan,nan,nan,nan,nan,1081.0,0.9579058289527893,8.4177885055542,2.044661190915615,1.797004684894512,1.1029052734375,1.0894975662231445,0.9579058289527893,255.0,255.0,0.01061290429383862,0.06593082082473734,0.014035938057115003
1776509837.7634788,14.016075282448112,-0.4914220861955782,2.834182179131404,2.3873652541395404e-06,-2.6643011202620655e-06,nan,nan,nan,nan,nan,nan,nan,nan,1081.0,0.9579058289527893,8.4177885055542,2.044661190915615,1.797004684894512,1.1029052734375,1.0894975662231445,0.9579058289527893,255.0,255.0,0.010612904255147234,0.06593082086859603,0.014035937694856834
1776509837.8156905,14.016075282448112,-0.4914220861955782,2.834182179131404,2.3873652541395404e-06,-2.6643011202620655e-06,nan,nan,nan,nan,nan,nan,nan,nan,1081.0,0.9579058289527893,8.4177885055542,2.044661190915615,1.797004684894512,1.1029052734375,1.0894975662231445,0.9579058289527893,255.0,255.0,0.010612904255147234,0.06593082086859603,0.014035937694856834
1776509837.8640063,14.016075281951734,-0.4914220860790091,2.834182179087546,2.387365658124417e-06,-2.6643029312869944e-06,nan,nan,nan,nan,nan,nan,nan,nan,1081.0,0.9579058289527893,8.4177885055542,2.044661190915615,1.797004684894512,1.1029052734375,1.0894975662231445,0.9579058289527893,255.0,255.0,0.010612904216454673,0.06593082091245428,0.014035937332596811
1776509837.9153414,14.01607528145536,-0.49142208596244125,2.834182179043678,2.3873659059621325e-06,-2.6643045730395103e-06,nan,nan,nan,nan,nan,nan,nan,nan,1081.0,0.9658495783805847,8.405233383178711,2.0448076002692646,1.796652237353871,1.1107488870620728,1.0901695489883423,0.9658495783805847,255.0,255.0,0.010612904177762112,0.0659308209563223,0.01403593697033919
1776509837.9632082,14.01607528145536,-0.49142208596244125,2.834182179043678,2.3873659059621325e-06,-2.6643045730395103e-06,nan,nan,nan,nan,nan,nan,nan,nan,1081.0,0.9658495783805847,8.405233383178711,2.0448076002692646,1.796652237353871,1.1107488870620728,1.0901695489883423,0.9658495783805847,255.0,255.0,0.010612904177762112,0.0659308209563223,0.01403593697033919
1776509838.0154321,14.01607528145536,-0.49142208596244125,2.834182179043678,2.3873659059621325e-06,-2.6643045730395103e-06,nan,nan,nan,nan,nan,nan,nan,nan,1081.0,0.9658495783805847,8.405233383178711,2.0448076002692646,1.796652237353871,1.1107488870620728,1.0901695489883423,0.9658495783805847,255.0,255.0,0.010612904177762112,0.0659308209563223,0.01403593697033919
1776509838.0644715,14.016075280958981,-0.49142208584587405,2.8341821789997668,2.38736622961286e-06,-2.6643044082329768e-06,nan,nan,nan,nan,nan,nan,nan,nan,1081.0,0.9658495783805847,8.405233383178711,2.0448076002692646,1.796652237353871,1.1107488870620728,1.0901695489883423,0.9658495783805847,255.0,255.0,0.010612904139068235,0.0659308210002334,0.0140359366080782
1776509838.113383,14.016075280462607,-0.49142208572930807,2.8341821789558628,2.387366487359904e-06,-2.6643065478456842e-06,nan,nan,nan,nan,nan,nan,nan,nan,1081.0,0.9658495783805847,8.405233383178711,2.0448076002692646,1.796652237353871,1.1107488870620728,1.0901695489883423,0.9658495783805847,255.0,255.0,0.010612904100374205,0.06593082104413739,0.014035936245819608
1776509838.1723244,14.016075280462607,-0.49142208572930807,2.8341821789558628,2.387366487359904e-06,-2.6643065478456842e-06,nan,nan,nan,nan,nan,nan,nan,nan,1081.0,0.9542539715766907,8.40127944946289,2.044476109395746,1.796756183173102,1.107787013053894,1.0921729803085327,0.9542539715766907,255.0,255.0,0.010612904100374205,0.06593082104413739,0.014035936245819608
1776509838.213495,14.016075280462607,-0.49142208572930807,2.8341821789558628,2.387366487359904e-06,-2.6643065478456842e-06,nan,nan,nan,nan,nan,nan,nan,nan,1081.0,0.9542539715766907,8.40127944946289,2.044476109395746,1.796756183173102,1.107787013053894,1.0921729803085327,0.9542539715766907,255.0,255.0,0.010612904100374205,0.06593082104413739,0.014035936245819608
1776509838.2635407,14.016075279966236,-0.49142208561274175,2.8341821789119765,2.387366858733847e-06,-2.664308057730955e-06,nan,nan,nan,nan,nan,nan,nan,nan,1081.0,0.9542539715766907,8.40127944946289,2.044476109395746,1.796756183173102,1.107787013053894,1.0921729803085327,0.9542539715766907,255.0,255.0,0.010612904061681406,0.06593082108802362,0.01403593588356423
1776509838.315104,14.016075279469865,-0.4914220854961758,2.8341821788680965,2.387366800305135e-06,-2.6643084986558828e-06,nan,nan,nan,nan,nan,nan,nan,nan,1081.0,0.9542539715766907,8.40127944946289,2.044476109395746,1.796756183173102,1.107787013053894,1.0921729803085327,0.9542539715766907,255.0,255.0,0.01061290402298823,0.06593082113190363,0.014035935521308688
1776509838.3632567,14.016075278973487,-0.4914220853796097,2.834182178824206,2.387366932552633e-06,-2.6643092262421865e-06,nan,nan,nan,nan,nan,nan,nan,nan,1081.0,0.9618197083473206,8.396183967590332,2.0449186754270796,1.796657001221628,1.1012285947799683,1.0865427255630493,0.9618197083473206,255.0,255.0,0.010612903984293107,0.0659308211757943,0.014035935159047152
1776509838.414553,14.016075278477114,-0.49142208526304376,2.8341821787803188,2.3873673715802507e-06,-2.6643092931347322e-06,nan,nan,nan,nan,nan,nan,nan,nan,1081.0,0.9618197083473206,8.396183967590332,2.0449186754270796,1.796657001221628,1.1012285947799683,1.0865427255630493,0.9618197083473206,255.0,255.0,0.010612903945599408,0.06593082121968141,0.014035934796790085
1776509838.467334,14.016075277980743,-0.4914220851464783,2.834182178736415,2.387367640145835e-06,-2.66431039164726e-06,nan,nan,nan,nan,nan,nan,nan,nan,1081.0,0.9618197083473206,8.396183967590332,2.0449186754270796,1.796657001221628,1.1012285947799683,1.0865427255630493,0.9618197083473206,255.0,255.0,0.01061290390690597,0.06593082126358496,0.014035934434534308
1776509838.5135336,14.016075277484376,-0.49142208502991275,2.834182178692523,2.387367643006221e-06,-2.6643124103397406e-06,nan,nan,nan,nan,nan,nan,nan,nan,1081.0,0.9549573659896851,8.405574798583984,2.0444794128494723,1.7969229779889464,1.11860191822052,1.0853406190872192,0.9549573659896851,255.0,255.0,0.010612903868213558,0.06593082130747696,0.014035934072281597
1776509838.5663211,14.016075276988008,-0.4914220849133471,2.834182178648637,2.3873678860313758e-06,-2.66431434175425e-06,nan,nan,nan,nan,nan,nan,nan,nan,1081.0,0.9549573659896851,8.405574798583984,2.0444794128494723,1.7969229779889464,1.11860191822052,1.0853406190872192,0.9549573659896851,255.0,255.0,0.010612903829521198,0.06593082135136319,0.014035933710028956
1776509838.6133976,14.01607527649164,-0.4914220847967821,2.8341821786047285,2.387368086139727e-06,-2.664313462752717e-06,nan,nan,nan,nan,nan,nan,nan,nan,1081.0,0.9592708349227905,8.386756896972656,2.0444877732141937,1.7968525546528527,1.1227521896362305,1.0955110788345337,0.9592708349227905,255.0,255.0,0.010612903790827868,0.06593082139527162,0.014035933347774459
1776509838.6670167,14.016075275995268,-0.49142208468021725,2.834182178560832,2.3873686138288173e-06,-2.664313969241557e-06,nan,nan,nan,nan,nan,nan,nan,nan,1081.0,0.9592708349227905,8.386756896972656,2.0444877732141937,1.7968525546528527,1.1227521896362305,1.0955110788345337,0.9592708349227905,255.0,255.0,0.010612903752133786,0.06593082143916806,0.0140359329855184
1776509838.7135494,14.016075275995268,-0.49142208468021725,2.834182178560832,2.3873686138288173e-06,-2.664313969241557e-06,nan,nan,nan,nan,nan,nan,nan,nan,1081.0,0.9592708349227905,8.386756896972656,2.0444877732141937,1.7968525546528527,1.1227521896362305,1.0955110788345337,0.9592708349227905,255.0,255.0,0.010612903752133786,0.06593082143916806,0.0140359329855184
1776509838.7634537,14.016075275498903,-0.49142208456365283,2.8341821785169277,2.3873686425255752e-06,-2.6643146629940432e-06,nan,nan,nan,nan,nan,nan,nan,nan,1081.0,0.954030454158783,8.403203964233398,2.044682965633717,1.797126270273422,1.1202930212020874,1.0929704904556274,0.954030454158783,255.0,255.0,0.010612903713440964,0.0659308214830725,0.014035932623266661
1776509838.8138604,14.016075275002539,-0.49142208444708785,2.8341821784730246,2.3873691602083114e-06,-2.6643182560980117e-06,nan,nan,nan,nan,nan,nan,nan,nan,1081.0,0.954030454158783,8.403203964233398,2.044682965633717,1.797126270273422,1.1202930212020874,1.0929704904556274,0.954030454158783,255.0,255.0,0.0106129036747492,0.0659308215269756,0.014035932261016737
1776509838.8677163,14.01607527450617,-0.4914220843305233,2.8341821784291144,2.387369035399747e-06,-2.6643200530950996e-06,nan,nan,nan,nan,nan,nan,nan,nan,1081.0,0.954030454158783,8.403203964233398,2.044682965633717,1.797126270273422,1.1202930212020874,1.0929704904556274,0.954030454158783,255.0,255.0,0.010612903636055463,0.06593082157088581,0.014035931898762044
1776509838.9152083,14.016075274009799,-0.4914220842139588,2.8341821783852,2.387369253429514e-06,-2.6643205231240955e-06,nan,nan,nan,nan,nan,nan,nan,nan,1081.0,0.957638680934906,8.400099754333496,2.0446802993045705,1.7965927064117169,1.1099636554718018,1.0877203941345215,0.957638680934906,255.0,255.0,0.010612903597361226,0.06593082161480002,0.014035931536505848
1776509838.9633505,14.016075273513435,-0.4914220840973948,2.8341821783412913,2.3873696780068285e-06,-2.6643192002755363e-06,nan,nan,nan,nan,nan,nan,nan,nan,1081.0,0.957638680934906,8.400099754333496,2.0446802993045705,1.7965927064117169,1.1099636554718018,1.0877203941345215,0.957638680934906,255.0,255.0,0.01061290355866856,0.0659308216587089,0.014035931174255428
1776509839.0135977,14.016075273017071,-0.49142208398083115,2.83418217829738,2.387369932701201e-06,-2.664320774849001e-06,nan,nan,nan,nan,nan,nan,nan,nan,1081.0,0.957638680934906,8.400099754333496,2.0446802993045705,1.7965927064117169,1.1099636554718018,1.0877203941345215,0.957638680934906,255.0,255.0,0.010612903519975597,0.06593082170261999,0.014035930812004844
1776509839.0637186,14.016075272520707,-0.4914220838642667,2.834182178253467,2.38737040032919e-06,-2.664323476370789e-06,nan,nan,nan,nan,nan,nan,nan,nan,1081.0,0.9529420733451843,8.415738105773926,2.044926686159005,1.7973277119213749,1.1116106510162354,1.098630666732788,0.9529420733451843,255.0,255.0,0.010612903481283397,0.06593082174653331,0.014035930449754673
1776509839.1210403,14.016075272024342,-0.49142208374770296,2.834182178209549,2.387370235586689e-06,-2.6643253514367685e-06,nan,nan,nan,nan,nan,nan,nan,nan,1081.0,0.9529420733451843,8.415738105773926,2.044926686159005,1.7973277119213749,1.1116106510162354,1.098630666732788,0.9529420733451843,255.0,255.0,0.010612903442590062,0.06593082179045107,0.01403593008750265
1776509839.1634545,14.016075271527978,-0.49142208363113976,2.834182178165638,2.387370211867076e-06,-2.6643242601446486e-06,nan,nan,nan,nan,nan,nan,nan,nan,1081.0,0.9558458924293518,8.405926704406738,2.045359705797949,1.796569881200134,1.1088359355926514,1.0922094583511353,0.9558458924293518,255.0,255.0,0.010612903403896676,0.06593082183436216,0.014035929725251861
1776509839.213549,14.016075271031612,-0.4914220835145764,2.8341821781217336,2.3873704512050263e-06,-2.6643246897328675e-06,nan,nan,nan,nan,nan,nan,nan,nan,1081.0,0.9558458924293518,8.405926704406738,2.045359705797949,1.796569881200134,1.1088359355926514,1.0922094583511353,0.9558458924293518,255.0,255.0,0.01061290336520285,0.0659308218782666,0.014035929362999652
1776509839.2678099,14.016075271031612,-0.4914220835145764,2.8341821781217336,2.3873704512050263e-06,-2.6643246897328675e-06,nan,nan,nan,nan,nan,nan,nan,nan,1081.0,0.9558458924293518,8.405926704406738,2.045359705797949,1.796569881200134,1.1088359355926514,1.0922094583511353,0.9558458924293518,255.0,255.0,0.01061290336520285,0.0659308218782666,0.014035929362999652
1776509839.313456,14.016075270038888,-0.4914220832814494,2.834182178033885,2.3873705710651316e-06,-2.6643302662766345e-06,nan,nan,nan,nan,nan,nan,nan,nan,1081.0,0.9478474259376526,8.403608322143555,2.0454842664928594,1.797395050278825,1.1037782430648804,1.0918118953704834,0.9478474259376526,255.0,255.0,0.010612903287817978,0.065930821966115,0.014035928638501467
1776509839.3635657,14.016075270038888,-0.4914220832814494,2.834182178033885,2.3873707192588003e-06,-2.664328856827255e-06,nan,nan,nan,nan,nan,nan,nan,nan,1081.0,0.9478474259376526,8.403608322143555,2.0454842664928594,1.797395050278825,1.1037782430648804,1.0918118953704834,0.9478474259376526,255.0,255.0,0.010612903287817978,0.065930821966115,0.014035928638501467
1776509839.4154813,14.016075269046164,-0.49142208304832385,2.8341821779460568,2.3873708743992687e-06,-2.6643328140412275e-06,nan,nan,nan,nan,nan,nan,nan,nan,1081.0,0.9553459882736206,8.394476890563965,2.0447003095928546,1.7966716860955083,1.1039416790008545,1.0937213897705078,0.9553459882736206,255.0,255.0,0.010612903210431492,0.0659308220539434,0.014035927914002537
1776509839.468257,14.016075268549805,-0.49142208293176187,2.8341821779021337,2.3873708777310626e-06,-2.6643312465647233e-06,nan,nan,nan,nan,nan,nan,nan,nan,1081.0,0.9553459882736206,8.394476890563965,2.0447003095928546,1.7966716860955083,1.1039416790008545,1.0937213897705078,0.9553459882736206,255.0,255.0,0.010612903171738663,0.06593082209786649,0.014035927551755707
1776509839.5154853,14.016075268053449,-0.4914220828151998,2.8341821778582146,2.387371700506691e-06,-2.6643306802897958e-06,nan,nan,nan,nan,nan,nan,nan,nan,1081.0,0.9553459882736206,8.394476890563965,2.0447003095928546,1.7966716860955083,1.1039416790008545,1.0937213897705078,0.9553459882736206,255.0,255.0,0.010612903133046442,0.06593082214178558,0.01403592718951046
1776509839.5648208,14.016075267557085,-0.4914220826986369,2.834182177814279,2.3873713822432238e-06,-2.664333980604297e-06,nan,nan,nan,nan,nan,nan,nan,nan,1081.0,0.9603383541107178,8.406704902648926,2.0446836044124495,1.7963223563113737,1.1141177415847778,1.098048448562622,0.9603383541107178,255.0,255.0,0.010612903094352963,0.0659308221857211,0.014035926827259569
1776509839.6134536,14.016075267060726,-0.4914220825820747,2.834182177770366,2.3873718613172127e-06,-2.6643354790788085e-06,nan,nan,nan,nan,nan,nan,nan,nan,1081.0,0.9603383541107178,8.406704902648926,2.0446836044124495,1.7963223563113737,1.1141177415847778,1.098048448562622,0.9603383541107178,255.0,255.0,0.010612903055660252,0.06593082222963398,0.014035926465012881
1776509839.6663115,14.016075266564371,-0.4914220824655125,2.8341821777264546,2.387371753867832e-06,-2.6643360240571665e-06,nan,nan,nan,nan,nan,nan,nan,nan,1081.0,0.9603383541107178,8.406704902648926,2.0446836044124495,1.7963223563113737,1.1141177415847778,1.098048448562622,0.9603383541107178,255.0,255.0,0.010612903016968607,0.06593082227354552,0.014035926102769235
1776509839.7200232,14.016075266564371,-0.4914220824655125,2.8341821777264546,2.387371753867832e-06,-2.6643360240571665e-06,nan,nan,nan,nan,nan,nan,nan,nan,1081.0,0.9559929370880127,8.404671669006348,2.0454187721262147,1.7969082756120605,1.1164060831069946,1.0939310789108276,0.9559929370880127,255.0,255.0,0.010612903016968607,0.06593082227354552,0.014035926102769235
1776509839.7634041,14.016075266068013,-0.49142208234895085,2.834182177682533,2.3873721617126613e-06,-2.664336236168142e-06,nan,nan,nan,nan,nan,nan,nan,nan,1081.0,0.9559929370880127,8.404671669006348,2.0454187721262147,1.7969082756120605,1.1164060831069946,1.0939310789108276,0.9559929370880127,255.0,255.0,0.010612902978275449,0.06593082231746727,0.014035925740522277
1776509839.8173506,14.016075265571654,-0.49142208223238876,2.8341821776385965,2.3873725380979995e-06,-2.6643373515238582e-06,nan,nan,nan,nan,nan,nan,nan,nan,1081.0,0.9559929370880127,8.404671669006348,2.0454187721262147,1.7969082756120605,1.1164060831069946,1.0939310789108276,0.9559929370880127,255.0,255.0,0.01061290293958285,0.06593082236140368,0.014035925378275561
1776509839.8632274,14.016075265075298,-0.4914220821158272,2.8341821775946654,2.3873725805444074e-06,-2.6643389848902206e-06,nan,nan,nan,nan,nan,nan,nan,nan,1081.0,0.952780544757843,8.392169952392578,2.044766567130534,1.7974171116122524,1.1193492412567139,1.0923874378204346,0.952780544757843,255.0,255.0,0.010612902900890208,0.06593082240533477,0.014035925016030076
1776509839.9146345,14.016075264578943,-0.49142208199926546,2.834182177550749,2.3873727033045236e-06,-2.664340566893438e-06,nan,nan,nan,nan,nan,nan,nan,nan,1081.0,0.952780544757843,8.392169952392578,2.044766567130534,1.7974171116122524,1.1193492412567139,1.0923874378204346,0.952780544757843,255.0,255.0,0.010612902862198185,0.06593082244925119,0.014035924653786235
1776509839.9632053,14.016075264082591,-0.49142208188270414,2.8341821775068294,2.387373006969898e-06,-2.6643423421819784e-06,nan,nan,nan,nan,nan,nan,nan,nan,1081.0,0.9537747502326965,8.408324241638184,2.0450146067594623,1.7975269618354233,1.1094379425048828,1.0887678861618042,0.9537747502326965,255.0,255.0,0.010612902823506838,0.06593082249317073,0.014035924291545198
1776509840.0134733,14.016075263586236,-0.4914220817661436,2.83418217746287,2.3873733416000855e-06,-2.664340415820831e-06,nan,nan,nan,nan,nan,nan,nan,nan,1081.0,0.9537747502326965,8.408324241638184,2.0450146067594623,1.7975269618354233,1.1094379425048828,1.0887678861618042,0.9537747502326965,255.0,255.0,0.010612902784814044,0.06593082253713023,0.014035923929300734
1776509840.0634582,14.016075263089881,-0.49142208164958284,2.834182177418933,2.387373492884027e-06,-2.6643416749672077e-06,nan,nan,nan,nan,nan,nan,nan,nan,1081.0,0.9537747502326965,8.408324241638184,2.0450146067594623,1.7975269618354233,1.1094379425048828,1.0887678861618042,0.9537747502326965,255.0,255.0,0.010612902746121254,0.06593082258106708,0.014035923567056394
1776509840.1248133,14.016075262593528,-0.4914220815330221,2.8341821773749993,2.3873737530161874e-06,-2.664342385776808e-06,nan,nan,nan,nan,nan,nan,nan,nan,1081.0,0.956907331943512,8.405423164367676,2.0448790662383503,1.7974934631537116,1.1103981733322144,1.0956072807312012,0.956907331943512,255.0,255.0,0.010612902707428972,0.06593082262500083,0.01403592320481358
1776509840.1662982,14.016075262097178,-0.4914220814164621,2.8341821773310665,2.387373874111102e-06,-2.664344473657912e-06,nan,nan,nan,nan,nan,nan,nan,nan,1081.0,0.956907331943512,8.405423164367676,2.0448790662383503,1.7974934631537116,1.1103981733322144,1.0956072807312012,0.956907331943512,255.0,255.0,0.010612902668737018,0.06593082266893369,0.014035922842573397
1776509840.2159812,14.016075261600829,-0.4914220812999022,2.8341821772871443,2.3873743467793907e-06,-2.6643463750400314e-06,nan,nan,nan,nan,nan,nan,nan,nan,1081.0,0.9522500038146973,8.396350860595703,2.0446668722142123,1.7967195950107404,1.0989240407943726,1.0933167934417725,0.9522500038146973,255.0,255.0,0.010612902630044857,0.06593082271285589,0.014035922480333167
1776509840.2632117,14.016075261104476,-0.49142208118334296,2.8341821772431968,2.3873744102154533e-06,-2.664346547611541e-06,nan,nan,nan,nan,nan,nan,nan,nan,1081.0,0.9522500038146973,8.396350860595703,2.0446668722142123,1.7967195950107404,1.0989240407943726,1.0933167934417725,0.9522500038146973,255.0,255.0,0.010612902591351274,0.0659308227568034,0.014035922118089596
1776509840.3179536,14.016075261104476,-0.49142208118334296,2.8341821772431968,2.3873744102154533e-06,-2.664346547611541e-06,nan,nan,nan,nan,nan,nan,nan,nan,1081.0,0.9522500038146973,8.396350860595703,2.0446668722142123,1.7967195950107404,1.0989240407943726,1.0933167934417725,0.9522500038146973,255.0,255.0,0.010612902591351274,0.0659308227568034,0.014035922118089596
1776509840.3632083,14.016075260608126,-0.49142208106678426,2.8341821771992497,2.3873748467645423e-06,-2.6643470659748722e-06,nan,nan,nan,nan,nan,nan,nan,nan,1081.0,0.9522500038146973,8.396350860595703,2.0446668722142123,1.7967195950107404,1.0989240407943726,1.0933167934417725,0.9522500038146973,255.0,255.0,0.010612902552658232,0.06593082280075047,0.014035921755848774
1776509840.4143035,14.016075260608126,-0.49142208106678426,2.8341821771992497,2.3873748467645423e-06,-2.6643470659748722e-06,nan,nan,nan,nan,nan,nan,nan,nan,1081.0,0.9522500038146973,8.396350860595703,2.0446668722142123,1.7967195950107404,1.0989240407943726,1.0933167934417725,0.9522500038146973,255.0,255.0,0.010612902552658232,0.06593082280075047,0.014035921755848774
1776509840.4695013,14.016075260111775,-0.4914220809502261,2.8341821771553035,2.3873750672345007e-06,-2.6643482319239344e-06,nan,nan,nan,nan,nan,nan,nan,nan,1081.0,0.9597649574279785,8.387025833129883,2.0448974024135684,1.7967871462013218,1.1097147464752197,1.0876400470733643,0.9597649574279785,255.0,255.0,0.010612902513964115,0.06593082284469665,0.014035921393606156
1776509840.5132794,14.016075259615423,-0.49142208083366884,2.8341821771113525,2.3873752998328554e-06,-2.66435072645445e-06,nan,nan,nan,nan,nan,nan,nan,nan,1081.0,0.9597649574279785,8.387025833129883,2.0448974024135684,1.7967871462013218,1.1097147464752197,1.0876400470733643,0.9597649574279785,255.0,255.0,0.010612902475269196,0.06593082288864771,0.014035921031363084
1776509840.5633721,14.016075259119072,-0.49142208071711274,2.8341821770673916,2.3873753873409905e-06,-2.6643522904021918e-06,nan,nan,nan,nan,nan,nan,nan,nan,1081.0,0.9597649574279785,8.387025833129883,2.0448974024135684,1.7967871462013218,1.1097147464752197,1.0876400470733643,0.9597649574279785,255.0,255.0,0.010612902436573257,0.06593082293260855,0.01403592066911941
1776509840.6132007,14.016075259119072,-0.49142208071711274,2.8341821770673916,2.3873753873409905e-06,-2.6643522904021918e-06,nan,nan,nan,nan,nan,nan,nan,nan,1081.0,0.9630463719367981,8.399734497070312,2.0454233407863964,1.7965797618764245,1.1113337278366089,1.0924996137619019,0.9630463719367981,255.0,255.0,0.010612902436573257,0.06593082293260855,0.01403592066911941
1776509840.6646738,14.016075258622719,-0.49142208060055664,2.8341821770234255,2.387375861936934e-06,-2.664354058641506e-06,nan,nan,nan,nan,nan,nan,nan,nan,1081.0,0.9630463719367981,8.399734497070312,2.0454233407863964,1.7965797618764245,1.1113337278366089,1.0924996137619019,0.9630463719367981,255.0,255.0,0.01061290239787683,0.06593082297657471,0.014035920306874233
1776509840.7193213,14.01607525812637,-0.49142208048400177,2.834182176979442,2.387375995460202e-06,-2.6643527738077323e-06,nan,nan,nan,nan,nan,nan,nan,nan,1081.0,0.9630463719367981,8.399734497070312,2.0454233407863964,1.7965797618764245,1.1113337278366089,1.0924996137619019,0.9630463719367981,255.0,255.0,0.010612902359181008,0.0659308230205582,0.014035919944632966
1776509840.772585,14.016075257630021,-0.49142208036744633,2.8341821769354665,2.3873761034381177e-06,-2.6643561888012175e-06,nan,nan,nan,nan,nan,nan,nan,nan,1081.0,0.9553384780883789,8.396097183227539,2.0452566048152794,1.7969662083659337,1.1209795475006104,1.0922272205352783,0.9553384780883789,255.0,255.0,0.010612902320485104,0.06593082306453368,0.014035919582390489
1776509840.8133929,14.016075257133672,-0.4914220802508911,2.834182176891484,2.387376602827153e-06,-2.6643577602311963e-06,nan,nan,nan,nan,nan,nan,nan,nan,1081.0,0.9553384780883789,8.396097183227539,2.0452566048152794,1.7969662083659337,1.1209795475006104,1.0922272205352783,0.9553384780883789,255.0,255.0,0.010612902281789054,0.06593082310851628,0.014035919220147903
1776509840.863612,14.016075256637327,-0.4914220801343363,2.834182176847507,2.387376711538064e-06,-2.664358667137451e-06,nan,nan,nan,nan,nan,nan,nan,nan,1081.0,0.9553384780883789,8.396097183227539,2.0452566048152794,1.7969662083659337,1.1209795475006104,1.0922272205352783,0.9553384780883789,255.0,255.0,0.010612902243094196,0.0659308231524931,0.014035918857909665
1776509840.9194403,14.016075256637327,-0.4914220801343363,2.834182176847507,2.387376711538064e-06,-2.664358667137451e-06,nan,nan,nan,nan,nan,nan,nan,nan,1081.0,0.9553384780883789,8.396097183227539,2.0452566048152794,1.7969662083659337,1.1209795475006104,1.0922272205352783,0.9553384780883789,255.0,255.0,0.010612902243094196,0.0659308231524931,0.014035918857909665
1776509840.9636827,14.01607525614098,-0.49142208001778204,2.834182176803536,2.387376777736232e-06,-2.664358794170459e-06,nan,nan,nan,nan,nan,nan,nan,nan,1081.0,0.9605686068534851,8.404290199279785,2.0446872543009422,1.7965752766473166,1.122473120689392,1.0956761837005615,0.9605686068534851,255.0,255.0,0.010612902204397678,0.06593082319646415,0.014035918495668119
1776509841.0132873,14.01607525614098,-0.49142208001778204,2.834182176803536,2.387376777736232e-06,-2.664358794170459e-06,nan,nan,nan,nan,nan,nan,nan,nan,1081.0,0.9605686068534851,8.404290199279785,2.0446872543009422,1.7965752766473166,1.122473120689392,1.0956761837005615,0.9605686068534851,255.0,255.0,0.010612902204397678,0.06593082319646415,0.014035918495668119
1776509841.0690186,14.016075255644635,-0.49142207990122827,2.834182176759553,2.387377081959498e-06,-2.6643572950230605e-06,nan,nan,nan,nan,nan,nan,nan,nan,1081.0,0.9605686068534851,8.404290199279785,2.0446872543009422,1.7965752766473166,1.122473120689392,1.0956761837005615,0.9605686068534851,255.0,255.0,0.01061290216570187,0.06593082324044719,0.01403591813342935
1776509841.122648,14.01607525514829,-0.4914220797846733,2.834182176715554,2.3873775348023365e-06,-2.6643625800185306e-06,nan,nan,nan,nan,nan,nan,nan,nan,1081.0,0.9565151929855347,8.390292167663574,2.044813735412294,1.7969988813801665,1.1069239377975464,1.0884896516799927,0.9565151929855347,255.0,255.0,0.010612902127007372,0.06593082328444622,0.014035917771191229
1776509841.1664042,14.01607525514829,-0.4914220797846733,2.834182176715554,2.3873775348023365e-06,-2.6643625800185306e-06,nan,nan,nan,nan,nan,nan,nan,nan,1081.0,0.9565151929855347,8.390292167663574,2.044813735412294,1.7969988813801665,1.1069239377975464,1.0884896516799927,0.9565151929855347,255.0,255.0,0.010612902127007372,0.06593082328444622,0.014035917771191229
1776509841.214672,14.016075254651945,-0.49142207966811996,2.834182176671574,2.3873778130441754e-06,-2.664362242589919e-06,nan,nan,nan,nan,nan,nan,nan,nan,1081.0,0.9565151929855347,8.390292167663574,2.044813735412294,1.7969988813801665,1.1069239377975464,1.0884896516799927,0.9565151929855347,255.0,255.0,0.010612902088310575,0.06593082332842615,0.014035917408950731
1776509841.2673323,14.016075254155604,-0.49142207955156597,2.834182176627596,2.3873780505433746e-06,-2.6643643872386883e-06,nan,nan,nan,nan,nan,nan,nan,nan,1081.0,0.9565151929855347,8.390292167663574,2.044813735412294,1.7969988813801665,1.1069239377975464,1.0884896516799927,0.9565151929855347,255.0,255.0,0.010612902049616008,0.0659308233724043,0.014035917046715134
1776509841.3205717,14.01607525365926,-0.491422079435013,2.8341821765836133,2.387378198712487e-06,-2.6643629240902984e-06,nan,nan,nan,nan,nan,nan,nan,nan,1081.0,0.9556216597557068,8.405125617980957,2.0448330239385064,1.797148661778533,1.1094313859939575,1.095099687576294,0.9556216597557068,255.0,255.0,0.010612902010919455,0.0659308234163869,0.014035916684475996
1776509841.3633397,14.01607525365926,-0.491422079435013,2.8341821765836133,2.387378198712487e-06,-2.6643629240902984e-06,nan,nan,nan,nan,nan,nan,nan,nan,1081.0,0.9556216597557068,8.405125617980957,2.0448330239385064,1.797148661778533,1.1094313859939575,1.095099687576294,0.9556216597557068,255.0,255.0,0.010612902010919455,0.0659308234163869,0.014035916684475996
1776509841.4134846,14.016075253162912,-0.4914220793184589,2.834182176539625,2.38737825870899e-06,-2.664363608596217e-06,nan,nan,nan,nan,nan,nan,nan,nan,1081.0,0.9556216597557068,8.405125617980957,2.0448330239385064,1.797148661778533,1.1094313859939575,1.095099687576294,0.9556216597557068,255.0,255.0,0.010612901972222937,0.06593082346037527,0.014035916322234417
1776509841.46368,14.016075253162912,-0.4914220793184589,2.834182176539625,2.38737825870899e-06,-2.664363608596217e-06,nan,nan,nan,nan,nan,nan,nan,nan,1081.0,0.9556216597557068,8.405125617980957,2.0448330239385064,1.797148661778533,1.1094313859939575,1.095099687576294,0.9556216597557068,255.0,255.0,0.010612901972222937,0.06593082346037527,0.014035916322234417
1776509841.5132744,14.016075252666575,-0.4914220792019052,2.8341821764956237,2.3873785761382747e-06,-2.664366918563336e-06,nan,nan,nan,nan,nan,nan,nan,nan,1081.0,0.9604554176330566,8.397294044494629,2.0449656742133,1.7971060445926053,1.1150963306427002,1.0880879163742065,0.9604554176330566,255.0,255.0,0.010612901933529342,0.06593082350437651,0.0140359159600017
1776509841.5654204,14.016075252666575,-0.4914220792019052,2.8341821764956237,2.3873785761382747e-06,-2.664366918563336e-06,nan,nan,nan,nan,nan,nan,nan,nan,1081.0,0.9604554176330566,8.397294044494629,2.0449656742133,1.7971060445926053,1.1150963306427002,1.0880879163742065,0.9604554176330566,255.0,255.0,0.010612901933529342,0.06593082350437651,0.0140359159600017
1776509841.613433,14.016075252170232,-0.4914220790853517,2.8341821764516397,2.387379135729798e-06,-2.6643678404715323e-06,nan,nan,nan,nan,nan,nan,nan,nan,1081.0,0.9604554176330566,8.397294044494629,2.0449656742133,1.7971060445926053,1.1150963306427002,1.0880879163742065,0.9604554176330566,255.0,255.0,0.010612901894833864,0.06593082354836044,0.014035915597764393
1776509841.6633177,14.016075251673893,-0.4914220789687989,2.8341821764076602,2.3873791594299278e-06,-2.6643685376464208e-06,nan,nan,nan,nan,nan,nan,nan,nan,1081.0,0.9604554176330566,8.397294044494629,2.0449656742133,1.7971060445926053,1.1150963306427002,1.0880879163742065,0.9604554176330566,255.0,255.0,0.010612901856138683,0.06593082359233993,0.014035915235529718
1776509841.7135434,14.016075251673893,-0.4914220789687989,2.8341821764076602,2.3873791594299278e-06,-2.6643685376464208e-06,nan,nan,nan,nan,nan,nan,nan,nan,1081.0,0.9607173800468445,8.407416343688965,2.0452080921482754,1.7970935399992192,1.117809772491455,1.0890681743621826,0.9607173800468445,255.0,255.0,0.010612901856138683,0.06593082359233993,0.014035915235529718
1776509841.7633698,14.016075251177552,-0.4914220788522459,2.834182176363679,2.3873794639052634e-06,-2.664369162675377e-06,nan,nan,nan,nan,nan,nan,nan,nan,1081.0,0.9607173800468445,8.407416343688965,2.0452080921482754,1.7970935399992192,1.117809772491455,1.0890681743621826,0.9607173800468445,255.0,255.0,0.010612901817443192,0.06593082363632119,0.014035914873293656
1776509841.8132474,14.01607525068121,-0.4914220787356926,2.8341821763196666,2.387379624761912e-06,-2.6643693519015613e-06,nan,nan,nan,nan,nan,nan,nan,nan,1081.0,0.9607173800468445,8.407416343688965,2.0452080921482754,1.7970935399992192,1.117809772491455,1.0890681743621826,0.9607173800468445,255.0,255.0,0.010612901778747769,0.06593082368033354,0.01403591451105626
1776509841.86328,14.016075250184873,-0.49142207861914017,2.834182176275656,2.3873798083765182e-06,-2.664370803052008e-06,nan,nan,nan,nan,nan,nan,nan,nan,1081.0,0.9570368528366089,8.39831256866455,2.044778431708012,1.7967866615176047,1.1199301481246948,1.0864965915679932,0.9570368528366089,255.0,255.0,0.010612901740053093,0.06593082372434411,0.014035914148822952
1776509841.9132473,14.01607524968853,-0.49142207850258773,2.834182176231668,2.387380047286525e-06,-2.664372029573783e-06,nan,nan,nan,nan,nan,nan,nan,nan,1081.0,0.9570368528366089,8.39831256866455,2.044778431708012,1.7967866615176047,1.1199301481246948,1.0864965915679932,0.9570368528366089,255.0,255.0,0.010612901701356595,0.06593082376833204,0.01403591378658511
1776509841.9654732,14.016075249192195,-0.49142207838603574,2.8341821761876846,2.3873804692663258e-06,-2.664374369869115e-06,nan,nan,nan,nan,nan,nan,nan,nan,1081.0,0.9570368528366089,8.39831256866455,2.044778431708012,1.7967866615176047,1.1199301481246948,1.0864965915679932,0.9570368528366089,255.0,255.0,0.010612901662661786,0.06593082381231552,0.014035913424353104
1776509842.0134444,14.016075248695854,-0.4914220782694832,2.8341821761436843,2.3873806368468537e-06,-2.6643745120582294e-06,nan,nan,nan,nan,nan,nan,nan,nan,1081.0,0.952965259552002,8.40054702758789,2.0446005026903777,1.796675742840376,1.1144288778305054,1.0855573415756226,0.952965259552002,255.0,255.0,0.010612901623966046,0.06593082385631588,0.014035913062116852
1776509842.0636137,14.016075248199513,-0.49142207815293076,2.834182176099665,2.3873808796434227e-06,-2.664374225806196e-06,nan,nan,nan,nan,nan,nan,nan,nan,1081.0,0.952965259552002,8.40054702758789,2.0446005026903777,1.796675742840376,1.1144288778305054,1.0855573415756226,0.952965259552002,255.0,255.0,0.010612901585270377,0.06593082390033533,0.014035912699880552
1776509842.1132832,14.016075248199513,-0.49142207815293076,2.834182176099665,2.3873808796434227e-06,-2.664374225806196e-06,nan,nan,nan,nan,nan,nan,nan,nan,1081.0,0.952965259552002,8.40054702758789,2.0446005026903777,1.796675742840376,1.1144288778305054,1.0855573415756226,0.952965259552002,255.0,255.0,0.010612901585270377,0.06593082390033533,0.014035912699880552
1776509842.169386,14.016075247703181,-0.4914220780363791,2.834182176055669,2.3873811656301226e-06,-2.6643742719392585e-06,nan,nan,nan,nan,nan,nan,nan,nan,1081.0,0.9486353397369385,8.401607513427734,2.0448579359782393,1.7967049567584392,1.1126261949539185,1.095000982284546,0.9486353397369385,255.0,255.0,0.010612901546576438,0.06593082394433125,0.01403591233765143
1776509842.2132912,14.016075247206842,-0.4914220779198269,2.8341821760116503,2.3873812098942835e-06,-2.664379709110247e-06,nan,nan,nan,nan,nan,nan,nan,nan,1081.0,0.9486353397369385,8.401607513427734,2.0448579359782393,1.7967049567584392,1.1126261949539185,1.095000982284546,0.9486353397369385,255.0,255.0,0.010612901507881087,0.06593082398834982,0.014035911975416546
1776509842.2654479,14.016075246710507,-0.49142207780327546,2.8341821759676407,2.3873814963921593e-06,-2.664378899884555e-06,nan,nan,nan,nan,nan,nan,nan,nan,1081.0,0.9486353397369385,8.401607513427734,2.0448579359782393,1.7967049567584392,1.1126261949539185,1.095000982284546,0.9486353397369385,255.0,255.0,0.010612901469185988,0.0659308240323595,0.014035911613184297
1776509842.3145938,14.016075246214168,-0.49142207768672347,2.834182175923646,2.3873813922917246e-06,-2.66437967827295e-06,nan,nan,nan,nan,nan,nan,nan,nan,1081.0,0.9604014754295349,8.398664474487305,2.0449601996286835,1.7968872671895657,1.1128162145614624,1.0883477926254272,0.9604014754295349,255.0,255.0,0.010612901430490205,0.06593082407635409,0.014035911250949313
1776509842.366319,14.016075246214168,-0.49142207768672347,2.834182175923646,2.3873813922917246e-06,-2.66437967827295e-06,nan,nan,nan,nan,nan,nan,nan,nan,1081.0,0.9604014754295349,8.398664474487305,2.0449601996286835,1.7968872671895657,1.1128162145614624,1.0883477926254272,0.9604014754295349,255.0,255.0,0.010612901430490205,0.06593082407635409,0.014035911250949313
1776509842.4133134,14.016075245717833,-0.49142207757017214,2.8341821758796497,2.387382051415322e-06,-2.6643785484725503e-06,nan,nan,nan,nan,nan,nan,nan,nan,1081.0,0.9604014754295349,8.398664474487305,2.0449601996286835,1.7968872671895657,1.1128162145614624,1.0883477926254272,0.9604014754295349,255.0,255.0,0.010612901391794877,0.06593082412035045,0.014035910888717022
1776509842.4633534,14.0160752452215,-0.4914220774536218,2.8341821758356245,2.3873820464370674e-06,-2.6643807543245675e-06,nan,nan,nan,nan,nan,nan,nan,nan,1081.0,0.9604014754295349,8.398664474487305,2.0449601996286835,1.7968872671895657,1.1128162145614624,1.0883477926254272,0.9604014754295349,255.0,255.0,0.010612901353099937,0.06593082416437568,0.014035910526487248
1776509842.5133085,14.016075244725169,-0.49142207733707216,2.834182175791612,2.3873820714816594e-06,-2.6643840407013187e-06,nan,nan,nan,nan,nan,nan,nan,nan,1081.0,0.9563426971435547,8.392972946166992,2.0445979076000853,1.796951382724278,1.1161810159683228,1.094352126121521,0.9563426971435547,255.0,255.0,0.010612901314404245,0.06593082420838803,0.014035910164257134
1776509842.5643852,14.016075244725169,-0.49142207733707216,2.834182175791612,2.3873820714816594e-06,-2.6643840407013187e-06,nan,nan,nan,nan,nan,nan,nan,nan,1081.0,0.9563426971435547,8.392972946166992,2.0445979076000853,1.796951382724278,1.1161810159683228,1.094352126121521,0.9563426971435547,255.0,255.0,0.010612901314404245,0.06593082420838803,0.014035910164257134
1776509842.6256196,14.016075244228833,-0.49142207722052106,2.834182175747606,2.387382431484199e-06,-2.664384677028696e-06,nan,nan,nan,nan,nan,nan,nan,nan,1081.0,0.9563426971435547,8.392972946166992,2.0445979076000853,1.796951382724278,1.1161810159683228,1.094352126121521,0.9563426971435547,255.0,255.0,0.010612901275708795,0.06593082425239416,0.014035909802024757
1776509842.6633468,14.016075243732502,-0.49142207710397,2.8341821757035937,2.387382934448218e-06,-2.664384858969414e-06,nan,nan,nan,nan,nan,nan,nan,nan,1081.0,0.9601845741271973,8.400930404663086,2.0454246635573754,1.7971768527043641,1.1091701984405518,1.087550163269043,0.9601845741271973,255.0,255.0,0.010612901237014425,0.06593082429640651,0.014035909439795387
1776509842.71368,14.016075243732502,-0.49142207710397,2.8341821757035937,2.387382934448218e-06,-2.664384858969414e-06,nan,nan,nan,nan,nan,nan,nan,nan,1081.0,0.9601845741271973,8.400930404663086,2.0454246635573754,1.7971768527043641,1.1091701984405518,1.087550163269043,0.9601845741271973,255.0,255.0,0.010612901237014425,0.06593082429640651,0.014035909439795387
1776509842.7634377,14.016075242739838,-0.4914220768708712,2.8341821756155543,2.3873829331344208e-06,-2.664385416728409e-06,nan,nan,nan,nan,nan,nan,nan,nan,1081.0,0.9601845741271973,8.400930404663086,2.0454246635573754,1.7971768527043641,1.1091701984405518,1.087550163269043,0.9601845741271973,255.0,255.0,0.010612901159622698,0.06593082438444586,0.014035908715334963
1776509842.813426,14.016075242739838,-0.4914220768708712,2.8341821756155543,2.3873829331344208e-06,-2.664385416728409e-06,nan,nan,nan,nan,nan,nan,nan,nan,1081.0,0.9561460614204407,8.410863876342773,2.044720686441434,1.7973749212770462,1.1160403490066528,1.0943981409072876,0.9561460614204407,255.0,255.0,0.010612901159622698,0.06593082438444586,0.014035908715334963
1776509842.8633275,14.016075242243506,-0.4914220767543224,2.834182175571536,2.3873829957336775e-06,-2.664388328992455e-06,nan,nan,nan,nan,nan,nan,nan,nan,1081.0,0.9561460614204407,8.410863876342773,2.044720686441434,1.7973749212770462,1.1160403490066528,1.0943981409072876,0.9561460614204407,255.0,255.0,0.010612901120926211,0.06593082442846399,0.01403590835310443
1776509842.9152915,14.016075241747176,-0.4914220766377726,2.834182175527519,2.3873833304864626e-06,-2.664390290366553e-06,nan,nan,nan,nan,nan,nan,nan,nan,1081.0,0.9561460614204407,8.410863876342773,2.044720686441434,1.7973749212770462,1.1160403490066528,1.0943981409072876,0.9561460614204407,255.0,255.0,0.01061290108223126,0.06593082447248122,0.014035907990875972
1776509842.964301,14.016075241250842,-0.49142207652122355,2.834182175483495,2.387383229408531e-06,-2.664390283832704e-06,nan,nan,nan,nan,nan,nan,nan,nan,1081.0,0.9565209150314331,8.416179656982422,2.0453762734631056,1.7968683841610475,1.10354745388031,1.0892435312271118,0.9565209150314331,255.0,255.0,0.010612901043534552,0.06593082451650512,0.014035907628644087
1776509843.0164773,14.016075240754514,-0.4914220764046758,2.83418217543947,2.3873832794960735e-06,-2.6643897977445487e-06,nan,nan,nan,nan,nan,nan,nan,nan,1081.0,0.9565209150314331,8.416179656982422,2.0453762734631056,1.7968683841610475,1.10354745388031,1.0892435312271118,0.9565209150314331,255.0,255.0,0.010612901004838254,0.06593082456053034,0.014035907266416093
1776509843.0701194,14.016075240754514,-0.4914220764046758,2.83418217543947,2.3873832794960735e-06,-2.6643897977445487e-06,nan,nan,nan,nan,nan,nan,nan,nan,1081.0,0.9565209150314331,8.416179656982422,2.0453762734631056,1.7968683841610475,1.10354745388031,1.0892435312271118,0.9565209150314331,255.0,255.0,0.010612901004838254,0.06593082456053034,0.014035907266416093
1776509843.116376,14.016075240258184,-0.49142207628812934,2.834182175395428,2.3873833893898986e-06,-2.664392066525475e-06,nan,nan,nan,nan,nan,nan,nan,nan,1081.0,0.9615802764892578,8.397748947143555,2.0452057904495784,1.796910861588994,1.1245489120483398,1.0874208211898804,0.9615802764892578,255.0,255.0,0.0106129009661403,0.065930824604572,0.014035906904185892
1776509843.1633086,14.016075239761856,-0.49142207617158257,2.834182175351389,2.3873839507892134e-06,-2.6643940610793367e-06,nan,nan,nan,nan,nan,nan,nan,nan,1081.0,0.9615802764892578,8.397748947143555,2.0452057904495784,1.796910861588994,1.1245489120483398,1.0874208211898804,0.9615802764892578,255.0,255.0,0.010612900927443174,0.065930824648611,0.01403590654195739
1776509843.2132294,14.016075239265527,-0.4914220760550356,2.8341821753073564,2.3873840198761725e-06,-2.6643948647973293e-06,nan,nan,nan,nan,nan,nan,nan,nan,1081.0,0.9615802764892578,8.397748947143555,2.0452057904495784,1.796910861588994,1.1245489120483398,1.0874208211898804,0.9615802764892578,255.0,255.0,0.010612900888746205,0.06593082469264377,0.014035906179729014
1776509843.2643218,14.016075239265527,-0.4914220760550356,2.8341821753073564,2.3873840198761725e-06,-2.6643948647973293e-06,nan,nan,nan,nan,nan,nan,nan,nan,1081.0,0.9615802764892578,8.397748947143555,2.0452057904495784,1.796910861588994,1.1245489120483398,1.0874208211898804,0.9615802764892578,255.0,255.0,0.010612900888746205,0.06593082469264377,0.014035906179729014
1776509843.3186545,14.016075238769199,-0.4914220759384898,2.8341821752633187,2.3873842121372385e-06,-2.6643960128497598e-06,nan,nan,nan,nan,nan,nan,nan,nan,1081.0,0.9556703567504883,8.395235061645508,2.0448161007407415,1.7973580958404234,1.106999397277832,1.0895767211914062,0.9556703567504883,255.0,255.0,0.010612900850048113,0.06593082473668144,0.014035905817500006
1776509843.363244,14.01607523827287,-0.4914220758219456,2.834182175219274,2.387384400414365e-06,-2.664395921531383e-06,nan,nan,nan,nan,nan,nan,nan,nan,1081.0,0.9556703567504883,8.395235061645508,2.0448161007407415,1.7973580958404234,1.106999397277832,1.0895767211914062,0.9556703567504883,255.0,255.0,0.01061290081134861,0.0659308247807262,0.014035905455270196
1776509843.4132102,14.016075237776544,-0.49142207570540203,2.834182175175217,2.387384858000957e-06,-2.664397667642339e-06,nan,nan,nan,nan,nan,nan,nan,nan,1081.0,0.9556703567504883,8.395235061645508,2.0448161007407415,1.7973580958404234,1.106999397277832,1.0895767211914062,0.9556703567504883,255.0,255.0,0.010612900772649116,0.06593082482478296,0.014035905093041564
1776509843.46632,14.016075237776544,-0.49142207570540203,2.834182175175217,2.387384858000957e-06,-2.664397667642339e-06,nan,nan,nan,nan,nan,nan,nan,nan,1081.0,0.9640331864356995,8.397993087768555,2.0449724263553812,1.797309925746436,1.097212314605713,1.0911294221878052,0.9640331864356995,255.0,255.0,0.010612900772649116,0.06593082482478296,0.014035905093041564
1776509843.5133827,14.01607523728022,-0.4914220755888585,2.8341821751311596,2.3873850052098502e-06,-2.66440046344969e-06,nan,nan,nan,nan,nan,nan,nan,nan,1081.0,0.9640331864356995,8.397993087768555,2.0449724263553812,1.797309925746436,1.097212314605713,1.0911294221878052,0.9640331864356995,255.0,255.0,0.01061290073395017,0.06593082486884061,0.014035904730814454
1776509843.5683098,14.01607523678389,-0.4914220754723168,2.834182175087098,2.387385217470022e-06,-2.6644028651537597e-06,nan,nan,nan,nan,nan,nan,nan,nan,1081.0,0.9640331864356995,8.397993087768555,2.0449724263553812,1.797309925746436,1.097212314605713,1.0911294221878052,0.9640331864356995,255.0,255.0,0.010612900695247847,0.06593082491290225,0.014035904368581821
1776509843.6165934,14.016075236287564,-0.4914220753557756,2.8341821750430305,2.387385476651274e-06,-2.6644022624043153e-06,nan,nan,nan,nan,nan,nan,nan,nan,1081.0,0.9613255262374878,8.40195083618164,2.0454484842421277,1.7969873294578897,1.1052265167236328,1.0888491868972778,0.9613255262374878,255.0,255.0,0.010612900656546766,0.06593082495696967,0.014035904006353512
1776509843.6654744,14.01607523579124,-0.4914220752392348,2.8341821749989586,2.387385596313611e-06,-2.6644021998126873e-06,nan,nan,nan,nan,nan,nan,nan,nan,1081.0,0.9613255262374878,8.40195083618164,2.0454484842421277,1.7969873294578897,1.1052265167236328,1.0888491868972778,0.9613255262374878,255.0,255.0,0.010612900617845304,0.06593082500104153,0.01403590364412498
1776509843.7141037,14.016075235294913,-0.4914220751226937,2.8341821749548797,2.387385780941155e-06,-2.664403366776401e-06,nan,nan,nan,nan,nan,nan,nan,nan,1081.0,0.9613255262374878,8.40195083618164,2.0454484842421277,1.7969873294578897,1.1052265167236328,1.0888491868972778,0.9613255262374878,255.0,255.0,0.010612900579143688,0.06593082504512049,0.014035903281895116
1776509843.7634428,14.01607523479859,-0.491422075006153,2.8341821749107967,2.3873861370633096e-06,-2.6644056726403155e-06,nan,nan,nan,nan,nan,nan,nan,nan,1081.0,0.9606587886810303,8.390559196472168,2.0453316562160313,1.796971931139251,1.1134394407272339,1.0858947038650513,0.9606587886810303,255.0,255.0,0.010612900540442812,0.06593082508920345,0.014035902919668088
1776509843.8132164,14.01607523479859,-0.491422075006153,2.8341821749107967,2.3873864520798813e-06,-2.6644079388802265e-06,nan,nan,nan,nan,nan,nan,nan,nan,1081.0,0.9606587886810303,8.390559196472168,2.0453316562160313,1.796971931139251,1.1134394407272339,1.0858947038650513,0.9606587886810303,255.0,255.0,0.010612900540442812,0.06593082508920345,0.014035902919668088
1776509843.8671703,14.016075234302269,-0.4914220748896137,2.8341821748667217,2.3873864520798813e-06,-2.6644079388802265e-06,nan,nan,nan,nan,nan,nan,nan,nan,1081.0,0.9451329708099365,8.40400505065918,2.044892547915756,1.7970869084253458,1.111237645149231,1.0960657596588135,0.9451329708099365,255.0,255.0,0.010612900501741023,0.06593082513327841,0.014035902557441826
1776509844.0197628,14.016075233805946,-0.4914220747730725,2.834182174822648,2.3873865340703205e-06,-2.6644074160110763e-06,nan,nan,nan,nan,nan,nan,nan,nan,1081.0,0.9451329708099365,8.40400505065918,2.044892547915756,1.7970869084253458,1.111237645149231,1.0960657596588135,0.9451329708099365,255.0,255.0,0.010612900463040538,0.06593082517735205,0.014035902195215074
1776509844.08201,14.016075233805946,-0.4914220747730725,2.834182174822648,2.3873865340703205e-06,-2.6644074160110763e-06,nan,nan,nan,nan,nan,nan,nan,nan,1081.0,0.9451329708099365,8.40400505065918,2.044892547915756,1.7970869084253458,1.111237645149231,1.0960657596588135,0.9451329708099365,255.0,255.0,0.010612900463040538,0.06593082517735205,0.014035902195215074
1776509844.1594932,14.016075233805946,-0.4914220747730725,2.834182174822648,2.3873865340703205e-06,-2.6644074160110763e-06,nan,nan,nan,nan,nan,nan,nan,nan,1081.0,0.9451329708099365,8.40400505065918,2.044892547915756,1.7970869084253458,1.111237645149231,1.0960657596588135,0.9451329708099365,255.0,255.0,0.010612900463040538,0.06593082517735205,0.014035902195215074
1776509844.1955001,14.01607523330962,-0.4914220746565325,2.8341821747785625,2.387386896923112e-06,-2.664407202745636e-06,nan,nan,nan,nan,nan,nan,nan,nan,1081.0,0.9451329708099365,8.40400505065918,2.044892547915756,1.7970869084253458,1.111237645149231,1.0960657596588135,0.9451329708099365,255.0,255.0,0.010612900424337924,0.06593082522143767,0.014035901832984667
1776509844.2133732,14.01607523330962,-0.4914220746565325,2.8341821747785625,2.387386896923112e-06,-2.664407202745636e-06,nan,nan,nan,nan,nan,nan,nan,nan,1081.0,0.9451329708099365,8.40400505065918,2.044892547915756,1.7970869084253458,1.111237645149231,1.0960657596588135,0.9451329708099365,255.0,255.0,0.010612900424337924,0.06593082522143767,0.014035901832984667
1776509844.2633276,14.016075232813298,-0.49142207453999326,2.834182174734466,2.3873870613454753e-06,-2.664408445016336e-06,nan,nan,nan,nan,nan,nan,nan,nan,1081.0,0.9451329708099365,8.40400505065918,2.044892547915756,1.7970869084253458,1.111237645149231,1.0960657596588135,0.9451329708099365,255.0,255.0,0.01061290038563628,0.06593082526553395,0.014035901470758408
1776509844.456365,14.016075232813298,-0.49142207453999326,2.834182174734466,2.3873870613454753e-06,-2.664408445016336e-06,nan,nan,nan,nan,nan,nan,nan,nan,1081.0,0.9451329708099365,8.40400505065918,2.044892547915756,1.7970869084253458,1.111237645149231,1.0960657596588135,0.9451329708099365,255.0,255.0,0.01061290038563628,0.06593082526553395,0.014035901470758408
1776509844.4787195,14.016075232813298,-0.49142207453999326,2.834182174734466,2.3873870613454753e-06,-2.664408445016336e-06,nan,nan,nan,nan,nan,nan,nan,nan,1081.0,0.9451329708099365,8.40400505065918,2.044892547915756,1.7970869084253458,1.111237645149231,1.0960657596588135,0.9451329708099365,255.0,255.0,0.01061290038563628,0.06593082526553395,0.014035901470758408
1776509844.5356307,14.016075232813298,-0.49142207453999326,2.834182174734466,2.3873870613454753e-06,-2.664408445016336e-06,nan,nan,nan,nan,nan,nan,nan,nan,1081.0,0.9451329708099365,8.40400505065918,2.044892547915756,1.7970869084253458,1.111237645149231,1.0960657596588135,0.9451329708099365,255.0,255.0,0.01061290038563628,0.06593082526553395,0.014035901470758408
1776509844.631797,14.016075232813298,-0.49142207453999326,2.834182174734466,2.3873870613454753e-06,-2.664408445016336e-06,nan,nan,nan,nan,nan,nan,nan,nan,1081.0,0.9571563601493835,8.400711059570312,2.0450049345963097,1.796920425727021,1.1278187036514282,1.089266061782837,0.9571563601493835,255.0,255.0,0.01061290038563628,0.06593082526553395,0.014035901470758408
1776509844.6633663,14.016075232813298,-0.49142207453999326,2.834182174734466,2.3873870613454753e-06,-2.664408445016336e-06,nan,nan,nan,nan,nan,nan,nan,nan,1081.0,0.9571563601493835,8.400711059570312,2.0450049345963097,1.796920425727021,1.1278187036514282,1.089266061782837,0.9571563601493835,255.0,255.0,0.01061290038563628,0.06593082526553395,0.014035901470758408
1776509844.7134054,14.016075232316979,-0.49142207442345387,2.8341821746903775,2.387387467024337e-06,-2.6644114334744313e-06,nan,nan,nan,nan,nan,nan,nan,nan,1081.0,0.9571563601493835,8.400711059570312,2.0450049345963097,1.796920425727021,1.1278187036514282,1.089266061782837,0.9571563601493835,255.0,255.0,0.010612900346935262,0.06593082530962269,0.014035901108533755
1776509844.76349,14.016075231820654,-0.49142207430691437,2.834182174646295,2.3873877783005516e-06,-2.6644126495730774e-06,nan,nan,nan,nan,nan,nan,nan,nan,1081.0,0.9571563601493835,8.400711059570312,2.0450049345963097,1.796920425727021,1.1278187036514282,1.089266061782837,0.9571563601493835,255.0,255.0,0.01061290030823268,0.0659308253537052,0.014035900746304628
1776509844.8147664,14.016075231324333,-0.4914220741903748,2.8341821746022045,2.387388088492038e-06,-2.6644135697799812e-06,nan,nan,nan,nan,nan,nan,nan,nan,1081.0,0.9589309096336365,8.3993558883667,2.04516805387227,1.7965848854932334,1.1174061298370361,1.092663288116455,0.9589309096336365,255.0,255.0,0.0106129002695313,0.06593082539779571,0.014035900384078568
1776509844.863115,14.016075230828012,-0.49142207407383615,2.8341821745581037,2.3873880149897387e-06,-2.6644127547508055e-06,nan,nan,nan,nan,nan,nan,nan,nan,1081.0,0.9589309096336365,8.3993558883667,2.04516805387227,1.7965848854932334,1.1174061298370361,1.092663288116455,0.9589309096336365,255.0,255.0,0.010612900230829166,0.06593082544189643,0.014035900021852054
1776509844.913409,14.016075230331694,-0.4914220739572977,2.8341821745140154,2.3873883722767544e-06,-2.6644124990225713e-06,nan,nan,nan,nan,nan,nan,nan,nan,1081.0,0.9589309096336365,8.3993558883667,2.04516805387227,1.7965848854932334,1.1174061298370361,1.092663288116455,0.9589309096336365,255.0,255.0,0.010612900192127782,0.06593082548598472,0.01403589965962846
1776509844.9633536,14.016075230331694,-0.4914220739572977,2.8341821745140154,2.3873883722767544e-06,-2.6644124990225713e-06,nan,nan,nan,nan,nan,nan,nan,nan,1081.0,0.9480451941490173,8.401251792907715,2.044797518427564,1.7973048147328738,1.1126760244369507,1.093573808670044,0.9480451941490173,255.0,255.0,0.010612900192127782,0.06593082548598472,0.01403589965962846
1776509845.0172246,14.016075229835382,-0.49142207384075925,2.8341821744699436,2.387388455911889e-06,-2.6644141031585598e-06,nan,nan,nan,nan,nan,nan,nan,nan,1081.0,0.9480451941490173,8.401251792907715,2.044797518427564,1.7973048147328738,1.1126760244369507,1.093573808670044,0.9480451941490173,255.0,255.0,0.01061290015342786,0.06593082553005658,0.014035899297409421
1776509845.0634537,14.016075229339066,-0.49142207372422103,2.8341821744258686,2.3873889223435007e-06,-2.6644172893750816e-06,nan,nan,nan,nan,nan,nan,nan,nan,1081.0,0.9480451941490173,8.401251792907715,2.044797518427564,1.7973048147328738,1.1126760244369507,1.093573808670044,0.9480451941490173,255.0,255.0,0.01061290011472668,0.06593082557413155,0.014035898935187243
1776509845.1133585,14.016075228842745,-0.49142207360768225,2.83418217438178,2.387389127114088e-06,-2.664416706166393e-06,nan,nan,nan,nan,nan,nan,nan,nan,1081.0,0.9554215669631958,8.405591011047363,2.0447295261245433,1.7973977496313869,1.1218827962875366,1.0913804769515991,0.9554215669631958,255.0,255.0,0.010612900076024542,0.06593082561822028,0.014035898572960821
1776509845.1633592,14.01607522834643,-0.49142207349114414,2.8341821743376943,2.3873889938704665e-06,-2.664418257019325e-06,nan,nan,nan,nan,nan,nan,nan,nan,1081.0,0.9554215669631958,8.405591011047363,2.0447295261245433,1.7973977496313869,1.1218827962875366,1.0913804769515991,0.9554215669631958,255.0,255.0,0.01061290003732389,0.0659308256623059,0.014035898210740121
1776509845.2132123,14.016075227850116,-0.49142207337460647,2.8341821742936073,2.3873893278345605e-06,-2.664416760732323e-06,nan,nan,nan,nan,nan,nan,nan,nan,1081.0,0.9582902789115906,8.408886909484863,2.0448974967554254,1.796138476534865,1.1138466596603394,1.0871751308441162,0.9582902789115906,255.0,255.0,0.010612899998622827,0.06593082570639286,0.014035897848519196
1776509845.2633085,14.016075227353804,-0.4914220732580686,2.834182174249506,2.387389600473286e-06,-2.664422643030132e-06,nan,nan,nan,nan,nan,nan,nan,nan,1081.0,0.9582902789115906,8.408886909484863,2.0448974967554254,1.796138476534865,1.1138466596603394,1.0871751308441162,0.9582902789115906,255.0,255.0,0.010612899959922645,0.06593082575049403,0.01403589748629991
